% x_um y_um sigma_s_m k_w_mk
0 0 68563.190441 24.0499215021
5 0 100000 26.5879427101
10 0 100000 29.4388173827
15 0 100000 32.0782352022
20 0 100000 34.1296631512
25 0 100000 35.6056887373
30 0 100000 36.7939169558
35 0 100000 37.8916994575
40 0 100000 38.8046394808
45 0 100000 39.2996104797
50 0 100000 39.2514815927
55 0 100000 38.7037489804
60 0 100000 37.812624411
65 0 100000 36.8350229546
70 0 100000 36.0918791389
75 0 100000 35.8132141708
80 0 100000 36.0031097524
85 0 100000 36.4736462818
90 0 100000 36.9625098069
95 0 100000 37.2178902434
100 0 100000 37.101276238
105 0 100000 36.7071301417
110 0 100000 36.3034808014
115 0 100000 36.0370694035
120 0 100000 35.7233049304
125 0 100000 35.0132582436
130 0 100000 33.7378680944
135 0 100000 32.0044594876
140 0 77094.1978505 30.0016489889
145 0 40956.8822498 27.8486792083
150 0 18678.7297351 25.6627635855
155 0 7325.8137377 23.6551457589
160 0 2500.13225473 22.0652663178
165 0 781.17803543 21.0144465249
170 0 273.071331328 20.461022011
175 0 181.030499315 20.2881022081
180 0 313.967160771 20.4151329677
185 0 879.199694342 20.8355468053
190 0 2587.68015409 21.5673514615
195 0 6909.59246112 22.5742297639
200 0 16095.3884746 23.7408649607
205 0 32380.4610683 24.9342621852
210 0 56110.3340319 26.0728034977
215 0 83713.8238522 27.0986400053
220 0 100000 27.8924629673
225 0 100000 28.2976249229
230 0 100000 28.2943292191
235 0 100000 28.1176997331
240 0 90635.8929593 28.1263184716
245 0 77956.6174395 28.5244196511
250 0 67400.414373 29.2086615401
255 0 55931.6981189 29.8451862172
260 0 42320.2534757 30.0727838064
265 0 28763.7780952 29.7118680053
270 0 19148.8265575 28.8927422733
275 0 16809.0606602 28.0016213042
280 0 23679.1077603 27.4413401317
285 0 40272.1719943 27.4001576144
290 0 65549.4764956 27.8279889522
295 0 97091.4770632 28.5928535639
300 0 100000 29.6330741831
305 0 100000 30.9851484414
310 0 100000 32.6992878742
315 0 100000 34.7114854473
320 0 100000 36.7491587071
325 0 100000 38.3575549707
330 0 100000 39.0913554368
335 0 100000 38.7699836449
340 0 100000 37.589520733
345 0 100000 36.0004693299
350 0 100000 34.4806958525
355 0 100000 33.3776903499
360 0 100000 32.8489074623
365 0 100000 32.8218624731
370 0 100000 32.9563992297
375 0 100000 32.7152334061
380 0 100000 31.6245700755
385 0 98584.7417086 29.5906264524
390 0 67828.5974485 26.9935850968
395 0 39933.2853568 24.4506655665
400 0 19965.9766672 22.452911493
0 4.96901271429 100000 26.4050782504
5 4.96901271429 100000 30.1302109987
10 4.96901271429 100000 34.1590257269
15 4.96901271429 100000 37.7741983809
20 4.96901271429 100000 40.5432111385
25 4.96901271429 100000 42.5752695881
30 4.96901271429 100000 44.2969316671
35 4.96901271429 100000 45.9600662065
40 4.96901271429 100000 47.4138477313
45 4.96901271429 100000 48.3248062631
50 4.96901271429 100000 48.4906838217
55 4.96901271429 100000 47.9272521877
60 4.96901271429 100000 46.8314161624
65 4.96901271429 100000 45.5820432753
70 4.96901271429 100000 44.6547098686
75 4.96901271429 100000 44.3618788952
80 4.96901271429 100000 44.6593975738
85 4.96901271429 100000 45.232185142
90 4.96901271429 100000 45.7113911701
95 4.96901271429 100000 45.8180624289
100 4.96901271429 100000 45.4709137781
105 4.96901271429 100000 44.8764263697
110 4.96901271429 100000 44.4009292627
115 4.96901271429 100000 44.1895995304
120 4.96901271429 100000 43.9327697868
125 4.96901271429 100000 43.1136617884
130 4.96901271429 100000 41.4562761311
135 4.96901271429 100000 39.0422229669
140 4.96901271429 100000 36.0720482161
145 4.96901271429 63618.638753 32.7088361743
150 4.96901271429 29371.6585395 29.190103271
155 4.96901271429 11639.2364582 25.9242210237
160 4.96901271429 3983.70351271 23.3376616499
165 4.96901271429 1216.3826497 21.634984601
170 4.96901271429 388.943442288 20.7449096259
175 4.96901271429 244.925884572 20.4772996314
180 4.96901271429 493.308795237 20.7085266019
185 4.96901271429 1510.11120147 21.4406603576
190 4.96901271429 4508.61823122 22.7142233252
195 4.96901271429 11881.8870017 24.4663618712
200 4.96901271429 27053.786144 26.4745128647
205 4.96901271429 52994.5432391 28.4525367569
210 4.96901271429 89295.7155997 30.1910497053
215 4.96901271429 100000 31.5709761217
220 4.96901271429 100000 32.4719044479
225 4.96901271429 100000 32.7875461197
230 4.96901271429 100000 32.6094125817
235 4.96901271429 100000 32.3287329302
240 4.96901271429 100000 32.4380055167
245 4.96901271429 100000 33.1854303323
250 4.96901271429 85567.6459156 34.4036471438
255 4.96901271429 70043.3951605 35.6050058871
260 4.96901271429 52743.3113658 36.2273199153
265 4.96901271429 36124.6395012 35.9406204231
270 4.96901271429 25156.7739235 34.8974059462
275 4.96901271429 24570.4851986 33.6929196183
280 4.96901271429 37664.2574994 32.9769802195
285 4.96901271429 65888.118065 33.0522651623
290 4.96901271429 100000 33.8264845453
295 4.96901271429 100000 35.0771422005
300 4.96901271429 100000 36.699751357
305 4.96901271429 100000 38.7329614021
310 4.96901271429 100000 41.2116183378
315 4.96901271429 100000 44.0026863956
320 4.96901271429 100000 46.7346210023
325 4.96901271429 100000 48.8666896861
330 4.96901271429 100000 49.8944965587
335 4.96901271429 100000 49.5978301398
340 4.96901271429 100000 48.1627892402
345 4.96901271429 100000 46.0892748915
350 4.96901271429 100000 43.9677544383
355 4.96901271429 100000 42.2724117804
360 4.96901271429 100000 41.2364223925
365 4.96901271429 100000 40.7830427686
370 4.96901271429 100000 40.4961513383
375 4.96901271429 100000 39.7132268565
380 4.96901271429 100000 37.8321438206
385 4.96901271429 100000 34.7087783488
390 4.96901271429 86961.6787642 30.8165885725
395 4.96901271429 50958.8056001 26.9847060231
400 4.96901271429 25406.7019007 23.9207261844
0 9.93802542857 100000 28.952546358
5 9.93802542857 100000 33.7920108538
10 9.93802542857 100000 38.8104955826
15 9.93802542857 100000 43.1410264198
20 9.93802542857 100000 46.3752816152
25 9.93802542857 100000 48.7690673558
30 9.93802542857 100000 50.8807856036
35 9.93802542857 100000 52.997273363
40 9.93802542857 100000 54.9295140164
45 9.93802542857 100000 56.2882102251
50 9.93802542857 100000 56.816836295
55 9.93802542857 100000 56.4838985296
60 9.93802542857 100000 55.476864453
65 9.93802542857 100000 54.2276186654
70 9.93802542857 100000 53.2907993413
75 9.93802542857 100000 53.0087799027
80 9.93802542857 100000 53.2892167838
85 9.93802542857 100000 53.7435464126
90 9.93802542857 100000 53.9828527527
95 9.93802542857 100000 53.7935957073
100 9.93802542857 100000 53.2114265229
105 9.93802542857 100000 52.5411606672
110 9.93802542857 100000 52.1685163797
115 9.93802542857 100000 52.1646050053
120 9.93802542857 100000 52.0888001526
125 9.93802542857 100000 51.2912934208
130 9.93802542857 100000 49.3905297679
135 9.93802542857 100000 46.3900405066
140 9.93802542857 100000 42.4532275614
145 9.93802542857 85712.7737648 37.7967772469
150 9.93802542857 40014.8477791 32.8361545881
155 9.93802542857 16015.881822 28.2298641858
160 9.93802542857 5515.2643062 24.6076185094
165 9.93802542857 1672.83998085 22.2448910899
170 9.93802542857 514.01761736 21.0238128935
175 9.93802542857 322.947300266 20.6740591397
180 9.93802542857 723.164236828 21.0344944344
185 9.93802542857 2308.41249286 22.1309596948
190 9.93802542857 6889.00525906 24.0444327574
195 9.93802542857 17881.0235479 26.6923329981
200 9.93802542857 39840.6800469 29.7218725265
205 9.93802542857 76082.6119128 32.6332271979
210 9.93802542857 100000 35.0137027359
215 9.93802542857 100000 36.6436218762
220 9.93802542857 100000 37.4402177397
225 9.93802542857 100000 37.4495816729
230 9.93802542857 100000 36.9668821327
235 9.93802542857 100000 36.5546337263
240 9.93802542857 100000 36.7819955691
245 9.93802542857 100000 37.8802328726
250 9.93802542857 92053.9156194 39.6110385271
255 9.93802542857 74105.9840513 41.3727418615
260 9.93802542857 55493.8646153 42.4404705499
265 9.93802542857 38412.0483857 42.3414625839
270 9.93802542857 28281.1536131 41.2376447761
275 9.93802542857 30904.5210947 39.9200669476
280 9.93802542857 51049.4412893 39.2726164329
285 9.93802542857 91528.7081931 39.6889467391
290 9.93802542857 100000 41.0015186941
295 9.93802542857 100000 42.8715227717
300 9.93802542857 100000 45.1458050173
305 9.93802542857 100000 47.8688417482
310 9.93802542857 100000 51.0513019946
315 9.93802542857 100000 54.4738986633
320 9.93802542857 100000 57.682650382
325 9.93802542857 100000 60.1303834514
330 9.93802542857 100000 61.3547927213
335 9.93802542857 100000 61.1356539146
340 9.93802542857 100000 59.5968623919
345 9.93802542857 100000 57.1972179298
350 9.93802542857 100000 54.5728950657
355 9.93802542857 100000 52.2853352194
360 9.93802542857 100000 50.611161822
365 9.93802542857 100000 49.4631991442
370 9.93802542857 100000 48.4112287823
375 9.93802542857 100000 46.7882299136
380 9.93802542857 100000 43.9645259215
385 9.93802542857 100000 39.7529335191
390 9.93802542857 94162.5439031 34.6426284873
395 9.93802542857 54869.5422948 29.5872073605
400 9.93802542857 27274.5044471 25.4736093378
0 14.9070381429 100000 31.1665898898
5 14.9070381429 100000 36.8378231259
10 14.9070381429 100000 42.479047603
15 14.9070381429 100000 47.122958664
20 14.9070381429 100000 50.4243305716
25 14.9070381429 100000 52.7810003029
30 14.9070381429 100000 54.8604575234
35 14.9070381429 100000 57.0078928401
40 14.9070381429 100000 59.0902927383
45 14.9070381429 100000 60.7781487164
50 14.9070381429 100000 61.8255210585
55 14.9070381429 100000 62.1283801648
60 14.9070381429 100000 61.7437862365
65 14.9070381429 100000 60.9640187505
70 14.9070381429 100000 60.2337686898
75 14.9070381429 100000 59.8460340698
80 14.9070381429 100000 59.7408985725
85 14.9070381429 100000 59.6420909174
90 14.9070381429 100000 59.3283362412
95 14.9070381429 100000 58.7661947596
100 14.9070381429 100000 58.1151494782
105 14.9070381429 100000 57.676367809
110 14.9070381429 100000 57.7027045311
115 14.9070381429 100000 58.0976646864
120 14.9070381429 100000 58.3171249351
125 14.9070381429 100000 57.6668563887
130 14.9070381429 100000 55.6985249227
135 14.9070381429 100000 52.3012191493
140 14.9070381429 100000 47.5647275041
145 14.9070381429 100000 41.7801266227
150 14.9070381429 47340.5245698 35.5846429708
155 14.9070381429 19100.7546526 29.8888507353
160 14.9070381429 6616.56813884 25.4775499309
165 14.9070381429 2006.96269906 22.6444548317
170 14.9070381429 609.613044614 21.2049295749
175 14.9070381429 395.368140214 20.8186714705
180 14.9070381429 951.708197328 21.3068864923
185 14.9070381429 3094.1804945 22.737687866
190 14.9070381429 9186.57741947 25.2530103576
195 14.9070381429 23519.2465228 28.7742843629
200 14.9070381429 51436.6906698 32.8295076294
205 14.9070381429 96045.8719706 36.6810127109
210 14.9070381429 100000 39.6593793993
215 14.9070381429 100000 41.4102373611
220 14.9070381429 100000 41.9199612235
225 14.9070381429 100000 41.4641519161
230 14.9070381429 100000 40.584787346
235 14.9070381429 100000 39.9724632154
240 14.9070381429 100000 40.1810059197
245 14.9070381429 100000 41.3710503707
250 14.9070381429 84166.4377397 43.2680530538
255 14.9070381429 66324.544725 45.2611176706
260 14.9070381429 49325.7303318 46.5813532752
265 14.9070381429 34625.3886617 46.6872908037
270 14.9070381429 27273.5682794 45.7437466174
275 14.9070381429 33439.4377324 44.6600991176
280 14.9070381429 59013.6307445 44.4573153242
285 14.9070381429 100000 45.5502573218
290 14.9070381429 100000 47.6587768277
295 14.9070381429 100000 50.3047763889
300 14.9070381429 100000 53.271995108
305 14.9070381429 100000 56.6095274704
310 14.9070381429 100000 60.311931147
315 14.9070381429 100000 64.0876032277
320 14.9070381429 100000 67.4368346788
325 14.9070381429 100000 69.8823195177
330 14.9070381429 100000 71.0945684652
335 14.9070381429 100000 70.9018420198
340 14.9070381429 100000 69.3465443212
345 14.9070381429 100000 66.7870990089
350 14.9070381429 100000 63.8378912157
355 14.9070381429 100000 61.0733626711
360 14.9070381429 100000 58.7396106461
365 14.9070381429 100000 56.7144385973
370 14.9070381429 100000 54.6306531581
375 14.9070381429 100000 51.9768279638
380 14.9070381429 100000 48.2395902334
385 14.9070381429 100000 43.2175640368
390 14.9070381429 86158.585068 37.3183162602
395 14.9070381429 49862.3031584 31.4739705056
400 14.9070381429 24701.3017743 26.6461257474
0 19.8760508571 100000 32.6360372231
5 19.8760508571 100000 38.7886419828
10 19.8760508571 100000 44.7009071155
15 19.8760508571 100000 49.3155088224
20 19.8760508571 100000 52.2971286638
25 19.8760508571 100000 54.10965764
30 19.8760508571 100000 55.5163212629
35 19.8760508571 100000 57.0193268354
40 19.8760508571 100000 58.7162140679
45 19.8760508571 100000 60.5026987627
50 19.8760508571 100000 62.2284454674
55 19.8760508571 100000 63.6767857878
60 19.8760508571 100000 64.5858924592
65 19.8760508571 100000 64.811970318
70 19.8760508571 100000 64.4270746646
75 19.8760508571 100000 63.6128552867
80 19.8760508571 100000 62.523438035
85 19.8760508571 100000 61.2947749455
90 19.8760508571 100000 60.1146766168
95 19.8760508571 100000 59.2142225353
100 19.8760508571 100000 58.804585239
105 19.8760508571 100000 59.0132044176
110 19.8760508571 100000 59.7851042255
115 19.8760508571 100000 60.7742441286
120 19.8760508571 100000 61.3776768977
125 19.8760508571 100000 60.9596495439
130 19.8760508571 100000 59.06811248
135 19.8760508571 100000 55.4813326582
140 19.8760508571 100000 50.2165298068
145 19.8760508571 100000 43.6672023952
150 19.8760508571 49012.6625915 36.7019982023
155 19.8760508571 19870.6247975 30.4269032405
160 19.8760508571 6909.13761699 25.6824039202
165 19.8760508571 2100.37824386 22.705623917
170 19.8760508571 641.626930615 21.2301955382
175 19.8760508571 439.357148937 20.8710127309
180 19.8760508571 1111.57527349 21.4596402333
185 19.8760508571 3638.87521268 23.12205076
190 19.8760508571 10740.3464931 26.07654255
195 19.8760508571 27194.8422544 30.2799957326
200 19.8760508571 58597.4013259 35.1825175973
205 19.8760508571 100000 39.8337781939
210 19.8760508571 100000 43.3055493168
215 19.8760508571 100000 45.1024599794
220 19.8760508571 100000 45.2901420705
225 19.8760508571 100000 44.3734942441
230 19.8760508571 100000 43.0838585018
235 19.8760508571 100000 42.1336143855
240 19.8760508571 100000 41.9807483941
245 19.8760508571 87452.0072198 42.7240909831
250 19.8760508571 65789.2412785 44.1480075453
255 19.8760508571 50351.8417812 45.7745331118
260 19.8760508571 37091.3026695 46.9411400598
265 19.8760508571 26514.9287484 47.141986714
270 19.8760508571 22636.7247533 46.538982221
275 19.8760508571 31164.1632939 46.0416200577
280 19.8760508571 58400.2884337 46.665402799
285 19.8760508571 100000 48.7682842173
290 19.8760508571 100000 51.9415425661
295 19.8760508571 100000 55.5531819093
300 19.8760508571 100000 59.2852461247
305 19.8760508571 100000 63.1612711495
310 19.8760508571 100000 67.1723354964
315 19.8760508571 100000 71.0038782018
320 19.8760508571 100000 74.1657191331
325 19.8760508571 100000 76.2929304577
330 19.8760508571 100000 77.2228051989
335 19.8760508571 100000 76.8674864656
340 19.8760508571 100000 75.2217229394
345 19.8760508571 100000 72.5549949372
350 19.8760508571 100000 69.4242304174
355 19.8760508571 100000 66.3344400696
360 19.8760508571 100000 63.414246766
365 19.8760508571 100000 60.4772813444
370 19.8760508571 100000 57.2833393592
375 19.8760508571 100000 53.6101332518
380 19.8760508571 100000 49.1895494581
385 19.8760508571 100000 43.8497258154
390 19.8760508571 66673.3292473 37.8419835463
395 19.8760508571 38261.6671871 31.9239104532
400 19.8760508571 18880.855149 26.9847310094
0 24.8450635714 100000 33.3116415364
5 24.8450635714 100000 39.6856098857
10 24.8450635714 100000 45.6771894915
15 24.8450635714 100000 50.1030638822
20 24.8450635714 100000 52.5204381675
25 24.8450635714 100000 53.3548862253
30 24.8450635714 100000 53.4773558621
35 24.8450635714 100000 53.6844438966
40 24.8450635714 100000 54.48456824
45 24.8450635714 100000 56.1396262412
50 24.8450635714 100000 58.6592198877
55 24.8450635714 100000 61.6708990704
60 24.8450635714 100000 64.4099500757
65 24.8450635714 100000 66.0125509327
70 24.8450635714 100000 65.9508039759
75 24.8450635714 100000 64.2882140429
80 24.8450635714 100000 61.617493259
85 24.8450635714 100000 58.7833603134
90 24.8450635714 100000 56.5668372767
95 24.8450635714 100000 55.4637864111
100 24.8450635714 100000 55.6063219213
105 24.8450635714 100000 56.7884436104
110 24.8450635714 100000 58.5395453601
115 24.8450635714 100000 60.2389055731
120 24.8450635714 100000 61.265286505
125 24.8450635714 100000 61.105433706
130 24.8450635714 100000 59.3587923982
135 24.8450635714 100000 55.737213692
140 24.8450635714 100000 50.2267783715
145 24.8450635714 95277.7620938 43.344197524
150 24.8450635714 45171.4373667 36.1541383326
155 24.8450635714 18314.8400131 29.8624817827
160 24.8450635714 6367.33171271 25.2582165351
165 24.8450635714 1939.37468079 22.4610181926
170 24.8450635714 603.446228791 21.1234860593
175 24.8450635714 444.130355431 20.8481899603
180 24.8450635714 1164.29328984 21.5039286088
185 24.8450635714 3816.15368941 23.2821814523
190 24.8450635714 11207.2742788 26.4797103552
195 24.8450635714 28151.4860167 31.1081538418
200 24.8450635714 60001.0595186 36.5851472357
205 24.8450635714 100000 41.8073567701
210 24.8450635714 100000 45.642773435
215 24.8450635714 100000 47.488926928
220 24.8450635714 100000 47.4792037241
225 24.8450635714 100000 46.2628680214
230 24.8450635714 100000 44.6142014611
235 24.8450635714 100000 43.138155769
240 24.8450635714 94869.2445844 42.172511845
245 24.8450635714 63450.6786251 41.8424268014
250 24.8450635714 44549.0977313 42.1226141614
255 24.8450635714 32634.1260302 42.7874656579
260 24.8450635714 23671.3712154 43.3831791209
265 24.8450635714 17309.5401303 43.5081603568
270 24.8450635714 16247.8727786 43.3035710706
275 24.8450635714 25119.126763 43.5680354
280 24.8450635714 49875.9671534 45.1950240772
285 24.8450635714 96976.3388092 48.4526185218
290 24.8450635714 100000 52.8370004362
295 24.8450635714 100000 57.5713473118
300 24.8450635714 100000 62.1767455156
305 24.8450635714 100000 66.5758174117
310 24.8450635714 100000 70.744299061
315 24.8450635714 100000 74.4076535809
320 24.8450635714 100000 77.1537837279
325 24.8450635714 100000 78.7397241498
330 24.8450635714 100000 79.1401343193
335 24.8450635714 100000 78.3571975713
340 24.8450635714 100000 76.4064191891
345 24.8450635714 100000 73.5403686877
350 24.8450635714 100000 70.2661033465
355 24.8450635714 100000 66.9662527419
360 24.8450635714 100000 63.5970051744
365 24.8450635714 100000 59.8909339883
370 24.8450635714 100000 55.7539212154
375 24.8450635714 100000 51.2957451927
380 24.8450635714 96966.2954093 46.5516815072
385 24.8450635714 67990.6317549 41.4240297631
390 24.8450635714 43692.3763305 35.990052184
395 24.8450635714 24815.0133166 30.7330767322
400 24.8450635714 12193.5513108 26.3347926878
0 29.8140762857 100000 33.4735072826
5 29.8140762857 100000 39.9507456259
10 29.8140762857 100000 45.9784862279
15 29.8140762857 100000 50.2110082897
20 29.8140762857 100000 52.01328109
25 29.8140762857 100000 51.7152774395
30 29.8140762857 100000 50.3181064306
35 29.8140762857 95776.5560132 48.9847527366
40 29.8140762857 78298.1829196 48.6901503355
45 29.8140762857 75810.1794228 50.0830994523
50 29.8140762857 81527.4060466 53.3436875311
55 29.8140762857 89438.9788679 57.941458451
60 29.8140762857 94897.072151 62.5564868334
65 29.8140762857 95589.1327223 65.5065744066
70 29.8140762857 91942.132378 65.5994001439
75 29.8140762857 85903.8866034 62.8280658593
80 29.8140762857 79576.6167038 58.365353342
85 29.8140762857 75408.6374366 53.8913251632
90 29.8140762857 77193.2075305 50.7909755199
95 29.8140762857 90228.5264859 49.7128765348
100 29.8140762857 100000 50.5647138232
105 29.8140762857 100000 52.7360746689
110 29.8140762857 100000 55.3757874684
115 29.8140762857 100000 57.6670660618
120 29.8140762857 100000 59.0166578688
125 29.8140762857 100000 59.0418534137
130 29.8140762857 100000 57.4135390808
135 29.8140762857 100000 53.8334971486
140 29.8140762857 100000 48.3102916096
145 29.8140762857 80902.0905933 41.4781293577
150 29.8140762857 38164.5646318 34.5218466818
155 29.8140762857 15379.0488963 28.6447679789
160 29.8140762857 5316.44804365 24.5103046525
165 29.8140762857 1619.38683734 22.0995987914
170 29.8140762857 519.657135863 21.0040773624
175 29.8140762857 419.111243435 20.8464255044
180 29.8140762857 1130.17429768 21.5538888979
185 29.8140762857 3699.96582545 23.3835992753
190 29.8140762857 10829.6196631 26.6959191282
195 29.8140762857 27074.2579642 31.5474414711
200 29.8140762857 57314.5738605 37.3440208472
205 29.8140762857 100000 42.8940315611
210 29.8140762857 100000 46.9527762643
215 29.8140762857 100000 48.8748386004
220 29.8140762857 100000 48.8378687244
225 29.8140762857 100000 47.5112125541
230 29.8140762857 100000 45.5545718083
235 29.8140762857 100000 43.3821520608
240 29.8140762857 70323.441842 41.2553148997
245 29.8140762857 42635.3469541 39.4451553769
250 29.8140762857 27002.8366719 38.2160044156
255 29.8140762857 18370.9500467 37.6322584388
260 29.8140762857 12927.5298313 37.4535859683
265 29.8140762857 9699.96445392 37.3787448935
270 29.8140762857 10170.1718881 37.4974447984
275 29.8140762857 17685.3493724 38.4349812956
280 29.8140762857 37342.1203702 40.9214117082
285 29.8140762857 75828.4503575 45.1694222627
290 29.8140762857 100000 50.665697772
295 29.8140762857 100000 56.5337358355
300 29.8140762857 100000 62.0796056951
305 29.8140762857 100000 67.0173307213
310 29.8140762857 100000 71.2522692969
315 29.8140762857 100000 74.5939414834
320 29.8140762857 100000 76.7820621021
325 29.8140762857 100000 77.7044244595
330 29.8140762857 100000 77.4222905343
335 29.8140762857 100000 76.0090451812
340 29.8140762857 100000 73.5596289358
345 29.8140762857 100000 70.3897809467
350 29.8140762857 100000 66.9913227013
355 29.8140762857 100000 63.6199150656
360 29.8140762857 100000 60.0519837324
365 29.8140762857 100000 55.9224597365
370 29.8140762857 100000 51.2313846441
375 29.8140762857 84406.0888108 46.3560670859
380 29.8140762857 57766.108454 41.618024976
385 29.8140762857 38784.9189913 37.0397936319
390 29.8140762857 24301.7969858 32.5752927371
395 29.8140762857 13628.5511135 28.4229487626
400 29.8140762857 6671.15539577 24.9860562335
0 34.783089 100000 33.4362356856
5 34.783089 100000 39.9617559632
10 34.783089 100000 46.0070820484
15 34.783089 100000 50.0906497847
20 34.783089 100000 51.4199021763
25 34.783089 100000 50.2644872664
30 34.783089 100000 47.7492491872
35 34.783089 62704.2514894 45.3072188792
40 34.783089 43325.1808321 44.2060886786
45 34.783089 37599.3887302 45.3218120061
50 34.783089 39118.834667 48.9585303796
55 34.783089 43000.4422118 54.5219930781
60 34.783089 46031.5079538 60.3258346572
65 34.783089 46703.4054414 64.0814501978
70 34.783089 45093.8176746 64.098570685
75 34.783089 42139.5669941 60.3667908652
80 34.783089 38979.5174279 54.5877279853
85 34.783089 37190.2642015 49.127697619
90 34.783089 39559.9087586 45.7646995201
95 34.783089 50478.4197007 45.0788304234
100 34.783089 75273.030687 46.6121178837
105 34.783089 100000 49.3795894835
110 34.783089 100000 52.3401069786
115 34.783089 100000 54.6952661336
120 34.783089 100000 55.9832941346
125 34.783089 100000 55.9455186049
130 34.783089 100000 54.3078132456
135 34.783089 100000 50.7880986183
140 34.783089 100000 45.4375468343
145 34.783089 65667.058417 38.9612762093
150 34.783089 30648.437605 32.5658281695
155 34.783089 12198.6497814 27.3673022984
160 34.783089 4169.29408166 23.8722710481
165 34.783089 1268.05981668 21.9350195135
170 34.783089 426.645716125 21.113681819
175 34.783089 387.393880195 21.0799325649
180 34.783089 1074.40626472 21.8407106982
185 34.783089 3510.17638275 23.719818916
190 34.783089 10251.8760722 27.1138500616
195 34.783089 25574.1958671 32.0836705199
200 34.783089 53969.2510966 38.0102176302
205 34.783089 96132.1475547 43.6635942467
210 34.783089 100000 47.7835130649
215 34.783089 100000 49.7512600936
220 34.783089 100000 49.7629317574
225 34.783089 100000 48.4038285266
230 34.783089 100000 46.1324582359
235 34.783089 92071.6928086 43.180664898
240 34.783089 53810.7823411 39.8187496793
245 34.783089 29090.6159192 36.5404480616
250 34.783089 15863.6654557 33.9039669315
255 34.783089 9438.39417195 32.2024441845
260 34.783089 6192.7119756 31.3321776435
265 34.783089 4742.3587123 31.0382992608
270 34.783089 5647.19656841 31.3339735686
275 34.783089 11110.737046 32.6695752166
280 34.783089 25227.5057375 35.6414605419
285 34.783089 54427.4222145 40.4809318595
290 34.783089 100000 46.7666019927
295 34.783089 100000 53.589698029
300 34.783089 100000 60.0155686335
305 34.783089 100000 65.4479039867
310 34.783089 100000 69.6389543155
315 34.783089 100000 72.4921688947
320 34.783089 100000 73.9705530272
325 34.783089 100000 74.1385648197
330 34.783089 100000 73.1345853239
335 34.783089 100000 71.0856652075
340 34.783089 100000 68.1807720322
345 34.783089 100000 64.8318144676
350 34.783089 100000 61.5433753546
355 34.783089 100000 58.4646467809
360 34.783089 100000 55.188690933
365 34.783089 100000 51.1854606489
370 34.783089 77176.8418607 46.4184428797
375 34.783089 47410.913439 41.4134707146
380 34.783089 29949.4424666 36.7550205149
385 34.783089 19004.4449958 32.6651176012
390 34.783089 11524.0138755 29.0854560117
395 34.783089 6366.92031404 25.9981421299
400 34.783089 3114.61397462 23.5342464317
0 39.7521017143 100000 33.3223813283
5 39.7521017143 100000 39.8005955206
10 39.7521017143 100000 45.7705032183
15 39.7521017143 100000 49.7301721957
20 39.7521017143 100000 50.8948678048
25 39.7521017143 100000 49.5896794945
30 39.7521017143 85358.7715884 47.0010666713
35 39.7521017143 45960.762177 44.5441453169
40 39.7521017143 25446.2099085 43.370540589
45 39.7521017143 17769.7705815 44.2577955067
50 39.7521017143 16783.9550582 47.5584868255
55 39.7521017143 18330.3424971 52.8318118932
60 39.7521017143 20051.1090519 58.4623568805
65 39.7521017143 20834.5757483 62.0545679108
70 39.7521017143 20440.8059371 61.7732280299
75 39.7521017143 19150.5772364 57.6539626814
80 39.7521017143 17558.6194498 51.6839640797
85 39.7521017143 16757.7382786 46.5319979675
90 39.7521017143 18822.4508258 43.9895835751
95 39.7521017143 27232.499905 44.2651106068
100 39.7521017143 46619.491016 46.3769373132
105 39.7521017143 80787.5649425 49.0375292231
110 39.7521017143 100000 51.3051391547
115 39.7521017143 100000 52.7391297225
120 39.7521017143 100000 53.2145530551
125 39.7521017143 100000 52.6360716789
130 39.7521017143 100000 50.7561199754
135 39.7521017143 100000 47.2853273671
140 39.7521017143 95803.0975034 42.2804078051
145 39.7521017143 51971.259635 36.435793391
150 39.7521017143 23939.7158965 30.8820302473
155 39.7521017143 9385.29490829 26.5856737226
160 39.7521017143 3164.53921786 23.8786743426
165 39.7521017143 964.208703996 22.4888134843
170 39.7521017143 350.649173367 21.9479022732
175 39.7521017143 374.868757014 22.0017161834
180 39.7521017143 1074.28786029 22.7772014064
185 39.7521017143 3486.93483804 24.6871574419
190 39.7521017143 10124.0531442 28.1395837368
195 39.7521017143 25160.2504128 33.1436924295
200 39.7521017143 52953.9735002 39.0256046281
205 39.7521017143 94086.1533663 44.5571491562
210 39.7521017143 100000 48.5480736768
215 39.7521017143 100000 50.4581614156
220 39.7521017143 100000 50.4729583553
225 39.7521017143 100000 49.0340099892
230 39.7521017143 100000 46.4009981127
235 39.7521017143 83883.6347008 42.7066979707
240 39.7521017143 46551.2453075 38.3132905159
245 39.7521017143 22813.1944601 33.9347243888
250 39.7521017143 10510.8317164 30.3326067968
255 39.7521017143 5053.66008354 27.9087480805
260 39.7521017143 2820.19894829 26.59866812
265 39.7521017143 2118.36043186 26.1426704251
270 39.7521017143 2890.1876378 26.4788160474
275 39.7521017143 6499.43472193 27.9261380506
280 39.7521017143 16152.8177802 31.0079611655
285 39.7521017143 37727.0264859 36.0357578363
290 39.7521017143 79999.2372553 42.7421581251
295 39.7521017143 100000 50.2359067015
300 39.7521017143 100000 57.3453145448
305 39.7521017143 100000 63.1106053929
310 39.7521017143 100000 67.066409763
315 39.7521017143 100000 69.1978799628
320 39.7521017143 100000 69.7488728292
325 39.7521017143 100000 69.0478721363
330 39.7521017143 100000 67.3738863675
335 39.7521017143 100000 64.921178226
340 39.7521017143 100000 61.9473383935
345 39.7521017143 100000 58.9322265
350 39.7521017143 100000 56.3900639067
355 39.7521017143 100000 54.3607169604
360 39.7521017143 100000 52.1806368366
365 39.7521017143 79419.1401791 48.9824761115
370 39.7521017143 43784.1451671 44.5020156371
375 39.7521017143 24144.5231637 39.3291586483
380 39.7521017143 13774.8281169 34.3786659061
385 39.7521017143 8105.32800645 30.226891542
390 39.7521017143 4708.04818012 26.9548894742
395 39.7521017143 2562.29398951 24.4310324153
400 39.7521017143 1268.80097466 22.5640693854
0 44.7211144286 100000 33.1392550744
5 44.7211144286 100000 39.4297976674
10 44.7211144286 100000 45.1744504558
15 44.7211144286 100000 49.0156849965
20 44.7211144286 100000 50.4066462537
25 44.7211144286 100000 49.8783884531
30 44.7211144286 78501.5565753 48.5815557449
35 44.7211144286 38924.1284937 47.5229907075
40 44.7211144286 18005.9555822 47.2107603756
45 44.7211144286 9631.09983498 47.9266438403
50 44.7211144286 7873.22241958 50.0051716668
55 44.7211144286 8994.28520272 53.4582509553
60 44.7211144286 10973.6309837 57.2960973275
65 44.7211144286 12621.8722287 59.6177055351
70 44.7211144286 13198.9545038 58.8381259536
75 44.7211144286 12467.9629395 55.0587367971
80 44.7211144286 10838.742974 50.2391240698
85 44.7211144286 9416.20839411 46.9045701894
90 44.7211144286 10049.8282493 46.4469026843
95 44.7211144286 15530.24929 48.3798812673
100 44.7211144286 29565.8483224 51.0166026284
105 44.7211144286 55449.0330836 52.8164528974
110 44.7211144286 92767.1318184 53.2268070017
115 44.7211144286 100000 52.5416909501
120 44.7211144286 100000 51.2418049011
125 44.7211144286 100000 49.4901785207
130 44.7211144286 100000 47.0546112458
135 44.7211144286 100000 43.5953559232
140 44.7211144286 73522.3473144 39.1152918757
145 44.7211144286 39558.1259895 34.2224905421
150 44.7211144286 18020.0983706 29.9006341919
155 44.7211144286 6976.66155554 26.9115662944
160 44.7211144286 2331.35352182 25.349556674
165 44.7211144286 722.971220386 24.7319333233
170 44.7211144286 305.092836995 24.5034073211
175 44.7211144286 414.810069607 24.5058006355
180 44.7211144286 1227.49030599 25.0811690969
185 44.7211144286 3885.53438842 26.8159572719
190 44.7211144286 11024.2457253 30.1374939531
195 44.7211144286 26960.8156549 34.9583728903
200 44.7211144286 56155.2900321 40.5322020147
205 44.7211144286 99125.740736 45.6826082943
210 44.7211144286 100000 49.3613390935
215 44.7211144286 100000 51.1237586269
220 44.7211144286 100000 51.0960373495
225 44.7211144286 100000 49.5371598837
230 44.7211144286 100000 46.5506947871
235 44.7211144286 86351.3987782 42.2657553768
240 44.7211144286 47052.2193486 37.182546503
245 44.7211144286 22050.6440426 32.1753534301
250 44.7211144286 9150.38494313 28.086482323
255 44.7211144286 3599.53326728 25.3182549685
260 44.7211144286 1550.26372617 23.7869388295
265 44.7211144286 1004.37431154 23.2171758375
270 44.7211144286 1489.29349005 23.5038620617
275 44.7211144286 3813.25522771 24.8944216061
280 44.7211144286 10499.9833178 27.8886054236
285 44.7211144286 26761.9776221 32.8885700599
290 44.7211144286 60967.270536 39.7679229638
295 44.7211144286 100000 47.6540573479
300 44.7211144286 100000 55.1653766833
305 44.7211144286 100000 61.0070077308
310 44.7211144286 100000 64.4984647927
315 44.7211144286 100000 65.6922053842
320 44.7211144286 100000 65.1266143401
325 44.7211144286 100000 63.4671627865
330 44.7211144286 100000 61.2332134027
335 44.7211144286 100000 58.739581994
340 44.7211144286 100000 56.2907372825
345 44.7211144286 100000 54.3875074178
350 44.7211144286 100000 53.5283438622
355 44.7211144286 100000 53.5923287016
360 44.7211144286 86864.3496329 53.4908738811
365 44.7211144286 46504.8145426 51.7514710317
370 44.7211144286 23380.7263884 47.675822864
375 44.7211144286 11486.899155 41.9176043288
380 44.7211144286 5798.66725727 35.9040498981
385 44.7211144286 3092.67841112 30.7881565336
390 44.7211144286 1703.67908633 26.9501610583
395 44.7211144286 924.040144879 24.2369533066
400 44.7211144286 483.642011724 22.3868554309
0 49.6901271429 100000 32.9742485291
5 49.6901271429 100000 38.9921383029
10 49.6901271429 100000 44.4112546704
15 49.6901271429 100000 48.1455131746
20 49.6901271429 100000 50.0724781777
25 49.6901271429 100000 51.0577257044
30 49.6901271429 75802.8828025 52.1441784392
35 49.6901271429 36336.1106589 53.6160904141
40 49.6901271429 15604.436489 54.9103978497
45 49.6901271429 7576.01599941 55.498302014
50 49.6901271429 6637.83356845 55.6596331934
55 49.6901271429 9364.05090702 56.1144356406
60 49.6901271429 13673.3639212 56.9344588023
65 49.6901271429 17704.7512211 57.1561403265
70 49.6901271429 19692.2947736 55.7159546681
75 49.6901271429 18706.5849962 52.7787354134
80 49.6901271429 15281.465564 50.0454929318
85 49.6901271429 11209.4658693 49.5823776092
90 49.6901271429 8823.38884787 52.0950127209
95 49.6901271429 10604.1159492 56.1823126176
100 49.6901271429 19213.6344772 59.3276316049
105 49.6901271429 36901.6791265 59.7636180243
110 49.6901271429 63367.4134425 57.5109351744
115 49.6901271429 93229.5501532 53.8459531944
120 49.6901271429 100000 50.0432351931
125 49.6901271429 100000 46.6078670885
130 49.6901271429 100000 43.3403443741
135 49.6901271429 82172.9812781 39.8494351857
140 49.6901271429 52115.6812826 36.0819438225
145 49.6901271429 27896.0046538 32.5578859549
150 49.6901271429 12622.6024772 30.1030130684
155 49.6901271429 4856.84239247 29.2109901202
160 49.6901271429 1627.71272431 29.5703135665
165 49.6901271429 536.228567887 30.2420103645
170 49.6901271429 307.691462454 30.4006974712
175 49.6901271429 576.113805192 30.0014617231
180 49.6901271429 1727.08872484 29.7977026242
185 49.6901271429 5160.8602682 30.7576587003
190 49.6901271429 13860.8872914 33.415208344
195 49.6901271429 32509.2768284 37.5779000038
200 49.6901271429 65745.0777335 42.4326219446
205 49.6901271429 100000 46.9155890492
210 49.6901271429 100000 50.1705710409
215 49.6901271429 100000 51.8193972705
220 49.6901271429 100000 51.8461468083
225 49.6901271429 100000 50.2797110059
230 49.6901271429 100000 47.0972063544
235 49.6901271429 98534.0124494 42.4767865443
240 49.6901271429 54296.5440507 37.0499224944
245 49.6901271429 25712.0738544 31.7704759238
250 49.6901271429 10642.6797335 27.4684245868
255 49.6901271429 3999.11219809 24.5022841574
260 49.6901271429 1499.39526782 22.7790704723
265 49.6901271429 755.061295463 22.0469033973
270 49.6901271429 945.189590526 22.2098284899
275 49.6901271429 2487.82007742 23.4932751909
280 49.6901271429 7379.48707905 26.3849692923
285 49.6901271429 20133.0827456 31.3258207695
290 49.6901271429 48301.8873214 38.2466942828
295 49.6901271429 100000 46.2572102569
300 49.6901271429 100000 53.8300377837
305 49.6901271429 100000 59.4638264054
310 49.6901271429 100000 62.3526944373
315 49.6901271429 100000 62.5998334589
320 49.6901271429 100000 60.9600594262
325 49.6901271429 100000 58.4015630277
330 49.6901271429 100000 55.7346246436
335 49.6901271429 100000 53.4705199033
340 49.6901271429 100000 51.9961506941
345 49.6901271429 100000 51.8328706342
350 49.6901271429 100000 53.4476041002
355 49.6901271429 90366.330782 56.485584527
360 49.6901271429 50279.7779252 59.2480938357
365 49.6901271429 25422.8397082 59.4133780401
370 49.6901271429 11832.6582923 55.7000784467
375 49.6901271429 5235.75131931 48.8701560989
380 49.6901271429 2333.40694492 41.042785485
385 49.6901271429 1117.82303444 34.1297631704
390 49.6901271429 590.323239103 28.9277869346
395 49.6901271429 336.882295072 25.3318156481
400 49.6901271429 206.974873685 22.9576410774
0 54.6591398571 100000 32.9961553665
5 54.6591398571 100000 38.8035812574
10 54.6591398571 100000 43.941922481
15 54.6591398571 100000 47.602442568
20 54.6591398571 100000 50.1201272597
25 54.6591398571 100000 52.7352383967
30 54.6591398571 74704.1398656 56.3913231508
35 54.6591398571 35485.5519933 60.604371205
40 54.6591398571 15370.6174089 63.6607644525
45 54.6591398571 8595.50249508 64.1547999235
50 54.6591398571 10072.8906682 62.294534012
55 54.6591398571 16739.0150579 59.5473204724
60 54.6591398571 26107.9532763 57.1248093285
65 54.6591398571 34864.6174488 55.0858273574
70 54.6591398571 39315.2624214 52.9394572544
75 54.6591398571 37367.0701736 50.900773548
80 54.6591398571 29990.3179806 50.3372550878
85 54.6591398571 20588.7663491 52.7642919009
90 54.6591398571 12961.1940008 58.1570451642
95 54.6591398571 9845.04065724 64.2367199435
100 54.6591398571 12886.7991223 67.7458497764
105 54.6591398571 22938.1143421 66.7605714844
110 54.6591398571 39287.3035196 61.8778159446
115 54.6591398571 58212.7290213 55.3027994899
120 54.6591398571 73068.5552622 49.0432223299
125 54.6591398571 77370.4671809 43.9219355231
130 54.6591398571 69039.6748219 39.8005753608
135 54.6591398571 51900.5208379 36.3126948086
140 54.6591398571 32873.2766545 33.4603593151
145 54.6591398571 17557.3569014 31.7999450793
150 54.6591398571 7928.95403747 32.0811180473
155 54.6591398571 3057.76565254 34.4676214898
160 54.6591398571 1051.61991077 37.9591187391
165 54.6591398571 409.924326411 40.7308991392
170 54.6591398571 400.620845769 41.3616364941
175 54.6591398571 1000.4087425 39.9267494449
180 54.6591398571 2956.28266234 37.9067325428
185 54.6591398571 8186.43373183 37.0213901997
190 54.6591398571 20316.7879483 38.1160582806
195 54.6591398571 44539.621749 40.9334701162
200 54.6591398571 85453.0362612 44.5962860342
205 54.6591398571 100000 48.1768316961
210 54.6591398571 100000 51.0062849088
215 54.6591398571 100000 52.7014651873
220 54.6591398571 100000 53.0147700101
225 54.6591398571 100000 51.708470966
230 54.6591398571 100000 48.6471592077
235 54.6591398571 100000 44.05360842
240 54.6591398571 69203.4458773 38.6228873661
245 54.6591398571 34415.4785126 33.2899671851
250 54.6591398571 15246.8062921 28.8149846443
255 54.6591398571 6247.90039357 25.5333633343
260 54.6591398571 2547.81297717 23.4187476493
265 54.6591398571 1223.00628284 22.328119719
270 54.6591398571 1048.38912465 22.241029599
275 54.6591398571 2079.16923833 23.3902111378
280 54.6591398571 5819.38968982 26.2176462717
285 54.6591398571 15991.4922014 31.0977563387
290 54.6591398571 38999.8272274 37.8973666521
295 54.6591398571 82230.3179601 45.6784423997
300 54.6591398571 100000 52.8958129685
305 54.6591398571 100000 58.0641133183
310 54.6591398571 100000 60.4038184706
315 54.6591398571 100000 60.0262277832
320 54.6591398571 100000 57.7033770415
325 54.6591398571 100000 54.5120236162
330 54.6591398571 100000 51.4936118746
335 54.6591398571 100000 49.4261830662
340 54.6591398571 100000 48.8871837373
345 54.6591398571 100000 50.4877102151
350 54.6591398571 83936.677766 54.6729175073
355 54.6591398571 49390.9333957 60.8198321889
360 54.6591398571 26386.3943941 66.572169877
365 54.6591398571 12759.080955 68.7294132365
370 54.6591398571 5616.90394432 65.4203145266
375 54.6591398571 2308.68199925 57.5051346313
380 54.6591398571 943.589503275 47.7644301409
385 54.6591398571 427.249981126 38.8414136541
390 54.6591398571 235.867773898 31.9652632549
395 54.6591398571 159.476796306 27.1442897037
400 54.6591398571 125.525401284 23.9480993605
0 59.6281525714 100000 33.2980959756
5 59.6281525714 100000 39.0983261313
10 59.6281525714 100000 44.1562368656
15 59.6281525714 100000 47.798803875
20 59.6281525714 100000 50.6428421241
25 59.6281525714 100000 54.2048953545
30 59.6281525714 73650.1816602 59.4253500572
35 59.6281525714 35033.346522 65.3656716362
40 59.6281525714 16011.7519616 69.5624039053
45 59.6281525714 11342.7299335 69.9983438814
50 59.6281525714 16773.4988012 66.786238954
55 59.6281525714 29751.6873245 61.857061796
60 59.6281525714 47093.7723413 57.1851128174
65 59.6281525714 63195.403277 53.5490004155
70 59.6281525714 71395.0132646 50.8807699021
75 59.6281525714 67847.589191 49.4285573838
80 59.6281525714 54262.8957836 50.2743840224
85 59.6281525714 36660.4395805 54.4753663662
90 59.6281525714 21385.4438447 61.4816191284
95 59.6281525714 12097.8637486 68.5032537714
100 59.6281525714 9616.1679184 71.9425548137
105 59.6281525714 13263.0872932 69.8980156695
110 59.6281525714 21541.3044035 63.3668816608
115 59.6281525714 31739.5120472 55.0851700414
120 59.6281525714 39896.4235115 47.428018772
125 59.6281525714 42315.51446 41.3527932876
130 59.6281525714 37796.2165028 36.7782153822
135 59.6281525714 28423.2616195 33.4809986894
140 59.6281525714 18004.0119936 31.7185840141
145 59.6281525714 9621.3172734 32.3203127483
150 59.6281525714 4360.32884846 36.137650745
155 59.6281525714 1708.33632012 42.9838893735
160 59.6281525714 636.099695665 50.8631028448
165 59.6281525714 367.312479351 56.5718290215
170 59.6281525714 655.426190359 57.7072396965
175 59.6281525714 1909.65325988 54.4544434634
180 59.6281525714 5494.43069714 49.3758694554
185 59.6281525714 14231.4780026 45.3944152594
190 59.6281525714 32718.2920332 43.9564929952
195 59.6281525714 66592.9351189 44.8165067668
200 59.6281525714 100000 46.9914745251
205 59.6281525714 100000 49.6112179526
210 59.6281525714 100000 52.1009430645
215 59.6281525714 100000 53.990783842
220 59.6281525714 100000 54.7792497708
225 59.6281525714 100000 54.0045348233
230 59.6281525714 100000 51.4566463971
235 59.6281525714 100000 47.3582055729
240 59.6281525714 93712.1120433 42.337903715
245 59.6281525714 50078.7834745 37.1733042637
250 59.6281525714 24529.4065946 32.4932217138
255 59.6281525714 11491.139306 28.6535505471
260 59.6281525714 5500.24831039 25.8055192366
265 59.6281525714 2982.31842428 24.0330433352
270 59.6281525714 2206.15191551 23.473709839
275 59.6281525714 2800.47375155 24.3886958958
280 59.6281525714 5694.46443336 27.1132113939
285 59.6281525714 13623.880901 31.8229080615
290 59.6281525714 31479.4159599 38.1983136932
295 59.6281525714 64921.9031368 45.2618381043
300 59.6281525714 100000 51.6377544403
305 59.6281525714 100000 56.1224338975
310 59.6281525714 100000 58.1165667211
315 59.6281525714 100000 57.656869829
320 59.6281525714 100000 55.257284993
325 59.6281525714 100000 51.8081516754
330 59.6281525714 100000 48.4321080396
335 59.6281525714 100000 46.2082263986
340 59.6281525714 100000 46.0281238208
345 59.6281525714 69944.6347867 48.6777231561
350 59.6281525714 42758.0189682 54.5962014491
355 59.6281525714 24071.7961789 62.9444517852
360 59.6281525714 12374.6183259 70.9158628004
365 59.6281525714 5779.52750467 74.7414854617
370 59.6281525714 2463.43827053 72.1396653161
375 59.6281525714 987.354196689 63.9341416757
380 59.6281525714 406.680103485 53.1986404144
385 59.6281525714 202.496008302 42.9738594726
390 59.6281525714 135.680398575 34.8086864365
395 59.6281525714 113.517042183 28.9048356503
400 59.6281525714 105.346536719 24.9171811767
0 64.5971652857 100000 33.8551653964
5 64.5971652857 100000 39.9106705303
10 64.5971652857 100000 45.1695816668
15 64.5971652857 100000 48.8586756565
20 64.5971652857 100000 51.549512269
25 64.5971652857 100000 54.8218967454
30 64.5971652857 71368.8438726 59.7573396296
35 64.5971652857 34135.3723743 65.5338166286
40 64.5971652857 16773.4320738 69.6943421541
45 64.5971652857 14801.6995909 70.1171050361
50 64.5971652857 25071.9840685 66.7751855867
55 64.5971652857 45690.9871031 61.5293098724
60 64.5971652857 72645.2273693 56.4255227766
65 64.5971652857 97579.4653971 52.4349680723
70 64.5971652857 100000 49.6739425995
75 64.5971652857 100000 48.4105598988
80 64.5971652857 83735.8570405 49.5296069211
85 64.5971652857 56340.9525778 53.7892444754
90 64.5971652857 32138.187394 60.4517656264
95 64.5971652857 16173.0995024 66.7941291553
100 64.5971652857 8697.85228724 69.4945738819
105 64.5971652857 7611.09351353 66.9485325608
110 64.5971652857 10468.0044937 60.3005234147
115 64.5971652857 14938.1676068 52.2373257672
120 64.5971652857 18689.2938627 44.9545943214
125 64.5971652857 19818.6842212 39.2285599202
130 64.5971652857 17711.6325397 34.9425408093
135 64.5971652857 13331.4829501 32.0864666602
140 64.5971652857 8460.23100239 31.3691464182
145 64.5971652857 4542.44554162 34.1573435496
150 64.5971652857 2086.68798948 41.6277718219
155 64.5971652857 856.904462671 53.3079738308
160 64.5971652857 394.595034343 66.0639279111
165 64.5971652857 429.667858293 75.0388836043
170 64.5971652857 1146.86230978 76.616597017
175 64.5971652857 3527.7027376 71.058545467
180 64.5971652857 9895.64469005 62.1915043987
185 64.5971652857 24424.5309518 54.4180441384
190 64.5971652857 52924.1532058 50.0049325196
195 64.5971652857 100000 48.7919141743
200 64.5971652857 100000 49.6106686058
205 64.5971652857 100000 51.4742268885
210 64.5971652857 100000 53.740696157
215 64.5971652857 100000 55.8122493984
220 64.5971652857 100000 57.0386280286
225 64.5971652857 100000 56.8985219082
230 64.5971652857 100000 55.1970437388
235 64.5971652857 100000 52.099725047
240 64.5971652857 100000 48.0034661587
245 64.5971652857 74617.5093098 43.3565383717
250 64.5971652857 40800.9186175 38.5653225737
255 64.5971652857 21964.0563379 34.0212772445
260 64.5971652857 12320.0180267 30.1421160867
265 64.5971652857 7729.37981758 27.349196462
270 64.5971652857 5963.91385528 26.0289036731
275 64.5971652857 6178.86838957 26.508960425
280 64.5971652857 8591.39628581 28.9753614913
285 64.5971652857 14685.0452835 33.2940560217
290 64.5971652857 27469.6219855 38.8649397417
295 64.5971652857 50599.4896502 44.7022742639
300 64.5971652857 85395.1422357 49.7776221442
305 64.5971652857 100000 53.3813176148
310 64.5971652857 100000 55.188946178
315 64.5971652857 100000 55.075002968
320 64.5971652857 100000 53.077839754
325 64.5971652857 100000 49.664444058
330 64.5971652857 100000 45.8828701708
335 64.5971652857 83465.735651 43.0776720822
340 64.5971652857 54811.4936631 42.4877657582
345 64.5971652857 33736.5183222 45.0840377066
350 64.5971652857 19440.6957999 51.2914497422
355 64.5971652857 10419.7698091 60.1912927432
360 64.5971652857 5156.74492584 68.9532378346
365 64.5971652857 2351.11244623 73.8143388593
370 64.5971652857 1002.01478882 72.3965114874
375 64.5971652857 423.8326458 65.260388378
380 64.5971652857 204.944363108 55.168717186
385 64.5971652857 131.829601478 45.0155132544
390 64.5971652857 109.879094628 36.4661607471
395 64.5971652857 103.544563721 29.9983781648
400 64.5971652857 101.513409206 25.5125671443
0 69.566178 100000 34.6244565615
5 69.566178 100000 41.1660429595
10 69.566178 100000 46.8757973642
15 69.566178 100000 50.6566036148
20 69.566178 100000 52.713831451
25 69.566178 100000 54.4726003419
30 69.566178 67759.7276019 57.2907319507
35 69.566178 32569.013363 61.0315975585
40 69.566178 17117.7984726 64.0056042388
45 69.566178 17685.1626556 64.4911755063
50 69.566178 32195.1462471 62.2600266387
55 69.566178 59399.8163444 58.5500251824
60 69.566178 94609.7690731 54.7958833686
65 69.566178 100000 51.6778851049
70 69.566178 100000 49.3100253414
75 69.566178 100000 47.9888277272
80 69.566178 100000 48.4717893802
85 69.566178 73307.2689694 51.3393160169
90 69.566178 41551.5497966 55.9577382537
95 69.566178 20139.0834995 60.1930946949
100 69.566178 8997.30043614 61.5645520754
105 69.566178 4963.82725276 59.0357350296
110 69.566178 4788.88628919 53.714253946
115 69.566178 6160.29021304 47.7567766296
120 69.566178 7534.91724442 42.6781174065
125 69.566178 7946.6718655 38.7009369039
130 69.566178 7095.15710604 35.4524939346
135 69.566178 5349.96328909 33.0783722895
140 69.566178 3414.60795922 32.8444997026
145 69.566178 1860.35087526 36.8527618523
150 69.566178 888.967565991 46.7961268727
155 69.566178 414.856482201 62.0822656042
160 69.566178 297.899597427 78.6382112981
165 69.566178 593.509369284 90.1909801726
170 69.566178 1888.23695635 92.0657742865
175 69.566178 5883.82478759 84.5459786491
180 69.566178 16176.5808179 72.4957957403
185 69.566178 38629.8269515 61.5849880188
190 69.566178 80261.1726709 54.835723293
195 69.566178 100000 52.195680963
200 69.566178 100000 52.2678416828
205 69.566178 100000 53.7973480502
210 69.566178 100000 55.9426975181
215 69.566178 100000 58.0116433371
220 69.566178 100000 59.4093920717
225 69.566178 100000 59.7901182919
230 69.566178 100000 59.0916604725
235 69.566178 100000 57.3818810002
240 69.566178 100000 54.6909161089
245 69.566178 100000 50.9982359903
250 69.566178 66066.8145704 46.396451341
255 69.566178 40621.6001987 41.2757234818
260 69.566178 26269.9270507 36.3239419525
265 69.566178 18776.4274981 32.3358219491
270 69.566178 15732.5103676 30.0099151192
275 69.566178 15926.9982324 29.8072123533
280 69.566178 18752.5692543 31.7919593888
285 69.566178 24140.9185307 35.4923044316
290 69.566178 32852.1105497 39.9878725353
295 69.566178 46333.332959 44.2964424636
300 69.566178 65231.1769742 47.8021110218
305 69.566178 87016.9129596 50.3447546675
310 69.566178 100000 51.8779298632
315 69.566178 100000 52.0914038772
320 69.566178 100000 50.5345093007
325 69.566178 86566.0654481 47.2238170484
330 69.566178 63324.4208454 43.0521371125
335 69.566178 41947.2981666 39.5050692093
340 69.566178 25646.2301732 38.0395717458
345 69.566178 14683.8281299 39.7006202728
350 69.566178 7923.87025248 44.8595116514
355 69.566178 4029.34106887 52.6823285144
360 69.566178 1930.31737659 60.7703999314
365 69.566178 881.747641751 65.9452071809
370 69.566178 403.10914007 66.0487451657
375 69.566178 206.827537604 61.1864492616
380 69.566178 135.918177498 53.2674721989
385 69.566178 113.789447088 44.5407248208
390 69.566178 107.675546729 36.5809557445
395 69.566178 105.589958454 30.1797679319
400 69.566178 104.071114802 25.5943895257
0 74.5351907143 100000 35.5611446973
5 74.5351907143 100000 42.7109428567
10 74.5351907143 100000 48.9861597424
15 74.5351907143 100000 52.8529588988
20 74.5351907143 100000 53.99226603
25 74.5351907143 100000 53.5697560507
30 74.5351907143 64217.1623577 53.3021663114
35 74.5351907143 30847.1052913 54.0573901613
40 74.5351907143 16802.6437445 55.3339403238
45 74.5351907143 18734.6289942 56.0706660227
50 74.5351907143 35145.8337653 55.7576447643
55 74.5351907143 65159.8788079 54.6529425715
60 74.5351907143 100000 53.188577986
65 74.5351907143 100000 51.5312237507
70 74.5351907143 100000 49.7635293836
75 74.5351907143 100000 48.2698157007
80 74.5351907143 100000 47.7336285136
85 74.5351907143 80493.7987577 48.6109511791
90 74.5351907143 45603.990395 50.5004585816
95 74.5351907143 21960.2518438 52.0912766386
100 74.5351907143 9335.63887916 51.9990830427
105 74.5351907143 4091.05812244 49.897292513
110 74.5351907143 2612.53733564 46.8213073133
115 74.5351907143 2596.38892805 44.2191320859
120 74.5351907143 2863.90973551 42.6500906686
125 74.5351907143 2887.18393729 41.442817774
130 74.5351907143 2525.11719147 39.6406383961
135 74.5351907143 1894.71118681 37.355919189
140 74.5351907143 1223.73199175 36.4091722737
145 74.5351907143 694.271855288 39.7296881345
150 74.5351907143 369.094278076 49.6357607299
155 74.5351907143 229.348292145 65.6496922559
160 74.5351907143 290.385062839 83.3066153277
165 74.5351907143 814.256376659 95.705988177
170 74.5351907143 2756.29217212 97.6989503278
175 74.5351907143 8586.00210247 89.5239873841
180 74.5351907143 23252.2205119 76.4013416266
185 74.5351907143 54282.2811812 64.4784371805
190 74.5351907143 100000 57.097996049
195 74.5351907143 100000 54.2670774284
200 74.5351907143 100000 54.433942482
205 74.5351907143 100000 56.0906872016
210 74.5351907143 100000 58.196345444
215 74.5351907143 100000 60.0601980436
220 74.5351907143 100000 61.3331442415
225 74.5351907143 100000 62.02416162
230 74.5351907143 100000 62.2865954017
235 74.5351907143 100000 62.0821147003
240 74.5351907143 100000 61.0358124819
245 74.5351907143 100000 58.6322955915
250 74.5351907143 100000 54.6233602182
255 74.5351907143 69916.7729572 49.3341753927
260 74.5351907143 51254.7448938 43.6230028766
265 74.5351907143 40931.8509455 38.5737921694
270 74.5351907143 37051.6097114 35.1854946596
275 74.5351907143 38368.1319432 34.1213564774
280 74.5351907143 43432.8442617 35.430347473
285 74.5351907143 50308.9717912 38.3918681065
290 74.5351907143 57035.9837581 41.8028619346
295 74.5351907143 62544.2468661 44.6550887079
300 74.5351907143 66888.744446 46.6439145005
305 74.5351907143 70110.6159322 48.018677137
310 74.5351907143 70932.7176302 48.9285541359
315 74.5351907143 67194.8884373 48.9570814292
320 74.5351907143 57917.7026631 47.3901213019
325 74.5351907143 44690.4681914 44.0027786147
330 74.5351907143 30802.3682597 39.5536219075
335 74.5351907143 19141.6201973 35.4867943938
340 74.5351907143 10906.6388014 33.2217950992
345 74.5351907143 5806.13712142 33.6878767022
350 74.5351907143 2934.47140995 37.1503575794
355 74.5351907143 1427.61277526 42.9753542488
360 74.5351907143 683.622700834 49.4675754576
365 74.5351907143 340.19918592 54.3560847129
370 74.5351907143 195.675540146 55.9005361211
375 74.5351907143 143.862933075 53.7154516481
380 74.5351907143 131.36883713 48.6489208683
385 74.5351907143 132.051239973 42.0814774839
390 74.5351907143 133.436749987 35.3594812279
395 74.5351907143 130.701503038 29.5356059213
400 74.5351907143 123.930184859 25.2158240636
0 79.5042034286 100000 36.51635024
5 79.5042034286 100000 44.2255443353
10 79.5042034286 100000 50.9823882992
15 79.5042034286 100000 54.852816889
20 79.5042034286 100000 55.0519116911
25 79.5042034286 100000 52.5338947084
30 79.5042034286 62454.2700471 49.3917333501
35 79.5042034286 29737.6647109 47.4900800861
40 79.5042034286 15934.8765395 47.4865550622
45 79.5042034286 17436.5370413 48.9111622199
50 79.5042034286 32535.8632966 50.8525778794
55 79.5042034286 60279.2468814 52.4657670881
60 79.5042034286 96066.5276715 53.1404939542
65 79.5042034286 100000 52.6160605581
70 79.5042034286 100000 51.1029139231
75 79.5042034286 100000 49.2144792771
80 79.5042034286 100000 47.6416620354
85 79.5042034286 74650.4045132 46.7439745254
90 79.5042034286 42565.3575518 46.322310969
95 79.5042034286 20932.376076 45.7837046711
100 79.5042034286 9443.71802495 44.6989184714
105 79.5042034286 4583.61858452 43.3798621321
110 79.5042034286 2901.08563154 42.8564465529
115 79.5042034286 2308.86185507 43.9952086349
120 79.5042034286 1929.14546714 46.4106834213
125 79.5042034286 1532.59350124 48.3353674882
130 79.5042034286 1124.93570728 47.913330458
135 79.5042034286 759.05099825 44.9888950351
140 79.5042034286 475.315048102 41.859379965
145 79.5042034286 287.278008277 42.2734859571
150 79.5042034286 186.204665063 49.1911718318
155 79.5042034286 168.627491721 62.4718277701
160 79.5042034286 314.734908875 77.9315745138
165 79.5042034286 1008.84076311 89.0564858528
170 79.5042034286 3481.87369055 90.9919013123
175 79.5042034286 10800.9520193 83.8677387491
180 79.5042034286 28922.8456553 72.3880335109
185 79.5042034286 66461.5685397 62.1225935528
190 79.5042034286 100000 56.1072430262
195 79.5042034286 100000 54.3241769819
200 79.5042034286 100000 55.2583014905
205 79.5042034286 100000 57.354755523
210 79.5042034286 100000 59.5170087684
215 79.5042034286 100000 61.1561292808
220 79.5042034286 100000 62.2320906875
225 79.5042034286 100000 63.1300111626
230 79.5042034286 100000 64.2168801215
235 79.5042034286 100000 65.3648930148
240 79.5042034286 100000 65.8620420837
245 79.5042034286 100000 64.8035710985
250 79.5042034286 100000 61.6740549761
255 79.5042034286 100000 56.7017817172
260 79.5042034286 89571.5333171 50.7758702823
265 79.5042034286 78600.0977174 45.1013640928
270 79.5042034286 75947.1081457 40.8756589988
275 79.5042034286 80765.7718177 38.9791292331
280 79.5042034286 90908.8600263 39.5692871931
285 79.5042034286 100000 41.8463882984
290 79.5042034286 100000 44.4345564104
295 79.5042034286 100000 46.252029212
300 79.5042034286 99527.7398702 47.0898426577
305 79.5042034286 83925.8207117 47.3406506886
310 79.5042034286 66341.8592343 47.2226462897
315 79.5042034286 49699.8706473 46.3507379049
320 79.5042034286 35271.1856566 44.0888578371
325 79.5042034286 23456.2299214 40.2926139746
330 79.5042034286 14436.35839 35.6789796935
335 79.5042034286 8181.70325028 31.4913541055
340 79.5042034286 4298.21751397 28.8586816298
345 79.5042034286 2131.18369587 28.4217593264
350 79.5042034286 1026.37007054 30.2981264411
355 79.5042034286 502.266284787 34.0753775582
360 79.5042034286 270.459436553 38.7675834848
365 79.5042034286 180.789960982 43.0017275272
370 79.5042034286 162.235865461 45.4973331725
375 79.5042034286 181.641130614 45.5127045527
380 79.5042034286 218.634299428 43.0043409209
385 79.5042034286 253.908758693 38.5742559005
390 79.5042034286 269.78090283 33.2922265964
395 79.5042034286 257.786931124 28.3361908128
400 79.5042034286 223.323229847 24.5369641661
0 84.4732161429 100000 37.2426372969
5 84.4732161429 100000 45.2763736123
10 84.4732161429 100000 52.2293433395
15 84.4732161429 100000 55.9230991736
20 84.4732161429 100000 55.3275036884
25 84.4732161429 100000 51.3419356407
30 84.4732161429 63405.6319098 46.4036747626
35 84.4732161429 29774.0618 43.1366798147
40 84.4732161429 14911.462762 43.0170531854
45 84.4732161429 14389.7366518 45.8624012373
50 84.4732161429 25581.2337612 50.1903797026
55 84.4732161429 47037.7614402 54.0558354324
60 84.4732161429 74886.8244421 55.9781131518
65 84.4732161429 100000 55.5547321036
70 84.4732161429 100000 53.4207233274
75 84.4732161429 100000 50.6435750683
80 84.4732161429 86700.1955855 48.0612776207
85 84.4732161429 58905.9137058 45.9858761613
90 84.4732161429 34631.1356328 44.3075793841
95 84.4732161429 18792.0678169 42.8197048475
100 84.4732161429 10925.4745485 41.6116102345
105 84.4732161429 7898.42235389 41.3545643475
110 84.4732161429 6668.78758136 43.1236913655
115 84.4732161429 5546.87863447 47.4906106325
120 84.4732161429 4134.58815231 53.3882559698
125 84.4732161429 2691.02101336 58.0180582366
130 84.4732161429 1538.99296176 58.5177472647
135 84.4732161429 796.45210218 54.3085560431
140 84.4732161429 397.279234161 48.0268436935
145 84.4732161429 214.042164608 44.1060804706
150 84.4732161429 145.672119285 46.0505064905
155 84.4732161429 155.196581661 54.1686293028
160 84.4732161429 328.566312336 65.0517555127
165 84.4732161429 1089.47154986 73.3392917023
170 84.4732161429 3767.41586468 75.0544916971
175 84.4732161429 11622.730664 70.17900116
180 84.4732161429 30856.1340019 62.2520951578
185 84.4732161429 70107.5647693 55.4683868156
190 84.4732161429 100000 52.0723446388
195 84.4732161429 100000 51.9701327884
200 84.4732161429 100000 53.9008609425
205 84.4732161429 100000 56.53525196
210 84.4732161429 100000 58.9078028083
215 84.4732161429 100000 60.5696483416
220 84.4732161429 100000 61.6969474951
225 84.4732161429 100000 62.9153075803
230 84.4732161429 100000 64.7270793926
235 84.4732161429 100000 66.9431878014
240 84.4732161429 100000 68.6390965925
245 84.4732161429 100000 68.6906249434
250 84.4732161429 100000 66.4527670074
255 84.4732161429 100000 62.0938759455
260 84.4732161429 100000 56.4578343434
265 84.4732161429 100000 50.7258758718
270 84.4732161429 100000 46.1464902821
275 84.4732161429 100000 43.7390624817
280 84.4732161429 100000 43.8166002702
285 84.4732161429 100000 45.6526584835
290 84.4732161429 100000 47.8331507645
295 84.4732161429 100000 49.178200927
300 84.4732161429 100000 49.3695040421
305 84.4732161429 100000 48.6940135313
310 84.4732161429 89101.505544 47.3292714854
315 84.4732161429 55629.4219459 45.0353154732
320 84.4732161429 31601.9395591 41.5214237537
325 84.4732161429 16585.9209866 36.9807200145
330 84.4732161429 8169.35369344 32.1963960919
335 84.4732161429 3832.5063911 28.1511569153
340 84.4732161429 1742.80836586 25.5563769218
345 84.4732161429 792.254123007 24.6858052419
350 84.4732161429 382.593359643 25.4916255654
355 84.4732161429 218.788173271 27.7261929759
360 84.4732161429 170.758773254 30.9335843537
365 84.4732161429 193.090069902 34.4115611818
370 84.4732161429 278.69927773 37.2665082749
375 84.4732161429 425.148857291 38.5994803468
380 84.4732161429 607.030837331 37.8280505311
385 84.4732161429 766.744758373 35.0329741792
390 84.4732161429 837.438721672 31.0307107392
395 84.4732161429 785.706529384 26.9817868356
400 84.4732161429 635.99519702 23.7882853151
0 89.4422288571 100000 37.5672570439
5 89.4422288571 100000 45.5704089969
10 89.4422288571 100000 52.2987437056
15 89.4422288571 100000 55.5361171234
20 89.4422288571 100000 54.2895888032
25 89.4422288571 100000 49.5936386553
30 89.4422288571 67283.9789868 44.1704477278
35 89.4422288571 31209.2264989 41.0829178122
40 89.4422288571 14260.7627946 42.190885873
45 89.4422288571 10904.1893106 47.2417809097
50 89.4422288571 17210.7112729 54.0198187713
55 89.4422288571 30999.0187006 59.5323637593
60 89.4422288571 49214.1890684 61.6538151555
65 89.4422288571 66113.8250929 60.1580395473
70 89.4422288571 74803.6551593 56.4166769521
75 89.4422288571 71386.376614 52.1916998307
80 89.4422288571 57888.3474776 48.6267425945
85 89.4422288571 40910.5639135 46.038793337
90 89.4422288571 27177.881504 44.263453128
95 89.4422288571 19857.4859248 43.0839380246
100 89.4422288571 17994.6738589 42.5850069997
105 89.4422288571 18395.4716317 43.4183175368
110 89.4422288571 18038.8053201 46.6667359769
115 89.4422288571 15601.883332 52.8895718704
120 89.4422288571 11581.3660455 60.7715516792
125 89.4422288571 7339.72793797 66.8914040275
130 89.4422288571 3989.20116428 67.632232527
135 89.4422288571 1887.19153786 62.0040215488
140 89.4422288571 807.1827491 52.7621571454
145 89.4422288571 343.801133576 44.6984023025
150 89.4422288571 179.690266133 41.6065626697
155 89.4422288571 159.771009325 44.1876735264
160 89.4422288571 313.577771144 49.9624746256
165 89.4422288571 1014.88429784 54.9831084905
170 89.4422288571 3476.05774631 56.343973476
175 89.4422288571 10652.0647205 53.881064623
180 89.4422288571 28081.233781 49.7988944716
185 89.4422288571 63270.2909443 46.7079743887
190 89.4422288571 100000 45.9435815038
195 89.4422288571 100000 47.3580193276
200 89.4422288571 100000 50.0822568237
205 89.4422288571 100000 53.1901425885
210 89.4422288571 100000 55.9547486972
215 89.4422288571 100000 58.0200786635
220 89.4422288571 100000 59.5952994491
225 89.4422288571 100000 61.3473663119
230 89.4422288571 100000 63.8199937622
235 89.4422288571 100000 66.8064299886
240 89.4422288571 100000 69.2997517542
245 89.4422288571 100000 70.1013816363
250 89.4422288571 100000 68.5510086049
255 89.4422288571 100000 64.8288258321
260 89.4422288571 100000 59.7610801168
265 89.4422288571 100000 54.4693202806
270 89.4422288571 100000 50.1382847256
275 89.4422288571 100000 47.7803802144
280 89.4422288571 100000 47.7902963003
285 89.4422288571 100000 49.5637927584
290 89.4422288571 100000 51.7443457005
295 89.4422288571 100000 53.0726978608
300 89.4422288571 100000 53.0316940976
305 89.4422288571 100000 51.6898247046
310 89.4422288571 100000 49.1394845873
315 89.4422288571 75874.8018636 45.3215703842
320 89.4422288571 39045.5309857 40.3664815816
325 89.4422288571 17699.0083176 34.8883327066
330 89.4422288571 7161.65508669 29.8110292171
335 89.4422288571 2660.80743586 25.9088645693
340 89.4422288571 962.469003147 23.5077522542
345 89.4422288571 380.878705075 22.5423329191
350 89.4422288571 198.794820372 22.8076621844
355 89.4422288571 163.787155736 24.1397554211
360 89.4422288571 218.483876713 26.3959068724
365 89.4422288571 390.322485084 29.2781867147
370 89.4422288571 737.308075551 32.1551005952
375 89.4422288571 1285.27764209 34.1002793298
380 89.4422288571 1955.04304978 34.2809931884
385 89.4422288571 2540.95397355 32.494911662
390 89.4422288571 2800.09172619 29.3733868119
395 89.4422288571 2610.73683222 26.0005549925
400 89.4422288571 2062.57344912 23.269874142
0 94.4112415714 100000 37.4993170324
5 94.4112415714 100000 45.1195713816
10 94.4112415714 100000 51.1969976794
15 94.4112415714 100000 53.662933455
20 94.4112415714 100000 51.8082459571
25 94.4112415714 100000 46.9524537585
30 94.4112415714 73833.5576581 42.0177052967
35 94.4112415714 34039.8312386 40.1938816045
40 94.4112415714 14370.1105245 43.3465204317
45 94.4112415714 8158.07696545 50.9040401861
50 94.4112415714 10129.4473014 59.8944164123
55 94.4112415714 17320.1118409 66.440533866
60 94.4112415714 27303.1017422 68.0081299705
65 94.4112415714 36689.0554895 64.7624150358
70 94.4112415714 41705.9361916 58.9712712676
75 94.4112415714 40451.9000262 53.2051790473
80 94.4112415714 34573.9941057 48.9855999691
85 94.4112415714 28490.2540961 46.6222163857
90 94.4112415714 26570.4065347 45.7315452163
95 94.4112415714 30370.6065709 45.7590568547
100 94.4112415714 37688.706984 46.391876862
105 94.4112415714 43902.3624438 47.9587305298
110 94.4112415714 44811.1536231 51.4579986026
115 94.4112415714 39186.6026 57.6181374741
120 94.4112415714 29201.0165985 65.3425234639
125 94.4112415714 18560.2859815 71.2390372087
130 94.4112415714 10110.8593458 71.5016640084
135 94.4112415714 4766.85976808 64.9003598814
140 94.4112415714 1984.33772101 54.0169213553
145 94.4112415714 765.282377662 43.4967359786
150 94.4112415714 311.5618051 37.0266233734
155 94.4112415714 188.410908802 35.5053603091
160 94.4112415714 277.660033291 37.2592149963
165 94.4112415714 817.740322914 39.5899674913
170 94.4112415714 2732.71841968 40.5304743927
175 94.4112415714 8295.78255861 39.8161793316
180 94.4112415714 21727.8558133 38.5633494426
185 94.4112415714 48632.3116589 38.103509357
190 94.4112415714 93130.1618436 39.066996716
195 94.4112415714 100000 41.3235387047
200 94.4112415714 100000 44.4099650128
205 94.4112415714 100000 47.8181610183
210 94.4112415714 100000 51.0493513295
215 94.4112415714 100000 53.7489593665
220 94.4112415714 100000 55.9925573234
225 94.4112415714 100000 58.3320101748
230 94.4112415714 100000 61.3006866158
235 94.4112415714 100000 64.7460810917
240 94.4112415714 100000 67.7019750338
245 94.4112415714 100000 68.978899954
250 94.4112415714 100000 67.9258067468
255 94.4112415714 100000 64.7576831162
260 94.4112415714 100000 60.3480257609
265 94.4112415714 100000 55.8206965856
270 94.4112415714 100000 52.2684682943
275 94.4112415714 100000 50.5639707314
280 94.4112415714 100000 51.0364304549
285 94.4112415714 100000 53.1390548015
290 94.4112415714 100000 55.5961641837
295 94.4112415714 100000 57.1203633271
300 94.4112415714 100000 57.0399750559
305 94.4112415714 100000 55.248710449
310 94.4112415714 100000 51.7819116684
315 94.4112415714 98492.8725712 46.7273623435
320 94.4112415714 49383.0055796 40.5394914426
325 94.4112415714 21413.6196918 34.1732934555
330 94.4112415714 8055.91071362 28.7113269724
335 94.4112415714 2671.25124181 24.8298675372
340 94.4112415714 827.225778521 22.5999039267
345 94.4112415714 289.312808668 21.7061873743
350 94.4112415714 171.457846192 21.8080776114
355 94.4112415714 217.087723775 22.761325699
360 94.4112415714 438.62962333 24.5848134581
365 94.4112415714 986.721912697 27.2003733355
370 94.4112415714 2063.07810816 30.1224682588
375 94.4112415714 3755.29609125 32.4112101354
380 94.4112415714 5821.84807028 33.0918417388
385 94.4112415714 7629.31519388 31.7968237428
390 94.4112415714 8428.69337165 29.0515102587
395 94.4112415714 7844.6183762 25.9098819637
400 94.4112415714 6153.75502156 23.2872280599
0 99.3802542857 100000 37.1416897285
5 99.3802542857 100000 44.1449533272
10 99.3802542857 100000 49.2943623524
15 99.3802542857 100000 50.7776640855
20 99.3802542857 100000 48.3014293751
25 99.3802542857 100000 43.5194468905
30 99.3802542857 82052.6145473 39.4321076953
35 99.3802542857 37843.4272779 39.0876812484
40 99.3802542857 15245.9391307 44.0995165169
45 99.3802542857 6623.33852876 53.5259416687
50 99.3802542857 5532.94186692 63.8695209665
55 99.3802542857 8306.99596704 70.7470407896
60 99.3802542857 12854.6055721 71.4960477439
65 99.3802542857 17349.3129487 66.7154001734
70 99.3802542857 20192.8593373 59.4412336162
75 99.3802542857 21086.0062266 52.908063587
80 99.3802542857 21962.3133238 48.9148110412
85 99.3802542857 26534.5451757 47.6560735846
90 99.3802542857 38179.2604011 48.3717965936
95 99.3802542857 57088.3682172 50.0000107828
100 99.3802542857 78543.7948283 51.7033422916
105 99.3802542857 94266.2312035 53.4009576218
110 99.3802542857 96975.5276967 55.9471580374
115 99.3802542857 85130.8502018 60.2935160944
120 99.3802542857 63805.5559331 65.888231388
125 99.3802542857 40967.5711732 69.9808467626
130 99.3802542857 22668.5512698 69.1945302924
135 99.3802542857 10907.2945238 62.2945944393
140 99.3802542857 4625.63992208 51.4235641737
145 99.3802542857 1770.74770711 40.5801108104
150 99.3802542857 649.462868827 32.9497940136
155 99.3802542857 279.163551166 29.4059849555
160 99.3802542857 248.900184509 28.848756473
165 99.3802542857 581.464135151 29.4946101642
170 99.3802542857 1837.45595835 30.0515288077
175 99.3802542857 5489.01181725 30.2147315018
180 99.3802542857 14268.6159068 30.4144174718
185 99.3802542857 31748.7704021 31.1936969132
190 99.3802542857 60422.5484846 32.7876219851
195 99.3802542857 98799.5066708 35.1462518973
200 99.3802542857 100000 38.1360210422
205 99.3802542857 100000 41.5714887857
210 99.3802542857 100000 45.1098414726
215 99.3802542857 100000 48.3323924395
220 99.3802542857 100000 51.1031360408
225 99.3802542857 100000 53.7889048896
230 99.3802542857 100000 56.9083649252
235 99.3802542857 100000 60.4535969564
240 99.3802542857 100000 63.6215135388
245 99.3802542857 100000 65.2776445834
250 99.3802542857 100000 64.7198307616
255 99.3802542857 100000 62.1197527691
260 99.3802542857 100000 58.4022123847
265 99.3802542857 100000 54.774284981
270 99.3802542857 100000 52.2958028593
275 99.3802542857 100000 51.6564399719
280 99.3802542857 100000 52.9935009853
285 99.3802542857 100000 55.6982995953
290 99.3802542857 100000 58.5368198676
295 99.3802542857 100000 60.2449100652
300 99.3802542857 100000 60.1100575995
305 99.3802542857 100000 57.9823696813
310 99.3802542857 100000 53.9183534662
315 99.3802542857 100000 48.1079656705
320 99.3802542857 55616.5627873 41.1711347924
325 99.3802542857 23817.6504659 34.244029681
330 99.3802542857 8785.32840242 28.5268717767
335 99.3802542857 2821.033767 24.6892980747
340 99.3802542857 831.847104322 22.6814582101
345 99.3802542857 284.202637742 22.020452651
350 99.3802542857 208.022149788 22.2315717009
355 99.3802542857 384.604152504 23.137475885
360 99.3802542857 974.753150262 24.8490341061
365 99.3802542857 2402.76131876 27.4472936214
370 99.3802542857 5200.76838087 30.5516782387
375 99.3802542857 9598.38598214 33.184072941
380 99.3802542857 14968.5207736 34.212852345
385 99.3802542857 19665.3487562 33.1069610811
390 99.3802542857 21742.5837692 30.3212498165
395 99.3802542857 20224.8326718 26.9517900408
400 99.3802542857 15831.0279392 24.0191233965
0 104.349267 100000 36.5778688528
5 104.349267 100000 42.9079281114
10 104.349267 100000 47.1070747875
15 104.349267 100000 47.6286728258
20 104.349267 100000 44.5755100682
25 104.349267 100000 39.8641184149
30 104.349267 90189.2621705 36.4277993473
35 104.349267 41796.0349895 36.9797637324
40 104.349267 16537.4917671 42.7628572228
45 104.349267 6105.68182028 52.600247217
50 104.349267 3188.04184829 62.9166638425
55 104.349267 3566.2103345 69.3779356207
60 104.349267 5259.18995176 69.4997424413
65 104.349267 7312.7570122 64.1884158519
70 104.349267 9488.21556811 56.843849548
75 104.349267 12828.7858869 50.9733309412
80 104.349267 20312.2942328 48.4112916736
85 104.349267 36448.9626743 49.098642691
90 104.349267 64910.1633903 51.8200708563
95 104.349267 100000 55.0265627785
100 104.349267 100000 57.484851377
105 104.349267 100000 58.8341978463
110 104.349267 100000 59.7999572421
115 104.349267 100000 61.5039981729
120 104.349267 100000 64.0079054442
125 104.349267 79099.8742248 65.4960181575
130 104.349267 44867.8923676 63.3915261341
135 104.349267 22317.9554752 56.6361844762
140 104.349267 9831.52945792 46.8221219741
145 104.349267 3880.11545349 37.0505392477
150 104.349267 1403.91238992 29.8110866098
155 104.349267 507.573644143 25.8204515296
160 104.349267 266.02326281 24.3466114958
165 104.349267 388.050421162 24.2033225841
170 104.349267 1071.86817456 24.5238889681
175 104.349267 3096.28342312 24.9969110827
180 104.349267 7953.88063668 25.6842944818
185 104.349267 17581.0442579 26.7213412322
190 104.349267 33271.1397346 28.1735757783
195 104.349267 54076.4438815 30.0971309448
200 104.349267 76024.8906308 32.6023375613
205 104.349267 93429.8820181 35.7310204305
210 104.349267 100000 39.2449253913
215 104.349267 100000 42.6524853699
220 104.349267 92752.5572302 45.600796433
225 104.349267 83779.8633789 48.248224173
230 104.349267 78945.0299591 51.0999007505
235 104.349267 81828.385733 54.372755876
240 104.349267 93356.9876213 57.5493369994
245 104.349267 100000 59.5968810176
250 104.349267 100000 59.6703168494
255 104.349267 100000 57.7415108386
260 104.349267 100000 54.6988896186
265 104.349267 100000 51.8755008869
270 104.349267 100000 50.4122070603
275 104.349267 100000 50.8845960514
280 104.349267 100000 53.1995430314
285 104.349267 100000 56.5847490867
290 104.349267 100000 59.7764228756
295 104.349267 100000 61.5459108371
300 104.349267 100000 61.2283914055
305 104.349267 100000 58.7565227117
310 104.349267 100000 54.3123687165
315 104.349267 100000 48.2003705867
320 104.349267 53897.3586109 41.1015481417
325 104.349267 22924.6273344 34.181613369
330 104.349267 8391.61007391 28.6730786582
335 104.349267 2672.29414418 25.2643840053
340 104.349267 785.948410222 23.854134681
345 104.349267 289.323168296 23.804046657
350 104.349267 292.725681014 24.4318822146
355 104.349267 714.920247863 25.4340485576
360 104.349267 2013.46910246 26.9882536299
365 104.349267 5140.6990475 29.4026152132
370 104.349267 11266.0328976 32.5101939528
375 104.349267 20892.9019414 35.3682694863
380 104.349267 32648.6736308 36.6865919456
385 104.349267 42930.5015798 35.709423648
390 104.349267 47477.7770204 32.7542279321
395 104.349267 44155.268417 28.9379887201
400 104.349267 34536.7911007 25.4238931612
0 109.318279714 100000 35.8702149915
5 109.318279714 100000 41.637699645
10 109.318279714 100000 45.112142773
15 109.318279714 100000 44.9377042639
20 109.318279714 100000 41.4711542484
25 109.318279714 100000 36.7419962703
30 109.318279714 96356.8179711 33.5005521311
35 109.318279714 44972.7282595 34.0542580397
40 109.318279714 17762.9282007 39.2983563758
45 109.318279714 6133.1810017 48.0434307308
50 109.318279714 2258.43277809 57.0898302024
55 109.318279714 1565.68646206 62.6450186125
60 109.318279714 2093.77239116 62.6111516871
65 109.318279714 3369.26280429 57.9749663059
70 109.318279714 6068.43269677 52.0141111097
75 109.318279714 12521.8156501 48.0723471772
80 109.318279714 27354.807851 47.7900521193
85 109.318279714 56890.4821159 50.8003860354
90 109.318279714 100000 55.4941417936
95 109.318279714 100000 60.0031093062
100 109.318279714 100000 62.9411857386
105 109.318279714 100000 63.8734661412
110 109.318279714 100000 63.4457394873
115 109.318279714 100000 62.8368003684
120 109.318279714 100000 62.5592169582
125 109.318279714 100000 61.6397958143
130 109.318279714 79187.3047054 58.3064718989
135 109.318279714 41087.790821 51.7343716249
140 109.318279714 18967.7750779 43.0395940951
145 109.318279714 7813.53442181 34.5178907758
150 109.318279714 2887.29953919 28.0547261413
155 109.318279714 987.897766278 24.2289552016
160 109.318279714 371.674899008 22.5537318754
165 109.318279714 282.300948244 22.2113369416
170 109.318279714 566.993528288 22.5712225731
175 109.318279714 1508.70432461 23.2908679194
180 109.318279714 3779.62776909 24.1851952581
185 109.318279714 8266.22545314 25.1241646362
190 109.318279714 15540.4332589 26.0790728171
195 109.318279714 25112.3120994 27.2288717935
200 109.318279714 35087.7810051 28.9309604019
205 109.318279714 42819.2312468 31.4655543207
210 109.318279714 46315.3698332 34.7159234272
215 109.318279714 45393.5758393 38.1221995412
220 109.318279714 41785.7575236 41.0783983111
225 109.318279714 38345.3213454 43.4627211479
230 109.318279714 38005.8547301 45.7308256085
235 109.318279714 42882.643843 48.3940373312
240 109.318279714 53699.3463249 51.3572278771
245 109.318279714 70011.3351985 53.7607128756
250 109.318279714 91446.0000822 54.5354219635
255 109.318279714 100000 53.2730523378
260 109.318279714 100000 50.6881359889
265 109.318279714 100000 48.2490102521
270 109.318279714 100000 47.3163814633
275 109.318279714 100000 48.5043914731
280 109.318279714 100000 51.5500312761
285 109.318279714 100000 55.4774633779
290 109.318279714 100000 58.9197053925
295 109.318279714 100000 60.636513098
300 109.318279714 100000 60.0125601627
305 109.318279714 100000 57.121633279
310 109.318279714 100000 52.3737771293
315 109.318279714 91067.4296009 46.2736680561
320 109.318279714 44677.8104001 39.5611220331
325 109.318279714 18868.0073214 33.3437898774
330 109.318279714 6867.82285434 28.7988689603
335 109.318279714 2185.81828316 26.6088624161
340 109.318279714 659.228989621 26.6116207165
345 109.318279714 289.706430752 27.9159188076
350 109.318279714 424.732759435 29.4263708528
355 109.318279714 1228.94945432 30.5206403128
360 109.318279714 3628.01666226 31.4214812152
365 109.318279714 9395.76598134 32.8565180514
370 109.318279714 20691.9522845 35.1752496463
375 109.318279714 38445.4616138 37.7255362048
380 109.318279714 60125.0014886 39.1563470553
385 109.318279714 79086.3501857 38.4095537025
390 109.318279714 87472.2592855 35.483350101
395 109.318279714 81345.0177606 31.3485529053
400 109.318279714 63606.9948541 27.2464275851
0 114.287292429 100000 35.0632551743
5 114.287292429 100000 40.4695431124
10 114.287292429 100000 43.5821234692
15 114.287292429 100000 43.1229557241
20 114.287292429 100000 39.509522804
25 114.287292429 100000 34.7270898281
30 114.287292429 98750.6003204 31.3090951417
35 114.287292429 46442.7743575 31.238882645
40 114.287292429 18429.9516329 35.2119553676
45 114.287292429 6254.31830053 42.2205462244
50 114.287292429 1982.02848485 49.6599145376
55 114.287292429 929.313181458 54.431245866
60 114.287292429 1201.41357398 54.7875968734
65 114.287292429 2693.02780252 51.5576988977
70 114.287292429 6859.72795722 47.5868837374
75 114.287292429 17330.504076 45.8371541601
80 114.287292429 40564.9222586 47.7029988248
85 114.287292429 84866.6569202 52.6041671231
90 114.287292429 100000 58.7222290912
95 114.287292429 100000 64.0881330617
100 114.287292429 100000 67.3620040859
105 114.287292429 100000 68.1654423965
110 114.287292429 100000 67.082922373
115 114.287292429 100000 65.2259477931
120 114.287292429 100000 63.300834403
125 114.287292429 100000 60.8605130894
130 114.287292429 100000 56.6898188891
135 114.287292429 68597.6972006 50.1381907092
140 114.287292429 33242.7022169 42.0096030859
145 114.287292429 14297.6384977 34.0965490403
150 114.287292429 5440.38069699 27.966538008
155 114.287292429 1851.86826385 24.2043601064
160 114.287292429 609.583237386 22.5435294146
165 114.287292429 274.21170404 22.4135918292
170 114.287292429 309.387907894 23.2980822934
175 114.287292429 664.162106819 24.7340282835
180 114.287292429 1557.22382313 26.1984269151
185 114.287292429 3323.45337961 27.1879806284
190 114.287292429 6176.0662434 27.5193964249
195 114.287292429 9905.57796735 27.5620899967
200 114.287292429 13751.1982124 28.1059201689
205 114.287292429 16670.6714678 29.8667309911
210 114.287292429 17907.7117764 32.9440823474
215 114.287292429 17453.4266959 36.6473810818
220 114.287292429 16100.8750593 39.9239960898
225 114.287292429 15154.697212 42.1573461317
230 114.287292429 16024.5618266 43.6639292444
235 114.287292429 19829.6308066 45.3490542873
240 114.287292429 27142.0789521 47.735559642
245 114.287292429 38169.4552567 50.2546476766
250 114.287292429 53396.8579213 51.5586334112
255 114.287292429 73819.2744241 50.6907109617
260 114.287292429 99903.7410286 48.0531230157
265 114.287292429 100000 45.2477183311
270 114.287292429 100000 43.989078602
275 114.287292429 100000 45.1100377873
280 114.287292429 100000 48.3041397482
285 114.287292429 100000 52.4234472293
290 114.287292429 100000 55.9546100696
295 114.287292429 100000 57.568755533
300 114.287292429 100000 56.628405637
305 114.287292429 100000 53.3244833069
310 114.287292429 100000 48.3441740819
315 114.287292429 65208.0109634 42.4830675336
320 114.287292429 31688.9806294 36.5989111831
325 114.287292429 13270.8348143 31.7360445896
330 114.287292429 4806.99475819 28.9894452516
335 114.287292429 1540.68266989 29.0250720088
340 114.287292429 494.243336401 31.5683339026
345 114.287292429 288.499892927 35.2774664899
350 114.287292429 584.342559522 38.3057053564
355 114.287292429 1850.66727951 39.4159426916
360 114.287292429 5580.59587162 38.842717349
365 114.287292429 14541.6171542 38.0162841856
370 114.287292429 32091.1351437 38.2476713636
375 114.287292429 59672.5465821 39.5583904311
380 114.287292429 93353.3362497 40.707852846
385 114.287292429 100000 40.2677417616
390 114.287292429 100000 37.6927535661
395 114.287292429 100000 33.5698488662
400 114.287292429 98762.8738316 29.0838310181
0 119.256305143 100000 34.12315754
5 119.256305143 100000 39.3567228889
10 119.256305143 100000 42.4738189724
15 119.256305143 100000 42.1711022374
20 119.256305143 100000 38.7429730181
25 119.256305143 100000 34.0053557466
30 119.256305143 95339.2912239 30.3244414555
35 119.256305143 45139.7967141 29.567471746
40 119.256305143 18019.3868948 32.4636711902
45 119.256305143 6121.37579813 38.2950974316
50 119.256305143 1895.11032636 44.9519718137
55 119.256305143 876.505846442 49.7526529466
60 119.256305143 1413.00145168 50.9886892789
65 119.256305143 3859.49223532 49.1427153213
70 119.256305143 10499.0592565 46.6228354492
75 119.256305143 26187.9558687 46.1291594607
80 119.256305143 58821.6073537 48.9818694174
85 119.256305143 100000 54.5897723285
90 119.256305143 100000 61.1427009272
95 119.256305143 100000 66.7473196838
100 119.256305143 100000 70.199143244
105 119.256305143 100000 71.1925034046
110 119.256305143 100000 70.2219066061
115 119.256305143 100000 68.2302799882
120 119.256305143 100000 65.8925216535
125 119.256305143 100000 62.9635127801
130 119.256305143 100000 58.4932244665
135 119.256305143 100000 51.8987630965
140 119.256305143 53023.8551346 43.8073566817
145 119.256305143 23697.609805 35.8037446759
150 119.256305143 9284.39739379 29.43642214
155 119.256305143 3212.0937351 25.4809686159
160 119.256305143 1032.92233121 23.9504750102
165 119.256305143 373.252620301 24.5137035966
170 119.256305143 233.223540337 26.7216125979
175 119.256305143 309.791703878 29.8545811805
180 119.256305143 594.199119666 32.7758491513
185 119.256305143 1176.74065569 34.2783696464
190 119.256305143 2120.28583483 33.8571851874
195 119.256305143 3348.67259004 32.2294234511
200 119.256305143 4603.75980906 31.0292949618
205 119.256305143 5538.81563708 31.8196638841
210 119.256305143 5911.50610953 35.0822213927
215 119.256305143 5741.86885617 39.8295270184
220 119.256305143 5338.54646699 44.1693398656
225 119.256305143 5214.35515636 46.6094515327
230 119.256305143 5957.51898791 47.1862482826
235 119.256305143 8095.04900585 47.3471695523
240 119.256305143 12018.911987 48.5093427678
245 119.256305143 18113.6609535 50.5821049354
250 119.256305143 27028.949383 51.9427648428
255 119.256305143 39611.0517896 50.968818824
260 119.256305143 56167.3539069 47.6354198747
265 119.256305143 75860.3214563 43.6479433442
270 119.256305143 97435.6179397 41.1419896986
275 119.256305143 100000 41.2968603036
280 119.256305143 100000 43.8944938379
285 119.256305143 100000 47.701293063
290 119.256305143 100000 51.0792430487
295 119.256305143 100000 52.5781211498
300 119.256305143 100000 51.4712699237
305 119.256305143 100000 47.9890662789
310 119.256305143 71925.517641 43.0395839398
315 119.256305143 40083.5043106 37.6987241598
320 119.256305143 19266.1029062 32.9723279209
325 119.256305143 7996.86486695 29.8933801439
330 119.256305143 2891.31937932 29.539030926
335 119.256305143 948.094522484 32.6113646223
340 119.256305143 344.014549563 38.687911568
345 119.256305143 286.160184754 45.7702642092
350 119.256305143 722.473768398 50.9158675262
355 119.256305143 2389.40887371 51.9797250502
360 119.256305143 7272.62938357 49.1747496707
365 119.256305143 19000.82208 44.8964810751
370 119.256305143 41969.2453981 41.8140232487
375 119.256305143 78067.1529401 40.9446739275
380 119.256305143 100000 41.2974306529
385 119.256305143 100000 41.0411493816
390 119.256305143 100000 38.9561609655
395 119.256305143 100000 35.096740598
400 119.256305143 100000 30.4790624714
0 124.225317857 100000 32.9491675514
5 124.225317857 100000 38.1172893747
10 124.225317857 100000 41.5211941364
15 124.225317857 100000 41.7648353657
20 124.225317857 100000 38.8723751431
25 124.225317857 100000 34.3962052134
30 124.225317857 84521.5325456 30.6188748407
35 124.225317857 40221.5374719 29.5413581175
40 124.225317857 16140.3323485 32.1772434629
45 124.225317857 5526.87011717 38.1326140691
50 124.225317857 1795.75534896 45.4959246886
55 124.225317857 1126.94749176 51.4834273856
60 124.225317857 2406.85122615 53.9793447513
65 124.225317857 6711.26573503 53.0043822378
70 124.225317857 17340.7094432 50.7447343363
75 124.225317857 40220.7709572 49.9773477109
80 124.225317857 83758.1684932 52.2331652957
85 124.225317857 100000 57.1159540692
90 124.225317857 100000 62.9801414703
95 124.225317857 100000 68.0997264541
100 124.225317857 100000 71.4144920816
105 124.225317857 100000 72.6561120173
110 124.225317857 100000 72.1922719075
115 124.225317857 100000 70.7334864315
120 124.225317857 100000 68.7783054734
125 124.225317857 100000 66.0713834957
130 124.225317857 100000 61.7428804197
135 124.225317857 100000 55.2141521712
140 124.225317857 77291.5977633 47.0149507559
145 124.225317857 35710.8565144 38.6878402101
150 124.225317857 14429.4460246 31.9294507317
155 124.225317857 5187.08169196 27.8242332007
160 124.225317857 1770.34406293 26.7456707517
165 124.225317857 665.256375752 28.6756763382
170 124.225317857 330.566877543 33.2618057255
175 124.225317857 242.533648068 39.3905983348
180 124.225317857 274.033387304 44.9372782636
185 124.225317857 415.673279122 47.5262961998
190 124.225317857 670.879894293 46.0979194088
195 124.225317857 1009.87668702 41.9328462983
200 124.225317857 1355.46713366 38.0629337563
205 124.225317857 1608.95177976 37.4349787111
210 124.225317857 1704.62846232 41.1187877776
215 124.225317857 1655.50051679 47.624453581
220 124.225317857 1564.02915459 53.7633265153
225 124.225317857 1603.80265154 56.7422965075
230 124.225317857 1988.20861153 56.1503215373
235 124.225317857 2936.74626513 54.09719705
240 124.225317857 4670.90454651 53.1534586204
245 124.225317857 7488.05125107 53.9330678151
250 124.225317857 11857.4677886 54.6563350135
255 124.225317857 18312.890346 53.0511288784
260 124.225317857 27053.7587696 48.606213526
265 124.225317857 37701.2978602 43.0294957406
270 124.225317857 49737.4943171 38.7920679081
275 124.225317857 63098.917761 37.4080423438
280 124.225317857 77557.6257367 38.8192677337
285 124.225317857 90925.4139009 41.8170224815
290 124.225317857 98498.6256541 44.7415647488
295 124.225317857 95616.762403 46.0937445231
300 124.225317857 81465.5489461 45.0725384334
305 124.225317857 60239.9316097 41.8698670782
310 124.225317857 38468.9938346 37.455317692
315 124.225317857 21183.9787052 33.0261856402
320 124.225317857 10068.2780199 29.6672779594
325 124.225317857 4150.90088882 28.4424221047
330 124.225317857 1513.51030649 30.5151829917
335 124.225317857 526.772088296 36.7184106362
340 124.225317857 236.712426711 46.5121724886
345 124.225317857 275.965706323 57.1889414049
350 124.225317857 780.81183783 64.604546179
355 124.225317857 2623.31714634 65.6157188126
360 124.225317857 8008.07480659 60.3986472639
365 124.225317857 20939.1135204 52.3722733172
370 124.225317857 46262.9916222 45.6357956997
375 124.225317857 86062.7893665 42.2376268067
380 124.225317857 100000 41.4467754313
385 124.225317857 100000 41.0653513427
390 124.225317857 100000 39.2762144394
395 124.225317857 100000 35.6668898991
400 124.225317857 100000 31.07647854
0 129.194330571 100000 31.502734479
5 129.194330571 100000 36.6189546872
10 129.194330571 100000 40.4566320352
15 129.194330571 100000 41.5029819112
20 129.194330571 100000 39.4216663207
25 129.194330571 100000 35.4354307341
30 129.194330571 66968.3011107 31.7983845615
35 129.194330571 31983.0399093 30.8209107185
40 129.194330571 12895.1666372 33.9711828902
45 129.194330571 4487.27825578 41.1721524582
50 129.194330571 1669.15213447 50.4446633369
55 129.194330571 1693.74799983 58.4869220803
60 129.194330571 4362.99158572 62.4576632203
65 129.194330571 11886.0202983 61.8810391105
70 129.194330571 28930.2368841 58.9371062724
75 129.194330571 62357.350198 56.7615761828
80 129.194330571 100000 57.3038771231
85 129.194330571 100000 60.4806305932
90 129.194330571 100000 64.8713756082
95 129.194330571 100000 68.9312957461
100 129.194330571 100000 71.7225419602
105 129.194330571 100000 72.9912733318
110 129.194330571 100000 72.9717845255
115 129.194330571 100000 72.1202093689
120 129.194330571 100000 70.6904288248
125 129.194330571 100000 68.333671368
130 129.194330571 100000 64.2311167041
135 129.194330571 100000 57.8584562818
140 129.194330571 100000 49.7294270578
145 129.194330571 49457.2497739 41.3882252976
150 129.194330571 20856.7571832 34.6612104796
155 129.194330571 8138.88433174 30.8983036979
160 129.194330571 3259.36360266 30.8299581737
165 129.194330571 1501.589171 34.8175456949
170 129.194330571 795.00101007 42.6778903774
175 129.194330571 449.831806346 52.8423715242
180 129.194330571 280.687513958 61.9194918071
185 129.194330571 227.653947954 65.9876460201
190 129.194330571 252.048397866 63.2317307456
195 129.194330571 319.373619146 55.6562768507
200 129.194330571 396.438631349 48.1150806513
205 129.194330571 453.802494676 45.3408420317
210 129.194330571 474.648976278 49.1495883382
215 129.194330571 463.674790358 57.4502938096
220 129.194330571 449.871307814 65.5394132328
225 129.194330571 483.906510483 69.1260895157
230 129.194330571 633.16179362 67.2314802805
235 129.194330571 977.914739502 62.5715613492
240 129.194330571 1620.72027361 58.8806891319
245 129.194330571 2721.5846328 57.5976209107
250 129.194330571 4526.71082395 57.0183946486
255 129.194330571 7303.29086764 54.4519160794
260 129.194330571 11169.0265901 48.9635957557
265 129.194330571 16016.2758802 42.1051584685
270 129.194330571 21717.0876913 36.4230683561
275 129.194330571 28321.9586125 33.5829618848
280 129.194330571 35666.6677479 33.6627479239
285 129.194330571 42515.3206964 35.5786225019
290 129.194330571 46419.2964599 37.8063838494
295 129.194330571 45086.1031524 38.9629047864
300 129.194330571 38232.8098383 38.2804284241
305 129.194330571 28036.8609136 35.879540085
310 129.194330571 17716.1964305 32.5981623216
315 129.194330571 9648.45076362 29.4988656026
320 129.194330571 4547.66882972 27.5666106874
325 129.194330571 1880.06774012 27.8533013745
330 129.194330571 712.234206661 31.6535560192
335 129.194330571 284.512663764 40.0028125813
340 129.194330571 172.298006225 52.3642622816
345 129.194330571 251.426515522 65.5600237407
350 129.194330571 730.110721867 74.5832782605
355 129.194330571 2443.35602262 75.5631245637
360 129.194330571 7445.14038391 68.6453368576
365 129.194330571 19455.8058286 57.9776251425
370 129.194330571 42977.1664558 48.6518703054
375 129.194330571 79944.0642868 43.3881382298
380 129.194330571 100000 41.5840057743
385 129.194330571 100000 40.8018815518
390 129.194330571 100000 38.917992473
395 129.194330571 100000 35.3268597972
400 129.194330571 100000 30.7954707972
0 134.163343286 100000 29.8659318995
5 134.163343286 100000 34.8444417212
10 134.163343286 100000 39.0670849581
15 134.163343286 100000 40.9349102673
20 134.163343286 100000 39.7518880819
25 134.163343286 81562.1837133 36.3885245579
30 134.163343286 46386.8149773 33.0518678365
35 134.163343286 22215.7901931 32.3600644206
40 134.163343286 9011.99587414 36.230535742
45 134.163343286 3258.00393735 44.8671809979
50 134.163343286 1622.98127142 56.1687040339
55 134.163343286 2726.21773369 66.2921430847
60 134.163343286 7663.0607681 71.7068143012
65 134.163343286 20277.3600976 71.4985952285
70 134.163343286 47058.242725 67.8640267788
75 134.163343286 95731.2643093 64.2781372506
80 134.163343286 100000 63.087241626
85 134.163343286 100000 64.5172501079
90 134.163343286 100000 67.3663106174
95 134.163343286 100000 70.2438187727
100 134.163343286 100000 72.3050036651
105 134.163343286 100000 73.3076961126
110 134.163343286 100000 73.3749906417
115 134.163343286 100000 72.7261353117
120 134.163343286 100000 71.3724465277
125 134.163343286 100000 68.8989999893
130 134.163343286 100000 64.6434797547
135 134.163343286 100000 58.3043851038
140 134.163343286 100000 50.5063924228
145 134.163343286 64012.6676784 42.7730521593
150 134.163343286 29087.9110509 36.8827553704
155 134.163343286 13255.9840146 34.2182322969
160 134.163343286 6770.37493506 35.6975922572
165 134.163343286 3898.78629243 42.0118521641
170 134.163343286 2274.71064899 53.1980987352
175 134.163343286 1232.17604983 67.324361846
180 134.163343286 613.950226527 79.8070165936
185 134.163343286 307.7426952 85.2093687964
190 134.163343286 188.934573626 80.9527431525
195 134.163343286 159.535467473 69.7274694074
200 134.163343286 162.461695959 58.1409555393
205 134.163343286 170.686036768 52.6294862069
210 134.163343286 174.042058635 55.7315892887
215 134.163343286 172.150509517 64.892792512
220 134.163343286 171.675249441 74.2058326336
225 134.163343286 185.328881732 78.1899396608
230 134.163343286 231.639602213 75.3349634458
235 134.163343286 336.192504412 68.6366067
240 134.163343286 538.059316998 62.5403663387
245 134.163343286 903.613721171 59.1125110301
250 134.163343286 1534.16236212 56.946170168
255 134.163343286 2539.0597464 53.3567718229
260 134.163343286 3977.74332453 47.240916239
265 134.163343286 5843.4460638 39.8967698094
270 134.163343286 8139.61406987 33.629836648
275 134.163343286 10922.5221716 29.9776259411
280 134.163343286 14101.0522518 29.0518761365
285 134.163343286 17089.5706337 29.9510519057
290 134.163343286 18803.0373678 31.4323610396
295 134.163343286 18276.212742 32.4073254323
300 134.163343286 15435.1717401 32.2878793302
305 134.163343286 11239.106938 31.1479211811
310 134.163343286 7043.63515635 29.5450894211
315 134.163343286 3812.20183111 28.1391096071
320 134.163343286 1802.83434907 27.5546896047
325 134.163343286 770.610758888 28.6705998082
330 134.163343286 327.161270004 32.8523955576
335 134.163343286 169.117358174 41.3710948791
340 134.163343286 137.35288268 53.9081033514
345 134.163343286 214.301779457 67.3339263031
350 134.163343286 592.265240691 76.5199379122
355 134.163343286 1933.4744908 77.4463392523
360 134.163343286 5847.30604766 70.2324139702
365 134.163343286 15245.2572187 59.1407124302
370 134.163343286 33649.92272 49.4019321345
375 134.163343286 62575.2618042 43.7749620323
380 134.163343286 97897.1726478 41.5981449811
385 134.163343286 100000 40.3973809532
390 134.163343286 100000 38.1287612309
395 134.163343286 100000 34.3319185492
400 134.163343286 100000 29.8463079451
0 139.132356 60358.2706564 28.1398221356
5 139.132356 81730.9358273 32.7730668206
10 139.132356 93066.2799765 37.0920079154
15 139.132356 89107.6750984 39.5099213786
20 139.132356 71740.6814443 39.0847789126
25 139.132356 48575.5411394 36.3676295194
30 139.132356 27676.3522502 33.414502344
35 139.132356 13297.5736766 32.9431300559
40 139.132356 5463.06834688 37.1135005429
45 139.132356 2185.03045171 46.3445718946
50 139.132356 1801.13566719 58.5995264888
55 139.132356 4380.63239354 69.9096133402
60 139.132356 12605.9399858 76.4765768143
65 139.132356 32400.9003905 77.0930873752
70 139.132356 72423.7443288 73.7608152777
75 139.132356 100000 69.9262981047
80 139.132356 100000 68.0619570336
85 139.132356 100000 68.6003222128
90 139.132356 100000 70.5359285321
95 139.132356 100000 72.6115275342
100 139.132356 100000 74.0523965615
105 139.132356 100000 74.6244670254
110 139.132356 100000 74.3608471115
115 139.132356 100000 73.2863902658
120 139.132356 100000 71.2386554147
125 139.132356 100000 67.8515129057
130 139.132356 100000 62.797366842
135 139.132356 100000 56.2049271457
140 139.132356 100000 48.9381801408
145 139.132356 79100.3695624 42.4390692768
150 139.132356 40966.8545821 38.1836717765
155 139.132356 23355.9703596 37.2473968388
160 139.132356 15124.9589762 40.4278392152
165 139.132356 10083.8116829 48.5386842461
170 139.132356 6213.43823996 61.8051786082
175 139.132356 3356.27686351 78.1852519896
180 139.132356 1575.83943224 92.4648945918
185 139.132356 666.114842588 98.3328651908
190 139.132356 285.862486686 92.7524256631
195 139.132356 156.243638672 78.8062620531
200 139.132356 120.982718082 64.1070958189
205 139.132356 113.815274428 56.047795014
210 139.132356 112.673114183 57.5992917452
215 139.132356 112.19826052 66.114550224
220 139.132356 112.635039931 75.347579273
225 139.132356 116.560132725 79.4743837696
230 139.132356 128.395926329 76.7070441961
235 139.132356 155.209818671 69.7976008824
240 139.132356 209.331123367 63.0061895639
245 139.132356 312.835588503 58.4154737194
250 139.132356 499.451711258 54.9428304768
255 139.132356 806.289630321 50.3839360431
260 139.132356 1258.2932319 43.9158120318
265 139.132356 1867.04954486 36.7008053769
270 139.132356 2653.81074021 30.6323835319
275 139.132356 3650.67204506 26.8869451049
280 139.132356 4817.64672912 25.478067383
285 139.132356 5923.2058963 25.6769456938
290 139.132356 6560.50138979 26.5924228213
295 139.132356 6383.11704325 27.5458918736
300 139.132356 5378.62176414 28.2539616182
305 139.132356 3904.10182731 28.8086375121
310 139.132356 2445.81449303 29.4078975403
315 139.132356 1337.65949734 30.0653830252
320 139.132356 659.21931322 30.7293245556
325 139.132356 316.665528741 31.8555366633
330 139.132356 172.303961465 34.7790274188
335 139.132356 122.747103694 41.0760899067
340 139.132356 118.869175863 50.9475097568
345 139.132356 174.105555699 61.9252082745
350 139.132356 424.260106986 69.5727251431
355 139.132356 1308.53960634 70.3245667993
360 139.132356 3888.45861876 64.2364740366
365 139.132356 10083.3292048 54.9927914973
370 139.132356 22215.1701398 47.0609568288
375 139.132356 41281.9442578 42.635480625
380 139.132356 64565.1594345 40.8800415581
385 139.132356 84929.1134566 39.5115003813
390 139.132356 93935.3434344 36.8797433185
395 139.132356 87354.8587652 32.88888782
400 139.132356 68304.7222013 28.5256954992
0 144.101368714 30578.249014 26.3646162729
5 144.101368714 41420.5746259 30.3501323808
10 144.101368714 47193.5433972 34.3048442279
15 144.101368714 45220.5500573 36.8030538535
20 144.101368714 36441.6939092 36.8505611274
25 144.101368714 24707.0089417 34.7537966876
30 144.101368714 14109.0990825 32.2666459925
35 144.101368714 6821.36292268 31.8787734163
40 144.101368714 2901.2219135 35.6719053803
45 144.101368714 1497.81136183 44.1933981746
50 144.101368714 2279.65307582 55.7721161228
55 144.101368714 6670.20519338 66.9349895907
60 144.101368714 19070.1496718 74.2171816785
65 144.101368714 47673.6933514 76.3053145245
70 144.101368714 100000 74.6894414896
75 144.101368714 100000 72.2559025115
80 144.101368714 100000 71.2094153595
85 144.101368714 100000 72.0424861021
90 144.101368714 100000 73.9406209639
95 144.101368714 100000 75.7985922428
100 144.101368714 100000 76.9144701425
105 144.101368714 100000 77.0519867045
110 144.101368714 100000 76.1532683651
115 144.101368714 100000 74.0948182326
120 144.101368714 100000 70.6543507835
125 144.101368714 100000 65.6750879715
130 144.101368714 100000 59.3285543253
135 144.101368714 100000 52.2987670653
140 144.101368714 100000 45.7238977633
145 144.101368714 95618.4718576 40.8649361462
150 144.101368714 60012.6716538 38.6719747335
155 144.101368714 43131.9585575 39.626154538
160 144.101368714 32876.1213113 44.1016825983
165 144.101368714 23619.0250171 52.7517455462
170 144.101368714 14921.9441947 65.8683332768
175 144.101368714 8072.39373782 81.6133411287
180 144.101368714 3723.19168313 95.0226042025
185 144.101368714 1486.74899376 100
190 144.101368714 546.860691433 93.6166490724
195 144.101368714 221.767285993 78.9056105336
200 144.101368714 128.857412632 63.2809146502
205 144.101368714 106.899586276 53.8986176682
210 144.101368714 102.58493927 53.6761850586
215 144.101368714 101.864246924 60.3181725801
220 144.101368714 101.969574163 68.319896721
225 144.101368714 102.929548646 72.5820950892
230 144.101368714 105.677172163 71.4357264912
235 144.101368714 112.001639895 66.8847411805
240 144.101368714 125.234638341 61.9800184243
245 144.101368714 151.340490324 57.9613660095
250 144.101368714 199.296947229 53.8334524246
255 144.101368714 279.223061757 48.2156751812
260 144.101368714 399.421420848 41.1047477199
265 144.101368714 567.415359585 33.8984260487
270 144.101368714 795.588516518 28.169948656
275 144.101368714 1097.41640489 24.6497472007
280 144.101368714 1459.03024226 23.1348399618
285 144.101368714 1804.20627898 22.990772349
290 144.101368714 2004.21963201 23.652597011
295 144.101368714 1953.33889188 24.8806181937
300 144.101368714 1651.30516662 26.7750376652
305 144.101368714 1210.14769908 29.5220995259
310 144.101368714 777.919193068 32.9240931206
315 144.101368714 453.336761339 36.1248641432
320 144.101368714 257.383512077 38.0564441578
325 144.101368714 160.018738209 38.489675794
330 144.101368714 119.770022841 38.6926891233
335 144.101368714 106.720511723 40.7359469125
340 144.101368714 109.008921484 45.686451791
345 144.101368714 140.838833276 52.2029998697
350 144.101368714 280.006762516 57.0423947007
355 144.101368714 771.100079788 57.4094884293
360 144.101368714 2203.75123769 53.2007853408
365 144.101368714 5643.79875585 47.0413486979
370 144.101368714 12380.6784096 42.0825815449
375 144.101368714 22968.5653781 39.6586781525
380 144.101368714 35897.8657824 38.7927955861
385 144.101368714 47206.0840399 37.5806608563
390 144.101368714 52207.294225 34.8970634969
395 144.101368714 48553.1140595 31.0147493493
400 144.101368714 37974.4660296 27.0106629758
0 149.070381429 13197.3792102 24.5912176283
5 149.070381429 17864.1975263 27.6589099742
10 149.070381429 20354.320539 30.8188040407
15 149.070381429 19513.3460375 32.9435349252
20 149.070381429 15742.0990201 33.1763937124
25 149.070381429 10695.5239694 31.6656399547
30 149.070381429 6137.47636267 29.742267204
35 149.070381429 3017.63452211 29.3847797548
40 149.070381429 1421.17845866 32.3170335136
45 149.070381429 1212.42484287 39.13051584
50 149.070381429 2989.11599321 48.7484964449
55 149.070381429 9312.33767918 58.6768686845
60 149.070381429 26188.4762867 66.2594628508
65 149.070381429 63844.676358 70.2413769155
70 149.070381429 100000 71.3736014156
75 149.070381429 100000 71.5682599131
80 149.070381429 100000 72.4356859283
85 149.070381429 100000 74.4003468942
90 149.070381429 100000 76.8507955077
95 149.070381429 100000 78.886286899
100 149.070381429 100000 79.9078875814
105 149.070381429 100000 79.669293392
110 149.070381429 100000 78.0092039999
115 149.070381429 100000 74.6996517831
120 149.070381429 100000 69.5796094564
125 149.070381429 100000 62.8395716241
130 149.070381429 100000 55.2156234614
135 149.070381429 100000 47.9072716688
140 149.070381429 100000 42.2188825837
145 149.070381429 100000 39.1080216322
150 149.070381429 90128.3288841 38.891723465
155 149.070381429 77370.5853424 41.3588518598
160 149.070381429 64563.7555223 46.3243905945
165 149.070381429 48033.0618495 54.0775082411
170 149.070381429 30686.2018035 64.832964301
175 149.070381429 16620.9645212 77.1820572503
180 149.070381429 7618.79912343 87.1995423981
185 149.070381429 2978.71489727 90.0497158812
190 149.070381429 1026.79805115 83.4918283101
195 149.070381429 350.93139204 70.128834483
200 149.070381429 157.228647428 56.0644883972
205 149.070381429 111.111506969 47.1151575496
210 149.070381429 101.974023802 45.6760934246
215 149.070381429 100.507568121 50.1120057185
220 149.070381429 100.512878933 56.4614271696
225 149.070381429 101.207497891 61.156318558
230 149.070381429 103.118982815 63.0044659473
235 149.070381429 107.344100338 62.987766687
240 149.070381429 115.232712149 62.2319957647
245 149.070381429 127.867473377 60.4022680173
250 149.070381429 145.559361831 56.2230622375
255 149.070381429 167.950753334 49.2529071402
260 149.070381429 195.211483898 40.7412530021
265 149.070381429 230.128484203 32.7813070998
270 149.070381429 279.283389848 26.9022742216
275 149.070381429 349.681675568 23.4456004931
280 149.070381429 439.129321151 21.9153137453
285 149.070381429 527.027459484 21.6601684172
290 149.070381429 578.536828127 22.3531231451
295 149.070381429 565.592195641 24.1569989828
300 149.070381429 488.372695992 27.583657698
305 149.070381429 376.224514399 32.9708761346
310 149.070381429 267.236206673 39.7123088999
315 149.070381429 186.220244017 45.9155752404
320 149.070381429 137.90562601 49.2321441935
325 149.070381429 114.243895421 48.5738746277
330 149.070381429 104.651820988 45.2050424535
335 149.070381429 101.833021759 41.9485927973
340 149.070381429 103.893781073 41.017532592
345 149.070381429 119.037447564 42.3632773127
350 149.070381429 184.196128143 43.9670571724
355 149.070381429 413.942513916 43.7402163176
360 149.070381429 1084.1463037 41.3018866419
365 149.070381429 2693.41990076 38.096064963
370 149.070381429 5844.96973943 35.9075845285
375 149.070381429 10798.0422216 35.2819644375
380 149.070381429 16846.4409444 35.2516565076
385 149.070381429 22136.4884123 34.3907458181
390 149.070381429 24476.0823849 32.050143002
395 149.070381429 22766.6365561 28.7072519036
400 149.070381429 17817.8861031 25.3772407893
0 154.039394143 4863.38592859 22.9661875166
5 154.039394143 6562.14637491 25.0280187456
10 154.039394143 7469.60942593 27.1968533587
15 154.039394143 7165.11282783 28.7028814024
20 154.039394143 5793.86031006 28.9332372325
25 154.039394143 3958.22443942 27.9500273901
30 154.039394143 2303.33334578 26.6358316101
35 154.039394143 1192.23018586 26.347820887
40 154.039394143 735.078129136 28.3289576102
45 154.039394143 1184.95228356 33.153706622
50 154.039394143 3713.05942895 40.3806345544
55 154.039394143 11698.9233478 48.6275774424
60 154.039394143 32335.0884504 56.2079659474
65 154.039394143 77162.724515 62.023072074
70 154.039394143 100000 66.0629153071
75 154.039394143 100000 69.1482973044
80 154.039394143 100000 72.1676489926
85 154.039394143 100000 75.4142261039
90 154.039394143 100000 78.4916244642
95 154.039394143 100000 80.7454465791
100 154.039394143 100000 81.7031751874
105 154.039394143 100000 81.1079350247
110 154.039394143 100000 78.7086956809
115 154.039394143 100000 74.2386026296
120 154.039394143 100000 67.6966728566
125 154.039394143 100000 59.6675284281
130 154.039394143 100000 51.3649293736
135 154.039394143 100000 44.297501942
140 154.039394143 100000 39.7251177905
145 154.039394143 100000 38.2039214762
150 154.039394143 100000 39.4605288407
155 154.039394143 100000 42.7108815451
160 154.039394143 100000 47.3015730992
165 154.039394143 83508.1308535 53.1436746389
170 154.039394143 53624.226978 60.3007855695
175 154.039394143 29067.4811359 67.8496871122
180 154.039394143 13292.9494438 73.2503559195
185 154.039394143 5152.79052279 73.4458404652
190 154.039394143 1726.96021968 67.1971429741
195 154.039394143 540.404606958 56.5075625391
200 154.039394143 200.228876558 45.6289201426
205 154.039394143 119.199339728 38.5015026483
210 154.039394143 103.165674548 36.7530638631
215 154.039394143 100.738283934 39.4703098296
220 154.039394143 101.283819418 44.4542442838
225 154.039394143 104.151459093 49.8981346155
230 154.039394143 111.787529002 55.2430539011
235 154.039394143 128.237055655 60.4827047363
240 154.039394143 156.966672156 64.7015267607
245 154.039394143 196.836696804 65.7518383522
250 154.039394143 238.90434719 61.8315264226
255 154.039394143 268.68106452 53.3341263882
260 154.039394143 274.76304786 42.8725261701
265 154.039394143 257.522469903 33.4879592928
270 154.039394143 229.60840592 26.9051236289
275 154.039394143 207.16464101 23.1945443879
280 154.039394143 199.070313138 21.5606129238
285 154.039394143 202.358470449 21.2604428245
290 154.039394143 206.19734353 22.1127732891
295 154.039394143 200.563677212 24.6042784286
300 154.039394143 182.942390211 29.6179152184
305 154.039394143 158.536708445 37.6508306746
310 154.039394143 135.154553864 47.7197832766
315 154.039394143 117.949648734 56.9105602351
320 154.039394143 107.800001575 61.5861349553
325 154.039394143 102.892773098 59.8171589173
330 154.039394143 100.94453861 52.9503964432
335 154.039394143 100.473347424 44.6789294502
340 154.039394143 101.474636997 38.3936463084
345 154.039394143 107.490180372 35.186102822
350 154.039394143 133.178923709 33.9608094405
355 154.039394143 223.72221213 33.0638472024
360 154.039394143 487.845107795 31.7777395721
365 154.039394143 1122.0485739 30.553239974
370 154.039394143 2364.05224741 30.1218731221
375 154.039394143 4316.02334522 30.5227960775
380 154.039394143 6699.65482558 30.9516386995
385 154.039394143 8784.42539948 30.4535973952
390 154.039394143 9706.44296144 28.7111679879
395 154.039394143 9032.76235966 26.209595942
400 154.039394143 7082.4945436 23.7605219554
0 159.008406857 1563.04967975 21.6755383403
5 159.008406857 2085.0601326 22.8667089449
10 159.008406857 2364.08508021 24.1339987047
15 159.008406857 2270.79177539 25.0286073423
20 159.008406857 1849.74450253 25.1840653828
25 159.008406857 1286.51689668 24.6234291949
30 159.008406857 783.02598563 23.8543619343
35 159.008406857 471.183153746 23.6850647934
40 159.008406857 477.917682671 24.9172121491
45 159.008406857 1233.11247583 28.0759249876
50 159.008406857 4189.56035226 33.2255786089
55 159.008406857 13134.7407382 39.9089212624
60 159.008406857 35757.9993124 47.2790208895
65 159.008406857 83849.5574244 54.4198486738
70 159.008406857 100000 60.7185363293
75 159.008406857 100000 66.0673601076
80 159.008406857 100000 70.7110142602
85 159.008406857 100000 74.8227327032
90 159.008406857 100000 78.215964045
95 159.008406857 100000 80.4705365894
100 159.008406857 100000 81.2205854282
105 159.008406857 100000 80.2071994037
110 159.008406857 100000 77.1641518412
115 159.008406857 100000 71.901369513
120 159.008406857 100000 64.6445789573
125 159.008406857 100000 56.2961637781
130 159.008406857 100000 48.3061618472
135 159.008406857 100000 42.176752371
140 159.008406857 100000 38.8956827366
145 159.008406857 100000 38.5967603353
150 159.008406857 100000 40.5936079385
155 159.008406857 100000 43.7990853567
160 159.008406857 100000 47.3403542633
165 159.008406857 100000 50.9077566466
170 159.008406857 79575.5165852 54.4501108833
175 159.008406857 43158.5581986 57.4525761579
180 159.008406857 19720.6355557 58.6163779583
185 159.008406857 7617.01725302 56.5242284333
190 159.008406857 2521.07404525 50.8696832753
195 159.008406857 755.519276347 43.0862782991
200 159.008406857 249.208506316 35.6838206148
205 159.008406857 128.596345891 30.8496174558
210 159.008406857 104.865327128 29.4781431384
215 159.008406857 101.927589384 31.2330174438
220 159.008406857 105.335121923 35.3627088137
225 159.008406857 117.849268543 41.5021210599
230 159.008406857 150.842886872 49.6416352304
235 159.008406857 221.793528663 59.0572695934
240 159.008406857 345.272341645 67.2807286212
245 159.008406857 515.249926601 70.7475039033
250 159.008406857 691.06103614 67.1915655897
255 159.008406857 807.415872745 57.5900887666
260 159.008406857 812.170240859 45.5887880305
265 159.008406857 703.629450599 34.9912181688
270 159.008406857 531.981124792 27.722709962
275 159.008406857 363.303879917 23.6820260143
280 159.008406857 240.342268535 21.8614266035
285 159.008406857 170.184298489 21.4535221382
290 159.008406857 137.56041318 22.3785659748
295 159.008406857 123.667123106 25.3382628889
300 159.008406857 116.344910059 31.4548781333
305 159.008406857 110.811539408 41.3219232951
310 159.008406857 106.332003826 53.6905818423
315 159.008406857 103.188960283 64.9383707927
320 159.008406857 101.369679967 70.5357225085
325 159.008406857 100.502146844 67.9792089708
330 159.008406857 100.166336423 58.6991168528
335 159.008406857 100.116604747 47.0250978636
340 159.008406857 100.479996861 37.1726161629
345 159.008406857 102.484764949 30.9773008949
350 159.008406857 111.01491166 27.8906158417
355 159.008406857 141.075150049 26.4686832186
360 159.008406857 228.762769225 25.7252181581
365 159.008406857 439.315381979 25.4631950788
370 159.008406857 851.654837419 25.784345809
375 159.008406857 1499.70018183 26.5036649133
380 159.008406857 2291.05476962 27.0406290124
385 159.008406857 2983.18892364 26.8118332014
390 159.008406857 3289.29447464 25.681212864
395 159.008406857 3065.63564176 24.0273287384
400 159.008406857 2418.15577905 22.4151082172
0 163.977419571 479.064770846 20.8143694899
5 163.977419571 614.3475812 21.4004721465
10 163.977419571 686.683349593 22.0277858727
15 163.977419571 662.552030931 22.4743509138
20 163.977419571 553.560444765 22.5565286902
25 163.977419571 408.385055267 22.2830144444
30 163.977419571 283.289508293 21.9084361031
35 163.977419571 234.081768933 21.8597820895
40 163.977419571 391.960286492 22.6228614238
45 163.977419571 1236.64465866 24.6625046006
50 163.977419571 4273.01314462 28.3491240003
55 163.977419571 13272.7621229 33.8226141431
60 163.977419571 35662.3027479 40.8090878557
65 163.977419571 82389.2573066 48.5559972885
70 163.977419571 100000 56.0794665592
75 163.977419571 100000 62.6439731017
80 163.977419571 100000 68.042756419
85 163.977419571 100000 72.3796875685
90 163.977419571 100000 75.6445519208
95 163.977419571 100000 77.5849937953
100 163.977419571 100000 77.8906499398
105 163.977419571 100000 76.3300900047
110 163.977419571 100000 72.7536531844
115 163.977419571 100000 67.1982648679
120 163.977419571 100000 60.1437732459
125 163.977419571 100000 52.6327152749
130 163.977419571 100000 46.0160675091
135 163.977419571 100000 41.4506758306
140 163.977419571 100000 39.4798290912
145 163.977419571 100000 39.8891262279
150 163.977419571 100000 41.8427909401
155 163.977419571 100000 44.2710288375
160 163.977419571 100000 46.3621662496
165 163.977419571 100000 47.798150572
170 163.977419571 100000 48.5144972711
175 163.977419571 54594.263276 48.2827785589
180 163.977419571 24945.1437214 46.6313683567
185 163.977419571 9623.04664042 43.2308109124
190 163.977419571 3168.53285647 38.3642053232
195 163.977419571 931.189555099 33.0104152176
200 163.977419571 289.293536084 28.4252476236
205 163.977419571 136.404716899 25.5610971348
210 163.977419571 106.82838834 24.793865207
215 163.977419571 105.578022433 26.13851164
220 163.977419571 119.403021338 29.7267134156
225 163.977419571 165.47849286 36.0377447551
230 163.977419571 286.565335383 45.3695135274
235 163.977419571 546.909214795 56.6364893654
240 163.977419571 999.935965962 66.656590268
245 163.977419571 1623.37492468 71.3070032434
250 163.977419571 2267.73309093 68.2241611521
255 163.977419571 2693.04986992 58.6698245609
260 163.977419571 2707.52132905 46.6403269843
265 163.977419571 2304.31525014 36.0958651302
270 163.977419571 1666.75135946 28.8980407648
275 163.977419571 1036.63656507 24.8161832324
280 163.977419571 571.538945195 22.8020308621
285 163.977419571 300.70825964 22.1281538979
290 163.977419571 173.156100493 22.8436189082
295 163.977419571 123.729774365 25.7470330358
300 163.977419571 107.540626104 31.992980203
305 163.977419571 102.71033221 42.1455718724
310 163.977419571 101.148484664 54.8702565937
315 163.977419571 100.508412097 66.4088472707
320 163.977419571 100.208107299 72.0772178369
325 163.977419571 100.07474532 69.2550906323
330 163.977419571 100.025658248 59.338414901
335 163.977419571 100.026958364 46.7146936537
340 163.977419571 100.132934625 35.7478503705
345 163.977419571 100.694684201 28.5111280973
350 163.977419571 103.080633681 24.727621001
355 163.977419571 111.487994967 23.1156660502
360 163.977419571 136.012695005 22.6086132895
365 163.977419571 194.900581132 22.7219505861
370 163.977419571 310.224719341 23.2782870339
375 163.977419571 491.471674562 24.0305476395
380 163.977419571 712.799720153 24.5639283827
385 163.977419571 906.377544757 24.5077509911
390 163.977419571 991.989916749 23.7970785613
395 163.977419571 929.436450673 22.7052389157
400 163.977419571 748.347650806 21.6256193467
0 168.946432286 182.796066649 20.3373143456
5 168.946432286 212.348810842 20.5816766792
10 168.946432286 228.154196424 20.8440471697
15 168.946432286 222.896340921 21.0316497441
20 168.946432286 199.183191076 21.0674037641
25 168.946432286 168.23705569 20.9558287574
30 168.946432286 146.240679313 20.8112774224
35 168.946432286 166.671131893 20.8443842562
40 168.946432286 354.377680409 21.3523733015
45 168.946432286 1171.37229241 22.7384937271
50 168.946432286 4027.36008084 25.5003767854
55 168.946432286 12373.6166291 30.0715396084
60 168.946432286 32823.5484421 36.4941228076
65 168.946432286 74730.9018318 44.1489733413
70 168.946432286 100000 51.9001115824
75 168.946432286 100000 58.6871117423
80 168.946432286 100000 64.0484087017
85 168.946432286 100000 68.0511217834
90 168.946432286 100000 70.7943849801
95 168.946432286 100000 72.1143374588
100 168.946432286 100000 71.7285803982
105 168.946432286 100000 69.4955244868
110 168.946432286 100000 65.5167567198
115 168.946432286 100000 60.167374804
120 168.946432286 100000 54.1505679523
125 168.946432286 100000 48.4367345032
130 168.946432286 100000 43.9680044778
135 168.946432286 100000 41.3028769636
140 168.946432286 100000 40.47021015
145 168.946432286 100000 41.0470451033
150 168.946432286 100000 42.3161054967
155 168.946432286 100000 43.4959937875
160 168.946432286 100000 44.0403339602
165 168.946432286 100000 43.7714215529
170 168.946432286 100000 42.6937851473
175 168.946432286 59269.7746788 40.7557779916
180 168.946432286 27097.7569847 37.8935413496
185 168.946432286 10455.8473556 34.2677816843
190 168.946432286 3439.35842862 30.3577858772
195 168.946432286 1005.23379734 26.7963636442
200 168.946432286 306.362952006 24.1122320106
205 168.946432286 140.058202714 22.5884058716
210 168.946432286 109.450973043 22.3318215434
215 168.946432286 115.670612206 23.5185239767
220 168.946432286 159.81699134 26.6433594055
225 168.946432286 302.450241494 32.4566976947
230 168.946432286 676.881349167 41.2903612055
235 168.946432286 1481.89604472 51.9863651596
240 168.946432286 2882.70048507 61.4633736755
245 168.946432286 4810.415996 65.9679376962
250 168.946432286 6802.76192046 63.5214671226
255 168.946432286 8117.70629129 55.4288269857
260 168.946432286 8162.10681114 45.2951876733
265 168.946432286 6914.74645971 36.49423443
270 168.946432286 4942.34536723 30.433466294
275 168.946432286 2992.50158369 26.7426526074
280 168.946432286 1552.53168808 24.5283598898
285 168.946432286 713.317338171 23.3499821616
290 168.946432286 317.868656432 23.4708502234
295 168.946432286 165.231060986 25.6965643859
300 168.946432286 116.561257458 31.0031247555
305 168.946432286 103.635116044 39.7818149413
310 168.946432286 100.729799475 50.7889390516
315 168.946432286 100.151716656 60.7301323631
320 168.946432286 100.037279009 65.5441680209
325 168.946432286 100.010582297 62.9597926862
330 168.946432286 100.00360696 54.1717011378
335 168.946432286 100.005683306 42.9671904229
340 168.946432286 100.031167461 33.1437287552
345 168.946432286 100.16364631 26.5629575609
350 168.946432286 100.725831274 23.0810685281
355 168.946432286 102.706716419 21.6610801208
360 168.946432286 108.485047063 21.381426182
365 168.946432286 122.359779107 21.7565711242
370 168.946432286 149.531607006 22.5472385649
375 168.946432286 192.235685696 23.4766314634
380 168.946432286 244.383377025 24.1495443832
385 168.946432286 289.992764749 24.2223325535
390 168.946432286 310.164124129 23.6308973521
395 168.946432286 295.425735093 22.6307587471
400 168.946432286 252.758919809 21.604418253
0 173.915445 115.240667268 20.1184294611
5 173.915445 120.681023045 20.2045215846
10 173.915445 123.591634322 20.2971155642
15 173.915445 122.633101388 20.3635240983
20 173.915445 118.356559814 20.3767986014
25 173.915445 113.3923435 20.3403805505
30 173.915445 114.435728183 20.303493387
35 173.915445 147.904145207 20.3725299208
40 173.915445 327.794858027 20.7430621855
45 173.915445 1074.21846966 21.7567831962
50 173.915445 3647.46002269 23.9177570074
55 173.915445 11068.4834955 27.7442608015
60 173.915445 28952.190226 33.4142599048
65 173.915445 64836.3227344 40.4248396
70 173.915445 100000 47.6615366181
75 173.915445 100000 53.9788581689
80 173.915445 100000 58.7999275719
85 173.915445 100000 62.139048053
90 173.915445 100000 64.1156829961
95 173.915445 100000 64.6048825224
100 173.915445 100000 63.3831847484
105 173.915445 100000 60.4758260839
110 173.915445 100000 56.297090149
115 173.915445 100000 51.5527855555
120 173.915445 98209.8812779 47.0687226951
125 173.915445 73902.2095559 43.5767386696
130 173.915445 66417.5734966 41.4561728636
135 173.915445 80290.1799845 40.6062170844
140 173.915445 100000 40.6016160306
145 173.915445 100000 40.9600610941
150 173.915445 100000 41.2556520695
155 173.915445 100000 41.128303801
160 173.915445 100000 40.3669303938
165 173.915445 100000 38.9703304885
170 173.915445 100000 37.0272507844
175 173.915445 55900.5661242 34.5782221049
180 173.915445 25590.9849263 31.687162591
185 173.915445 9889.55618227 28.6011747121
190 173.915445 3260.55417775 25.729383408
195 173.915445 957.823286705 23.4433908282
200 173.915445 295.924564591 21.9247660463
205 173.915445 138.949131042 21.1942494444
210 173.915445 114.094672687 21.2800134845
215 173.915445 139.396858143 22.416403188
220 173.915445 255.656175922 25.1415787801
225 173.915445 627.349907837 30.1066842107
230 173.915445 1602.72481861 37.468173339
235 173.915445 3699.71951662 46.126758937
240 173.915445 7348.69316124 53.5895312108
245 173.915445 12370.2222609 57.0832838498
250 173.915445 17560.1028732 55.3751885519
255 173.915445 20985.4013613 49.6962983435
260 173.915445 21101.0264314 42.7762491539
265 173.915445 17851.6985588 36.880260816
270 173.915445 12713.6592512 32.6652071875
275 173.915445 7634.32501808 29.5972618941
280 173.915445 3883.12442938 27.0803539704
285 173.915445 1696.84592163 25.1309584424
290 173.915445 666.619772642 24.3177869978
295 173.915445 269.032639031 25.4164927865
300 173.915445 142.404487204 29.0927823855
305 173.915445 108.95342172 35.4647712979
310 173.915445 101.595677813 43.4765556244
315 173.915445 100.242312974 50.6593749115
320 173.915445 100.032303184 54.0484325291
325 173.915445 100.004116341 52.0011796795
330 173.915445 100.000706936 45.3984131626
335 173.915445 100.001077909 37.0148118543
340 173.915445 100.006172025 29.6457701914
345 173.915445 100.032478744 24.6876109732
350 173.915445 100.144067546 22.0822156029
355 173.915445 100.537247807 21.127285203
360 173.915445 101.68417107 21.2099655352
365 173.915445 104.438124269 22.0197851657
370 173.915445 109.831377409 23.3558996059
375 173.915445 118.307579573 24.8601839552
380 173.915445 128.658215569 25.9719515181
385 173.915445 137.71108365 26.1864482274
390 173.915445 141.714835172 25.3930853719
395 173.915445 138.789457342 23.954130537
400 173.915445 130.320651478 22.4378007459
0 178.884457714 102.363849338 20.0351425011
5 178.884457714 103.207738425 20.0607364035
10 178.884457714 103.659935886 20.0882942524
15 178.884457714 103.519759879 20.1081464733
20 178.884457714 102.94011809 20.1126226992
25 178.884457714 102.86344844 20.1046551999
30 178.884457714 107.84232261 20.1072096283
35 178.884457714 141.074761361 20.1810199833
40 178.884457714 305.643484787 20.4654698999
45 178.884457714 978.546579911 21.2401547222
50 178.884457714 3274.758332 22.9491658892
55 178.884457714 9810.73558225 26.0779922423
60 178.884457714 25285.8752062 30.8369600765
65 178.884457714 55611.8405784 36.8350949236
70 178.884457714 100000 43.1002013651
75 178.884457714 100000 48.5665131045
80 178.884457714 100000 52.6260944605
85 178.884457714 100000 55.2027521481
90 178.884457714 100000 56.3598284384
95 178.884457714 100000 56.0007932598
100 178.884457714 100000 54.020957424
105 178.884457714 100000 50.652563148
110 178.884457714 100000 46.5678383783
115 178.884457714 70450.2282611 42.6654940382
120 178.884457714 47956.0765458 39.7502755795
125 178.884457714 36767.0097133 38.2502555708
130 178.884457714 38521.6039513 38.0413556622
135 178.884457714 56315.1787487 38.5248209398
140 178.884457714 90673.5058235 38.9996757035
145 178.884457714 100000 39.0344164605
150 178.884457714 100000 38.5122367196
155 178.884457714 100000 37.45080878
160 178.884457714 100000 35.9118772004
165 178.884457714 100000 34.0192930397
170 178.884457714 85547.1591052 31.9092950064
175 178.884457714 46613.6018993 29.6547450926
180 178.884457714 21386.3652954 27.3192087096
185 178.884457714 8289.46605318 25.0686720771
190 178.884457714 2748.7506284 23.1510012435
195 178.884457714 820.258979528 21.7551552936
200 178.884457714 265.081825126 20.9289319049
205 178.884457714 134.727763089 20.6467617153
210 178.884457714 122.75744152 20.9649273793
215 178.884457714 185.348127507 22.1500391988
220 178.884457714 441.454575475 24.667862298
225 178.884457714 1257.23373707 28.9298392501
230 178.884457714 3397.66143424 34.8147826081
235 178.884457714 7999.42339692 41.2669027289
240 178.884457714 16006.9328402 46.4657499091
245 178.884457714 27026.4536022 48.7534897345
250 178.884457714 38415.4138162 47.73709099
255 178.884457714 45932.0766839 44.5606654828
260 178.884457714 46185.8078169 40.978462014
265 178.884457714 39055.2976698 38.0439678055
270 178.884457714 27780.0906567 35.6219151172
275 178.884457714 16633.7040389 33.0378877629
280 178.884457714 8401.84308381 30.0444980611
285 178.884457714 3604.13413306 27.1601852353
290 178.884457714 1343.33796434 25.2803850726
295 178.884457714 470.852629436 25.1471891232
300 178.884457714 192.986938099 27.0975760192
305 178.884457714 119.600477304 30.9605352272
310 178.884457714 103.473664125 35.8708514439
315 178.884457714 100.517798485 40.2114399697
320 178.884457714 100.065009338 42.1489803159
325 178.884457714 100.006908127 40.6895632544
330 178.884457714 100.000652023 36.3913124228
335 178.884457714 100.000215645 30.9863171735
340 178.884457714 100.00103329 26.234047013
345 178.884457714 100.005430693 23.0393200542
350 178.884457714 100.024089667 21.4185704911
355 178.884457714 100.089833824 21.0206645264
360 178.884457714 100.281612199 21.5944545208
365 178.884457714 100.742103912 23.0728911168
370 178.884457714 101.64391603 25.318044225
375 178.884457714 103.061231635 27.8142429653
380 178.884457714 104.791973497 29.6701057932
385 178.884457714 106.305714079 30.0643393857
390 178.884457714 106.975186019 28.8067271954
395 178.884457714 106.486030196 26.4785972563
400 178.884457714 105.069951335 24.006565967
0 183.853470429 100.308900924 20.008800025
5 183.853470429 100.419226011 20.0152158885
10 183.853470429 100.478980091 20.0221347279
15 183.853470429 100.468449736 20.027184122
20 183.853470429 100.469710611 20.0287669817
25 183.853470429 101.098119336 20.029311842
30 183.853470429 106.182435198 20.0417502901
35 183.853470429 136.296307404 20.1059896377
40 183.853470429 283.047112104 20.325207912
45 183.853470429 879.18652088 20.9180877096
50 183.853470429 2897.64005953 22.2409250439
55 183.853470429 8579.88529484 24.6925189652
60 183.853470429 21825.8418951 28.4629767733
65 183.853470429 47223.7977649 33.2662138852
70 183.853470429 86805.1454935 38.3337793792
75 183.853470429 100000 42.7757639929
80 183.853470429 100000 46.0143397904
85 183.853470429 100000 47.8772528251
90 183.853470429 100000 48.3431627106
95 183.853470429 100000 47.3502930052
100 183.853470429 100000 44.9376721831
105 183.853470429 89090.2216819 41.5067087837
110 183.853470429 55912.8753207 37.8424018138
115 183.853470429 33957.0423361 34.8414864347
120 183.853470429 21597.3005408 33.1623600738
125 183.853470429 17435.8357688 32.9680628635
130 183.853470429 22181.9335497 33.8428655884
135 183.853470429 37954.014741 34.983118272
140 183.853470429 65209.510404 35.6377352345
145 183.853470429 98950.8106272 35.47810596
150 183.853470429 100000 34.5879340441
155 183.853470429 100000 33.1947086251
160 183.853470429 100000 31.4963375608
165 183.853470429 98885.2674697 29.6606525148
170 183.853470429 64215.0161387 27.8255542011
175 183.853470429 35084.5626946 26.0620949296
180 183.853470429 16148.4609319 24.4039841117
185 183.853470429 6289.10558787 22.923961657
190 183.853470429 2106.60237098 21.7367399982
195 183.853470429 647.027875519 20.9248541894
200 183.853470429 226.165145441 20.5016870301
205 183.853470429 129.858603428 20.4758423426
210 183.853470429 136.532834072 20.9695639143
215 183.853470429 257.029928013 22.2879193687
220 183.853470429 731.152209696 24.828636546
225 183.853470429 2239.33832404 28.7819367259
230 183.853470429 6196.29630808 33.7568976021
235 183.853470429 14703.4490552 38.6796338976
240 183.853470429 29506.7139262 42.2328766035
245 183.853470429 49878.2021176 43.6428489846
250 183.853470429 70932.6629417 43.1850056097
255 183.853470429 84828.5129655 41.9128466687
260 183.853470429 85297.5785979 40.778549855
265 183.853470429 72115.5980917 39.8872736028
270 183.853470429 51271.4289331 38.5458493523
275 183.853470429 30665.4061105 36.055038782
280 183.853470429 15447.3872403 32.4917333044
285 183.853470429 6577.99177699 28.7655550265
290 183.853470429 2398.51854518 25.9968639181
295 183.853470429 785.57878578 24.875343802
300 183.853470429 271.897146123 25.4745246441
305 183.853470429 136.231186783 27.4034211793
310 183.853470429 106.419500636 29.9466925576
315 183.853470429 100.956163265 32.1370135142
320 183.853470429 100.119729085 32.997984099
325 183.853470429 100.012606614 32.0215052842
330 183.853470429 100.001119887 29.5127161961
335 183.853470429 100.000106518 26.4063190831
340 183.853470429 100.000150243 23.6733923315
345 183.853470429 100.00076522 21.8479631331
350 183.853470429 100.003393364 21.012465883
355 183.853470429 100.01265431 21.1060150489
360 183.853470429 100.039668889 22.1937483842
365 183.853470429 100.104535378 24.4371351597
370 183.853470429 100.231567819 27.7495172704
375 183.853470429 100.431215902 31.4170066504
380 183.853470429 100.675014314 34.1464851772
385 183.853470429 100.888245159 34.7362706064
390 183.853470429 100.982549342 32.9044743285
395 183.853470429 100.913645125 29.4994927247
400 183.853470429 100.714171254 25.8784940607
0 188.822483143 100.034009856 20.0018581069
5 188.822483143 100.046195919 20.0032142283
10 188.822483143 100.053338664 20.004683705
15 188.822483143 100.058839319 20.0058100776
20 188.822483143 100.124888187 20.0065314327
25 188.822483143 100.740604064 20.0087604596
30 188.822483143 105.094654764 20.0210613714
35 188.822483143 130.4432491 20.0716531687
40 188.822483143 253.481627316 20.2363511872
45 188.822483143 751.495145495 20.6776056687
50 188.822483143 2428.9602966 21.660320695
55 188.822483143 7115.40219123 23.4815522512
60 188.822483143 17920.0739834 26.2874914533
65 188.822483143 38308.4511604 29.8782476946
70 188.822483143 69339.9202134 33.6949347502
75 188.822483143 100000 37.0621113428
80 188.822483143 100000 39.4879669878
85 188.822483143 100000 40.7503570282
90 188.822483143 100000 40.7658090785
95 188.822483143 100000 39.5051341853
100 188.822483143 83328.7266247 37.110810632
105 188.822483143 51940.2849888 34.0501615403
110 188.822483143 29372.6133086 31.0607601255
115 188.822483143 15870.522938 28.8841503034
120 188.822483143 9342.85443825 27.9764184122
125 188.822483143 8243.82047042 28.3333630031
130 188.822483143 12807.119921 29.4803852293
135 188.822483143 24447.498385 30.6793393416
140 188.822483143 43578.3277227 31.3064344161
145 188.822483143 66953.3544914 31.1401942167
150 188.822483143 87021.3437256 30.3243922539
155 188.822483143 95253.324743 29.1168593647
160 188.822483143 87707.8107182 27.7224621554
165 188.822483143 67919.3622466 26.2898547108
170 188.822483143 44238.6596445 24.9304998789
175 188.822483143 24250.593941 23.7006116649
180 188.822483143 11209.0310725 22.6141174076
185 188.822483143 4395.98958696 21.6931062409
190 188.822483143 1496.66853206 20.9828804934
195 188.822483143 481.887811004 20.5196276063
200 188.822483143 189.022035688 20.3193606313
205 188.822483143 125.846025838 20.4340669573
210 188.822483143 153.557869067 21.0428190762
215 188.822483143 344.101217896 22.4843709427
220 188.822483143 1082.8892697 25.1193974965
225 188.822483143 3431.74830385 29.0007159856
230 188.822483143 9594.22262867 33.5648155662
235 188.822483143 22843.0549898 37.7205342921
240 188.822483143 45897.2983052 40.4556733231
245 188.822483143 77623.3566474 41.5179153433
250 188.822483143 100000 41.5246922744
255 188.822483143 100000 41.3682235504
260 188.822483143 100000 41.4423894653
265 188.822483143 100000 41.3285973707
270 188.822483143 79793.133979 40.166061979
275 188.822483143 47701.8170521 37.4168746847
280 188.822483143 24001.6459103 33.4177608925
285 188.822483143 10188.6658636 29.2485551691
290 188.822483143 3679.65623595 26.0489238936
295 188.822483143 1167.70324339 24.3982342705
300 188.822483143 367.708071972 24.2002129953
305 188.822483143 156.425324177 24.9623439971
310 188.822483143 109.997431659 26.0918068866
315 188.822483143 101.489035038 27.0234143122
320 188.822483143 100.186433742 27.2885220412
325 188.822483143 100.019622375 26.6580914685
330 188.822483143 100.001736548 25.2759766018
335 188.822483143 100.000131891 23.5934157786
340 188.822483143 100.00002528 22.1067021118
345 188.822483143 100.000091198 21.1290885852
350 188.822483143 100.000402699 20.7897238138
355 188.822483143 100.001501656 21.2169667713
360 188.822483143 100.004707409 22.6887866256
365 188.822483143 100.012404955 25.5260164147
370 188.822483143 100.02747958 29.6738337809
375 188.822483143 100.051171324 34.2593135536
380 188.822483143 100.080102278 37.6722471302
385 188.822483143 100.105405855 38.4119514869
390 188.822483143 100.116596699 36.1254631477
395 188.822483143 100.108420006 31.8720918127
400 188.822483143 100.084748936 27.3475851938
0 193.791495857 100.003156227 20.0003307207
5 193.791495857 100.004316976 20.0005727756
10 193.791495857 100.005409234 20.0008404983
15 193.791495857 100.010994951 20.0010881968
20 193.791495857 100.067364852 20.0015207582
25 193.791495857 100.541124115 20.0035603775
30 193.791495857 103.836940482 20.0131784466
35 193.791495857 122.971736301 20.050278554
40 193.791495857 215.712389978 20.1683895849
45 193.791495857 590.333678893 20.4812434506
50 193.791495857 1848.32286006 21.1719509549
55 193.791495857 5346.92779462 22.4426859317
60 193.791495857 13359.3724186 24.3901658074
65 193.791495857 28330.2803244 26.8770385865
70 193.791495857 50775.7100937 29.524756857
75 193.791495857 76871.4877659 31.8677246255
80 193.791495857 98384.1084682 33.5402674655
85 193.791495857 100000 34.3364804242
90 193.791495857 98079.3507686 34.1547098431
95 193.791495857 76881.8079458 32.9828366176
100 193.791495857 51676.5392637 30.9901927707
105 193.791495857 30112.9771904 28.5988961913
110 193.791495857 15540.9381543 26.3925766047
115 193.791495857 7493.84942903 24.8973025409
120 193.791495857 4085.68387628 24.3840606405
125 193.791495857 4021.2124278 24.7805236286
130 193.791495857 7333.13329312 25.7029859959
135 193.791495857 14916.1729236 26.6204292583
140 193.791495857 27095.2594791 27.1101089427
145 193.791495857 41913.6233809 27.0369652622
150 193.791495857 54682.1153133 26.5140269308
155 193.791495857 60034.8750953 25.7262288224
160 193.791495857 55436.7273499 24.8169432468
165 193.791495857 43053.814014 23.8881440238
170 193.791495857 28130.4584465 23.0164846851
175 193.791495857 15477.8123897 22.2413258792
180 193.791495857 7192.40214282 21.5700149969
185 193.791495857 2849.95929563 21.0102544455
190 193.791495857 996.40199868 20.5845068892
195 193.791495857 345.848729268 20.3160034607
200 193.791495857 158.308546878 20.2298815404
205 193.791495857 122.640019885 20.4023278207
210 193.791495857 168.441256217 21.0341419626
215 193.791495857 420.006915746 22.4657335271
220 193.791495857 1389.50099867 25.0271033239
225 193.791495857 4471.17896443 28.7155692871
230 193.791495857 12556.2144926 32.9375481945
235 193.791495857 29938.3961644 36.6783728194
240 193.791495857 60185.0647099 39.1345089266
245 193.791495857 100000 40.2710692125
250 193.791495857 100000 40.7161259262
255 193.791495857 100000 41.0844331029
260 193.791495857 100000 41.4032397874
265 193.791495857 100000 41.1118018106
270 193.791495857 100000 39.5375691438
275 193.791495857 62552.5542628 36.4622537541
280 193.791495857 31458.4423901 32.3973506666
285 193.791495857 13336.1113593 28.3583596761
290 193.791495857 4796.4315244 25.2894511508
295 193.791495857 1500.80353603 23.5927640013
300 193.791495857 451.227180288 23.0858257935
305 193.791495857 174.028791383 23.2919007544
310 193.791495857 113.116406234 23.7419243525
315 193.791495857 101.953577883 24.0948402378
320 193.791495857 100.244595417 24.1280318722
325 193.791495857 100.025743514 23.7382214358
330 193.791495857 100.0022777 22.9822376943
335 193.791495857 100.000169675 22.0677604193
340 193.791495857 100.000012311 21.2504595856
345 193.791495857 100.000009631 20.727936994
350 193.791495857 100.00004028 20.6465492029
355 193.791495857 100.00015012 21.220051597
360 193.791495857 100.000470595 22.8177792358
365 193.791495857 100.00124011 25.8248403875
370 193.791495857 100.002747105 30.2045471327
375 193.791495857 100.005115544 35.0434628028
380 193.791495857 100.008007742 38.6448730789
385 193.791495857 100.010537314 39.4258476779
390 193.791495857 100.011656051 37.0138756671
395 193.791495857 100.010838636 32.5264622544
400 193.791495857 100.008472263 27.7527431325
0 198.760508571 100.000247871 20.0000496401
5 198.760508571 100.000358711 20.0000864315
10 198.760508571 100.000727793 20.0001310512
15 198.760508571 100.004515708 20.0002022929
20 198.760508571 100.042100849 20.000485144
25 198.760508571 100.35427191 20.0019580272
30 198.760508571 102.52135959 20.0086278486
35 198.760508571 115.094984853 20.0337656834
40 198.760508571 175.992273959 20.1126917219
45 198.760508571 421.7138323 20.3193371167
50 198.760508571 1245.47551647 20.7704103107
55 198.760508571 3530.75038698 21.5910088776
60 198.760508571 8745.20621185 22.8354485896
65 198.760508571 18434.6464998 24.4106168647
70 198.760508571 32838.0018684 26.0777619509
75 198.760508571 49343.0414429 27.5482812157
80 198.760508571 62540.086513 28.5898014933
85 198.760508571 66909.7356941 29.0552949677
90 198.760508571 60507.0452009 28.8583978231
95 198.760508571 46351.2134384 27.9879796478
100 198.760508571 30189.2340407 26.5787094047
105 198.760508571 16831.7980936 24.9413804479
110 198.760508571 8156.77504988 23.4748806247
115 198.760508571 3616.21801936 22.5082768113
120 198.760508571 1865.77636987 22.182883655
125 198.760508571 2018.26475995 22.4229074933
130 198.760508571 4047.12710209 22.9801045815
135 198.760508571 8473.12205425 23.5402052132
140 198.760508571 15512.3480025 23.8637229162
145 198.760508571 24074.0690695 23.8754667556
150 198.760508571 31482.186012 23.6346599863
155 198.760508571 34642.3233191 23.2372978457
160 198.760508571 32064.8037763 22.7582317157
165 198.760508571 24967.15639 22.2541139618
170 198.760508571 16363.2983943 21.7702691883
175 198.760508571 9041.65477681 21.3309226344
180 198.760508571 4232.88450046 20.942065389
185 198.760508571 1705.88664136 20.6113956586
190 198.760508571 624.591264063 20.3569998492
195 198.760508571 244.285182875 20.1995619933
200 198.760508571 135.156086153 20.1674471138
205 198.760508571 119.363644257 20.3371838551
210 198.760508571 174.725344092 20.8914369004
215 198.760508571 453.561673324 22.1270418406
220 198.760508571 1525.20480659 24.3240268502
225 198.760508571 4931.23819197 27.4747940697
230 198.760508571 13867.2139499 31.0831406673
235 198.760508571 33078.8466178 34.3351594998
240 198.760508571 66508.9357424 36.6303797393
245 198.760508571 100000 37.9784746409
250 198.760508571 100000 38.806508853
255 198.760508571 100000 39.385566899
260 198.760508571 100000 39.5127136864
265 198.760508571 100000 38.7154062029
270 198.760508571 100000 36.6798293863
275 198.760508571 69125.6003386 33.5357171881
280 198.760508571 34758.8756405 29.8675220371
285 198.760508571 14729.194009 26.4692527285
290 198.760508571 5290.72452968 23.9698156384
295 198.760508571 1648.23619474 22.5705966971
300 198.760508571 488.193360621 22.0655019119
305 198.760508571 181.820219987 22.0708488768
310 198.760508571 114.496889717 22.2491719211
315 198.760508571 102.159189107 22.3897324266
320 198.760508571 100.270338675 22.3765889434
325 198.760508571 100.028452953 22.154221455
330 198.760508571 100.00251738 21.739104794
335 198.760508571 100.000187251 21.2293815254
340 198.760508571 100.00001185 20.7658836861
345 198.760508571 100.000001379 20.4806502871
350 198.760508571 100.000003417 20.5069793435
355 198.760508571 100.000012644 21.0614097744
360 198.760508571 100.000039632 22.498664399
365 198.760508571 100.000104438 25.1776739697
370 198.760508571 100.000231352 29.0734642656
375 198.760508571 100.000430815 33.376581017
380 198.760508571 100.000674386 36.57910101
385 198.760508571 100.000887418 37.2736410334
390 198.760508571 100.000981635 35.1289633068
395 198.760508571 100.000912795 31.1387437326
400 198.760508571 100.000713507 26.8938993589
0 203.729521286 100.000017027 20.0000063032
5 203.729521286 100.000035677 20.0000112689
10 203.729521286 100.000219903 20.0000197808
15 203.729521286 100.002358481 20.0000506019
20 203.729521286 100.02353729 20.0002250723
25 203.729521286 100.199194325 20.0011493739
30 203.729521286 101.418198214 20.0052765484
35 203.729521286 108.489239705 20.0206594441
40 203.729521286 142.723367301 20.0684855468
45 203.729521286 280.778037674 20.1924310671
50 203.729521286 743.186227763 20.4599587729
55 203.729521286 2024.31246282 20.9406327234
60 203.729521286 4941.85534549 21.6598206629
65 203.729521286 10347.3600559 22.5576780688
70 203.729521286 18345.9210521 23.4962127958
75 203.729521286 27439.7347182 24.3169499377
80 203.729521286 34587.5501302 24.8956540542
85 203.729521286 36743.5451835 25.1488155041
90 203.729521286 32918.7261816 25.0174361101
95 203.729521286 24903.3223962 24.4857793171
100 203.729521286 15945.6709068 23.6334275384
105 203.729521286 8683.62432248 22.6515182134
110 203.729521286 4074.02287085 21.7790238394
115 203.729521286 1735.98791581 21.2012383331
120 203.729521286 883.863278344 20.9851868013
125 203.729521286 1010.40513464 21.0775217566
130 203.729521286 2087.29547807 21.3431537692
135 203.729521286 4386.38989534 21.6246792798
140 203.729521286 8029.42209643 21.806772452
145 203.729521286 12464.3268638 21.851328338
150 203.729521286 16314.6602796 21.7793233856
155 203.729521286 17977.3013824 21.6270849239
160 203.729521286 16670.0415 21.4240277489
165 203.729521286 13011.1819787 21.1958305296
170 203.729521286 8557.21364419 20.9650805585
175 203.729521286 4757.00620689 20.7442352748
180 203.729521286 2255.77891641 20.5379870452
185 203.729521286 938.919326398 20.3546895955
190 203.729521286 374.465414096 20.2099056221
195 203.729521286 175.693892116 20.1210402193
200 203.729521286 119.219544963 20.1123160513
205 203.729521286 115.411528062 20.2441858148
210 203.729521286 169.149967778 20.6545533295
215 203.729521286 429.14061479 21.5640619332
220 203.729521286 1426.99222907 23.1817869208
225 203.729521286 4598.33387804 25.5129435097
230 203.729521286 12918.5635129 28.2224444639
235 203.729521286 30806.3900644 30.7651586758
240 203.729521286 61932.9291056 32.7512451734
245 203.729521286 100000 34.1744210628
250 203.729521286 100000 35.2139059995
255 203.729521286 100000 35.8467620229
260 203.729521286 100000 35.7595186718
265 203.729521286 100000 34.6436947547
270 203.729521286 100000 32.5048574602
275 203.729521286 64369.2885304 29.7044574107
280 203.729521286 32370.6541885 26.7941091981
285 203.729521286 13721.1476049 24.3014668368
290 203.729521286 4933.04992409 22.5515646287
295 203.729521286 1541.55267352 21.5850189335
300 203.729521286 461.44431884 21.2152389509
305 203.729521286 176.182275829 21.1771870005
310 203.729521286 113.497959923 21.2563382412
315 203.729521286 102.010406958 21.3273270966
320 203.729521286 100.251710583 21.3243170288
325 203.729521286 100.026492359 21.2122038052
330 203.729521286 100.002343913 20.9920592096
335 203.729521286 100.000174328 20.7125122325
340 203.729521286 100.000010909 20.4537239768
345 203.729521286 100.000000627 20.3011397514
350 203.729521286 100.000000266 20.355223032
355 203.729521286 100.000000898 20.7864681589
360 203.729521286 100.000002812 21.869279202
365 203.729521286 100.00000741 23.8782106148
370 203.729521286 100.000016414 26.7972788234
375 203.729521286 100.000030565 30.0211016226
380 203.729521286 100.000047845 32.4203180381
385 203.729521286 100.000062959 32.9406513505
390 203.729521286 100.000069644 31.3339630415
395 203.729521286 100.00006476 28.3446702276
400 203.729521286 100.000050621 25.1646183088
0 208.698534 100.000001284 20.0000006887
5 208.698534 100.000007742 20.0000013947
10 208.698534 100.000094369 20.000003903
15 208.698534 100.001115604 20.0000193088
20 208.698534 100.011226923 20.0001147021
25 208.698534 100.095075053 20.0006202465
30 208.698534 100.6769035 20.0028629298
35 208.698534 104.051489087 20.0111675364
40 208.698534 120.386163794 20.0368056463
45 208.698534 186.238168604 20.1027079879
50 208.698534 406.704943712 20.243568852
55 208.698534 1017.10314995 20.4936816854
60 208.698534 2405.77648518 20.8626430033
65 208.698534 4974.74726852 21.3158961323
70 208.698534 8767.00573349 21.7821382115
75 208.698534 13060.7651551 22.1854910982
80 208.698534 16405.0387963 22.4707491107
85 208.698534 17360.7529818 22.5994664157
90 208.698534 15481.8541456 22.5372518115
95 208.698534 11645.3617345 22.2672902078
100 208.698534 7405.12650093 21.8252011133
105 208.698534 4002.69308819 21.3105965887
110 208.698534 1869.59526092 20.8497680337
115 208.698534 805.923168362 20.5375268949
120 208.698534 429.761594843 20.4039350142
125 208.698534 497.555132396 20.4193484773
130 208.698534 992.873210277 20.5201365588
135 208.698534 2040.34817186 20.6380819401
140 208.698534 3698.15122756 20.7252285821
145 208.698534 5718.27222879 20.7641814275
150 208.698534 7476.18051667 20.7588324449
155 208.698534 8241.19148871 20.7183195816
160 208.698534 7653.70010988 20.6508774881
165 208.698534 5991.74980435 20.5658579382
170 208.698534 3963.14427203 20.4723932677
175 208.698534 2229.36117954 20.375471268
180 208.698534 1086.66417576 20.277926437
185 208.698534 484.328390449 20.1863195601
190 208.698534 225.865038843 20.1117085396
195 208.698534 134.813514657 20.066107482
200 208.698534 109.404953574 20.0659561959
205 208.698534 110.987851719 20.1503861577
210 208.698534 154.060267364 20.4065801719
215 208.698534 358.146739096 20.9734528058
220 208.698534 1140.86356501 21.9852667259
225 208.698534 3628.40367006 23.4573051012
230 208.698534 10154.6271574 25.2078289318
235 208.698534 24185.4838225 26.9388519772
240 208.698534 48600.5241789 28.4416167405
245 208.698534 82199.2410631 29.6931009046
250 208.698534 100000 30.6972058162
255 208.698534 100000 31.2733009307
260 208.698534 100000 31.1062903886
265 208.698534 100000 30.0310356085
270 208.698534 84497.0914088 28.2184111026
275 208.698534 50511.5562277 26.0844562174
280 208.698534 25412.4616022 24.0672956833
285 208.698534 10784.158236 22.4690394415
290 208.698534 3890.94857857 21.4073181963
295 208.698534 1230.72534827 20.83735968
300 208.698534 383.509760556 20.6165474729
305 208.698534 159.755867371 20.5851916784
310 208.698534 110.587532259 20.6241298804
315 208.698534 101.576923375 20.6656572207
320 208.698534 100.197436793 20.6731338363
325 208.698534 100.020780081 20.6248256592
330 208.698534 100.001838519 20.5179397881
335 208.698534 100.000136738 20.3763547861
340 208.698534 100.00000855 20.2433126794
345 208.698534 100.000000453 20.1684018568
350 208.698534 100.000000034 20.2149130369
355 208.698534 100.000000054 20.4929859513
360 208.698534 100.000000168 21.1787029301
365 208.698534 100.000000443 22.4473458966
370 208.698534 100.000000981 24.2898380564
375 208.698534 100.000001827 26.3245056397
380 208.698534 100.00000286 27.8387094216
385 208.698534 100.000003763 28.1671049842
390 208.698534 100.000004162 27.1530929832
395 208.698534 100.000003871 25.2664906924
400 208.698534 100.000003025 23.259495854
