% x_um y_um sigma_s_m k_w_mk
0 0 784.63190441 24.0499215021
5 0 1197.86750152 26.5879427101
10 0 1635.90099248 29.4388173827
15 0 1991.05830066 32.0782352022
20 0 2186.97064903 34.1296631512
25 0 2232.07866162 35.6056887373
30 0 2205.25443381 36.7939169558
35 0 2184.58360541 37.8916994575
40 0 2196.11832155 38.8046394808
45 0 2226.62476281 39.2996104797
50 0 2258.34480978 39.2514815927
55 0 2274.67599791 38.7037489804
60 0 2252.86043906 37.812624411
65 0 2178.5352372 36.8350229546
70 0 2065.36764454 36.0918791389
75 0 1947.97707139 35.8132141708
80 0 1861.23239706 36.0031097524
85 0 1831.52649135 36.4736462818
90 0 1871.16949973 36.9625098069
95 0 1967.14681844 37.2178902434
100 0 2087.7286582 37.101276238
105 0 2211.75077216 36.7071301417
110 0 2335.19546402 36.3034808014
115 0 2432.15231419 36.0370694035
120 0 2426.5350316 35.7233049304
125 0 2234.76182818 35.0132582436
130 0 1845.62457953 33.7378680944
135 0 1347.05094372 32.0044594876
140 0 869.941978505 30.0016489889
145 0 508.568822498 27.8486792083
150 0 285.787297351 25.6627635855
155 0 172.258137377 23.6551457589
160 0 124.001322547 22.0652663178
165 0 106.811780354 21.0144465249
170 0 101.730713313 20.461022011
175 0 100.810304993 20.2881022081
180 0 102.139671608 20.4151329677
185 0 107.791996943 20.8355468053
190 0 124.876801541 21.5673514615
195 0 168.095924611 22.5742297639
200 0 259.953884746 23.7408649607
205 0 422.804610683 24.9342621852
210 0 660.103340319 26.0728034977
215 0 936.138238522 27.0986400053
220 0 1176.02420868 27.8924629673
225 0 1300.99092959 28.2976249229
230 0 1280.82818024 28.2943292191
235 0 1156.54434281 28.1176997331
240 0 1005.35892959 28.1263184716
245 0 878.566174395 28.5244196511
250 0 773.00414373 29.2086615401
255 0 658.316981189 29.8451862172
260 0 522.202534757 30.0727838064
265 0 386.637780952 29.7118680053
270 0 290.488265575 28.8927422733
275 0 267.090606602 28.0016213042
280 0 335.791077603 27.4413401317
285 0 501.721719943 27.4001576144
290 0 754.494764956 27.8279889522
295 0 1069.91477063 28.5928535639
300 0 1421.55314029 29.6330741831
305 0 1794.90945012 30.9851484414
310 0 2188.00009805 32.6992878742
315 0 2593.1693689 34.7114854473
320 0 2974.36104897 36.7491587071
325 0 3263.79014085 38.3575549707
330 0 3390.50678404 39.0913554368
335 0 3323.00750697 38.7699836449
340 0 3088.81444518 37.589520733
345 0 2755.581174 36.0004693299
350 0 2397.20725783 34.4806958525
355 0 2074.36864746 33.3776903499
360 0 1829.93254274 32.8489074623
365 0 1679.88781415 32.8218624731
370 0 1596.37151013 32.9563992297
375 0 1508.84492437 32.7152334061
380 0 1344.85113755 31.6245700755
385 0 1084.84741709 29.5906264524
390 0 777.285974485 26.9935850968
395 0 498.332853568 24.4506655665
400 0 298.659766672 22.452911493
0 4.96901271429 1171.9748909 26.4050782504
5 4.96901271429 1762.65892948 30.1302109987
10 4.96901271429 2350.4609697 34.1590257269
15 4.96901271429 2783.19907418 37.7741983809
20 4.96901271429 2969.91892483 40.5432111385
25 4.96901271429 2944.45350588 42.5752695881
30 4.96901271429 2833.67281524 44.2969316671
35 4.96901271429 2756.39455893 45.9600662065
40 4.96901271429 2755.01284915 47.4138477313
45 4.96901271429 2811.82747829 48.3248062631
50 4.96901271429 2893.74453564 48.4906838217
55 4.96901271429 2962.52380547 47.9272521877
60 4.96901271429 2972.68396995 46.8314161624
65 4.96901271429 2897.31116087 45.5820432753
70 4.96901271429 2754.27356105 44.6547098686
75 4.96901271429 2592.23352037 44.3618788952
80 4.96901271429 2459.78776789 44.6593975738
85 4.96901271429 2395.36924923 45.232185142
90 4.96901271429 2424.0128205 45.7113911701
95 4.96901271429 2543.66803223 45.8180624289
100 4.96901271429 2728.33282023 45.4709137781
105 4.96901271429 2956.53395911 44.8764263697
110 4.96901271429 3212.46272568 44.4009292627
115 4.96901271429 3436.0938481 44.1895995304
120 4.96901271429 3496.76364053 43.9327697868
125 4.96901271429 3263.17868197 43.1136617884
130 4.96901271429 2717.67837045 41.4562761311
135 4.96901271429 1991.4486106 39.0422229669
140 4.96901271429 1281.82728624 36.0720482161
145 4.96901271429 735.18638753 32.7088361743
150 4.96901271429 392.716585395 29.190103271
155 4.96901271429 215.392364582 25.9242210237
160 4.96901271429 138.837035127 23.3376616499
165 4.96901271429 111.163826497 21.634984601
170 4.96901271429 102.889434423 20.7449096259
175 4.96901271429 101.449258846 20.4772996314
180 4.96901271429 103.933087952 20.7085266019
185 4.96901271429 114.101112015 21.4406603576
190 4.96901271429 144.086182312 22.7142233252
195 4.96901271429 217.818870017 24.4663618712
200 4.96901271429 369.53786144 26.4745128647
205 4.96901271429 628.945432391 28.4525367569
210 4.96901271429 991.957155997 30.1910497053
215 4.96901271429 1394.59049332 31.5709761217
220 4.96901271429 1721.35174582 32.4719044479
225 4.96901271429 1862.54290135 32.7875461197
230 4.96901271429 1787.06096823 32.6094125817
235 4.96901271429 1565.79925409 32.3287329302
240 4.96901271429 1315.70518597 32.4380055167
245 4.96901271429 1112.72567474 33.1854303323
250 4.96901271429 954.676459156 34.4036471438
255 4.96901271429 799.433951605 35.6050058871
260 4.96901271429 626.433113658 36.2273199153
265 4.96901271429 460.246395012 35.9406204231
270 4.96901271429 350.567739235 34.8974059462
275 4.96901271429 344.704851986 33.6929196183
280 4.96901271429 475.642574994 32.9769802195
285 4.96901271429 757.88118065 33.0522651623
290 4.96901271429 1180.95098472 33.8264845453
295 4.96901271429 1709.16250076 35.0771422005
300 4.96901271429 2297.47758193 36.699751357
305 4.96901271429 2911.84334536 38.7329614021
310 4.96901271429 3532.2538031 41.2116183378
315 4.96901271429 4134.85028016 44.0026863956
320 4.96901271429 4671.16253271 46.7346210023
325 4.96901271429 5066.20741882 48.8666896861
330 4.96901271429 5243.94439552 49.8944965587
335 4.96901271429 5165.44529276 49.5978301398
340 4.96901271429 4850.13917865 48.1627892402
345 4.96901271429 4365.59984225 46.0892748915
350 4.96901271429 3801.13586654 43.9677544383
355 4.96901271429 3246.6930482 42.2724117804
360 4.96901271429 2778.47520054 41.2364223925
365 4.96901271429 2438.09350258 40.7830427686
370 4.96901271429 2206.44783417 40.4961513383
375 4.96901271429 2002.96374621 39.7132268565
380 4.96901271429 1735.99559659 37.8321438206
385 4.96901271429 1373.91533929 34.7087783488
390 4.96901271429 968.616787642 30.8165885725
395 4.96901271429 608.588056001 26.9847060231
400 4.96901271429 353.067019007 23.9207261844
0 9.93802542857 1575.46473022 28.952546358
5 9.93802542857 2312.8167577 33.7920108538
10 9.93802542857 2990.580709 38.8104955826
15 9.93802542857 3422.38677958 43.1410264198
20 9.93802542857 3523.00120139 46.3752816152
25 9.93802542857 3367.4630977 48.7690673558
30 9.93802542857 3133.23663446 50.8807856036
35 9.93802542857 2974.38047742 52.997273363
40 9.93802542857 2945.26858733 54.9295140164
45 9.93802542857 3022.14738826 56.2882102251
50 9.93802542857 3154.69069877 56.816836295
55 9.93802542857 3281.1878537 56.4838985296
60 9.93802542857 3333.84464964 55.476864453
65 9.93802542857 3273.99268324 54.2276186654
70 9.93802542857 3121.28988009 53.2907993413
75 9.93802542857 2933.11867533 53.0087799027
80 9.93802542857 2766.58869061 53.2892167838
85 9.93802542857 2669.19582324 53.7435464126
90 9.93802542857 2680.22237582 53.9828527527
95 9.93802542857 2816.95612686 53.7935957073
100 9.93802542857 3071.26416633 53.2114265229
105 9.93802542857 3427.85993098 52.5411606672
110 9.93802542857 3854.36006889 52.1685163797
115 9.93802542857 4246.4733955 52.1646050053
120 9.93802542857 4413.42792879 52.0888001526
125 9.93802542857 4176.91220586 51.2912934208
130 9.93802542857 3513.2187081 49.3905297679
135 9.93802542857 2592.91369361 46.3900405066
140 9.93802542857 1674.82404066 42.4532275614
145 9.93802542857 956.127737648 37.7967772469
150 9.93802542857 499.148477791 32.8361545881
155 9.93802542857 259.15881822 28.2298641858
160 9.93802542857 154.152643062 24.6076185094
165 9.93802542857 115.728399809 22.2448910899
170 9.93802542857 104.140176174 21.0238128935
175 9.93802542857 102.229473003 20.6740591397
180 9.93802542857 106.231642368 21.0344944344
185 9.93802542857 122.084124929 22.1309596948
190 9.93802542857 167.890052591 24.0444327574
195 9.93802542857 277.810235479 26.6923329981
200 9.93802542857 497.406800469 29.7218725265
205 9.93802542857 859.826119128 32.6332271979
210 9.93802542857 1345.81523787 35.0137027359
215 9.93802542857 1856.04452804 36.6436218762
220 9.93802542857 2234.849419 37.4402177397
225 9.93802542857 2351.97792833 37.4495816729
230 9.93802542857 2188.9783819 36.9668821327
235 9.93802542857 1853.3281115 36.5546337263
240 9.93802542857 1499.11810908 36.7819955691
245 9.93802542857 1221.90464348 37.8802328726
250 9.93802542857 1019.53915619 39.6110385271
255 9.93802542857 840.059840513 41.3727418615
260 9.93802542857 653.938646153 42.4404705499
265 9.93802542857 483.120483857 42.3414625839
270 9.93802542857 381.811536131 41.2376447761
275 9.93802542857 408.045210947 39.9200669476
280 9.93802542857 609.494412893 39.2726164329
285 9.93802542857 1014.28708193 39.6889467391
290 9.93802542857 1617.91708761 41.0015186941
295 9.93802542857 2379.2501772 42.8715227717
300 9.93802542857 3237.22631864 45.1458050173
305 9.93802542857 4133.00055328 47.8688417482
310 9.93802542857 5014.79273109 51.0513019946
315 9.93802542857 5827.75606246 54.4738986633
320 9.93802542857 6507.59738188 57.682650382
325 9.93802542857 6985.24342356 60.1303834514
330 9.93802542857 7198.37777542 61.3547927213
335 9.93802542857 7107.17991855 61.1356539146
340 9.93802542857 6711.40937855 59.5968623919
345 9.93802542857 6061.31947338 57.1972179298
350 9.93802542857 5254.29776516 54.5728950657
355 9.93802542857 4414.72695418 52.2853352194
360 9.93802542857 3661.62581185 50.611161822
365 9.93802542857 3070.47359646 49.4631991442
370 9.93802542857 2640.11449642 48.4112287823
375 9.93802542857 2292.08271224 46.7882299136
380 9.93802542857 1925.16618653 43.9645259215
385 9.93802542857 1494.17470318 39.7529335191
390 9.93802542857 1040.62543903 34.6426284873
395 9.93802542857 647.695422948 29.5872073605
400 9.93802542857 371.745044471 25.4736093378
0 14.9070381429 1897.93684885 31.1665898898
5 14.9070381429 2711.85610893 36.8378231259
10 14.9070381429 3390.95888479 42.479047603
15 14.9070381429 3734.78613891 47.122958664
20 14.9070381429 3685.69810538 50.4243305716
25 14.9070381429 3368.01429551 52.7810003029
30 14.9070381429 2999.7804729 54.8604575234
35 14.9070381429 2753.50443804 57.0078928401
40 14.9070381429 2684.99292001 59.0902927383
45 14.9070381429 2762.53807118 60.7781487164
50 14.9070381429 2921.73746398 61.8255210585
55 14.9070381429 3084.62155783 62.1283801648
60 14.9070381429 3170.93784585 61.7437862365
65 14.9070381429 3136.17019744 60.9640187505
70 14.9070381429 2998.47691848 60.2337686898
75 14.9070381429 2814.68723731 59.8460340698
80 14.9070381429 2641.50792367 59.7408985725
85 14.9070381429 2528.96877376 59.6420909174
90 14.9070381429 2526.99725451 59.3283362412
95 14.9070381429 2674.19402074 58.7661947596
100 14.9070381429 2987.25026784 58.1151494782
105 14.9070381429 3462.45873922 57.676367809
110 14.9070381429 4051.56364144 57.7027045311
115 14.9070381429 4608.85413723 58.0976646864
120 14.9070381429 4895.0386017 58.3171249351
125 14.9070381429 4698.69526788 57.6668563887
130 14.9070381429 3992.04422861 55.6985249227
135 14.9070381429 2969.85933357 52.3012191493
140 14.9070381429 1929.87480641 47.5647275041
145 14.9070381429 1104.06288982 41.7801266227
150 14.9070381429 572.405245698 35.5846429708
155 14.9070381429 290.007546526 29.8888507353
160 14.9070381429 165.165681388 25.4775499309
165 14.9070381429 119.069626991 22.6444548317
170 14.9070381429 105.096130446 21.2049295749
175 14.9070381429 102.953681402 20.8186714705
180 14.9070381429 108.517081973 21.3068864923
185 14.9070381429 129.941804945 22.737687866
190 14.9070381429 190.865774195 25.2530103576
195 14.9070381429 334.192465228 28.7742843629
200 14.9070381429 613.366906698 32.8295076294
205 14.9070381429 1059.45871971 36.6810127109
210 14.9070381429 1632.96237672 39.6593793993
215 14.9070381429 2200.05178696 41.4102373611
220 14.9070381429 2576.0075823 41.9199612235
225 14.9070381429 2627.99412068 41.4641519161
230 14.9070381429 2363.41388871 40.584787346
235 14.9070381429 1925.00270757 39.9724632154
240 14.9070381429 1490.94632443 40.1810059197
245 14.9070381429 1164.32974415 41.3710503707
250 14.9070381429 940.664377397 43.2680530538
255 14.9070381429 762.24544725 45.2611176706
260 14.9070381429 592.257303318 46.5813532752
265 14.9070381429 445.253886617 46.6872908037
270 14.9070381429 371.735682794 45.7437466174
275 14.9070381429 433.394377324 44.6600991176
280 14.9070381429 689.136307445 44.4573153242
285 14.9070381429 1182.31353572 45.5502573218
290 14.9070381429 1922.5041395 47.6587768277
295 14.9070381429 2876.56473563 50.3047763889
300 14.9070381429 3979.53187813 53.271995108
305 14.9070381429 5149.71454082 56.6095274704
310 14.9070381429 6292.42235005 60.311931147
315 14.9070381429 7305.5183999 64.0876032277
320 14.9070381429 8101.03381783 67.4368346788
325 14.9070381429 8623.28748124 69.8823195177
330 14.9070381429 8838.99082737 71.0945684652
335 14.9070381429 8716.02975245 70.9018420198
340 14.9070381429 8230.69962984 69.3465443212
345 14.9070381429 7407.90278719 66.7870990089
350 14.9070381429 6350.97304285 63.8378912157
355 14.9070381429 5222.47602736 61.0733626711
360 14.9070381429 4186.56498724 58.7396106461
365 14.9070381429 3350.67515937 56.7144385973
370 14.9070381429 2731.24554923 54.6306531581
375 14.9070381429 2258.65828657 51.9768279638
380 14.9070381429 1831.5366041 48.2395902334
385 14.9070381429 1392.29311973 43.2175640368
390 14.9070381429 960.58585068 37.3183162602
395 14.9070381429 597.623031584 31.4739705056
400 14.9070381429 346.013017743 26.6461257474
0 19.8760508571 2067.31349754 32.6360372231
5 19.8760508571 2878.22334702 38.7886419828
10 19.8760508571 3482.17974965 44.7009071155
15 19.8760508571 3685.28106403 49.3155088224
20 19.8760508571 3469.56280991 52.2971286638
25 19.8760508571 3003.58413979 54.10965764
30 19.8760508571 2526.9874953 55.5163212629
35 19.8760508571 2210.36570223 57.0193268354
40 19.8760508571 2099.60883891 58.7162140679
45 19.8760508571 2154.22622674 60.5026987627
50 19.8760508571 2302.75602768 62.2284454674
55 19.8760508571 2463.96236146 63.6767857878
60 19.8760508571 2559.87221239 64.5858924592
65 19.8760508571 2548.39549896 64.811970318
70 19.8760508571 2443.53449664 64.4270746646
75 19.8760508571 2292.6045521 63.6128552867
80 19.8760508571 2143.31569264 62.523438035
85 19.8760508571 2040.86142617 61.2947749455
90 19.8760508571 2038.08798336 60.1146766168
95 19.8760508571 2188.59831462 59.2142225353
100 19.8760508571 2531.67023662 58.804585239
105 19.8760508571 3077.20482116 59.0132044176
110 19.8760508571 3768.70455629 59.7851042255
115 19.8760508571 4436.31306193 60.7742441286
120 19.8760508571 4817.88745684 61.3776768977
125 19.8760508571 4690.38876868 60.9596495439
130 19.8760508571 4023.86223572 59.06811248
135 19.8760508571 3016.18979936 55.4813326582
140 19.8760508571 1972.26863142 50.2165298068
145 19.8760508571 1133.76636133 43.6672023952
150 19.8760508571 589.126625915 36.7019982023
155 19.8760508571 297.706247975 30.4269032405
160 19.8760508571 168.09137617 25.6824039202
165 19.8760508571 120.003782439 22.705623917
170 19.8760508571 105.416269306 21.2301955382
175 19.8760508571 103.393571489 20.8710127309
180 19.8760508571 110.115752735 21.4596402333
185 19.8760508571 135.388752127 23.12205076
190 19.8760508571 206.403464931 26.07654255
195 19.8760508571 370.948422544 30.2799957326
200 19.8760508571 684.974013259 35.1825175973
205 19.8760508571 1173.03859296 39.8337781939
210 19.8760508571 1776.48428348 43.3055493168
215 19.8760508571 2337.5176043 45.1024599794
220 19.8760508571 2660.79140527 45.2901420705
225 19.8760508571 2628.27369429 44.3734942441
230 19.8760508571 2278.36107049 43.0838585018
235 19.8760508571 1778.11962774 42.1336143855
240 19.8760508571 1310.9035301 41.9807483941
245 19.8760508571 973.520072198 42.7240909831
250 19.8760508571 756.892412785 44.1480075453
255 19.8760508571 602.518417812 45.7745331118
260 19.8760508571 469.913026695 46.9411400598
265 19.8760508571 364.149287484 47.141986714
270 19.8760508571 325.367247533 46.538982221
275 19.8760508571 410.641632939 46.0416200577
280 19.8760508571 683.002884337 46.665402799
285 19.8760508571 1198.90079141 48.7682842173
290 19.8760508571 1989.06724912 51.9415425661
295 19.8760508571 3044.47581488 55.5531819093
300 19.8760508571 4313.91778062 59.2852461247
305 19.8760508571 5702.00877377 63.1612711495
310 19.8760508571 7067.9171942 67.1723354964
315 19.8760508571 8251.46318138 71.0038782018
320 19.8760508571 9130.96144525 74.1657191331
325 19.8760508571 9660.1839062 76.2929304577
330 19.8760508571 9837.75578199 77.2228051989
335 19.8760508571 9646.84557026 76.8674864656
340 19.8760508571 9049.90295267 75.2217229394
345 19.8760508571 8055.64173916 72.5549949372
350 19.8760508571 6779.10383632 69.4242304174
355 19.8760508571 5420.26035284 66.3344400696
360 19.8760508571 4179.6622615 63.414246766
365 19.8760508571 3182.82300071 60.4772813444
370 19.8760508571 2452.04223838 57.2833393592
375 19.8760508571 1923.52646183 53.6101332518
380 19.8760508571 1500.23960009 49.1895494581
385 19.8760508571 1115.99712259 43.8497258154
390 19.8760508571 765.733292473 37.8419835463
395 19.8760508571 481.616671871 31.9239104532
400 19.8760508571 287.80855149 26.9847310094
0 24.8450635714 2084.6763213 33.3116415364
5 24.8450635714 2839.04227518 39.6856098857
10 24.8450635714 3335.18051584 45.6771894915
15 24.8450635714 3397.51783214 50.1030638822
20 24.8450635714 3045.59209576 52.5204381675
25 24.8450635714 2477.72558839 53.3548862253
30 24.8450635714 1936.9127513 53.4773558621
35 24.8450635714 1577.97792102 53.6844438966
40 24.8450635714 1430.66561376 54.48456824
45 24.8450635714 1446.63360852 56.1396262412
50 24.8450635714 1554.38420589 58.6592198877
55 24.8450635714 1680.88535277 61.6708990704
60 24.8450635714 1762.08321094 64.4099500757
65 24.8450635714 1764.54564411 66.0125509327
70 24.8450635714 1697.12917585 65.9508039759
75 24.8450635714 1592.97128446 64.2882140429
80 24.8450635714 1486.24039686 61.617493259
85 24.8450635714 1412.30741545 58.7833603134
90 24.8450635714 1418.89725778 56.5668372767
95 24.8450635714 1563.86299077 55.4637864111
100 24.8450635714 1900.02337625 55.6063219213
105 24.8450635714 2449.68894984 56.7884436104
110 24.8450635714 3159.52544728 58.5395453601
115 24.8450635714 3859.0985823 60.2389055731
120 24.8450635714 4290.90941174 61.265286505
125 24.8450635714 4238.80368447 61.105433706
130 24.8450635714 3670.680333 59.3587923982
135 24.8450635714 2769.35927344 55.737213692
140 24.8450635714 1820.15037967 50.2267783715
145 24.8450635714 1051.77762094 43.344197524
150 24.8450635714 550.714373667 36.1541383326
155 24.8450635714 282.148400131 29.8624817827
160 24.8450635714 162.673317127 25.2582165351
165 24.8450635714 118.393746808 22.4610181926
170 24.8450635714 105.034462288 21.1234860593
175 24.8450635714 103.441303554 20.8481899603
180 24.8450635714 110.642932898 21.5039286088
185 24.8450635714 137.161536894 23.2821814523
190 24.8450635714 211.072742788 26.4797103552
195 24.8450635714 380.514860167 31.1081538418
200 24.8450635714 699.010595186 36.5851472357
205 24.8450635714 1183.23591956 41.8073567701
210 24.8450635714 1762.16809275 45.642773435
215 24.8450635714 2269.52235868 47.488926928
220 24.8450635714 2516.79819141 47.4792037241
225 24.8450635714 2409.8019848 46.2628680214
230 24.8450635714 2012.71209173 44.6142014611
235 24.8450635714 1501.26162148 43.138155769
240 24.8450635714 1047.69244584 42.172511845
245 24.8450635714 733.506786251 41.8424268014
250 24.8450635714 544.490977313 42.1226141614
255 24.8450635714 425.341260302 42.7874656579
260 24.8450635714 335.713712154 43.3831791209
265 24.8450635714 272.095401303 43.5081603568
270 24.8450635714 261.478727786 43.3035710706
275 24.8450635714 350.19126763 43.5680354
280 24.8450635714 597.759671534 45.1950240772
285 24.8450635714 1068.76338809 48.4526185218
290 24.8450635714 1817.5037521 52.8370004362
295 24.8450635714 2869.79450202 57.5713473118
300 24.8450635714 4202.5458934 62.1767455156
305 24.8450635714 5718.70480438 66.5758174117
310 24.8450635714 7238.4571796 70.744299061
315 24.8450635714 8545.20750846 74.4076535809
320 24.8450635714 9477.60842857 77.1537837279
325 24.8450635714 9985.93036576 78.7397241498
330 24.8450635714 10090 79.1401343193
335 24.8450635714 9792.45085889 78.3571975713
340 24.8450635714 9062.57137176 76.4064191891
345 24.8450635714 7915.98005292 73.5403686877
350 24.8450635714 6488.33429945 70.2661033465
355 24.8450635714 5007.55955992 66.9662527419
360 24.8450635714 3690.66295218 63.5970051744
365 24.8450635714 2660.30319301 59.8909339883
370 24.8450635714 1928.44150876 55.7539212154
375 24.8450635714 1428.75551523 51.2957451927
380 24.8450635714 1068.66295409 46.5516815072
385 24.8450635714 778.906317549 41.4240297631
390 24.8450635714 535.923763305 35.990052184
395 24.8450635714 347.150133166 30.7330767322
400 24.8450635714 220.935513108 26.3347926878
0 29.8140762857 2019.11650409 33.4735072826
5 29.8140762857 2705.97099792 39.9507456259
10 29.8140762857 3107.21290525 45.9784862279
15 29.8140762857 3065.62022094 50.2110082897
20 29.8140762857 2626.88130237 52.01328109
25 29.8140762857 2004.53746337 51.7152774395
30 29.8140762857 1435.68631452 50.3181064306
35 29.8140762857 1056.76556013 48.9847527366
40 29.8140762857 881.981829196 48.6901503355
45 29.8140762857 857.101794228 50.0830994523
50 29.8140762857 914.274060466 53.3436875311
55 29.8140762857 993.389788679 57.941458451
60 29.8140762857 1047.97072151 62.5564868334
65 29.8140762857 1054.89132722 65.5065744066
70 29.8140762857 1018.42132378 65.5994001439
75 29.8140762857 958.038866034 62.8280658593
80 29.8140762857 894.766167038 58.365353342
85 29.8140762857 853.086374366 53.8913251632
90 29.8140762857 870.932075305 50.7909755199
95 29.8140762857 1001.28526486 49.7128765348
100 29.8140762857 1300.60063381 50.5647138232
105 29.8140762857 1800.66313138 52.7360746689
110 29.8140762857 2460.72822003 55.3757874684
115 29.8140762857 3128.34587395 57.6670660618
120 29.8140762857 3568.50831999 59.0166578688
125 29.8140762857 3580.89025593 59.0418534137
130 29.8140762857 3129.64939582 57.4135390808
135 29.8140762857 2373.29420643 53.8334971486
140 29.8140762857 1564.76327215 48.3102916096
145 29.8140762857 908.020905933 41.4781293577
150 29.8140762857 480.645646318 34.5218466818
155 29.8140762857 252.790488963 28.6447679789
160 29.8140762857 152.164480437 24.5103046525
165 29.8140762857 115.193868373 22.0995987914
170 29.8140762857 104.196571359 21.0040773624
175 29.8140762857 103.191112434 20.8464255044
180 29.8140762857 110.301742977 21.5538888979
185 29.8140762857 135.999658254 23.3835992753
190 29.8140762857 207.296196631 26.6959191282
195 29.8140762857 369.742579642 31.5474414711
200 29.8140762857 672.145738605 37.3440208472
205 29.8140762857 1124.88967748 42.8940315611
210 29.8140762857 1652.46387382 46.9527762643
215 29.8140762857 2091.97069759 48.8748386004
220 29.8140762857 2270.24249971 48.8378687244
225 29.8140762857 2115.44613359 47.5112125541
230 29.8140762857 1707.10042395 45.5545718083
235 29.8140762857 1217.84847427 43.3821520608
240 29.8140762857 802.23441842 41.2553148997
245 29.8140762857 525.353469541 39.4451553769
250 29.8140762857 369.028366719 38.2160044156
255 29.8140762857 282.709500467 37.6322584388
260 29.8140762857 228.275298313 37.4535859683
265 29.8140762857 195.999644539 37.3787448935
270 29.8140762857 200.701718881 37.4974447984
275 29.8140762857 275.853493724 38.4349812956
280 29.8140762857 472.421203702 40.9214117082
285 29.8140762857 857.284503575 45.1694222627
290 29.8140762857 1504.45171579 50.665697772
295 29.8140762857 2474.30776805 56.5337358355
300 29.8140762857 3775.88228283 62.0796056951
305 29.8140762857 5319.89677885 67.0173307213
310 29.8140762857 6902.65196569 71.2522692969
315 29.8140762857 8266.1675187 74.5939414834
320 29.8140762857 9213.12238951 76.7820621021
325 29.8140762857 9677.85897112 77.7044244595
330 29.8140762857 9685.55840086 77.4222905343
335 29.8140762857 9259.51709795 76.0090451812
340 29.8140762857 8398.24588729 73.5596289358
345 29.8140762857 7148.16850931 70.3897809467
350 29.8140762857 5668.69418857 66.9913227013
355 29.8140762857 4196.14488149 63.6199150656
360 29.8140762857 2937.41206537 60.0519837324
365 29.8140762857 1992.52546266 55.9224597365
370 29.8140762857 1352.3359858 51.2313846441
375 29.8140762857 943.060888108 46.3560670859
380 29.8140762857 676.66108454 41.618024976
385 29.8140762857 486.849189913 37.0397936319
390 29.8140762857 342.017969858 32.5752927371
395 29.8140762857 235.285511135 28.4229487626
400 29.8140762857 165.711553958 24.9860562335
0 34.783089 1949.03098593 33.4362356856
5 34.783089 2587.82144636 39.9617559632
10 34.783089 2929.18646898 46.0070820484
15 34.783089 2827.44245965 50.0906497847
20 34.783089 2342.45859524 51.4199021763
25 34.783089 1694.45107787 50.2644872664
30 34.783089 1114.54450459 47.7492491872
35 34.783089 726.042514894 45.3072188792
40 34.783089 532.251808321 44.2060886786
45 34.783089 474.993887302 45.3218120061
50 34.783089 490.18834667 48.9585303796
55 34.783089 529.004422118 54.5219930781
60 34.783089 559.315079538 60.3258346572
65 34.783089 566.034054414 64.0814501978
70 34.783089 549.938176746 64.098570685
75 34.783089 520.395669941 60.3667908652
80 34.783089 488.795174279 54.5877279853
85 34.783089 470.902642015 49.127697619
90 34.783089 494.599087586 45.7646995201
95 34.783089 603.784197007 45.0788304234
100 34.783089 851.73030687 46.6121178837
105 34.783089 1275.82762824 49.3795894835
110 34.783089 1851.29334737 52.3401069786
115 34.783089 2451.86447492 54.6952661336
120 34.783089 2871.77486705 55.9832941346
125 34.783089 2928.71037126 55.9455186049
130 34.783089 2582.39203075 54.3078132456
135 34.783089 1965.77238899 50.7880986183
140 34.783089 1297.87814452 45.4375468343
145 34.783089 755.67058417 38.9612762093
150 34.783089 405.48437605 32.5658281695
155 34.783089 220.986497814 27.3673022984
160 34.783089 140.692940817 23.8722710481
165 34.783089 111.680598167 21.9350195135
170 34.783089 103.266457161 21.113681819
175 34.783089 102.873938802 21.0799325649
180 34.783089 109.744062647 21.8407106982
185 34.783089 134.101763828 23.719818916
190 34.783089 201.518760722 27.1138500616
195 34.783089 354.741958671 32.0836705199
200 34.783089 638.692510966 38.0102176302
205 34.783089 1060.32147555 43.6635942467
210 34.783089 1544.04741503 47.7835130649
215 34.783089 1933.22008759 49.7512600936
220 34.783089 2067.39209839 49.7629317574
225 34.783089 1888.83005873 48.4038285266
230 34.783089 1483.9091227 46.1324582359
235 34.783089 1019.71692809 43.180664898
240 34.783089 637.107823411 39.8187496793
245 34.783089 389.906159192 36.5404480616
250 34.783089 257.636654557 33.9039669315
255 34.783089 193.383941719 32.2024441845
260 34.783089 160.927119756 31.3321776435
265 34.783089 146.423587123 31.0382992608
270 34.783089 155.471965684 31.3339735686
275 34.783089 210.10737046 32.6695752166
280 34.783089 351.275057375 35.6414605419
285 34.783089 643.274222145 40.4809318595
290 34.783089 1171.45724944 46.7666019927
295 34.783089 2020.69704951 53.589698029
300 34.783089 3225.43146385 60.0155686335
305 34.783089 4707.52086426 65.4479039867
310 34.783089 6255.29840709 69.6389543155
315 34.783089 7590.88967917 72.4921688947
320 34.783089 8494.69013292 73.9705530272
325 34.783089 8883.7995157 74.1385648197
330 34.783089 8780.94747432 73.1345853239
335 34.783089 8231.58218104 71.0856652075
340 34.783089 7277.14105151 68.1807720322
345 34.783089 6005.05563839 64.8318144676
350 34.783089 4589.22289766 61.5433753546
355 34.783089 3248.41925658 58.4646467809
360 34.783089 2154.1313604 55.188690933
365 34.783089 1371.76877315 51.1854606489
370 34.783089 870.768418607 46.4184428797
375 34.783089 573.10913439 41.4134707146
380 34.783089 398.494424666 36.7550205149
385 34.783089 289.044449958 32.6651176012
390 34.783089 214.240138755 29.0854560117
395 34.783089 162.66920314 25.9981421299
400 34.783089 130.146139746 23.5342464317
0 39.7521017143 1910.85694205 33.3223813283
5 39.7521017143 2525.85045345 39.8005955206
10 39.7521017143 2837.97891845 45.7705032183
15 39.7521017143 2706.82654248 49.7301721957
20 39.7521017143 2199.02704323 50.8948678048
25 39.7521017143 1538.20022425 49.5896794945
30 39.7521017143 952.587715884 47.0010666713
35 39.7521017143 558.60762177 44.5441453169
40 39.7521017143 353.462099085 43.370540589
45 39.7521017143 276.697705815 44.2577955067
50 39.7521017143 266.839550582 47.5584868255
55 39.7521017143 282.303424971 52.8318118932
60 39.7521017143 299.511090519 58.4623568805
65 39.7521017143 307.345757483 62.0545679108
70 39.7521017143 303.408059371 61.7732280299
75 39.7521017143 290.505772364 57.6539626814
80 39.7521017143 274.586194498 51.6839640797
85 39.7521017143 266.577382786 46.5319979675
90 39.7521017143 287.224508258 43.9895835751
95 39.7521017143 371.32499905 44.2651106068
100 39.7521017143 565.19491016 46.3769373132
105 39.7521017143 906.875649425 49.0375292231
110 39.7521017143 1384.86344344 51.3051391547
115 39.7521017143 1899.578192 52.7391297225
120 39.7521017143 2276.90082996 53.2145530551
125 39.7521017143 2355.46656181 52.6360716789
130 39.7521017143 2093.05363874 50.7561199754
135 39.7521017143 1598.43159163 47.2853273671
140 39.7521017143 1057.03097503 42.2804078051
145 39.7521017143 618.71259635 36.435793391
150 39.7521017143 338.397158965 30.8820302473
155 39.7521017143 192.852949083 26.5856737226
160 39.7521017143 130.645392179 23.8786743426
165 39.7521017143 108.64208704 22.4888134843
170 39.7521017143 102.506491734 21.9479022732
175 39.7521017143 102.74868757 22.0017161834
180 39.7521017143 109.742878603 22.7772014064
185 39.7521017143 133.86934838 24.6871574419
190 39.7521017143 200.240531442 28.1395837368
195 39.7521017143 350.602504128 33.1436924295
200 39.7521017143 628.539735002 39.0256046281
205 39.7521017143 1039.86153366 44.5571491562
210 39.7521017143 1508.77107782 48.5480736768
215 39.7521017143 1880.05088378 50.4581614156
220 39.7521017143 1996.72782832 50.4729583553
225 39.7521017143 1805.82422209 49.0340099892
230 39.7521017143 1397.26331285 46.4009981127
235 39.7521017143 937.836347008 42.7066979707
240 39.7521017143 564.512453075 38.3132905159
245 39.7521017143 327.131944601 33.9347243888
250 39.7521017143 204.108317164 30.3326067968
255 39.7521017143 149.536600835 27.9087480805
260 39.7521017143 127.201989483 26.59866812
265 39.7521017143 120.183604319 26.1426704251
270 39.7521017143 127.901876378 26.4788160474
275 39.7521017143 163.994347219 27.9261380506
280 39.7521017143 260.528177802 31.0079611655
285 39.7521017143 476.270264859 36.0357578363
290 39.7521017143 898.992372553 42.7421581251
295 39.7521017143 1624.43052645 50.2359067015
300 39.7521017143 2700.20541244 57.3453145448
305 39.7521017143 4056.21490895 63.1106053929
310 39.7521017143 5482.19186984 67.066409763
315 39.7521017143 6698.45214112 69.1978799628
320 39.7521017143 7482.15540515 69.7488728292
325 39.7521017143 7747.18821708 69.0478721363
330 39.7521017143 7522.03285537 67.3738863675
335 39.7521017143 6878.63330571 64.921178226
340 39.7521017143 5900.84029465 61.9473383935
345 39.7521017143 4706.98894255 58.9322265
350 39.7521017143 3464.35274 56.3900639067
355 39.7521017143 2349.61788747 54.3607169604
360 39.7521017143 1482.84203107 52.1806368366
365 39.7521017143 893.191401791 48.9824761115
370 39.7521017143 536.841451671 44.5020156371
375 39.7521017143 340.445231637 39.3291586483
380 39.7521017143 236.748281169 34.3786659061
385 39.7521017143 180.053280065 30.226891542
390 39.7521017143 146.080481801 26.9548894742
395 39.7521017143 124.622939895 24.4310324153
400 39.7521017143 111.688009747 22.5640693854
0 44.7211144286 1903.73723095 33.1392550744
5 44.7211144286 2509.17448937 39.4297976674
10 44.7211144286 2807.28322701 45.1744504558
15 44.7211144286 2660.62372462 49.0156849965
20 44.7211144286 2140.21876262 50.4066462537
25 44.7211144286 1472.29988291 49.8783884531
30 44.7211144286 884.015565753 48.5815557449
35 44.7211144286 488.241284937 47.5229907075
40 44.7211144286 279.059555822 47.2107603756
45 44.7211144286 195.31099835 47.9266438403
50 44.7211144286 177.732224196 50.0051716668
55 44.7211144286 188.942852027 53.4582509553
60 44.7211144286 208.736309837 57.2960973275
65 44.7211144286 225.218722287 59.6177055351
70 44.7211144286 230.989545038 58.8381259536
75 44.7211144286 223.679629395 55.0587367971
80 44.7211144286 207.38742974 50.2391240698
85 44.7211144286 193.162083941 46.9045701894
90 44.7211144286 199.498282493 46.4469026843
95 44.7211144286 254.3024929 48.3798812673
100 44.7211144286 394.658483224 51.0166026284
105 44.7211144286 653.490330836 52.8164528974
110 44.7211144286 1026.67131818 53.2268070017
115 44.7211144286 1439.05380805 52.5416909501
120 44.7211144286 1751.46567395 51.2418049011
125 44.7211144286 1830.27894368 49.4901785207
130 44.7211144286 1636.50263301 47.0546112458
135 44.7211144286 1254.92412916 43.5953559232
140 44.7211144286 834.223473144 39.1152918757
145 44.7211144286 494.581259895 34.2224905421
150 44.7211144286 279.200983706 29.9006341919
155 44.7211144286 168.766615555 26.9115662944
160 44.7211144286 122.313535218 25.349556674
165 44.7211144286 106.229712204 24.7319333233
170 44.7211144286 102.05092837 24.5034073211
175 44.7211144286 103.148100696 24.5058006355
180 44.7211144286 111.27490306 25.0811690969
185 44.7211144286 137.855343884 26.8159572719
190 44.7211144286 209.242457253 30.1374939531
195 44.7211144286 368.608156549 34.9583728903
200 44.7211144286 660.552900321 40.5322020147
205 44.7211144286 1090.25740736 45.6826082943
210 44.7211144286 1578.30278046 49.3613390935
215 44.7211144286 1962.96820333 51.1237586269
220 44.7211144286 2080.86600321 51.0960373495
225 44.7211144286 1877.13125633 49.5371598837
230 44.7211144286 1446.1442831 46.5506947871
235 44.7211144286 962.513987782 42.2657553768
240 44.7211144286 569.522193486 37.182546503
245 44.7211144286 319.506440426 32.1753534301
250 44.7211144286 190.503849431 28.086482323
255 44.7211144286 134.995332673 25.3182549685
260 44.7211144286 114.502637262 23.7869388295
265 44.7211144286 109.043743115 23.2171758375
270 44.7211144286 113.892934901 23.5038620617
275 44.7211144286 137.132552277 24.8944216061
280 44.7211144286 203.999833178 27.8886054236
285 44.7211144286 366.619776221 32.8885700599
290 44.7211144286 708.67270536 39.7679229638
295 44.7211144286 1325.36515724 47.6540573479
300 44.7211144286 2265.72279764 55.1653766833
305 44.7211144286 3461.18259707 61.0070077308
310 44.7211144286 4704.73619352 64.4984647927
315 44.7211144286 5725.46498493 65.6922053842
320 44.7211144286 6315.77514813 65.1266143401
325 44.7211144286 6409.1853609 63.4671627865
330 44.7211144286 6058.57491838 61.2332134027
335 44.7211144286 5366.75517439 58.739581994
340 44.7211144286 4446.49067497 56.2907372825
345 44.7211144286 3422.16110755 54.3875074178
350 44.7211144286 2429.97252523 53.5283438622
355 44.7211144286 1589.70543688 53.5923287016
360 44.7211144286 967.643496329 53.4908738811
365 44.7211144286 564.048145426 51.7514710317
370 44.7211144286 332.807263884 47.675822864
375 44.7211144286 213.86899155 41.9176043288
380 44.7211144286 156.986672573 35.9040498981
385 44.7211144286 129.926784111 30.7881565336
390 44.7211144286 116.036790863 26.9501610583
395 44.7211144286 108.240401449 24.2369533066
400 44.7211144286 103.836420117 22.3868554309
0 49.6901271429 1921.88804551 32.9742485291
5 49.6901271429 2524.21757469 38.9921383029
10 49.6901271429 2812.5768598 44.4112546704
15 49.6901271429 2652.71043682 48.1455131746
20 49.6901271429 2120.85446926 50.0724781777
25 49.6901271429 1446.66766665 51.0577257044
30 49.6901271429 857.028828025 52.1441784392
35 49.6901271429 462.361106589 53.6160904141
40 49.6901271429 255.04436489 54.9103978497
45 49.6901271429 174.760159994 55.498302014
50 49.6901271429 165.378335684 55.6596331934
55 49.6901271429 192.64050907 56.1144356406
60 49.6901271429 235.733639212 56.9344588023
65 49.6901271429 276.047512211 57.1561403265
70 49.6901271429 295.922947736 55.7159546681
75 49.6901271429 286.065849962 52.7787354134
80 49.6901271429 251.81465564 50.0454929318
85 49.6901271429 211.094658693 49.5823776092
90 49.6901271429 187.233888479 52.0950127209
95 49.6901271429 205.041159492 56.1823126176
100 49.6901271429 291.136344772 59.3276316049
105 49.6901271429 468.016791265 59.7636180243
110 49.6901271429 732.674134425 57.5109351744
115 49.6901271429 1031.29550153 53.8459531944
120 49.6901271429 1262.27509585 50.0432351931
125 49.6901271429 1326.18249907 46.6078670885
130 49.6901271429 1192.15099306 43.3403443741
135 49.6901271429 920.729812781 39.8494351857
140 49.6901271429 620.156812826 36.0819438225
145 49.6901271429 377.960046538 32.5578859549
150 49.6901271429 225.226024772 30.1030130684
155 49.6901271429 147.568423925 29.2109901202
160 49.6901271429 115.277127243 29.5703135665
165 49.6901271429 104.362285679 30.2420103645
170 49.6901271429 102.076914625 30.4006974712
175 49.6901271429 104.761138052 30.0014617231
180 49.6901271429 116.270887248 29.7977026242
185 49.6901271429 150.608602682 30.7576587003
190 49.6901271429 237.608872914 33.415208344
195 49.6901271429 424.092768284 37.5779000038
200 49.6901271429 756.450777335 42.4326219446
205 49.6901271429 1236.9585126 46.9155890492
210 49.6901271429 1776.6119811 50.1705710409
215 49.6901271429 2198.91305422 51.8193972705
220 49.6901271429 2326.7885777 51.8461468083
225 49.6901271429 2100.80783002 50.2797110059
230 49.6901271429 1623.24366203 47.0972063544
235 49.6901271429 1084.34012449 42.4767865443
240 49.6901271429 641.965440507 37.0499224944
245 49.6901271429 356.120738544 31.7704759238
250 49.6901271429 205.426797335 27.4684245868
255 49.6901271429 138.991121981 24.5022841574
260 49.6901271429 113.993952678 22.7790704723
265 49.6901271429 106.550612955 22.0469033973
270 49.6901271429 108.451895905 22.2098284899
275 49.6901271429 123.878200774 23.4932751909
280 49.6901271429 172.794870791 26.3849692923
285 49.6901271429 300.330827456 31.3258207695
290 49.6901271429 582.018873214 38.2466942828
295 49.6901271429 1104.97372209 46.2572102569
300 49.6901271429 1911.66966104 53.8300377837
305 49.6901271429 2930.7484783 59.4638264054
310 49.6901271429 3959.92514893 62.3526944373
315 49.6901271429 4744.76904613 62.5998334589
320 49.6901271429 5106.93818274 60.9600594262
325 49.6901271429 5017.19092891 58.4015630277
330 49.6901271429 4565.30061486 55.7346246436
335 49.6901271429 3881.75798099 53.4705199033
340 49.6901271429 3087.87599341 51.9961506941
345 49.6901271429 2288.33863224 51.8328706342
350 49.6901271429 1572.3907867 53.4476041002
355 49.6901271429 1002.66330782 56.485584527
360 49.6901271429 601.797779252 59.2480938357
365 49.6901271429 353.228397082 59.4133780401
370 49.6901271429 217.326582923 55.7000784467
375 49.6901271429 151.357513193 48.8701560989
380 49.6901271429 122.334069449 41.042785485
385 49.6901271429 110.178230344 34.1297631704
390 49.6901271429 104.903232391 28.9277869346
395 49.6901271429 102.368822951 25.3318156481
400 49.6901271429 101.069748737 22.9576410774
0 54.6591398571 1959.76219286 32.9961553665
5 54.6591398571 2562.3880849 38.8035812574
10 54.6591398571 2841.3673963 43.941922481
15 54.6591398571 2666.25999995 47.602442568
20 54.6591398571 2120.1611233 50.1201272597
25 54.6591398571 1437.62819289 52.7352383967
30 54.6591398571 846.041398656 56.3913231508
35 54.6591398571 453.855519933 60.604371205
40 54.6591398571 252.706174089 63.6607644525
45 54.6591398571 184.955024951 64.1547999235
50 54.6591398571 199.728906682 62.294534012
55 54.6591398571 266.390150579 59.5473204724
60 54.6591398571 360.079532763 57.1248093285
65 54.6591398571 447.646174488 55.0858273574
70 54.6591398571 492.152624214 52.9394572544
75 54.6591398571 472.670701736 50.900773548
80 54.6591398571 398.903179806 50.3372550878
85 54.6591398571 304.887663491 52.7642919009
90 54.6591398571 228.611940008 58.1570451642
95 54.6591398571 197.450406572 64.2367199435
100 54.6591398571 227.867991223 67.7458497764
105 54.6591398571 328.381143421 66.7605714844
110 54.6591398571 491.873035196 61.8778159446
115 54.6591398571 681.127290213 55.3027994899
120 54.6591398571 829.685552622 49.0432223299
125 54.6591398571 872.704671809 43.9219355231
130 54.6591398571 789.396748219 39.8005753608
135 54.6591398571 618.005208379 36.3126948086
140 54.6591398571 427.732766545 33.4603593151
145 54.6591398571 274.573569014 31.7999450793
150 54.6591398571 178.289540375 32.0811180473
155 54.6591398571 129.577656525 34.4676214898
160 54.6591398571 109.516199108 37.9591187391
165 54.6591398571 103.099243264 40.7308991392
170 54.6591398571 103.006208458 41.3616364941
175 54.6591398571 109.004087425 39.9267494449
180 54.6591398571 128.562826623 37.9067325428
185 54.6591398571 180.864337318 37.0213901997
190 54.6591398571 302.167879483 38.1160582806
195 54.6591398571 544.39621749 40.9334701162
200 54.6591398571 953.530362612 44.5962860342
205 54.6591398571 1522.40959018 48.1768316961
210 54.6591398571 2143.68963536 51.0062849088
215 54.6591398571 2619.0362809 52.7014651873
220 54.6591398571 2755.23576445 53.0147700101
225 54.6591398571 2490.42935424 51.708470966
230 54.6591398571 1939.49597695 48.6471592077
235 54.6591398571 1313.78145276 44.05360842
240 54.6591398571 791.034458773 38.6228873661
245 54.6591398571 443.154785126 33.2899671851
250 54.6591398571 251.468062921 28.8149846443
255 54.6591398571 161.479003936 25.5333633343
260 54.6591398571 124.478129772 23.4187476493
265 54.6591398571 111.230062828 22.328119719
270 54.6591398571 109.483891247 22.241029599
275 54.6591398571 119.791692383 23.3902111378
280 54.6591398571 157.193896898 26.2176462717
285 54.6591398571 258.914922014 31.0977563387
290 54.6591398571 488.998272274 37.8973666521
295 54.6591398571 921.303179601 45.6784423997
300 54.6591398571 1588.15899408 52.8958129685
305 54.6591398571 2417.60177328 58.0641133183
310 54.6591398571 3220.92639818 60.4038184706
315 54.6591398571 3771.5925147 60.0262277832
320 54.6591398571 3928.6516128 57.7033770415
325 54.6591398571 3701.40043016 54.5120236162
330 54.6591398571 3209.48122335 51.4936118746
335 54.6591398571 2595.61339168 49.4261830662
340 54.6591398571 1970.00524902 48.8871837373
345 54.6591398571 1403.53104495 50.4877102151
350 54.6591398571 938.36677766 54.6729175073
355 54.6591398571 592.909333957 60.8198321889
360 54.6591398571 362.863943941 66.572169877
365 54.6591398571 226.59080955 68.7294132365
370 54.6591398571 155.169039443 65.4203145266
375 54.6591398571 122.086819992 57.5051346313
380 54.6591398571 108.435895033 47.7644301409
385 54.6591398571 103.272499811 38.8414136541
390 54.6591398571 101.358677739 31.9652632549
395 54.6591398571 100.594767963 27.1442897037
400 54.6591398571 100.255254013 23.9480993605
0 59.6281525714 1996.36176343 33.2980959756
5 59.6281525714 2596.60558904 39.0983261313
10 59.6281525714 2863.74618688 44.1562368656
15 59.6281525714 2672.57177956 47.798803875
20 59.6281525714 2113.59881509 50.6428421241
25 59.6281525714 1425.63884964 54.2048953545
30 59.6281525714 835.501816602 59.4253500572
35 59.6281525714 449.33346522 65.3656716362
40 59.6281525714 259.117519616 69.5624039053
45 59.6281525714 212.427299335 69.9983438814
50 59.6281525714 266.734988012 66.786238954
55 59.6281525714 396.516873245 61.857061796
60 59.6281525714 569.937723413 57.1851128174
65 59.6281525714 730.95403277 53.5490004155
70 59.6281525714 812.950132646 50.8807699021
75 59.6281525714 777.47589191 49.4285573838
80 59.6281525714 641.628957836 50.2743840224
85 59.6281525714 465.604395805 54.4753663662
90 59.6281525714 312.854438447 61.4816191284
95 59.6281525714 219.978637486 68.5032537714
100 59.6281525714 195.161679184 71.9425548137
105 59.6281525714 231.630872932 69.8980156695
110 59.6281525714 314.413044035 63.3668816608
115 59.6281525714 416.395120472 55.0851700414
120 59.6281525714 497.964235115 47.428018772
125 59.6281525714 522.1551446 41.3527932876
130 59.6281525714 476.962165028 36.7782153822
135 59.6281525714 383.232616195 33.4809986894
140 59.6281525714 279.040119936 31.7185840141
145 59.6281525714 195.213172734 32.3203127483
150 59.6281525714 142.603288485 36.137650745
155 59.6281525714 116.083363201 42.9838893735
160 59.6281525714 105.360996957 50.8631028448
165 59.6281525714 102.673124794 56.5718290215
170 59.6281525714 105.554261904 57.7072396965
175 59.6281525714 118.096532599 54.4544434634
180 59.6281525714 153.944306971 49.3758694554
185 59.6281525714 241.314780026 45.3944152594
190 59.6281525714 426.182920332 43.9564929952
195 59.6281525714 764.929351189 44.8165067668
200 59.6281525714 1295.93385292 46.9914745251
205 59.6281525714 1990.49655324 49.6112179526
210 59.6281525714 2712.50303307 52.1009430645
215 59.6281525714 3239.74940167 53.990783842
220 59.6281525714 3369.53693416 54.7792497708
225 59.6281525714 3046.16245229 54.0045348233
230 59.6281525714 2400.91211149 51.4566463971
235 59.6281525714 1665.26748849 47.3582055729
240 59.6281525714 1036.12112043 42.337903715
245 59.6281525714 599.787834745 37.1733042637
250 59.6281525714 344.294065946 32.4932217138
255 59.6281525714 213.91139306 28.6535505471
260 59.6281525714 154.002483104 25.8055192366
265 59.6281525714 128.823184243 24.0330433352
270 59.6281525714 121.061519155 23.473709839
275 59.6281525714 127.004737515 24.3886958958
280 59.6281525714 155.944644334 27.1132113939
285 59.6281525714 235.23880901 31.8229080615
290 59.6281525714 413.794159599 38.1983136932
295 59.6281525714 748.219031368 45.2618381043
300 59.6281525714 1260.45848881 51.6377544403
305 59.6281525714 1886.00853766 56.1224338975
310 59.6281525714 2465.52830162 58.1165667211
315 59.6281525714 2815.08916443 57.656869829
320 59.6281525714 2833.34677408 55.257284993
325 59.6281525714 2553.79873597 51.8081516754
330 59.6281525714 2101.73512932 48.4321080396
335 59.6281525714 1609.14483646 46.2082263986
340 59.6281525714 1162.09407482 46.0281238208
345 59.6281525714 798.446347867 48.6777231561
350 59.6281525714 526.580189682 54.5962014491
355 59.6281525714 339.717961789 62.9444517852
360 59.6281525714 222.746183259 70.9158628004
365 59.6281525714 156.795275047 74.7414854617
370 59.6281525714 123.634382705 72.1396653161
375 59.6281525714 108.873541967 63.9341416757
380 59.6281525714 103.066801035 53.1986404144
385 59.6281525714 101.024960083 42.9738594726
390 59.6281525714 100.356803986 34.8086864365
395 59.6281525714 100.135170422 28.9048356503
400 59.6281525714 100.053465367 24.9171811767
0 64.5971652857 2005.46478512 33.8551653964
5 64.5971652857 2592.36729386 39.9106705303
10 64.5971652857 2841.43490263 45.1695816668
15 64.5971652857 2635.70292473 48.8586756565
20 64.5971652857 2072.38063355 51.549512269
25 64.5971652857 1390.67008468 54.8218967454
30 64.5971652857 812.688438726 59.7573396296
35 64.5971652857 440.353723743 65.5338166286
40 64.5971652857 266.734320738 69.6943421541
45 64.5971652857 247.016995909 70.1171050361
50 64.5971652857 349.719840685 66.7751855867
55 64.5971652857 555.909871031 61.5293098724
60 64.5971652857 825.452273693 56.4255227766
65 64.5971652857 1074.79465397 52.4349680723
70 64.5971652857 1201.71910018 49.6739425995
75 64.5971652857 1146.84349931 48.4105598988
80 64.5971652857 936.358570405 49.5296069211
85 64.5971652857 662.409525778 53.7892444754
90 64.5971652857 420.38187394 60.4517656264
95 64.5971652857 260.730995024 66.7941291553
100 64.5971652857 185.978522872 69.4945738819
105 64.5971652857 175.110935135 66.9485325608
110 64.5971652857 203.680044937 60.3005234147
115 64.5971652857 248.381676068 52.2373257672
120 64.5971652857 285.892938627 44.9545943214
125 64.5971652857 297.186842212 39.2285599202
130 64.5971652857 276.116325397 34.9425408093
135 64.5971652857 232.314829501 32.0864666602
140 64.5971652857 183.602310024 31.3691464182
145 64.5971652857 144.424455416 34.1573435496
150 64.5971652857 119.866879895 41.6277718219
155 64.5971652857 107.569044627 53.3079738308
160 64.5971652857 102.945950343 66.0639279111
165 64.5971652857 103.296678583 75.0388836043
170 64.5971652857 110.468623098 76.616597017
175 64.5971652857 134.277027376 71.058545467
180 64.5971652857 197.9564469 62.1915043987
185 64.5971652857 343.245309518 54.4180441384
190 64.5971652857 628.241532058 50.0049325196
195 64.5971652857 1109.45683234 48.7919141743
200 64.5971652857 1804.56281124 49.6106686058
205 64.5971652857 2646.77902968 51.4742268885
210 64.5971652857 3462.8213992 53.740696157
215 64.5971652857 4014.51880463 55.8122493984
220 64.5971652857 4108.94781428 57.0386280286
225 64.5971652857 3711.80569934 56.8985219082
230 64.5971652857 2970.92059223 55.1970437388
235 64.5971652857 2126.64287764 52.099725047
240 64.5971652857 1384.93152404 48.0034661587
245 64.5971652857 845.175093098 43.3565383717
250 64.5971652857 507.009186175 38.5653225737
255 64.5971652857 318.640563379 34.0212772445
260 64.5971652857 222.200180267 30.1421160867
265 64.5971652857 176.293798176 27.349196462
270 64.5971652857 158.639138553 26.0289036731
275 64.5971652857 160.788683896 26.508960425
280 64.5971652857 184.913962858 28.9753614913
285 64.5971652857 245.850452835 33.2940560217
290 64.5971652857 373.696219855 38.8649397417
295 64.5971652857 604.994896502 44.7022742639
300 64.5971652857 952.951422357 49.7776221442
305 64.5971652857 1369.62813652 53.3813176148
310 64.5971652857 1739.62310856 55.188946178
315 64.5971652857 1932.66877187 55.075002968
320 64.5971652857 1883.99895352 53.077839754
325 64.5971652857 1631.93490159 49.664444058
330 64.5971652857 1281.16693898 45.8828701708
335 64.5971652857 933.65735651 43.0776720822
340 64.5971652857 647.114936631 42.4877657582
345 64.5971652857 436.365183222 45.0840377066
350 64.5971652857 293.406957999 51.2914497422
355 64.5971652857 203.197698091 60.1912927432
360 64.5971652857 150.567449258 68.9532378346
365 64.5971652857 122.511124462 73.8143388593
370 64.5971652857 109.020147888 72.3965114874
375 64.5971652857 103.238326458 65.260388378
380 64.5971652857 101.049443631 55.168717186
385 64.5971652857 100.318296015 45.0155132544
390 64.5971652857 100.098790946 36.4661607471
395 64.5971652857 100.035445637 29.9983781648
400 64.5971652857 100.015134092 25.5125671443
0 69.566178 1988.22622814 34.6244565615
5 69.566178 2550.97608697 41.1660429595
10 69.566178 2775.59040674 46.8757973642
15 69.566178 2556.38586485 50.6566036148
20 69.566178 1996.68060779 52.713831451
25 69.566178 1332.34115845 54.4726003419
30 69.566178 776.597276019 57.2907319507
35 69.566178 424.69013363 61.0315975585
40 69.566178 270.177984726 64.0056042388
45 69.566178 275.851626556 64.4911755063
50 69.566178 420.951462471 62.2600266387
55 69.566178 692.998163444 58.5500251824
60 69.566178 1045.09769073 54.7958833686
65 69.566178 1370.22768157 51.6778851049
70 69.566178 1535.679367 49.3100253414
75 69.566178 1464.15249369 47.9888277272
80 69.566178 1189.70480822 48.4717893802
85 69.566178 832.072689694 51.3393160169
90 69.566178 514.515497966 55.9577382537
95 69.566178 300.390834995 60.1930946949
100 69.566178 188.973004361 61.5645520754
105 69.566178 148.638272528 59.0357350296
110 69.566178 146.888862892 53.714253946
115 69.566178 160.60290213 47.7567766296
120 69.566178 174.349172444 42.6781174065
125 69.566178 178.466718655 38.7009369039
130 69.566178 169.95157106 35.4524939346
135 69.566178 152.499632891 33.0783722895
140 69.566178 133.146079592 32.8444997026
145 69.566178 117.603508753 36.8527618523
150 69.566178 107.88967566 46.7961268727
155 69.566178 103.148564822 62.0822656042
160 69.566178 101.978995974 78.6382112981
165 69.566178 104.935093693 90.1909801726
170 69.566178 117.882369563 92.0657742865
175 69.566178 157.838247876 84.5459786491
180 69.566178 260.765808179 72.4957957403
185 69.566178 485.298269515 61.5849880188
190 69.566178 901.611726709 54.835723293
195 69.566178 1558.53995954 52.195680963
200 69.566178 2437.38359976 52.2678416828
205 69.566178 3418.13189926 53.7973480502
210 69.566178 4288.85661764 55.9426975181
215 69.566178 4813.59121356 58.0116433371
220 69.566178 4836.88481296 59.4093920717
225 69.566178 4363.34574319 59.7901182919
230 69.566178 3553.20063061 59.0916604725
235 69.566178 2636.60717954 57.3818810002
240 69.566178 1810.67044682 54.6909161089
245 69.566178 1180.64542868 50.9982359903
250 69.566178 759.668145704 46.396451341
255 69.566178 505.216001987 41.2757234818
260 69.566178 361.699270507 36.3239419525
265 69.566178 286.764274981 32.3358219491
270 69.566178 256.325103676 30.0099151192
275 69.566178 258.269982324 29.8072123533
280 69.566178 286.525692543 31.7919593888
285 69.566178 340.409185307 35.4923044316
290 69.566178 427.521105497 39.9878725353
295 69.566178 562.33332959 44.2964424636
300 69.566178 751.311769742 47.8021110218
305 69.566178 969.169129596 50.3447546675
310 69.566178 1151.34711432 51.8779298632
315 69.566178 1223.60953962 52.0914038772
320 69.566178 1151.57741768 50.5345093007
325 69.566178 964.660654481 47.2238170484
330 69.566178 732.244208454 43.0521371125
335 69.566178 518.472981666 39.5050692093
340 69.566178 355.462301732 38.0395717458
345 69.566178 245.838281299 39.7006202728
350 69.566178 178.238702525 44.8595116514
355 69.566178 139.293410689 52.6823285144
360 69.566178 118.303173766 60.7703999314
365 69.566178 107.817476418 65.9452071809
370 69.566178 103.031091401 66.0487451657
375 69.566178 101.068275376 61.1864492616
380 69.566178 100.359181775 53.2674721989
385 69.566178 100.137894471 44.5407248208
390 69.566178 100.076755467 36.5809557445
395 69.566178 100.055899585 30.1797679319
400 69.566178 100.040711148 25.5943895257
0 74.5351907143 1976.5524849 35.5611446973
5 74.5351907143 2516.01684911 42.7109428567
10 74.5351907143 2716.03788385 48.9861597424
15 74.5351907143 2482.30125638 52.8529588988
20 74.5351907143 1924.68675828 53.99226603
25 74.5351907143 1276.17932947 53.5697560507
30 74.5351907143 741.171623577 53.3021663114
35 74.5351907143 407.471052913 54.0573901613
40 74.5351907143 267.026437445 55.3339403238
45 74.5351907143 286.346289942 56.0706660227
50 74.5351907143 450.458337653 55.7576447643
55 74.5351907143 750.598788079 54.6529425715
60 74.5351907143 1137.54430659 53.188577986
65 74.5351907143 1494.59501437 51.5312237507
70 74.5351907143 1676.2775161 49.7635293836
75 74.5351907143 1597.78613821 48.2698157007
80 74.5351907143 1296.53521858 47.7336285136
85 74.5351907143 903.937987577 48.6109511791
90 74.5351907143 555.03990395 50.5004585816
95 74.5351907143 318.602518438 52.0912766386
100 74.5351907143 192.356388792 51.9990830427
105 74.5351907143 139.910581224 49.897292513
110 74.5351907143 125.125373356 46.8213073133
115 74.5351907143 124.96388928 44.2191320859
120 74.5351907143 127.639097355 42.6500906686
125 74.5351907143 127.871839373 41.442817774
130 74.5351907143 124.251171915 39.6406383961
135 74.5351907143 117.947111868 37.355919189
140 74.5351907143 111.237319918 36.4091722737
145 74.5351907143 105.942718553 39.7296881345
150 74.5351907143 102.690942781 49.6357607299
155 74.5351907143 101.293482921 65.6496922559
160 74.5351907143 101.903850628 83.3066153277
165 74.5351907143 107.142563767 95.705988177
170 74.5351907143 126.562921721 97.6989503278
175 74.5351907143 184.860021025 89.5239873841
180 74.5351907143 331.522205119 76.4013416266
185 74.5351907143 641.822811812 64.4784371805
190 74.5351907143 1194.4487076 57.097996049
195 74.5351907143 2022.34310799 54.2670774284
200 74.5351907143 3060.35468123 54.433942482
205 74.5351907143 4131.0022033 56.0906872016
210 74.5351907143 4992.88435319 58.196345444
215 74.5351907143 5434.17370277 60.0601980436
220 74.5351907143 5360.39583157 61.3331442415
225 74.5351907143 4826.33695627 62.02416162
230 74.5351907143 3998.37342453 62.2865954017
235 74.5351907143 3078.84863958 62.0821147003
240 74.5351907143 2237.32728528 61.0358124819
245 74.5351907143 1571.71912603 58.6322955915
250 74.5351907143 1102.70295387 54.6233602182
255 74.5351907143 798.167729572 49.3341753927
260 74.5351907143 611.547448938 43.6230028766
265 74.5351907143 508.318509455 38.5737921694
270 74.5351907143 469.516097114 35.1854946596
275 74.5351907143 482.681319432 34.1213564774
280 74.5351907143 533.328442617 35.430347473
285 74.5351907143 602.089717912 38.3918681065
290 74.5351907143 669.359837581 41.8028619346
295 74.5351907143 724.442468661 44.6550887079
300 74.5351907143 767.88744446 46.6439145005
305 74.5351907143 800.106159322 48.018677137
310 74.5351907143 808.327176302 48.9285541359
315 74.5351907143 770.948884373 48.9570814292
320 74.5351907143 678.177026631 47.3901213019
325 74.5351907143 545.904681914 44.0027786147
330 74.5351907143 407.023682597 39.5536219075
335 74.5351907143 290.416201973 35.4867943938
340 74.5351907143 208.066388014 33.2217950992
345 74.5351907143 157.061371214 33.6878767022
350 74.5351907143 128.3447141 37.1503575794
355 74.5351907143 113.276127753 42.9753542488
360 74.5351907143 105.836227008 49.4675754576
365 74.5351907143 102.401991859 54.3560847129
370 74.5351907143 100.956755401 55.9005361211
375 74.5351907143 100.438629331 53.7154516481
380 74.5351907143 100.313688371 48.6489208683
385 74.5351907143 100.3205124 42.0814774839
390 74.5351907143 100.3343675 35.3594812279
395 74.5351907143 100.30701503 29.5356059213
400 74.5351907143 100.239301849 25.2158240636
0 79.5042034286 1999.14466621 36.51635024
5 79.5042034286 2529.47559788 44.2255443353
10 79.5042034286 2713.60364687 50.9823882992
15 79.5042034286 2464.53065363 54.852816889
20 79.5042034286 1899.11404617 55.0519116911
25 79.5042034286 1251.92439931 52.5338947084
30 79.5042034286 723.542700471 49.3917333501
35 79.5042034286 396.376647109 47.4900800861
40 79.5042034286 258.348765395 47.4865550622
45 79.5042034286 273.365370413 48.9111622199
50 79.5042034286 424.358632966 50.8525778794
55 79.5042034286 701.792468814 52.4657670881
60 79.5042034286 1059.66527672 53.1404939542
65 79.5042034286 1389.92757036 52.6160605581
70 79.5042034286 1558.03743833 51.1029139231
75 79.5042034286 1485.64173555 49.2144792771
80 79.5042034286 1207.52777979 47.6416620354
85 79.5042034286 845.504045132 46.7439745254
90 79.5042034286 524.653575518 46.322310969
95 79.5042034286 308.32376076 45.7837046711
100 79.5042034286 193.43718025 44.6989184714
105 79.5042034286 144.836185845 43.3798621321
110 79.5042034286 128.010856315 42.8564465529
115 79.5042034286 122.088618551 43.9952086349
120 79.5042034286 118.291454671 46.4106834213
125 79.5042034286 114.325935012 48.3353674882
130 79.5042034286 110.249357073 47.913330458
135 79.5042034286 106.590509983 44.9888950351
140 79.5042034286 103.753150481 41.859379965
145 79.5042034286 101.872780083 42.2734859571
150 79.5042034286 100.862046651 49.1911718318
155 79.5042034286 100.686274917 62.4718277701
160 79.5042034286 102.147349089 77.9315745138
165 79.5042034286 109.088407631 89.0564858528
170 79.5042034286 133.818736905 90.9919013123
175 79.5042034286 207.009520193 83.8677387491
180 79.5042034286 388.228456553 72.3880335109
185 79.5042034286 763.615685397 62.1225935528
190 79.5042034286 1413.40227701 56.1072430262
195 79.5042034286 2350.36291573 54.3241769819
200 79.5042034286 3466.62761299 55.2583014905
205 79.5042034286 4541.42496112 57.354755523
210 79.5042034286 5324.13269243 59.5170087684
215 79.5042034286 5644.0018749 61.1561292808
220 79.5042034286 5474.27070733 62.2320906875
225 79.5042034286 4917.37250175 63.1300111626
230 79.5042034286 4139.37731537 64.2168801215
235 79.5042034286 3306.65096558 65.3648930148
240 79.5042034286 2549.23114211 65.8620420837
245 79.5042034286 1941.77901978 64.8035710985
250 79.5042034286 1498.6672433 61.6740549761
255 79.5042034286 1193.62912755 56.7017817172
260 79.5042034286 994.715333171 50.7758702823
265 79.5042034286 885.000977174 45.1013640928
270 79.5042034286 858.471081457 40.8756589988
275 79.5042034286 906.657718177 38.9791292331
280 79.5042034286 1008.08860026 39.5692871931
285 79.5042034286 1122.48474972 41.8463882984
290 79.5042034286 1197.08316303 44.4345564104
295 79.5042034286 1190.01321162 46.252029212
300 79.5042034286 1094.2773987 47.0898426577
305 79.5042034286 938.258207117 47.3406506886
310 79.5042034286 762.418592343 47.2226462897
315 79.5042034286 595.998706473 46.3507379049
320 79.5042034286 451.711856566 44.0888578371
325 79.5042034286 333.562299214 40.2926139746
330 79.5042034286 243.3635839 35.6789796935
335 79.5042034286 180.817032503 31.4913541055
340 79.5042034286 141.98217514 28.8586816298
345 79.5042034286 120.311836959 28.4217593264
350 79.5042034286 109.263700705 30.2981264411
355 79.5042034286 104.022662848 34.0753775582
360 79.5042034286 101.704594366 38.7675834848
365 79.5042034286 100.80789961 43.0017275272
370 79.5042034286 100.622358655 45.4973331725
375 79.5042034286 100.816411306 45.5127045527
380 79.5042034286 101.186342994 43.0043409209
385 79.5042034286 101.539087587 38.5742559005
390 79.5042034286 101.697809028 33.2922265964
395 79.5042034286 101.577869311 28.3361908128
400 79.5042034286 101.233232298 24.5369641661
0 84.4732161429 2061.00847829 37.2426372969
5 84.4732161429 2602.68029811 45.2763736123
10 84.4732161429 2785.78616199 52.2293433395
15 84.4732161429 2523.71897897 55.9230991736
20 84.4732161429 1939.33877674 55.3275036884
25 84.4732161429 1274.3468377 51.3419356407
30 84.4732161429 733.056319098 46.4036747626
35 84.4732161429 396.740618 43.1366798147
40 84.4732161429 248.11462762 43.0170531854
45 84.4732161429 242.897366518 45.8624012373
50 84.4732161429 354.812337612 50.1903797026
55 84.4732161429 569.377614402 54.0558354324
60 84.4732161429 847.868244421 55.9781131518
65 84.4732161429 1105.200093 55.5547321036
70 84.4732161429 1236.42405966 53.4207233274
75 84.4732161429 1180.76686971 50.6435750683
80 84.4732161429 966.001955855 48.0612776207
85 84.4732161429 688.059137058 45.9858761613
90 84.4732161429 445.311356328 44.3075793841
95 84.4732161429 286.920678169 42.8197048475
100 84.4732161429 208.254745485 41.6116102345
105 84.4732161429 177.984223539 41.3545643475
110 84.4732161429 165.687875814 43.1236913655
115 84.4732161429 154.468786345 47.4906106325
120 84.4732161429 140.345881523 53.3882559698
125 84.4732161429 125.910210134 58.0180582366
130 84.4732161429 114.389929618 58.5177472647
135 84.4732161429 106.964521022 54.3085560431
140 84.4732161429 102.972792342 48.0268436935
145 84.4732161429 101.140421646 44.1060804706
150 84.4732161429 100.456721193 46.0505064905
155 84.4732161429 100.551965817 54.1686293028
160 84.4732161429 102.285663123 65.0517555127
165 84.4732161429 109.894715499 73.3392917023
170 84.4732161429 136.674158647 75.0544916971
175 84.4732161429 215.22730664 70.17900116
180 84.4732161429 407.561340019 62.2520951578
185 84.4732161429 800.075647693 55.4683868156
190 84.4732161429 1465.93116578 52.0723446388
195 84.4732161429 2399.8592253 51.9701327884
200 84.4732161429 3470.32200891 53.9008609425
205 84.4732161429 4444.38702709 56.53525196
210 84.4732161429 5089.00534115 58.9078028083
215 84.4732161429 5281.34134719 60.5696483416
220 84.4732161429 5049.20168932 61.6969474951
225 84.4732161429 4525.20422539 62.9153075803
230 84.4732161429 3867.78595706 64.7270793926
235 84.4732161429 3208.68583589 66.9431878014
240 84.4732161429 2636.2174593 68.6390965925
245 84.4732161429 2190.24954775 68.6906249434
250 84.4732161429 1865.14260566 66.4527670074
255 84.4732161429 1634.33720289 62.0938759455
260 84.4732161429 1482.8190221 56.4578343434
265 84.4732161429 1415.70792018 50.7258758718
270 84.4732161429 1442.45994588 46.1464902821
275 84.4732161429 1560.83101009 43.7390624817
280 84.4732161429 1745.76404294 43.8166002702
285 84.4732161429 1937.30076976 45.6526584835
290 84.4732161429 2044.93281842 47.8331507645
295 84.4732161429 1987.83419724 49.178200927
300 84.4732161429 1747.27876472 49.3695040421
305 84.4732161429 1381.81647169 48.6940135313
310 84.4732161429 990.01505544 47.3292714854
315 84.4732161429 655.294219459 45.0353154732
320 84.4732161429 415.019395591 41.5214237537
325 84.4732161429 264.859209866 36.9807200145
330 84.4732161429 180.693536934 32.1963960919
335 84.4732161429 137.325063911 28.1511569153
340 84.4732161429 116.428083659 25.5563769218
345 84.4732161429 106.92254123 24.6858052419
350 84.4732161429 102.825933596 25.4916255654
355 84.4732161429 101.187881733 27.7261929759
360 84.4732161429 100.707587733 30.9335843537
365 84.4732161429 100.930900699 34.4115611818
370 84.4732161429 101.786992777 37.2665082749
375 84.4732161429 103.251488573 38.5994803468
380 84.4732161429 105.070308373 37.8280505311
385 84.4732161429 106.667447584 35.0329741792
390 84.4732161429 107.374387217 31.0307107392
395 84.4732161429 106.857065294 26.9817868356
400 84.4732161429 105.35995197 23.7882853151
0 89.4422288571 2157.96857249 37.5672570439
5 89.4422288571 2732.22612262 45.5704089969
10 89.4422288571 2931.04386331 52.2987437056
15 89.4422288571 2660.42688889 55.5361171234
20 89.4422288571 2047.31363066 54.2895888032
25 89.4422288571 1345.75637055 49.5936386553
30 89.4422288571 771.839789868 44.1704477278
35 89.4422288571 411.092264989 41.0829178122
40 89.4422288571 241.607627946 42.190885873
45 89.4422288571 208.041893106 47.2417809097
50 89.4422288571 271.107112729 54.0198187713
55 89.4422288571 408.990187006 59.5323637593
60 89.4422288571 591.141890684 61.6538151555
65 89.4422288571 760.138250929 60.1580395473
70 89.4422288571 847.036551593 56.4166769521
75 89.4422288571 812.86376614 52.1916998307
80 89.4422288571 677.883474776 48.6267425945
85 89.4422288571 508.105639135 46.038793337
90 89.4422288571 370.77881504 44.263453128
95 89.4422288571 297.574859248 43.0839380246
100 89.4422288571 278.946738589 42.5850069997
105 89.4422288571 282.954716317 43.4183175368
110 89.4422288571 279.388053201 46.6667359769
115 89.4422288571 255.01883332 52.8895718704
120 89.4422288571 214.813660455 60.7715516792
125 89.4422288571 172.39727938 66.8914040275
130 89.4422288571 138.892011643 67.632232527
135 89.4422288571 117.871915379 62.0040215488
140 89.4422288571 107.071827491 52.7621571454
145 89.4422288571 102.438011336 44.6984023025
150 89.4422288571 100.796902661 41.6065626697
155 89.4422288571 100.597710093 44.1876735264
160 89.4422288571 102.135777711 49.9624746256
165 89.4422288571 109.148842978 54.9831084905
170 89.4422288571 133.760577463 56.343973476
175 89.4422288571 205.520647205 53.881064623
180 89.4422288571 379.81233781 49.7988944716
185 89.4422288571 731.702909443 46.7079743887
190 89.4422288571 1320.01320993 45.9435815038
195 89.4422288571 2128.69712142 47.3580193276
200 89.4422288571 3029.10871057 50.0822568237
205 89.4422288571 3812.23049671 53.1901425885
210 89.4422288571 4286.87691348 55.9547486972
215 89.4422288571 4374.98678095 58.0200786635
220 89.4422288571 4133.65544097 59.5952994491
225 89.4422288571 3699.91888629 61.3473663119
230 89.4422288571 3215.28470386 63.8199937622
235 89.4422288571 2781.99614294 66.8064299886
240 89.4422288571 2452.85359902 69.2997517542
245 89.4422288571 2232.93270789 70.1013816363
250 89.4422288571 2093.76612622 68.5510086049
255 89.4422288571 2007.06381433 64.8288258321
260 89.4422288571 1972.70565473 59.7610801168
265 89.4422288571 2011.92868362 54.4693202806
270 89.4422288571 2142.31832004 50.1382847256
275 89.4422288571 2365.52060232 47.7803802144
280 89.4422288571 2657.73873728 47.7902963003
285 89.4422288571 2945.8316892 49.5637927584
290 89.4422288571 3102.68770804 51.7443457005
295 89.4422288571 3003.90525162 53.0726978608
300 89.4422288571 2614.4995849 53.0316940976
305 89.4422288571 2023.30238165 51.6898247046
310 89.4422288571 1390.61777983 49.1394845873
315 89.4422288571 857.748018636 45.3215703842
320 89.4422288571 489.455309857 40.3664815816
325 89.4422288571 275.990083176 34.8883327066
330 89.4422288571 170.616550867 29.8110292171
335 89.4422288571 125.608074359 25.9088645693
340 89.4422288571 108.624690031 23.5077522542
345 89.4422288571 102.808787051 22.5423329191
350 89.4422288571 100.987948204 22.8076621844
355 89.4422288571 100.637871557 24.1397554211
360 89.4422288571 101.184838767 26.3959068724
365 89.4422288571 102.903224851 29.2781867147
370 89.4422288571 106.373080756 32.1551005952
375 89.4422288571 111.852776421 34.1002793298
380 89.4422288571 118.550430498 34.2809931884
385 89.4422288571 124.409539736 32.494911662
390 89.4422288571 127.000917262 29.3733868119
395 89.4422288571 125.107368322 26.0005549925
400 89.4422288571 119.625734491 23.269874142
0 94.4112415714 2286.80631479 37.4993170324
5 94.4112415714 2912.54678821 45.1195713816
10 94.4112415714 3141.91727609 51.1969976794
15 94.4112415714 2866.66176711 53.662933455
20 94.4112415714 2216.09263736 51.8082459571
25 94.4112415714 1461.26574236 46.9524537585
30 94.4112415714 837.335576581 42.0177052967
35 94.4112415714 439.398312386 40.1938816045
40 94.4112415714 242.701105245 43.3465204317
45 94.4112415714 180.580769654 50.9040401861
50 94.4112415714 200.294473014 59.8944164123
55 94.4112415714 272.201118409 66.440533866
60 94.4112415714 372.031017422 68.0081299705
65 94.4112415714 465.890554895 64.7624150358
70 94.4112415714 516.059361916 58.9712712676
75 94.4112415714 503.519000262 53.2051790473
80 94.4112415714 444.739941057 48.9855999691
85 94.4112415714 383.902540961 46.6222163857
90 94.4112415714 364.704065347 45.7315452163
95 94.4112415714 402.706065709 45.7590568547
100 94.4112415714 475.88706984 46.391876862
105 94.4112415714 538.023624438 47.9587305298
110 94.4112415714 547.111536231 51.4579986026
115 94.4112415714 490.866026 57.6181374741
120 94.4112415714 391.010165985 65.3425234639
125 94.4112415714 284.602859815 71.2390372087
130 94.4112415714 200.108593458 71.5016640084
135 94.4112415714 146.668597681 64.9003598814
140 94.4112415714 118.84337721 54.0169213553
145 94.4112415714 106.652823777 43.4967359786
150 94.4112415714 102.115618051 37.0266233734
155 94.4112415714 100.884109088 35.5053603091
160 94.4112415714 101.776600333 37.2592149963
165 94.4112415714 107.177403229 39.5899674913
170 94.4112415714 126.327184197 40.5304743927
175 94.4112415714 181.957825586 39.8161793316
180 94.4112415714 316.278558133 38.5633494426
185 94.4112415714 585.323116589 38.103509357
190 94.4112415714 1030.30161844 39.066996716
195 94.4112415714 1632.82179629 41.3235387047
200 94.4112415714 2288.99469825 44.4099650128
205 94.4112415714 2839.30201073 47.8181610183
210 94.4112415714 3147.12047617 51.0493513295
215 94.4112415714 3169.44771733 53.7489593665
220 94.4112415714 2967.46516489 55.9925573234
225 94.4112415714 2659.15626174 58.3320101748
230 94.4112415714 2359.66693997 61.3006866158
235 94.4112415714 2146.01577498 64.7460810917
240 94.4112415714 2046.40277743 67.7019750338
245 94.4112415714 2043.589928 68.978899954
250 94.4112415714 2097.4268694 67.9258067468
255 94.4112415714 2182.91526916 64.7576831162
260 94.4112415714 2309.20065559 60.3480257609
265 94.4112415714 2499.4380568 55.8206965856
270 94.4112415714 2765.36582347 52.2684682943
275 94.4112415714 3106.95351293 50.5639707314
280 94.4112415714 3506.09515782 51.0364304549
285 94.4112415714 3886.38572178 53.1390548015
290 94.4112415714 4093.29919606 55.5961641837
295 94.4112415714 3963.34054076 57.1203633271
300 94.4112415714 3444.5083524 57.0399750559
305 94.4112415714 2651.44737221 55.248710449
310 94.4112415714 1800.03421617 51.7819116684
315 94.4112415714 1083.92872571 46.7273623435
320 94.4112415714 592.830055796 40.5394914426
325 94.4112415714 313.136196918 34.1732934555
330 94.4112415714 179.559107136 28.7113269724
335 94.4112415714 125.712512418 24.8298675372
340 94.4112415714 107.272257785 22.5999039267
345 94.4112415714 101.893128087 21.7061873743
350 94.4112415714 100.714578462 21.8080776114
355 94.4112415714 101.170877238 22.761325699
360 94.4112415714 103.386296233 24.5848134581
365 94.4112415714 108.867219127 27.2003733355
370 94.4112415714 119.630781082 30.1224682588
375 94.4112415714 136.552960913 32.4112101354
380 94.4112415714 157.218480703 33.0918417388
385 94.4112415714 175.293151939 31.7968237428
390 94.4112415714 183.286933716 29.0515102587
395 94.4112415714 177.446183762 25.9098819637
400 94.4112415714 160.537550216 23.2872280599
0 99.3802542857 2428.99971948 37.1416897285
5 99.3802542857 3116.84789686 44.1449533272
10 99.3802542857 3386.3984059 49.2943623524
15 99.3802542857 3110.73647416 50.7776640855
20 99.3802542857 2419.61838827 48.3014293751
25 99.3802542857 1603.06757575 43.5194468905
30 99.3802542857 919.526145473 39.4321076953
35 99.3802542857 477.434272779 39.0876812484
40 99.3802542857 251.459391307 44.0995165169
45 99.3802542857 165.233385288 53.5259416687
50 99.3802542857 154.329418669 63.8695209665
55 99.3802542857 182.06995967 70.7470407896
60 99.3802542857 227.546055721 71.4960477439
65 99.3802542857 272.493129487 66.7154001734
70 99.3802542857 300.928593373 59.4412336162
75 99.3802542857 309.860062266 52.908063587
80 99.3802542857 318.623133238 48.9148110412
85 99.3802542857 364.345451757 47.6560735846
90 99.3802542857 480.792604011 48.3717965936
95 99.3802542857 669.883682172 50.0000107828
100 99.3802542857 884.437948283 51.7033422916
105 99.3802542857 1041.66231204 53.4009576218
110 99.3802542857 1068.75527697 55.9471580374
115 99.3802542857 950.308502018 60.2935160944
120 99.3802542857 737.055559331 65.888231388
125 99.3802542857 508.675711732 69.9808467626
130 99.3802542857 325.685512698 69.1945302924
135 99.3802542857 208.072945238 62.2945944393
140 99.3802542857 145.256399221 51.4235641737
145 99.3802542857 116.707477071 40.5801108104
150 99.3802542857 105.494628688 32.9497940136
155 99.3802542857 101.791635512 29.4059849555
160 99.3802542857 101.489001845 28.848756473
165 99.3802542857 104.814641352 29.4946101642
170 99.3802542857 117.374559583 30.0515288077
175 99.3802542857 153.890118172 30.2147315018
180 99.3802542857 241.686159068 30.4144174718
185 99.3802542857 416.487704021 31.1936969132
190 99.3802542857 703.225484846 32.7876219851
195 99.3802542857 1086.99506671 35.1462518973
200 99.3802542857 1497.69753396 38.1360210422
205 99.3802542857 1831.91383224 41.5714887857
210 99.3802542857 2005.45251502 45.1098414726
215 99.3802542857 1998.41940664 48.3323924395
220 99.3802542857 1859.91668588 51.1031360408
225 99.3802542857 1675.99855771 53.7889048896
230 99.3802542857 1530.08263716 56.9083649252
235 99.3802542857 1476.93949777 60.4535969564
240 99.3802542857 1531.36014866 63.6215135388
245 99.3802542857 1671.21894324 65.2776445834
250 99.3802542857 1861.47545612 64.7198307616
255 99.3802542857 2087.21881181 62.1197527691
260 99.3802542857 2360.35026465 58.4022123847
265 99.3802542857 2692.76070474 54.774284981
270 99.3802542857 3079.83894821 52.2958028593
275 99.3802542857 3515.7509322 51.6564399719
280 99.3802542857 3989.85768313 52.9935009853
285 99.3802542857 4430.95235039 55.6982995953
290 99.3802542857 4672.38674505 58.5368198676
295 99.3802542857 4527.53894796 60.2449100652
300 99.3802542857 3933.45551135 60.1100575995
305 99.3802542857 3020.89433474 57.9823696813
310 99.3802542857 2040.40303329 53.9183534662
315 99.3802542857 1217.28179133 48.1079656705
320 99.3802542857 655.165627873 41.1711347924
325 99.3802542857 337.176504659 34.244029681
330 99.3802542857 186.853284024 28.5268717767
335 99.3802542857 127.21033767 24.6892980747
340 99.3802542857 107.318471043 22.6814582101
345 99.3802542857 101.842026377 22.020452651
350 99.3802542857 101.080221498 22.2315717009
355 99.3802542857 102.846041525 23.137475885
360 99.3802542857 108.747531503 24.8490341061
365 99.3802542857 123.027613188 27.4472936214
370 99.3802542857 151.007683809 30.5516782387
375 99.3802542857 194.983859821 33.184072941
380 99.3802542857 248.685207736 34.212852345
385 99.3802542857 295.653487562 33.1069610811
390 99.3802542857 316.425837692 30.3212498165
395 99.3802542857 301.248326718 26.9517900408
400 99.3802542857 257.310279392 24.0191233965
0 104.349267 2542.6882235 36.5778688528
5 104.349267 3288.69104967 42.9079281114
10 104.349267 3600.81088485 47.1070747875
15 104.349267 3332.50811365 47.6286728258
20 104.349267 2610.32076257 44.5755100682
25 104.349267 1739.64144531 39.8641184149
30 104.349267 1000.8926217 36.4277993473
35 104.349267 516.960349895 36.9797637324
40 104.349267 264.374917671 42.7628572228
45 104.349267 160.056818203 52.600247217
50 104.349267 130.880418483 62.9166638425
55 104.349267 134.662103345 69.3779356207
60 104.349267 151.591899518 69.4997424413
65 104.349267 172.127570122 64.1884158519
70 104.349267 193.882155681 56.843849548
75 104.349267 227.287858869 50.9733309412
80 104.349267 302.122942328 48.4112916736
85 104.349267 463.489626743 49.098642691
90 104.349267 748.101633903 51.8200708563
95 104.349267 1144.60010332 55.0265627785
100 104.349267 1564.66632994 57.484851377
105 104.349267 1863.33877471 58.8341978463
110 104.349267 1916.18497931 59.7999572421
115 104.349267 1700.82787316 61.5039981729
120 104.349267 1310.89145958 64.0079054442
125 104.349267 889.998742248 65.4960181575
130 104.349267 547.678923676 63.3915261341
135 104.349267 322.179554752 56.6361844762
140 104.349267 197.315294579 46.8221219741
145 104.349267 137.801154535 37.0505392477
150 104.349267 113.039123899 29.8110866098
155 104.349267 104.075736441 25.8204515296
160 104.349267 101.660232628 24.3466114958
165 104.349267 102.880504212 24.2033225841
170 104.349267 109.718681746 24.5238889681
175 104.349267 129.962834231 24.9969110827
180 104.349267 178.538806367 25.6842944818
185 104.349267 274.810442579 26.7213412322
190 104.349267 431.711397346 28.1735757783
195 104.349267 639.764438815 30.0971309448
200 104.349267 859.248906308 32.6023375613
205 104.349267 1033.29882018 35.7310204305
210 104.349267 1117.52010019 39.2449253913
215 104.349267 1104.61687866 42.6524853699
220 104.349267 1026.5255723 45.600796433
225 104.349267 936.798633789 48.248224173
230 104.349267 888.450299591 51.0999007505
235 104.349267 917.28385733 54.372755876
240 104.349267 1032.56987621 57.5493369994
245 104.349267 1219.61801903 59.5968810176
250 104.349267 1459.16047281 59.6703168494
255 104.349267 1748.86301812 57.7415108386
260 104.349267 2098.937743 54.6988896186
265 104.349267 2506.3270279 51.8755008869
270 104.349267 2950.79754522 50.4122070603
275 104.349267 3421.48218228 50.8845960514
280 104.349267 3913.64394632 53.1995430314
285 104.349267 4364.99481603 56.5847490867
290 104.349267 4613.80627459 59.7764228756
295 104.349267 4474.05690439 61.5459108371
300 104.349267 3883.27419812 61.2283914055
305 104.349267 2974.84754801 58.7565227117
310 104.349267 2001.89144601 54.3123687165
315 104.349267 1189.34239234 48.2003705867
320 104.349267 637.973586109 41.1015481417
325 104.349267 328.246273344 34.181613369
330 104.349267 182.916100739 28.6730786582
335 104.349267 125.722941442 25.2643840053
340 104.349267 106.859484102 23.854134681
345 104.349267 101.893231683 23.804046657
350 104.349267 101.92725681 24.4318822146
355 104.349267 106.149202479 25.4340485576
360 104.349267 119.134691025 26.9882536299
365 104.349267 150.406990475 29.4026152132
370 104.349267 211.660328976 32.5101939528
375 104.349267 307.929019414 35.3682694863
380 104.349267 425.486736308 36.6865919456
385 104.349267 528.305015798 35.709423648
390 104.349267 573.777770204 32.7542279321
395 104.349267 540.55268417 28.9379887201
400 104.349267 444.367911007 25.4238931612
0 109.318279714 2584.02446484 35.8702149915
5 109.318279714 3369.1456335 41.637699645
10 109.318279714 3718.66950628 45.112142773
15 109.318279714 3469.00329057 44.9377042639
20 109.318279714 2738.11390383 41.4711542484
25 109.318279714 1837.51744648 36.7419962703
30 109.318279714 1062.56817971 33.5005521311
35 109.318279714 548.727282595 34.0542580397
40 109.318279714 276.629282007 39.2983563758
45 109.318279714 160.331810017 48.0434307308
50 109.318279714 121.584327781 57.0898302024
55 109.318279714 114.656864621 62.6450186125
60 109.318279714 119.937723912 62.6111516871
65 109.318279714 132.692628043 57.9749663059
70 109.318279714 159.684326968 52.0141111097
75 109.318279714 224.218156501 48.0723471772
80 109.318279714 372.54807851 47.7900521193
85 109.318279714 667.904821159 50.8003860354
90 109.318279714 1157.26595911 55.4941417936
95 109.318279714 1813.72328686 60.0031093062
100 109.318279714 2494.63987778 62.9411857386
105 109.318279714 2974.69743189 63.8734661412
110 109.318279714 3064.17783623 63.4457394873
115 109.318279714 2731.0347248 62.8368003684
120 109.318279714 2119.35882201 62.5592169582
125 109.318279714 1449.12234213 61.6397958143
130 109.318279714 890.873047054 58.3064718989
135 109.318279714 509.87790821 51.7343716249
140 109.318279714 288.677750779 43.0395940951
145 109.318279714 177.135344218 34.5178907758
150 109.318279714 127.872995392 28.0547261413
155 109.318279714 108.878977663 24.2289552016
160 109.318279714 102.71674899 22.5537318754
165 109.318279714 101.823009482 22.2113369416
170 109.318279714 104.669935283 22.5712225731
175 109.318279714 114.087043246 23.2908679194
180 109.318279714 136.796277691 24.1851952581
185 109.318279714 181.662254531 25.1241646362
190 109.318279714 254.404332589 26.0790728171
195 109.318279714 350.123120994 27.2288717935
200 109.318279714 449.877810051 28.9309604019
205 109.318279714 527.192312468 31.4655543207
210 109.318279714 562.153698332 34.7159234272
215 109.318279714 552.935758393 38.1221995412
220 109.318279714 516.857575236 41.0783983111
225 109.318279714 482.453213454 43.4627211479
230 109.318279714 479.058547301 45.7308256085
235 109.318279714 527.82643843 48.3940373312
240 109.318279714 635.993463249 51.3572278771
245 109.318279714 799.113351985 53.7607128756
250 109.318279714 1013.46000082 54.5354219635
255 109.318279714 1285.86086912 53.2730523378
260 109.318279714 1623.47337022 50.6881359889
265 109.318279714 2014.16620843 48.2490102521
270 109.318279714 2431.97902856 47.3163814633
275 109.318279714 2865.45675797 48.5043914731
280 109.318279714 3312.51733605 51.5500312761
285 109.318279714 3720.09769668 55.4774633779
290 109.318279714 3946.38741074 58.9197053925
295 109.318279714 3829.28247707 60.636513098
300 109.318279714 3317.88613887 60.0125601627
305 109.318279714 2533.76316604 57.121633279
310 109.318279714 1699.90553028 52.3737771293
315 109.318279714 1009.67429601 46.2736680561
320 109.318279714 545.778104001 39.5611220331
325 109.318279714 287.680073214 33.3437898774
330 109.318279714 167.678228543 28.7988689603
335 109.318279714 120.858182832 26.6088624161
340 109.318279714 105.592289896 26.6116207165
345 109.318279714 101.897064308 27.9159188076
350 109.318279714 103.247327594 29.4263708528
355 109.318279714 111.289494543 30.5206403128
360 109.318279714 135.280166623 31.4214812152
365 109.318279714 192.957659813 32.8565180514
370 109.318279714 305.919522845 35.1752496463
375 109.318279714 483.454616138 37.7255362048
380 109.318279714 700.250014886 39.1563470553
385 109.318279714 889.863501857 38.4095537025
390 109.318279714 973.722592855 35.483350101
395 109.318279714 912.450177606 31.3485529053
400 109.318279714 735.069948541 27.2464275851
0 114.287292429 2524.47087103 35.0632551743
5 114.287292429 3316.96539325 40.4695431124
10 114.287292429 3690.13395932 43.5821234692
15 114.287292429 3469.83517932 43.1229557241
20 114.287292429 2760.35244402 39.509522804
25 114.287292429 1866.45028792 34.7270898281
30 114.287292429 1086.5060032 31.3090951417
35 114.287292429 563.427743575 31.238882645
40 114.287292429 283.299516329 35.2119553676
45 114.287292429 161.543183005 42.2205462244
50 114.287292429 118.820284848 49.6599145376
55 114.287292429 108.293131815 54.431245866
60 114.287292429 111.01413574 54.7875968734
65 114.287292429 125.930278025 51.5576988977
70 114.287292429 167.597279572 47.5868837374
75 114.287292429 272.30504076 45.8371541601
80 114.287292429 504.649222586 47.7029988248
85 114.287292429 947.666569202 52.6041671231
90 114.287292429 1657.78283517 58.7222290912
95 114.287292429 2589.56320516 64.0881330617
100 114.287292429 3544.19586765 67.3620040859
105 114.287292429 4217.69774301 68.1654423965
110 114.287292429 4357.8581632 67.082922373
115 114.287292429 3921.14804656 65.2259477931
120 114.287292429 3093.79802389 63.300834403
125 114.287292429 2163.23594745 60.8605130894
130 114.287292429 1359.98511033 56.6898188891
135 114.287292429 784.976972006 50.1381907092
140 114.287292429 431.427022169 42.0096030859
145 114.287292429 241.976384977 34.0965490403
150 114.287292429 153.40380697 27.966538008
155 114.287292429 117.518682639 24.2043601064
160 114.287292429 105.095832374 22.5435294146
165 114.287292429 101.74211704 22.4135918292
170 114.287292429 102.093879079 23.2980822934
175 114.287292429 105.641621068 24.7340282835
180 114.287292429 114.572238231 26.1984269151
185 114.287292429 132.234533796 27.1879806284
190 114.287292429 160.760662434 27.5193964249
195 114.287292429 198.055779673 27.5620899967
200 114.287292429 236.511982124 28.1059201689
205 114.287292429 265.706714678 29.8667309911
210 114.287292429 278.077117764 32.9440823474
215 114.287292429 273.534266959 36.6473810818
220 114.287292429 260.008750593 39.9239960898
225 114.287292429 250.54697212 42.1573461317
230 114.287292429 259.245618266 43.6639292444
235 114.287292429 297.296308066 45.3490542873
240 114.287292429 370.420789521 47.735559642
245 114.287292429 480.694552567 50.2546476766
250 114.287292429 632.968579213 51.5586334112
255 114.287292429 837.192744241 50.6907109617
260 114.287292429 1098.03741029 48.0531230157
265 114.287292429 1402.80460361 45.2477183311
270 114.287292429 1730.10004975 43.989078602
275 114.287292429 2071.89255969 45.1100377873
280 114.287292429 2426.27762418 48.3041397482
285 114.287292429 2749.64786036 52.4234472293
290 114.287292429 2930.43690912 55.9546100696
295 114.287292429 2845.36423543 57.568755533
300 114.287292429 2460.43856331 56.628405637
305 114.287292429 1873.69198513 53.3244833069
310 114.287292429 1256.14766926 48.3441740819
315 114.287292429 751.080109634 42.4830675336
320 114.287292429 415.889806294 36.5989111831
325 114.287292429 231.708348143 31.7360445896
330 114.287292429 147.069947582 28.9894452516
335 114.287292429 114.406826699 29.0250720088
340 114.287292429 103.942433364 31.5683339026
345 114.287292429 101.884998929 35.2774664899
350 114.287292429 104.843425595 38.3057053564
355 114.287292429 117.506672795 39.4159426916
360 114.287292429 154.805958716 38.842717349
365 114.287292429 244.416171542 38.0162841856
370 114.287292429 419.911351437 38.2476713636
375 114.287292429 695.725465821 39.5583904311
380 114.287292429 1032.5333625 40.707852846
385 114.287292429 1327.11211895 40.2677417616
390 114.287292429 1457.39349878 37.6927535661
395 114.287292429 1362.20221177 33.5698488662
400 114.287292429 1086.62873832 29.0838310181
0 119.256305143 2342.75857048 34.12315754
5 119.256305143 3097.7934671 39.3567228889
10 119.256305143 3469.921998 42.4738189724
15 119.256305143 3285.91076732 42.1711022374
20 119.256305143 2633.02554299 38.7429730181
25 119.256305143 1793.69184572 34.0053557466
30 119.256305143 1052.39291224 30.3244414555
35 119.256305143 550.397967141 29.567471746
40 119.256305143 279.193868948 32.4636711902
45 119.256305143 160.213757981 38.2950974316
50 119.256305143 117.951103264 44.9519718137
55 119.256305143 107.765058464 49.7526529466
60 119.256305143 113.130014517 50.9886892789
65 119.256305143 137.594922353 49.1427153213
70 119.256305143 203.990592565 46.6228354492
75 119.256305143 360.879558687 46.1291594607
80 119.256305143 687.216073537 48.9818694174
85 119.256305143 1277.28322905 54.5897723285
90 119.256305143 2187.19561527 61.1427009272
95 119.256305143 3351.18038608 66.7473196838
100 119.256305143 4528.81106832 70.199143244
105 119.256305143 5365.18785668 71.1925034046
110 119.256305143 5568.65722359 70.2219066061
115 119.256305143 5082.9912628 68.2302799882
120 119.256305143 4109.06787682 65.8925216535
125 119.256305143 2967.61901908 62.9635127801
130 119.256305143 1931.85268747 58.4932244665
135 119.256305143 1144.85752936 51.8987630965
140 119.256305143 629.238551346 43.8073566817
145 119.256305143 335.97609805 35.8037446759
150 119.256305143 191.843973938 29.43642214
155 119.256305143 131.120937351 25.4809686159
160 119.256305143 109.329223312 23.9504750102
165 119.256305143 102.732526203 24.5137035966
170 119.256305143 101.332235403 26.7216125979
175 119.256305143 102.097917039 29.8545811805
180 119.256305143 104.941991197 32.7758491513
185 119.256305143 110.767406557 34.2783696464
190 119.256305143 120.202858348 33.8571851874
195 119.256305143 132.4867259 32.2294234511
200 119.256305143 145.037598091 31.0292949618
205 119.256305143 154.388156371 31.8196638841
210 119.256305143 158.115061095 35.0822213927
215 119.256305143 156.418688562 39.8295270184
220 119.256305143 152.38546467 44.1693398656
225 119.256305143 151.143551564 46.6094515327
230 119.256305143 158.575189879 47.1862482826
235 119.256305143 179.950490058 47.3471695523
240 119.256305143 219.18911987 48.5093427678
245 119.256305143 280.136609535 50.5821049354
250 119.256305143 369.28949383 51.9427648428
255 119.256305143 495.110517896 50.968818824
260 119.256305143 660.673539069 47.6354198747
265 119.256305143 857.603214563 43.6479433442
270 119.256305143 1073.3561794 41.1419896986
275 119.256305143 1304.31121499 41.2968603036
280 119.256305143 1548.11003066 43.8944938379
285 119.256305143 1771.77267271 47.701293063
290 119.256305143 1897.66377812 51.0792430487
295 119.256305143 1844.27922296 52.5781211498
300 119.256305143 1593.10204156 51.4712699237
305 119.256305143 1213.17756927 47.9890662789
310 119.256305143 818.25517641 43.0395839398
315 119.256305143 499.835043106 37.6987241598
320 119.256305143 291.661029062 32.9723279209
325 119.256305143 178.968648669 29.8933801439
330 119.256305143 127.913193793 29.539030926
335 119.256305143 108.480945225 32.6113646223
340 119.256305143 102.440145496 38.687911568
345 119.256305143 101.861601848 45.7702642092
350 119.256305143 106.224737684 50.9158675262
355 119.256305143 122.894088737 51.9797250502
360 119.256305143 171.726293836 49.1747496707
365 119.256305143 289.0082208 44.8964810751
370 119.256305143 518.692453981 41.8140232487
375 119.256305143 879.671529401 40.9446739275
380 119.256305143 1320.47781516 41.2974306529
385 119.256305143 1706.0155897 41.0411493816
390 119.256305143 1876.5248071 38.9561609655
395 119.256305143 1751.94068101 35.096740598
400 119.256305143 1391.27657572 30.4790624714
0 124.225317857 2024.71521789 32.9491675514
5 124.225317857 2687.40995045 38.1172893747
10 124.225317857 3024.88385979 41.5211941364
15 124.225317857 2880.30723262 41.7648353657
20 124.225317857 2322.35751294 38.8723751431
25 124.225317857 1593.71701905 34.3962052134
30 124.225317857 944.215325456 30.6188748407
35 124.225317857 501.215374719 29.5413581175
40 124.225317857 260.403323485 32.1772434629
45 124.225317857 154.268701172 38.1326140691
50 124.225317857 116.95755349 45.4959246886
55 124.225317857 110.269474918 51.4834273856
60 124.225317857 123.068512262 53.9793447513
65 124.225317857 166.11265735 53.0043822378
70 124.225317857 272.407094432 50.7447343363
75 124.225317857 501.207709572 49.9773477109
80 124.225317857 936.581684932 52.2331652957
85 124.225317857 1666.27847784 57.1159540692
90 124.225317857 2728.11404148 62.9801414703
95 124.225317857 4034.39919356 68.0997264541
100 124.225317857 5330.10084513 71.4144920816
105 124.225317857 6256.76679369 72.6561120173
110 124.225317857 6521.74305954 72.1922719075
115 124.225317857 6057.27662471 70.7334864315
120 124.225317857 5041.3154081 68.7783054734
125 124.225317857 3779.09144418 66.0713834957
130 124.225317857 2557.99493713 61.7428804197
135 124.225317857 1565.15333674 55.2141521712
140 124.225317857 871.915977633 47.0149507559
145 124.225317857 456.108565144 38.6878402101
150 124.225317857 243.294460246 31.9294507317
155 124.225317857 150.87081692 27.8242332007
160 124.225317857 116.703440629 26.7456707517
165 124.225317857 105.652563758 28.6756763382
170 124.225317857 102.305668775 33.2618057255
175 124.225317857 101.425336481 39.3905983348
180 124.225317857 101.740333873 44.9372782636
185 124.225317857 103.156732791 47.5262961998
190 124.225317857 105.708798943 46.0979194088
195 124.225317857 109.09876687 41.9328462983
200 124.225317857 112.554671337 38.0629337563
205 124.225317857 115.089517798 37.4349787111
210 124.225317857 116.046284623 41.1187877776
215 124.225317857 115.555005168 47.624453581
220 124.225317857 114.640291546 53.7633265153
225 124.225317857 115.038026515 56.7422965075
230 124.225317857 118.882086115 56.1503215373
235 124.225317857 128.367462651 54.09719705
240 124.225317857 145.709045465 53.1534586204
245 124.225317857 173.880512511 53.9330678151
250 124.225317857 217.574677886 54.6563350135
255 124.225317857 282.12890346 53.0511288784
260 124.225317857 369.537587696 48.606213526
265 124.225317857 476.012978602 43.0294957406
270 124.225317857 596.374943171 38.7920679081
275 124.225317857 729.98917761 37.4080423438
280 124.225317857 874.576257367 38.8192677337
285 124.225317857 1008.25413901 41.8170224815
290 124.225317857 1083.98625654 44.7415647488
295 124.225317857 1055.16762403 46.0937445231
300 124.225317857 913.655489461 45.0725384334
305 124.225317857 701.399316097 41.8698670782
310 124.225317857 483.689938346 37.455317692
315 124.225317857 310.839787052 33.0261856402
320 124.225317857 199.682780199 29.6672779594
325 124.225317857 140.509008888 28.4424221047
330 124.225317857 114.135103065 30.5151829917
335 124.225317857 104.267720883 36.7184106362
340 124.225317857 101.367124267 46.5121724886
345 124.225317857 101.759657063 57.1889414049
350 124.225317857 106.808118378 64.604546179
355 124.225317857 125.233171463 65.6157188126
360 124.225317857 179.080748066 60.3986472639
365 124.225317857 308.391135204 52.3722733172
370 124.225317857 561.629916222 45.6357956997
375 124.225317857 959.627893665 42.2376268067
380 124.225317857 1445.6394586 41.4467754313
385 124.225317857 1870.71465118 41.0653513427
390 124.225317857 2058.70981845 39.2762144394
395 124.225317857 1921.34942246 35.6668898991
400 124.225317857 1523.69872748 31.07647854
0 129.194330571 1591.91747508 31.502734479
5 129.194330571 2113.41414052 36.6189546872
10 129.194330571 2384.62549837 40.4566320352
15 129.194330571 2279.65330158 41.5029819112
20 129.194330571 1848.42617159 39.4216663207
25 129.194330571 1279.21189609 35.4354307341
30 129.194330571 768.683011107 31.7983845615
35 129.194330571 418.830399093 30.8209107185
40 129.194330571 227.951666372 33.9711828902
45 129.194330571 143.872782558 41.1721524582
50 129.194330571 115.691521345 50.4446633369
55 129.194330571 115.937479998 58.4869220803
60 129.194330571 142.629915857 62.4576632203
65 129.194330571 217.860202983 61.8810391105
70 129.194330571 388.302368841 58.9371062724
75 129.194330571 722.57350198 56.7615761828
80 129.194330571 1298.06050823 57.3038771231
85 129.194330571 2172.95568781 60.4806305932
90 129.194330571 3343.22181849 64.8713756082
95 129.194330571 4694.75921333 68.9312957461
100 129.194330571 5985.53375161 71.7225419602
105 129.194330571 6903.58521999 72.9912733318
110 129.194330571 7197.55747664 72.9717845255
115 129.194330571 6795.2835703 72.1202093689
120 129.194330571 5822.04760177 70.6904288248
125 129.194330571 4524.76729258 68.333671368
130 129.194330571 3176.22394169 64.2311167041
135 129.194330571 2002.89020487 57.8584562818
140 129.194330571 1136.01413841 49.7294270578
145 129.194330571 593.572497739 41.3882252976
150 129.194330571 307.567571832 34.6612104796
155 129.194330571 180.388843317 30.8983036979
160 129.194330571 131.593636027 30.8299581737
165 129.194330571 114.01589171 34.8175456949
170 129.194330571 106.950010101 42.6778903774
175 129.194330571 103.498318063 52.8423715242
180 129.194330571 101.80687514 61.9194918071
185 129.194330571 101.27653948 65.9876460201
190 129.194330571 101.520483979 63.2317307456
195 129.194330571 102.193736191 55.6562768507
200 129.194330571 102.964386313 48.1150806513
205 129.194330571 103.538024947 45.3408420317
210 129.194330571 103.746489763 49.1495883382
215 129.194330571 103.636747904 57.4502938096
220 129.194330571 103.498713078 65.5394132328
225 129.194330571 103.839065105 69.1260895157
230 129.194330571 105.331617936 67.2314802805
235 129.194330571 108.779147395 62.5715613492
240 129.194330571 115.207202736 58.8806891319
245 129.194330571 126.215846328 57.5976209107
250 129.194330571 144.26710824 57.0183946486
255 129.194330571 172.032908676 54.4519160794
260 129.194330571 210.690265901 48.9635957557
265 129.194330571 259.162758802 42.1051584685
270 129.194330571 316.170876913 36.4230683561
275 129.194330571 382.219586125 33.5829618848
280 129.194330571 455.666677479 33.6627479239
285 129.194330571 524.153206964 35.5786225019
290 129.194330571 563.192964599 37.8063838494
295 129.194330571 549.861031524 38.9629047864
300 129.194330571 481.328098383 38.2804284241
305 129.194330571 379.368609136 35.879540085
310 129.194330571 276.161964305 32.5981623216
315 129.194330571 195.484507636 29.4988656026
320 129.194330571 144.476688297 27.5666106874
325 129.194330571 117.800677401 27.8533013745
330 129.194330571 106.122342067 31.6535560192
335 129.194330571 101.845126638 40.0028125813
340 129.194330571 100.722980062 52.3642622816
345 129.194330571 101.514265155 65.5600237407
350 129.194330571 106.301107219 74.5832782605
355 129.194330571 123.433560226 75.5631245637
360 129.194330571 173.451403839 68.6453368576
365 129.194330571 293.558058286 57.9776251425
370 129.194330571 528.771664558 48.6518703054
375 129.194330571 898.440642868 43.3881382298
380 129.194330571 1349.85850604 41.5840057743
385 129.194330571 1744.67737212 40.8018815518
390 129.194330571 1919.29127587 38.917992473
395 129.194330571 1791.708023 35.3268597972
400 129.194330571 1422.36161272 30.7954707972
0 134.163343286 1119.17998282 29.8659318995
5 134.163343286 1478.74309193 34.8444417212
10 134.163343286 1668.09394338 39.0670849581
15 134.163343286 1599.3913452 40.9349102673
20 134.163343286 1305.34160075 39.7518880819
25 134.163343286 914.621837133 36.3885245579
30 134.163343286 562.868149773 33.0518678365
35 134.163343286 321.157901931 32.3600644206
40 134.163343286 189.119958741 36.230535742
45 134.163343286 131.580039373 44.8671809979
50 134.163343286 115.229812714 56.1687040339
55 134.163343286 126.262177337 66.2921430847
60 134.163343286 175.630607681 71.7068143012
65 134.163343286 301.773600976 71.4985952285
70 134.163343286 569.58242725 67.8640267788
75 134.163343286 1056.31264309 64.2781372506
80 134.163343286 1821.04627451 63.087241626
85 134.163343286 2869.63144326 64.5172501079
90 134.163343286 4132.43157021 67.3663106174
95 134.163343286 5460.92429208 70.2438187727
100 134.163343286 6643.6255596 72.3050036651
105 134.163343286 7450.63718834 73.3076961126
110 134.163343286 7705.23208739 73.3749906417
115 134.163343286 7345.02815341 72.7261353117
120 134.163343286 6435.45969417 71.3724465277
125 134.163343286 5146.35778647 68.8989999893
130 134.163343286 3717.36655579 64.6434797547
135 134.163343286 2402.85391673 58.3043851038
140 134.163343286 1390.34827837 50.5063924228
145 134.163343286 739.126676784 42.7730521593
150 134.163343286 389.879110509 36.8827553704
155 134.163343286 231.559840146 34.2182322969
160 134.163343286 166.703749351 35.6975922572
165 134.163343286 137.987862924 42.0118521641
170 134.163343286 121.74710649 53.1980987352
175 134.163343286 111.321760498 67.324361846
180 134.163343286 105.139502265 79.8070165936
185 134.163343286 102.077426952 85.2093687964
190 134.163343286 100.889345736 80.9527431525
195 134.163343286 100.595354675 69.7274694074
200 134.163343286 100.62461696 58.1409555393
205 134.163343286 100.706860368 52.6294862069
210 134.163343286 100.740420586 55.7315892887
215 134.163343286 100.721505095 64.892792512
220 134.163343286 100.716752494 74.2058326336
225 134.163343286 100.853288817 78.1899396608
230 134.163343286 101.316396022 75.3349634458
235 134.163343286 102.361925044 68.6366067
240 134.163343286 104.38059317 62.5403663387
245 134.163343286 108.036137212 59.1125110301
250 134.163343286 114.341623621 56.946170168
255 134.163343286 124.390597464 53.3567718229
260 134.163343286 138.777433245 47.240916239
265 134.163343286 157.434460638 39.8967698094
270 134.163343286 180.396140699 33.629836648
275 134.163343286 208.225221716 29.9776259411
280 134.163343286 240.010522518 29.0518761365
285 134.163343286 269.895706337 29.9510519057
290 134.163343286 287.030373678 31.4323610396
295 134.163343286 281.76212742 32.4073254323
300 134.163343286 253.351717401 32.2878793302
305 134.163343286 211.39106938 31.1479211811
310 134.163343286 169.436351563 29.5450894211
315 134.163343286 137.122018311 28.1391096071
320 134.163343286 117.028343491 27.5546896047
325 134.163343286 106.706107589 28.6705998082
330 134.163343286 102.2716127 32.8523955576
335 134.163343286 100.691173582 41.3710948791
340 134.163343286 100.373528827 53.9081033514
345 134.163343286 101.143017795 67.3339263031
350 134.163343286 104.922652407 76.5199379122
355 134.163343286 118.334744908 77.4463392523
360 134.163343286 157.473060477 70.2324139702
365 134.163343286 251.452572187 59.1407124302
370 134.163343286 435.4992272 49.4019321345
375 134.163343286 724.752618042 43.7749620323
380 134.163343286 1077.97172648 41.5981449811
385 134.163343286 1386.90404662 40.3973809532
390 134.163343286 1523.53348115 38.1287612309
395 134.163343286 1423.70392966 34.3319185492
400 134.163343286 1134.70293892 29.8463079451
0 139.132356 702.582706564 28.1398221356
5 139.132356 916.309358273 32.7730668206
10 139.132356 1029.66279976 37.0920079154
15 139.132356 990.076750984 39.5099213786
20 139.132356 816.406814443 39.0847789126
25 139.132356 584.755411394 36.3676295194
30 139.132356 375.763522502 33.414502344
35 139.132356 231.975736766 32.9431300559
40 139.132356 153.630683469 37.1135005429
45 139.132356 120.850304517 46.3445718946
50 139.132356 117.011356672 58.5995264888
55 139.132356 142.806323935 69.9096133402
60 139.132356 225.059399858 76.4765768143
65 139.132356 423.009003905 77.0930873752
70 139.132356 823.237443288 73.7608152777
75 139.132356 1509.74788303 69.9262981047
80 139.132356 2512.58144498 68.0619570336
85 139.132356 3767.51422204 68.6003222128
90 139.132356 5122.90916383 70.5359285321
95 139.132356 6389.90711118 72.6115275342
100 139.132356 7394.3904316 74.0523965615
105 139.132356 8002.7228796 74.6244670254
110 139.132356 8128.811275 74.3608471115
115 139.132356 7736.84901339 73.2863902658
120 139.132356 6848.96395473 71.2386554147
125 139.132356 5567.79720658 67.8515129057
130 139.132356 4095.92034106 62.797366842
135 139.132356 2699.01333827 56.2049271457
140 139.132356 1601.35845972 48.9381801408
145 139.132356 890.003695624 42.4390692768
150 139.132356 508.668545821 38.1836717765
155 139.132356 332.559703596 37.2473968388
160 139.132356 250.249589762 40.4278392152
165 139.132356 199.838116829 48.5386842461
170 139.132356 161.1343824 61.8051786082
175 139.132356 132.562768635 78.1852519896
180 139.132356 114.758394322 92.4648945918
185 139.132356 105.661148426 98.3328651908
190 139.132356 101.858624867 92.7524256631
195 139.132356 100.562436387 78.8062620531
200 139.132356 100.209827181 64.1070958189
205 139.132356 100.138152744 56.047795014
210 139.132356 100.126731142 57.5992917452
215 139.132356 100.121982605 66.114550224
220 139.132356 100.126350399 75.347579273
225 139.132356 100.165601327 79.4743837696
230 139.132356 100.283959263 76.7070441961
235 139.132356 100.552098187 69.7976008824
240 139.132356 101.093311234 63.0061895639
245 139.132356 102.128355885 58.4154737194
250 139.132356 103.994517113 54.9428304768
255 139.132356 107.062896303 50.3839360431
260 139.132356 111.582932319 43.9158120318
265 139.132356 117.670495449 36.7008053769
270 139.132356 125.538107402 30.6323835319
275 139.132356 135.506720451 26.8869451049
280 139.132356 147.176467291 25.478067383
285 139.132356 158.232058963 25.6769456938
290 139.132356 164.605013898 26.5924228213
295 139.132356 162.831170432 27.5458918736
300 139.132356 152.786217641 28.2539616182
305 139.132356 138.041018273 28.8086375121
310 139.132356 123.45814493 29.4078975403
315 139.132356 112.376594973 30.0653830252
320 139.132356 105.592193132 30.7293245556
325 139.132356 102.166655287 31.8555366633
330 139.132356 100.723039615 34.7790274188
335 139.132356 100.227471037 41.0760899067
340 139.132356 100.188691759 50.9475097568
345 139.132356 100.741055557 61.9252082745
350 139.132356 103.24260107 69.5727251431
355 139.132356 112.085396063 70.3245667993
360 139.132356 137.884586188 64.2364740366
365 139.132356 199.833292048 54.9927914973
370 139.132356 321.151701398 47.0609568288
375 139.132356 511.819442578 42.635480625
380 139.132356 744.651594345 40.8800415581
385 139.132356 948.291134566 39.5115003813
390 139.132356 1038.35343434 36.8797433185
395 139.132356 972.548587652 32.88888782
400 139.132356 782.047222013 28.5256954992
0 144.101368714 404.78249014 26.3646162729
5 144.101368714 513.205746259 30.3501323808
10 144.101368714 570.935433972 34.3048442279
15 144.101368714 551.205500573 36.8030538535
20 144.101368714 463.416939092 36.8505611274
25 144.101368714 346.070089417 34.7537966876
30 144.101368714 240.090990825 32.2666459925
35 144.101368714 167.213629227 31.8787734163
40 144.101368714 128.012219135 35.6719053803
45 144.101368714 113.978113618 44.1933981746
50 144.101368714 121.796530758 55.7721161228
55 144.101368714 165.702051934 66.9349895907
60 144.101368714 289.701496718 74.2171816785
65 144.101368714 575.736933514 76.3053145245
70 144.101368714 1131.6037547 74.6894414896
75 144.101368714 2042.43358354 72.2559025115
80 144.101368714 3299.03648458 71.2094153595
85 144.101368714 4757.71826963 72.0424861021
90 144.101368714 6182.40771482 73.9406209639
95 144.101368714 7348.40177596 75.7985922428
100 144.101368714 8123.00763946 76.9144701425
105 144.101368714 8467.01957074 77.0519867045
110 144.101368714 8383.46789862 76.1532683651
115 144.101368714 7875.1351389 74.0948182326
120 144.101368714 6949.10863123 70.6543507835
125 144.101368714 5668.9648914 65.6750879715
130 144.101368714 4206.93005971 59.3285543253
135 144.101368714 2820.62776078 52.2987670653
140 144.101368714 1740.19422273 45.7238977633
145 144.101368714 1055.18471858 40.8649361462
150 144.101368714 699.126716538 38.6719747335
155 144.101368714 530.319585575 39.626154538
160 144.101368714 427.761213113 44.1016825983
165 144.101368714 335.190250171 52.7517455462
170 144.101368714 248.219441947 65.8683332768
175 144.101368714 179.723937378 81.6133411287
180 144.101368714 136.231916831 95.0226042025
185 144.101368714 113.867489938 100
190 144.101368714 104.468606914 93.6166490724
195 144.101368714 101.21767286 78.9056105336
200 144.101368714 100.288574126 63.2809146502
205 144.101368714 100.068995863 53.8986176682
210 144.101368714 100.025849393 53.6761850586
215 144.101368714 100.018642469 60.3181725801
220 144.101368714 100.019695742 68.319896721
225 144.101368714 100.029295486 72.5820950892
230 144.101368714 100.056771722 71.4357264912
235 144.101368714 100.120016399 66.8847411805
240 144.101368714 100.252346383 61.9800184243
245 144.101368714 100.513404903 57.9613660095
250 144.101368714 100.992969472 53.8334524246
255 144.101368714 101.792230618 48.2156751812
260 144.101368714 102.994214208 41.1047477199
265 144.101368714 104.674153596 33.8984260487
270 144.101368714 106.955885165 28.169948656
275 144.101368714 109.974164049 24.6497472007
280 144.101368714 113.590302423 23.1348399618
285 144.101368714 117.04206279 22.990772349
290 144.101368714 119.04219632 23.652597011
295 144.101368714 118.533388919 24.8806181937
300 144.101368714 115.513051666 26.7750376652
305 144.101368714 111.101476991 29.5220995259
310 144.101368714 106.779191931 32.9240931206
315 144.101368714 103.533367613 36.1248641432
320 144.101368714 101.573835121 38.0564441578
325 144.101368714 100.600187382 38.489675794
330 144.101368714 100.197700228 38.6926891233
335 144.101368714 100.067205117 40.7359469125
340 144.101368714 100.090089215 45.686451791
345 144.101368714 100.408388333 52.2029998697
350 144.101368714 101.800067625 57.0423947007
355 144.101368714 106.711000798 57.4094884293
360 144.101368714 121.037512377 53.2007853408
365 144.101368714 155.437987559 47.0413486979
370 144.101368714 222.806784096 42.0825815449
375 144.101368714 328.685653781 39.6586781525
380 144.101368714 457.978657824 38.7927955861
385 144.101368714 571.060840399 37.5806608563
390 144.101368714 621.07294225 34.8970634969
395 144.101368714 584.531140595 31.0147493493
400 144.101368714 478.744660296 27.0106629758
0 149.070381429 230.973792102 24.5912176283
5 149.070381429 277.641975263 27.6589099742
10 149.070381429 302.54320539 30.8188040407
15 149.070381429 294.133460375 32.9435349252
20 149.070381429 256.420990201 33.1763937124
25 149.070381429 205.955239694 31.6656399547
30 149.070381429 160.374763627 29.742267204
35 149.070381429 129.176345221 29.3847797548
40 149.070381429 113.211784587 32.3170335136
45 149.070381429 111.124248429 39.13051584
50 149.070381429 128.891159932 48.7484964449
55 149.070381429 192.123376792 58.6768686845
60 149.070381429 360.884762867 66.2594628508
65 149.070381429 737.44676358 70.2413769155
70 149.070381429 1444.82083511 71.3736014156
75 149.070381429 2559.82985396 71.5682599131
80 149.070381429 4026.25749218 72.4356859283
85 149.070381429 5622.54908409 74.4003468942
90 149.070381429 7041.9240657 76.8507955077
95 149.070381429 8041.43867502 78.886286899
100 149.070381429 8537.27563637 79.9078875814
105 149.070381429 8576.43251135 79.669293392
110 149.070381429 8238.78378984 78.0092039999
115 149.070381429 7568.62966296 74.6996517831
120 149.070381429 6582.06093843 69.5796094564
125 149.070381429 5331.89470698 62.8395716241
130 149.070381429 3968.4126045 55.2156234614
135 149.070381429 2722.08678262 47.9072716688
140 149.070381429 1795.95815161 42.2188825837
145 149.070381429 1253.25618774 39.1080216322
150 149.070381429 1000.28328884 38.891723465
155 149.070381429 872.705853424 41.3588518598
160 149.070381429 744.637555223 46.3243905945
165 149.070381429 579.330618495 54.0775082411
170 149.070381429 405.862018035 64.832964301
175 149.070381429 265.209645212 77.1820572503
180 149.070381429 175.187991234 87.1995423981
185 149.070381429 128.787148973 90.0497158812
190 149.070381429 109.267980512 83.4918283101
195 149.070381429 102.50931392 70.128834483
200 149.070381429 100.572286474 56.0644883972
205 149.070381429 100.11111507 47.1151575496
210 149.070381429 100.019740238 45.6760934246
215 149.070381429 100.005075681 50.1120057185
220 149.070381429 100.005128789 56.4614271696
225 149.070381429 100.012074979 61.156318558
230 149.070381429 100.031189828 63.0044659473
235 149.070381429 100.073441003 62.987766687
240 149.070381429 100.152327121 62.2319957647
245 149.070381429 100.278674734 60.4022680173
250 149.070381429 100.455593618 56.2230622375
255 149.070381429 100.679507533 49.2529071402
260 149.070381429 100.952114839 40.7412530021
265 149.070381429 101.301284842 32.7813070998
270 149.070381429 101.792833898 26.9022742216
275 149.070381429 102.496816756 23.4456004931
280 149.070381429 103.391293212 21.9153137453
285 149.070381429 104.270274595 21.6601684172
290 149.070381429 104.785368281 22.3531231451
295 149.070381429 104.655921956 24.1569989828
300 149.070381429 103.88372696 27.583657698
305 149.070381429 102.762245144 32.9708761346
310 149.070381429 101.672362067 39.7123088999
315 149.070381429 100.86220244 45.9155752404
320 149.070381429 100.37905626 49.2321441935
325 149.070381429 100.142438954 48.5738746277
330 149.070381429 100.04651821 45.2050424535
335 149.070381429 100.018330218 41.9485927973
340 149.070381429 100.038937811 41.017532592
345 149.070381429 100.190374476 42.3632773127
350 149.070381429 100.841961281 43.9670571724
355 149.070381429 103.139425139 43.7402163176
360 149.070381429 109.841463037 41.3018866419
365 149.070381429 125.934199008 38.096064963
370 149.070381429 157.449697394 35.9075845285
375 149.070381429 206.980422216 35.2819644375
380 149.070381429 267.464409444 35.2516565076
385 149.070381429 320.364884123 34.3907458181
390 149.070381429 343.760823849 32.050143002
395 149.070381429 326.666365561 28.7072519036
400 149.070381429 277.178861031 25.3772407893
0 154.039394143 147.633859286 22.9661875166
5 154.039394143 164.621463749 25.0280187456
10 154.039394143 173.696094259 27.1968533587
15 154.039394143 170.651128278 28.7028814024
20 154.039394143 156.938603101 28.9332372325
25 154.039394143 138.582244394 27.9500273901
30 154.039394143 122.033333458 26.6358316101
35 154.039394143 110.922301859 26.347820887
40 154.039394143 106.350781291 28.3289576102
45 154.039394143 110.849522836 33.153706622
50 154.039394143 136.130594289 40.3806345544
55 154.039394143 215.989233478 48.6275774424
60 154.039394143 422.350884504 56.2079659474
65 154.039394143 870.62724515 62.023072074
70 154.039394143 1688.58829251 66.0629153071
75 154.039394143 2935.128495 69.1482973044
80 154.039394143 4506.53834565 72.1676489926
85 154.039394143 6118.53985564 75.4142261039
90 154.039394143 7420.68283708 78.4916244642
95 154.039394143 8176.27149936 80.7454465791
100 154.039394143 8358.03781736 81.7031751874
105 154.039394143 8088.60718957 81.1079350247
110 154.039394143 7508.711608 78.7086956809
115 154.039394143 6698.59389282 74.2386026296
120 154.039394143 5692.9639488 67.6966728566
125 154.039394143 4548.01869806 59.6675284281
130 154.039394143 3394.87642108 51.3649293736
135 154.039394143 2422.50685378 44.297501942
140 154.039394143 1783.42494571 39.7251177905
145 154.039394143 1493.34038403 38.2039214762
150 154.039394143 1417.49043239 39.4605288407
155 154.039394143 1363.19431696 42.7108815451
160 154.039394143 1203.40426739 47.3015730992
165 154.039394143 934.081308535 53.1436746389
170 154.039394143 635.24226978 60.3007855695
175 154.039394143 389.674811359 67.8496871122
180 154.039394143 231.929494438 73.2503559195
185 154.039394143 150.527905228 73.4458404652
190 154.039394143 116.269602197 67.1971429741
195 154.039394143 104.40404607 56.5075625391
200 154.039394143 101.002288766 45.6289201426
205 154.039394143 100.191993397 38.5015026483
210 154.039394143 100.031656745 36.7530638631
215 154.039394143 100.007382839 39.4703098296
220 154.039394143 100.012838194 44.4542442838
225 154.039394143 100.041514591 49.8981346155
230 154.039394143 100.11787529 55.2430539011
235 154.039394143 100.282370557 60.4827047363
240 154.039394143 100.569666722 64.7015267607
245 154.039394143 100.968366968 65.7518383522
250 154.039394143 101.389043472 61.8315264226
255 154.039394143 101.686810645 53.3341263882
260 154.039394143 101.747630479 42.8725261701
265 154.039394143 101.575224699 33.4879592928
270 154.039394143 101.296084059 26.9051236289
275 154.039394143 101.07164641 23.1945443879
280 154.039394143 100.990703131 21.5606129238
285 154.039394143 101.023584704 21.2604428245
290 154.039394143 101.061973435 22.1127732891
295 154.039394143 101.005636772 24.6042784286
300 154.039394143 100.829423902 29.6179152184
305 154.039394143 100.585367084 37.6508306746
310 154.039394143 100.351545539 47.7197832766
315 154.039394143 100.179496487 56.9105602351
320 154.039394143 100.078000016 61.5861349553
325 154.039394143 100.028927731 59.8171589173
330 154.039394143 100.009445386 52.9503964432
335 154.039394143 100.004733474 44.6789294502
340 154.039394143 100.01474637 38.3936463084
345 154.039394143 100.074901804 35.186102822
350 154.039394143 100.331789237 33.9608094405
355 154.039394143 101.237222121 33.0638472024
360 154.039394143 103.878451078 31.7777395721
365 154.039394143 110.220485739 30.553239974
370 154.039394143 122.640522474 30.1218731221
375 154.039394143 142.160233452 30.5227960775
380 154.039394143 165.996548256 30.9516386995
385 154.039394143 186.844253995 30.4535973952
390 154.039394143 196.064429614 28.7111679879
395 154.039394143 189.327623597 26.209595942
400 154.039394143 169.824945436 23.7605219554
0 159.008406857 114.630496797 21.6755383403
5 159.008406857 119.850601326 22.8667089449
10 159.008406857 122.640850802 24.1339987047
15 159.008406857 121.707917754 25.0286073423
20 159.008406857 117.497445025 25.1840653828
25 159.008406857 111.865168967 24.6234291949
30 159.008406857 106.830259856 23.8543619343
35 159.008406857 103.711831537 23.6850647934
40 159.008406857 103.779176827 24.9172121491
45 159.008406857 111.331124758 28.0759249876
50 159.008406857 140.895603523 33.2255786089
55 159.008406857 230.347407382 39.9089212624
60 159.008406857 456.579993124 47.2790208895
65 159.008406857 937.495574244 54.4198486738
70 159.008406857 1793.74548086 60.7185363293
75 159.008406857 3060.88945615 66.0673601076
80 159.008406857 4598.17711264 70.7110142602
85 159.008406857 6086.94070144 74.8227327032
90 159.008406857 7167.6416282 78.215964045
95 159.008406857 7631.98785195 80.4705365894
100 159.008406857 7509.05208782 81.2205854282
105 159.008406857 6980.901314 80.2071994037
110 159.008406857 6230.85711956 77.1641518412
115 159.008406857 5363.29023713 71.901369513
120 159.008406857 4426.22192696 64.6445789573
125 159.008406857 3476.62537337 56.2961637781
130 159.008406857 2623.09952505 48.3061618472
135 159.008406857 2007.80362713 42.176752371
140 159.008406857 1726.77969123 38.8956827366
145 159.008406857 1743.59937522 38.5967603353
150 159.008406857 1879.87008948 40.5936079385
155 159.008406857 1914.19948336 43.7990853567
160 159.008406857 1721.03080562 47.3403542633
165 159.008406857 1335.05528595 50.9077566466
170 159.008406857 894.755165852 54.4501108833
175 159.008406857 530.585581986 57.4525761579
180 159.008406857 296.206355557 58.6163779583
185 159.008406857 175.17017253 56.5242284333
190 159.008406857 124.210740452 50.8696832753
195 159.008406857 106.555192763 43.0862782991
200 159.008406857 101.492085063 35.6838206148
205 159.008406857 100.285963459 30.8496174558
210 159.008406857 100.048653271 29.4781431384
215 159.008406857 100.019275894 31.2330174438
220 159.008406857 100.053351219 35.3627088137
225 159.008406857 100.178492685 41.5021210599
230 159.008406857 100.508428869 49.6416352304
235 159.008406857 101.217935287 59.0572695934
240 159.008406857 102.452723416 67.2807286212
245 159.008406857 104.152499266 70.7475039033
250 159.008406857 105.910610361 67.1915655897
255 159.008406857 107.074158727 57.5900887666
260 159.008406857 107.121702409 45.5887880305
265 159.008406857 106.036294506 34.9912181688
270 159.008406857 104.319811248 27.722709962
275 159.008406857 102.633038799 23.6820260143
280 159.008406857 101.403422685 21.8614266035
285 159.008406857 100.701842985 21.4535221382
290 159.008406857 100.375604132 22.3785659748
295 159.008406857 100.236671231 25.3382628889
300 159.008406857 100.163449101 31.4548781333
305 159.008406857 100.108115394 41.3219232951
310 159.008406857 100.063320038 53.6905818423
315 159.008406857 100.031889603 64.9383707927
320 159.008406857 100.0136968 70.5357225085
325 159.008406857 100.005021468 67.9792089708
330 159.008406857 100.001663364 58.6991168528
335 159.008406857 100.001166047 47.0250978636
340 159.008406857 100.004799969 37.1726161629
345 159.008406857 100.024847649 30.9773008949
350 159.008406857 100.110149117 27.8906158417
355 159.008406857 100.4107515 26.4686832186
360 159.008406857 101.287627692 25.7252181581
365 159.008406857 103.39315382 25.4631950788
370 159.008406857 107.516548374 25.784345809
375 159.008406857 113.997001818 26.5036649133
380 159.008406857 121.910547696 27.0406290124
385 159.008406857 128.831889236 26.8118332014
390 159.008406857 131.892944746 25.681212864
395 159.008406857 129.656356418 24.0273287384
400 159.008406857 123.18155779 22.4151082172
0 163.977419571 103.790647708 20.8143694899
5 163.977419571 105.143475812 21.4004721465
10 163.977419571 105.866833496 22.0277858727
15 163.977419571 105.625520309 22.4743509138
20 163.977419571 104.535604448 22.5565286902
25 163.977419571 103.083850553 22.2830144444
30 163.977419571 101.832895083 21.9084361031
35 163.977419571 101.340817689 21.8597820895
40 163.977419571 102.919602865 22.6228614238
45 163.977419571 111.366446587 24.6625046006
50 163.977419571 141.730131446 28.3491240003
55 163.977419571 231.727621229 33.8226141431
60 163.977419571 455.623027479 40.8090878557
65 163.977419571 922.892573066 48.5559972885
70 163.977419571 1737.05519544 56.0794665592
75 163.977419571 2910.2036894 62.6439731017
80 163.977419571 4282.74182142 68.042756419
85 163.977419571 5536.32794847 72.3796875685
90 163.977419571 6337.37058005 75.6445519208
95 163.977419571 6521.25067236 77.5849937953
100 163.977419571 6162.60049715 77.8906499398
105 163.977419571 5478.18913417 76.3300900047
110 163.977419571 4671.00072569 72.7536531844
115 163.977419571 3853.16164046 67.1982648679
120 163.977419571 3072.63843995 60.1437732459
125 163.977419571 2376.22481511 52.6327152749
130 163.977419571 1845.64727523 46.0160675091
135 163.977419571 1580.6217366 41.4506758306
140 163.977419571 1631.14473464 39.4798290912
145 163.977419571 1921.55969136 39.8891262279
150 163.977419571 2242.96220646 41.8427909401
155 163.977419571 2355.52420318 44.2710288375
160 163.977419571 2138.34072101 46.3621662496
165 163.977419571 1659.298504 47.798150572
170 163.977419571 1105.01977307 48.5144972711
175 163.977419571 644.94263276 48.2827785589
180 163.977419571 348.451437214 46.6313683567
185 163.977419571 195.230466404 43.2308109124
190 163.977419571 130.685328565 38.3642053232
195 163.977419571 108.311895551 33.0104152176
200 163.977419571 101.892935361 28.4252476236
205 163.977419571 100.364047169 25.5610971348
210 163.977419571 100.068283883 24.793865207
215 163.977419571 100.055780224 26.13851164
220 163.977419571 100.194030213 29.7267134156
225 163.977419571 100.654784929 36.0377447551
230 163.977419571 101.865653354 45.3695135274
235 163.977419571 104.469092148 56.6364893654
240 163.977419571 108.99935966 66.656590268
245 163.977419571 115.233749247 71.3070032434
250 163.977419571 121.677330909 68.2241611521
255 163.977419571 125.930498699 58.6698245609
260 163.977419571 126.075213291 46.6403269843
265 163.977419571 122.043152501 36.0958651302
270 163.977419571 115.667513595 28.8980407648
275 163.977419571 109.366365651 24.8161832324
280 163.977419571 104.715389452 22.8020308621
285 163.977419571 102.007082596 22.1281538979
290 163.977419571 100.731561005 22.8436189082
295 163.977419571 100.237297744 25.7470330358
300 163.977419571 100.075406261 31.992980203
305 163.977419571 100.027103322 42.1455718724
310 163.977419571 100.011484847 54.8702565937
315 163.977419571 100.005084121 66.4088472707
320 163.977419571 100.002081073 72.0772178369
325 163.977419571 100.000747453 69.2550906323
330 163.977419571 100.000256582 59.338414901
335 163.977419571 100.000269584 46.7146936537
340 163.977419571 100.001329346 35.7478503705
345 163.977419571 100.006946842 28.5111280973
350 163.977419571 100.030806337 24.727621001
355 163.977419571 100.11487995 23.1156660502
360 163.977419571 100.36012695 22.6086132895
365 163.977419571 100.949005811 22.7219505861
370 163.977419571 102.102247193 23.2782870339
375 163.977419571 103.914716746 24.0305476395
380 163.977419571 106.127997202 24.5639283827
385 163.977419571 108.063775448 24.5077509911
390 163.977419571 108.919899167 23.7970785613
395 163.977419571 108.294364507 22.7052389157
400 163.977419571 106.483476508 21.6256193467
0 168.946432286 100.827960666 20.3373143456
5 168.946432286 101.123488108 20.5816766792
10 168.946432286 101.281541964 20.8440471697
15 168.946432286 101.228963409 21.0316497441
20 168.946432286 100.991831911 21.0674037641
25 168.946432286 100.682370557 20.9558287574
30 168.946432286 100.462406793 20.8112774224
35 168.946432286 100.666711319 20.8443842562
40 168.946432286 102.543776804 21.3523733015
45 168.946432286 110.713722924 22.7384937271
50 168.946432286 139.273600808 25.5003767854
55 168.946432286 222.736166291 30.0715396084
60 168.946432286 427.235484421 36.4941228076
65 168.946432286 846.309018318 44.1489733413
70 168.946432286 1560.44321438 51.9001115824
75 168.946432286 2560.87930607 58.6871117423
80 168.946432286 3686.26152927 64.0484087017
85 168.946432286 4647.79416948 68.0511217834
90 168.946432286 5165.40131738 70.7943849801
95 168.946432286 5126.99333243 72.1143374588
100 168.946432286 4637.30878201 71.7285803982
105 168.946432286 3919.05105628 69.4955244868
110 168.946432286 3168.43425242 65.5167567198
115 168.946432286 2487.18406337 60.167374804
120 168.946432286 1910.37245989 54.1505679523
125 168.946432286 1466.08778733 48.4367345032
130 168.946432286 1208.89983808 43.9680044778
135 168.946432286 1206.1440632 41.3028769636
140 168.946432286 1479.5804132 40.47021015
145 168.946432286 1936.96316605 41.0470451033
150 168.946432286 2364.01507673 42.3161054967
155 168.946432286 2523.13113173 43.4959937875
160 168.946432286 2303.04647642 44.0403339602
165 168.946432286 1789.42188784 43.7714215529
170 168.946432286 1190.27437795 42.6937851473
175 168.946432286 691.697746788 40.7557779916
180 168.946432286 369.977569847 37.8935413496
185 168.946432286 203.558473556 34.2677816843
190 168.946432286 133.393584286 30.3577858772
195 168.946432286 109.052337973 26.7963636442
200 168.946432286 102.06362952 24.1122320106
205 168.946432286 100.400582027 22.5884058716
210 168.946432286 100.09450973 22.3318215434
215 168.946432286 100.156706122 23.5185239767
220 168.946432286 100.598169913 26.6433594055
225 168.946432286 102.024502415 32.4566976947
230 168.946432286 105.768813492 41.2903612055
235 168.946432286 113.818960447 51.9863651596
240 168.946432286 127.827004851 61.4633736755
245 168.946432286 147.10415996 65.9679376962
250 168.946432286 167.027619205 63.5214671226
255 168.946432286 180.177062913 55.4288269857
260 168.946432286 180.621068111 45.2951876733
265 168.946432286 168.147464597 36.49423443
270 168.946432286 148.423453672 30.433466294
275 168.946432286 128.925015837 26.7426526074
280 168.946432286 114.525316881 24.5283598898
285 168.946432286 106.133173382 23.3499821616
290 168.946432286 102.178686564 23.4708502234
295 168.946432286 100.65231061 25.6965643859
300 168.946432286 100.165612575 31.0031247555
305 168.946432286 100.03635116 39.7818149413
310 168.946432286 100.007297995 50.7889390516
315 168.946432286 100.001517167 60.7301323631
320 168.946432286 100.00037279 65.5441680209
325 168.946432286 100.000105823 62.9597926862
330 168.946432286 100.00003607 54.1717011378
335 168.946432286 100.000056833 42.9671904229
340 168.946432286 100.000311675 33.1437287552
345 168.946432286 100.001636463 26.5629575609
350 168.946432286 100.007258313 23.0810685281
355 168.946432286 100.027067164 21.6610801208
360 168.946432286 100.084850471 21.381426182
365 168.946432286 100.223597791 21.7565711242
370 168.946432286 100.49531607 22.5472385649
375 168.946432286 100.922356857 23.4766314634
380 168.946432286 101.44383377 24.1495443832
385 168.946432286 101.899927647 24.2223325535
390 168.946432286 102.101641241 23.6308973521
395 168.946432286 101.954257351 22.6307587471
400 168.946432286 101.527589198 21.604418253
0 173.915445 100.152406673 20.1184294611
5 173.915445 100.20681023 20.2045215846
10 173.915445 100.235916343 20.2971155642
15 173.915445 100.226331014 20.3635240983
20 173.915445 100.183565598 20.3767986014
25 173.915445 100.133923435 20.3403805505
30 173.915445 100.144357282 20.303493387
35 173.915445 100.479041452 20.3725299208
40 173.915445 102.27794858 20.7430621855
45 173.915445 109.742184697 21.7567831962
50 173.915445 135.474600227 23.9177570074
55 173.915445 209.684834955 27.7442608015
60 173.915445 388.52190226 33.4142599048
65 173.915445 747.363227344 40.4248396
70 173.915445 1342.66971847 47.6615366181
75 173.915445 2147.83012539 53.9788581689
80 173.915445 3009.08946575 58.7999275719
85 173.915445 3681.8804671 62.139048053
90 173.915445 3953.08174994 64.1156829961
95 173.915445 3765.81956154 64.6048825224
100 173.915445 3242.00015018 63.3831847484
105 173.915445 2586.92986417 60.4758260839
110 173.915445 1967.47626466 56.297090149
115 173.915445 1460.37815508 51.5527855555
120 173.915445 1081.09881278 47.0687226951
125 173.915445 838.022095559 43.5767386696
130 173.915445 763.175734966 41.4561728636
135 173.915445 901.901799845 40.6062170844
140 173.915445 1263.26899198 40.6016160306
145 173.915445 1759.73205991 40.9600610941
150 173.915445 2198.0731405 41.2556520695
155 173.915445 2366.11800667 41.128303801
160 173.915445 2167.98985913 40.3669303938
165 173.915445 1688.99100366 38.9703304885
170 173.915445 1126.91457116 37.0272507844
175 173.915445 658.005661242 34.5782221049
180 173.915445 354.909849263 31.687162591
185 173.915445 197.895561823 28.6011747121
190 173.915445 131.605541777 25.729383408
195 173.915445 108.578232867 23.4433908282
200 173.915445 101.959245646 21.9247660463
205 173.915445 100.38949131 21.1942494444
210 173.915445 100.140946727 21.2800134845
215 173.915445 100.393968581 22.416403188
220 173.915445 101.556561759 25.1415787801
225 173.915445 105.273499078 30.1066842107
230 173.915445 115.027248186 37.468173339
235 173.915445 135.997195166 46.126758937
240 173.915445 172.486931612 53.5895312108
245 173.915445 222.702222609 57.0832838498
250 173.915445 274.601028732 55.3751885519
255 173.915445 308.854013613 49.6962983435
260 173.915445 310.010264314 42.7762491539
265 173.915445 277.516985588 36.880260816
270 173.915445 226.136592512 32.6652071875
275 173.915445 175.343250181 29.5972618941
280 173.915445 137.831244294 27.0803539704
285 173.915445 115.968459216 25.1309584424
290 173.915445 105.666197726 24.3177869978
295 173.915445 101.69032639 25.4164927865
300 173.915445 100.424044872 29.0927823855
305 173.915445 100.089534217 35.4647712979
310 173.915445 100.015956778 43.4765556244
315 173.915445 100.00242313 50.6593749115
320 173.915445 100.000323032 54.0484325291
325 173.915445 100.000041163 52.0011796795
330 173.915445 100.000007069 45.3984131626
335 173.915445 100.000010779 37.0148118543
340 173.915445 100.00006172 29.6457701914
345 173.915445 100.000324787 24.6876109732
350 173.915445 100.001440675 22.0822156029
355 173.915445 100.005372478 21.127285203
360 173.915445 100.016841711 21.2099655352
365 173.915445 100.044381243 22.0197851657
370 173.915445 100.098313774 23.3558996059
375 173.915445 100.183075796 24.8601839552
380 173.915445 100.286582156 25.9719515181
385 173.915445 100.377110837 26.1864482274
390 173.915445 100.417148352 25.3930853719
395 173.915445 100.387894573 23.954130537
400 173.915445 100.303206515 22.4378007459
0 178.884457714 100.023638493 20.0351425011
5 178.884457714 100.032077384 20.0607364035
10 178.884457714 100.036599359 20.0882942524
15 178.884457714 100.035197599 20.1081464733
20 178.884457714 100.029401181 20.1126226992
25 178.884457714 100.028634484 20.1046551999
30 178.884457714 100.078423226 20.1072096283
35 178.884457714 100.410747614 20.1810199833
40 178.884457714 102.056434848 20.4654698999
45 178.884457714 108.785465799 21.2401547222
50 178.884457714 131.74758332 22.9491658892
55 178.884457714 197.107355823 26.0779922423
60 178.884457714 351.858752062 30.8369600765
65 178.884457714 655.118405784 36.8350949236
70 178.884457714 1142.5252158 43.1002013651
75 178.884457714 1773.50856258 48.5665131045
80 178.884457714 2405.0113285 52.6260944605
85 178.884457714 2837.53320383 55.2027521481
90 178.884457714 2922.75633952 56.3598284384
95 178.884457714 2653.39579709 56.0007932598
100 178.884457714 2158.94778573 54.020957424
105 178.884457714 1614.96993131 50.652563148
110 178.884457714 1147.81684764 46.5678383783
115 178.884457714 803.502282611 42.6654940382
120 178.884457714 578.560765458 39.7502755795
125 178.884457714 466.670097133 38.2502555708
130 178.884457714 484.216039513 38.0413556622
135 178.884457714 662.151787487 38.5248209398
140 178.884457714 1005.73505824 38.9996757035
145 178.884457714 1444.67693364 39.0344164605
150 178.884457714 1823.91406642 38.5122367196
155 178.884457714 1972.52404699 37.45080878
160 178.884457714 1813.88227379 35.9118772004
165 178.884457714 1419.70138668 34.0192930397
170 178.884457714 954.471591052 31.9092950064
175 178.884457714 565.136018993 29.6547450926
180 178.884457714 312.863652954 27.3192087096
185 178.884457714 181.894660532 25.0686720771
190 178.884457714 126.487506284 23.1510012435
195 178.884457714 107.202589795 21.7551552936
200 178.884457714 101.650818251 20.9289319049
205 178.884457714 100.347277631 20.6467617153
210 178.884457714 100.227574415 20.9649273793
215 178.884457714 100.853481275 22.1500391988
220 178.884457714 103.414545755 24.667862298
225 178.884457714 111.572337371 28.9298392501
230 178.884457714 132.976614342 34.8147826081
235 178.884457714 178.994233969 41.2669027289
240 178.884457714 259.069328402 46.4657499091
245 178.884457714 369.264536022 48.7534897345
250 178.884457714 483.154138162 47.73709099
255 178.884457714 558.320766839 44.5606654828
260 178.884457714 560.858078169 40.978462014
265 178.884457714 489.552976698 38.0439678055
270 178.884457714 376.800906567 35.6219151172
275 178.884457714 265.337040389 33.0378877629
280 178.884457714 183.018430838 30.0444980611
285 178.884457714 135.041341331 27.1601852353
290 178.884457714 112.433379643 25.2803850726
295 178.884457714 103.708526294 25.1471891232
300 178.884457714 100.929869381 27.0975760192
305 178.884457714 100.196004773 30.9605352272
310 178.884457714 100.034736641 35.8708514439
315 178.884457714 100.005177985 40.2114399697
320 178.884457714 100.000650093 42.1489803159
325 178.884457714 100.000069081 40.6895632544
330 178.884457714 100.00000652 36.3913124228
335 178.884457714 100.000002156 30.9863171735
340 178.884457714 100.000010333 26.234047013
345 178.884457714 100.000054307 23.0393200542
350 178.884457714 100.000240897 21.4185704911
355 178.884457714 100.000898338 21.0206645264
360 178.884457714 100.002816122 21.5944545208
365 178.884457714 100.007421039 23.0728911168
370 178.884457714 100.01643916 25.318044225
375 178.884457714 100.030612316 27.8142429653
380 178.884457714 100.047919735 29.6701057932
385 178.884457714 100.063057141 30.0643393857
390 178.884457714 100.06975186 28.8067271954
395 178.884457714 100.064860302 26.4785972563
400 178.884457714 100.050699513 24.006565967
0 183.853470429 100.003089009 20.008800025
5 183.853470429 100.00419226 20.0152158885
10 183.853470429 100.004789801 20.0221347279
15 183.853470429 100.004684497 20.027184122
20 183.853470429 100.004697106 20.0287669817
25 183.853470429 100.010981193 20.029311842
30 183.853470429 100.061824352 20.0417502901
35 183.853470429 100.362963074 20.1059896377
40 183.853470429 101.830471121 20.325207912
45 183.853470429 107.791865209 20.9180877096
50 183.853470429 127.976400595 22.2409250439
55 183.853470429 184.798852948 24.6925189652
60 183.853470429 317.258418951 28.4629767733
65 183.853470429 571.237977649 33.2662138852
70 183.853470429 967.051454935 38.3337793792
75 183.853470429 1456.66035785 42.7757639929
80 183.853470429 1910.86110254 46.0143397904
85 183.853470429 2170.47500026 47.8772528251
90 183.853470429 2139.35224292 48.3431627106
95 183.853470429 1845.08145471 47.3502930052
100 183.853470429 1414.54225351 44.9376721831
105 183.853470429 989.902216819 41.5067087837
110 183.853470429 658.128753207 37.8424018138
115 183.853470429 438.570423361 34.8414864347
120 183.853470429 314.973005408 33.1623600738
125 183.853470429 273.358357688 32.9680628635
130 183.853470429 320.819335497 33.8428655884
135 183.853470429 478.54014741 34.983118272
140 183.853470429 751.09510404 35.6377352345
145 183.853470429 1088.50810627 35.47810596
150 183.853470429 1378.038029 34.5879340441
155 183.853470429 1494.06270166 33.1947086251
160 183.853470429 1379.68230081 31.4963375608
165 183.853470429 1087.8526747 29.6606525148
170 183.853470429 741.150161387 27.8255542011
175 183.853470429 449.845626946 26.0620949296
180 183.853470429 260.484609319 24.4039841117
185 183.853470429 161.891055879 22.923961657
190 183.853470429 120.06602371 21.7367399982
195 183.853470429 105.470278755 20.9248541894
200 183.853470429 101.261651454 20.5016870301
205 183.853470429 100.298586034 20.4758423426
210 183.853470429 100.365328341 20.9695639143
215 183.853470429 101.57029928 22.2879193687
220 183.853470429 106.311522097 24.828636546
225 183.853470429 121.39338324 28.7819367259
230 183.853470429 160.962963081 33.7568976021
235 183.853470429 246.034490552 38.6796338976
240 183.853470429 394.067139262 42.2328766035
245 183.853470429 597.782021176 43.6428489846
250 183.853470429 808.326629417 43.1850056097
255 183.853470429 947.285129655 41.9128466687
260 183.853470429 951.975785979 40.778549855
265 183.853470429 820.155980917 39.8872736028
270 183.853470429 611.714289331 38.5458493523
275 183.853470429 405.654061105 36.055038782
280 183.853470429 253.473872403 32.4917333044
285 183.853470429 164.77991777 28.7655550265
290 183.853470429 122.985185452 25.9968639181
295 183.853470429 106.855787858 24.875343802
300 183.853470429 101.718971461 25.4745246441
305 183.853470429 100.362311868 27.4034211793
310 183.853470429 100.064195006 29.9466925576
315 183.853470429 100.009561633 32.1370135142
320 183.853470429 100.001197291 32.997984099
325 183.853470429 100.000126066 32.0215052842
330 183.853470429 100.000011199 29.5127161961
335 183.853470429 100.000001065 26.4063190831
340 183.853470429 100.000001502 23.6733923315
345 183.853470429 100.000007652 21.8479631331
350 183.853470429 100.000033934 21.012465883
355 183.853470429 100.000126543 21.1060150489
360 183.853470429 100.000396689 22.1937483842
365 183.853470429 100.001045354 24.4371351597
370 183.853470429 100.002315678 27.7495172704
375 183.853470429 100.004312159 31.4170066504
380 183.853470429 100.006750143 34.1464851772
385 183.853470429 100.008882452 34.7362706064
390 183.853470429 100.009825493 32.9044743285
395 183.853470429 100.009136451 29.4994927247
400 183.853470429 100.007141713 25.8784940607
0 188.822483143 100.000340099 20.0018581069
5 188.822483143 100.000461959 20.0032142283
10 188.822483143 100.000533387 20.004683705
15 188.822483143 100.000588393 20.0058100776
20 188.822483143 100.001248882 20.0065314327
25 188.822483143 100.007406041 20.0087604596
30 188.822483143 100.050946548 20.0210613714
35 188.822483143 100.304432491 20.0716531687
40 188.822483143 101.534816273 20.2363511872
45 188.822483143 106.514951455 20.6776056687
50 188.822483143 123.289602966 21.660320695
55 188.822483143 170.154021912 23.4815522512
60 188.822483143 278.200739834 26.2874914533
65 188.822483143 482.084511604 29.8782476946
70 188.822483143 792.399202134 33.6949347502
75 188.822483143 1162.23683098 37.0621113428
80 188.822483143 1482.60734382 39.4879669878
85 188.822483143 1631.29162426 40.7503570282
90 188.822483143 1549.03030779 40.7658090785
95 188.822483143 1278.71857343 39.5051341853
100 188.822483143 932.287266247 37.110810632
105 188.822483143 618.402849888 34.0501615403
110 188.822483143 392.726133086 31.0607601255
115 188.822483143 257.70522938 28.8841503034
120 188.822483143 192.428544382 27.9764184122
125 188.822483143 181.438204704 28.3333630031
130 188.822483143 227.07119921 29.4803852293
135 188.822483143 343.47498385 30.6793393416
140 188.822483143 534.783277227 31.3064344161
145 188.822483143 768.533544914 31.1401942167
150 188.822483143 969.213437256 30.3243922539
155 188.822483143 1051.53324743 29.1168593647
160 188.822483143 976.078107182 27.7224621554
165 188.822483143 778.193622466 26.2898547108
170 188.822483143 541.386596445 24.9304998789
175 188.822483143 341.50593941 23.7006116649
180 188.822483143 211.090310725 22.6141174076
185 188.822483143 142.95989587 21.6931062409
190 188.822483143 113.966685321 20.9828804934
195 188.822483143 103.81887811 20.5196276063
200 188.822483143 100.890220357 20.3193606313
205 188.822483143 100.258460258 20.4340669573
210 188.822483143 100.535578691 21.0428190762
215 188.822483143 102.441012179 22.4843709427
220 188.822483143 109.828892697 25.1193974965
225 188.822483143 133.317483038 29.0007159856
230 188.822483143 194.942226287 33.5648155662
235 188.822483143 327.430549898 37.7205342921
240 188.822483143 557.972983052 40.4556733231
245 188.822483143 875.233566474 41.5179153433
250 188.822483143 1203.1305989 41.5246922744
255 188.822483143 1419.54117445 41.3682235504
260 188.822483143 1426.84628796 41.4423894653
265 188.822483143 1221.55334167 41.3285973707
270 188.822483143 896.93133979 40.166061979
275 188.822483143 576.018170521 37.4168746847
280 188.822483143 339.016459103 33.4177608925
285 188.822483143 200.886658636 29.2485551691
290 188.822483143 135.796562359 26.0489238936
295 188.822483143 110.677032434 24.3982342705
300 188.822483143 102.67708072 24.2002129953
305 188.822483143 100.564253242 24.9623439971
310 188.822483143 100.099974317 26.0918068866
315 188.822483143 100.01489035 27.0234143122
320 188.822483143 100.001864337 27.2885220412
325 188.822483143 100.000196224 26.6580914685
330 188.822483143 100.000017365 25.2759766018
335 188.822483143 100.000001319 23.5934157786
340 188.822483143 100.000000253 22.1067021118
345 188.822483143 100.000000912 21.1290885852
350 188.822483143 100.000004027 20.7897238138
355 188.822483143 100.000015017 21.2169667713
360 188.822483143 100.000047074 22.6887866256
365 188.822483143 100.00012405 25.5260164147
370 188.822483143 100.000274796 29.6738337809
375 188.822483143 100.000511713 34.2593135536
380 188.822483143 100.000801023 37.6722471302
385 188.822483143 100.001054059 38.4119514869
390 188.822483143 100.001165967 36.1254631477
395 188.822483143 100.0010842 31.8720918127
400 188.822483143 100.000847489 27.3475851938
0 193.791495857 100.000031562 20.0003307207
5 193.791495857 100.00004317 20.0005727756
10 193.791495857 100.000054092 20.0008404983
15 193.791495857 100.00010995 20.0010881968
20 193.791495857 100.000673649 20.0015207582
25 193.791495857 100.005411241 20.0035603775
30 193.791495857 100.038369405 20.0131784466
35 193.791495857 100.229717363 20.050278554
40 193.791495857 101.1571239 20.1683895849
45 193.791495857 104.903336789 20.4812434506
50 193.791495857 117.483228601 21.1719509549
55 193.791495857 152.469277946 22.4426859317
60 193.791495857 232.593724186 24.3901658074
65 193.791495857 382.302803244 26.8770385865
70 193.791495857 606.757100937 29.524756857
75 193.791495857 867.714877659 31.8677246255
80 193.791495857 1082.84108468 33.5402674655
85 193.791495857 1165.19024267 34.3364804242
90 193.791495857 1079.79350769 34.1547098431
95 193.791495857 867.818079458 32.9828366176
100 193.791495857 615.765392637 30.9901927707
105 193.791495857 400.129771904 28.5988961913
110 193.791495857 254.409381543 26.3925766047
115 193.791495857 173.93849429 24.8973025409
120 193.791495857 139.856838763 24.3840606405
125 193.791495857 139.212124278 24.7805236286
130 193.791495857 172.331332931 25.7029859959
135 193.791495857 248.161729236 26.6204292583
140 193.791495857 369.952594791 27.1101089427
145 193.791495857 518.136233809 27.0369652622
150 193.791495857 645.821153133 26.5140269308
155 193.791495857 699.348750953 25.7262288224
160 193.791495857 653.367273499 24.8169432468
165 193.791495857 529.53814014 23.8881440238
170 193.791495857 380.304584465 23.0164846851
175 193.791495857 253.778123897 22.2413258792
180 193.791495857 170.924021428 21.5700149969
185 193.791495857 127.499592956 21.0102544455
190 193.791495857 108.964019987 20.5845068892
195 193.791495857 102.458487293 20.3160034607
200 193.791495857 100.583085469 20.2298815404
205 193.791495857 100.226400199 20.4023278207
210 193.791495857 100.684412562 21.0341419626
215 193.791495857 103.200069157 22.4657335271
220 193.791495857 112.895009987 25.0271033239
225 193.791495857 143.711789644 28.7155692871
230 193.791495857 224.562144926 32.9375481945
235 193.791495857 398.383961644 36.6783728194
240 193.791495857 700.850647099 39.1345089266
245 193.791495857 1117.08966972 40.2710692125
250 193.791495857 1547.28348335 40.7161259262
255 193.791495857 1831.20947719 41.0844331029
260 193.791495857 1840.79362808 41.4032397874
265 193.791495857 1571.45372333 41.1118018106
270 193.791495857 1145.55667891 39.5375691438
275 193.791495857 724.525542628 36.4622537541
280 193.791495857 413.584423901 32.3973506666
285 193.791495857 232.361113593 28.3583596761
290 193.791495857 146.964315244 25.2894511508
295 193.791495857 114.00803536 23.5927640013
300 193.791495857 103.512271803 23.0858257935
305 193.791495857 100.740287914 23.2919007544
310 193.791495857 100.131164062 23.7419243525
315 193.791495857 100.019535779 24.0948402378
320 193.791495857 100.002445954 24.1280318722
325 193.791495857 100.000257435 23.7382214358
330 193.791495857 100.000022777 22.9822376943
335 193.791495857 100.000001697 22.0677604193
340 193.791495857 100.000000123 21.2504595856
345 193.791495857 100.000000096 20.727936994
350 193.791495857 100.000000403 20.6465492029
355 193.791495857 100.000001501 21.220051597
360 193.791495857 100.000004706 22.8177792358
365 193.791495857 100.000012401 25.8248403875
370 193.791495857 100.000027471 30.2045471327
375 193.791495857 100.000051155 35.0434628028
380 193.791495857 100.000080077 38.6448730789
385 193.791495857 100.000105373 39.4258476779
390 193.791495857 100.000116561 37.0138756671
395 193.791495857 100.000108386 32.5264622544
400 193.791495857 100.000084723 27.7527431325
0 198.760508571 100.000002479 20.0000496401
5 198.760508571 100.000003587 20.0000864315
10 198.760508571 100.000007278 20.0001310512
15 198.760508571 100.000045157 20.0002022929
20 198.760508571 100.000421008 20.000485144
25 198.760508571 100.003542719 20.0019580272
30 198.760508571 100.025213596 20.0086278486
35 198.760508571 100.150949849 20.0337656834
40 198.760508571 100.75992274 20.1126917219
45 198.760508571 103.217138323 20.3193371167
50 198.760508571 111.454755165 20.7704103107
55 198.760508571 134.30750387 21.5910088776
60 198.760508571 186.452062118 22.8354485896
65 198.760508571 283.346464998 24.4106168647
70 198.760508571 427.380018684 26.0777619509
75 198.760508571 592.430414429 27.5482812157
80 198.760508571 724.40086513 28.5898014933
85 198.760508571 768.097356941 29.0552949677
90 198.760508571 704.070452009 28.8583978231
95 198.760508571 562.512134384 27.9879796478
100 198.760508571 400.892340407 26.5787094047
105 198.760508571 267.317980936 24.9413804479
110 198.760508571 180.567750499 23.4748806247
115 198.760508571 135.162180194 22.5082768113
120 198.760508571 117.657763699 22.182883655
125 198.760508571 119.182647599 22.4229074933
130 198.760508571 139.471271021 22.9801045815
135 198.760508571 183.731220543 23.5402052132
140 198.760508571 254.123480025 23.8637229162
145 198.760508571 339.740690695 23.8754667556
150 198.760508571 413.82186012 23.6346599863
155 198.760508571 445.423233191 23.2372978457
160 198.760508571 419.648037763 22.7582317157
165 198.760508571 348.6715639 22.2541139618
170 198.760508571 262.632983943 21.7702691883
175 198.760508571 189.416547768 21.3309226344
180 198.760508571 141.328845005 20.942065389
185 198.760508571 116.058866414 20.6113956586
190 198.760508571 105.245912641 20.3569998492
195 198.760508571 101.442851829 20.1995619933
200 198.760508571 100.351560862 20.1674471138
205 198.760508571 100.193636443 20.3371838551
210 198.760508571 100.747253441 20.8914369004
215 198.760508571 103.535616733 22.1270418406
220 198.760508571 114.252048066 24.3240268502
225 198.760508571 148.31238192 27.4747940697
230 198.760508571 237.672139499 31.0831406673
235 198.760508571 429.788466178 34.3351594998
240 198.760508571 764.089357424 36.6303797393
245 198.760508571 1224.13696894 37.9784746409
250 198.760508571 1699.60809415 38.806508853
255 198.760508571 2013.41691122 39.385566899
260 198.760508571 2024.00978091 39.5127136864
265 198.760508571 1726.32221888 38.7154062029
270 198.760508571 1255.60009197 36.6798293863
275 198.760508571 790.256003386 33.5357171881
280 198.760508571 446.588756405 29.8675220371
285 198.760508571 246.29194009 26.4692527285
290 198.760508571 151.907245297 23.9698156384
295 198.760508571 115.482361947 22.5705966971
300 198.760508571 103.881933606 22.0655019119
305 198.760508571 100.8182022 22.0708488768
310 198.760508571 100.144968897 22.2491719211
315 198.760508571 100.021591891 22.3897324266
320 198.760508571 100.002703387 22.3765889434
325 198.760508571 100.00028453 22.154221455
330 198.760508571 100.000025174 21.739104794
335 198.760508571 100.000001873 21.2293815254
340 198.760508571 100.000000119 20.7658836861
345 198.760508571 100.000000014 20.4806502871
350 198.760508571 100.000000034 20.5069793435
355 198.760508571 100.000000126 21.0614097744
360 198.760508571 100.000000396 22.498664399
365 198.760508571 100.000001044 25.1776739697
370 198.760508571 100.000002314 29.0734642656
375 198.760508571 100.000004308 33.376581017
380 198.760508571 100.000006744 36.57910101
385 198.760508571 100.000008874 37.2736410334
390 198.760508571 100.000009816 35.1289633068
395 198.760508571 100.000009128 31.1387437326
400 198.760508571 100.000007135 26.8938993589
0 203.729521286 100.00000017 20.0000063032
5 203.729521286 100.000000357 20.0000112689
10 203.729521286 100.000002199 20.0000197808
15 203.729521286 100.000023585 20.0000506019
20 203.729521286 100.000235373 20.0002250723
25 203.729521286 100.001991943 20.0011493739
30 203.729521286 100.014181982 20.0052765484
35 203.729521286 100.084892397 20.0206594441
40 203.729521286 100.427233673 20.0684855468
45 203.729521286 101.807780377 20.1924310671
50 203.729521286 106.431862278 20.4599587729
55 203.729521286 119.243124628 20.9406327234
60 203.729521286 148.418553455 21.6598206629
65 203.729521286 202.473600559 22.5576780688
70 203.729521286 282.459210521 23.4962127958
75 203.729521286 373.397347182 24.3169499377
80 203.729521286 444.875501302 24.8956540542
85 203.729521286 466.435451835 25.1488155041
90 203.729521286 428.187261816 25.0174361101
95 203.729521286 348.033223962 24.4857793171
100 203.729521286 258.456709068 23.6334275384
105 203.729521286 185.836243225 22.6515182134
110 203.729521286 139.740228708 21.7790238394
115 203.729521286 116.359879158 21.2012383331
120 203.729521286 107.838632783 20.9851868013
125 203.729521286 109.104051346 21.0775217566
130 203.729521286 119.872954781 21.3431537692
135 203.729521286 142.863898953 21.6246792798
140 203.729521286 179.294220964 21.806772452
145 203.729521286 223.643268638 21.851328338
150 203.729521286 262.146602796 21.7793233856
155 203.729521286 278.773013824 21.6270849239
160 203.729521286 265.700415 21.4240277489
165 203.729521286 229.111819787 21.1958305296
170 203.729521286 184.572136442 20.9650805585
175 203.729521286 146.570062069 20.7442352748
180 203.729521286 121.557789164 20.5379870452
185 203.729521286 108.389193264 20.3546895955
190 203.729521286 102.744654141 20.2099056221
195 203.729521286 100.756938921 20.1210402193
200 203.729521286 100.19219545 20.1123160513
205 203.729521286 100.154115281 20.2441858148
210 203.729521286 100.691499678 20.6545533295
215 203.729521286 103.291406148 21.5640619332
220 203.729521286 113.269922291 23.1817869208
225 203.729521286 144.98333878 25.5129435097
230 203.729521286 228.185635129 28.2224444639
235 203.729521286 407.063900644 30.7651586758
240 203.729521286 718.329291056 32.7512451734
245 203.729521286 1146.67663664 34.1744210628
250 203.729521286 1589.38471573 35.2139059995
255 203.729521286 1881.57006883 35.8467620229
260 203.729521286 1891.43302106 35.7595186718
265 203.729521286 1614.25806391 34.6436947547
270 203.729521286 1175.97174631 32.5048574602
275 203.729521286 742.692885304 29.7044574107
280 203.729521286 422.706541885 26.7941091981
285 203.729521286 236.211476049 24.3014668368
290 203.729521286 148.330499241 22.5515646287
295 203.729521286 114.415526735 21.5850189335
300 203.729521286 103.614443188 21.2152389509
305 203.729521286 100.761822758 21.1771870005
310 203.729521286 100.134979599 21.2563382412
315 203.729521286 100.02010407 21.3273270966
320 203.729521286 100.002517106 21.3243170288
325 203.729521286 100.000264924 21.2122038052
330 203.729521286 100.000023439 20.9920592096
335 203.729521286 100.000001743 20.7125122325
340 203.729521286 100.000000109 20.4537239768
345 203.729521286 100.000000006 20.3011397514
350 203.729521286 100.000000003 20.355223032
355 203.729521286 100.000000009 20.7864681589
360 203.729521286 100.000000028 21.869279202
365 203.729521286 100.000000074 23.8782106148
370 203.729521286 100.000000164 26.7972788234
375 203.729521286 100.000000306 30.0211016226
380 203.729521286 100.000000478 32.4203180381
385 203.729521286 100.00000063 32.9406513505
390 203.729521286 100.000000696 31.3339630415
395 203.729521286 100.000000648 28.3446702276
400 203.729521286 100.000000506 25.1646183088
0 208.698534 100.000000013 20.0000006887
5 208.698534 100.000000077 20.0000013947
10 208.698534 100.000000944 20.000003903
15 208.698534 100.000011156 20.0000193088
20 208.698534 100.000112269 20.0001147021
25 208.698534 100.000950751 20.0006202465
30 208.698534 100.006769035 20.0028629298
35 208.698534 100.040514891 20.0111675364
40 208.698534 100.203861638 20.0368056463
45 208.698534 100.862381686 20.1027079879
50 208.698534 103.067049437 20.243568852
55 208.698534 109.171031499 20.4936816854
60 208.698534 123.057764852 20.8626430033
65 208.698534 148.747472685 21.3158961323
70 208.698534 186.670057335 21.7821382115
75 208.698534 229.607651551 22.1854910982
80 208.698534 263.050387963 22.4707491107
85 208.698534 272.607529818 22.5994664157
90 208.698534 253.818541456 22.5372518115
95 208.698534 215.453617345 22.2672902078
100 208.698534 173.051265009 21.8252011133
105 208.698534 139.026930882 21.3105965887
110 208.698534 117.695952609 20.8497680337
115 208.698534 107.059231684 20.5375268949
120 208.698534 103.297615948 20.4039350142
125 208.698534 103.975551324 20.4193484773
130 208.698534 108.928732103 20.5201365588
135 208.698534 119.403481719 20.6380819401
140 208.698534 135.981512276 20.7252285821
145 208.698534 156.182722288 20.7641814275
150 208.698534 173.761805167 20.7588324449
155 208.698534 181.411914887 20.7183195816
160 208.698534 175.537001099 20.6508774881
165 208.698534 158.917498044 20.5658579382
170 208.698534 138.63144272 20.4723932677
175 208.698534 121.293611795 20.375471268
180 208.698534 109.866641758 20.277926437
185 208.698534 103.843283904 20.1863195601
190 208.698534 101.258650388 20.1117085396
195 208.698534 100.348135147 20.066107482
200 208.698534 100.094049536 20.0659561959
205 208.698534 100.109878517 20.1503861577
210 208.698534 100.540602674 20.4065801719
215 208.698534 102.581467391 20.9734528058
220 208.698534 110.40863565 21.9852667259
225 208.698534 135.284036701 23.4573051012
230 208.698534 200.546271574 25.2078289318
235 208.698534 340.854838225 26.9388519772
240 208.698534 585.005241789 28.4416167405
245 208.698534 920.992410631 29.6931009046
250 208.698534 1268.24385424 30.6972058162
255 208.698534 1497.42825465 31.2733009307
260 208.698534 1505.16455891 31.1062903886
265 208.698534 1287.7540156 30.0310356085
270 208.698534 943.970914088 28.2184111026
275 208.698534 604.115562277 26.0844562174
280 208.698534 353.124616022 24.0672956833
285 208.698534 206.84158236 22.4690394415
290 208.698534 137.909485786 21.4073181963
295 208.698534 111.307253483 20.83735968
300 208.698534 102.835097606 20.6165474729
305 208.698534 100.597558674 20.5851916784
310 208.698534 100.105875323 20.6241298804
315 208.698534 100.015769234 20.6656572207
320 208.698534 100.001974368 20.6731338363
325 208.698534 100.000207801 20.6248256592
330 208.698534 100.000018385 20.5179397881
335 208.698534 100.000001367 20.3763547861
340 208.698534 100.000000085 20.2433126794
345 208.698534 100.000000005 20.1684018568
350 208.698534 100 20.2149130369
355 208.698534 100.000000001 20.4929859513
360 208.698534 100.000000002 21.1787029301
365 208.698534 100.000000004 22.4473458966
370 208.698534 100.00000001 24.2898380564
375 208.698534 100.000000018 26.3245056397
380 208.698534 100.000000029 27.8387094216
385 208.698534 100.000000038 28.1671049842
390 208.698534 100.000000042 27.1530929832
395 208.698534 100.000000039 25.2664906924
400 208.698534 100.00000003 23.259495854
