x_um,y_um,voltage_v,jx_a_m2,jy_a_m2,jmag_a_m2,joule_w_m3,temperature_k
0.0,0.0,0.0,-0.0,-1118017.8318586443,1118017.8318586443,178002434.66161832,293.15
5.0,0.0,0.0,-0.0,-1714270.3199870433,1714270.3199870433,262394058.863864,293.15
10.0,0.0,0.0,-0.0,-2251894.7950178185,2251894.7950178185,324487316.9507969,293.15
14.999999999999998,0.0,0.0,-0.0,-2565326.2239465797,2565326.2239465797,342430921.0159748,293.15
20.0,0.0,0.0,-0.0,-2580232.9960393324,2580232.9960393324,314057164.9277657,293.15
24.999999999999996,0.0,0.0,-0.0,-2364634.111531825,2364634.111531825,258211567.34702957,293.15
29.999999999999996,0.0,0.0,-0.0,-2067221.8924071866,2067221.8924071866,199845689.5551334,293.15
35.0,0.0,0.0,-0.0,-1806683.5440550146,1806683.5440550146,154152185.39670706,293.15
40.0,0.0,0.0,-0.0,-1623927.0804395971,1623927.0804395971,123860688.65864602,293.15
44.99999999999999,0.0,0.0,-0.0,-1511780.9065886755,1511780.9065886755,105811449.27315561,293.15
49.99999999999999,0.0,0.0,-0.0,-1451128.9647589687,1451128.9647589687,96065375.58117412,293.15
54.99999999999999,0.0,0.0,-0.0,-1417677.223529609,1417677.223529609,91001991.1665086,293.15
59.99999999999999,0.0,0.0,-0.0,-1381485.5616987937,1381485.5616987937,87286566.79659566,293.15
65.0,0.0,0.0,-0.0,-1320444.8551877653,1320444.8551877653,82581342.51415724,293.15
70.0,0.0,0.0,-0.0,-1234660.134142694,1234660.134142694,76336127.25599068,293.15
75.0,0.0,0.0,-0.0,-1142123.9077616492,1142123.9077616492,69449528.7570453,293.15
80.0,0.0,0.0,-0.0,-1064813.3328091966,1064813.3328091966,63321999.78277568,293.15
84.99999999999999,0.0,0.0,-0.0,-1022401.1312955349,1022401.1312955349,59373925.8603852,293.15
89.99999999999999,0.0,0.0,-0.0,-1028737.1672670502,1028737.1672670502,58774212.65409015,293.15
94.99999999999999,0.0,0.0,-0.0,-1084968.8040231105,1084968.8040231105,62032526.37303011,293.15
99.99999999999999,0.0,0.0,-0.0,-1180132.4094591516,1180132.4094591516,68961735.61764367,293.15
104.99999999999999,0.0,0.0,-0.0,-1302271.4662911468,1302271.4662911468,79066386.17002778,293.15
109.99999999999999,0.0,0.0,-0.0,-1440713.8819485686,1440713.8819485686,91450173.49905755,293.15
114.99999999999999,0.0,0.0,-0.0,-1566060.4307496673,1566060.4307496673,103582194.23594448,293.15
119.99999999999999,0.0,0.0,-0.0,-1615105.1399373887,1615105.1399373887,110436468.3720334,293.15
125.0,0.0,0.0,-0.0,-1520718.003168925,1520718.003168925,106659983.33097832,293.15
130.0,0.0,0.0,-0.0,-1269539.0852459068,1269539.0852459068,90812097.71138717,293.15
135.0,0.0,0.0,-0.0,-923622.6830851131,923622.6830851131,67130442.5300213,293.15
140.0,0.0,0.0,-0.0,-580816.4183092228,580816.4183092228,42785703.88277961,293.15
145.0,0.0,0.0,-0.0,-315173.97413362213,315173.97413362213,23475617.661966093,293.15
150.0,0.0,0.0,-0.0,-148506.4701847282,148506.4701847282,11142674.599578295,293.15
155.0,0.0,0.0,-0.0,-62344.511697148526,62344.511697148526,4674130.057722478,293.15
160.0,0.0,0.0,-0.0,-25301.1306441107,25301.1306441107,1862375.528653124,293.15
165.0,0.0,0.0,-0.0,-11977.827531568182,11977.827531568182,844161.6370312615,293.15
169.99999999999997,0.0,0.0,-0.0,-8029.41313235698,8029.41313235698,543658.7659611428,293.15
175.0,0.0,0.0,-0.0,-7559.748195552755,7559.748195552755,522949.70376557007,293.15
179.99999999999997,0.0,0.0,-0.0,-9278.858249157915,9278.858249157915,701560.8568671971,293.15
185.0,0.0,0.0,-0.0,-14979.901642485536,14979.901642485536,1247603.0752269025,293.15
189.99999999999997,0.0,0.0,-0.0,-30879.200282098547,30879.200282098547,2704448.0710239927,293.15
195.0,0.0,0.0,-0.0,-69363.67288581998,69363.67288581998,6094232.236455754,293.15
199.99999999999997,0.0,0.0,-0.0,-147411.18874174327,147411.18874174327,12647742.32636414,293.15
205.0,0.0,0.0,-0.0,-278017.95684496465,278017.95684496465,22974156.15477839,293.15
209.99999999999997,0.0,0.0,-0.0,-454939.5814959058,454939.5814959058,35911791.4377174,293.15
215.0,0.0,0.0,-0.0,-640958.739048662,640958.739048662,48028832.81711999,293.15
219.99999999999997,0.0,0.0,-0.0,-776012.5560786943,776012.5560786943,54850576.76206172,293.15
225.0,0.0,0.0,-0.0,-809730.5067683178,809730.5067683178,53557873.04274274,293.15
229.99999999999997,0.0,0.0,-0.0,-736656.2933468871,736656.2933468871,45077924.48677656,293.15
235.0,0.0,0.0,-0.0,-600547.3944603613,600547.3944603613,33450211.336066406,293.15
239.99999999999997,0.0,0.0,-0.0,-459778.88664563006,459778.88664563006,22844930.138297446,293.15
245.0,0.0,0.0,-0.0,-346899.0802372882,346899.0802372882,15095634.114829682,293.15
250.0,0.0,0.0,-0.0,-260702.0110386525,260702.0110386525,9843479.299836833,293.15
254.99999999999997,0.0,0.0,-0.0,-188292.8747682642,188292.8747682642,6171068.221358838,293.15
260.0,0.0,0.0,-0.0,-124784.8394892343,124784.8394892343,3563851.0792779974,293.15
265.0,0.0,0.0,-0.0,-74870.29386636015,74870.29386636015,1869286.2872064977,293.15
270.0,0.0,0.0,-0.0,-44689.26653585317,44689.26653585317,985373.1022827978,293.15
274.99999999999994,0.0,0.0,-0.0,-35998.431128442826,35998.431128442826,723860.4200450708,293.15
280.0,0.0,0.0,-0.0,-47278.5528417501,47278.5528417501,899591.7086381747,293.15
285.0,0.0,0.0,-0.0,-76900.27947752867,76900.27947752867,1420807.5826704763,293.15
290.0,0.0,0.0,-0.0,-122263.3538191901,122263.3538191901,2225277.8959194054,293.15
294.99999999999994,0.0,0.0,-0.0,-178741.21916117528,178741.21916117528,3225108.5451503177,293.15
300.0,0.0,0.0,-0.0,-240902.97907659708,240902.97907659708,4311307.964311826,293.15
305.0,0.0,0.0,-0.0,-304696.0905387395,304696.0905387395,5386611.502720447,293.15
310.0,0.0,0.0,-0.0,-367766.88989044225,367766.88989044225,6377096.049547996,293.15
314.99999999999994,0.0,0.0,-0.0,-427046.07155076583,427046.07155076583,7206799.416288593,293.15
320.0,0.0,0.0,-0.0,-476055.93463428284,476055.93463428284,7772299.960992111,293.15
325.0,0.0,0.0,-0.0,-505384.3565016421,505384.3565016421,7960651.11973751,293.15
330.0,0.0,0.0,-0.0,-507039.36432707234,507039.36432707234,7705235.790358347,293.15
335.0,0.0,0.0,-0.0,-479385.0551555982,479385.0551555982,7031459.453103194,293.15
339.99999999999994,0.0,0.0,-0.0,-428426.9713866862,428426.9713866862,6054624.608039961,293.15
345.0,0.0,0.0,-0.0,-364679.17730096,364679.17730096,4935296.266420247,293.15
350.0,0.0,0.0,-0.0,-298809.91164856084,298809.91164856084,3828129.291667085,293.15
355.0,0.0,0.0,-0.0,-239200.3602416657,239200.3602416657,2852229.782063046,293.15
359.99999999999994,0.0,0.0,-0.0,-191174.2247804359,191174.2247804359,2077827.4185513183,293.15
365.0,0.0,0.0,-0.0,-156055.103227047,156055.103227047,1515209.4776005764,293.15
370.0,0.0,0.0,-0.0,-130599.03389080196,130599.03389080196,1120033.579695162,293.15
375.0,0.0,0.0,-0.0,-109006.77790914392,109006.77790914392,828428.9795696035,293.15
379.99999999999994,0.0,0.0,-0.0,-86790.77515174633,86790.77515174633,593797.1843225629,293.15
385.0,0.0,0.0,-0.0,-63281.48312696737,63281.48312696737,398180.5387258561,293.15
390.0,0.0,0.0,-0.0,-41071.37115874432,41071.37115874432,242786.27437535868,293.15
395.0,0.0,0.0,-0.0,-23362.863524455362,23362.863524455362,132227.26912756928,293.15
399.99999999999994,0.0,0.0,-0.0,-11635.75301703392,11635.75301703392,64184.99021588988,293.15
0.0,4.969012714285714,0.0007997681629704701,66828.83702339068,-1493989.6844832876,1495483.6243838887,204469883.5358716,293.15904740608886
5.0,4.969012714285714,0.0007688853589491549,127018.78554670446,-2237821.8805981926,2241423.7754529575,297114442.83787256,293.15916817259006
10.0,4.969012714285714,0.0007238299167997376,222331.7318949241,-2875390.7776889927,2883973.5649666255,363972646.1267252,293.1592575624826
14.999999999999998,4.969012714285714,0.0006705285481591019,302753.506209247,-3206845.738162799,3221105.2876140047,381087403.017209,293.1592719209874
20.0,4.969012714285714,0.0006114158330759297,351352.26239145186,-3159021.15262199,3178500.126632176,347014332.61003727,293.1592237961894
24.999999999999996,4.969012714285714,0.0005485278003733872,359084.6607369576,-2835232.642143632,2857881.37064038,283040530.58172417,293.1591477402429
29.999999999999996,4.969012714285714,0.0004856177915252809,329036.33615978196,-2429904.073016103,2452080.4869689126,216780558.4349496,293.15908009488805
35.0,4.969012714285714,0.0004286022996604793,273254.7621995076,-2091995.4175047472,2109766.0988663104,165130544.46750057,293.159048797438
40.0,4.969012714285714,0.00038313679849874793,205251.29820608482,-1869487.2578450206,1880720.7933822016,131290273.58555172,293.1590699326706
44.99999999999999,4.969012714285714,0.00035158529830862136,137707.66690652678,-1748465.8196239423,1753880.3049005547,111795035.0707659,293.15914691763146
49.99999999999999,4.969012714285714,0.00033254297210630877,81691.98974408583,-1698838.3995725724,1700801.4255199363,102059160.21206243,293.1592696453623
54.99999999999999,4.969012714285714,0.00032244855325014294,43538.353130650365,-1683770.6454773222,1684333.4511801538,97695760.86149962,293.1594154320953
59.99999999999999,4.969012714285714,0.0003173861427537506,23898.114193939713,-1660923.997520258,1661095.916977915,94683781.95278351,293.1595539153758
65.0,4.969012714285714,0.0003141583228804387,19114.766378609784,-1600373.9923366816,1600488.141049898,90260467.1855981,293.1596542414741
70.0,4.969012714285714,0.0003105772194519561,23196.01226171142,-1501902.871679034,1502081.9854264196,83770608.17423283,293.1596918369785
75.0,4.969012714285714,0.0003054520051055632,29663.093900307027,-1388173.110779503,1388490.0016316215,76215075.493837,293.15965417670236
80.0,4.969012714285714,0.00029872257292962975,32549.674978873045,-1286755.4669591417,1287167.0882564038,69158188.36885011,293.15954472531683
84.99999999999999,4.969012714285714,0.00029171673504468617,27044.06663357901,-1223121.9365124388,1223420.8814296166,64223576.93073834,293.1593824459926
89.99999999999999,4.969012714285714,0.0002869916683716891,10534.89105377215,-1217801.3415595212,1217846.9080445557,62858695.90319063,293.15919582012555
94.99999999999999,4.969012714285714,0.00028720309614722634,-16062.549017992274,-1278266.122807736,1278367.0389206996,65883783.63805257,293.1590135150785
99.99999999999999,4.969012714285714,0.0002935380099333978,-46912.32749655937,-1397883.449157355,1398670.4057422562,73347345.30656923,293.158855061544
104.99999999999999,4.969012714285714,0.000304984146034788,-72572.98212184051,-1565971.3665609485,1567652.1165816165,84805789.86828306,293.1587250181725
109.99999999999999,4.969012714285714,0.0003188553385110489,-85133.03020040327,-1766815.3373472292,1768865.1924656401,99123223.65628834,293.1586132387981
114.99999999999999,4.969012714285714,0.00033224885267171047,-82388.90257944638,-1954897.848059683,1956633.2123360846,113178499.777156,293.1585013109294
119.99999999999999,4.969012714285714,0.00034347775088787983,-68384.36114196178,-2041779.9398557686,2042924.8012705266,121184190.57753786,293.15837098888056
125.0,4.969012714285714,0.0003523219684959185,-50278.53208466736,-1938805.2250677887,1939457.0455513438,117259762.7562381,293.1582081236161
130.0,4.969012714285714,0.00035932259831811166,-33576.527719862424,-1629176.1872746581,1629522.1484829579,99961217.62011714,293.15800099348064
135.0,4.969012714285714,0.00036509998885695836,-20375.387523481822,-1192588.4041256225,1192762.4482987511,74012748.34623043,293.15773870425903
140.0,4.969012714285714,0.0003700383165394128,-10794.089904855578,-754613.1934665423,754690.389584131,47272386.015728734,293.15741365824
145.0,4.969012714285714,0.00037415674567855547,-4429.771818866902,-411691.2136619094,411715.0450065957,25989114.781991962,293.15702621937476
150.0,4.969012714285714,0.00037690419577134326,-742.0151993851988,-194282.1394197553,194283.5563913564,12334429.916850982,293.1565883761567
155.0,4.969012714285714,0.0003766079334732961,896.4362444617144,-80666.84622352729,80671.82703763801,5134000.443149691,293.1561256082195
160.0,4.969012714285714,0.00036975514608679445,1102.8626304385425,-31290.949968255216,31310.37936367857,1985686.0158467323,293.15567462577735
165.0,4.969012714285714,0.0003540254276441179,627.2375039427758,-13403.482222832894,13418.150490442033,841539.164570413,293.1552726494782
169.99999999999997,4.969012714285714,0.0003401179014216645,84.26704934340194,-8132.474118360687,8132.910685690054,507623.0718646021,293.1549433584225
175.0,4.969012714285714,0.0003474877436326427,-454.3581431567141,-7462.821675762868,7476.640200416824,482968.4899747733,293.15469330067003
179.99999999999997,4.969012714285714,0.00037980240408506044,-987.5260242918011,-9678.582944986696,9728.832174091653,671981.40132962,293.1545196442607
185.0,4.969012714285714,0.00041836406535455023,-1449.530686436352,-17658.035528625354,17717.430906909613,1288390.8227847305,293.1544159576512
189.99999999999997,4.969012714285714,0.00043994613046374905,-1242.7095944819132,-40364.796565083176,40383.92166291887,2982729.448899255,293.15436957258294
195.0,4.969012714285714,0.0004413405362636918,1144.4749390250633,-94547.79792391656,94554.72444646971,6919181.152113777,293.15435772340857
199.99999999999997,4.969012714285714,0.00043099224956279875,7334.986238487245,-201898.6575556904,202031.8537902099,14443826.651160115,293.15435092182713
205.0,4.969012714285714,0.0004151008483705907,18576.127949219288,-376863.58070154896,377321.1244931546,26131278.151764404,293.15432171281867
209.99999999999997,4.969012714285714,0.00039652470084119886,34899.28051447452,-606972.6928444788,607975.1718938085,40538622.573283225,293.15425172326997
215.0,4.969012714285714,0.0003764080121505674,54097.0129255967,-840325.1147708734,842064.5968820645,53765020.532168,293.1541343688372
219.99999999999997,4.969012714285714,0.000355058038924975,72031.34716803506,-999758.4955778011,1002350.0209282335,60922035.27604224,293.15397394649614
225.0,4.969012714285714,0.0003322536184995271,84498.4452436039,-1025504.1367009503,1028979.456373813,59088077.672545366,293.15378187241816
229.99999999999997,4.969012714285714,0.0003073872913345385,89027.08184358325,-916755.6351952879,921068.2471803596,49450351.703936964,293.15357191957816
235.0,4.969012714285714,0.0002797940525143924,85296.75104838447,-732840.8488285155,737788.0762462275,36485406.22047277,293.15335688891656
239.99999999999997,4.969012714285714,0.0002495903038295174,75015.14960241801,-548446.8658453382,553553.2831855011,24729540.48652479,293.1531472670348
245.0,4.969012714285714,0.00021859242714725478,61285.38012595392,-404325.586063761,408943.85600346955,16175265.7634482,293.15295093749046
250.0,4.969012714285714,0.000189666727410511,46658.603771025286,-298310.27825586643,301937.1580626571,10429481.03698192,293.15277304923336
254.99999999999997,4.969012714285714,0.00016463166150251232,32777.38797569978,-212873.5502378663,215382.23128518037,6468312.34302121,293.15261560027704
260.0,4.969012714285714,0.00014346455749524527,21036.54273263725,-139988.62941301812,141560.41994525658,3695313.717528383,293.15247755209657
265.0,4.969012714285714,0.00012541606836140347,12108.609580732103,-83778.02330064,84648.54171302171,1914394.0288417921,293.1523566031432
270.0,4.969012714285714,0.00011076036443932838,6359.81069432448,-51091.1848048545,51485.496567785376,1006311.3589515495,293.15225181006986
274.99999999999994,4.969012714285714,0.00010100855454948696,3866.448414581745,-44250.13712141846,44418.73544583364,766263.9095827932,293.1521646728555
280.0,4.969012714285714,9.558025151869007e-05,3161.7549447489323,-61975.67286967463,62056.27060966175,987801.2667305315,293.15209704438826
285.0,4.969012714285714,9.28098878312261e-05,2773.825171036835,-103168.37489538743,103205.6572317365,1577578.612157129,293.1520474728664
290.0,4.969012714285714,9.14270798896648e-05,2370.2870123102025,-165383.17371323516,165400.15842792546,2480560.432826519,293.15201023472576
294.99999999999994,4.969012714285714,9.063720817328198e-05,2474.5734381211605,-243022.90855806155,243035.50686622027,3608545.8366177822,293.1519781437428
300.0,4.969012714285714,8.989877532668065e-05,4045.346895938845,-328641.8841122034,328666.78083482577,4840592.556363967,293.15194554298796
305.0,4.969012714285714,8.880464283759737e-05,7886.909579104995,-415572.9712099513,415647.80492981797,6056215.084946581,293.1519090711415
310.0,4.969012714285714,8.710382585080614e-05,13879.919490310422,-498677.0693557924,498870.1952074701,7151801.232626039,293.1518672097399
314.99999999999994,4.969012714285714,8.477242433069454e-05,20594.8586805604,-572610.0509124416,572980.2951324078,8028975.467763695,293.15182021145773
320.0,4.969012714285714,8.201220137670005e-05,25871.791252339244,-630015.746408972,630546.7391921544,8585035.12413712,293.15177030463923
325.0,4.969012714285714,7.912499508808967e-05,28244.419147198703,-662130.7747623322,662732.9100779054,8730956.182153672,293.15172098229004
330.0,4.969012714285714,7.63363087199042e-05,28064.71590066391,-662034.0988545697,662628.6866147339,8427212.524839822,293.1516752208983
335.0,4.969012714285714,7.367970624775232e-05,27134.78008106306,-628298.3766269119,628884.048423921,7708151.028755573,293.1516339085323
339.99999999999994,4.969012714285714,7.099002312013844e-05,27125.432914635567,-566219.437124832,566868.80324178,6677727.1682639625,293.1515956421976
345.0,4.969012714285714,6.798125250583392e-05,28371.10931292149,-485941.8815376758,486769.38284573966,5481919.623900878,293.15155782182
350.0,4.969012714285714,6.435443738721572e-05,29999.451147217387,-399328.8837168289,400454.14773687004,4274466.781882867,293.151518017021
355.0,4.969012714285714,5.989762198783624e-05,30801.927232728736,-317458.16770358454,318948.9723497593,3187816.1668716897,293.15147470859705
359.99999999999994,4.969012714285714,5.459678063618192e-05,29907.626323733675,-248717.79806644024,250509.4991958162,2309008.7091786633,293.1514275063515
365.0,4.969012714285714,4.877323954320887e-05,27041.945724109934,-196708.11487721113,198558.17607716838,1660899.5639636219,293.15137740374
370.0,4.969012714285714,4.3080226591627854e-05,22428.82881216439,-158991.314895296,160565.53358059304,1204981.2618587632,293.15132674217693
375.0,4.969012714285714,3.8175846850596666e-05,16666.59646291528,-129067.53201718253,130139.16881040887,875774.9643807183,293.1512781422067
379.99999999999994,4.969012714285714,3.436777895851441e-05,10811.453963762218,-101032.4527449812,101609.27144939781,620470.6087137922,293.1512329723962
385.0,4.969012714285714,3.160750973829198e-05,6000.46222033046,-73073.11781575256,73319.07046718792,414171.9869452658,293.1511908527745
390.0,4.969012714285714,2.969421362541142e-05,2791.5260100622027,-47304.1567801124,47386.452348137514,252808.75096179766,293.15115091542725
395.0,4.969012714285714,2.843032709242683e-05,1029.3415739472537,-26899.047571808034,26918.735192171418,138219.7167616812,293.1511145088581
399.99999999999994,4.969012714285714,2.7709321065632944e-05,379.34581230960316,-13366.841695807818,13372.223456333028,67239.43495866541,293.15108846372834
0.0,9.938025428571429,0.0013722414077509122,126709.9023046481,-1581336.7667583039,1586405.171840933,167590384.61095214,293.16698871709474
5.0,9.938025428571429,0.0013295914882588177,240258.6095241133,-2330644.962615833,2342995.975501669,244299529.88761884,293.16708439285424
10.0,9.938025428571429,0.001264153951287459,424212.892036164,-2954913.6457790285,2985208.7417433304,303911870.4253873,293.1671309119528
14.999999999999998,9.938025428571429,0.0011833404666205163,579964.596278108,-3252290.7637006044,3303597.152285413,323967893.1464167,293.1670832654046
20.0,9.938025428571429,0.0010901151512801386,673657.2518051368,-3157508.7712236755,3228571.7791717276,300351735.28758794,293.1669563052962
24.999999999999996,9.938025428571429,0.0009871106338045878,688151.5797631674,-2785111.31561177,2868866.9605053607,248408364.59903094,293.166792337988
29.999999999999996,9.938025428571429,0.0008801504440510582,631151.1007196733,-2339239.9788492746,2422889.8841231745,190816022.263457,293.1666421089029
35.0,9.938025428571429,0.0007797159496145228,527856.4556149619,-1976080.8634396736,2045367.4527054732,143474044.97392654,293.166552999829
40.0,9.938025428571429,0.0006971453031735055,403479.1352620702,-1746994.5836378688,1792982.2887725015,111375134.11881192,293.16655961279264
44.99999999999999,9.938025428571429,0.0006384055534393659,278503.47110762785,-1636674.3961665176,1660200.9705111103,92986250.97491784,293.1666753991103
49.99999999999999,9.938025428571429,0.0006021625365423481,171236.74748712577,-1609737.2794963918,1618819.3638236523,84584997.20161442,293.1668868395874
54.99999999999999,9.938025428571429,0.0005825314818550406,94333.35173188648,-1622167.3513974636,1624907.9042176004,81844281.51141822,293.16715356796414
59.99999999999999,9.938025428571429,0.0005726019603379115,51871.94389422119,-1624986.3295404639,1625814.0329560312,80605540.87197681,293.16741616070783
65.0,9.938025428571429,0.0005665405977354814,39405.47747604492,-1583629.103181247,1584119.290993502,77962707.44495851,293.16760955649653
70.0,9.938025428571429,0.0005602258397257524,46091.30317890688,-1495495.098093719,1496205.1987114174,73053000.34301934,293.1676798402593
75.0,9.938025428571429,0.0005513354194113671,58589.67093070955,-1382641.3955975454,1383882.212603261,66632556.26949415,293.16760190999423
80.0,9.938025428571429,0.0005396183035581465,64425.249875143316,-1273235.9407719378,1274864.8452659114,60066158.90049701,293.1673893281057
84.99999999999999,9.938025428571429,0.0005272655090433496,54392.63018633231,-1194857.3384706657,1196094.7360120728,54869379.57938972,293.1670875181761
89.99999999999999,9.938025428571429,0.0005185293153951839,24692.15011194482,-1172557.1258444116,1172817.085331578,52529918.33180418,293.16675434446995
94.99999999999999,9.938025428571429,0.000517732678834459,-21878.235789953033,-1220493.2034412709,1220689.279402263,54052441.86515893,293.1664394704087
99.99999999999999,9.938025428571429,0.0005265522665437084,-75056.47467157856,-1338268.8754189918,1340371.984676395,59611964.23136434,293.16616949876106
104.99999999999999,9.938025428571429,0.0005429087351931112,-119432.9398433754,-1516707.6454767995,1521402.7438411594,68596742.17079653,293.1659423770075
109.99999999999999,9.938025428571429,0.0005623335582435262,-141928.90198879217,-1734360.8569051658,1740158.4396785728,79573715.0978451,293.16573370779713
114.99999999999999,9.938025428571429,0.0005806120630872285,-138341.44357923852,-1936375.4300595059,1941310.9388116382,89690905.09036972,293.16551270283355
119.99999999999999,9.938025428571429,0.0005956169286433339,-114999.3526081805,-2029325.6889112962,2032581.511963446,94525922.95233898,293.1652565407539
125.0,9.938025428571429,0.0006072111771472368,-83971.93382692937,-1927022.3510650506,1928851.064020991,90050326.07573263,293.1649520681822
130.0,9.938025428571429,0.0006161634756688852,-55119.61255268765,-1617778.2280220345,1618716.9507823386,75716475.58815967,293.1645885430226
135.0,9.938025428571429,0.000623312868932887,-32710.740026625903,-1183604.240292951,1184056.160050081,55409207.29328937,293.1641537913457
140.0,9.938025428571429,0.0006292325399798655,-17162.239861236434,-749120.8551165801,749317.4214227578,35045625.65086663,293.1636382335844
145.0,9.938025428571429,0.0006341419827151656,-7436.096834462712,-409117.4188162107,409184.99228951475,19122323.213878635,293.1630413338678
150.0,9.938025428571429,0.0006378179904985823,-2122.0704703744773,-193383.6037698113,193395.24655502941,9042611.224052921,293.1623754250719
155.0,9.938025428571429,0.0006393285362172858,180.50923516999146,-80407.99511609324,80408.19772991841,3780848.0330514763,293.16166790243676
160.0,9.938025428571429,0.0006367508913247429,637.2379347698717,-31070.852178632424,31077.386107778384,1489215.7527368471,293.16096127297516
165.0,9.938025428571429,0.0006293953845285243,250.08023836522614,-12981.626369866523,12984.034940357897,648171.2793503853,293.16030404085654
169.99999999999997,9.938025428571429,0.0006270308838533746,-259.92497579687563,-7549.043941117075,7553.517420245976,399141.4752060912,293.1597333829712
175.0,9.938025428571429,0.0006477774027301179,-774.2655694898274,-6858.204721411641,6901.772176252294,385297.95533226954,293.15926627406674
179.99999999999997,9.938025428571429,0.0006903423257545379,-1304.1589333314007,-9262.552741889443,9353.914358153583,533221.3395170311,293.1589056289244
185.0,9.938025428571429,0.0007281241047915414,-1647.1230317862214,-17913.6798708259,17989.24514248093,997743.4596598066,293.15864670400777
189.99999999999997,9.938025428571429,0.0007416799587881199,-544.6877786939986,-42003.17369518144,42006.70524147116,2240982.4216625616,293.15847362599254
195.0,9.938025428571429,0.0007351171386973865,4488.177788797717,-98575.68563881001,98677.80671977541,5128648.405683971,293.1583549712138
199.99999999999997,9.938025428571429,0.0007177825509745691,16373.545082835075,-209476.46014819763,210115.39766232998,10719405.33436984,293.1582496575468
205.0,9.938025428571429,0.000694927468166676,37723.35931261818,-388296.1399722834,390124.26758047746,19556741.661301903,293.15811939386367
209.99999999999997,9.938025428571429,0.0006687801095461539,68806.13565577225,-620286.657283864,624091.1964675277,30679874.06789355,293.1579378717393
215.0,9.938025428571429,0.0006401374532180747,105499.28982697931,-851036.5008158296,857550.7132962157,41190890.768335424,293.1576941663321
219.99999999999997,9.938025428571429,0.0006090424935621557,139786.92620107523,-1002974.5535992368,1012668.919195377,47295667.842909686,293.1573916216581
225.0,9.938025428571429,0.0005749641478274958,163288.62930369846,-1018915.3596387737,1031916.5114328252,46567612.072766855,293.1570428323838
229.99999999999997,9.938025428571429,0.0005368540662311573,171002.62553503338,-901474.2730510483,917549.869441869,39676613.60848129,293.15666324938144
235.0,9.938025428571429,0.0004934946924918574,162531.2407031836,-711475.1428428693,729803.5921313333,29878725.63554809,293.15626757537893
239.99999999999997,9.938025428571429,0.00044468106697850303,141762.37126416998,-523325.6540774674,542186.6008322682,20636373.19417945,293.155870199274
245.0,9.938025428571429,0.00039289108066498557,115253.64671239897,-377801.497676743,394990.3476381373,13634723.414505329,293.15548660102576
250.0,9.938025428571429,0.0003428583141728926,88017.6637216342,-273237.35270477075,287064.03473811544,8769464.789877407,293.15513184123506
254.99999999999997,9.938025428571429,0.00029820150988670436,62640.24874592667,-191809.70656563886,201778.99864888826,5369566.433957029,293.15481632801357
260.0,9.938025428571429,0.000259344645845994,41352.17893855535,-124263.65575813728,130963.57831604611,3008516.629974644,293.1545432675993
265.0,9.938025428571429,0.0002248740668737803,25349.75282861072,-73347.76079802129,77604.7935539771,1515425.6382275089,293.15431058440436
270.0,9.938025428571429,0.00019486122697179133,15238.317937909324,-45076.45361505576,47582.48631678554,767494.0446111815,293.15411528549413
274.99999999999994,9.938025428571429,0.00017265434266427863,11179.1799162084,-40987.37452948077,42484.57289909934,561379.9028477176,293.1539560588778
280.0,9.938025428571429,0.00015971157047195802,9943.393054945365,-59278.16742920299,60106.340757109465,687927.8716834551,293.15383157629986
285.0,9.938025428571429,0.00015351382294323814,8370.025575156436,-99418.40447101189,99770.11815012795,1065313.1748521952,293.1537365312598
290.0,9.938025428571429,0.00015065591477927986,6649.91580218721,-160119.30044308814,160257.3297997945,1662720.3988453657,293.1536607347295
294.99999999999994,9.938025428571429,0.00014916154764236974,6185.356850746553,-236962.20427362467,237042.91783047665,2427973.3779029422,293.15359265461456
300.0,9.938025428571429,0.00014795400088959423,8825.487685265287,-323176.6609142501,323297.1441144616,3285178.4882373833,293.15352327181404
305.0,9.938025428571429,0.00014635733631730924,16101.140337512754,-411703.2221500639,412017.9484548133,4153475.7398101203,293.15344741659743
310.0,9.938025428571429,0.00014397152794028102,27921.002177748036,-495872.28623691923,496657.7358910651,4954612.110849359,293.15336339751576
314.99999999999994,9.938025428571429,0.0001406878586961575,41889.667564085976,-568640.581941777,570181.4234782754,5604892.088567115,293.1532725155398
320.0,9.938025428571429,0.00013667082238429432,54249.03037995647,-622364.9308882372,624724.791005356,6015728.417898518,293.15317865718254
325.0,9.938025428571429,0.00013223469045392513,62160.40464854625,-650060.9100725543,653026.1118136307,6117791.8987479955,293.1530870710139
330.0,9.938025428571429,0.00012765585353835922,65468.945985737366,-647300.2416412019,650602.6327315635,5890393.939334704,293.1530021557985
335.0,9.938025428571429,0.0001230245797853376,66262.2262461199,-613689.0692588387,617255.9893228025,5370951.388625183,293.1529255115694
339.99999999999994,9.938025428571429,0.00011821299657655807,66705.94197209468,-553491.054329421,557496.2151594202,4643191.708753394,293.1528556095856
345.0,9.938025428571429,0.00011295029829049095,67338.49286323515,-475175.3679845645,479923.0177438443,3815540.438002829,293.15278905057113
350.0,9.938025428571429,0.0001069360094444178,67171.33492178709,-389757.90023224545,395503.7408528823,2996216.0384635273,293.15272215580916
355.0,9.938025428571429,9.994343114681354e-05,64856.91136489797,-308287.92090473836,315036.28541417327,2270103.5682214336,293.1526519310979
359.99999999999994,9.938025428571429,9.193924501232475e-05,59607.11273829756,-239213.60726222687,246528.20891006172,1683257.2599119633,293.15257672934064
365.0,9.938025428571429,8.325436127264426e-05,51511.63082634175,-186269.74612873959,193261.13534090194,1239615.4558312595,293.152497215577
370.0,9.938025428571429,7.465620956202532e-05,41318.41437407062,-147723.09490029165,153392.71212579813,912710.3611150933,293.15241683441
375.0,9.938025428571429,6.705178902264813e-05,30071.330979672188,-118064.68430851874,121834.12751671505,666787.5710045213,293.1523404235267
379.99999999999994,9.938025428571429,6.1000350582443994e-05,19251.319592076536,-91781.41985979328,93778.68807738743,474041.2289256059,293.15227159280454
385.0,9.938025428571429,5.656155673015636e-05,10523.822663609857,-66541.63493519643,67368.68726124967,319726.20521996834,293.1522112104876
390.0,9.938025428571429,5.350568297465694e-05,4765.712533643553,-43492.09545136277,43752.42144960411,199194.78481552287,293.15215841646057
395.0,9.938025428571429,5.154831772142389e-05,1678.1279837491961,-25067.26533597103,25123.373677788917,111954.62612916484,293.1521138450205
399.99999999999994,9.938025428571429,5.0496642708775034e-05,592.6084464160976,-12601.623979267553,12615.550391703673,55877.803681273166,293.15208384133956
0.0,14.907038142857141,0.0018577108175111723,169272.9280474141,-1741047.0541929659,1749256.4617813334,167419841.13581368,293.1740594777648
5.0,14.907038142857141,0.0018108969788100835,318457.7286272417,-2513959.4314314267,2534049.5945828375,242272753.701336,293.17410400067627
10.0,14.907038142857141,0.001736248114984257,562656.8860112167,-3126717.7487879633,3176939.825045717,302455210.73145914,293.17408739494067
14.999999999999998,14.907038142857141,0.0016404444207353463,768250.5024557903,-3373216.091540322,3459594.7211704063,324834096.4517649,293.17397252797446
20.0,14.907038142857141,0.0015254674345340472,889599.1354502334,-3201970.629426779,3323251.801098666,303827083.3814741,293.17377019937373
24.999999999999996,14.907038142857141,0.0013930379062341226,904551.6068468535,-2749108.6514463914,2894099.5122674378,252754726.22674933,293.17352064701606
29.999999999999996,14.907038142857141,0.0012495224491547888,825168.0885529997,-2236832.8395571206,2384181.94072671,193242110.17091942,293.17328306183595
35.0,14.907038142857141,0.0011094535959268249,688058.0073318521,-1832138.567339129,1957078.3201969601,142248008.7002276,293.17312426681474
40.0,14.907038142857141,0.0009911943617280402,527159.2097751196,-1590000.2952777199,1675111.271359,106963191.52041756,293.173101167721
44.99999999999999,14.907038142857141,0.00090630883753102,365212.6191104503,-1492788.5979205845,1536814.255282407,87418241.9672211,293.17324133129955
49.99999999999999,14.907038142857141,0.000854540510825409,222810.99629711246,-1498708.7375732386,1515180.7219435186,80197179.34626134,293.17352977189495
54.99999999999999,14.907038142857141,0.0008276253440463778,117731.72244735683,-1554438.2147827074,1558890.2854425875,80273530.28574541,293.1739075599231
59.99999999999999,14.907038142857141,0.0008152261199503741,59084.28794965585,-1600293.6022478975,1601383.953484632,82336275.17474982,293.1742838269133
65.0,14.907038142857141,0.0008084479730944637,43723.86161309268,-1591955.7259122527,1592556.0616000833,82360410.44690518,293.17455828818777
70.0,14.907038142857141,0.0008008724040451287,57292.14377007671,-1520718.583364871,1521797.423946115,78764637.00439408,293.17465016481515
75.0,14.907038142857141,0.0007887496411578859,80117.75152891275,-1407165.0563141322,1409443.986053225,72121075.17552708,293.17452662319926
80.0,14.907038142857141,0.0007714680194127407,93478.54397508892,-1281734.1116304356,1285138.34706648,64030376.00844846,293.17421527103807
84.99999999999999,14.907038142857141,0.0007521130533942708,84378.46802819023,-1177587.1356455632,1180606.2798006397,56531062.24338098,293.1737891301879
89.99999999999999,14.907038142857141,0.0007368720586379161,49026.53119036015,-1128512.9728450424,1129577.412415862,51791700.09000257,293.17333346414694
94.99999999999999,14.907038142857141,0.0007319954553544281,-7176.417496840349,-1158721.3731983153,1158743.596174183,51396410.01080592,293.17291368887606
99.99999999999999,14.907038142857141,0.0007396491014757345,-71179.15208773917,-1275591.6028544782,1277575.9895069983,55727643.505769074,293.1725560326938
104.99999999999999,14.907038142857141,0.0007565632853682662,-125060.19476636566,-1470878.4934748583,1476185.4879661533,63917300.772714265,293.17224558771727
109.99999999999999,14.907038142857141,0.0007767318960884902,-153186.3740670141,-1714732.673733307,1721561.5607838065,74005106.05718614,293.1719424852998
114.99999999999999,14.907038142857141,0.0007952314446941975,-150097.18896274347,-1939251.6314650578,1945051.6847308727,82816558.15131272,293.17160788268035
119.99999999999999,14.907038142857141,0.0008099476592896093,-123388.29201030891,-2042911.27262123,2046634.0997863088,86231658.4805975,293.17122115786844
125.0,14.907038142857141,0.0008209103834578871,-87730.56629290452,-1940774.994733815,1942756.8639554754,81010650.4654485,293.1707768762988
130.0,14.907038142857141,0.0008289835384687545,-55211.73799319232,-1627282.8991794633,1628219.2634820866,67207354.07050797,293.1702718799395
135.0,14.907038142857141,0.0008350598227667501,-31129.17474150969,-1189097.0962672278,1189504.489218616,48600876.74504604,293.16969928368616
140.0,14.907038142857141,0.0008397928076502709,-15679.096869373285,-752120.8073374543,752284.2168413367,30426979.101855252,293.1690527159834
145.0,14.907038142857141,0.0008435816508904769,-6927.194920768842,-410706.98793447233,410765.40259335027,16459098.074188067,293.1683327726575
150.0,14.907038142857141,0.0008466239371495615,-2614.9416862305793,-194114.32362463666,194131.9359514878,7727965.196938312,293.1675498399092
155.0,14.907038142857141,0.0008490022836666598,-891.3408316832933,-80587.31943368683,80592.2486470337,3212353.8103889883,293.16672512964146
160.0,14.907038142857141,0.0008510804731511636,-485.58603792598234,-30902.56472088036,30906.37960241264,1257071.205034135,293.16589139854517
165.0,14.907038142857141,0.0008554624930196069,-569.7869523903646,-12609.33099061882,12622.198112931617,542142.8493075743,293.1650880523289
169.99999999999997,14.907038142857141,0.0008706812390149221,-744.8870333494206,-7073.539705951357,7112.652154022613,331497.8440223689,293.164349113085
175.0,14.907038142857141,0.0009048054048344488,-987.4915946292768,-6388.316701538981,6464.188265252286,319093.5237449339,293.16369554541734
179.99999999999997,14.907038142857141,0.0009469137449700416,-1267.1811905756115,-9046.154774236602,9134.476688305263,445736.29892612505,293.16313861665105
185.0,14.907038142857141,0.0009732384977161497,-1156.4227601916157,-18583.143841405614,18619.090972189286,858563.5951328886,293.16268351625337
189.99999999999997,14.907038142857141,0.000975866436561845,1037.128473876033,-44948.839224634,44960.80274098006,1982473.9768414937,293.16232368499004
195.0,14.907038142857141,0.0009629562341618739,8275.798897835679,-106253.60843493696,106575.41063886325,4601135.025604339,293.1620339830731
199.99999999999997,14.907038142857141,0.0009419759604977873,24381.961367982818,-224937.12990151165,226254.707019499,9675472.799070051,293.1617752732048
205.0,14.907038142857141,0.0009163694877398754,52913.945003726076,-413312.5425468028,416685.9049720305,17716238.047066506,293.1615074519342
209.99999999999997,14.907038142857141,0.0008873950444379853,94212.48929802551,-652641.9191795358,659406.9060982591,27876282.32913055,293.1612000014295
215.0,14.907038142857141,0.0008553100019613137,142671.21230515413,-883471.6730054176,894917.4664870575,37545341.8471768,293.1608364004528
219.99999999999997,14.907038142857141,0.0008197800156566572,187431.98488386738,-1026032.8085206514,1043012.0196422868,43287189.15063113,293.16041357403503
225.0,14.907038142857141,0.0007799152259282203,217181.29144555455,-1026128.3081891913,1048859.8658644399,42877310.06994694,293.15993741025056
229.99999999999997,14.907038142857141,0.0007342079925871051,225380.5403126943,-892209.2226263797,920235.6681259484,36847058.53085896,293.15941726265123
235.0,14.907038142857141,0.000680777738719383,212005.39011714328,-689275.9416223937,721143.2653350924,28034292.670938764,293.15886424820496
239.99999999999997,14.907038142857141,0.0006186738905161328,182793.85918278547,-492834.3871889436,525641.8249633848,19509293.439615887,293.15829451164814
245.0,14.907038142857141,0.0005502988931024231,147053.8633119197,-343684.27879516943,373823.11620058556,12867018.201090194,293.15773188153105
250.0,14.907038142857141,0.00048179425545713474,111884.66154042924,-240198.6981115908,264978.4747154371,8164811.325142198,293.157203636921
254.99999999999997,14.907038142857141,0.0004187726831031989,80229.6061709982,-163816.37857027355,182407.77284488908,4896006.887414034,293.1567312936436
260.0,14.907038142857141,0.0003624485514450049,54210.9423561738,-103522.22071584211,116857.50490697603,2689491.438423249,293.15632451692437
265.0,14.907038142857141,0.00031083808066330754,34876.83689577762,-59980.38767598212,69383.28802828374,1340460.8184704466,293.1559825585195
270.0,14.907038142857141,0.0002642741522065179,23033.418246095884,-37591.029904421564,44086.5499373074,682422.8818056689,293.1557002799516
274.99999999999994,14.907038142857141,0.0002290826636081775,18987.53057803105,-36735.90209167078,41352.78491154478,492605.8368671071,293.155472690998
280.0,14.907038142857141,0.00020898049618928616,17600.90605769162,-55836.6348752507,58545.03982613512,565897.5078061257,293.15529437054784
285.0,14.907038142857141,0.0001997055321625163,14644.734174582045,-95461.93882690468,96578.72438397528,844692.859067718,293.15515592274556
290.0,14.907038142857141,0.00019557341690693033,11359.674751921262,-155762.1525026019,156175.8315576173,1316636.5225680345,293.15504325785
294.99999999999994,14.907038142857141,0.00019350654220824618,10100.88136415404,-233783.8324165654,234001.9403844965,1943806.3155535406,293.1549412931748
300.0,14.907038142857141,0.00019194856612380783,13620.698168286044,-323442.3561626876,323729.02430684585,2665318.720345261,293.15483817699874
305.0,14.907038142857141,0.000190004655967165,24184.373732638767,-416761.80937428545,417462.92013275647,3407163.746812832,293.15472719442465
310.0,14.907038142857141,0.0001871687759721015,41812.91275632603,-504599.05572265806,506328.4770871241,4088712.5561183062,293.1546066010497
314.99999999999994,14.907038142857141,0.00018326327165043565,63350.22988328202,-577359.0011000009,580824.1280951193,4624927.91428853,293.154478561888
320.0,14.907038142857141,0.0001783890561554087,83681.94450204632,-626871.2701558401,632432.0178346758,4938810.245971961,293.15434790453884
325.0,14.907038142857141,0.00017281743576895,98606.3990142256,-648374.598389723,655829.8878242645,4985965.172911919,293.154220590337
330.0,14.907038142857141,0.00016683355667985062,106952.05245762273,-640650.2071630358,649516.304231802,4769857.026815691,293.1541017109407
335.0,14.907038142857141,0.0001605929341586631,110158.38241423745,-604846.5755693958,614796.1037564782,4334454.710839224,293.1539936854016
339.99999999999994,14.907038142857141,0.00015406309499868317,110132.07335480781,-544347.9013529136,555377.0892724601,3747981.146402986,293.15389578002134
345.0,14.907038142857141,0.00014706435819313108,107608.1012030057,-465919.0017870979,478184.08554739883,3090913.1972663775,293.1538050633908
350.0,14.907038142857141,0.0001393583217416051,102201.47614893941,-379742.91607800697,393255.4183205242,2443378.817754557,293.1537177037808
355.0,14.907038142857141,0.00013074078109905895,93413.68927350173,-296996.48473300855,311340.6964844951,1868220.201664063,293.15362983425837
359.99999999999994,14.907038142857141,0.00012115781018040146,81350.27658612198,-226414.9758344597,240585.96962989657,1397667.7779235027,293.1535384899449
365.0,14.907038142857141,0.00011088261289240129,66871.77036457766,-171977.08140222356,184520.8665688513,1032919.8996660982,293.1534431997615
370.0,14.907038142857141,0.00010064924459317637,51303.64287384585,-132567.848330364,142148.85923942376,756765.2607217446,293.15334719828184
375.0,14.907038142857141,9.145857907289284e-05,35953.80270869103,-103569.9281857597,109633.05137420421,548245.5128744232,293.15325645657174
379.99999999999994,14.907038142857141,8.40704212112742e-05,22215.610199333343,-79821.39119593032,82855.2220984439,389933.34279744077,293.15317665769214
385.0,14.907038142857141,7.87022521906583e-05,11601.758314992328,-58318.39906614336,59461.21816476219,268560.4565906106,293.15311061582537
390.0,14.907038142857141,7.51617061614924e-05,4877.491399087999,-38933.57066534884,39237.90064595568,174937.58634213588,293.1530582619295
395.0,14.907038142857141,7.309971294047292e-05,1524.154184579616,-23097.347216954688,23147.5807470011,104412.6468717599,293.15301907718094
399.99999999999994,14.907038142857141,7.215917457850933e-05,481.5801286979286,-11923.332117907461,11933.053599740526,55020.47584746035,293.15299551524845
0.0,19.876050857142857,0.0023292753831321744,184993.86462152813,-1937704.825054145,1946515.5326854503,189549841.03864685,293.18054030367875
5.0,19.876050857142857,0.002282496289970697,345117.2593393057,-2742242.168873802,2763873.7372469762,271014200.3169552,293.18055010345415
10.0,19.876050857142857,0.0022054986205180113,608559.4173347603,-3341156.7613735003,3396126.185597155,336334941.3304901,293.18049492426996
14.999999999999998,19.876050857142857,0.002103095591232091,828359.5863125481,-3523989.820433049,3620039.2067975793,360559472.130193,293.1803418866242
20.0,19.876050857142857,0.001975096721039501,954834.1662628165,-3258569.6191370445,3395583.0497612264,337482610.57689387,293.18009403623654
24.999999999999996,19.876050857142857,0.0018205637313527508,964342.0746419503,-2709862.5968853277,2876336.3730486794,280889167.12319624,293.17978537267715
29.999999999999996,19.876050857142857,0.001644115349514426,870597.0924526533,-2121815.255085189,2293477.550380478,213510331.25790134,293.1794800080924
35.0,19.876050857142857,0.0014633205800717115,716787.0701762645,-1671372.1558595914,1818589.7248567669,154291465.2749976,293.17926313047093
40.0,19.876050857142857,0.0013060665547127688,542214.2245964861,-1415125.4965263421,1515445.9529371858,113045318.16761921,293.17921594641376
44.99999999999999,19.876050857142857,0.0011935097521636009,367287.61064363725,-1332989.5749786466,1382664.5999424679,91613527.22948925,293.1793830426936
49.99999999999999,19.876050857142857,0.0011281366331347268,210474.13649774197,-1378650.1066552612,1394623.7767638387,86948842.75029346,293.1797484468204
54.99999999999999,19.876050857142857,0.0010983912059413434,93382.31888335243,-1490336.2753051,1493259.01000808,92913681.19177097,293.18023214443053
59.99999999999999,19.876050857142857,0.0010888005760854563,30825.318415090373,-1594904.8827640617,1595202.7411335642,101915560.8234227,293.18071024927116
65.0,19.876050857142857,0.0010859106742521117,22021.70593904794,-1632982.4746151473,1633130.9555368412,107318224.20299453,293.1810512556166
70.0,19.876050857142857,0.0010798428205297098,50191.030135236055,-1585241.6656708007,1586036.026729775,105727688.1733238,293.1811559774176
75.0,19.876050857142857,0.0010645848639838588,90293.57134189155,-1469307.5295497717,1472079.327148278,97321569.33951361,293.1809896833602
80.0,19.876050857142857,0.001038848820378561,118044.8864704044,-1319549.4233649692,1324818.9596788813,84555244.84034607,293.1805927405486
84.99999999999999,19.876050857142857,0.0010070949773124092,117274.47610090842,-1178778.6651012087,1184598.009470947,71153912.22578539,293.18006062886263
89.99999999999999,19.876050857142857,0.0009787346192734712,85235.17416453682,-1094208.6528104295,1097523.3987483245,61164892.50249277,293.1795014438448
94.99999999999999,19.876050857142857,0.0009633417305943791,30711.542231804877,-1102473.2295670428,1102900.9115683245,57335932.45766882,293.1789919240586
99.99999999999999,19.876050857142857,0.0009641003074007015,-31761.90830218178,-1217974.5414738408,1218388.6089821297,60140614.18444464,293.17855245912494
104.99999999999999,19.876050857142857,0.0009763500016646814,-84816.06028930779,-1431599.7523570934,1434110.042859993,68105652.94233897,293.1781517507245
109.99999999999999,19.876050857142857,0.0009924934258398995,-113117.24815381775,-1703666.7873125798,1707417.9435691366,78391320.54045253,293.17773647273117
114.99999999999999,19.876050857142857,0.0010070992087355584,-111477.7636121881,-1952295.2623353982,1955475.4110234207,87029586.85433242,293.1772658212434
119.99999999999999,19.876050857142857,0.0010181422371481875,-88003.65818742524,-2067096.1378580083,2068968.6046438364,89562019.83168234,293.17672710384704
125.0,19.876050857142857,0.0010257129466873852,-57367.4201796347,-1963812.4523837282,1964650.189991964,82996378.55681592,293.17612651743144
130.0,19.876050857142857,0.0010306123615364052,-31243.08274302952,-1643233.9223420261,1643530.910495707,67923462.13992676,293.17547192077365
135.0,19.876050857142857,0.0010336550353704482,-14267.655870921939,-1197805.5206806466,1197890.4922308575,48508176.82311807,293.1747651929809
140.0,19.876050857142857,0.0010354882092596203,-5624.716806567296,-755931.5186765271,755952.4445147027,30032435.643656027,293.17400577243814
145.0,19.876050857142857,0.001036643300016992,-2321.8547355545866,-411985.8377259917,411992.3803860942,16086378.387917774,293.173196451259
150.0,19.876050857142857,0.0010377127058726276,-1552.0552141769747,-194370.36586560993,194376.56237859264,7487903.946682353,293.1723453876817
155.0,19.876050857142857,0.00103975284203217,-1581.9393352610111,-80529.3781739419,80544.91468207163,3089654.3718155497,293.1714655033634
160.0,19.876050857142857,0.0010453289396195053,-1617.8499798978978,-30769.99563006322,30812.49859442699,1202635.350952645,293.17057359886525
165.0,19.876050857142857,0.0010604702382319604,-1421.112287125,-12453.655837086602,12534.476608188268,517987.89291692286,293.1696884036944
169.99999999999997,19.876050857142857,0.0010926933774211313,-1193.4797992280708,-6903.578214166586,7005.982171707332,314950.263123709,293.1688277855118
175.0,19.876050857142857,0.00113788713952802,-1113.6963338325786,-6261.727692503174,6359.996322251551,298744.92556974385,293.1680085832096
179.99999999999997,19.876050857142857,0.0011758449352200974,-1058.2706330197257,-9217.339799608417,9277.892525469202,423297.39364253177,293.16724957853194
185.0,19.876050857142857,0.001190496189110575,-395.04054432408634,-19814.183062478125,19818.12068449112,855972.6787658832,293.1665713601844
189.99999999999997,19.876050857142857,0.0011845484250895782,2671.845449250392,-49049.5985223164,49122.315431024865,2050571.6999653864,293.165986660773
195.0,19.876050857142857,0.0011675428736673719,11137.040161940275,-116447.9819583999,116979.34076473718,4818090.457475815,293.1654877521601
199.99999999999997,19.876050857142857,0.0011449075541385713,29108.675402165805,-245241.91046191272,246963.3771041315,10140288.737436872,293.1650457800076
205.0,19.876050857142857,0.0011186185933568776,60400.025537363435,-446142.83367441676,450212.8286976643,18512923.546557885,293.16462299784496
209.99999999999997,19.876050857142857,0.0010891385114377807,105201.7379700922,-695367.5603437615,703280.4914473048,29010689.510437366,293.16418567115915
215.0,19.876050857142857,0.0010562392762171488,157170.5481044827,-926998.8904942194,940228.442544139,38908713.887852065,293.16371049890614
219.99999999999997,19.876050857142857,0.0010192077808379323,204311.05543942872,-1058227.370794765,1077770.0012869046,44695988.9987586,293.1631850077427
225.0,19.876050857142857,0.0009767652842703587,234364.99060520643,-1038398.6781208451,1064518.0898155263,44162215.36260179,293.162604177526
229.99999999999997,19.876050857142857,0.0009268753459500845,240658.13731142733,-883547.3516117003,915735.9125830194,37905717.40694063,293.16196702513315
235.0,19.876050857142857,0.0008667934242528181,223823.880222279,-664560.4666120397,701240.1465556354,28814662.191089332,293.161277928731
239.99999999999997,19.876050857142857,0.0007942876569351373,190435.53238047726,-458583.8354147974,496552.9439010324,19977124.71425684,293.16055285320186
245.0,19.876050857142857,0.0007108142435182408,150916.9732592389,-305892.5075075033,341095.5276267307,13026232.874415144,293.15982278372195
250.0,19.876050857142857,0.0006234743636007606,113663.53974978659,-204229.46271300883,233728.632624451,8103101.303940484,293.1591269801502
254.99999999999997,19.876050857142857,0.0005403766473320707,81640.68948393529,-133943.45834322186,156863.1639753411,4749147.658544655,293.1584991900791
260.0,19.876050857142857,0.00046418118184049105,56117.27887286665,-82017.85210544986,99378.45366117613,2571482.0237166444,293.15795734497675
265.0,19.876050857142857,0.00039266579003143583,37481.76620779411,-46700.437751548314,59881.66400695605,1293849.6331348491,293.15750343351215
270.0,19.876050857142857,0.00032746090599438966,26760.24187766966,-30357.887479112676,40468.65302361633,688295.1010117523,293.1571309124484
274.99999999999994,19.876050857142857,0.00027897009890147687,24090.350131956835,-32375.212517462078,40354.66955670813,502401.4539213568,293.1568316028088
280.0,19.876050857142857,0.0002523292086187946,22892.06569535493,-52061.17138626297,56871.89321545655,539537.6724211769,293.15659659591813
285.0,19.876050857142857,0.0002403664659343904,19073.600347165087,-91366.98989521299,93336.64378321801,777132.1490714373,293.1564130753869
290.0,19.876050857142857,0.00023512875164839186,14866.043685011802,-152108.5839708576,152833.30976087681,1216687.0924871422,293.1562634888209
294.99999999999994,19.876050857142857,0.00023253838944479414,13392.553808470238,-233005.55403660398,233390.12127641038,1823760.0930639144,293.1561292639625
300.0,19.876050857142857,0.0002305957804387438,18259.525538927814,-328636.8938490733,329143.7653544023,2537108.372316919,293.1559954664344
305.0,19.876050857142857,0.0002282155009589637,32399.74700602107,-429643.72587120894,430863.63827381475,3272235.52816475,293.1558534060826
310.0,19.876050857142857,0.00022482249170878977,55873.9372251169,-523604.14527098427,526576.8678986899,3930800.030698004,293.1557008285917
314.99999999999994,19.876050857142857,0.00022020824955856286,84762.04748132754,-597649.3893016863,603630.1825007638,4416284.840817052,293.1555403807255
320.0,19.876050857142857,0.00021443684815473484,112674.30717156864,-642774.2493098286,652575.0800271236,4659395.3470053,293.15537748848107
325.0,19.876050857142857,0.0002077456029856386,134070.57512530047,-656494.690040743,670044.9217523554,4640563.981050648,293.1552184806618
330.0,19.876050857142857,0.0002004276528833192,146575.18721917397,-641042.5255350914,657586.3479823347,4388177.082447463,293.1550689337527
335.0,19.876050857142857,0.00019270878933362584,150631.22681558883,-599561.055548989,618193.5181017244,3955647.05198558,293.1549322391362
339.99999999999994,19.876050857142857,0.00018466604768543524,147701.26701115115,-535248.4524667449,555253.6088534181,3403789.40691437,293.1548089971153
345.0,19.876050857142857,0.00017622409437751427,139028.71666232703,-453859.92440794245,474676.5372760243,2798066.098594771,293.1546974597313
350.0,19.876050857142857,0.0001672124989049543,125575.64261228245,-365142.842785099,386132.79795255826,2204898.766787609,293.154594298642
355.0,19.876050857142857,0.00015745093048516313,108451.15096445906,-280467.52244997123,300705.3097215628,1678096.6847222713,293.15449519162297
359.99999999999994,19.876050857142857,0.00014686618488172186,89075.53359289524,-208725.63202737574,226937.9654224618,1245690.2871552955,293.15439585098824
365.0,19.876050857142857,0.00013567027284222717,69061.56433574119,-153847.4881354043,168637.33060646176,909568.8526195884,293.15429408632303
370.0,19.876050857142857,0.0001245365642341931,49973.38148065649,-114889.75080545203,125287.64383110605,657373.2575458548,293.1541918442856
375.0,19.876050857142857,0.00011451341939203226,32978.504809538834,-87734.19282504961,93727.63930738767,473948.75142870087,293.1540951543078
379.99999999999994,19.876050857142857,0.00010655018361951728,18965.01136090965,-67428.6242406748,70044.92146408296,344146.69877794693,293.15401131363234
385.0,19.876050857142857,0.00010106534194494364,8824.131362034459,-50315.295380969736,51083.209017921676,251590.01940028544,293.1539453621511
390.0,19.876050857142857,9.794964160266781e-05,2904.322675817513,-34997.05340730101,35117.35806405071,180530.9066580073,293.1538985964382
395.0,19.876050857142857,9.676731089013681e-05,457.59866361876533,-21869.488380229814,21874.275269136404,120861.89020474194,293.1538695694859
399.99999999999994,19.876050857142857,9.6781155436253e-05,-5.477139226553524,-11846.723111629744,11846.724377762675,70183.45022548098,293.1538559920706
0.0,24.845063571428575,0.0028316059458473536,172720.74252327852,-2130284.370129722,2137274.889319757,226533034.52943242,293.18665530527846
5.0,24.845063571428575,0.0027883105147343155,320272.84692304925,-2964154.916593103,2981407.229151909,319848552.83694476,293.1866548346442
10.0,24.845063571428575,0.002715102518521286,563914.2932111762,-3544283.6505564046,3588864.155368561,392607316.0153241,293.1865954018839
14.999999999999998,24.845063571428575,0.0026145407381508103,765399.6343151962,-3657087.438815198,3736325.0842706044,417513310.13809687,293.18644580291596
20.0,24.845063571428575,0.002483690422454199,878367.2086408272,-3292794.7101548077,3407935.7324396484,388706232.48218864,293.1862026653163
24.999999999999996,24.845063571428575,0.0023173524996581074,880814.1717853415,-2648172.9117421447,2790815.8978518746,322671918.4322543,293.18589275257807
29.999999999999996,24.845063571428575,0.002114797876314544,784082.6371647349,-1989249.1274971913,2138199.633605698,244868730.74235004,293.1855785968489
35.0,24.845063571428575,0.001892815587120199,630587.2810838723,-1500094.5340888791,1627244.274922509,176032244.17074594,293.1853539965882
40.0,24.845063571428575,0.0016910098132145938,462196.21384677215,-1235162.4872216398,1318806.926708318,128329108.36801714,293.18531726003926
44.99999999999999,24.845063571428575,0.0015480642866449166,294774.7944124673,-1171402.7345155184,1207922.4088704318,106389486.51584789,293.1855277571734
49.99999999999999,24.845063571428575,0.001473725800375354,141379.44021549245,-1262339.1553178183,1270231.5887916458,108991841.33105667,293.1859686753472
54.99999999999999,24.845063571428575,0.001451518967699843,26659.68051860077,-1441154.5340385446,1441401.0994671846,129185575.10112019,293.1865404894806
59.99999999999999,24.845063571428575,0.0014569680368620294,-28525.1069353792,-1619171.056369938,1619422.3017828967,155147775.72629848,293.1870933060544
65.0,24.845063571428575,0.0014685785893435437,-22251.168323421753,-1716625.7643797628,1716769.9698632201,174104675.56202513,293.1874787935153
70.0,24.845063571428575,0.0014702559208929242,27137.68874303267,-1698821.2057503958,1699037.9463854074,177680014.080981,293.1875941181363
75.0,24.845063571428575,0.001451692772602233,90369.79776411627,-1578483.6163891943,1581068.38168279,164525732.31986722,293.18740725733113
80.0,24.845063571428575,0.001410128492845201,138352.7417641507,-1395233.4022546785,1402076.2204391113,139272783.79457846,293.1869630639857
84.99999999999999,24.845063571428575,0.0013526032876717408,152136.83393146977,-1205966.920041913,1215525.330247819,110529651.7859738,293.1863657877682
89.99999999999999,24.845063571428575,0.0012950744349503713,130930.52241783407,-1076930.3695834482,1084860.2779306418,87607123.05065906,293.1857350170458
94.99999999999999,24.845063571428575,0.0012540775952967315,87972.47496755325,-1059099.794354944,1062747.1621955063,75802931.71078996,293.18515007280564
99.99999999999999,24.845063571428575,0.001235386068040824,38445.769387393186,-1170915.262539778,1171546.2556947486,75009782.32795072,293.18461876998424
104.99999999999999,24.845063571428575,0.001232837113051157,-3755.788131004254,-1399331.718896466,1399336.759130633,82086726.1201774,293.1840936655991
109.99999999999999,24.845063571428575,0.0012369777134698787,-26995.727968371975,-1694407.9478584153,1694622.9855322712,92546107.22000058,293.1835174116399
114.99999999999999,24.845063571428575,0.0012416318692543536,-28169.54957534305,-1961876.7046630322,1962078.930069521,101036585.2095244,293.18285941684155
119.99999999999999,24.845063571428575,0.001244451529545589,-14756.192277036094,-2084041.629957174,2084093.8703918955,102276167.1543346,293.1821228864842
125.0,24.845063571428575,0.001245144487792564,1417.2127502728242,-1977641.3411560825,1977641.848955874,93251453.62108935,293.1813289624813
130.0,24.845063571428575,0.001244109934025999,11751.34799104747,-1649448.6385164584,1649490.4986944925,75165282.48205043,293.1804980002445
135.0,24.845063571428575,0.0012418626120320473,13931.218773630915,-1197495.1467963518,1197576.1793962566,52949096.57474455,293.1796416527413
140.0,24.845063571428575,0.0012389104749942336,10409.244436071189,-752548.163179498,752620.1500588236,32385532.2548355,293.17876541508343
145.0,24.845063571428575,0.0012358462307056617,5077.229292130161,-408476.7812683907,408508.3341777369,17163678.981795367,293.1778736037668
150.0,24.845063571428575,0.0012336314695551402,708.9153658252216,-192064.48094587927,192065.78925463516,7920479.547923673,293.176970939584
155.0,24.845063571428575,0.001234307499972815,-1735.5946493252138,-79464.31569995257,79483.26716012933,3252354.348118316,293.1760602503323
160.0,24.845063571428575,0.001242664043587224,-2445.6130904443617,-30479.576806617573,30577.53465697738,1272662.239785987,293.175139015531
165.0,24.845063571428575,0.001267959646140401,-2074.2516453350863,-12505.951629041267,12676.803462864573,559860.7445246237,293.17419981850634
169.99999999999997,24.845063571428575,0.001315717158393468,-1525.4828061630922,-7071.691488921231,7234.356799770122,344346.09086059366,293.1732381865659
175.0,24.845063571428575,0.001369425383787004,-1163.6382014712212,-6515.210906428278,6618.30998210005,322356.200177811,293.17226224708156
179.99999999999997,24.845063571428575,0.0014022889850596474,-777.2385448893604,-9783.840630294744,9814.66439745486,461596.7211594515,293.17129681123583
185.0,24.845063571428575,0.0014070769398286716,361.17467667302185,-21474.998532245998,21478.03550390579,967574.4032163138,293.17037985570084
189.99999999999997,24.845063571428575,0.001394630738521079,3899.4782781467143,-53645.9249814472,53787.463204326705,2363735.899738644,293.1695483042943
195.0,24.845063571428575,0.0013748692092663214,12497.955934259875,-127193.27660723195,127805.82348476349,5561809.917724347,293.16881781692456
199.99999999999997,24.845063571428575,0.0013516107156310454,29912.438330977453,-266014.2364008959,267690.7318807587,11639250.901407667,293.16817450056817
205.0,24.845063571428575,0.0013257527594583377,59530.140977706586,-479004.6665184135,482689.6603732487,21081684.40719102,293.1675853727715
209.99999999999997,24.845063571428575,0.001297157564291316,101240.35424124332,-737161.6936317319,744081.2938684158,32752469.36649068,293.1670142145839
215.0,24.845063571428575,0.00126520839512083,148847.80726467952,-968135.8688837065,979511.4753522353,43545264.83790462,293.1664308340776
219.99999999999997,24.845063571428575,0.0012288637903496795,191066.93723381165,-1086399.5766984387,1103073.259015219,49597325.547251344,293.16581283387444
225.0,24.845063571428575,0.0011864762871483122,216691.72682038278,-1045408.5560531578,1067630.251323719,48604226.34268865,293.16514353295236
229.99999999999997,24.845063571428575,0.0011354542113251355,220091.38379647117,-869390.0298736828,896816.1691591028,41378601.673520006,293.16441069750715
235.0,24.845063571428575,0.0010720070513523673,202513.1293615418,-635398.3930297153,666890.3098925258,31173422.88671893,293.1636103587046
239.99999999999997,24.845063571428575,0.0009919562756626591,170118.38583804577,-421872.2858090706,454880.7434195389,21372348.672201727,293.1627549170418
245.0,24.845063571428575,0.0008943734210817176,132446.20469942573,-267783.7568821878,298747.61520256667,13719521.712372394,293.1618776893856
250.0,24.845063571428575,0.0007861368382780906,98114.01547619708,-169632.7271409198,195963.3183790507,8358099.028452387,293.16102632802153
254.99999999999997,24.845063571428575,0.0006784967142296821,70133.39390813198,-106437.23517252391,127465.98751135287,4792750.772738643,293.1602465562769
260.0,24.845063571428575,0.0005769964722969365,48741.64155354194,-63166.8922592265,79785.9881120908,2562754.8907932653,293.1595667795299
265.0,24.845063571428575,0.00048012910533094187,33604.020043475255,-35747.57650802334,49062.40301166738,1307620.9236900155,293.15899422508227
270.0,24.845063571428575,0.0003924557326459452,25842.207089139752,-24641.37206447636,35707.37857163335,735510.5244357403,293.15852270980724
274.99999999999994,24.845063571428575,0.00032942698954778173,25037.3949950516,-28796.240926037965,38158.80815236056,553579.6214762981,293.1581421898401
280.0,24.845063571428575,0.00029622884838856345,24290.153962790515,-48666.47840704279,54391.52231808952,576351.5056744593,293.15784161430463
285.0,24.845063571428575,0.0002815890943297573,20608.210975165388,-87668.2595401843,90057.88188938292,819688.7024959959,293.157605949597
290.0,24.845063571428575,0.0002751734930024718,16767.21900742547,-149468.46571830384,150405.99016470966,1295371.9097494471,293.15741477018776
294.99999999999994,24.845063571428575,0.00027188305520417803,16409.96997565052,-234644.6378177333,235217.75692157468,1968841.3635774634,293.1572459298064
300.0,24.845063571428575,0.000269270189731761,23831.9665804654,-338395.9215666747,339234.08196119015,2768033.9167573797,293.15708092850116
305.0,24.845063571428575,0.0002660881128015414,42379.32283108906,-449497.87211716856,451491.24470080715,3582394.4322319925,293.15690843108746
310.0,24.845063571428575,0.00026174104682873616,71845.2387021579,-551486.4551971062,556146.6071010772,4280056.206966557,293.15672500604376
314.99999999999994,24.845063571428575,0.00025603765899072183,107354.23892971438,-627619.7857503208,636735.0532846898,4743254.811746286,293.15653337046547
320.0,24.845063571428575,0.00024904422787753853,141259.45543956239,-667819.6007938863,682595.9661143534,4909708.1496876115,293.15633948745284
325.0,24.845063571428575,0.00024099022102881345,166797.35789679078,-671813.1206093547,692209.6702764484,4789629.300378818,293.15615017257096
330.0,24.845063571428575,0.00023218908119279836,180498.0022069623,-645347.8841791198,670114.4830662678,4442027.235183532,293.1559716105819
335.0,24.845063571428575,0.00022294042080811722,181998.70496764607,-594094.0675374436,621346.3524420859,3936128.4523996245,293.1558083090268
339.99999999999994,24.845063571428575,0.00021343106761307484,172739.77467034635,-522153.6173261914,549984.9360118773,3334785.277436036,293.15566245106004
345.0,24.845063571428575,0.00020368843968551867,155137.09064408988,-435354.2099962179,462169.67128419795,2699897.9979087026,293.15553381584266
350.0,24.845063571428575,0.00019360772413468984,132162.57389856488,-343436.70633096166,367988.74601671286,2093559.726011574,293.15541990840563
355.0,24.845063571428575,0.00018303266152308725,106852.8626376993,-257693.91083029323,278968.969480267,1565472.2581947593,293.1553160948933
359.99999999999994,24.845063571428575,0.0001718788845882317,81788.86165602444,-186602.30288532906,203739.63122842935,1140385.7177355331,293.1552165395198
365.0,24.845063571428575,0.00016031771631933297,58837.009434595835,-133456.24470992113,145850.48142286358,818680.7645513489,293.1551166378565
370.0,24.845063571428575,0.00014898780714860566,39169.30492844788,-96932.00328993141,104546.86848670794,588105.7815354452,293.15501595133105
375.0,24.845063571428575,0.0001390120045293606,23294.49890805465,-72997.36490952266,76624.07561015904,433822.85862366203,293.1549194304718
379.99999999999994,24.845063571428575,0.00013158769290584895,11326.35173543613,-56810.01288813795,57928.09169984125,339178.64678262745,293.1548353965926
385.0,24.845063571428575,0.00012743871293998706,3414.0391956873573,-44240.226182698294,44371.762150336035,282706.8903021602,293.1547713173248
390.0,24.845063571428575,0.00012663195493579324,-516.8382900013835,-32858.66199005925,32862.72644798322,239568.533931515,293.154730476162
395.0,24.845063571428575,0.00012859774130432133,-1297.5533431878384,-22154.531378481595,22192.49659859259,189456.18099689513,293.154711111486
399.99999999999994,24.845063571428575,0.00013167785293792406,-806.591994353576,-12873.415790804615,12898.65980512289,125694.11111442099,293.1547068090034
0.0,29.814076285714282,0.0033906415814656922,141125.1718957904,-2291513.150115572,2295854.7060507135,270279777.0111523,293.19252602841937
5.0,29.814076285714282,0.003354063911948001,260925.36003385135,-3148920.8846253306,3159712.7687716126,377524806.65842235,293.1925336106715
10.0,29.814076285714282,0.003290898365565784,459012.7446834052,-3708496.1150390473,3736794.9013882875,457799986.008461,293.192498349459
14.999999999999998,29.814076285714282,0.0032019325380285334,620763.3808256271,-3754363.513751274,3805337.3790455,481384432.1273912,293.19239407929075
20.0,29.814076285714282,0.003082281897490862,708207.6817118386,-3297913.1010292023,3373097.825793925,443650457.8310037,293.19221874693443
24.999999999999996,29.814076285714282,0.00292276784827779,704117.9349840097,-2565375.204279806,2660250.3651159983,365648976.5890917,293.1919959017866
29.999999999999996,29.814076285714282,0.0027145074619134464,615721.7139721828,-1842915.4144705662,1943051.8402631623,277528857.5160441,293.19177928180216
35.0,29.814076285714282,0.002465215662952587,476465.8091815298,-1321692.797227975,1404952.4965504417,201969280.44070563,293.19165077398304
40.0,29.814076285714282,0.0022216622170782704,327559.19056836417,-1054502.6837984216,1104206.019483627,152288886.56937352,293.1916999339702
44.99999999999999,29.814076285714282,0.0020516213373090683,181680.9002304058,-1013583.6884369474,1029737.7544666299,136736192.28224078,293.1919833655688
49.99999999999999,29.814076285714282,0.0019848215505625776,43655.38060220823,-1154974.2561421886,1155798.9983585924,160315754.30286705,293.1924828648411
54.99999999999999,29.814076285714282,0.0019986591215897945,-59924.76525773538,-1411333.8776590815,1412605.497553869,218499181.8707149,293.19309520115667
59.99999999999999,29.814076285714282,0.0020511547834689853,-101571.36929670877,-1676181.697854329,1679256.3316190382,291182292.72605807,293.19367032785806
65.0,29.814076285714282,0.0021046867558546646,-76410.03250980047,-1844530.5650069588,1846112.536741203,349398590.3824124,293.19406978051165
70.0,29.814076285714282,0.0021303450822663704,-3371.386117483431,-1862580.0287036495,1862583.0799108106,369631869.1266052,293.19420430146886
75.0,29.814076285714282,0.0021083180663719163,85424.11100849387,-1736335.8489702127,1738435.9232254436,344398628.0583447,293.19404650949974
80.0,29.814076285714282,0.002031934614312568,156815.30021893897,-1511050.301032574,1519165.5770959887,283676735.4757383,293.19363285213973
84.99999999999999,29.814076285714282,0.0019134598496103868,189114.45476003416,-1261276.1852192548,1275375.196716802,210855747.09554687,293.1930540001981
89.99999999999999,29.814076285714282,0.001784106241126017,184287.35812938676,-1078706.7282178146,1094335.4311492848,151694860.99146938,293.1924164309215
94.99999999999999,29.814076285714282,0.0016774759990847558,161396.77826420194,-1031067.613871057,1043623.1812334466,118226897.95843607,293.19178041679703
99.99999999999999,29.814076285714282,0.0016069972890909072,135328.0275430308,-1136093.3464460406,1144124.8912936256,106961917.40654448,293.19113057668727
104.99999999999999,29.814076285714282,0.001565690143565156,112758.6660572732,-1372539.0325944943,1377162.994262642,109670393.39659646,293.19041245148424
109.99999999999999,29.814076285714282,0.0015410821103575424,97912.629872873,-1680518.6106128255,1683368.5525471491,118238757.78315705,293.189587421411
114.99999999999999,29.814076285714282,0.001524389487907743,90911.61502894996,-1957073.1515498923,1959183.5652293023,124967262.24074993,293.18865578551254
119.99999999999999,29.814076285714282,0.0015111606929809618,86800.03938646724,-2080499.4559105758,2082309.350908672,123304992.34730211,293.18764747988234
125.0,29.814076285714282,0.001499436251807195,79420.90292654475,-1969284.1567853424,1970885.0220110316,110070158.11430359,293.1866017326061
130.0,29.814076285714282,0.001488409790745714,65710.13202274014,-1635177.043578696,1636496.8027152421,87154544.43878242,293.18555121569904
135.0,29.814076285714282,0.0014778185836270788,47163.96496549012,-1180530.6334628772,1181472.3933023268,60473971.36990209,293.18451615630283
140.0,29.814076285714282,0.0014677536857056236,28163.835639647354,-737340.5125994392,737878.1966953224,36519956.401769124,293.18350645299375
145.0,29.814076285714282,0.001458721392795553,12876.087401060091,-397815.212370197,398023.53802244493,19157388.95813737,293.1825259945407
150.0,29.814076285714282,0.001452013149849298,3115.2246638071483,-186194.34893608364,186220.40758315954,8781218.131117417,293.18157374411277
155.0,29.814076285714282,0.0014507468391478373,-1647.7452564847317,-77034.45451718199,77052.0749051578,3607637.203753004,293.1806393228206
160.0,29.814076285714282,0.0014621350265448065,-2949.1534273203383,-29904.510845081622,30049.58027696027,1436870.8048239304,293.1796970687215
165.0,29.814076285714282,0.0014981879728404406,-2469.2188546910293,-12702.72753888171,12940.49182525245,657491.159411477,293.17871027122726
169.99999999999997,29.814076285714282,0.0015601437490677023,-1723.6180122552578,-7530.300453634212,7725.0426519323755,415816.3007093647,293.1776504658884
175.0,29.814076285714282,0.0016195988380918744,-1143.9306689760126,-7093.119245653322,7184.769864684704,387103.8670511097,293.1765161033185
179.99999999999997,29.814076285714282,0.0016468635518643788,-475.5720899050472,-10653.724126489307,10664.33338638834,554137.2050866819,293.1753374936178
185.0,29.814076285714282,0.001643024023330855,1010.7400020055798,-23323.16977623284,23345.060371792475,1171975.6967892323,293.17417032689684
189.99999999999997,29.814076285714282,0.0016248907798839076,4735.753390478376,-58026.1062334022,58219.0378208495,2858441.610657255,293.17307701659274
195.0,29.814076285714282,0.0016026497100410158,12838.190459024285,-136673.7504597673,137275.39181878493,6663616.835992029,293.1720988373284
199.99999999999997,29.814076285714282,0.0015789979076745778,28288.492377491428,-283431.6870118223,284839.88485350675,13786470.26987358,293.17123940560754
205.0,29.814076285714282,0.0015540562213292612,53555.161983055994,-505320.59636067087,508150.62774863857,24681644.120036643,293.1704723994928
209.99999999999997,29.814076285714282,0.001527248273729449,88081.53596256924,-768797.2198793163,773826.5453392583,37910583.67529055,293.1697601023535
215.0,29.814076285714282,0.0014976827349155758,126418.4948192295,-996396.6171857958,1004384.3161716817,49845428.82079562,293.1690660649967
219.99999999999997,29.814076285714282,0.0014641012481654953,159298.7815689294,-1101045.8513627092,1112509.8060747054,56154698.849195436,293.1683589700664
225.0,29.814076285714282,0.0014246180269346122,177954.88760847304,-1040539.4420934599,1055646.8503130737,54425173.61212071,293.1676121914916
229.99999999999997,29.814076285714282,0.0013762416479239212,178496.5265420365,-846572.6654273394,865185.6955800424,45789392.13963944,293.1668041089978
235.0,29.814076285714282,0.0013142374198315183,162607.41507350732,-601337.7302795312,622935.1790472474,34034405.33988844,293.1659225111839
239.99999999999997,29.814076285714282,0.0012320667709058316,135232.0562833842,-383751.3963020405,406881.85411787307,22993066.4831003,293.1649723780755
245.0,29.814076285714282,0.001124367269237799,103469.93400718721,-231032.52020350637,253144.33162730557,14560544.38965605,293.16398183201244
250.0,29.814076285714282,0.000994397977049097,74935.28180473592,-138316.85218142607,157311.30937263748,8773133.60198182,293.1629994454237
254.99999999999997,29.814076285714282,0.0008558093348393941,52944.01491531175,-83153.55595121153,98577.79964415933,4988136.422695081,293.1620795038826
260.0,29.814076285714282,0.0007196631311440032,37064.3936900823,-48385.940899978275,60950.54188757966,2657625.2809625496,293.1612620636149
265.0,29.814076285714282,0.0005877615045880363,26435.622528539065,-27927.446981268142,38454.96630297503,1380014.5635586586,293.16056282475677
270.0,29.814076285714282,0.00047026962946323224,22007.93816057863,-20913.594381582203,30359.969895195874,823628.7864466661,293.15997903198763
274.99999999999994,29.814076285714282,0.0003889575620383075,22802.164712091337,-26495.933826039556,34956.73361272776,650390.4696200273,293.15950134713586
280.0,29.814076285714282,0.00034758070790917464,22783.038812097642,-46231.11222589021,51540.106666133346,687118.8615271021,293.15911907045734
285.0,29.814076285714282,0.00032938178906449366,20306.472318717537,-85005.17395194194,87396.9817363892,984735.6258605209,293.15881708602313
290.0,29.814076285714282,0.00032111533264863977,18325.277458183016,-148477.35619690016,149603.94746510053,1565240.8996702263,293.1585731688257
294.99999999999994,29.814076285714282,0.00031642604285298697,20852.436242567102,-239229.9890606753,240137.06869873535,2392430.3574900436,293.15836160124667
300.0,29.814076285714282,0.0003123696344120159,32610.193165822977,-352943.4369000999,354446.74402393244,3371659.6596528897,293.15815978621566
305.0,29.814076285714282,0.0003075787192914702,56888.945758530404,-475932.325374428,479320.2796521627,4345519.458073223,293.15795302075196
310.0,29.814076285714282,0.00030149199223968297,92663.74227847508,-586950.4935583575,594220.0358633585,5126979.580551071,293.15773593269245
314.99999999999994,29.814076285714282,0.0002939770054882184,133742.51550927904,-664976.7635406901,678292.8250422531,5566316.204068383,293.15751078639465
320.0,29.814076285714282,0.0002851343876280614,171189.15365782767,-698820.335493878,719482.8612481742,5612813.518466327,293.15728405981105
325.0,29.814076285714282,0.00027521268924331037,197240.4559511016,-690447.1591728225,718067.5992367427,5319762.364539366,293.1570634312393
330.0,29.814076285714282,0.0002645624897157878,207763.39990886755,-649275.755845416,681707.1493466445,4790806.747456613,293.15685611148695
335.0,29.814076285714282,0.000253560650744923,202304.08556916815,-584235.7881241323,618270.4902896492,4123763.7849043254,293.15666796190703
339.99999999999994,29.814076285714282,0.00024249981363282975,183213.13513683554,-501627.0159369273,534038.1222389041,3395614.5620693443,293.1565028584754
345.0,29.814076285714282,0.0002315086872351444,154884.5470725461,-408402.6007824945,436785.8826104312,2673796.6308654677,293.15636222246076
350.0,29.814076285714282,0.00022055579984679507,122618.11764800259,-314372.8373942481,337439.6000276935,2019029.890593615,293.1562444839934
355.0,29.814076285714282,0.0002095289705660854,91100.43017353509,-229972.72329904267,247359.53961669072,1474029.8119967224,293.156144551425
359.99999999999994,29.814076285714282,0.00019836943458133852,63378.01100526918,-162310.32653109665,174245.27074677017,1054762.9992679025,293.15605447146555
365.0,29.814076285714282,0.00018727086055241612,40779.752072665746,-113374.6187305139,120485.65205615762,754785.2334136623,293.155966227491
370.0,29.814076285714282,0.0001769348977653669,23440.418374500412,-81076.24185675381,84396.74287072016,558161.166599797,293.15587564819623
375.0,29.814076285714282,0.00016870178018224178,10830.349581388205,-61281.96551908739,62231.62997975942,449081.8780981262,293.155785147924
379.99999999999994,29.814076285714282,0.00016423902841726648,2238.9148418970094,-49327.82116301644,49378.60549225544,411124.69953130255,293.155703139873
385.0,29.814076285714282,0.00016488541175266832,-2754.3986607074385,-40926.54930674216,41019.13151371326,419402.13023405086,293.1556396467482
390.0,29.814076285714282,0.00017117969688962056,-4410.8276045099055,-32966.7101387294,33260.47771045555,434218.841823923,293.1556008557764
395.0,29.814076285714282,0.0001823874478455666,-3386.733243004288,-24217.176898722253,24452.844803893007,407117.41998328717,293.155585948506
399.99999999999994,29.814076285714282,0.00019449057776517903,-1832.6935479304154,-15263.259866537437,15372.8939173494,308768.0171065954,293.15558641886935
0.0,34.78308899999999,0.004012100535335241,102324.04617573501,-2417862.495933652,2420026.7063956717,311628304.7182406,293.19817815544627
5.0,34.78308899999999,0.0039845797336514385,188591.07475803304,-3296008.2884245096,3301399.2837646063,431636262.69831514,293.19820280483725
10.0,34.78308899999999,0.003936598311173965,329772.88526166714,-3840152.2883368963,3854285.894101903,517579590.7325009,293.19820940265726
14.999999999999998,34.78308899999999,0.0038684292486921837,440666.23478785873,-3832368.4235144285,3857620.3110249946,537745975.0210153,293.198183951991
20.0,34.78308899999999,0.003775620960495935,494270.1518064994,-3301002.808227035,3337802.0496862293,489268826.47297806,293.19813670887856
24.999999999999996,34.78308899999999,0.0036489934051871275,481033.6445020567,-2495346.5803779,2541288.634403147,398166499.6423485,293.1980967962693
29.999999999999996,34.78308899999999,0.0034758089867090035,407278.97018634196,-1715674.642623923,1763353.5206811973,300214150.39632064,293.19810660110454
35.0,34.78308899999999,0.003251471415304261,293582.9723825896,-1157447.5869339118,1194100.447270719,221757738.59902084,293.19821288533706
40.0,34.78308899999999,0.0030142313947905583,172602.11039828113,-878031.2484390477,894835.3824862834,179101773.8123371,293.19845471213006
44.99999999999999,34.78308899999999,0.002861191246516713,56974.37223244571,-854184.0913788853,856082.0878023632,188304281.4214334,293.19884940289717
49.99999999999999,34.78308899999999,0.002866243662746962,-57191.013933299044,-1044197.3030160657,1045762.3151083348,270324087.39566904,293.19937547386377
54.99999999999999,34.78308899999999,0.0030041014896790884,-144696.6345977122,-1377648.0736113798,1385226.0937439236,432370087.79804206,293.19995990467044
59.99999999999999,34.78308899999999,0.00319584543281485,-170960.0659612038,-1724887.712409126,1733339.2525912079,633265521.9094943,293.2004949779142
65.0,34.78308899999999,0.0033683771616420883,-127651.8602994254,-1956772.0025013117,1960931.3264902718,799042639.1417062,293.2008818171238
70.0,34.78308899999999,0.003464002425189112,-32755.053878488503,-2006694.1173732465,2006961.4281931217,866287007.003046,293.2010575638594
75.0,34.78308899999999,0.003439593371851472,80864.42477085188,-1878193.622598339,1879933.5996685077,812269852.9278227,293.20099989473067
80.0,34.78308899999999,0.0032761185071610533,177213.40824899214,-1619959.1195020035,1629623.3125851294,658730498.9298159,293.20072596520737
84.99999999999999,34.78308899999999,0.0029952213741981943,231702.29071961305,-1317609.2716314462,1337826.6495379235,464802985.5197648,293.2002870035754
89.99999999999999,34.78308899999999,0.002667820571778763,249521.3322457466,-1086751.4037448384,1115028.9273319636,303969898.29021335,293.19973775528877
94.99999999999999,34.78308899999999,0.0023785088310869108,256787.41687007027,-1014910.8740218133,1046892.4776071917,211011742.86940897,293.199083994559
99.99999999999999,34.78308899999999,0.002168024318086769,265311.3869231529,-1115333.659612122,1146455.1034797898,170685283.15220928,293.1982778841567
104.99999999999999,34.78308899999999,0.0020302078845047663,268682.41861116263,-1354358.0926294702,1380751.9998687964,159035107.02541396,293.1972797958923
109.99999999999999,34.78308899999999,0.001941446346539469,261452.38201734645,-1664101.2780558662,1684514.8891267516,159368036.34593683,293.19610068507296
114.99999999999999,34.78308899999999,0.0018817644793174336,242328.42671119297,-1938557.1360181898,1953644.5009262478,159852455.8502015,293.1947932993478
119.99999999999999,34.78308899999999,0.0018388458674329046,211401.55279056786,-2056326.2219816684,2067164.276909715,151953676.3216539,293.1934248743524
125.0,34.78308899999999,0.001805769273776446,170665.03729250576,-1938606.811944466,1946104.5517318791,131975847.8241524,293.192056337268
130.0,34.78308899999999,0.0017787252439905308,124822.37069311288,-1600885.3473873036,1605744.2261159827,102333915.7379319,293.19073249099887
135.0,34.78308899999999,0.0017556879185349106,80547.9352273394,-1148080.0683654265,1150902.1736217854,69852168.02175415,293.18948024920485
140.0,34.78308899999999,0.0017357840344386062,44137.51361143121,-711818.3502604418,713185.448446122,41654797.92102281,293.1883117984663
145.0,34.78308899999999,0.0017191465556403982,18954.39229040812,-381360.1435439525,381830.88936198276,21665362.519234676,293.1872288545112
150.0,34.78308899999999,0.0017073099021257666,4593.298706466364,-177677.29819011167,177736.66106108972,9905111.909278894,293.1862225567295
155.0,34.78308899999999,0.001704587043172682,-1758.8148289056041,-73704.03484941955,73725.0173461277,4104747.476133324,293.1852655880102
160.0,34.78308899999999,0.0017207373534910602,-3267.0090136302697,-29199.380337656952,29381.5785824773,1684558.0160769315,293.18430412807294
165.0,34.78308899999999,0.0017690340640201768,-2647.708477087776,-13048.38078974825,13314.300635553998,808814.0115079792,293.1832687047704
169.99999999999997,34.78308899999999,0.0018428607587917128,-1788.0317534975627,-8223.26303423788,8415.409228420132,528054.4770276436,293.1821059805325
175.0,34.78308899999999,0.001903812455248891,-1042.080107198155,-7910.869165839389,7979.209353616842,489205.6766750218,293.18080469844864
179.99999999999997,34.78308899999999,0.0019238056912812532,-141.19748481983234,-11738.716704566012,11739.565860787894,690479.4555399551,293.1794010511827
185.0,34.78308899999999,0.0019109638448763836,1655.7374375267043,-25269.963455586396,25324.14893947474,1438457.2756531714,293.17796961545963
189.99999999999997,34.78308899999999,0.001886262126266459,5637.587548052532,-62068.49037746142,62323.99129628155,3445448.717179119,293.17659956252487
195.0,34.78308899999999,0.0018604110274711254,13447.484235653557,-144643.84018601233,145267.5990578244,7884931.922044511,293.1753587790751
199.99999999999997,34.78308899999999,0.0018354674418757239,27105.34581174347,-297025.10633266746,298259.30591266823,16037703.546640297,293.17426947984626
205.0,34.78308899999999,0.0018110111445311886,47854.011012806266,-524481.2636443058,526659.8544449173,28276652.476181984,293.17331306849354
209.99999999999997,34.78308899999999,0.0017861497546774242,74417.24522872147,-790031.0914550032,793528.2300290364,42838021.32196411,293.1724511034094
215.0,34.78308899999999,0.0017598317645056859,102123.64389903465,-1012836.9075055608,1017972.4160548971,55613219.01395574,293.1716417070926
219.99999999999997,34.78308899999999,0.0017307447357181789,124191.81616756074,-1105413.6672848342,1112368.1868082634,61899555.92867893,293.1708462379799
225.0,34.78308899999999,0.001697025902042467,134952.25553920155,-1029370.3936744909,1038178.9434623948,59270351.73775415,293.1700308054824
229.99999999999997,34.78308899999999,0.0016557224984121472,132631.45329972563,-822071.8288324708,832702.3442769694,49207162.50231904,293.16916740499335
235.0,34.78308899999999,0.0016018751844385747,119288.3735669218,-569195.97394006,581561.4953019285,35985186.574619204,293.16823699909645
239.99999999999997,34.78308899999999,0.0015274163764481823,98541.00753415054,-349499.5989569594,363125.73557504977,23840993.106086876,293.167234935993
245.0,34.78308899999999,0.0014217625936153305,74569.49105751966,-198635.2978204138,212171.13502260856,14848084.232562931,293.1661774887736
250.0,34.78308899999999,0.0012787736301355522,52712.196511163325,-111132.42061989276,122999.96168238534,8927383.167567354,293.1651046908634
254.99999999999997,34.78308899999999,0.001107319450792069,36600.09791585377,-63832.293073140536,73580.76383420729,5180345.259186042,293.1640714040796
260.0,34.78308899999999,0.0009247525190507503,25913.635196724517,-37164.76117571677,45307.129266341566,2862885.473987053,293.16312651894634
265.0,34.78308899999999,0.0007419636420990146,19440.70040479938,-22748.675402052595,29923.95469815311,1569858.441099508,293.1622962212264
270.0,34.78308899999999,0.0005802033438554637,17733.516256050912,-18897.10077878793,25914.82233485866,1014668.7842556305,293.1615852270981
274.99999999999994,34.78308899999999,0.00047110700795383997,19677.569173093652,-25438.36808887263,32160.8037770647,851858.2580522469,293.1609892327735
280.0,34.78308899999999,0.0004163701910873768,20749.80614207226,-44979.792312172416,49535.20133581517,928994.4544466368,293.1605021325109
285.0,34.78308899999999,0.00039168952987328107,20402.31187855078,-83913.98822135941,86358.62290011403,1333380.7736815442,293.16011223664805
290.0,34.78308899999999,0.00037949460378917114,21729.829722612572,-150006.36626875933,151572.07995185297,2101417.151352367,293.1597974020387
294.99999999999994,34.78308899999999,0.0003715964288895898,29080.877043220677,-247850.2984143397,249550.53162371775,3190700.7479920075,293.159528699701
300.0,34.78308899999999,0.00036443223185947046,47251.13370002179,-373196.9289778286,376176.31163381325,4464458.43506271,293.15927908767577
305.0,34.78308899999999,0.0003565263709901338,78817.31366177622,-509110.14652776305,515175.02873332205,5685700.116429453,293.1590298882538
310.0,34.78308899999999,0.00034736304777157744,121219.93973025304,-628897.279117008,640473.3105048032,6581595.388266914,293.158772961434
314.99999999999994,34.78308899999999,0.0003368647209407341,166480.1903402792,-707133.6488678064,726466.5519738907,6959878.799017702,293.1585092984145
320.0,34.78308899999999,0.0003251683218842562,204302.4049350961,-731804.9320412203,759788.0831008861,6794327.189815696,293.1582455550187
325.0,34.78308899999999,0.00031255657849834566,226303.06154608855,-707494.5387134725,742806.5683436852,6206662.334884571,293.15799060092843
330.0,34.78308899999999,0.0002994339324269983,228537.39810548982,-647827.6132002195,686957.0283194723,5371248.253437414,293.15775332388256
335.0,34.78308899999999,0.0002862605505012997,211681.48048180735,-565949.1910780827,604241.2896028423,4436037.353187829,293.15754144464523
339.99999999999994,34.78308899999999,0.00027343389020243315,180169.45231476548,-471476.2577875704,504728.5341693831,3506249.0057589533,293.1573607408467
345.0,34.78308899999999,0.00026119224433845565,140914.3830651064,-372988.96555735223,398719.99170114764,2658645.2821804774,293.15721429749874
350.0,34.78308899999999,0.00024961088807365773,101231.2374462788,-279799.3128222964,297549.01930729696,1946537.3683434098,293.157101294571
355.0,34.78308899999999,0.0002386925283321842,66587.44550310267,-200253.7338315996,211034.22900592643,1394823.4284509893,293.1570156021942
359.99999999999994,34.78308899999999,0.0002285283654274512,39533.245688340976,-139007.24558059825,144519.52061420452,1000918.9247861203,293.1569461394329
365.0,34.78308899999999,0.00021954004295901566,20138.451067251994,-96249.2294844238,98333.47033301216,746236.098717932,293.1568803092665
370.0,34.78308899999999,0.0002128169114669945,7132.718192209474,-69100.32325339416,69467.47686891357,611398.0092948214,293.1568089584772
375.0,34.78308899999999,0.00021040453232331233,-1126.6096769687995,-53486.33358061641,53498.19743936439,586025.1540198188,293.1567304356393
379.99999999999994,34.78308899999999,0.0002151489097604887,-6022.972833182407,-45174.39315639433,45574.13738950789,665997.8132092628,293.1566517580264
385.0,34.78308899999999,0.0002299282979139155,-8257.020681171676,-40066.527074311125,40908.4952341907,831687.4449036099,293.15658504457735
390.0,34.78308899999999,0.0002566322100128086,-7991.524389774744,-34705.72416524744,35613.92637588005,1009859.588971942,293.15654038061825
395.0,34.78308899999999,0.0002942515067404858,-5478.8036848779375,-27380.109989548382,27922.88869112935,1061337.4784849419,293.1565200559802
399.99999999999994,34.78308899999999,0.00033202595933313356,-3032.9969052378583,-18675.25585063829,18919.943216457657,882021.3009093053,293.1565171847196
0.0,39.752101714285715,0.004683184801520535,64624.258241875665,-2511154.2073549787,2511985.6185635147,342800683.6595385,293.2035860218116
5.0,39.752101714285715,0.004665439239870592,117201.15377043853,-3405748.8539164877,3407764.8637191197,471597862.5283226,293.2036306966876
10.0,39.752101714285715,0.004635069715635742,198408.6510089859,-3939017.572378563,3944011.3372431262,559945966.9456306,293.20368728871387
14.999999999999998,39.752101714285715,0.004593237575703119,252155.51489763067,-3892836.550064439,3900994.592307312,575253101.1798087,293.2037590375526
20.0,39.752101714285715,0.004538710438165727,263298.17267580226,-3309410.591057448,3319868.128094492,516943079.52199566,293.20387605638535
24.999999999999996,39.752101714285715,0.004468394144453181,231723.61430423253,-2454959.2797896084,2465871.225115239,415331990.39373726,293.2040800267227
29.999999999999996,39.752101714285715,0.00437870244312137,167938.83905896824,-1636937.4736837756,1645529.6248973142,310521267.3612105,293.2044018484874
35.0,39.752101714285715,0.004273702247076966,86214.18176537736,-1045966.529743121,1049513.6332989396,232514493.48086545,293.20483816890106
40.0,39.752101714285715,0.004194722973389709,4514.6796985922365,-734618.2190804386,734632.0916878708,202630517.1843894,293.205348379958
44.99999999999999,39.752101714285715,0.004256566273006025,-71541.14442237055,-689828.2437236632,693528.0392198545,254842745.61199915,293.20588441488223
49.99999999999999,39.752101714285715,0.004577915386547608,-152217.0110073542,-880132.5065663946,893198.3248723978,446271965.4392846,293.2064206834908
54.99999999999999,39.752101714285715,0.005117329662792985,-216493.56697340042,-1219308.6577935389,1238379.2098994344,788866463.9373857,293.2069384039931
59.99999999999999,39.752101714285715,0.005703706916294984,-224690.89642221143,-1558268.4068285974,1574384.459607993,1170301547.8565202,293.2074008190689
65.0,39.752101714285715,0.006189783134664587,-165740.0001051509,-1778812.5910720334,1786517.277215996,1452601479.2120776,293.2077684798527
70.0,39.752101714285715,0.006466270685767252,-54497.30383239066,-1831473.226261337,1832283.8575496732,1556173095.7540877,293.2080137407508
75.0,39.752101714285715,0.006445149796978268,79676.5352365878,-1724946.9193581897,1726786.097022621,1471070257.4824903,293.20812195423787
80.0,39.752101714285715,0.006068892923035913,201928.4473382645,-1504037.2959038217,1517531.9717601084,1234126538.1037583,293.2080860196538
84.99999999999999,39.752101714285715,0.005351197739038362,285249.69741706125,-1245031.1797184392,1277290.1112697981,913960091.7482954,293.20789415124136
89.99999999999999,39.752101714285715,0.004453455583801639,337372.2128913462,-1051233.9283880885,1104043.83165953,611357096.3835161,293.2075090152888
94.99999999999999,39.752101714285715,0.0036405978958900004,391413.6563588483,-1004920.9061631421,1078457.5457698617,408960147.8206634,293.2068587579386
99.99999999999999,39.752101714285715,0.0030621335979128103,446619.28004818293,-1117630.4485333285,1203564.1240912618,301543447.38491905,293.20587604419876
104.99999999999999,39.752101714285715,0.0027007324417387987,475494.46952632384,-1355368.5129167496,1436356.0827163581,249833972.6701099,293.20455974567136
109.99999999999999,39.752101714285715,0.0024800444269833,466999.73698080017,-1653689.9394250147,1718365.2609662607,225574605.61847243,293.20298001653924
114.99999999999999,39.752101714285715,0.0023400768534230574,423895.92233485385,-1912254.03314568,1958673.8473400916,209715294.01516527,293.20124283463633
119.99999999999999,39.752101714285715,0.0022457931941772175,354179.1208664764,-2015201.5837073415,2046089.0187463318,189366506.80733243,293.1994559437062
125.0,39.752101714285715,0.0021781220377245494,269715.75474472286,-1888125.753226624,1907292.7012797806,158840134.2858579,293.1977078093515
130.0,39.752101714285715,0.002126737914663736,184359.88342492608,-1549221.8148675582,1560152.8124763877,120205656.78819035,293.196059802616
135.0,39.752101714285715,0.002086082623572474,110603.36900910856,-1103490.2931672207,1109019.3561658172,80655844.18526185,293.19454751909245
140.0,39.752101714285715,0.002053414490769288,56102.821562877936,-679573.6200131383,681885.4974297938,47562615.7112584,293.1931865206901
145.0,39.752101714285715,0.00202806708631328,22048.785957729808,-362119.78251051373,362790.41587074974,24624938.90659153,293.19197755744864
150.0,39.752101714285715,0.002011711709125846,4501.761904498621,-168480.927098249,168541.05925895413,11312224.67334005,293.1909040760238
155.0,39.752101714285715,0.0020099438439893516,-2351.055204156403,-70482.21368560342,70521.41452492322,4783089.300743923,293.18991875707303
160.0,39.752101714285715,0.0020345701222790015,-3510.143847647687,-28758.99524722028,28972.416493292676,2042872.8163310736,293.1889346092678
165.0,39.752101714285715,0.0020963040353789045,-2639.4556605949806,-13639.78778295492,13892.823217341145,1024164.4475087625,293.18784676403425
169.99999999999997,39.752101714285715,0.0021761559680556703,-1675.5401379782195,-9112.456616623633,9265.219929598212,678983.4259112824,293.1865765830916
175.0,39.752101714285715,0.0022302776687254133,-784.8992107815728,-8888.384119572547,8922.972544402171,617784.266344434,293.1851015440997
179.99999999999997,39.752101714285715,0.002237723027916783,351.6722490372154,-13017.632942600145,13022.382301215526,849676.5157495791,293.1834620591594
185.0,39.752101714285715,0.002212465056081137,2619.314507081831,-27501.883823654047,27626.335666113475,1720951.3495937148,293.1817527174326
189.99999999999997,39.752101714285715,0.002178015860981754,7368.86872573515,-66417.34545986619,66824.87563948268,4006989.722202353,293.1800923246377
195.0,39.752101714285715,0.0021456215038109087,15907.256681220328,-152582.9228184731,153409.87305564905,8933286.13697016,293.17857711102477
199.99999999999997,39.752101714285715,0.0021169755546559406,29292.230283857665,-309577.4886093363,310960.2164404095,17761314.964789517,293.17724818797984
205.0,39.752101714285715,0.0020912295464862144,47267.148984186686,-541022.2417599064,543083.0962679725,30715350.710485756,293.17609477527577
209.99999999999997,39.752101714285715,0.002067213407954515,67333.55641318276,-807435.3331257822,810238.0051560098,45771600.8937043,293.17507808418196
215.0,39.752101714285715,0.00204377047612188,85118.10674900057,-1026065.2555004213,1029589.7244250639,58579576.95208109,293.1741516200851
219.99999999999997,39.752101714285715,0.0020196627447190583,96203.05280658048,-1109794.2779749434,1113956.1781305545,64376997.28456995,293.17327094091866
225.0,39.752101714285715,0.0019933159480146584,98344.38714859485,-1023148.8965108817,1027864.4282759607,60909086.60632938,293.17239710991464
229.99999999999997,39.752101714285715,0.0019623466246394498,92355.19449930952,-807091.976371073,812358.8740658712,49936257.748329006,293.1714980246274
235.0,39.752101714285715,0.0019226682111804737,80905.50716612468,-549158.3281461723,555086.0928379551,35949418.55739882,293.17054937298235
239.99999999999997,39.752101714285715,0.0018669207709925782,66470.10080425088,-327649.820553894,334324.2127186217,23300822.68106907,293.1695369306502
245.0,39.752101714285715,0.0017825873758441212,50673.91811523631,-177047.74476414733,184156.8622213691,14147150.010993203,293.1684621877123
250.0,39.752101714285715,0.0016532257405714912,35735.87869323123,-91733.02018065797,98447.95588249834,8401934.933330623,293.1673491469302
254.99999999999997,39.752101714285715,0.0014694123191850914,24578.18433334505,-49173.288239828034,54973.62477989875,5021204.627908587,293.1662429605957
260.0,39.752101714285715,0.001240400957354385,17893.14465400002,-28719.745733482974,33837.677529713575,3044515.1340495152,293.1651937338909
265.0,39.752101714285715,0.0009884395297532246,14587.470445295126,-19292.158426383507,24186.394331132513,1917142.3802203755,293.16423678866977
270.0,39.752101714285715,0.0007571097542460053,14743.741798080946,-17965.16018047102,23240.587396158055,1409667.5365410403,293.16338786889213
274.99999999999994,39.752101714285715,0.0005994418545184658,17643.28816903709,-25303.07418584661,30846.89904463885,1272060.2720755774,293.1626530235715
280.0,39.752101714285715,0.0005186687268962791,20349.474151897117,-45038.72100189294,49422.54028017056,1416893.4248866956,293.16203597082887
285.0,39.752101714285715,0.00048010982145388657,23062.422263681805,-85168.08749668697,88235.35826703315,1993780.0115962396,293.1615327427505
290.0,39.752101714285715,0.000458963322774343,29209.388060444755,-155582.9791534336,158301.1426147121,3064127.83820742,293.1611240481665
294.99999999999994,39.752101714285715,0.0004440039333745569,43433.043777267005,-262539.8446019715,266108.2473268827,4565124.724966242,293.16077905125326
300.0,39.752101714285715,0.00043065767906569396,70090.16504825426,-401020.2078717698,407099.29790901014,6280717.0576912705,293.16046668868495
305.0,39.752101714285715,0.0004171515773438442,110228.60390422148,-549863.2211798871,560802.9129070169,7843817.618758181,293.1601641522307
310.0,39.752101714285715,0.00040286579021579577,158991.5982813106,-676412.6536929554,694847.038131409,8857196.754541665,293.15985973559975
314.99999999999994,39.752101714285715,0.0003876660541801287,206183.72502784134,-751089.2522872824,778875.3387852419,9080700.780968191,293.15955188430405
320.0,39.752101714285715,0.0003716657874579687,240231.59269455788,-761891.7984265203,798868.1559795467,8540087.877407074,293.15924634596087
325.0,39.752101714285715,0.0003551678747550605,252876.76011313873,-717091.6864333824,760373.0285571618,7469083.124744663,293.15895291976153
330.0,39.752101714285715,0.0003386410330776051,241724.00118602364,-635625.2212273534,680036.7009284886,6155173.383020446,293.1586827245257
335.0,39.752101714285715,0.00032264326057611126,210093.26326235972,-535796.8976351394,575514.9822408338,4826297.909083439,293.158446142191
339.99999999999994,39.752101714285715,0.0003076932334541506,165421.9066934695,-430922.79760490305,461582.9987225907,3626969.281542073,293.15825137084175
345.0,39.752101714285715,0.00029417544898510916,116969.00934678427,-330697.8891431261,350774.6328218268,2636214.419580071,293.15810318095475
350.0,39.752101714285715,0.00028235875446748233,73008.39171599402,-242700.02991069917,253443.34629184942,1883018.195230548,293.158000901628
355.0,39.752101714285715,0.00027253918350211484,38554.7232483822,-171855.1003636971,176126.77878669032,1357997.557437045,293.157936152278
359.99999999999994,39.752101714285715,0.00026529625754616174,14823.66960814356,-119537.9874946136,120453.60781194475,1030435.872628267,293.1578935187971
365.0,39.752101714285715,0.0002618964334432314,326.80573376554156,-83996.16253593453,83996.79828868929,868939.6651961056,293.1578554680648
370.0,39.752101714285715,0.0002648893735418797,-7521.210437453473,-61864.46945380582,62319.99026993933,859774.3963810892,293.15780822948113
375.0,39.752101714285715,0.00027872837777006204,-11239.273024317314,-49529.967813522526,50789.16193169291,1018855.3591484833,293.1577459231336
379.99999999999994,39.752101714285715,0.00030976654269728376,-12650.272737744499,-43525.26528018431,45326.35125453779,1384878.6025077954,293.157672562867
385.0,39.752101714285715,0.0003649322681120268,-12519.731689637782,-40237.13769442612,42139.8971453506,1950610.756385359,293.15760029029616
390.0,39.752101714285715,0.0004487923691932068,-10761.702632356873,-36241.86316268746,37805.91076869118,2521104.7001023763,293.1575426050162
395.0,39.752101714285715,0.0005568297391520448,-7201.4718273898,-29926.516828661785,30780.799306984638,2706942.638774556,293.15750693994124
399.99999999999994,39.752101714285715,0.000656789490443322,-4335.856120536751,-22302.73437022004,22720.290682264396,2354459.776344799,293.1574924231399
0.0,44.72111442857143,0.00538265929760753,31080.94845148204,-2566878.548658646,2567066.712985964,359404202.3887089,293.2087152049296
5.0,44.72111442857143,0.005374091091606926,52063.20509047952,-3465911.2829150814,3466302.294717291,491302397.4990093,293.2087815181104
10.0,44.72111442857143,0.005361138235228944,74083.85757137505,-3984305.2836717525,3984993.978847057,578100891.7486637,293.20888951854283
14.999999999999998,44.72111442857143,0.0053468271476665484,67035.43585158866,-3908032.4028541087,3908607.298184031,587880119.9106553,293.2090579971089
20.0,44.72111442857143,0.0053350607369122395,26981.044231302516,-3292416.576900378,3292527.1286044423,523048220.1388608,293.20933578133736
24.999999999999996,44.72111442857143,0.005333667067033549,-36897.48957027539,-2415977.338303221,2416259.0763267307,417799517.2448994,293.2097751039042
29.999999999999996,44.72111442857143,0.0053617535624174185,-108021.37436367667,-1588489.0274912415,1592157.6579533473,315810330.39855844,293.21039163587454
35.0,44.72111442857143,0.005469711470975745,-168664.46106301178,-991137.8202577239,1005386.4327565338,251074709.20502073,293.21113249511404
40.0,44.72111442857143,0.00578527685706961,-201060.08943279926,-658952.9518775649,688944.2302181517,248343449.80976015,293.21189094764225
44.99999999999999,44.72111442857143,0.006533186356225419,-213479.4691984665,-563424.0244784935,602511.5062210854,340988842.3895547,293.2125700983808
49.99999999999999,44.72111442857143,0.0078124105139875735,-243208.25316424225,-680896.9773666132,723029.0092342024,589434447.5086298,293.2131403026711
54.99999999999999,44.72111442857143,0.009305351947530826,-274564.6407546702,-958109.0160602132,996673.7824426861,993127143.8369535,293.21362335315655
59.99999999999999,44.72111442857143,0.010587392588277653,-260810.99017564234,-1279855.9172363027,1306159.8453027015,1421321473.1273599,293.214047346101
65.0,44.72111442857143,0.011501908253965328,-190042.85008064992,-1533259.2234517145,1544991.9518128664,1746219458.1287868,293.2144318942118
70.0,44.72111442857143,0.011992840346299733,-68710.88498640964,-1636576.435717745,1638018.197598004,1882494619.830589,293.21478068025
75.0,44.72111442857143,0.011989255631163629,82756.06913159597,-1562152.2210458843,1564342.7145918834,1810847105.4654958,293.21508208944545
80.0,44.72111442857143,0.011373777670063782,233227.9602544723,-1350651.4092183018,1370640.1827860754,1583100675.5562677,293.21530201962406
84.99999999999999,44.72111442857143,0.010002433355807885,351664.2746138951,-1107833.7745432816,1162309.5259260898,1295408361.5381262,293.2153632192447
89.99999999999999,44.72111442857143,0.007964925685117506,446091.94001973857,-969887.0583593985,1067557.457434316,1029576018.9593486,293.2151367289734
94.99999999999999,44.72111442857143,0.00592847046011598,568410.4388226834,-1001718.9484553725,1151751.3962036828,798650099.6288186,293.21449023262807
99.99999999999999,44.72111442857143,0.0045053893823553005,685279.03021611,-1149109.6395899523,1337931.355882088,581216047.4612164,293.21336446968274
104.99999999999999,44.72111442857143,0.0036791353260232466,729574.9272446566,-1375997.7300379793,1557449.6227916067,425818725.56980777,293.21180218343
109.99999999999999,44.72111442857143,0.003210646797930261,699861.8337449133,-1644240.117706739,1786989.6896762063,337240775.9704192,293.20990656111013
114.99999999999999,44.72111442857143,0.0029319555841457283,615201.4511243458,-1870154.6933237093,1968743.6101296172,284205356.6671075,293.2078045842052
119.99999999999999,44.72111442857143,0.002754622399603399,494973.18691492017,-1948262.3466227616,2010155.3738536586,240575329.70268148,293.20562885433395
125.0,44.72111442857143,0.00263404200418108,360690.9717822114,-1810142.2041627818,1845728.2509666719,193642134.87057716,293.2034974443329
130.0,44.72111442857143,0.002547361964089884,234047.25223072228,-1475306.2758419306,1493755.9117256533,142722294.3505019,293.20149801350584
135.0,44.72111442857143,0.002482702299200521,131858.68846904847,-1045142.5868199485,1053427.6152206527,94231252.8706638,293.1996848380447
140.0,44.72111442857143,0.002434171168939615,61690.079826297195,-641322.9663908344,644283.1777792388,55173867.63595424,293.1980854924177
145.0,44.72111442857143,0.0023998104232352113,21358.844518081914,-341680.70766032336,342347.6394345475,28655772.529511638,293.1967068431572
150.0,44.72111442857143,0.002381378697722338,2686.3961528476884,-159994.20828589372,160016.75977634336,13387231.150570462,293.1955281556234
155.0,44.72111442857143,0.002385611785890811,-3350.113825753621,-68195.523014824,68277.760815004,5854631.471140211,293.19448105367985
160.0,44.72111442857143,0.002423910851759063,-3572.395658383362,-28947.310606985557,29166.91279716341,2604231.937366737,293.1934456444592
165.0,44.72111442857143,0.0024961659432822126,-2321.700209471994,-14581.848161656248,14765.520230329172,1328831.4417847628,293.19228825193863
169.99999999999997,44.72111442857143,0.002566963308901223,-1211.426542823313,-10161.630637740669,10233.586443008468,859643.5876973745,293.1909102393383
175.0,44.72111442857143,0.0025966915215309807,-159.28190020169313,-9980.007674441727,9981.27867087417,749536.0897078336,293.1892733776844
179.99999999999997,44.72111442857143,0.002579077750666135,1334.1188254600065,-14610.402884103925,14671.187595974605,1000797.3783256707,293.18741173538695
185.0,44.72111442857143,0.002533982947879425,4501.886346521684,-30527.23430659458,30857.39806086578,1968209.7224411676,293.18543313607074
189.99999999999997,44.72111442857143,0.002485004947482052,10934.52548119302,-72227.77201860116,73050.76932017817,4426922.093434214,293.18348635650625
195.0,44.72111442857143,0.0024422830137025,21802.188367113038,-162503.74651627918,163959.76045793126,9544736.246149892,293.1816984912883
199.99999999999997,44.72111442857143,0.0024067509988641212,37212.4314299726,-323928.5907435663,326059.0390620129,18432310.57557038,293.1801308277938
205.0,44.72111442857143,0.0023770613113694473,55033.47456722725,-558141.5861922317,560848.2090192694,31107284.900627468,293.1787811815103
209.99999999999997,44.72111442857143,0.0023517316866728147,70809.63398230197,-823707.9931942946,826745.9478684366,45429302.10203916,293.1776114756839
215.0,44.72111442857143,0.0023294838728858906,79700.15626530797,-1037458.2951011279,1040515.1747970106,57180722.73203475,293.17657186549405
219.99999999999997,44.72111442857143,0.0023091788253249866,79339.64834045665,-1114019.1879512419,1116840.8709043253,61976033.115164444,293.17561348885533
225.0,44.72111442857143,0.002289632045483947,71292.34426282474,-1020728.0758460293,1023214.7395199243,57950919.714050315,293.174693679959
229.99999999999997,44.72111442857143,0.002269286767027364,59743.16328825961,-800463.6054974928,802689.9957553559,46997311.12541737,293.17377724869607
235.0,44.72111442857143,0.0022455783529433536,48557.05104122473,-540774.0449093994,542949.6798539375,33421810.535080396,293.17283552261097
239.99999999999997,44.72111442857143,0.0022136348786666368,39235.3113862966,-318808.724194413,321213.96651149675,21284494.32346826,293.17184582447203
245.0,44.72111442857143,0.002163756673114345,31197.195773464617,-168139.83237713642,171009.55603690518,12604600.635012096,293.17079503122056
250.0,44.72111442857143,0.002077703199731693,23680.933807291636,-83085.9889526692,86394.83888652375,7346426.032718691,293.1696876074304
254.99999999999997,44.72111442857143,0.0019281345159402967,17356.508495238886,-41742.59901651414,45207.222429594,4492947.976865668,293.16855088098805
260.0,44.72111442857143,0.0016919630025995888,13500.263299014128,-23950.676279503852,27493.490200196415,3051617.7226305297,293.1674274667
265.0,44.72111442857143,0.0013771626693242945,12201.438301367381,-17443.41936854795,21287.272626832888,2353807.4772826377,293.166357899124
270.0,44.72111442857143,0.001051257116817128,13528.547314390991,-17839.02591619473,22388.667626198367,2075248.9675922384,293.16537059275703
274.99999999999994,44.72111442857143,0.0008109472851236308,17552.66596578934,-26097.366893073864,31451.051512760067,2076025.053157075,293.16448597532565
280.0,44.72111442857143,0.0006788464342260023,22815.457778331926,-47117.82423328584,52351.0694648511,2378099.977525439,293.1637212971083
285.0,44.72111442857143,0.0006108113977070053,29937.64978147884,-90498.53409647896,95321.81045306496,3249260.6214631572,293.1630834842807
290.0,44.72111442857143,0.0005706197188751782,42797.391475155106,-167993.69575751305,173359.44892432468,4805264.386213477,293.1625592196617
294.99999999999994,44.72111442857143,0.0005416352548056813,66097.14864402114,-286672.25440411817,294193.498405402,6930331.3837964665,293.1621184940683
300.0,44.72111442857143,0.0005171155802350387,102979.81018347753,-439457.6961040802,451362.28018137615,9262541.598345911,293.16172802884944
305.0,44.72111442857143,0.0004943039448174387,151996.419311465,-599823.7810672517,618782.255577292,11235092.034223465,293.16136155777764
310.0,44.72111442857143,0.0004720286070631438,205299.23047551027,-728817.5460190964,757180.8168589154,12289537.36397078,293.16100330519794
314.99999999999994,44.72111442857143,0.00044981619473464466,250391.77470090557,-793520.3789765843,832088.1159402597,12153240.473633358,293.16064761543566
320.0,44.72111442857143,0.0004275971758732769,275120.27830342844,-783699.4021716937,830587.6958503696,10961267.167547166,293.1602972986485
325.0,44.72111442857143,0.00040562566877485137,272787.8526295832,-713340.2690883295,763719.5506501517,9130402.648702832,293.1599615772302
330.0,44.72111442857143,0.0003844289766434502,244285.80314226527,-608181.000657304,655408.0280080349,7119279.968656398,293.15965352308586
335.0,44.72111442857143,0.0003646970038116516,196803.17692692002,-492037.88165315206,529936.5692516888,5264583.802562015,293.1593869010122
339.99999999999994,44.72111442857143,0.0003471327272586215,140812.0109841151,-381034.2329890536,406220.5178803096,3746882.986498975,293.15917315149176
345.0,44.72111442857143,0.0003323746550475036,86778.3953325383,-284347.8167652197,297294.7540667969,2623805.928351817,293.15901883301234
350.0,44.72111442857143,0.00032109005028966176,42350.074745259866,-206259.8198520959,210562.6797805066,1874283.3549591738,293.1589225236969
355.0,44.72111442857143,0.000314276120005444,10903.598920216922,-147354.20464163867,147757.06445034323,1440037.331080514,293.15887235755207
359.99999999999994,44.72111442857143,0.0003138195565966661,-8068.8965717322635,-105522.05993193465,105830.11019631474,1262360.99207818,293.15884853512983
365.0,44.72111442857143,0.0003234699402815439,-17344.328680285762,-77331.69054201317,79252.86177454711,1310661.8637553207,293.15883048420034
370.0,44.72111442857143,0.00035040725100628613,-20268.724118439804,-59344.93853876427,62710.787808471454,1602160.5965573557,293.1588026937957
375.0,44.72111442857143,0.00040694653729207324,-19757.306207538495,-48744.28678613085,52596.16566696673,2209168.1619110564,293.15875702617524
379.99999999999994,44.72111442857143,0.0005099088822076762,-17887.2795658816,-43077.75097281385,46643.83559639762,3212797.2138694874,293.158693783263
385.0,44.72111442857143,0.0006739739754213518,-15530.145332268115,-39696.5771928411,42626.32584294078,4501680.596091012,293.1586216526838
390.0,44.72111442857143,0.0008988744770574171,-12478.806099169307,-36141.199348485185,38234.89102910601,5554122.665198088,293.15855397355773
395.0,44.72111442857143,0.001153249864861374,-8301.614363818626,-31515.233091373782,32590.285636201177,5760035.360585397,293.158502539683
399.99999999999994,44.72111442857143,0.0013539968265914052,-5555.238599512024,-26572.319798983575,27146.801936820528,5268619.280323453,293.15847457487064
0.0,49.69012714285715,0.006089656690244418,1513.0757990678844,-2587660.920470191,2587661.362838463,361575638.90643257,293.2135315890505
5.0,49.69012714285715,0.00608924370763809,-6349.56767805034,-3475967.008455355,3475972.8078452754,490994418.63099045,293.21362171020485
10.0,49.69012714285715,0.006092265153737609,-40398.41072171548,-3970340.5364806904,3970546.0590718016,572800694.48265,293.21377775431114
14.999999999999998,49.69012714285715,0.006104082007088207,-108603.50403277596,-3865603.236321314,3867128.534422668,577245937.5314293,293.2140250656588
20.0,49.69012714285715,0.006134643528786318,-205676.05083748949,-3230458.160261326,3236999.0057284688,510375169.57218605,293.2144214290663
24.999999999999996,49.69012714285715,0.006205357629714428,-315068.5780876916,-2351964.124645681,2372973.5465273364,410577860.4558526,293.2150208244083
29.999999999999996,49.69012714285715,0.006366880638752327,-415505.41060851805,-1538340.097122357,1593466.3475139271,327459288.23862255,293.2158230546376
35.0,49.69012714285715,0.006747065314519865,-480966.4875270358,-961098.1634705196,1074727.1476753994,306842374.3196413,293.2167475912809
40.0,49.69012714285715,0.00765854746167353,-466488.10378793575,-639673.0216975366,791702.4224185001,375669948.23268,293.2176665391741
44.99999999999999,49.69012714285715,0.00957350597548406,-392638.7995092495,-529006.1939146114,658796.4633178354,506516921.3244635,293.21847251515703
49.99999999999999,49.69012714285715,0.01229089831538125,-389500.1760539345,-651159.9748227135,758761.9521016871,755523112.2763355,293.2191376285906
54.99999999999999,49.69012714285715,0.014740775490219194,-423390.3606966884,-1006037.0645624402,1091498.9568498374,1148182863.7310705,293.21969100850566
59.99999999999999,49.69012714285715,0.016415881370631987,-396080.5009674862,-1469463.8352652828,1521907.9231015288,1572172350.4895058,293.2201846695046
65.0,49.69012714285715,0.017458614028459954,-295115.3244905113,-1877136.6137453201,1900193.3905296025,1919795403.1516933,293.2206670358287
70.0,49.69012714285715,0.01800211770877684,-123534.13619839151,-2081653.2485032382,2085315.5468202808,2088921038.864261,293.22115498446027
75.0,49.69012714285715,0.018058518689677918,97759.11533061844,-2014001.0630525032,2016372.2688548455,2051269316.4496665,293.22162912430167
80.0,49.69012714285715,0.017503514227600676,329309.83913139335,-1718245.4829990217,1749517.7935634966,1871121903.240095,293.2220240285692
84.99999999999999,49.69012714285715,0.01602341353910379,514337.2078097152,-1333941.1473412192,1429664.907559636,1669654972.0008337,293.2222155281186
89.99999999999999,49.69012714285715,0.013256116255129406,614887.9814603033,-1048784.464478664,1215745.0730626567,1503663267.8891835,293.2220408748856
94.99999999999999,49.69012714285715,0.009699610273794854,741504.9525165341,-1017633.3927030662,1259129.586877737,1363235277.270079,293.2213771172833
99.99999999999999,49.69012714285715,0.006810554025138842,919613.9828870317,-1180806.5393295768,1496660.937168082,1101639507.0712523,293.22018826891616
104.99999999999999,49.69012714285715,0.005127517726677907,977544.196144671,-1388013.3575023548,1697696.597163666,754209977.166987,293.21852519171193
109.99999999999999,49.69012714285715,0.004224573140868204,906016.8301511949,-1611285.1685869086,1848541.6930719637,525957784.8962923,293.216492154857
114.99999999999999,49.69012714285715,0.003717756882698167,765678.4872329262,-1794503.0023646674,1951026.5429529932,400021727.24584067,293.21419916732987
119.99999999999999,49.69012714285715,0.0034111426230480583,593096.4481233883,-1844945.4585761402,1937933.7300066024,316906767.020625,293.2117677776136
125.0,49.69012714285715,0.00321182064791719,415794.75908295513,-1699804.7987784804,1749920.4655158482,245040143.4097449,293.2093268878497
130.0,49.69012714285715,0.003074788759928299,258037.47337603263,-1378002.513619056,1401953.7314785833,176404424.5121107,293.2069907184489
135.0,49.69012714285715,0.0029776989395477725,137054.16459053397,-973888.134486691,983484.5919106085,115175082.59352973,293.20484388604746
140.0,49.69012714285715,0.002909808326480592,58495.667250858496,-598633.4971683194,601484.6689809271,67503763.42887792,293.2029416564332
145.0,49.69012714285715,0.002867362401686458,16617.144910124,-321517.8567226163,321946.9858477773,35605714.08422059,293.2013115812473
150.0,49.69012714285715,0.0028521019011973066,-406.75353007557396,-153227.27785484697,153227.81773307582,17175055.92126234,293.19993813552173
155.0,49.69012714285715,0.002870370354710002,-4187.673971357923,-67367.85995658749,67497.89010347489,7828512.757078652,293.1987392004275
160.0,49.69012714285715,0.0029248444514682103,-3003.7238479576604,-29987.265235029223,30137.326245551078,3554388.806933146,293.197577618468
165.0,49.69012714285715,0.0029892020486391693,-1282.6893812541696,-15936.963710861852,15988.499128126747,1760658.154241379,293.1963116425681
169.99999999999997,49.69012714285715,0.0030141540091482436,55.347964884498175,-11358.680855360251,11358.815702842632,1056801.2503084952,293.19483271144924
175.0,49.69012714285715,0.0029846190929252977,1386.712600958154,-11313.280787820024,11397.951308095406,870596.5884644805,293.19307950007914
179.99999999999997,49.69012714285715,0.0029202105343239574,3630.6615185596656,-17044.30358116755,17426.70329205587,1143507.3005579629,293.19105899049896
185.0,49.69012714285715,0.0028464181450762426,8498.942735436452,-35557.38716346417,36558.990816387624,2181410.1743196826,293.1888703249333
189.99999999999997,49.69012714285715,0.002779983860892273,17881.567605539523,-81639.62417286696,83574.9884541927,4680835.670237584,293.1866815648359
195.0,49.69012714285715,0.0027252765954354527,33002.29227068993,-177458.451818664,180501.11749514774,9646636.704854114,293.184650940434
199.99999999999997,49.69012714285715,0.0026812020391837974,52987.67785618549,-343483.6009379917,347546.65603041044,17928392.76404622,293.18286367578617
205.0,49.69012714285715,0.0026457693314960924,73364.12348283078,-578390.2010389024,583024.4585540353,29316292.611859486,293.18132996025207
209.99999999999997,49.69012714285715,0.002617237978865107,86894.88046719019,-839036.0471056504,843523.685852438,41731365.06455904,293.1800157870018
215.0,49.69012714285715,0.0025942489572542055,87473.47041440147,-1043816.1910213326,1047474.9871307774,51464985.58265471,293.1788706244635
219.99999999999997,49.69012714285715,0.0025757599908374012,74525.78145975232,-1111702.9548653027,1114198.1654797462,54901365.97443447,293.17784305127174
225.0,49.69012714285715,0.0025609307517685713,53933.533502655584,-1013983.99682553,1015417.3387599596,50722633.09794276,293.1768877807401
229.99999999999997,49.69012714285715,0.0025489381669427913,34214.72587853925,-794178.3187974324,794914.9951503366,40767437.041628756,293.1759670736858
235.0,49.69012714285715,0.0025386154950838387,21170.599043943912,-537363.9272243553,537780.7959995054,28771256.09407851,293.1750484676817
239.99999999999997,49.69012714285715,0.0025276470629005915,15429.417057611689,-317822.0994945203,318196.40764446487,18145204.456999313,293.174102074246
245.0,49.69012714285715,0.0025106619024758865,14064.516459018714,-168042.18417572032,168629.73132212693,10569946.383081295,293.17310168568275
250.0,49.69012714285715,0.0024747969297768306,13769.203941946678,-82902.73726688384,84038.41278568325,6052464.4226229405,293.1720321375519
254.99999999999997,49.69012714285715,0.002391372411128918,12883.705678083365,-41299.74074335327,43262.668173237675,3779135.151187177,293.17089926390634
260.0,49.69012714285715,0.0022118165129758863,11820.468120979764,-23599.92957912662,26394.699140903926,2872201.0882546133,293.1697319759956
265.0,49.69012714285715,0.0018987287738129219,11795.794933650435,-17699.15910667633,21269.72052473132,2703912.8683129046,293.1685713840069
270.0,49.69012714285715,0.001499106055303509,13820.782210962905,-18779.86298896035,23317.31705850807,2914736.9633518956,293.1674578995307
274.99999999999994,49.69012714285715,0.001149711855339006,19299.868150843144,-28291.257026584783,34247.337630598566,3424652.431313319,293.1664277880574
280.0,49.69012714285715,0.0009294220782982497,28520.432093487183,-52486.889773273804,59735.154179687255,4263239.719568684,293.1655127771284
285.0,49.69012714285715,0.0008052408534379143,42192.93660683615,-102295.63793552255,110655.50795213049,5758725.135080345,293.1647314033211
290.0,49.69012714285715,0.0007288193558290868,64267.70130043821,-190617.11443892715,201159.69215393375,8135483.541866609,293.1640785515858
294.99999999999994,49.69012714285715,0.0006746204549142541,98889.96711237109,-323965.96935829765,338722.85854035197,11181946.792335033,293.16352844427615
300.0,49.69012714285715,0.0006313882943538904,146908.10667208358,-491492.4414598498,512978.373635907,14289324.388500907,293.1630485146244
305.0,49.69012714285715,0.0005939756981759988,203308.47257212637,-660073.8806241832,690674.9328749955,16611077.858965036,293.16261063670004
310.0,49.69012714285715,0.0005598196658304296,256862.30982225743,-784568.4682778668,825545.8361733184,17420596.663950928,293.16219518538674
314.99999999999994,49.69012714285715,0.0005276017245364273,293502.74581790343,-830473.6340973533,880812.3061887325,16487386.469136914,293.1617912404856
320.0,49.69012714285715,0.0004967654642343382,302263.51353465224,-792175.9849252675,847883.2600698227,14174788.266609509,293.1613962372897
325.0,49.69012714285715,0.0004673531221967165,280153.9004500005,-692058.2866998193,746612.938628335,11191153.18632925,293.16101593166957
330.0,49.69012714285715,0.0004399067176397672,232901.15231068645,-563841.0906676048,610048.9507186122,8226031.422841086,293.16066343575073
335.0,49.69012714285715,0.00041531166792267954,171736.16813269543,-435985.10205893137,468589.71463556285,5728330.965513114,293.1603557830376
339.99999999999994,49.69012714285715,0.00039461475306989355,108914.99502903206,-325156.4383129559,342912.79579295544,3880046.461919863,293.16010867790857
345.0,49.69012714285715,0.00037898094734969956,54202.29037911831,-237707.94967249245,243809.26483594193,2674785.9059053767,293.15993129076634
350.0,49.69012714285715,0.0003699587289323405,13038.021721009012,-173333.05806691997,173822.7229945146,2016199.947890357,293.1598216535185
355.0,49.69012714285715,0.0003701856810555355,-13530.95037733037,-128158.77382407675,128871.09034304257,1800046.0822995007,293.1597650879258
359.99999999999994,49.69012714285715,0.0003847845143686423,-27550.18461815308,-97121.20423720579,100953.16233273408,1969811.4904100979,293.1597396060953
365.0,49.69012714285715,0.00042401589629877356,-32377.576645126886,-75679.27355458362,82314.39676727616,2546256.0200099675,293.15972464403944
370.0,49.69012714285715,0.0005077863523316085,-31295.414064977613,-60644.54438895506,68243.41510828967,3618142.1749810786,293.1597056320523
375.0,49.69012714285715,0.0006698044295853152,-27063.213564131514,-50148.47785445722,56984.97485773577,5235234.996188103,293.1596740238883
379.99999999999994,49.69012714285715,0.0009488605118881559,-22090.648783502922,-43236.93083977687,48553.36190337109,7212095.259271391,293.159626806622
385.0,49.69012714285715,0.0013530048172823007,-17744.962279065356,-39242.088454089004,43067.68153179363,9092914.736478847,293.15956704194656
390.0,49.69012714285715,0.001828271737561372,-13724.206993371881,-36871.278719976246,39342.66198470931,10273778.964888945,293.15950355449115
395.0,49.69012714285715,0.002273892758453757,-9116.785126400813,-34782.646193971195,35957.58956459598,10340367.571865182,293.15944838255916
399.99999999999994,49.69012714285715,0.0025653495632139813,-6452.7071926796125,-32598.635308113793,33231.13681573145,9868152.262362408,293.1594142441491
0.0,54.659139857142854,0.006786469977591012,-25174.77435199302,-2582021.5665010037,2582144.2909217854,352742548.66616476,293.21799131502246
5.0,54.659139857142854,0.0067932020567955664,-59171.54587334183,-3447070.457514357,3447578.2820567363,475548524.7588414,293.2181063055889
10.0,54.659139857142854,0.006810402929798083,-144944.89556232106,-3908824.2446616045,3911510.705392986,550077230.0245935,293.2183032082922
14.999999999999998,54.659139857142854,0.00684588309668775,-271766.38206652534,-3774477.127692784,3784248.2151541673,549860784.3585584,293.21860179601276
20.0,54.659139857142854,0.006915891654566362,-427700.26604455576,-3126188.061293224,3155309.7014630544,485106045.33583784,293.21905614585444
24.999999999999996,54.659139857142854,0.007056556161567015,-591629.7289374844,-2256536.4791815616,2332805.739456194,399457215.6779982,293.2197163749371
29.999999999999996,54.659139857142854,0.007354907202073352,-739598.1099913502,-1469010.6662435534,1644687.7216785275,353919532.6876683,293.2205793448752
35.0,54.659139857142854,0.00803480697072402,-830359.7240325473,-925138.1739578045,1243132.2987556027,420135075.89263624,293.2215700398413
40.0,54.659139857142854,0.009637021059206108,-764867.4905681601,-632914.9322414575,992775.6995324992,599213310.1964324,293.22257222493744
44.99999999999999,54.659139857142854,0.012735719488959914,-641934.7468826165,-554116.0065796481,848012.245196392,749151240.4292833,293.223488511819
49.99999999999999,54.659139857142854,0.016397429444284323,-692438.481712443,-764314.3656040045,1031332.8756637622,958870328.8775116,293.22429588649044
54.99999999999999,54.659139857142854,0.019046166778129012,-742724.1267666876,-1226615.8942963202,1433954.5601662905,1153133677.869845,293.22500195023036
59.99999999999999,54.659139857142854,0.02060811878452944,-670544.531552621,-1802081.0134912166,1922791.1867856723,1354115721.4646897,293.22565716991375
65.0,54.659139857142854,0.021528933704941543,-511779.55621760455,-2315614.264600874,2371494.831658997,1555514232.849534,293.2263080321153
70.0,54.659139857142854,0.022039084897754684,-268929.82615024963,-2595816.711513036,2609710.261918659,1675239435.5611815,293.2269580455963
75.0,54.659139857142854,0.02219765948206652,43055.50844719579,-2554097.233794841,2554460.1105685923,1686771467.3309975,293.2275637487556
80.0,54.659139857142854,0.02192657168926543,385451.2399280305,-2232139.560382032,2265175.418236863,1643101943.5839639,293.22803053587967
84.99999999999999,54.659139857142854,0.02094985348612447,696728.1192857516,-1773680.3922669739,1905615.9650138814,1671638980.334794,293.2282261116484
89.99999999999999,54.659139857142854,0.018684281704045614,863605.6947807226,-1342506.441607338,1596288.9280499602,1818467606.2712655,293.2280199373852
94.99999999999999,54.659139857142854,0.014719468897802863,896630.4973484951,-1099842.5447263625,1419013.6968914608,1853737860.7605805,293.2273282559135
99.99999999999999,54.659139857142854,0.010339683242758784,1019018.1244880445,-1157604.9031483333,1542221.4658823144,1706527329.6593993,293.22615096762445
104.99999999999999,54.659139857142854,0.0073282092192473065,1105472.7937649507,-1343769.098763838,1740053.3004902645,1256424547.4266758,293.2245228853247
109.99999999999999,54.659139857142854,0.0057022661303963084,1005345.7775441422,-1529873.445596614,1830637.2912096737,824895531.8913319,293.22252030534736
114.99999999999999,54.659139857142854,0.004826558972786494,817872.6383428052,-1679252.0655512663,1867833.8127917098,583819591.4721497,293.22022574661764
119.99999999999999,54.659139857142854,0.004318684874914726,610976.6941709529,-1712267.9930632294,1818008.3060560657,442005626.9590701,293.2177188442685
125.0,54.659139857142854,0.004000563802264148,413883.9032669067,-1569877.1124392308,1623519.027773924,333119493.98202026,293.2150997073324
130.0,54.659139857142854,0.00378989806914495,246746.1791596217,-1269844.9318901761,1293595.6972628806,236677364.29273894,293.2124826498605
135.0,54.659139857142854,0.0036477652229341567,123321.82821907659,-898988.8822808694,907408.0029291688,154258893.61452383,293.20997779680636
140.0,54.659139857142854,0.003556336304484334,46721.32436120858,-557064.9390917895,559020.7764613087,91530515.61905834,293.20768153601966
145.0,54.659139857142854,0.0035094270781366914,9018.32532229651,-304391.95859120967,304525.52380155504,49700538.69068072,293.2056661232224
150.0,54.659139857142854,0.003507475975400008,-3456.9520099774827,-149270.03564798518,149310.0601418071,24977679.755037893,293.2039482845626
155.0,54.659139857142854,0.0035485817956185804,-3776.5993417797677,-68335.46291051111,68439.74133339613,11707114.12487959,293.2024613218619
160.0,54.659139857142854,0.003602898485809471,-982.5819949108885,-32048.4220908107,32063.481187910438,5210858.899319883,293.20107835160223
165.0,54.659139857142854,0.003598928791439295,1326.1109145246153,-17804.52559579663,17853.842775408288,2407134.8068146105,293.1996631986387
169.99999999999997,54.659139857142854,0.003501662797015328,3128.8229520324066,-12881.526030812835,13256.06449696415,1336477.6941740762,293.1980976006687
175.0,54.659139857142854,0.0033583649897587,5279.627021284148,-13394.327506934957,14397.307763846271,1078943.6552536972,293.1962910712903
179.99999999999997,54.659139857142854,0.003223847456388494,9306.96997633565,-21314.840962858743,23258.162769496095,1387602.774482683,293.1942081986485
185.0,54.659139857142854,0.0031170193522298923,17190.575490362287,-44319.77552357896,47536.916056369,2460094.2834781446,293.19191312503773
189.99999999999997,54.659139857142854,0.0030346579900070387,31159.614017034204,-97384.99127339631,102248.51133884556,4874359.535878298,293.1895696590136
195.0,54.659139857142854,0.0029701563393505753,52577.64554686951,-201186.64842188798,207943.44499042188,9413236.496921767,293.1873590309435
199.99999999999997,54.659139857142854,0.0029189491801113318,79391.75652934672,-372427.25467049034,380795.36634026066,16610737.15202289,293.1853932919781
205.0,54.659139857142854,0.0028782177579564218,104325.54347931546,-605269.8747330147,614194.9529925933,26051244.508405462,293.1837006173526
209.99999999999997,54.659139857142854,0.002846116978906968,116745.5963149611,-854974.5498444439,862908.4627819137,35865579.59118011,293.1822563831528
215.0,54.659139857142854,0.002821371000634848,108773.4306179668,-1044030.137813992,1049681.183918386,43096596.45782004,293.1810136520949
219.99999999999997,54.659139857142854,0.00280310714490833,81548.60691920356,-1099386.7715316887,1102407.1156833724,45105717.07630822,293.17992144026306
225.0,54.659139857142854,0.00279077385496877,45746.94526536158,-998317.1117010319,999364.7174661524,41156866.727176405,293.1789336632046
229.99999999999997,54.659139857142854,0.0027840493271123136,15021.784052474231,-783866.0261270873,784009.9494983406,32875545.335048497,293.1780110652516
235.0,54.659139857142854,0.0027826517588735605,-2224.5579271748607,-535528.0323139067,535532.6526477877,23182018.77214261,293.17711832169005
239.99999999999997,54.659139857142854,0.0027858671009657722,-6058.648570000512,-322118.43262474774,322175.4054224483,14646323.075525517,293.17621998836347
245.0,54.659139857142854,0.0027912941993330585,-1982.1641382308867,-174376.24232061274,174387.507753646,8518220.053915577,293.17527966051756
250.0,54.659139857142854,0.002791479835726045,4097.991186624246,-88612.6230552072,88707.33056794059,4820760.921659745,293.1742658419893
254.99999999999997,54.659139857142854,0.0027659146220192234,8722.889067899987,-45744.74198312789,46568.98337728484,3001222.7556558675,293.1731637507004
260.0,54.659139857142854,0.002669445551704049,11239.301404535918,-27081.494908492034,29321.140198510067,2466614.1430727504,293.1719847053584
265.0,54.659139857142854,0.0024399311223640284,12880.74361965861,-20651.122914259704,24338.907818865624,2760159.0003711,293.17076397454014
270.0,54.659139857142854,0.00206272367227349,15569.03003288375,-21634.962763205036,26654.573902617627,3607040.346251786,293.16954985977117
274.99999999999994,54.659139857142854,0.0016408592205601775,22458.97798357389,-32242.85197003251,39293.85696553707,5126693.491354627,293.16839383636034
280.0,54.659139857142854,0.0013088565305676809,36735.31312794061,-61205.1885194389,71383.17961752546,7501448.935019177,293.1673421957156
285.0,54.659139857142854,0.0010941531233741727,59664.048012991196,-121163.81577816338,135057.2799934207,10681965.945744868,293.166424350245
290.0,54.659139857142854,0.000955637008565439,93888.06601428012,-224738.22543596535,243561.57109036847,14707190.802193934,293.1656436066873
294.99999999999994,54.659139857142854,0.0008588436683254219,141645.95414547384,-375611.34631975164,401431.76233317424,19175523.56586343,293.16498059559876
300.0,54.659139857142854,0.0007852467615156402,200184.92882915318,-556928.8367129822,591813.9360413953,23125742.08714692,293.1644063467242
305.0,54.659139857142854,0.0007252230515417965,260085.7638685692,-728030.3013781665,773092.9596703628,25400248.497358527,293.1638931795545
310.0,54.659139857142854,0.0006735069584042464,307140.9600479697,-838833.2557804688,893295.4720261655,25211612.01924345,293.16341891192525
314.99999999999994,54.659139857142854,0.0006271239840497793,327617.82935244887,-856371.6823797261,916900.1584095691,22588718.092173275,293.1629673935203
320.0,54.659139857142854,0.0005845188838022249,314430.9619120348,-783169.9002260363,843932.4157946459,18353540.191542283,293.1625290958137
325.0,54.659139857142854,0.0005452121583285845,270425.91272462584,-652189.8570891152,706032.4241583154,13653904.323638756,293.16210318067357
330.0,54.659139857142854,0.0005096377073849108,206651.40533370498,-504957.7531943557,545607.1259042417,9439758.851796549,293.16169943104654
335.0,54.659139857142854,0.0004789667186103964,137094.38475726085,-372292.3643198436,396732.24580670404,6213898.401092269,293.16133655405895
339.99999999999994,54.659139857142854,0.00045492280794644794,73567.37706725865,-268410.82733064005,278310.13491584326,4075512.130523307,293.1610354821936
345.0,54.659139857142854,0.0004398352443202133,23156.72247381193,-194757.30671751694,196129.14703223007,2896857.590084006,293.1608104496973
350.0,54.659139857142854,0.00043729343971574873,-11871.579225262818,-145977.01342825172,146458.94592934116,2501101.769970955,293.16066179807007
355.0,54.659139857142854,0.0004538286956644706,-32746.870692459546,-114474.6452779863,119066.37624312524,2788507.2915350813,293.160575084044
359.99999999999994,54.659139857142854,0.0005024082993562068,-42393.142141021235,-93237.80727532372,102422.9818258541,3803048.6985690836,293.16052865263333
365.0,54.659139857142854,0.0006091923597996326,-43891.880673600666,-77241.27145342852,88840.93203477681,5715943.686172248,293.1605029484859
370.0,54.659139857142854,0.0008237467614265659,-39753.43380263427,-63790.90093644925,75163.91781556033,8575524.785954654,293.16048419275427
375.0,54.659139857142854,0.0012191972661526054,-32570.34073833551,-52534.71908020087,61812.00372619301,11778830.563745396,293.16046339338436
379.99999999999994,54.659139857142854,0.0018388159002816014,-25579.760082674755,-45043.373976807256,51799.90024219851,14397159.904562134,293.1604349210747
385.0,54.659139857142854,0.002606694864573339,-20157.894868052656,-41914.63339131003,46509.969015678624,16122136.015882889,293.1603966959275
390.0,54.659139857142854,0.00335758743199804,-15234.821542033058,-41110.76868986086,43842.84536488067,16739901.320356585,293.1603514664389
395.0,54.659139857142854,0.0039479444265495605,-9778.955521604947,-40562.81416818849,41724.93096862498,16254851.726411745,293.160307538104
399.99999999999994,54.659139857142854,0.004280585987106098,-6822.64739746945,-39740.17471539723,40321.58235883724,15682378.097089626,293.16027786148345
0.0,59.628152571428565,0.0074620342087882655,-48787.34814727899,-2548717.9364513187,2549184.8353793244,337194546.5683841,293.22204438657167
5.0,59.628152571428565,0.007474830140044134,-105554.50454321927,-3378865.0435328456,3380513.383472632,450985443.00491726,293.222181593315
10.0,59.628152571428565,0.007504144744647942,-236521.31271089177,-3800187.7677599024,3807541.1227718177,517018037.9078394,293.22240932608327
14.999999999999998,59.628152571428565,0.007560101573252421,-415348.28294981946,-3634812.287253463,3658466.1484996844,512659357.5942519,293.22273358099267
20.0,59.628152571428565,0.007664972136257242,-625957.9139814259,-2977518.1210410176,3042603.732201026,452532296.07156354,293.22319672188723
24.999999999999996,59.628152571428565,0.007869430630629668,-845320.5687626093,-2123044.909791622,2285144.7553634886,386742230.63485557,293.22384687198075
29.999999999999996,59.628152571428565,0.008297868198682916,-1047038.403187515,-1366995.5181179987,1721907.7107395034,393418015.9214026,293.22469675125154
35.0,59.628152571428565,0.009273905280953957,-1159388.4697948503,-860064.6454241511,1443569.4712073319,573668390.5356638,293.22569927012717
40.0,59.628152571428565,0.011524365538931337,-1031447.3792397438,-601120.2308766636,1193829.6478600912,833641503.1622843,293.2267551657762
44.99999999999999,59.628152571428565,0.015372903075975592,-941324.314229585,-569577.0831097368,1100231.5747894142,978077227.8313181,293.2277820716057
49.99999999999999,59.628152571428565,0.019213208789899246,-1109678.0692262088,-830438.2273352789,1386006.1568194302,1075204299.6670127,293.22875623859943
54.99999999999999,59.628152571428565,0.021651671540027798,-1175102.710163527,-1310622.6423756243,1760283.525498472,999986346.7057414,293.2296677265394
59.99999999999999,59.628152571428565,0.02304693806464148,-1075738.0903326836,-1925918.99661066,2205986.4959918545,1003007130.0482131,293.2305620805021
65.0,59.628152571428565,0.023893083368802318,-878094.9258546588,-2515270.6795706637,2664139.1274330188,1095393414.8166413,293.2314539218986
70.0,59.628152571428565,0.024416919188030586,-577254.5409446239,-2883293.21407215,2940510.5956883915,1183097029.1749632,293.23230229426525
75.0,59.628152571428565,0.024691554127541822,-184125.90456096036,-2905540.202126317,2911368.443688059,1219607470.442739,293.2330192071116
80.0,59.628152571428565,0.024684748077345265,256675.94211472955,-2603504.07144116,2616126.141697143,1227307852.3482711,293.2334829085254
84.99999999999999,59.628152571428565,0.024226248710795994,677326.3274508065,-2125591.6119780936,2230899.06870966,1310727424.5720043,293.23358423067015
89.99999999999999,59.628152571428565,0.022881450951392192,970365.9207021121,-1643702.2099854192,1908760.5861320086,1617204114.4623592,293.23327550154096
94.99999999999999,59.628152571428565,0.019871989816679984,1004274.8004591215,-1258546.7795490266,1610126.663076677,1973019201.146352,293.23254556985466
99.99999999999999,59.628152571428565,0.015154990512315341,961424.4903742323,-1100473.9459218243,1461293.9322203808,2008634223.5542028,293.23140324835856
104.99999999999999,59.628152571428565,0.010729643499713627,1012257.4533181788,-1213476.9476789495,1580250.4403879864,1744123028.8363812,293.2298841490266
109.99999999999999,59.628152571428565,0.008007837971617153,940005.6302076116,-1392232.3692395892,1679857.5995543457,1243884477.7691076,293.22801956508545
114.99999999999999,59.628152571428565,0.006540913587645171,749462.6896470012,-1537361.9850287647,1710314.6482985232,886526212.8914882,293.2258563646683
119.99999999999999,59.628152571428565,0.005711655698539542,544964.7912871457,-1572947.4971377924,1664677.2817860786,671925652.9193423,293.22342276012023
125.0,59.628152571428565,0.0052050984735237575,359764.98529019015,-1443213.6527915313,1487379.0681076313,506392018.0603529,293.22075512932
130.0,59.628152571428565,0.004879165353843839,207155.45302254736,-1168191.113687673,1186416.393942625,359823051.5312775,293.2179249478492
135.0,59.628152571428565,0.004669760728016251,96811.93884018295,-830872.9880932085,836494.1564918027,236046060.16151702,293.2150384515987
140.0,59.628152571428565,0.004549011293574193,30899.672306938308,-521401.100981112,522315.8985259705,142756441.831455,293.2122334631749
145.0,59.628152571428565,0.004506305095860249,1757.0289852526219,-291637.06729597645,291642.3600436893,79967643.65320578,293.2096638411473
150.0,59.628152571428565,0.0045323115882084505,-4207.307447823063,-148028.9405487892,148088.71893549984,41239583.05955789,293.2074363421604
155.0,59.628152571428565,0.004586286929107331,-639.0528105317046,-71051.92089818168,71054.79471377083,19147249.54929837,293.20554457808186
160.0,59.628152571428565,0.004556811987393987,3783.503769562829,-35437.30494789115,35638.70764694094,8179141.076856651,293.20388057678053
165.0,59.628152571428565,0.004339981055846548,7076.449862232161,-20538.079439515728,21723.002778542017,3683317.9741138257,293.202298627107
169.99999999999997,59.628152571428565,0.003998429585458296,10186.751014155907,-15321.851899725594,18399.15872700519,2152929.1248615473,293.2006587799127
175.0,59.628152571428565,0.003685064025562683,14860.65840520839,-17066.16000719605,22629.471616180275,1802931.8404254306,293.1988415938134
179.99999999999997,59.628152571428565,0.0034695152664784915,22630.599308129324,-28459.39540519677,36360.434704145635,2045217.296482496,293.19677185531157
185.0,59.628152571428565,0.0033311529366796583,35313.29027561285,-58012.02756616965,67914.8276330561,3015303.7166699427,293.19446823228986
189.99999999999997,59.628152571428565,0.003236138921684816,55760.7480087217,-120661.90593873287,132923.12275619988,5198866.122738746,293.19206739307856
195.0,59.628152571428565,0.0031652886269947014,85260.62348614882,-234535.300886797,249551.96108086835,9127395.457092622,293.18975624151665
199.99999999999997,59.628152571428565,0.003109813665069434,120092.22523083018,-410672.6900103539,427871.71077465813,15017127.516377902,293.18766927387514
205.0,59.628152571428565,0.0030657042053943984,149843.29999335553,-637102.4517226468,654486.4769755799,22295513.38828071,293.1858547247651
209.99999999999997,59.628152571428565,0.0030309693758032406,160487.43946445617,-867882.3388235767,882596.1546866941,29382670.913849033,293.184301142252
215.0,59.628152571428565,0.0030045079217521455,142603.03073440754,-1032702.4755610646,1042501.811703265,34131929.73501885,293.18296936941266
219.99999999999997,59.628152571428565,0.0029856949705890654,99250.51432179086,-1070690.7484211912,1075281.053189291,34875036.3445933,293.18181258643995
225.0,59.628152571428565,0.0029742443460357114,45987.88812711768,-967412.5868183415,968505.0330220012,31387640.927361414,293.18078664711715
229.99999999999997,59.628152571428565,0.002970138353228128,1709.6775094236323,-764197.7665909269,764199.679049754,24998473.016614333,293.17985262463947
235.0,59.628152571428565,0.0029735045180254095,-22291.917158227072,-531408.2278621668,531875.5815133817,17764336.981302425,293.17897393320953
239.99999999999997,59.628152571428565,0.0029842895480703116,-26363.157348602923,-329273.8756782596,330327.56662072445,11408435.91194561,293.17811202169554
245.0,59.628152571428565,0.003001368981442663,-18301.25860234175,-185736.39353063097,186635.85922377082,6759022.959037169,293.177224813464
250.0,59.628152571428565,0.00302018930352738,-6614.63251124939,-99259.72761581153,99479.88183358469,3849616.825616001,293.1762709852172
254.99999999999997,59.628152571428565,0.0030273807268864296,3441.255894689705,-54169.53825703997,54278.73540451779,2351968.0098509584,293.17522023221386
260.0,59.628152571428565,0.0029924173948295265,10365.21641337707,-33957.112539118105,35503.84772514767,1948216.5532397216,293.17406490229115
265.0,59.628152571428565,0.0028654305038530044,15132.90643865363,-27254.9759136765,31174.325483258344,2476202.6623359215,293.1728261606147
270.0,59.628152571428565,0.00260262694528744,19884.01275831951,-28975.443130234347,35141.85919905858,3932873.5628961152,293.17155141310764
274.99999999999994,59.628152571428565,0.0022252811068109815,28418.741030247464,-40909.684294989085,49811.91735779649,6632731.211382475,293.1703037406585
280.0,59.628152571428565,0.00183465119574042,46634.6656043212,-73316.91700716385,86891.67023059352,11325567.390357709,293.1691443465402
285.0,59.628152571428565,0.0015181021376074082,79310.04212647185,-142936.15030233614,163465.0600139209,18199120.72022458,293.168113305518
290.0,59.628152571428565,0.0012885847368728158,127719.80951438186,-263910.4123965364,293191.15865540673,26261282.820777167,293.1672207028733
294.99999999999994,59.628152571428565,0.0011236545982430352,189407.89365198574,-434500.09489290055,473989.1165835156,33763659.574290745,293.16645309429583
300.0,59.628152571428565,0.0010008265824809994,256138.51451362553,-627914.9196411712,678147.5392016292,38866512.48311308,293.1657866878128
305.0,59.628152571428565,0.0009048185464204529,313850.3043500315,-794756.8313578195,854482.5536724135,40214364.62489773,293.16519680224894
310.0,59.628152571428565,0.0008260778005190468,346944.4150421592,-882537.9543405783,948284.5922931569,37445564.993666284,293.16466111777106
314.99999999999994,59.628152571428565,0.000758769175084376,344872.62103663356,-864280.4570654841,930547.0612526804,31432518.165644832,293.16415995318755
320.0,59.628152571428565,0.000699523181485512,307099.32024197787,-754083.219938318,814218.3337936002,23904752.6537439,293.1636773223596
325.0,59.628152571428565,0.0006468258644014579,243293.50204301978,-596018.7924959323,643762.478826365,16639079.67564542,293.1632044965877
330.0,59.628152571428565,0.0006007758696651333,168687.43485341137,-437222.17735667224,468634.914458935,10798954.006588452,293.16274484002486
335.0,59.628152571428565,0.0005629741523172736,97642.45355859281,-307558.98617068504,322686.50221427233,6780248.720837998,293.16231570321656
339.99999999999994,59.628152571428565,0.0005365012519885904,39283.73277670556,-216151.0861473565,219691.83804491584,4453261.081053452,293.1619429751046
345.0,59.628152571428565,0.0005263320947782723,-3159.226192269624,-158559.5227750283,158590.99272272259,3511828.328229517,293.16164904142363
350.0,59.628152571428565,0.0005409606245321601,-30590.173494678573,-124963.31132623476,128652.97467237985,3750238.1512624547,293.1614410678572
355.0,59.628152571428565,0.0005963998033405523,-45800.00686643811,-105292.41755886174,114822.18350282089,5222579.135221383,293.16130827757104
359.99999999999994,59.628152571428565,0.000724367563057291,-51718.62747203113,-91609.91798412876,105200.729563295,8247050.777074305,293.1612301979683
365.0,59.628152571428565,0.0009860051856007332,-50510.93800681096,-78987.88007790507,93757.34668562998,13018114.36547584,293.16118703538245
370.0,59.628152571428565,0.0014805728181669768,-44091.99190055,-66105.54788830181,79460.97917450256,18569814.766340688,293.1611640645157
375.0,59.628152571428565,0.002296925391477757,-35791.5761337954,-55416.25275765235,65969.6747895674,22809642.75456169,293.16115088603647
379.99999999999994,59.628152571428565,0.0033769617522944693,-28675.274806961435,-49688.65512136781,57369.27603713497,24915675.66029473,293.1611396386248
385.0,59.628152571428565,0.004491439161946731,-22581.393051838357,-47983.122235115625,53031.116635345905,25232932.513375834,293.161124462566
390.0,59.628152571428565,0.005425168084272254,-16439.318881416508,-47674.453156547206,50429.204723659,24289674.227014944,293.1611029886592
395.0,59.628152571428565,0.006078735677747245,-10046.686111037621,-47336.06843502924,48390.48746085834,22854522.21215033,293.1610785671562
399.99999999999994,59.628152571428565,0.006416437662670291,-6790.15041970873,-46863.84949532467,47353.21036891494,22063087.014518004,293.16106041105667
0.0,64.59716528571428,0.008115138237132925,-67784.73520920982,-2481971.959024121,2482897.4154623095,318365932.5999211,293.22565266225604
5.0,64.59716528571428,0.008132832306931478,-142209.25141409528,-3264690.747212552,3267786.582095442,422123493.2540755,293.2258054708764
10.0,64.59716528571428,0.008171968124481106,-307520.3510327607,-3638045.871808732,3651019.930332327,479239243.06058836,293.22605333259554
14.999999999999998,64.59716528571428,0.008244599570892222,-524929.1615979491,-3441109.280022547,3480917.077689904,470828606.8343403,293.2263888888117
20.0,64.59716528571428,0.008378170174413465,-776380.8846226507,-2779372.8573447797,2885772.1251256713,415547075.36981684,293.22684310485056
24.999999999999996,64.59716528571428,0.008636240243467434,-1039275.9892416642,-1945430.8149474158,2205628.1730067753,369982052.71676886,293.2274663155698
29.999999999999996,64.59716528571428,0.009177201382620154,-1284385.816953737,-1223484.3809084774,1773854.829775796,430693433.81839967,293.228296354644
35.0,64.59716528571428,0.010413473347151113,-1398697.4980401897,-752904.1422812865,1588464.4593091172,712412408.1681719,293.22931879606233
40.0,64.59716528571428,0.013169445230062323,-1227558.2731518198,-527482.4840722764,1336090.223370614,999157345.311006,293.23044643699745
44.99999999999999,64.59716528571428,0.017359256531924945,-1240063.7632647632,-540970.0410631225,1352925.246379194,1153145600.15341,293.2316118707289
49.99999999999999,64.59716528571428,0.02106708558477751,-1541766.8018394036,-819066.4501093802,1745827.8039225072,1160862793.4909186,293.23278319959354
54.99999999999999,64.59716528571428,0.023295525389053013,-1644203.2049863695,-1313939.5193725931,2104718.8030367694,940523082.1892068,293.2339430160013
59.99999999999999,64.59716528571428,0.024596101188909224,-1568976.014961512,-1983518.2997909787,2529037.4811635753,860278847.981622,293.2351279280135
65.0,64.59716528571428,0.025428873902726933,-1385112.9990529683,-2673108.1253052703,3010655.2558734724,910457299.6706917,293.23631185732023
70.0,64.59716528571428,0.026002600496625172,-1077234.9251180848,-3160545.1905278666,3339083.8541826103,992071085.8841536,293.23740107873897
75.0,64.59716528571428,0.026397855118342656,-649310.4910907089,-3275133.596082137,3338877.683597644,1043454572.9252667,293.23825642692236
80.0,64.59716528571428,0.026616987103078,-149001.0517345163,-3001609.842669398,3005305.801582894,1055616455.0424643,293.23872504671584
84.99999999999999,64.59716528571428,0.02657390467575796,345013.8269520045,-2481680.822833799,2505548.6918455823,1084880866.7004292,293.2387146757347
89.99999999999999,64.59716528571428,0.02601424761078327,737321.0962244434,-1912930.9644552658,2050109.0882461276,1258406456.4975479,293.2382509374789
94.99999999999999,64.59716528571428,0.02434218086042951,900576.5254261908,-1428933.0239835433,1689049.3376984177,1652933981.5613122,293.23741947401805
99.99999999999999,64.59716528571428,0.020739420240977927,815739.3496725012,-1093812.7585274866,1364498.8227630043,1918913848.5299857,293.23627072843465
104.99999999999999,64.59716528571428,0.015842994529366508,755080.2973773725,-1041748.4656250357,1286618.0945096402,1923964948.910034,293.2348424302595
109.99999999999999,64.59716528571428,0.011867701275880665,720220.020441806,-1209124.4695570674,1407373.0353843132,1723524349.719398,293.233151303255
114.99999999999999,64.59716528571428,0.009507493687140546,588753.7683161062,-1384800.6472877206,1504760.3903728013,1414206976.3821366,293.23118013881503
119.99999999999999,64.59716528571428,0.00815039140182871,428624.27803005325,-1443558.399617607,1505848.4733940966,1145056649.3658097,293.22889006566265
125.0,64.59716528571428,0.007319439941890951,281841.6200344559,-1331029.6056717024,1360541.9912513595,883781563.2926203,293.2262397537578
130.0,64.59716528571428,0.006790065538342618,159267.3215918837,-1077424.106171277,1089132.1243476511,630463392.5988278,293.22323454057397
135.0,64.59716528571428,0.006463699204200343,70114.56799330229,-768542.9256623054,771734.5924801242,413970111.8499551,293.219945547584
140.0,64.59716528571428,0.006297393283181547,18681.362031769313,-487778.6786191845,488136.2848660604,251813392.6851852,293.21653623998225
145.0,64.59716528571428,0.006264116928645385,-364.9237282023126,-279143.55915199517,279143.7976838655,141626682.2630953,293.2132768098018
150.0,64.59716528571428,0.0063040984256659575,250.43435646616908,-147379.29893706346,147379.51171227026,71939527.22494368,293.21043020448275
155.0,64.59716528571428,0.006255731909609299,7177.495754464554,-75702.81865355185,76042.3118888288,32557097.97645006,293.2080806080516
160.0,64.59716528571428,0.005895567631478569,13544.644445279455,-40885.65292126554,43070.80226728112,14174743.016383618,293.20612049528927
165.0,64.59716528571428,0.005209486243129626,18814.15631159257,-24947.630548721765,31246.707789982516,7263543.963958955,293.204369164138
169.99999999999997,64.59716528571428,0.004480616055846237,25534.076238101705,-19752.919241835967,32282.60937265889,5036534.825839084,293.2026546812115
175.0,64.59716528571428,0.003962012189009885,36061.93511649373,-23590.34586622381,43092.54671557793,4148671.753990526,293.2008327023711
179.99999999999997,64.59716528571428,0.0036661545336158377,50089.8984038682,-39903.12579485928,64041.06003424836,3757955.643336273,293.1988000668809
185.0,64.59716528571428,0.0034980297234694898,69592.69750048214,-77825.21072810155,104402.61955653712,4257597.372813968,293.19653732786685
189.99999999999997,64.59716528571428,0.0033913510332750293,98245.71152969782,-151612.39341900978,180661.38954468718,5998417.564828413,293.19414603289056
195.0,64.59716528571428,0.0033154988229758646,136575.672355041,-275645.2759437471,307625.1492146505,9182438.792709196,293.1918024982605
199.99999999999997,64.59716528571428,0.0032573819744370906,178535.99487690307,-453819.3485446022,487675.2019327338,13721170.265903015,293.1896524518093
205.0,64.59716528571428,0.0032113696573912386,210625.72408272245,-667258.1417178701,699711.814488048,18942113.14958265,293.18775945175605
209.99999999999997,64.59716528571428,0.0031750026520014248,216408.53904705323,-869985.0450379698,896496.8680158333,23571510.67590205,293.1861239483435
215.0,64.59716528571428,0.0031472071911846835,186189.50007013368,-1002121.1669654289,1019270.9959655083,26186419.830725692,293.1847157580824
219.99999999999997,64.59716528571428,0.0031275600203467236,125425.82310726536,-1018579.8178844064,1026273.1032739606,25923684.977222126,293.1834949031558
225.0,64.59716528571428,0.0031159985692011736,53853.23320313512,-914846.9115605858,916430.59874623,22938088.463976912,293.182422074205
229.99999999999997,64.59716528571428,0.0031126908535073746,-5494.684309916704,-729201.1708266083,729221.8723341766,18258760.553265415,293.18146116345736
235.0,64.59716528571428,0.003117905836039674,-38786.75127505675,-519757.9146078471,521203.1291847462,13194178.474698637,293.18057658515215
239.99999999999997,64.59716528571428,0.003131735307348945,-45932.45722479576,-335361.7148219607,338492.6445213157,8752555.563096136,293.1797295650055
245.0,64.59716528571428,0.003153376790582234,-35991.54748815726,-199896.89287550008,203111.1992773206,5403850.075182865,293.1788770136067
250.0,64.59716528571428,0.0031793951783075083,-19596.107852104593,-114146.17743578543,115816.04925982031,3181816.1249647825,293.17797460158033
254.99999999999997,64.59716528571428,0.003200368819779073,-3960.4097283001483,-66733.82886911572,66851.24352432374,1933521.0608200685,293.17698368670284
260.0,64.59716528571428,0.003196716731708957,8296.901770730965,-44463.031119415224,45230.51752212487,1530785.2706125937,293.1758808137766
265.0,64.59716528571428,0.003137608680163782,17857.10324399285,-37850.80172699272,41851.63470693511,2007837.1043883848,293.1746683034146
270.0,64.59716528571428,0.0029897829355211,27323.546805090446,-42817.68352443605,50793.01361810235,3718085.2707599853,293.17338234409544
274.99999999999994,64.59716528571428,0.0027395333636432637,40775.82795117232,-60832.33086540463,73234.14929950143,7494568.828636525,293.1720895688435
280.0,64.59716528571428,0.0024137610954870926,63339.289302078796,-99159.58599995328,117662.60691049881,14428794.044708645,293.1708640103687
285.0,64.59716528571428,0.002072199629019058,101009.67692655818,-172132.0830488644,199580.5823409402,25282016.517983705,293.16975646587184
290.0,64.59716528571428,0.0017656418562469554,158113.04917972864,-297283.9178372961,336715.702226082,39532692.85677198,293.16878206044487
294.99999999999994,64.59716528571428,0.001514867390822298,230331.80100184592,-476821.5794482365,529539.0043993595,53861220.71887078,293.1679306282899
300.0,64.59716528571428,0.0013183912085871828,301924.2294302806,-677545.4915809466,741772.292202085,63072213.55821934,293.1671826388751
305.0,64.59716528571428,0.0011649934331368868,352760.71076066943,-837459.2215477446,908723.3169737239,63835574.46434453,293.166517920415
310.0,64.59716528571428,0.0010427168148369197,367335.19023168006,-899842.4174422632,971931.8485423146,56646111.56927767,293.16591701401416
314.99999999999994,64.59716528571428,0.0009423151811618986,340938.6191818495,-846075.6929872556,912185.9570907081,44668636.56925915,293.16536015020733
320.0,64.59716528571428,0.000857692449966325,281104.83446601697,-704019.6286268365,758065.6735745496,31686530.281497806,293.1648280231228
325.0,64.59716528571428,0.0007856234317522774,203636.89061183037,-527929.3033238854,565842.1445298129,20540345.83919688,293.1643058168565
330.0,64.59716528571428,0.0007256266342161428,125615.79632015123,-367271.91341788013,388159.74375349196,12512139.052050501,293.1637896202654
335.0,64.59716528571428,0.0006801673514926224,59340.79033763184,-247784.72431561293,254791.28517682682,7611780.379962552,293.1632920181554
339.99999999999994,64.59716528571428,0.0006552890855896036,9975.783702413679,-172082.74210428927,172371.65193444272,5275578.545001577,293.16284091168404
345.0,64.59716528571428,0.0006622612013492938,-23020.347778625375,-130265.81465817035,132284.23519227697,4997642.195385044,293.1624675238822
350.0,64.59716528571428,0.0007217517351102768,-42837.447579329375,-109379.74379546284,117469.03961415912,6710644.611125806,293.16218937529567
355.0,64.59716528571428,0.0008728609173115052,-52805.93399505158,-98151.53304608703,111454.87923095543,10855348.836342622,293.1620022240872
359.99999999999994,64.59716528571428,0.0011882447370504784,-55209.6320591748,-88703.66305097072,104481.7845883655,17828922.121013172,293.16188715237365
365.0,64.59716528571428,0.001784400576569989,-51651.63495244086,-77710.2231803691,93310.07544741877,26491606.695576865,293.161822899417
370.0,64.59716528571428,0.002776982001806026,-44750.35701543062,-66956.14808926942,80533.96935430836,33730868.93061625,293.16179239623716
375.0,64.59716528571428,0.004137187593712338,-37609.17394125878,-59863.13666838505,70696.8535107582,37346533.080972455,293.1617829748767
379.99999999999994,64.59716528571428,0.00561791314673519,-30880.5533088199,-56730.91871824169,64591.06525886234,37349749.36635635,293.161784408312
385.0,64.59716528571428,0.0069319485192271555,-23880.121582194548,-55571.82267105299,60485.43363292813,35073315.54194348,293.1617879765955
390.0,64.59716528571428,0.0079322605494453,-16739.015210342113,-54878.520828454355,57374.61702295853,32244335.06802366,293.1617878040364
395.0,64.59716528571428,0.008589475177554673,-9843.753525784672,-54153.34193184709,55040.747867956394,29861746.069169108,293.1617830249591
399.99999999999994,64.59716528571428,0.008913159044803573,-6483.474667867513,-53558.619218058564,53949.61664658862,28747704.092987705,293.1617778479009
0.0,69.56617799999998,0.008749758244927193,-82107.20791292515,-2387367.216264084,2388778.729577894,297363106.4513115,293.22880014830844
5.0,69.56617799999998,0.008771385595423103,-168399.30591390838,-3113284.0131602804,3117835.0939123873,390734803.7924415,293.2289606848475
10.0,69.56617799999998,0.0088181860963012,-354688.9733498217,-3434228.7276957687,3452496.3753705593,439045867.7430099,293.2292205782692
14.999999999999998,69.56617799999998,0.008903456730492379,-592265.3444802241,-3206997.9680265635,3261228.9409360373,426564550.70496166,293.2295665501091
20.0,69.56617799999998,0.00905832100500317,-862617.6791672211,-2545230.353822831,2687434.987945371,374697842.71234614,293.2300247051947
24.999999999999996,69.56617799999998,0.00935587528221112,-1145460.3750402208,-1735189.358941413,2079173.2929630456,344210180.24969906,293.2306502968171
29.999999999999996,69.56617799999998,0.009980338574210046,-1410061.1287381514,-1046644.4238213649,1756057.2133887513,444281730.61626583,293.2315036692383
35.0,69.56617799999998,0.011409569897655323,-1509498.3394356838,-607746.6089637248,1627249.5744248924,782615836.2121167,293.2325971552824
40.0,69.56617799999998,0.014490475527052231,-1331024.7161830282,-412394.9710123166,1393447.6693462012,1066013759.1510433,293.2338499769346
44.99999999999999,69.56617799999998,0.018796847084754376,-1460206.936121451,-453186.9386709215,1528915.5299358813,1244181747.8243313,293.2352013136027
49.99999999999999,69.56617799999998,0.022347317908168168,-1872359.485765688,-733186.3712930448,2010793.9474214192,1208520557.357209,293.2366012964371
54.99999999999999,69.56617799999998,0.024454351879519692,-2038079.7444369823,-1250819.588399194,2391300.6267317045,938070706.285773,293.23802623355095
59.99999999999999,69.56617799999998,0.025727228276047148,-2040366.0842282025,-1987755.8495059689,2848555.2609900204,840397421.6517589,293.23950648144114
65.0,69.56617799999998,0.02659064233863193,-1939553.8854180342,-2797156.2626040145,3403814.3944500047,895215794.4230686,293.2409916513063
70.0,69.56617799999998,0.027242235265307488,-1706888.9319523124,-3433942.5996736195,3834766.1732985135,1006210861.7039914,293.24235710949233
75.0,69.56617799999998,0.027771325255545938,-1328850.202274506,-3677077.2863256577,3909826.112462939,1100431879.8228352,293.2434260998011
80.0,69.56617799999998,0.028209267824195687,-839683.1318011556,-3460807.2737233657,3561215.3469971386,1140784356.0451272,293.244005267094
84.99999999999999,69.56617799999998,0.02853487846139387,-316389.9290719573,-2905635.8266991326,2922810.6583587844,1138775524.48797,293.24397717403406
89.99999999999999,69.56617799999998,0.028635627577715896,146567.57918223078,-2228166.5310822157,2232981.8954712315,1161876752.7052093,293.24338337162476
94.99999999999999,69.56617799999998,0.028189619972871387,453357.2099476379,-1614970.4610196734,1677397.4930759862,1322904123.767251,293.24237847507516
99.99999999999999,69.56617799999998,0.026480794122354913,524155.377731764,-1158841.8614292005,1271870.0090047813,1616783647.4804523,293.24110546562633
104.99999999999999,69.56617799999998,0.02289367709315715,463398.7274043039,-935568.5261050116,1044043.5084795231,1838820071.0467322,293.23964568746413
109.99999999999999,69.56617799999998,0.018578127358324748,435968.41612437676,-1004956.8424662435,1095448.1800056633,2086602058.487875,293.2380365960887
114.99999999999999,69.56617799999998,0.015230166276414206,391353.46371736034,-1192248.7174143456,1254836.458563317,2206149361.9790087,293.2362080198356
119.99999999999999,69.56617799999998,0.013035105019174655,307080.4232995525,-1283160.5346127576,1319393.5515840338,2041508049.0391967,293.23401626619153
125.0,69.56617799999998,0.011589580193572858,212570.87253842384,-1195108.3335474427,1213865.8512233929,1647573041.0265932,293.2313482414306
130.0,69.56617799999998,0.010632270645182452,124163.71311584496,-966066.7241151307,974013.1123846609,1173777588.634548,293.2281691364925
135.0,69.56617799999998,0.010036593660987064,56523.00366514613,-688127.1534269444,690444.6605100221,754507380.9813455,293.2245113097474
140.0,69.56617799999998,0.009727897274481097,18685.08689309802,-440560.304691125,440956.3635346921,445792848.05647916,293.2205239123945
145.0,69.56617799999998,0.009603527967192655,8049.949744393542,-260094.36526806254,260218.90887305557,242659121.71909815,293.2165689835294
150.0,69.56617799999998,0.009436269502934684,13150.164282398282,-147308.39055084056,147894.18091099133,120943606.30422352,293.21308654326685
155.0,69.56617799999998,0.00886845794510926,22889.67013693264,-83917.43841730815,86983.17923311547,56921378.69839364,293.21027081200936
160.0,69.56617799999998,0.007695420182360112,31910.541891099117,-49401.256880674424,58811.28178482402,28561701.703162212,293.2080103781778
165.0,69.56617799999998,0.006204583446808317,40891.349439270794,-32260.193139743835,52084.76284267911,17967871.7436028,293.20608103918
169.99999999999997,69.56617799999998,0.004957482926641143,55486.797174054525,-27832.162260569385,62075.8722591421,13670965.602227012,293.2042755897829
175.0,69.56617799999998,0.0042145518231432545,76021.9783368443,-35149.06177346449,83754.38934051426,10228777.665454814,293.2024274728972
179.99999999999997,69.56617799999998,0.0038368469916457183,98701.25021314397,-58132.04965511748,114548.12085207987,7600781.15792219,293.2004149558572
185.0,69.56617799999998,0.003636559944877114,126800.93750112772,-105923.38825148671,165221.7961706024,6831136.656727893,293.1981933032769
189.99999999999997,69.56617799999998,0.003516074179620479,164402.1514562869,-191068.77998032214,252062.1869432713,7743731.653754533,293.1958346961187
195.0,69.56617799999998,0.0034339973819594244,210318.0075231055,-322945.49591994064,385392.60193141416,10004702.687491205,293.19349820615366
199.99999999999997,69.56617799999998,0.0033728584597101695,255711.04720362838,-497662.8334862697,559514.4640628684,13192338.256024435,293.1913295540622
205.0,69.56617799999998,0.003325062886877505,284714.3797091661,-690194.309817139,746612.659494287,16568125.573732644,293.18939876037285
209.99999999999997,69.56617799999998,0.0032873106544167316,280436.0845552439,-856664.8909333394,901398.4318149806,19141931.598571714,293.1877123851552
215.0,69.56617799999998,0.0032582742084127183,234960.8482607194,-950155.7325867828,978776.0297345469,20062153.639935043,293.1862463973881
219.99999999999997,69.56617799999998,0.003237568659896539,156652.702503805,-942976.1344762213,955899.6073822094,19041408.99177085,293.18496762567696
225.0,69.56617799999998,0.0032252730489836763,67882.20992033946,-840619.7582894721,843356.1361905892,16464069.659788037,293.18384340653563
229.99999999999997,69.56617799999998,0.0032216836335027367,-6417.740239978808,-677288.1286081359,677318.5340320304,13103625.600165484,293.1828430189476
235.0,69.56617799999998,0.00322712617299366,-50884.17760636357,-497431.46579406015,500027.2619494893,9711998.694684941,293.18193451812306
239.99999999999997,69.56617799999998,0.0032416647982521332,-64189.669015325875,-337073.75740173395,343131.21620922233,6768710.940858882,293.18108152842683
245.0,69.56617799999998,0.0032644312066996257,-55136.39270818471,-214770.0976066555,221734.56344657566,4459297.172460675,293.18024294269554
250.0,69.56617799999998,0.0032922187099620657,-35501.033596398804,-132852.780270147,137514.3069353898,2793311.2837513713,293.1793754966308
254.99999999999997,69.56617799999998,0.003317444081545399,-14302.273094258035,-84274.65886242942,85479.66507913792,1740743.3693443204,293.17843804436495
260.0,69.56617799999998,0.003326664090260106,4375.665811429013,-59869.91678584673,60029.60425687913,1311975.413684063,293.17739787323666
265.0,69.56617799999998,0.00330133926903242,20482.096988522047,-53100.22490462059,56913.53250298661,1628426.056718736,293.176241274292
270.0,69.56617799999998,0.003222569497933571,36929.64328948718,-62308.89840166056,72430.63836193371,3120110.9030047073,293.17498814711456
274.99999999999994,69.56617799999998,0.0030793063799897076,58837.56783415102,-91415.70146444792,108713.79794154645,6947777.398249869,293.17369885863576
280.0,69.56617799999998,0.0028729077993841228,91105.2965376394,-147256.00527730244,173160.3480807316,15092485.704685217,293.1724537164429
285.0,69.56617799999998,0.002615726807472973,135952.68332413645,-234062.2730272673,270681.14038056653,28943360.103132904,293.17131268884214
290.0,69.56617799999998,0.00232998568908951,193039.7852584773,-354190.0141992204,403379.3807956512,47688060.89287204,293.17029483607973
294.99999999999994,69.56617799999998,0.002043792839153326,259252.41999369755,-507941.26137309696,570277.2503597538,68109345.99180514,293.1693905187833
300.0,69.56617799999998,0.0017811097073357565,323100.46562289685,-677570.362697551,750663.3781475046,84288323.13416971,293.1685816073094
305.0,69.56617799999998,0.0015552177367487586,363034.3227525923,-813592.8517570929,890913.7151973093,89306293.99323592,293.1678514116434
310.0,69.56617799999998,0.0013681808287710486,361002.7839562866,-856779.0627679115,929727.5796821616,80563289.9562948,293.1671850453928
314.99999999999994,69.56617799999998,0.0012150813392546793,315890.922775269,-784497.21376322,845708.5511534492,62411002.6971305,293.16656669618754
320.0,69.56617799999998,0.0010895214564443968,242035.73248099347,-629073.7149375365,674028.956813373,42333935.71026805,293.1659787413637
325.0,69.56617799999998,0.0009870850306943509,159474.20071174565,-450825.1209614497,478200.07359112345,25862046.88576721,293.1654046230082
330.0,69.56617799999998,0.0009071945163965469,84922.70409836178,-299495.95103579236,311303.21289413585,14926233.028779527,293.1648351455784
335.0,69.56617799999998,0.0008548569732349959,27304.70108564911,-195925.39488224618,197818.87438043102,9034314.7952195,293.1642762927438
339.99999999999994,69.56617799999998,0.0008434689088227608,-12009.021908922747,-136879.68436713034,137405.47514438504,7035394.080793562,293.16375319322333
345.0,69.56617799999998,0.000900095117523535,-36138.517492047125,-108538.75725512332,114396.9154873049,8306875.235569292,293.1633022026118
350.0,69.56617799999998,0.0010753664707742626,-49238.222705332875,-96369.89526979133,108219.9579074512,13129216.686905196,293.1629513558126
355.0,69.56617799999998,0.0014581067529674855,-54443.0010812395,-89376.25150285497,104652.54272798836,21978290.485683665,293.1627052824483
359.99999999999994,69.56617799999998,0.002179834599892167,-53870.85957852631,-82040.46919530252,98146.3605923046,33666383.829524584,293.1625483276929
365.0,69.56617799999998,0.003361457240237695,-49874.61419066122,-74584.20024523097,89723.3529628046,44693874.50446822,293.16245817531797
370.0,69.56617799999998,0.0049790309070442546,-44688.82539152228,-69283.5157022158,82445.71949430213,51598685.995588735,293.16241506093655
375.0,69.56617799999998,0.006790857281827475,-38743.27690802905,-66421.0328286067,76894.70142728343,52844048.49380656,293.1624033482038
379.99999999999994,69.56617799999998,0.008479420587617904,-31626.164437038595,-64758.25920809404,72068.34542752664,49596023.533494174,293.1624100776102
385.0,69.56617799999998,0.009843816977295654,-23785.90215164298,-63402.37394092107,67717.2811216747,44743965.084709935,293.16242426427954
390.0,69.56617799999998,0.010825657493118318,-16099.460225277722,-61996.93817467558,64053.204155450694,40275802.96556916,293.1624379124831
395.0,69.56617799999998,0.011441499909816556,-9104.673455645427,-60565.90691862376,61246.42160656679,36899775.129254475,293.16244734398674
399.99999999999994,69.56617799999998,0.011731063655849024,-5814.851865703506,-59491.923369200485,59775.42512092154,35201736.0182844,293.1624523862421
0.0,74.5351907142857,0.009365026988583122,-94425.01255568101,-2280144.1410268256,2282098.4612533925,273075710.65077245,293.23149205925836
5.0,74.5351907142857,0.009390052799768261,-188688.88804766498,-2947911.5335467765,2953944.127110527,355790172.90583205,293.2316546054154
10.0,74.5351907142857,0.009442804225833998,-385425.3153287168,-3218510.1666413695,3241505.8794440115,395800053.4744581,293.23192344367084
14.999999999999998,74.5351907142857,0.009536823460503618,-626769.1003166946,-2965189.352044922,3030707.4089381145,379800350.5267021,293.23228808852366
20.0,74.5351907142857,0.009704798445268031,-894354.688507008,-2306931.5645145616,2474227.869903674,330065909.3453967,293.23277777300933
24.999999999999996,74.5351907142857,0.010024293424773418,-1171173.061031373,-1520979.3574864015,1919641.7751198641,307307557.9553398,293.23345551688635
29.999999999999996,74.5351907142857,0.01069214751799147,-1428523.9462611687,-861321.7988180405,1668099.489287353,422699408.60603505,293.23439897403614
35.0,74.5351907142857,0.012218068298458888,-1508601.1177105932,-445241.253094198,1572932.645034282,770902275.970997,293.23563889983825
40.0,74.5351907142857,0.015444080344208175,-1339118.2944740446,-269718.5353934807,1366010.9424634483,1042685742.9576206,293.2370908232439
44.99999999999999,74.5351907142857,0.019782578514022552,-1536343.9207977678,-310112.11959924444,1567329.6301973602,1237602553.3295662,293.2386785428591
49.99999999999999,74.5351907142857,0.02326874523220248,-2009348.0670663116,-576027.2264664101,2090283.9568474202,1199053903.818883,293.24032160760555
54.99999999999999,74.5351907142857,0.02535700378644403,-2243171.9256306593,-1107333.6958975098,2501601.1276795506,937090561.5675998,293.2419885855571
59.99999999999999,74.5351907142857,0.026664409841510826,-2349871.340380729,-1902083.915996515,3023213.280573397,863074689.8614486,293.2437197339654
65.0,74.5351907142857,0.027600222832741404,-2386103.337711601,-2828294.6782102,3700370.241615098,964322822.1362494,293.2454769329247
70.0,74.5351907142857,0.028363193699710156,-2311104.73471053,-3630252.2472274094,4303479.577423493,1154897742.197898,293.24714436725384
75.0,74.5351907142857,0.02905715877948362,-2082739.3066751135,-4042631.3957289606,4547600.6444391105,1356775837.2222877,293.24853253442086
80.0,74.5351907142857,0.02974451645755848,-1698858.2896120045,-3940370.1511577107,4290994.804974491,1509590598.053379,293.24940046244467
84.99999999999999,74.5351907142857,0.0304652057750905,-1209455.4750960213,-3402840.6565963947,3611385.756247195,1585037902.403007,293.24955155325154
89.99999999999999,74.5351907142857,0.031230447196208586,-700095.5253304392,-2646139.0488110236,2737185.709854231,1593681444.057784,293.24895429824346
94.99999999999999,74.5351907142857,0.03197065835966052,-261767.07290002555,-1895595.6468111933,1913584.2956776673,1584518791.4713972,293.2477557476802
99.99999999999999,74.5351907142857,0.032375522389117006,27803.157857241724,-1302402.8836414267,1302699.614993548,1640048995.669988,293.2461801435408
104.99999999999999,74.5351907142857,0.03169902746113558,147337.82094140342,-944510.5669866784,955933.3892218943,1811114230.7125628,293.24442470400277
109.99999999999999,74.5351907142857,0.02942348662181386,190010.9464765207,-854618.6788346366,875486.862262343,2158547081.6062346,293.242593076484
114.99999999999999,74.5351907142857,0.02628952064825609,215198.84978004952,-932526.1648488153,957034.7919873636,2591307337.1342564,293.2406214190697
119.99999999999999,74.5351907142857,0.023268597843458368,208696.51472446378,-995638.2191653515,1017275.6257381235,2719701783.135685,293.23831598721847
125.0,74.5351907142857,0.020744846907662755,169297.2858161821,-941436.9738535817,956538.1052123933,2389853948.6767883,293.2355353569543
130.0,74.5351907142857,0.018798329469394554,114374.362803625,-775440.458104271,783829.9553676785,1774399825.6874568,293.2322339058661
135.0,74.5351907142857,0.01740556371208368,65768.43548008894,-565375.8410001611,569188.3068828259,1146722183.4611301,293.228394898316
140.0,74.5351907142857,0.01644501168147676,37745.75504978811,-377777.77588919067,379658.7809863775,671383087.447404,293.22408037415005
145.0,74.5351907142857,0.015628232335224566,31210.683938646544,-241632.38473388288,243639.7261205596,368312988.3154849,293.2196256148264
150.0,74.5351907142857,0.014487335276719991,38451.06090928006,-153275.7402214474,158025.11390751088,194644235.48146352,293.2155908677295
155.0,74.5351907142857,0.012598428988575255,50745.41476298496,-97066.28720442411,109530.64060398404,105081572.75045332,293.2123192772269
160.0,74.5351907142857,0.009993999153938274,62403.59484778156,-61641.035439451145,87714.45661904167,63934915.31299366,293.20974315965327
165.0,74.5351907142857,0.00735612573764563,77507.8748807411,-43924.41518139214,89088.85967143103,45798814.31690581,293.20761196739545
169.99999999999997,74.5351907142857,0.00547262907557137,105271.75185244331,-41825.62921391853,113276.32143225078,34715273.40364271,293.2056852956023
175.0,74.5351907142857,0.004476931545910446,139270.12031554076,-54573.72471865866,149580.94077245647,23332029.258480094,293.2037746341977
179.99999999999997,74.5351907142857,0.004004464523096407,172109.7724251134,-85953.36157070872,192379.1935982925,15158015.366172587,293.20174432108604
185.0,74.5351907142857,0.003764327202386995,209225.57217737252,-144358.62295951985,254194.31951898086,11582844.893637983,293.1995350959068
189.99999999999997,74.5351907142857,0.00362531098377371,254334.68445506468,-239410.47922512534,349290.0074145573,10927227.36744855,293.19720064640546
195.0,74.5351907142857,0.003534045177784776,303832.8516057726,-374481.34886328474,482235.0903463586,11904648.694301102,293.194883863448
199.99999999999997,74.5351907142857,0.0034680755268050698,346280.57112498477,-538304.7200139522,640064.2198466847,13643380.737334505,293.1927224647832
205.0,74.5351907142857,0.0034174663148925145,364958.7806758491,-701958.4418980326,791164.057414337,15322414.939326137,293.19078403902074
209.99999999999997,74.5351907142857,0.0033777615991418186,344940.5387012588,-826484.7140612798,895578.5603823208,16182251.082626034,293.1890747675337
215.0,74.5351907142857,0.0033471117003732805,282071.58307896345,-879220.1932436824,923359.3700115524,15781350.44149269,293.18757233527623
219.99999999999997,74.5351907142857,0.0033249804586386778,187731.1129396025,-848946.480559007,869455.6329215806,14188445.78991911,293.18624798928784
225.0,74.5351907142857,0.0033114917737227787,84943.914731921,-749518.701808347,754316.7458107063,11883602.454832518,293.1850755612689
229.99999999999997,74.5351907142857,0.0033070459418346352,-2089.2639466705996,-610584.6955519117,610588.2700036577,9435916.09215581,293.1840313036404
235.0,74.5351907142857,0.00331202633470755,-57900.15227297266,-463647.4241629339,467248.71488978644,7225626.642172463,293.1830891047142
239.99999999999997,74.5351907142857,0.0033264180008630603,-79558.97982308039,-332219.8165228894,341613.2868624867,5375940.751408203,293.18221676392636
245.0,74.5351907142857,0.0033490765693729063,-74284.03556395617,-228497.39130150728,240268.9654767366,3854008.5905895615,293.1813762568799
250.0,74.5351907142857,0.0033765516829212176,-53673.463672678976,-154798.24454247698,163839.36406143336,2622029.8933587437,293.1805266194893
254.99999999999997,74.5351907142857,0.003402076773892596,-27726.914438915006,-107578.64069129083,111094.31001310899,1723973.9837500346,293.1796272916247
260.0,74.5351907142857,0.0034157047158554915,-1943.6095147609972,-81974.07113985594,81997.10944410194,1275223.9736187658,293.17864240216693
265.0,74.5351907142857,0.003405803394584,22431.22070718991,-75149.25395313694,78425.57001468165,1454425.5484414876,293.1775493235223
270.0,74.5351907142857,0.0033620823678116247,47959.02538119194,-88293.6393564304,100478.03175976929,2631450.7455140357,293.1763540967856
274.99999999999994,74.5351907142857,0.0032794345112985407,79976.8338683338,-127816.71719931829,150776.01649869108,5726740.404554273,293.1751049606193
280.0,74.5351907142857,0.0031584138205426092,123382.10304058528,-203310.01886712684,237819.48432050113,12619800.202116787,293.1738796123763
285.0,74.5351907142857,0.003001125945504057,179174.67195886618,-318424.8526311999,365373.712580378,25787648.897430662,293.172743104409
290.0,74.5351907142857,0.002808524600564774,241903.5468096998,-459275.81829676236,519087.2790112211,46006118.58347564,293.1717184305511
294.99999999999994,74.5351907142857,0.0025835900185752214,299392.0358216672,-596581.334934479,667491.4833206843,69467619.93404993,293.1707952781786
300.0,74.5351907142857,0.002336626752280096,338212.08045796724,-703079.834934058,780197.8375121331,88824976.76499172,293.16995353493303
305.0,74.5351907142857,0.002084669315408339,349128.41566264734,-759521.732562925,835920.9967804957,97339788.14268021,293.1691770017799
310.0,74.5351907142857,0.001844970101961825,326557.441103514,-748188.4797657356,816349.0451971127,91772526.75630227,293.1684547978488
314.99999999999994,74.5351907142857,0.0016300610924749575,271267.0456969665,-660870.3516784909,714377.6534920534,74135192.1161648,293.1677772247491
320.0,74.5351907142857,0.001446603863434884,195394.40948499672,-517063.7503718686,552751.2073316644,51384785.78699959,293.16713238764163
325.0,74.5351907142857,0.0012978576900330354,117413.71927517364,-360735.99522156303,379363.20291051007,31226230.61038475,293.1665067221889
330.0,74.5351907142857,0.0011890638031263516,51757.26161208404,-232934.7696136842,238615.63449313596,17765985.105877742,293.1658898596549
335.0,74.5351907142857,0.0011345977682880063,4277.426246283086,-150514.241557161,150575.00883885016,11190672.219944607,293.165282634286
339.99999999999994,74.5351907142857,0.001167721086299207,-25954.568013941836,-107785.90148391051,110866.76760639138,10298161.593144396,293.1647041263374
345.0,74.5351907142857,0.0013544280557273218,-42879.84913914132,-89748.54912062568,99465.99183365579,14593518.539461827,293.1641891302611
350.0,74.5351907142857,0.001807133140702054,-50628.21338286795,-82566.6091140956,96852.77967586198,24199248.719010614,293.1637713126404
355.0,74.5351907142857,0.0026747720606776918,-52645.454334012895,-78469.09664512674,94493.08435190842,37946570.01184678,293.1634643648642
359.99999999999994,74.5351907142857,0.004068912028216816,-51779.70460310864,-75740.48883131258,91748.34852568942,52580898.25037322,293.16325911914316
365.0,74.5351907142857,0.0059444716283737825,-49507.57036957471,-74613.3010691672,89544.09092919856,63953693.29681288,293.1631348895638
370.0,74.5351907142857,0.008060816790904651,-45542.3352537119,-74309.87126346178,87155.38576332362,68578771.4412185,293.163070071295
375.0,74.5351907142857,0.01010102469404105,-39349.92885988169,-73708.4746582432,83554.50997835264,66157566.95839762,293.1630459718093
379.99999999999994,74.5351907142857,0.011830461982151097,-31417.177517714994,-72434.77254555192,78954.64088263246,59789445.855804846,293.16304693298355
385.0,74.5351907142857,0.013147187849905324,-22871.691486649754,-70552.83456075272,74167.49109965518,52724093.87470446,293.163060283002
390.0,74.5351907142857,0.014046601123387265,-14756.271030760703,-68226.56041405433,69804.09071584468,46640269.94149887,293.16307704647716
395.0,74.5351907142857,0.014575071175221855,-7780.85061370824,-65773.88719990768,66232.51371991722,42101035.25119054,293.16309206396306
399.99999999999994,74.5351907142857,0.014801509367022523,-4637.137991793237,-63784.4300579568,63952.768247929,39512231.56189154,293.1631021155111
0.0,79.50420342857143,0.009950897923561304,-107221.72463010784,-2167880.412064368,2170530.3451564615,244104673.0881501,293.2337532715722
5.0,79.50420342857143,0.009978979013100455,-208104.34872250285,-2783479.963512414,2791248.4889798486,315924809.2887473,293.2339160146461
10.0,79.50420342857143,0.01003620492515777,-409984.5022602671,-3012631.5770147513,3040400.682627207,348535183.3466441,293.23419547004835
14.999999999999998,79.50420342857143,0.0101352467110622,-645210.9502073125,-2741799.3483757703,2816693.245105193,330509945.3830665,293.2345893931602
20.0,79.50420342857143,0.010307926391132528,-895389.6018812383,-2091888.4136052234,2275460.3213707814,283110382.40618306,293.2351357377865
24.999999999999996,79.50420342857143,0.010630179357113903,-1146750.703546998,-1329662.3113034223,1755858.4903648398,262472834.05849236,293.23590902121833
29.999999999999996,79.50420342857143,0.011294867283524811,-1376790.516447174,-693912.9660028319,1541774.085450175,371149431.89367855,293.237002961655
35.0,79.50420342857143,0.012803340716915662,-1442964.068882484,-291854.61545459327,1472183.555351724,699763802.8324722,293.238460614553
40.0,79.50420342857143,0.016004639005677987,-1273243.972061128,-123604.05101200595,1279229.52350881,961546342.9539945,293.2401761485691
44.99999999999999,79.50420342857143,0.0203664729387466,-1454237.0462152595,-143230.85013532615,1461273.5756918932,1151937589.2643719,293.2420211152981
49.99999999999999,79.50420342857143,0.023935455184018357,-1923815.2960503385,-375848.52777276933,1960185.5547743968,1136750191.7914648,293.2438768937231
54.99999999999999,79.50420342857143,0.026120220879938327,-2200174.038179231,-895837.4038404106,2375561.081596815,912455062.6079096,293.2457164129309
59.99999999999999,79.50420342857143,0.02753173031052456,-2396570.1885339003,-1713791.9812910836,2946291.164109045,885549191.5336403,293.247621763628
65.0,79.50420342857143,0.02859176466528639,-2580170.666532239,-2722265.5063775103,3750734.615464845,1070524784.8240917,293.2496083613153
70.0,79.50420342857143,0.029516587563626937,-2707229.0401946525,-3676188.4940046943,4565462.837383058,1404480458.7556024,293.2516029286868
75.0,79.50420342857143,0.030435879106454875,-2705167.00216308,-4285596.757177515,5067964.884914103,1820440354.713906,293.25342214759877
80.0,79.50420342857143,0.03145488371316713,-2518686.336582939,-4366964.679888239,5041246.014377891,2249575967.983148,293.2547727792588
84.99999999999999,79.50420342857143,0.03268968109879046,-2142316.955233414,-3934476.5349114765,4479913.787167069,2627760178.8046746,293.255335230788
89.99999999999999,79.50420342857143,0.034290496532234746,-1625887.7660310373,-3165204.167635412,3558374.411236959,2881663308.120334,293.25491217131815
94.99999999999999,79.50420342857143,0.03643033309755549,-1055734.4993356098,-2291635.143662872,2523126.4266298986,2884431496.3870134,293.2535315524984
99.99999999999999,79.50420342857143,0.03912613373297859,-545126.1075987245,-1538380.600770078,1632108.2519279907,2547442889.638831,293.2514411566532
104.99999999999999,79.50420342857143,0.04170045073111613,-199150.140631923,-1089234.4743213733,1107290.6206429608,2211766170.141136,293.2490108180616
109.99999999999999,79.50420342857143,0.04275786226336885,-1351.082370441112,-939952.5161955613,939953.4872140954,2299261045.9318357,293.24652249278677
114.99999999999999,79.50420342857143,0.041735995375499615,110207.0643369838,-915786.5023251501,922393.9043980659,2622799161.518686,293.243999073773
119.99999999999999,79.50420342857143,0.03932340265387314,153961.48750229488,-869791.9075680212,883313.139325311,2728081316.1413097,293.2413051794716
125.0,79.50420342857143,0.036294016895043524,150616.91357383342,-761545.9522112418,776297.4249498929,2450586051.512143,293.23834236310967
130.0,79.50420342857143,0.033131783976220984,124586.04619317349,-614018.7548145876,626530.69690966,1917594069.1799583,293.23504689112167
135.0,79.50420342857143,0.030141424210494955,94992.90189589809,-463325.3528061683,472963.0365721661,1333760567.6849384,293.23131632532994
140.0,79.50420342857143,0.027406046672420116,75305.9496918559,-334996.28648175293,343356.2261202744,847951215.7933314,293.2270662416222
145.0,79.50420342857143,0.024665882457658404,70845.56906194714,-237541.8685725781,247881.49180740197,511939909.1852548,293.2224690910972
150.0,79.50420342857143,0.02143898853034402,78812.80683355396,-166331.93407129584,184059.15031011362,308522164.94781166,293.21807261232095
155.0,79.50420342857143,0.01741008533502734,91874.3609157712,-113786.61336265874,146247.36433257378,197985307.0585759,293.21438581157
160.0,79.50420342857143,0.01284157159810305,105184.87044886712,-77749.39533931554,130800.7088932401,139322702.90738833,293.2114726546606
165.0,79.50420342857143,0.008751005096168905,128794.11569926901,-61286.71395958767,142632.34397120806,105426441.08347163,293.2091027221526
169.99999999999997,79.50420342857143,0.00609432907330267,173728.6178870588,-63872.712761123636,185098.2336717795,77344226.84478633,293.20701297211906
175.0,79.50420342857143,0.004786294331870388,222763.40617769107,-84054.68636343302,238093.9424503321,47924622.68754301,293.2049937928615
179.99999999999997,79.50420342857143,0.004190523247847611,265349.49820872495,-124905.38976555076,293277.5350962059,28529339.846025504,293.20289850285207
185.0,79.50420342857143,0.003896541887467602,309205.27548483084,-193247.2281266182,364626.3753025436,19523927.098646276,293.20066167182637
189.99999999999997,79.50420342857143,0.0037314999765847784,357251.17671373364,-294689.7970534667,463109.5763971641,16030935.028521815,293.19832855774933
195.0,79.50420342857143,0.0036265928455772125,403562.74780693086,-426296.6301549383,587019.3423550341,15080295.713876633,293.1960281897679
199.99999999999997,79.50420342857143,0.0035529610592285516,435238.9090744136,-570973.9165535825,717944.3720489931,15100162.864168223,293.19388393821316
205.0,79.50420342857143,0.0034976953303759682,436791.60330271156,-699099.1137120372,824333.9587258972,15100472.395421151,293.191954102715
209.99999999999997,79.50420342857143,0.0034548370636276263,397382.33973557083,-779356.6697100425,874819.7200310731,14463573.54931913,293.19024051241064
215.0,79.50420342857143,0.0034217739957277207,317624.2840261517,-793186.8578808673,854418.2683662896,13002241.76668971,293.1887196247607
219.99999999999997,79.50420342857143,0.0033976486990608796,211241.54331722078,-742889.2745713217,772338.9566091729,10959032.212909833,293.18736428164533
225.0,79.50420342857143,0.0033825409120290346,99967.65795572319,-647854.0195468944,655521.4437989197,8805341.466350205,293.18615294536687
229.99999999999997,79.50420342857143,0.0033769401960565084,5063.186775807239,-533142.5989772705,533166.6406524,6944178.880837849,293.18506859164097
235.0,79.50420342857143,0.003381290550212518,-59440.32064124112,-419529.7560536413,423719.6808414277,5521238.942195046,293.18409171898236
239.99999999999997,79.50420342857143,0.003395419142413217,-89506.03534360389,-319730.90443436865,332022.8630882968,4434246.571717759,293.1831949459007
245.0,79.50420342857143,0.0034176864927536353,-90197.86193423806,-239198.03290954346,255639.1074254933,3490990.2346474915,293.18234332263035
250.0,79.50420342857143,0.0034441279035401077,-71457.9834309888,-178557.11703626637,192324.95272409765,2597443.211132845,293.18149809654903
254.99999999999997,79.50420342857143,0.003468413862024896,-42751.079766043,-136405.99667058839,142948.4198893403,1831549.9721166913,293.18062045331914
260.0,79.50420342857143,0.003482864720735894,-10366.296376425073,-111872.7441778912,112351.99593445491,1380170.8212310756,293.1796751076816
265.0,79.50420342857143,0.003479871937284985,23125.867207541414,-106128.58104989633,108618.97370977711,1468002.9754648656,293.1786368736396
270.0,79.50420342857143,0.0034537756153491953,59237.971945259276,-123231.20300664051,136729.90424428438,2406482.4481488075,293.1775038254841
274.99999999999994,79.50420342857143,0.0034027864445778824,102172.763743887,-170865.8732931216,199083.952912547,4800822.486335604,293.1763121481238
280.0,79.50420342857143,0.003328664737842339,155247.61336691215,-258708.0311199049,301714.5452610131,9808240.544748934,293.1751305660838
285.0,79.50420342857143,0.0032336877178075108,217711.94420449308,-390899.21836715087,447437.9170000569,19180729.984907936,293.17402330444526
290.0,79.50420342857143,0.0031178025974929113,282747.62656062597,-553375.2418415961,621426.0845900436,34504991.14674521,293.17301650372184
294.99999999999994,79.50420342857143,0.002978288994383985,336557.37618377944,-705641.4988290613,781793.318168833,54962846.37759961,293.17210081378107
300.0,79.50420342857143,0.0028118450211394794,361651.3339185868,-793700.2842946408,872210.8854024276,74932897.15756431,293.17125392377324
305.0,79.50420342857143,0.0026181779987706237,346554.7583216462,-785206.7072824473,858283.0382086771,85904556.04960233,293.1704571640412
310.0,79.50420342857143,0.0024032963558700228,294921.10432681337,-690877.4942498977,751192.4985237569,83012975.29893301,293.1697002963453
314.99999999999994,79.50420342857143,0.002179580512494811,222703.997110217,-548301.5836336026,591803.7655709737,68468253.51144323,293.16897826201
320.0,79.50420342857143,0.001963168754235195,146907.87211156203,-396131.16465177084,422494.7603186523,48816104.28845291,293.1682857315294
325.0,79.50420342857143,0.0017734343786455808,79345.95874406668,-263112.6563646732,274816.39526834956,30673152.97745342,293.1676149526561
330.0,79.50420342857143,0.0016373960094386193,26412.797163653653,-165948.77312403632,168037.58851929882,18212679.295512307,293.16695874183154
335.0,79.50420342857143,0.0016012109831559076,-10293.320494704994,-107967.9108385876,108457.46732086231,12812527.736971578,293.16631712273596
339.99999999999994,79.50420342857143,0.0017507373090939753,-32691.3175970945,-80827.55511471229,87188.39321868452,14465921.648114529,293.16570394528503
345.0,79.50420342857143,0.0022301057438934226,-44393.40109464848,-71323.96521768947,84011.20208117792,23032726.452836476,293.1651469768319
350.0,79.50420342857143,0.0032152939163059852,-49668.26200171656,-69456.75313096974,85388.38800309815,37440454.819469444,293.16467698203627
355.0,79.50420342857143,0.004808440133604302,-52131.15088391312,-71043.44206866724,88118.25891065593,54775270.515518904,293.1643124663672
359.99999999999994,79.50420342857143,0.006932929535836031,-53044.835818190935,-74381.34681299659,91358.30208959726,70537957.48044038,293.1640527875511
365.0,79.50420342857143,0.009340407168226072,-51728.49978555406,-77729.62346538258,93368.79593383551,79789441.05357371,293.16388298722194
370.0,79.50420342857143,0.011719104616380094,-47458.73192583762,-79771.0318364064,92821.0577199672,80233414.21704553,293.16378260995856
375.0,79.50420342857143,0.013808222035806228,-40452.93272036155,-80161.59706020834,89790.43049747172,73732697.42664258,293.16373145640546
379.99999999999994,79.50420342857143,0.015459063422995321,-31650.679020404074,-79108.24870526671,85204.93234353853,64198450.887677185,293.16371202989626
385.0,79.50420342857143,0.01663762562521757,-22242.614349635434,-76849.47341035718,80003.59652263018,54869469.36960738,293.1637107270617
390.0,79.50420342857143,0.01738665208042341,-13403.273183705747,-73568.10333432035,74779.09841824975,47286713.47346877,293.16371826508606
395.0,79.50420342857143,0.01778341909400169,-6196.223984970671,-69618.81678095815,69894.01148633941,41738275.299327515,293.1637287577764
399.99999999999994,79.50420342857143,0.017921830343228393,-3109.6114305710857,-65746.34760244319,65819.84432001055,38149791.587655365,293.1637373741321
0.0,84.47321614285714,0.010493514056247835,-120164.70115812242,-2045001.5699446865,2048528.978677298,210609976.4927727,293.23562495335585
5.0,84.47321614285714,0.010523997106544534,-227281.3465903616,-2616406.123529363,2626259.281516179,271532097.4346108,293.23578944501025
10.0,84.47321614285714,0.010583967802695875,-432243.302809195,-2816506.1079197177,2849480.8174073533,297940295.33341897,293.23608364860536
14.999999999999998,84.47321614285714,0.01068433745879643,-657030.9409407154,-2541023.184590229,2624593.0126361516,279986257.78477055,293.23651484744795
20.0,84.47321614285714,0.010853937732099124,-882552.5231602048,-1908418.1788443772,2102607.643256376,236473897.76977152,293.2371315918235
24.999999999999996,84.47321614285714,0.011161563445869285,-1097548.1237018174,-1173294.180225738,1606621.0247575396,215591282.19883513,293.2380218471041
29.999999999999996,84.47321614285714,0.011780649476301312,-1288171.6229496335,-560609.8411960697,1404873.490467585,303604799.7668134,293.23929438801287
35.0,84.47321614285714,0.013164765319005938,-1347540.6103916431,-169079.37942387734,1358106.5986147942,594811886.4351772,293.2409964326897
40.0,84.47321614285714,0.016173744264910368,-1169114.5623070237,-591.108654052657,1169114.711740377,855116742.792274,293.2429807919097
44.99999999999999,84.47321614285714,0.020558860222830596,-1255611.9010764675,2005.875586282209,1255613.5032969853,1019988225.0561244,293.2450337669638
49.99999999999999,84.47321614285714,0.024385866747253,-1655964.7298613312,-179866.97261665604,1665704.4498898934,1036432171.0957835,293.2470164148988
54.99999999999999,84.47321614285714,0.02681221210512303,-1934286.477798395,-656749.7924220865,2042739.4518244795,861056028.3116634,293.24893745341524
59.99999999999999,84.47321614285714,0.028420862165661694,-2174475.0236855643,-1447871.7209788563,2612407.730244766,890781971.2088056,293.25094513759956
65.0,84.47321614285714,0.029681411388366705,-2467914.770389877,-2477044.2744852128,3496620.0324983113,1191320025.4416406,293.253129334319
70.0,84.47321614285714,0.03085182605879204,-2782848.829132709,-3533929.6671869047,4498100.321072112,1745806840.7876043,293.2554736029927
75.0,84.47321614285714,0.032108828019835535,-3028158.4253183883,-4333653.234030177,5286803.741548097,2534764681.23567,293.25780659125525
80.0,84.47321614285714,0.03362799987687228,-3093910.486331894,-4645624.710795146,5581586.786119602,3517981052.6202083,293.2597678804643
84.99999999999999,84.47321614285714,0.03564068141999484,-2894275.7212645393,-4390917.27585654,5258991.012933639,4574503199.647257,293.2608660537564
89.99999999999999,84.47321614285714,0.038467447252427504,-2402410.8634763174,-3650992.152533188,4370505.880880146,5317867811.533383,293.26065465225304
94.99999999999999,84.47321614285714,0.0424021057896096,-1710947.3724850682,-2680886.6976708053,3180329.2906807363,5080846374.079272,293.2589743668797
99.99999999999999,84.47321614285714,0.047155957714592446,-1068697.0031247311,-1898682.6680508857,2178786.166296411,3970944789.6255107,293.25613511932096
104.99999999999999,84.47321614285714,0.05143934990812984,-602058.6817230508,-1506212.9164629169,1622082.6137893912,2958178261.146928,293.25275435550975
109.99999999999999,84.47321614285714,0.05399876040702058,-243154.35335798364,-1369909.9477046134,1391322.1425597293,2529952020.932752,293.24934460267497
114.99999999999999,84.47321614285714,0.054651943084306626,11392.754938770335,-1288948.7207106203,1288999.0688463044,2549405515.317744,293.24610500039967
119.99999999999999,84.47321614285714,0.053822043028197104,140726.10579268693,-1130071.1000071485,1138799.5995446,2548084759.630177,293.2429947767631
125.0,84.47321614285714,0.051856757032629805,175556.46111936902,-890232.789779918,907377.8105288293,2267992275.1152077,293.2399127794197
130.0,84.47321614285714,0.04893328129535392,163342.7510117921,-644461.0881775233,664839.0395299135,1792692031.3671982,293.2367369669769
135.0,84.47321614285714,0.04515961794396478,140490.67406579352,-452885.2619042207,474175.8006789418,1311053391.8803205,293.233295088339
140.0,84.47321614285714,0.0406518406413409,125162.97734944917,-325423.7357115345,348663.70425300853,926964754.8459765,293.22939790319924
145.0,84.47321614285714,0.03551150410281467,121946.14882255241,-241438.90584196485,270487.7233199637,649645892.2960817,293.22502371200153
150.0,84.47321614285714,0.029705562960243456,128943.33414985648,-179997.45664325258,221416.95467990055,463777234.1494484,293.22055302519743
155.0,84.47321614285714,0.023180360164689506,140876.2050520007,-131663.07145219325,192824.4526352368,348557191.05495644,293.21656636846797
160.0,84.47321614285714,0.01635485585026952,155210.37619679948,-97620.87095967909,183357.8341006414,270697064.4285894,293.2133181281718
165.0,84.47321614285714,0.01054690484051692,187678.84767387083,-84937.67743600506,206004.2691606532,211007511.91345716,293.2106710926721
169.99999999999997,84.47321614285714,0.006921252857177291,249989.94958056917,-94668.6778328384,267314.6712283358,151444079.70220888,293.2083681650985
175.0,84.47321614285714,0.00519083722562819,313138.3265741047,-123687.85671466742,336681.2995524087,89541044.8725919,293.2061864840039
179.99999999999997,84.47321614285714,0.004420693394748037,362466.8692266065,-173813.61315536965,401986.819939488,50336059.039633594,293.2039742275862
185.0,84.47321614285714,0.00404942980744165,407644.8662894081,-249590.22398910383,477984.95470363967,31827830.98372546,293.20166763278525
189.99999999999997,84.47321614285714,0.0038466068623995344,451246.1285309821,-352074.74536762526,572345.7825824156,23550681.247434765,293.199309613689
195.0,84.47321614285714,0.0037214729010547083,486187.002370067,-472705.43786178186,678106.3576296055,19692158.7400948,293.1970140756616
199.99999999999997,84.47321614285714,0.0036361234714445637,500048.55507848784,-591020.2816145321,774179.2626490355,17539136.30570287,293.1948841423975
205.0,84.47321614285714,0.003573543634623748,480662.2938260058,-679965.2048452336,832699.778135132,15751904.811916796,293.1929651242044
209.99999999999997,84.47321614285714,0.0035257377177584114,422433.1540672713,-717587.1193851059,832695.0483596243,13720551.609467408,293.19125378378317
215.0,84.47321614285714,0.0034890401933911418,330368.4705753258,-697810.5786342839,772064.0711781594,11358220.809544189,293.1897247114332
219.99999999999997,84.47321614285714,0.003462099353705495,219077.05604646433,-632452.187049412,669320.943486434,8935940.453702627,293.18835037734885
225.0,84.47321614285714,0.0034448643219966955,107371.77443133785,-543336.3772903506,553843.9462804811,6841391.001143735,293.18711129427
229.99999999999997,84.47321614285714,0.003437890372793952,12171.617996228628,-451149.44863382593,451313.6085775071,5333382.340543591,293.18599525021403
235.0,84.47321614285714,0.0034416424300910695,-55308.10902363664,-368660.6099504649,372786.3091005614,4407897.516999615,293.18498851759335
239.99999999999997,84.47321614285714,0.0034556248006696517,-91168.89288764985,-300315.31079223653,313848.77397657203,3826736.7700316994,293.1840681831944
245.0,84.47321614285714,0.0034774480493458297,-98496.20584127017,-245431.89220513002,264458.53413440153,3294029.476407965,293.1832019214395
250.0,84.47321614285714,0.0035025221829100748,-84248.99667637702,-201897.28974600983,218770.21974610814,2667020.5779224075,293.18235271404717
254.99999999999997,84.47321614285714,0.003524908459798275,-55706.36288644474,-169047.24608216083,177989.2420175975,2029217.4192600988,293.18148361005376
260.0,84.47321614285714,0.003538593555653052,-18890.125038390255,-149085.01633015551,150277.00728364522,1603886.3604103145,293.1805614973333
265.0,84.47321614285714,0.0035384709720404873,22730.6834673265,-146685.6484186734,148436.39520986238,1644054.2918492863,293.17956240917806
270.0,84.47321614285714,0.003521447483640287,69120.60035099502,-168255.38539429224,181899.78589064855,2420043.497400449,293.17848180585736
274.99999999999994,84.47321614285714,0.003487363654177689,122064.5786998693,-221784.27765650267,253156.13203869516,4310199.116411217,293.1773473483853
280.0,84.47321614285714,0.0034384572707181135,182106.87738238828,-315152.16335362295,363983.2425489295,7914938.420850132,293.1762169790278
285.0,84.47321614285714,0.003377380061914782,246024.84276692875,-449606.7863862829,512517.79054301383,14065769.218636235,293.17514928374123
290.0,84.47321614285714,0.003305276552778541,305518.95232919866,-609251.9672450788,681564.2228171383,23505253.587394387,293.1741712248691
294.99999999999994,84.47321614285714,0.0032210990125349963,347736.36786400364,-755424.856737538,831617.2771847512,36047234.1096724,293.1732757302994
300.0,84.47321614285714,0.0031220485508965936,358795.9549047883,-836727.5944700062,910410.6790913659,49472325.95398844,293.17244087101
305.0,84.47321614285714,0.003004601967775648,330697.9521417699,-814923.6708077255,879466.7275079249,59227202.189743325,293.1716466197792
310.0,84.47321614285714,0.002866054019638456,267892.8284748891,-691627.6613351703,741697.6401959448,60462657.038775586,293.1708811756363
314.99999999999994,84.47321614285714,0.0027069482487011545,187157.97134095037,-511902.4865743103,545043.3579059761,51984128.41546154,293.17013949529655
320.0,84.47321614285714,0.002534973380745552,109049.5557323868,-335195.94972690864,352488.4825334797,37814972.77909501,293.1694189496747
325.0,84.47321614285714,0.0023714311773766067,47308.94148209273,-200516.73552889892,206022.07932967396,24011662.410389256,293.1687168394659
330.0,84.47321614285714,0.0022644189071297973,5019.920050982545,-116742.51301170728,116850.39127708088,14892486.361431736,293.16803185362346
335.0,84.47321614285714,0.002316080815921238,-21228.829068089646,-74305.57033394238,77278.59319536443,12482754.06111472,293.1673681203261
339.99999999999994,84.47321614285714,0.002712993664640899,-36385.43507016133,-58505.20238748767,68896.72409952318,17767023.651953228,293.16673829971285
345.0,84.47321614285714,0.003692852417684975,-45307.91959399947,-56758.40182648259,72624.53962561679,30830772.89076657,293.16616218189176
350.0,84.47321614285714,0.005390364573537153,-51519.871967027706,-61418.06165382363,80165.30112718225,49564083.23748153,293.16566067947974
355.0,84.47321614285714,0.007709704023822992,-55872.817918935136,-68355.11225221561,88284.72774617067,68913848.78510803,293.1652491766663
359.99999999999994,84.47321614285714,0.010384412531301769,-57629.55209513622,-75180.09092440335,94727.0359828047,82897124.00433928,293.1649331613077
365.0,84.47321614285714,0.013091826826327417,-56180.36711013054,-80716.59436225193,98343.28779367382,87521893.7557381,293.1647068520237
370.0,84.47321614285714,0.015524004286550883,-51560.74156038267,-84787.13652924745,99233.90847430035,82641917.41243784,293.16455579273986
375.0,84.47321614285714,0.017466203101478346,-44186.954700912574,-87658.42019701103,98165.60292269514,71934498.21449499,293.16446176009816
379.99999999999994,84.47321614285714,0.01885849417859502,-34656.23097120074,-89107.93215611887,95610.03042708802,60002311.60118641,293.16440723355186
385.0,84.47321614285714,0.019765839586196106,-23970.799959393484,-88255.46795945374,91452.86696126823,49637369.665728465,293.16437819113196
390.0,84.47321614285714,0.020296674790171457,-13639.931594728741,-84376.51651301145,85471.8917117164,41593009.400250375,293.16436492014697
395.0,84.47321614285714,0.020550899307991883,-5417.9461020260715,-77639.031697173,77827.84452134784,35544404.656397246,293.1643610573687
399.99999999999994,84.47321614285714,0.02061807985134817,-2063.7798385692126,-69216.71233335248,69247.4725420369,30881700.310134936,293.16436170503613
0.0,89.44222885714287,0.010982008536599742,-131515.07000705044,-1908320.5108523339,1912846.932135102,175024848.89530855,293.23715366614346
5.0,89.44222885714287,0.011013806667324814,-244412.2130570919,-2442309.260889222,2454508.4753809106,225549723.17828977,293.2373231923327
10.0,89.44222885714287,0.01107451091970947,-451896.3455944322,-2625497.6647367193,2664103.6568984264,247119778.87979713,293.2376365674116
14.999999999999998,89.44222885714287,0.011172866635187644,-665653.8354383557,-2359424.349895107,2451525.7068837243,231286804.509634,293.2381090778942
20.0,89.44222885714287,0.011333477178704926,-864821.0599821449,-1755725.4445025127,1957163.0750303324,193587278.6401626,293.23879869819467
24.999999999999996,89.44222885714287,0.011614707455399666,-1039486.0810169361,-1054771.19966623,1480902.9665286266,172755158.52123794,293.23980490725353
29.999999999999996,89.44222885714287,0.012161254051192075,-1183967.082136407,-468871.83037311945,1273427.9896798392,235260843.24661598,293.2412444579164
35.0,89.44222885714287,0.01335113747859532,-1235274.1384286813,-90154.9585719316,1238559.6932024825,472592961.94828486,293.24315137647216
40.0,89.44222885714287,0.016008354318374503,-1061601.7394468095,80062.9763939017,1064616.5194028986,739517672.4342422,293.24532589918715
44.99999999999999,89.44222885714287,0.02035343514546281,-1015410.0212968424,92389.93470077224,1019604.5367612223,871185344.2158209,293.24747435582026
49.99999999999999,89.44222885714287,0.02461047001291292,-1290985.8895236126,-33032.20611461232,1291408.4147123527,910908857.5398719,293.2494784327205
54.99999999999999,89.44222885714287,0.027481735464937495,-1537492.3253319962,-438278.5934357523,1598740.3716422534,792614054.6723635,293.2514074523142
59.99999999999999,89.44222885714287,0.02943034343837667,-1771468.6181389703,-1152989.5312631843,2113642.809051163,881831674.0392523,293.2534667281336
65.0,89.44222885714287,0.031016599843811964,-2110739.574846993,-2130400.007035347,2998970.7805848112,1327587850.2953556,293.2558138151667
70.0,89.44222885714287,0.03258005108738858,-2549464.412998558,-3210801.125441249,4099879.5909490893,2196385478.7020154,293.25848730103735
75.0,89.44222885714287,0.03438428982870674,-2996399.6363411588,-4139924.7575126444,5110517.368968777,3574015975.777817,293.26131887129225
80.0,89.44222885714287,0.03672522999480668,-3293226.1399026103,-4645715.290887542,5694559.594255219,5456475886.485824,293.2638370110713
84.99999999999999,89.44222885714287,0.0399861246840923,-3251631.582145594,-4526664.306743769,5573490.620065195,7349397415.773345,293.2652968150294
89.99999999999999,89.44222885714287,0.04450228746016259,-2800454.0837551523,-3846417.896110486,4757885.423876864,7975296359.5573015,293.2649819948657
94.99999999999999,89.44222885714287,0.04996000424247782,-2196185.482480748,-3096495.8560482212,3796250.4211370205,6867808269.729509,293.2627341062325
99.99999999999999,89.44222885714287,0.05508249688646624,-1653940.8163846254,-2608134.558958361,3088346.823421224,4993395208.85924,293.2590909282376
104.99999999999999,89.44222885714287,0.05871348063872955,-1092636.6170258615,-2261892.59562556,2511973.9033300984,3234879117.692512,293.25485874462515
109.99999999999999,89.44222885714287,0.060745155140599985,-547707.0655389256,-1971145.7170707323,2045824.642428464,2186086988.9628053,293.2507120917022
114.99999999999999,89.44222885714287,0.06160546382500891,-146088.91536042467,-1716444.0137403412,1722649.710038648,1778867688.7025602,293.24696474969437
119.99999999999999,89.44222885714287,0.06163044145865852,84194.91616986883,-1430731.8208529747,1433207.0077661914,1627942023.704983,293.2436252325027
125.0,89.44222885714287,0.060930898910695065,184501.4596081696,-1095115.9255641194,1110549.2690654038,1480628133.628237,293.2405615351294
130.0,89.44222885714287,0.059391272143880056,208226.0941982905,-763251.6453396541,791145.4862531697,1266362410.9335716,293.2375900130319
135.0,89.44222885714287,0.056672000837124696,196652.91069805913,-501618.079763919,538788.5162399624,1030274746.1579504,293.2344990099534
140.0,89.44222885714287,0.05233567843865776,178709.60900189087,-335836.9568398419,380425.5326986538,838576155.8773469,293.23106566148243
145.0,89.44222885714287,0.04620390015510503,171517.7459650096,-244518.311189397,298676.3159137871,709469666.0091076,293.22715294031633
150.0,89.44222885714287,0.0385458738360578,176999.64066013764,-190025.2037484582,259689.1427331164,617862173.2407094,293.2229228314586
155.0,89.44222885714287,0.029810343020056824,188720.08734836604,-149352.65282053273,240668.83112132634,540643356.5000867,293.2188583638905
160.0,89.44222885714287,0.02073824504759672,204080.5577693941,-120719.73831960185,237112.0605946061,458271537.47974783,293.21534919736865
165.0,89.44222885714287,0.012993904665475125,241815.36737564488,-113777.99619039457,267245.4009260394,368944593.4347571,293.2124122798901
169.99999999999997,89.44222885714287,0.008110047738336368,316215.02013750427,-132243.97288360467,342754.1499742954,265561802.3928993,293.2098486282485
175.0,89.44222885714287,0.005767879816868439,389948.9427649698,-170508.77548028246,425597.7214216531,155103708.9852112,293.2074462312376
179.99999999999997,89.44222885714287,0.004734469846406555,441099.6665407793,-228255.37624255326,496658.26541598624,84194102.7205692,293.20506309956005
185.0,89.44222885714287,0.00424586156922039,480426.6736337944,-307431.01935478946,570371.4757948169,50149290.908273645,293.2026462218428
189.99999999999997,89.44222885714287,0.003985795239257654,511550.38284826616,-404857.3567489216,652375.1018439708,34226949.016292475,293.2002365750958
195.0,89.44222885714287,0.0038299714155886093,528178.1838361144,-507978.93154694897,732812.9289088697,26056539.900692932,293.19792742643506
199.99999999999997,89.44222885714287,0.003726718901588091,520479.4222686952,-595772.4710620192,791102.8165039606,21063639.81432975,293.1957975592014
205.0,89.44222885714287,0.003652883912701392,481007.016223996,-646227.2476590379,805591.3388770308,17246839.50477424,293.19387924540075
209.99999999999997,89.44222885714287,0.003597493423303076,409299.59263498435,-646900.3665630785,765510.4445992945,13812084.195329493,293.192165687257
215.0,89.44222885714287,0.0035553591100748955,313249.8654894296,-601378.9992383774,678072.3994929289,10614165.521062508,293.1906301711109
219.99999999999997,89.44222885714287,0.003524389378529315,206517.73353303116,-526893.313976428,565920.6115496084,7834658.832562885,293.18924353089506
225.0,89.44222885714287,0.0035042870698015283,103848.8424154314,-445099.0298489201,457053.31028609234,5724261.722377443,293.18798571603793
229.99999999999997,89.44222885714287,0.0034956217397854213,17248.07024486643,-372682.58374554064,373081.4980060305,4405559.242241099,293.1868466349691
235.0,89.44222885714287,0.003498768190122009,-45796.5187776016,-316936.25000972743,320227.89963145886,3768140.6819248744,293.1858166129297
239.99999999999997,89.44222885714287,0.0035126338439438074,-82823.974235089,-276800.0519830211,288925.7335127798,3494771.967405687,293.1848764291824
245.0,89.44222885714287,0.003533820710629124,-95414.0810843387,-246975.34154557736,264765.303997188,3235912.8748343894,293.1839958547528
250.0,89.44222885714287,0.0035571588450010842,-86918.19176553792,-222567.58862374444,238937.44697217125,2818412.885021495,293.1831389031738
254.99999999999997,89.44222885714287,0.003577198124104836,-61501.01010235251,-202697.20832041142,211821.93584352382,2315199.948036544,293.18226979186136
260.0,89.44222885714287,0.0035892396811436226,-23788.20482047072,-191330.23246025268,192803.36237180873,1953124.7712485162,293.18135755177997
265.0,89.44222885714287,0.003589833240359312,22732.852418096227,-195254.31613800398,196573.21930919925,1988816.1607234909,293.180380978964
270.0,89.44222885714287,0.003577411535483574,76331.63906493332,-221989.02766664,234745.92121423435,2656039.909044094,293.17933654834155
274.99999999999994,89.44222885714287,0.0035526403554546624,135598.27638119512,-279035.5207294447,310238.1575278955,4184011.421189749,293.17824772898643
280.0,89.44222885714287,0.0035178215338623076,197908.98945146697,-372207.67583832605,421552.5139987535,6845981.836405422,293.17716327569633
285.0,89.44222885714287,0.0034755651504979257,257886.8005024614,-499507.0030567077,562150.2005479408,10945997.377881834,293.1761338734616
290.0,89.44222885714287,0.003427519713388046,306382.10608028877,-641892.3972611709,711263.5549414058,16610786.830781648,293.1751847208063
294.99999999999994,89.44222885714287,0.003373867883548276,331961.55530315347,-761087.7653023758,830333.1022500866,23405206.974592835,293.17431106563663
300.0,89.44222885714287,0.0033135964637837105,325064.60240799305,-813152.1749570449,875718.8220976178,30049501.59290848,293.17349347076214
305.0,89.44222885714287,0.0032451039081637894,283422.7014380397,-771845.6434337175,822237.2680546934,34592164.46074046,293.1727128615163
310.0,89.44222885714287,0.003166996167768005,215362.74926090537,-645072.3318427622,680073.1042162117,35175859.722851686,293.17195659331907
314.99999999999994,89.44222885714287,0.0030795189433871573,137356.50138440746,-472087.5917586548,491664.014104196,31145933.288254946,293.17121757092906
320.0,89.44222885714287,0.002988087856642081,66492.89519100955,-302883.29168329545,310096.10363851854,23812644.502894707,293.17049158697534
325.0,89.44222885714287,0.002913060034091676,13288.912338681708,-173711.81573852676,174219.37354473825,16143076.88387299,293.16977697438017
330.0,89.44222885714287,0.002916638281956228,-20035.676418624415,-95085.8522923337,97173.80117969721,11586636.386510435,293.169077093277
335.0,89.44222885714287,0.003161590592682528,-36823.39989947758,-57673.067481776954,68426.20472388077,13007074.4147421,293.16840244242087
339.99999999999994,89.44222885714287,0.003950768898754597,-44731.67308554367,-46132.349679004845,64258.19997430624,21930637.998501763,293.16776831707995
345.0,89.44222885714287,0.005563331132254132,-51535.28460041842,-48437.66170067419,70725.47369848492,38630197.86571834,293.16718896893855
350.0,89.44222885714287,0.007974200968961384,-58422.808623424295,-56817.02292290196,81494.77689564422,59789669.808941655,293.16667353433246
355.0,89.44222885714287,0.010880320941474047,-63150.796318292516,-66323.33269870617,91579.51482672167,77987525.87002872,293.1662282759075
359.99999999999994,89.44222885714287,0.013910613716356789,-64856.19262313154,-75197.977721027,99302.87797894285,87212181.69569671,293.16586004348187
365.0,89.44222885714287,0.01667890185742999,-63963.74510847794,-83863.28060318017,105472.3211171067,85282898.07627583,293.16557263877144
370.0,89.44222885714287,0.018867804329392553,-60634.60591853743,-93391.05063622919,111348.2993755857,74906582.1152478,293.1653617035296
375.0,89.44222885714287,0.02038221260413434,-53920.169953323624,-103160.07136318387,116401.82580807095,61333277.18512183,293.16521474365027
379.99999999999994,89.44222885714287,0.02133523313179534,-43330.33074532497,-110404.28160494773,118602.79490468955,48737179.688474916,293.16511583460954
385.0,89.44222885714287,0.021899889570462884,-30201.09630060735,-112232.85406199704,116225.29736963501,38833423.30112556,293.1650505842507
390.0,89.44222885714287,0.022212928577091607,-17046.77374501584,-107238.26615750861,108584.70529306795,31521583.89275747,293.1650085217236
395.0,89.44222885714287,0.022360601763740672,-6575.068273959262,-95813.58872527705,96038.92599994942,25988398.772692244,293.16498315184447
399.99999999999994,89.44222885714287,0.02240021314406959,-2347.0324729104764,-79782.45121059066,79816.96613251581,21271813.374612972,293.1649710473318
0.0,94.41124157142855,0.011410594616124885,-140646.84958666994,-1762025.395408089,1767629.77751612,140693507.94234732,293.23837826963864
5.0,94.41124157142855,0.011442606279747632,-259045.60908250452,-2263414.211200135,2278189.7460588426,181895453.5545346,293.2385564314025
10.0,94.41124157142855,0.011502371875642525,-469854.6953747508,-2439522.1384950243,2484357.401617778,200050019.70691374,293.2388927007963
14.999999999999998,94.41124157142855,0.011596560221768389,-674768.8302180108,-2195334.32692963,2296694.5337221827,187917272.97613832,293.2394075819828
20.0,94.41124157142855,0.011745386288924901,-849898.2832685607,-1632148.531321582,1840172.7962879038,157549938.1428027,293.24016548747534
24.999999999999996,94.41124157142855,0.011996306812454357,-985471.5822873337,-973975.7552877046,1385562.3448203823,138488504.6876532,293.24127214996287
29.999999999999996,94.41124157142855,0.012464044643645564,-1081763.9690143496,-420942.3055670125,1160778.062022948,178347051.71396798,293.24283979424507
35.0,94.41124157142855,0.013443801088002388,-1112791.3937508052,-60263.011605610314,1114421.965223962,351610416.1072868,293.2448689617655
40.0,94.41124157142855,0.01564892377528949,-967700.8241271126,109948.2440415706,973926.8460126343,614460121.1931983,293.2471141319079
44.99999999999999,94.41124157142855,0.019781023222555778,-807817.6967273705,124040.96917330766,817285.5028564788,729448763.6633295,293.24924756121356
49.99999999999999,94.41124157142855,0.024567126831068962,-926101.9028085778,39962.28713355753,926963.7095262216,770645988.559025,293.251194290409
54.99999999999999,94.41124157142855,0.028177653420810456,-1118751.562717298,-274896.787474576,1152030.0789676625,720542839.5391098,293.2530811049842
59.99999999999999,94.41124157142855,0.030707328233174385,-1315139.2584407446,-876500.3554040694,1580456.940924216,876095945.3125228,293.2551400969832
65.0,94.41124157142855,0.03284075491391403,-1638690.7091911773,-1735967.686966194,2387235.022066374,1499726789.81914,293.2575726251722
70.0,94.41124157142855,0.03506681715315623,-2113124.7896282417,-2738817.9008917417,3459251.345419475,2778288445.0356646,293.26045145288833
75.0,94.41124157142855,0.03780045062421899,-2652579.681797877,-3656388.1219870774,4517228.471850313,4881259008.034537,293.2635720867611
80.0,94.41124157142855,0.041481467217891525,-3050670.434396166,-4176978.1255469746,5172401.411394596,7460321812.028654,293.26627537254666
84.99999999999999,94.41124157142855,0.04640018829487215,-3115420.8331711614,-4170879.4132207236,5205966.005208384,9121841529.75176,293.26755524763246
89.99999999999999,94.41124157142855,0.05208165060855061,-2974209.0596060073,-3990259.92865624,4976755.351479732,8918887910.48677,293.26670764416025
94.99999999999999,94.41124157142855,0.05722714513605931,-2749406.7654233375,-3878372.3072200576,4754051.883937223,7149484632.520985,293.2638401986497
99.99999999999999,94.41124157142855,0.06087395452240771,-2262053.364058945,-3599005.2534569087,4250849.825183291,4632063521.4016905,293.25969287716674
104.99999999999999,94.41124157142855,0.06308910201634343,-1553869.4834679535,-3102811.286935143,3470151.041955535,2658759470.0978246,293.25516098239757
109.99999999999999,94.41124157142855,0.06434223029785778,-868457.9545760247,-2577553.778639038,2719926.9660494113,1600941681.728404,293.2508470245503
114.99999999999999,94.41124157142855,0.06498898396143088,-349440.60633278993,-2093125.9765467648,2122094.505682788,1111254159.109131,293.24700342385415
119.99999999999999,94.41124157142855,0.06521394449578986,-22902.444027937454,-1633475.6985619057,1633636.2446195781,877026600.0836238,293.2436538166103
125.0,94.41124157142855,0.0650650692456371,149152.03427113692,-1199879.0182337381,1209113.7199307508,743135979.2911905,293.2406839948744
130.0,94.41124157142855,0.06444750131806218,222389.57966426108,-826114.2264861985,855524.30727954,657546847.4111025,293.2379117826517
135.0,94.41124157142855,0.06304533969792941,240591.0086952894,-543521.0211952322,594389.715545386,616713301.2170428,293.23513109102385
140.0,94.41124157142855,0.060201922310613325,230652.2857265528,-357583.6589718402,425519.15359308175,620976729.2018766,293.2321307727859
145.0,94.41124157142855,0.055048624055147564,216577.64439220153,-252157.12727090128,332398.99651471333,656318626.7547503,293.22874177209803
150.0,94.41124157142855,0.047196461657372825,216417.49010514392,-198133.37309952805,293416.70633964735,702922281.7896093,293.22497303094997
155.0,94.41124157142855,0.03718593729875448,228085.53507293662,-166041.63143006046,282122.0209013537,723376331.1984434,293.22111119231545
160.0,94.41124157142855,0.026240632087085602,244177.06290280467,-145255.3763813816,284115.40334085556,678036121.7452704,293.21752303032514
165.0,94.41124157142855,0.016451849701288955,280268.55731869227,-144407.5125216455,315283.98927663657,572439418.2505898,293.2143539595497
169.99999999999997,94.41124157142855,0.009924512963609272,355794.15773455205,-171339.76984838277,394900.9995046051,424646880.58130753,293.2115140599192
175.0,94.41124157142855,0.006657692361505111,434142.41236240277,-218452.67707765035,486005.356281429,254083595.3020468,293.2088457653956
179.99999999999997,94.41124157142855,0.005203409462133561,482458.79890503886,-281428.3968915344,558541.3460235792,136379929.0341902,293.2062458383065
185.0,94.41124157142855,0.004525546908193136,510031.09145966684,-359579.2248552708,624042.4129841308,77771920.99794365,293.20368429222265
189.99999999999997,94.41124157142855,0.004173715764468422,523230.64954741084,-446689.3790922325,687969.2682232322,49791372.96967031,293.201196430125
195.0,94.41124157142855,0.003969097106035434,518609.36394532566,-528440.6536794879,740408.803859719,35148807.13547485,293.19884860351397
199.99999999999997,94.41124157142855,0.0038375723646333895,490412.15713360196,-585756.3869234428,763946.7446661703,26253378.2155127,293.1966948893215
205.0,94.41124157142855,0.0037460805805639135,436180.615039533,-602843.602238297,744092.6942901075,19921169.909463834,293.19475760119957
209.99999999999997,94.41124157142855,0.0036789209639004326,359409.09287661075,-575396.899036847,678422.0570291091,14892601.650467472,293.19302902521883
215.0,94.41124157142855,0.003628515997918991,268921.725585628,-513225.54116703704,579412.9361674192,10784170.55008285,293.19148191533253
219.99999999999997,94.41124157142855,0.003591593056343549,175861.79389239536,-435459.3220483209,469629.8454206617,7582012.7682369435,293.19008422238664
225.0,94.41124157142855,0.0035673990829209806,90419.27724058428,-361894.4376253737,373019.0741515709,5357408.570018963,293.18881265617364
229.99999999999997,94.41124157142855,0.0035563989038557755,19867.516866949478,-305801.4501509617,306446.15373812354,4092883.9059812473,293.1876563980038
235.0,94.41124157142855,0.0035586455885130387,-32169.237016452047,-271067.77090466104,272969.95481818594,3584977.724406305,293.18660809836706
239.99999999999997,94.41124157142855,0.003572045299864937,-65225.084091713834,-253591.87295537966,261845.65992925788,3466695.505036155,293.18565173975105
245.0,94.41124157142855,0.003591984880832727,-79829.81195050648,-245323.7655167164,257985.5592922869,3370082.9831817946,293.18475894348984
250.0,94.41124157142855,0.0036129084363943857,-76285.14941016884,-239432.44494430348,251291.304490503,3111704.8518573293,293.18389390821466
254.99999999999997,94.41124157142855,0.003629986339602257,-55839.91147317326,-234575.3970800115,241130.07408570356,2748111.3193290075,293.18302055761467
260.0,94.41124157142855,0.0036395888817502345,-20966.827399096514,-235154.85540313987,236087.72494743371,2484468.2465028292,293.18210871209203
265.0,94.41124157142855,0.0036394342583140325,25652.65579843236,-248126.81397171837,249449.34267555922,2554654.484052788,293.18113984981784
270.0,94.41124157142855,0.003628942143716822,80811.16814062578,-280420.46663025883,291832.285741973,3148956.830119347,293.18011361999913
274.99999999999994,94.41124157142855,0.0036092286066488873,140070.5049073662,-338443.34252752096,366283.55470346386,4398954.100011225,293.17905329132134
280.0,94.41124157142855,0.0035825143468326513,198218.27268426653,-426557.1960366509,470363.18426996825,6406486.157044836,293.1780017085977
285.0,94.41124157142855,0.003551203796587502,248645.05943447753,-540681.6212986769,595114.2589380133,9228127.559069231,293.17700179320605
290.0,94.41124157142855,0.0035170191422732276,282360.06985005765,-659791.4780214697,717671.2363718397,12726712.687718553,293.1760750803113
294.99999999999994,94.41124157142855,0.0034806719537195715,289968.02466354077,-746659.5175954781,800988.0714112963,16385119.900144603,293.1752180194028
300.0,94.41124157142855,0.003442156624606052,266037.1434871714,-764326.5447578983,809302.6805444063,19314180.61644602,293.17441418779487
305.0,94.41124157142855,0.0034013646110214587,213119.05439959042,-698033.1899379599,729842.4936951394,20571031.181566224,293.1736468639606
310.0,94.41124157142855,0.0033589540350420855,142493.79852350545,-564957.1816006055,582650.0662144963,19637853.156856965,293.1729039264682
314.99999999999994,94.41124157142855,0.003318036571631242,70011.4190197355,-404507.3694944686,410521.38892936084,16772567.372682348,293.1721767730564
320.0,94.41124157142855,0.003288514961083782,9256.81576759013,-257436.449378822,257602.82239705737,13054589.297242587,293.1714586483423
325.0,94.41124157142855,0.0032996271395360818,-33041.37508092673,-148567.63791561697,152197.4884913163,10268999.986958914,293.17074641504405
330.0,94.41124157142855,0.0034365921244366047,-56071.03324040921,-82436.56891372167,99698.28816441061,10978647.876950415,293.1700453131674
335.0,94.41124157142855,0.003925705659447585,-62068.22793530495,-50330.01408346882,79909.79437259954,17687352.4559253,293.16937074300586
339.99999999999994,94.41124157142855,0.00517458880214366,-60890.00740435598,-40345.51581808304,73043.50517554395,30556056.794960737,293.16874093081486
345.0,94.41124157142855,0.007451012435294351,-63682.6918984218,-43446.198003899335,77091.22757112734,49430731.18117679,293.1681663732649
350.0,94.41124157142855,0.010529167634078311,-69159.34431111671,-52797.34587103254,87009.04916483704,69893528.22043273,293.1676458776615
355.0,94.41124157142855,0.01390570820861738,-73021.61548485243,-63575.107284443264,96819.16439551681,83007739.91577056,293.1671757972025
359.99999999999994,94.41124157142855,0.017065951982409924,-75568.90265074653,-75296.38897444743,106678.04479099387,84095522.11831097,293.16676184920664
365.0,94.41124157142855,0.0195509517721623,-77858.24359521829,-90156.62099964354,119122.30020363825,74398033.5346121,293.16641624891525
370.0,94.41124157142855,0.021192593172680466,-77237.96362584514,-108107.86902948267,132864.64680705382,58933058.8448283,293.16614585934997
375.0,94.41124157142855,0.022157631745032554,-70245.03474295502,-125121.86526657178,143491.62370614216,43751102.3046753,293.1659455386174
379.99999999999994,94.41124157142855,0.022701520496872126,-57113.67262567731,-136533.4006330537,147997.77393332304,32233308.32012614,293.16580158400564
385.0,94.41124157142855,0.023007303918943005,-40552.8099651129,-139229.4190527984,145015.0389643995,24389063.91259604,293.16569906238294
390.0,94.41124157142855,0.02317697261750905,-23866.575832476596,-131931.53643534493,134072.90460103453,19060944.91646413,293.1656265815772
395.0,94.41124157142855,0.023263144419661038,-10268.732172940092,-115333.93464142708,115790.16944591,15166512.452101002,293.1655778364908
399.99999999999994,94.41124157142855,0.023294401780580225,-4409.635330887172,-91877.56090668253,91983.31958519743,11865362.019385347,293.165551697439
0.0,99.3802542857143,0.01177912265027801,-147914.5295399826,-1607062.7762852143,1613855.4690462758,110149445.4830872,293.23932368306725
5.0,99.3802542857143,0.011810741835245914,-271735.98172252683,-2077447.5755525427,2095144.1174610981,143456560.62728775,293.2395133700681
10.0,99.3802542857143,0.011868897885434033,-487414.903351803,-2253341.900601,2305455.0546505074,159498584.34132016,293.23987500584445
14.999999999999998,99.3802542857143,0.01195860469747763,-687207.9763879819,-2042087.1888724687,2154617.109782693,152023447.58024386,293.2404313628455
20.0,99.3802542857143,0.012096394716841666,-843265.5838127815,-1531650.6915939306,1748442.35990303,129807881.44854087,293.2412495864471
24.999999999999996,99.3802542857143,0.012320580542130576,-945101.3270094447,-926742.1847216218,1323656.9023948833,114544895.65576291,293.24243516418005
29.999999999999996,99.3802542857143,0.012721020703252855,-997061.0279312157,-414195.1077298088,1079670.4500386035,139006644.38997725,293.24408419240604
35.0,99.3802542857143,0.0135225451015024,-996393.1346729149,-77282.61336769199,999385.7519257806,255006634.18523946,293.24615472572316
40.0,99.3802542857143,0.015292794045669637,-883179.7279405441,89291.55878705173,887682.0457324543,482763880.1523831,293.2483750608735
44.99999999999999,99.3802542857143,0.01899252563836622,-673910.4127651781,111775.84313185641,683117.1814126549,613568451.918673,293.25043050806744
49.99999999999999,99.3802542857143,0.024250391928431442,-642561.7351339618,45699.88078792566,644184.8046658648,638108506.2463489,293.2522758361717
54.99999999999999,99.3802542857143,0.028981139688148274,-761281.0520917494,-177260.10223957678,781645.6896317577,656425025.912044,293.25407372587813
59.99999999999999,99.3802542857143,0.03251889834265249,-911258.8743734149,-644512.7240749735,1116149.3572183098,895941583.7680707,293.25605656968827
65.0,99.3802542857143,0.03560625786835616,-1177001.8768673185,-1331334.2276773998,1777015.5440891813,1711666468.5731237,293.25843306637967
70.0,99.3802542857143,0.03896846649995223,-1595751.1039777189,-2134669.240348047,2665189.365042232,3331224447.1444488,293.2612583370617
75.0,99.3802542857143,0.04317161957898162,-2079557.656918223,-2853458.7265604152,3530833.7191987666,5609076877.550813,293.26422105069463
80.0,99.3802542857143,0.04842701770513434,-2496089.92905086,-3374799.4543286823,4197586.9604865005,7623641052.961209,293.266491878945
84.99999999999999,99.3802542857143,0.054089543297795785,-2883621.7530860538,-3897092.613413922,4847948.561236643,8474253470.567267,293.2670979197323
89.99999999999999,99.3802542857143,0.058937932810938606,-3203017.957801839,-4469716.644914025,5498880.879217384,7653947799.47538,293.2656082216667
94.99999999999999,99.3802542857143,0.06228575255285522,-3139107.2166962666,-4691786.281868631,5645073.30622422,5436025587.391357,293.26241151660474
99.99999999999999,99.3802542857143,0.06435127226711937,-2629875.697127008,-4412658.1547728805,5136905.505576569,3285688448.0201,293.258358296772
104.99999999999999,99.3802542857143,0.06559611266696118,-1901156.7116103084,-3849882.9138702657,4293715.79085192,1916315119.7427497,293.2541430720019
109.99999999999999,99.3802542857143,0.06634899424010002,-1173039.2820926988,-3185852.1596174394,3394948.473875805,1164864650.5313296,293.25013668731367
114.99999999999999,99.3802542857143,0.06679461377310814,-580245.4740693596,-2507476.5238643675,2573737.2297709235,761653431.3035302,293.24650975891416
119.99999999999999,99.3802542857143,0.06702345633446341,-170729.5112799284,-1865435.2793067268,1873231.7921987255,536444349.6650298,293.2433107464947
125.0,99.3802542857143,0.06705846980342581,73669.94690827437,-1307370.9878828728,1309444.982057401,405116519.12125385,293.24047971200184
130.0,99.3802542857143,0.0668474968869867,201437.94464241018,-872077.8002649107,895040.1863920101,336229171.7090595,293.23787747658196
135.0,99.3802542857143,0.06620378025404987,258724.2859109504,-570244.8258931334,626192.7958528597,328510265.7267418,293.2353310178304
140.0,99.3802542857143,0.06465627276372556,273614.09772582585,-380924.81914800714,469007.8808690316,393786576.9552487,293.2326642187499
145.0,99.3802542857143,0.061252062415320274,263287.6167031935,-269598.7416151812,376833.982795789,525957272.98435944,293.22972879685335
150.0,99.3802542857143,0.054798074027767804,252265.66971974404,-209680.85231890364,328030.5289882831,686958598.0032331,293.2264742331856
155.0,99.3802542857143,0.04497121601396937,257081.6283606706,-180951.98343361146,314379.68119637115,829121353.5875086,293.22302098995425
160.0,99.3802542857143,0.03299604087413414,271399.8893460273,-167789.96415088756,319078.9432206268,876591386.8803244,293.2195940577801
165.0,99.3802542857143,0.021348633912803963,299235.7875559849,-171866.18083290744,345079.7598647886,795117002.7005831,293.2163489369549
169.99999999999997,99.3802542857143,0.012797388712674353,361888.99477825017,-204164.72895656576,415507.97957622947,623871008.9951019,293.21329743821383
175.0,99.3802542857143,0.008128731920429361,436171.53539972595,-259097.61551441014,507323.5482985266,398491956.3313403,293.21037556418696
179.99999999999997,99.3802542857143,0.005970487340820485,479543.745320164,-325792.38939248037,579743.8095070545,219184325.71000016,293.2075518058406
185.0,99.3802542857143,0.004967311338172322,493841.10893547366,-399878.4107651327,635438.2615728035,122338485.91265535,293.20483472563444
189.99999999999997,99.3802542857143,0.004457900181018149,488708.19254175643,-473746.3569104328,680640.3662311968,74730590.99077241,293.2022521828675
195.0,99.3802542857143,0.0041703643674109135,465055.8266224245,-533720.3923506419,707908.4538882056,49721519.964675814,293.19984163024753
199.99999999999997,99.3802542857143,0.0039914426807236576,421700.9531084077,-564491.7569860717,704615.2407929889,34888148.63298947,293.1976365940058
205.0,99.3802542857143,0.0038707964965180703,360402.66332941747,-556409.9968819976,662934.5098613905,24957311.23978726,293.1956554990646
209.99999999999997,99.3802542857143,0.0037845422837819516,286951.4714162585,-510999.2962857664,586055.8230685062,17737393.019836362,293.19389410453493
215.0,99.3802542857143,0.003720987785957254,209461.32548809366,-440941.0343501812,488162.92633611243,12352048.022952754,293.1923260575598
219.99999999999997,99.3802542857143,0.003674785840958365,135774.72670343178,-364716.28244152036,389169.29874972726,8464621.209806615,293.1909150578752
225.0,99.3802542857143,0.0036442752899475527,71790.29770581568,-299549.0563901625,308031.6282931453,5917946.618643692,293.1896314962882
229.99999999999997,99.3802542857143,0.0036295207949362017,20856.56003184204,-256143.13952880478,256990.86369759255,4536607.035775199,293.18846071714904
235.0,99.3802542857143,0.0036297923988317026,-16547.894933861513,-236580.51282509536,237158.53742871503,4011466.9517771974,293.18739620834316
239.99999999999997,99.3802542857143,0.0036414520255057424,-41548.55562916929,-235438.70905342046,239076.69939919145,3922700.952655784,293.186425407843
245.0,99.3802542857143,0.0036586183349919467,-54142.41838349242,-243479.69527024272,249426.86999860982,3892043.3909689547,293.1855222766188
250.0,99.3802542857143,0.003675692962609981,-53083.80039038736,-253218.05937333187,258722.3907138358,3737800.3472523815,293.1846505742832
254.99999999999997,99.3802542857143,0.003688584203391124,-37655.11816859248,-263202.6270622685,265882.550794087,3501363.768647793,293.18377199150336
260.0,99.3802542857143,0.0036945467396453354,-8155.125195885133,-277245.12442497717,277365.0394054406,3351921.063470143,293.1828546856783
265.0,99.3802542857143,0.0036921762153034913,33755.329826851346,-300565.8635624248,302455.38618240156,3476735.1851296765,293.18188136582995
270.0,99.3802542857143,0.003681577691140256,83866.768397255,-337944.3133319876,348195.33850243804,4011264.670795538,293.18085585614233
274.99999999999994,99.3802542857143,0.0036641256179803378,135875.967976678,-394461.32684210833,417207.40291566716,5026103.592411255,293.1798047072941
280.0,99.3802542857143,0.003641914571822484,183383.05973536312,-473956.2121488641,508196.6525198713,6550855.950386862,293.17876880438297
285.0,99.3802542857143,0.0036171026046717776,219671.0310032948,-571573.1728393936,612332.6332735679,8544231.360913578,293.17778510889826
290.0,99.3802542857143,0.0035913102312833817,236728.47326508682,-665712.5729611306,706550.4934914048,10776503.55004708,293.1768706765948
294.99999999999994,99.3802542857143,0.003565442086597697,227536.22915607394,-721513.2769536715,756540.9072872337,12758683.444170177,293.17602150089385
300.0,99.3802542857143,0.003540034911376488,190296.93507343822,-709193.2494511331,734280.5925294509,13876676.031343881,293.1752231120918
305.0,99.3802542857143,0.0035159301475336116,131036.0043586731,-623571.5108583752,637190.6022474617,13703192.876185142,293.1744609934526
310.0,99.3802542857143,0.0034953263721413954,62325.4962465423,-488061.7567402667,492025.14760403556,12278164.429332998,293.17372430451655
314.99999999999994,99.3802542857143,0.0034839749592045248,-1762.622048132253,-340751.2644508287,340755.8232243774,10189134.352222035,293.1730043575576
320.0,99.3802542857143,0.0034968899759019495,-51302.71463547095,-214620.19849303615,220666.71278232883,8522776.860080859,293.17229319088534
325.0,99.3802542857143,0.0035747496137576813,-82684.20281551174,-125522.8185588503,150308.53393668216,9041558.558497014,293.1715865289977
330.0,99.3802542857143,0.003831404791255061,-95634.59930974213,-72609.7441296301,120075.60754668403,14725784.568961555,293.1708903633144
335.0,99.3802542857143,0.004562166821891652,-90820.91765304563,-46513.095036187355,102038.7528990172,27678967.220043756,293.1702227162936
339.99999999999994,99.3802542857143,0.006272149039759575,-80211.80147500565,-37804.992327556494,88674.40747336473,44912812.3758899,293.16960249616915
345.0,99.3802542857143,0.009193742050144504,-78147.08187183396,-40533.56657773663,88033.72322351774,64737410.55726411,293.16903613139766
350.0,99.3802542857143,0.012871279913243045,-81356.03329258197,-49435.58429360153,95198.1152521072,80908000.13838187,293.1685138668469
355.0,99.3802542857143,0.01653619755143185,-85161.03020484374,-60979.51220085011,104742.07356074222,84480450.53972484,293.1680244031895
359.99999999999994,99.3802542857143,0.019500639629918635,-91704.85229012217,-76639.79458143315,119513.33836454153,75365376.24855842,293.16757238281
365.0,99.3802542857143,0.021427766997644128,-98853.36628775255,-97766.47084872826,139033.34437693644,57895386.54759973,293.16717649675843
370.0,99.3802542857143,0.022493691708081087,-99169.21809157004,-120938.8917140085,156399.3265519582,39661435.46302363,293.1668539440547
375.0,99.3802542857143,0.02305328712724717,-90300.99099878277,-141517.18646005561,167873.1158909383,26553573.487913404,293.1666068197938
379.99999999999994,99.3802542857143,0.02335383336368778,-74399.45425539919,-155540.0425644343,172418.04903909354,18531570.099234097,293.1664235625721
385.0,99.3802542857143,0.02352213646309109,-54412.9687239106,-159284.3194384992,168321.91058901133,13627884.168260742,293.1662888181501
390.0,99.3802542857143,0.02361841904793254,-33783.79697039959,-150361.24577664104,154109.86071384477,10375716.120730393,293.1661903653817
395.0,99.3802542857143,0.023671341153309933,-16108.898838616773,-129344.11995932167,130343.38491018325,7955508.073005185,293.1661219279077
399.99999999999994,99.3802542857143,0.02369467479437521,-7807.916011711321,-99995.03425987829,100299.40393182889,5947812.755560549,293.16608412082303
0.0,104.34926699999998,0.012093409180104828,-153458.79751110132,-1441024.8859124267,1449172.9794446472,84699591.9397907,293.2400021059967
5.0,104.34926699999998,0.012124692976398361,-282454.61161148996,-1878942.3604533847,1900053.9470043303,111645899.40031955,293.24020469470906
10.0,104.34926699999998,0.012181712366384982,-504505.5401622521,-2058878.5879135283,2119789.34798324,126608010.10513315,293.24059214616307
14.999999999999998,104.34926699999998,0.012268393550627173,-703844.0475409608,-1890503.6126769388,2017275.4776686796,124145949.71223576,293.2411871089721
20.0,104.34926699999998,0.012398780149369931,-848364.2420187242,-1445614.1981930365,1676162.9685544602,110270634.66972235,293.24205601959795
24.999999999999996,104.34926699999998,0.01260500318167831,-926249.4596465309,-905655.6316114042,1295434.3613494826,100629305.19454382,293.24329868359797
29.999999999999996,104.34926699999998,0.012960265472304333,-944627.0913709903,-441501.43293814117,1042709.8623483184,118070930.68554065,293.2449898422675
35.0,104.34926699999998,0.013642037700195888,-913292.825733337,-132579.04232275172,922865.6391908854,197320685.33632576,293.24705108739806
40.0,104.34926699999998,0.015099323176277034,-813018.1562524138,26611.790035148457,813453.5695200735,375374469.2370171,293.2492022824256
44.99999999999999,104.34926699999998,0.018304509614803052,-613823.989769346,65426.66478279382,617301.0115664466,538055130.2049714,293.25115799279666
49.99999999999999,104.34926699999998,0.023861125460703403,-481836.5696873855,14580.140583271805,482057.1132008475,562295835.0261853,293.25287602387056
54.99999999999999,104.34926699999998,0.030090997805704865,-513746.32172553777,-134390.71353577587,531033.094045159,624578759.1239716,293.25452681887214
59.99999999999999,104.34926699999998,0.03536408397023816,-615906.7863556405,-458012.6003769889,767539.3876427606,946152089.4212203,293.2563266247006
65.0,104.34926699999998,0.040090799584502956,-801594.1215709535,-930400.1272425477,1228086.940126821,1816571350.1130214,293.2584463511527
70.0,104.34926699999998,0.04512443753214675,-1101954.8491885974,-1472912.4317154712,1839504.1508929103,3222135497.0765295,293.260864784049
75.0,104.34926699999998,0.05069853911362254,-1513867.035571152,-2083659.971810277,2575545.045133824,4779576049.411085,293.26317617934626
80.0,104.34926699999998,0.05615139248678588,-2082765.24357513,-2909112.97823405,3577827.4664905732,5969450472.060558,293.2645904379436
84.99999999999999,104.34926699999998,0.06051720945979621,-2725331.929696933,-3923451.9185134824,4777123.515664289,6044182996.576759,293.26438408418124
89.99999999999999,104.34926699999998,0.06344833391314061,-3126444.6963766534,-4723233.089928106,5664237.571049921,4822510256.11095,293.2624892178627
94.99999999999999,104.34926699999998,0.06526791138076542,-3106469.614249877,-5046257.697971486,5925780.135863485,3293718403.077156,293.2594677991801
99.99999999999999,104.34926699999998,0.06639397141542305,-2715670.1397532593,-4929593.0699606165,5628121.546604268,2124791791.291426,293.2559487625143
104.99999999999999,104.34926699999998,0.06710946026855188,-2098019.282157509,-4472563.728684088,4940193.439071514,1361380128.8313384,293.25233443993477
109.99999999999999,104.34926699999998,0.06757706136533811,-1417275.2503342356,-3778900.5788373654,4035933.4384931754,882320626.7844409,293.2488365370568
114.99999999999999,104.34926699999998,0.06788554553175963,-808597.06905663,-2966766.6248350204,3074985.1099349977,580657589.1833458,293.2455760635723
119.99999999999999,104.34926699999998,0.06807903745013927,-345274.53303949395,-2161428.211477135,2188832.203832648,388178155.4745918,293.24261893836274
125.0,104.34926699999998,0.068168350796986,-36566.2301160476,-1469242.9928635315,1469697.9489893448,267085358.14374346,293.2399571024206
130.0,104.34926699999998,0.06812474530964577,147988.01502469645,-949891.1895753043,961349.9490943641,199749320.26580894,293.23750473203603
135.0,104.34926699999998,0.06784500618273943,248845.038164267,-607382.3696147888,656381.8979358369,183557622.90925366,293.23513037852234
140.0,104.34926699999998,0.06705296688182512,296666.48955958686,-405150.64227817155,502153.41178371315,232431198.5817519,293.23269497544874
145.0,104.34926699999998,0.06508056807796643,306304.3397653261,-292101.6751432122,423256.1129866207,370724510.6002438,293.23008624237764
150.0,104.34926699999998,0.06064508107351194,291305.3895215711,-227634.71713680393,369697.70679606195,586827910.3799016,293.22725605561874
155.0,104.34926699999998,0.052436624202502224,279974.2855072491,-194693.49471413228,341014.89326611016,817257236.713951,293.2242410822478
160.0,104.34926699999998,0.04075452069877175,285157.6212514264,-184630.77663459364,339710.7484882767,979026776.0258939,293.2211320133556
165.0,104.34926699999998,0.0279810554032851,301636.1278398267,-191923.8444819478,357517.9935317034,981626226.0744629,293.2180054877992
169.99999999999997,104.34926699999998,0.017336483416682556,340997.78739631857,-224087.02879105206,408037.36039924907,835228277.6871818,293.2149036618057
175.0,104.34926699999998,0.01068792233308288,399571.5646568743,-283035.5854395444,489659.65517637687,593492959.7202989,293.2118487851806
179.99999999999997,104.34926699999998,0.00733790417814276,437840.1061752671,-353617.1836263779,562804.647396786,353887233.3054314,293.20888423647915
185.0,104.34926699999998,0.005742744911541311,442884.89450217446,-423785.76113297464,612977.4882630331,201115596.62594578,293.2060624553806
189.99999999999997,104.34926699999998,0.00494147631226283,424281.33104769804,-484862.6602470973,644287.5500717815,120166447.57147133,293.20340771783833
195.0,104.34926699999998,0.004501108447720713,387795.8996613904,-525928.5676685417,653442.0541135006,76828212.07024893,293.20093293000747
199.99999999999997,104.34926699999998,0.004236090746588623,336610.21559804043,-536612.8661464506,633450.7126516378,51599082.45072866,293.1986592956975
205.0,104.34926699999998,0.004063525484862247,275486.45827670634,-512599.3112835408,581937.146625135,35512895.02070426,293.19661194087263
209.99999999999997,104.34926699999998,0.003944044946908996,211043.4107363441,-458796.61815077433,505008.57224587456,24552198.250087444,293.19479930765635
215.0,104.34926699999998,0.0038581344558234996,149823.2671024683,-388073.4821205393,415990.4312486263,16871271.230978053,293.1932003969466
219.99999999999997,104.34926699999998,0.0037963800792596117,96494.85728074718,-316737.28308485606,331109.89713025495,11579982.216408925,293.19177403752735
225.0,104.34926699999998,0.00375509951461676,53531.66730360195,-259506.16858609155,264969.98120265716,8201558.924502315,293.19048055939953
229.99999999999997,104.34926699999998,0.0037331635539044794,21505.21048176939,-225589.93495539034,226612.6493182639,6362145.782804777,293.1892973325113
235.0,104.34926699999998,0.003728165827582268,-1004.5211527858269,-216415.68243667218,216418.013731013,5600353.896949599,293.1882168478658
239.99999999999997,104.34926699999998,0.003734377793906729,-15879.505730682578,-226025.676614487,226582.79985755193,5387949.671564035,293.1872310744434
245.0,104.34926699999998,0.0037450128604987957,-23255.063927680047,-244938.65073169046,246040.11994091843,5301068.9982160805,293.1863181110167
250.0,104.34926699999998,0.003754964455535691,-21826.22830037925,-266258.309858249,267151.4024114259,5156366.429236352,293.1854415242544
254.99999999999997,104.34926699999998,0.003760954182742453,-9925.298590775676,-289002.6873652463,289173.0707663671,4986414.498462191,293.1845589133244
260.0,104.34926699999998,0.003760947649134176,13572.316487317208,-315717.5966573138,316009.19071112823,4917180.576781481,293.18363352974666
265.0,104.34926699999998,0.0037541982160458113,47541.39771638704,-348563.09262442763,351790.29838347307,5066350.283593468,293.18264640961485
270.0,104.34926699999998,0.003741272581493335,87360.96683507838,-389387.5665492734,399067.1816994282,5506658.087966152,293.18160523924814
274.99999999999994,104.34926699999998,0.003723660939131138,126528.87111147415,-442229.64783310395,459974.58261009946,6282223.475573876,293.18054287538064
280.0,104.34926699999998,0.0037032928282818294,159075.6977333786,-511216.2403582318,535394.3612099092,7415720.444599436,293.1795026791674
285.0,104.34926699999998,0.0036820577721086364,179112.22338849484,-591507.0190952724,618030.5350111312,8838274.41064764,293.1785186372709
290.0,104.34926699999998,0.0036613951813614584,180049.1546767315,-661831.6698789055,685885.4549810094,10286849.738487488,293.1776036007274
294.99999999999994,104.34926699999998,0.0036422574040672227,157222.85439874107,-690613.2303669597,708283.6013230683,11319347.669478383,293.1767515812445
300.0,104.34926699999998,0.0036255327694841464,111724.26066413202,-655154.9898740865,664612.948397683,11518782.229690287,293.1759481875424
305.0,104.34926699999998,0.0036128041521194527,51619.162713585996,-557895.3834889263,560278.320906233,10763858.443340193,293.17517976460203
310.0,104.34926699999998,0.003607639566514292,-10775.397730097717,-425461.36279743654,425597.7918524645,9371707.171716368,293.1744364318746
314.99999999999994,104.34926699999998,0.003618440140372139,-64057.98070158581,-292643.11171621317,299572.0543150058,8075191.46007755,293.17371024767704
320.0,104.34926699999998,0.003665908929315144,-101849.89104354725,-185097.06657754313,211268.3704703425,8057355.926798403,293.1729936336923
325.0,104.34926699999998,0.0038043065646402585,-122869.56624336418,-111914.22286527329,166197.8447163817,11468532.960752934,293.1722827936663
330.0,104.34926699999998,0.004181633958374141,-126705.68119146688,-68951.76558362112,144252.12519506353,22153210.404860783,293.17158527430155
335.0,104.34926699999998,0.00516796345707958,-112968.63015862757,-46875.34117001174,122307.84525009741,41423293.57234019,293.1709210322889
339.99999999999994,104.34926699999998,0.007343989173230263,-95840.99596263381,-38301.51069511865,103210.959828101,62501517.34986395,293.17030840421756
345.0,104.34926699999998,0.01085265673603963,-90616.12577075323,-39640.351253930596,98907.22773000953,81365329.501627,293.1697499024195
350.0,104.34926699999998,0.014963123163578824,-92681.72822632678,-46889.23090768207,103867.7174204412,89475433.96330702,293.16922961846296
355.0,104.34926699999998,0.01862323883229354,-99567.706989879,-58727.346289690315,115596.84025721293,81851012.27844971,293.16873108334596
359.99999999999994,104.34926699999998,0.021128610723825016,-112737.0064569925,-77160.28057983262,136613.8408948466,63366861.12525495,293.1682554187609
365.0,104.34926699999998,0.022492749799888082,-122870.95766889413,-100680.3666443933,158851.52963103828,41321760.01984988,293.16782304031085
370.0,104.34926699999998,0.023162662688718725,-122209.96249172883,-126081.77714678358,175590.11777637422,25068847.131500077,293.1674588162181
375.0,104.34926699999998,0.02349726757097013,-111789.53057791792,-150499.856432432,187475.61423559568,15953563.815458404,293.16717230023454
379.99999999999994,104.34926699999998,0.023675625720804245,-93857.08777777653,-169301.14119589547,193576.93389543545,11048798.846738426,293.16695589722514
385.0,104.34926699999998,0.02377703150086663,-70696.57453624485,-176451.80319069806,190087.46539529553,8154807.758733722,293.1667950608377
390.0,104.34926699999998,0.02383692110184748,-45766.837189097445,-167566.796886148,173704.446704674,6169630.746345962,293.16667698158346
395.0,104.34926699999998,0.023871634519045445,-23175.94354998742,-143023.05383011734,144888.64098446383,4608995.718268338,293.1665948245098
399.99999999999994,104.34926699999998,0.023888360022009857,-11853.963092087793,-108489.95749495918,109135.63725129674,3324772.985515514,293.16654948254154
0.0,109.31827971428571,0.012363010232163992,-157128.14058803825,-1265941.9496641413,1275656.0165201675,64543076.46377234,293.24041657167305
5.0,109.31827971428571,0.012394511154228571,-290836.7229265511,-1668652.9938161254,1693808.9659622698,86546868.4106813,293.2406316479646
10.0,109.31827971428571,0.012451703067259658,-520778.0420256332,-1854381.6203186042,1926120.7030795095,101135305.75571357,293.24104291425704
14.999999999999998,109.31827971428571,0.012538028782693998,-725540.6314199043,-1735903.9581439914,1881428.117080525,103626267.03353892,293.2416713773484
20.0,109.31827971428571,0.012666423376483573,-868980.8241541216,-1366852.7786536643,1619695.70946546,97997142.03251567,293.24258040260116
24.999999999999996,109.31827971428571,0.012866179631075942,-937166.4330497028,-901703.632697506,1300519.2672371224,95740406.99236193,293.24386142187876
29.999999999999996,109.31827971428571,0.013202707826711768,-938488.8464322867,-492248.0931309011,1059749.7346396518,114227266.721232,293.24557002693086
35.0,109.31827971428571,0.013831139071463269,-889205.9282439258,-213390.35680926152,914452.0912564669,180322762.80086687,293.24760512988456
40.0,109.31827971428571,0.015141127366997263,-790051.3621398755,-63072.56563645154,792565.0152227496,332945553.5137649,293.2496856355358
44.99999999999999,109.31827971428571,0.01806440490008867,-615742.442286165,-9983.301759039208,615823.3687889273,533388618.2852469,293.25154052867606
49.99999999999999,109.31827971428571,0.023895948864377577,-439247.7009470446,-34248.12678246752,440580.8404542488,607942890.8173531,293.2531064852243
54.99999999999999,109.31827971428571,0.031971545935178175,-394833.11050287,-127737.79250823134,414982.0824857954,690882272.4008679,293.254534068397
59.99999999999999,109.31827971428571,0.039909059881430876,-445869.14555105404,-323963.4930173754,551136.6797469083,1003651782.8058187,293.2560136960488
65.0,109.31827971428571,0.04686476717229579,-561417.4719693998,-619541.5665530249,836074.9550844637,1619648402.5291362,293.2576539176059
70.0,109.31827971428571,0.053059280369258555,-793711.3569433182,-1048227.612366857,1314822.7429844392,2454044952.0252056,293.2593715572591
75.0,109.31827971428571,0.058254865799649655,-1207563.6501760352,-1730826.826496361,2110443.4303117283,3282610617.5603676,293.26077261596
80.0,109.31827971428571,0.06205630194711293,-1772826.0433458418,-2683111.6185333375,3215898.029707077,3620723737.6113267,293.261251042996
84.99999999999999,109.31827971428571,0.06452928837825647,-2319830.49707037,-3685577.641006969,4354893.349213991,3246249815.799031,293.26045760517604
89.99999999999999,109.31827971428571,0.06607051053671943,-2680764.7884673025,-4517832.653934334,5253314.357626192,2557863295.730279,293.2585666889562
94.99999999999999,109.31827971428571,0.06704109414287544,-2762952.174149151,-5056251.688529106,5761908.1782330545,1905234010.7622674,293.255994272201
99.99999999999999,109.31827971428571,0.06767340828441365,-2552531.220128323,-5213187.698549993,5804544.909813582,1386020055.8000083,293.25309492478897
104.99999999999999,109.31827971428571,0.06810259663383689,-2111738.420878505,-4948747.670674067,5380477.9217293,992715145.1377703,293.2500888029382
109.99999999999999,109.31827971428571,0.06840545678195642,-1553615.3864918882,-4309637.827634052,4581124.204223096,698008013.4470003,293.24710543103004
114.99999999999999,109.31827971428571,0.0686249646535183,-996717.5763958298,-3433976.168480409,3575701.085491874,478885303.83655053,293.2442367960144
119.99999999999999,109.31827971428571,0.06878285340118202,-524954.1289440696,-2506884.5751885963,2561258.8917979253,319765291.99055755,293.2415519964408
125.0,109.31827971428571,0.06888364445092568,-172926.7892063766,-1691358.5802193203,1700175.7324778934,210383793.83524907,293.2390734872522
130.0,109.31827971428571,0.06891008756093797,64129.06335428342,-1077310.9835277991,1079218.0002188305,143859282.81974855,293.23675809116526
135.0,109.31827971428571,0.06880357050713375,210729.30063338618,-674546.6887323468,706696.5921986673,117659277.57386477,293.234512361846
140.0,109.31827971428571,0.06840820523630732,293767.54346799833,-440572.6188404079,529531.4929889606,139610332.6244731,293.23222778291193
145.0,109.31827971428571,0.06732495731408394,330330.921088113,-315641.4333483051,456889.5182350912,236979755.26309165,293.2298193271923
150.0,109.31827971428571,0.06461719569761595,325996.057665684,-247351.6012533399,409214.1789529772,437375950.97494817,293.2272572207489
155.0,109.31827971428571,0.05871734510140441,299893.678324774,-207819.25801420968,364863.0733586775,697532680.278255,293.22455807651113
160.0,109.31827971428571,0.04873213647028301,286899.0016148831,-194196.336413184,346443.7244400874,933625074.0240979,293.2217487456137
165.0,109.31827971428571,0.036156626018346544,291330.51206860086,-202911.37348168856,355030.270188865,1054595554.4389565,293.2188466078636
169.99999999999997,109.31827971428571,0.024091158849366735,307911.92395214515,-231448.49355195212,385198.8552415228,1000518183.3862616,293.2158745059511
175.0,109.31827971428571,0.015167308886763847,340867.8064654238,-285087.09092435375,444370.9158982621,810944194.5366235,293.2128911484823
179.99999999999997,109.31827971428571,0.0099396582694418,370679.18468362984,-356207.34541540773,514088.2520400677,558659589.3081404,293.2099754726859
185.0,109.31827971428571,0.007246183468789754,373214.54261375807,-425167.2718023188,565735.1887855515,345397395.7786104,293.2071935363286
189.99999999999997,109.31827971428571,0.005868030918338417,349376.3664865513,-477859.22966862057,591957.1680779214,210838791.15877414,293.20456229609516
195.0,109.31827971428571,0.0051210790935878065,307811.80054102984,-505918.37365383335,592200.5617633696,133365003.96522208,293.2020745135378
199.99999999999997,109.31827971428571,0.004684699735147652,255599.25171426148,-504340.60889826773,565411.7325107128,87873468.96029137,293.199746617507
205.0,109.31827971428571,0.0044108401053105355,199541.57278210935,-473226.9984793252,513576.3150283598,59678880.15033304,293.19762507909854
209.99999999999997,109.31827971428571,0.0042282837207499365,146244.86867799924,-418987.49897688173,443777.0678094438,41260028.63378776,293.19574865962136
215.0,109.31827971428571,0.004101100143101733,100637.26202303874,-352989.1042703609,367054.7183201511,28788835.775919225,293.19411308867063
219.99999999999997,109.31827971428571,0.004010894460580639,64996.969517381294,-288718.3133923775,295944.0327740745,20296417.618394192,293.1926744608641
225.0,109.31827971428571,0.003948831627118368,39476.84463351301,-238899.3789219446,242139.08092563122,14778321.082610954,293.19137910860263
229.99999999999997,109.31827971428571,0.003910304522009253,22978.81516149031,-212354.69937832025,213594.34518329997,11599726.484358046,293.1901905783144
235.0,109.31827971428571,0.0038897690121960605,13371.817783132752,-210517.8493712535,210942.1020439568,10053279.66348501,293.1890968014345
239.99999999999997,109.31827971428571,0.0038797631553638703,8550.98166405057,-226916.7793818487,227077.83699086428,9342116.14832897,293.1880954304756
245.0,109.31827971428571,0.0038741076861187095,7663.459972172682,-252314.4543074144,252430.80729418388,8888986.729264744,293.18717229644557
250.0,109.31827971428571,0.003868956053860678,11437.842829785708,-281338.4468323569,281570.8541639951,8492596.999004912,293.1862928901452
254.99999999999997,109.31827971428571,0.0038617218298611575,21796.71523478899,-313832.76393712865,314588.78002154495,8186325.550934565,293.1854098927854
260.0,109.31827971428571,0.003850729255244172,40156.05633423357,-350600.5442753198,352892.6897889337,8033268.700148623,293.18447821739034
265.0,109.31827971428571,0.0038355354890260143,65197.61482227762,-390252.9081832653,395661.5489582102,8048006.501224526,293.1834726047422
270.0,109.31827971428571,0.0038168456881506507,92484.5770292799,-431968.64403439855,441758.1990378919,8242699.05742796,293.18240202286495
274.99999999999994,109.31827971428571,0.0037960455636673203,116738.49854828294,-479472.9033911585,493479.62686381966,8679349.927176137,293.18130771665983
280.0,109.31827971428571,0.0037747846838805587,133528.49758057846,-537611.523590881,553945.8547221335,9419385.677712077,293.1802406663408
285.0,109.31827971428571,0.0037546094801164725,138239.20816510433,-601685.6472978841,617361.8848280066,10385909.195821892,293.1792362121279
290.0,109.31827971428571,0.0037367032822996265,125777.32205634446,-651130.5108179569,663167.3068402263,11281030.354986547,293.1783044786986
294.99999999999994,109.31827971428571,0.00372199415684626,93571.28084285696,-658112.4657053461,664731.2254703725,11689262.029741568,293.17743661642106
300.0,109.31827971428571,0.0037116794223969463,44784.840692934595,-606503.5693290988,608154.8006591977,11334262.848801205,293.17661641046584
305.0,109.31827971428571,0.003708119801070933,-11735.123804576262,-504346.0252486118,504482.53321079625,10301877.041970113,293.1758291369661
310.0,109.31827971428571,0.003716481493222659,-65046.201093371965,-379008.71496267966,384549.8853131296,9086323.3622022,293.1750645664132
314.99999999999994,109.31827971428571,0.0037485235389734676,-106773.93547457605,-260806.5891973045,281816.87363509747,8542463.761104904,293.1743151861683
320.0,109.31827971428571,0.0038325812210697583,-133568.79366017066,-168903.6996713896,215334.81465503023,10063713.222641109,293.17357442380114
325.0,109.31827971428571,0.004041580165625126,-145553.97760117348,-107571.59729734523,180990.63219024657,16392021.273650724,293.1728402630635
330.0,109.31827971428571,0.004568892045093866,-141735.26395217006,-70965.19697141736,158508.4989165672,31995507.396066457,293.17212345410167
335.0,109.31827971428571,0.005866226100657584,-122228.81636540133,-50408.21588014217,132215.24790396157,56037138.17222105,293.17144737602797
339.99999999999994,109.31827971428571,0.008529877597364897,-103530.8929384969,-40679.88242207827,111236.22892977188,78499306.86110213,293.17083182028887
345.0,109.31827971428571,0.012506103477723478,-98130.62026259328,-39703.753061527284,105858.42734658407,93173900.08821127,293.1702778817387
350.0,109.31827971428571,0.01677818303861542,-101263.95643087882,-44460.87033922895,110594.56525235159,91331902.33894978,293.1697665111034
355.0,109.31827971428571,0.020150207974248966,-113993.36475222262,-55677.04194307005,126863.78603472172,74781331.53704634,293.1692765405053
359.99999999999994,109.31827971428571,0.022132625086128923,-132848.85318663256,-74115.07533183886,152124.4956752449,50556091.928502195,293.1688003915017
365.0,109.31827971428571,0.02308413828183307,-143212.71449508617,-97845.4166549308,173446.2658964674,28903767.45073277,293.1683523108883
370.0,109.31827971428571,0.02352361158246758,-141526.6333215106,-126047.42679210294,189519.7660937557,16455092.192771358,293.1679593767642
375.0,109.31827971428571,0.023739598387787476,-130523.68933886313,-156322.49288914228,203649.58939733708,10426910.3825359,293.16764011771403
379.99999999999994,109.31827971428571,0.02385534918061847,-111444.32605624903,-182293.2639988517,213660.17857683866,7399844.330813961,293.1673948154962
385.0,109.31827971428571,0.02392221915523987,-85821.0927115922,-195070.11485947928,213114.07664793552,5616834.163790612,293.16721192707934
390.0,109.31827971428571,0.023962643853412388,-57083.01501906253,-187830.94978281017,196313.36250999084,4313869.209988828,293.16707858356557
395.0,109.31827971428571,0.02398681297176169,-29841.95557876121,-160545.51303365303,163295.45023669096,3207168.5062546115,293.16698702621113
399.99999999999994,109.31827971428571,0.023998928064166203,-15630.164067889886,-120856.36744145089,121862.88844407121,2277295.2146959607,293.1669372975631
0.0,114.28729242857142,0.012597853441347241,-158503.83960019564,-1087595.2106158962,1099084.5323825825,49084098.366167046,293.2405641111756
5.0,114.28729242857142,0.01263040750504265,-296003.2098317676,-1451850.9938388637,1481718.32969077,67300796.96019837,293.2407901077337
10.0,114.28729242857142,0.012689581481087345,-534745.0141735929,-1642003.092682333,1726883.4316658035,81938987.4257373,293.2412215827966
14.999999999999998,114.28729242857142,0.012778942259642505,-750866.3946444634,-1575576.7318779423,1745348.7848110911,89156321.60592896,293.24187715134315
20.0,114.28729242857142,0.012911742135322375,-904860.390823914,-1287790.4783660034,1573904.9027981793,91763844.35343733,293.24281619004626
24.999999999999996,114.28729242857142,0.013117796553145553,-979745.7763511101,-903897.7256295991,1333016.4607671583,98946668.03510353,293.2441221766825
29.999999999999996,114.28729242857142,0.013463260960821672,-983090.3879351248,-553842.192520912,1128365.1381830287,126387059.1338527,293.2458383146726
35.0,114.28729242857142,0.014104333899407427,-933563.6120391292,-306576.9059623675,982614.0732724136,201741601.20758262,293.2478537504404
40.0,114.28729242857142,0.015435185134486667,-839159.9336430928,-165182.87416005493,855262.9865413657,374327553.30532634,293.2498835587999
44.99999999999999,114.28729242857142,0.018445575665454253,-679914.8926070038,-102648.08357820065,687619.727939121,653749856.1588156,293.25164164107207
49.99999999999999,114.28729242857142,0.024938744579927643,-484005.9418412276,-98950.86264078518,494017.23143527017,837662617.055344,293.2530171537476
54.99999999999999,114.28729242857142,0.03523950897964133,-387439.7836155243,-148154.41993762736,414800.3351916427,930407798.263343,293.2541242046684
59.99999999999999,114.28729242857142,0.046118266355790534,-405006.0825738915,-269212.5671647815,486318.1399467861,1113301037.0777133,293.2551341058105
65.0,114.28729242857142,0.05451253964760959,-501423.62806950574,-495907.4484061313,705230.3539773836,1369255908.6881664,293.25611922811294
70.0,114.28729242857142,0.06007372831234669,-698507.6636388997,-898565.3074648689,1138126.7802585564,1651269644.477227,293.2570008725169
75.0,114.28729242857142,0.06351424263887044,-1005400.7152323873,-1523837.883773752,1825626.60317324,1808458064.3131998,293.2575018991439
80.0,114.28729242857142,0.06558866476741301,-1385311.841706857,-2332044.0477635614,2712474.5785873644,1755228678.110626,293.25729727271073
84.99999999999999,114.28729242857142,0.06685516736813515,-1772389.0304650343,-3245808.7035061163,3698193.7503420287,1577408028.0599608,293.25628332849425
89.99999999999999,114.28729242857142,0.06765518932848474,-2081852.9377261563,-4156385.9119319106,4648618.666144286,1363468617.8133392,293.25460702406576
94.99999999999999,114.28729242857142,0.06818306361181285,-2232900.8705081707,-4905528.446195913,5389810.352317921,1149651085.445909,293.25249279763824
99.99999999999999,114.28729242857142,0.06854850575509074,-2180571.2538782675,-5314511.197195103,5744468.666321749,945009072.062918,293.2501232059968
104.99999999999999,114.28729242857142,0.06881434548968816,-1934212.688822185,-5255797.871443073,5600409.805636217,751648742.1215377,293.247621307475
109.99999999999999,114.28729242857142,0.06901709934145485,-1550857.7070736114,-4724584.211247206,4972610.541431533,573115458.952703,293.2450736274004
114.99999999999999,114.28729242857142,0.06917772628815196,-1109466.069685482,-3855850.6619046563,4012293.519509001,415661371.4885892,293.2425540096168
119.99999999999999,114.28729242857142,0.0693066903612227,-682947.1003075646,-2866300.1668135403,2946539.2222222057,285914995.7673757,293.24012729876694
125.0,114.28729242857142,0.06940508748050754,-321121.53219801927,-1959197.5779624784,1985339.8167405108,188063356.53990468,293.2378281057706
130.0,114.28729242857142,0.0694615794044078,-46345.37937391243,-1255021.2019999272,1255876.6307478826,122850955.16244437,293.23563877349255
135.0,114.28729242857142,0.06944158033305915,142353.41301790078,-779864.5748730344,792750.433200603,89451117.34671555,293.23349316697374
140.0,114.28729242857142,0.06925674756284766,259837.90679248542,-496324.5620793576,560226.5691035783,90931157.89249866,293.23130362282535
145.0,114.28729242857142,0.06868054535363233,322351.2693007036,-343217.2238993243,470859.2184516872,144307616.39114565,293.2289974238923
150.0,114.28729242857142,0.0671356859956202,336304.6062447875,-263049.3678667571,426961.07330359996,284409720.9385524,293.22655128153986
155.0,114.28729242857142,0.06337637479484343,308343.9647149653,-217364.06698506395,377257.38984469365,511600640.83722085,293.2239884293771
160.0,114.28729242857142,0.055930790442836074,276846.5390739164,-197272.81022443352,339942.00659973,757243947.4899492,293.2213372402508
165.0,114.28729242857142,0.045037105239014316,269070.8664517031,-205486.38913030643,338561.34937538573,965631795.1291604,293.2186232702828
169.99999999999997,114.28729242857142,0.03301576877118766,273162.4044656289,-232574.27505670523,358759.65858997556,1052748885.6190873,293.215872096774
175.0,114.28729242857142,0.02245027410876647,283319.26900660025,-274154.92182665784,394247.0410189723,982965629.8455206,293.21313689214986
179.99999999999997,114.28729242857142,0.01490260340479473,297271.59328382625,-331671.80098334415,445394.86272412224,798599250.0307606,293.21048335130115
185.0,114.28729242857142,0.010352410231437376,298705.0482943374,-394185.04265228525,494577.1463859874,572906292.7522475,293.20794242397903
189.99999999999997,114.28729242857142,0.007830072434363261,277271.1580511054,-442875.47980675066,522511.2302152564,381665211.7796824,293.2054965021486
195.0,114.28729242857142,0.0064339737935392004,237857.2596156562,-466216.9751804937,523387.3746072967,250773528.82518408,293.2031107451384
199.99999999999997,114.28729242857142,0.005628827296579849,189693.9882720975,-461552.3753894807,499013.4310960445,168125865.97391507,293.20079275750476
205.0,114.28729242857142,0.005139240178430857,141072.37987235514,-431845.8073198397,454304.1026257348,116195194.50870396,293.1986184539282
209.99999999999997,114.28729242857142,0.004825941760128656,98426.40186333559,-383878.3123520611,396295.7421901343,82601143.60428809,293.1966798736124
215.0,114.28729242857142,0.004615910158098574,65590.12124262212,-326957.7746518743,333471.8135164166,59935524.384798795,293.1950100828816
219.99999999999997,114.28729242857142,0.004468569143399813,43496.712105938124,-271904.09101872233,275361.21491006046,44118168.06638162,293.1935700368343
225.0,114.28729242857142,0.004360060315344805,30980.98121448616,-230164.26054277676,232239.97939247146,33231891.216517963,293.192290472831
229.99999999999997,114.28729242857142,0.004275597698312038,26072.20097369038,-210915.7783462653,212521.11711315517,26397934.975466903,293.1911153030036
235.0,114.28729242857142,0.004206010826555349,26573.752462181303,-215550.54626340632,217182.41713908184,22508210.36482391,293.1900215369753
239.99999999999997,114.28729242857142,0.0041474055818669624,30113.354006789552,-236800.79009727173,238707.83037058165,20100475.50882925,293.18901085199013
245.0,114.28729242857142,0.004098624515939133,35034.49467313655,-266141.903283137,268437.941618119,18244570.849532884,293.1880808744712
250.0,114.28729242857142,0.00405773324207378,41734.86829703349,-300273.75391814706,303160.23242481303,16743759.317553075,293.18720379644685
254.99999999999997,114.28729242857142,0.004021760273891178,51982.85635055389,-339746.12511691515,343699.9372800654,15639017.588634029,293.18632914999307
260.0,114.28729242857142,0.00398816236260364,66532.86222586433,-383247.3027532143,388979.58407039795,14847733.830348277,293.18540143466123
265.0,114.28729242857142,0.003955757899825543,83477.15630355118,-426145.2261153405,434244.3889855368,14208608.50848774,293.18438319885723
270.0,114.28729242857142,0.003924575476882938,99083.37513305203,-466017.7448931025,476434.73192349216,13690512.12523474,293.18327818644417
274.99999999999994,114.28729242857142,0.0038953448932239256,109969.05883143691,-507142.3853608136,518928.31193694565,13440574.502753234,293.18213501350544
280.0,114.28729242857142,0.0038690885846730094,113461.75155368337,-555082.1864574467,566559.6198000783,13590955.63100302,293.18101768139667
285.0,114.28729242857142,0.0038467797097118464,106106.9911840202,-604961.8358079796,614196.6430731176,14030525.766845854,293.1799692744703
290.0,114.28729242857142,0.0038291934569136526,84114.96706172967,-637036.426607504,642565.7448920334,14379149.53756862,293.17900057138183
294.99999999999994,114.28729242857142,0.0038171663193240528,46648.83567670791,-627395.5407208458,629127.3944014796,14209584.659759596,293.1781002655042
300.0,114.28729242857142,0.0038122632684918136,-1753.388197069093,-565686.5955749253,565689.3129477688,13353971.73317174,293.1772491232612
305.0,114.28729242857142,0.003817906008689643,-52333.92945616987,-463637.1752954748,466581.47250859655,12073086.887959003,293.176429503069
310.0,114.28729242857142,0.0038416034964529966,-96046.76806316606,-347520.3875251592,360548.75038060587,11027006.968290929,293.17562889640817
314.99999999999994,114.28729242857142,0.003900268449223497,-127318.70121457912,-242755.41116756384,274117.20363760507,11243504.637932489,293.1748387721151
320.0,114.28729242857142,0.004034195437065201,-144967.4544271997,-163133.9236590192,218238.95136177895,14456959.504986547,293.1740530713457
325.0,114.28729242857142,0.004345104254540456,-149552.7040112458,-109719.76092346117,185484.3314519498,24016086.035331726,293.1732724371318
330.0,114.28729242857142,0.005089551073981152,-139609.06645471245,-76052.8482168683,158980.27285878686,43808886.08634147,293.1725133414511
335.0,114.28729242857142,0.006791384168400201,-118305.82759710104,-54891.106582734596,130419.71639791326,68937954.61594513,293.17180635377275
339.99999999999994,114.28729242857142,0.0099367943906357,-102865.36453309728,-43430.136326173764,111657.78057008398,88455046.05055784,293.17117668354683
345.0,114.28729242857142,0.0141692472606945,-99379.30756372416,-39611.42392361704,106982.76345795981,95260243.02439302,293.17062534599864
350.0,114.28729242857142,0.018298537471565682,-104690.96665772554,-41438.39790566305,112593.69130069882,84484528.21140416,293.1701302922287
355.0,114.28729242857142,0.021222266524078534,-122590.09435071588,-50860.94361861742,132722.14140336044,63347854.02590797,293.16966458124455
359.99999999999994,114.28729242857142,0.022755277669259718,-143541.29116507544,-67828.52333822384,158760.2306863433,38472615.4019346,293.16921000863323
365.0,114.28729242857142,0.02343720623037427,-152491.76464598137,-92039.00953620614,178114.8998855829,20323145.655523367,293.1687688176826
370.0,114.28729242857142,0.02374281519932149,-150078.85199411667,-124160.97515558852,194780.92711417782,11375717.71791926,293.1683632693397
375.0,114.28729242857142,0.02389211283283045,-139121.9387272126,-161587.1977874049,213226.0216859195,7424851.700416192,293.1680195223254
379.99999999999994,114.28729242857142,0.023972493405996748,-119971.76503358076,-196190.37220514615,229964.9680957221,5550215.442454473,293.1677490206945
385.0,114.28729242857142,0.024019399324542296,-93594.46576289713,-216103.96463425242,235501.26868465982,4434663.272449174,293.1675462141684
390.0,114.28729242857142,0.024048149010956803,-63213.73168660681,-211733.15560272586,220968.1086836615,3532229.3468636856,293.16739935720125
395.0,114.28729242857142,0.02406562868846931,-33590.95796588635,-182297.78527330238,185366.75800320026,2671718.9489970333,293.1672999670296
399.99999999999994,114.28729242857142,0.02407455279932879,-17788.050692955927,-137214.64325646465,138362.83124977615,1900153.4848601255,293.16724697565377
0.0,119.25630514285713,0.012806989619542098,-156095.401201511,-911010.7368200758,924286.9342783756,37513033.54612,293.24043786944776
5.0,119.25630514285713,0.012841635010141574,-294709.06902490015,-1232857.3367466377,1267592.4613753175,52843854.96409436,293.24067343799834
10.0,119.25630514285713,0.012904971436528082,-539687.0171399576,-1422637.7581679162,1521565.0717055972,67757533.8995787,293.24112195198524
14.999999999999998,119.25630514285713,0.013001309410159843,-769313.4363345867,-1405091.3064356728,1601912.8386856872,79426664.9860886,293.2417992652953
20.0,119.25630514285713,0.01314568949543031,-942290.7286222941,-1198748.896375595,1524765.796379641,90435463.42986074,293.24276103796404
24.999999999999996,119.25630514285713,0.013371848640967379,-1038158.2276590822,-899260.5986067666,1373478.1140822181,109530646.33557035,293.24408528343696
29.999999999999996,119.25630514285713,0.013755047478955744,-1061370.8638717097,-612669.3679627839,1225508.818864922,154370273.64386374,293.2458099123435
35.0,119.25630514285713,0.01447469431904127,-1029140.2553346587,-399917.46301790304,1104112.1511771176,261924539.99819198,293.2478209103398
40.0,119.25630514285713,0.015990375019006436,-948918.8091034719,-268770.1130008552,986247.5753647478,508566848.5684818,293.2498185586317
44.99999999999999,119.25630514285713,0.019490283959339643,-794656.2295186255,-199444.62832833215,819302.5588155971,945691776.9723021,293.25146923426996
49.99999999999999,119.25630514285713,0.027308046261309133,-573835.5596806428,-172424.20128582057,599180.569397114,1270573216.587267,293.252588832651
54.99999999999999,119.25630514285713,0.04002026283953175,-450035.83816714014,-187827.42899747635,487659.10092871473,1324186739.32116,293.2532676461321
59.99999999999999,119.25630514285713,0.05264068668399411,-475574.0271177686,-280035.54145033984,551897.2365797795,1302637996.5235002,293.2536931869511
65.0,119.25630514285713,0.06058116766610276,-567649.5903155654,-477297.6532409646,741646.2142927457,1143184043.7489622,293.2539535724871
70.0,119.25630514285713,0.0645673705034076,-681734.5642343865,-812384.8432502098,1060533.4269199236,976029445.9141213,293.2540579703864
75.0,119.25630514285713,0.06656178895152223,-833825.0133421633,-1315775.7658425139,1557732.3322231944,886120213.410084,293.2539008390136
80.0,119.25630514285713,0.06764558363024319,-1032293.8912555572,-2008076.1829898364,2257875.247797046,844406573.6274041,293.25333606630693
84.99999999999999,119.25630514285713,0.06829029884433466,-1258069.2675141792,-2873560.047766471,3136891.0771627543,819837449.739693,293.25230917790805
89.99999999999999,119.25630514285713,0.0687052038090964,-1470525.7240270015,-3826471.3862410886,4099308.377610415,792620768.0536081,293.25087604084524
94.99999999999999,119.25630514285713,0.06899148556879582,-1621576.6376575308,-4698982.728915603,4970910.326936489,749514853.7679824,293.2491336713511
99.99999999999999,119.25630514285713,0.06920243991556166,-1671300.8042438098,-5277167.521969934,5535498.481004245,682857399.4966036,293.2471704301836
104.99999999999999,119.25630514285713,0.06936800549237884,-1599286.4537005685,-5386567.199992979,5618969.955519458,592050426.1723351,293.24505717612993
109.99999999999999,119.25630514285713,0.06950561138492953,-1408943.977598603,-4982639.574091446,5178013.1573136775,484100329.47667974,293.2428554244434
114.99999999999999,119.25630514285713,0.06962517507245969,-1126187.0428508637,-4180053.106974061,4329103.975721613,371294431.28092885,293.2406260868762
119.99999999999999,119.25630514285713,0.06973116496264972,-794199.1607620452,-3195157.9091744423,3292383.083955318,266795555.5949348,293.2384271068688
125.0,119.25630514285713,0.06982278287235341,-463341.0380252932,-2244930.655863648,2292247.492561557,180622947.78099915,293.23629469566225
130.0,119.25630514285713,0.06989218038371589,-176776.7392445553,-1471125.6215255258,1481708.679142699,117910903.09730874,293.2342225220833
135.0,119.25630514285713,0.069918760547684,41463.69184995164,-921968.2455265494,922900.1481748346,79872785.90085317,293.23215963562006
140.0,119.25630514285713,0.06985287299793555,188431.73565820174,-576293.6766674393,606317.5082166417,67437660.15778956,293.23002915754216
145.0,119.25630514285713,0.06956932014660773,273671.7132144698,-380059.68506566907,468339.162174122,88208665.07997182,293.22775899044007
150.0,119.25630514285713,0.06874027825647748,305750.4485090241,-275975.39380310854,411880.75306847034,164774828.16353384,293.22531880659005
155.0,119.25630514285713,0.06656717444581703,288714.17346222297,-220860.96541010283,363504.38786878105,317862663.0811498,293.22274036143574
160.0,119.25630514285713,0.06171917922368804,251648.3124269368,-195935.99882099472,318932.26362553233,520553912.86514336,293.2200950814059
165.0,119.25630514285713,0.05354811473692147,235761.30605420566,-202663.9305502543,310895.58082813455,750927012.9697899,293.21747036094143
169.99999999999997,119.25630514285713,0.04320271970141973,237548.1312927271,-231531.25090065427,331716.49766674015,960509718.586668,293.214935687765
175.0,119.25630514285713,0.032585954771377594,240130.19346074833,-265803.6503709446,358209.5620750733,1049172637.7997098,293.2125266874626
179.99999999999997,119.25630514285713,0.023353832269720987,240033.72891026136,-301344.76016610966,385259.46515839815,982610423.5426289,293.2102544582897
185.0,119.25630514285713,0.01652158117143182,233961.63602373688,-339421.6590601203,412243.9930066029,809486509.373948,293.2080915869117
189.99999999999997,119.25630514285713,0.012088023253934382,214822.24413700838,-373373.24807249877,430762.323041684,607729871.0005927,293.2059711871323
195.0,119.25630514285713,0.009408935021864722,181527.79445241517,-392434.48001045804,432385.4313686307,435283343.1809501,293.20381806863617
199.99999999999997,119.25630514285713,0.007815446570144418,140651.9857391741,-390906.9713101156,415441.02025584853,310200496.11132306,293.2016115352785
205.0,119.25630514285713,0.006853373176531232,100364.62771308528,-369727.6536346491,383107.8129693641,225485820.0888401,293.1994418167758
209.99999999999997,119.25630514285713,0.006256702953771252,66879.45034259127,-333906.3954275922,340538.3117735429,168411605.119962,293.1974649850549
215.0,119.25630514285713,0.0058715132285674775,43595.02962393467,-290550.495601769,293802.85414261266,128559724.44873163,293.19577430441143
219.99999999999997,119.25630514285713,0.005600336040060586,31064.265981446093,-248568.49678471903,250502.06828443732,99499849.99914813,293.1943485364314
225.0,119.25630514285713,0.00537357246390666,27608.985371007617,-218692.07083750225,220427.94269423198,78607836.13099502,293.19310697294173
229.99999999999997,119.25630514285713,0.005148792342238161,30888.263364806167,-210019.47443104023,212278.74235067435,65002371.49812533,293.1919736304518
235.0,119.25630514285713,0.004923143330290608,38662.030593911484,-223101.79141457967,226426.94614828678,56381404.84525082,293.190908914897
239.99999999999997,119.25630514285713,0.004718977779040302,48065.5074700646,-250016.35723523755,254594.72086736746,49631346.40950236,293.189911585598
245.0,119.25630514285713,0.004551087947311983,57122.117571928575,-283532.62847799785,289229.472439348,43521369.56941544,293.18899062054925
250.0,119.25630514285713,0.004418551061052164,66327.71177321984,-322418.9372197717,329170.67978025984,38376989.032100305,293.18813016483927
254.99999999999997,119.25630514285713,0.004313600633114298,76965.52103381988,-367400.3931288284,375375.4657662445,34406576.150752865,293.1872816234077
260.0,119.25630514285713,0.004228564581723917,88722.69376570226,-414929.7057754304,424309.2941757555,31207613.74439207,293.1863806233206
265.0,119.25630514285713,0.004158130495300612,99281.80796543273,-458038.9010008378,468675.2737481895,28306782.43236287,293.18537315837415
270.0,119.25630514285713,0.004099224571049296,105988.93720797154,-494054.8740500275,505295.82759316737,25684066.2387754,293.1842475124709
274.99999999999994,119.25630514285713,0.004050347639577966,107247.71734423074,-528441.8610942888,539215.0530468745,23685208.799567856,293.1830518256345
280.0,119.25630514285713,0.00401090477623845,101613.43638004058,-567150.9557420423,576181.8263812844,22522262.837094307,293.18186556407545
285.0,119.25630514285713,0.003980659183807618,86304.07438207495,-604744.7193388131,610871.9741673591,21949079.859813116,293.1807480025518
290.0,119.25630514285713,0.003959587451499795,58525.846212297074,-622471.2811579126,625216.5789078522,21390775.214312762,293.1797171911986
294.99999999999994,119.25630514285713,0.003948282672798929,18849.44372365605,-600444.6117657063,600740.4042738936,20349707.603952583,293.1787621999151
300.0,119.25630514285713,0.0039488426148301566,-27292.429639774782,-533195.5092589767,533893.55475561,18758758.814656567,293.17786119205266
305.0,119.25630514285713,0.003966440075879402,-71657.80730725663,-434452.6023867023,440322.5012064021,17075622.496333282,293.17699274493225
310.0,119.25630514285713,0.004012641794290013,-107066.59886310475,-328140.91600191564,345166.2169834835,16182894.147614593,293.1761404219854
314.99999999999994,119.25630514285713,0.004113458047507009,-130088.65790024181,-234858.17472806605,268479.8337880984,17397925.173030067,293.1752928124421
320.0,119.25630514285713,0.004330058911465937,-140676.36849220906,-164131.5056265456,216168.89644764477,22921743.067246627,293.17444331754655
325.0,119.25630514285713,0.004811046318014595,-139075.7390736895,-115006.73192610689,180467.7522085771,36211409.70845607,293.1735962370959
330.0,119.25630514285713,0.005893258321073742,-124743.80797152701,-81436.95830376532,148973.137863866,57904027.03665639,293.1727772072957
335.0,119.25630514285713,0.008101294263147176,-105937.86860218167,-58984.42254268169,121251.77980824333,78692849.71110396,293.1720283490296
339.99999999999994,119.25630514285713,0.011625533770913377,-96001.17835787033,-46086.978152580305,106490.54324838448,90173688.29307982,293.1713812071131
345.0,119.25630514285713,0.015818340530140678,-94027.490443694,-39213.363098200934,101876.67448739341,86554447.03312182,293.17083346370174
350.0,119.25630514285713,0.019552582044180776,-100097.68018241883,-37993.815432187526,107065.75357693483,69888654.6555782,293.1703575226121
355.0,119.25630514285713,0.02198778882151558,-119083.07350031783,-45088.36800964706,127333.182336952,48758297.73290657,293.1699206627806
359.99999999999994,119.25630514285713,0.023172778805125145,-138011.24488731535,-60801.442857501985,150810.87218400603,27528763.622433648,293.1694970247347
365.0,119.25630514285713,0.02367648946374523,-144250.48478568916,-86270.08545387178,168079.53475996022,14042417.008043021,293.16907751361407
370.0,119.25630514285713,0.02389762566926889,-140706.313473662,-122791.92481773942,186751.50187292686,8047585.05752671,293.16867493091155
375.0,119.25630514285713,0.02400471150770019,-129968.62178089129,-167552.56463902938,212051.1838324429,5632719.5777051905,293.16831737041537
379.99999999999994,119.25630514285713,0.024062211344377936,-112107.93405696948,-210922.12121498553,238864.6689997306,4586836.442504494,293.1680268594478
385.0,119.25630514285713,0.024095820776535586,-87777.46852877963,-238249.64817512347,253905.0587067753,3946211.60585449,293.16780627567164
390.0,119.25630514285713,0.02411652856080105,-59664.98319134712,-237176.29346727525,244565.9510277316,3311815.575365673,293.167646704753
395.0,119.25630514285713,0.02412921800838721,-31950.875135704657,-205960.20819579743,208423.76491656035,2585604.9044257593,293.1675396532542
399.99999999999994,119.25630514285713,0.024135753600238806,-17009.225169952148,-155480.098205544,156407.71937116064,1859644.6417883574,293.16748331924657
0.0,124.22531785714284,0.012999745059332388,-147076.335082834,-741341.1386025768,755789.7406858358,29205735.33740284,293.24002633652896
5.0,124.22531785714284,0.01303775487434881,-280874.34880106815,-1017063.7739035138,1055134.645436914,42399279.34848722,293.2402718051967
10.0,124.22531785714284,0.013107881377495153,-522748.34924017894,-1199190.3111799713,1308175.5383209274,57679878.42243499,293.24073682749804
14.999999999999998,124.22531785714284,0.013215870389038351,-759873.8927868627,-1222372.3723512776,1439306.273739801,73440837.41495909,293.2414339299766
20.0,124.22531785714284,0.013380207623115307,-952068.1185077083,-1091896.4644352272,1448679.2575739315,92995930.3850813,293.2424157106404
24.999999999999996,124.22531785714284,0.013642355892811158,-1076237.9452363306,-875637.2098086713,1387454.0129200802,126635155.47376198,293.2437575464875
29.999999999999996,124.22531785714284,0.014095926027312619,-1132030.9014710386,-655095.9070907296,1307916.1323924244,198095970.96195865,293.2454966120465
35.0,124.22531785714284,0.014967584869318974,-1131278.9265621311,-481136.3404963274,1229342.9903122096,363546529.24144816,293.2475144762055
40.0,124.22531785714284,0.016846987870111726,-1073697.9780916076,-364231.0916425454,1133795.2356034692,746232917.9215924,293.2494788225923
44.99999999999999,124.22531785714284,0.02126850644840375,-914049.11914536,-290708.4876917756,959164.8539361978,1416022645.1335516,293.25097937424437
49.99999999999999,124.22531785714284,0.031069293634528063,-659876.0265306887,-241681.20089762434,702741.8966144313,1812151177.0456157,293.25175922159076
54.99999999999999,124.22531785714284,0.04574684150150481,-548916.8331213268,-238681.07539537878,598563.5684167898,1748482418.7884676,293.25194900482063
59.99999999999999,124.22531785714284,0.058150253321523473,-619435.3826155163,-322344.09378648695,698287.8403889491,1458604371.0604262,293.25178673626755
65.0,124.22531785714284,0.06447872087112441,-685476.5349465755,-485028.7495538816,839720.7677890108,916423277.1709938,293.25141893915657
70.0,124.22531785714284,0.06715633140116956,-704609.0634427943,-760140.4410919165,1036478.3753022274,582588588.8754303,293.25095941318193
75.0,124.22531785714284,0.06834155891279571,-729437.1644704489,-1197402.038779025,1402087.8073012596,472903344.0746697,293.2503957629373
80.0,124.22531785714284,0.06893022120792637,-777916.0458504113,-1832170.823717286,1990478.159054356,462944759.9668157,293.2496481182711
84.99999999999999,124.22531785714284,0.06926044962316266,-848394.4506216955,-2659354.1179037197,2791404.2108331714,488985207.18001205,293.2486567133459
89.99999999999999,124.22531785714284,0.06946844745573054,-935391.3446667313,-3603425.0079859253,3722852.2339539346,519686266.6319196,293.24741255660575
94.99999999999999,124.22531785714284,0.06961501782224676,-1031696.7654915988,-4504358.29679821,4621000.095418815,535518282.168721,293.24594001771993
99.99999999999999,124.22531785714284,0.06973000738282283,-1121974.6233282208,-5150016.332317851,5270815.428236233,524444071.3451678,293.244274918873
104.99999999999999,124.22531785714284,0.06982913099611279,-1177354.4463074934,-5359074.736166194,5486879.397258043,482921467.7352302,293.2424570040953
109.99999999999999,124.22531785714284,0.06992092662554696,-1161515.047990055,-5069832.971427873,5201184.82318063,416062998.8129412,293.24053052914695
114.99999999999999,124.22531785714284,0.07000972201743283,-1049265.0176931452,-4370847.030119467,4495026.233300397,334943457.197829,293.2385451760414
119.99999999999999,124.22531785714284,0.07009676312244206,-845018.1392149217,-3451331.57921062,3553272.4811444897,252243300.62871888,293.23654980296413
125.0,124.22531785714284,0.07018038740017793,-585041.2504240868,-2513106.111825056,2580305.3296054383,178527854.82063293,293.23457522083305
130.0,124.22531785714284,0.07025534993420214,-320340.3196068152,-1703248.5718884103,1733110.9652892123,120390351.88975109,293.2326158901892
135.0,124.22531785714284,0.07031018520275326,-93660.13775370116,-1091399.3932293172,1095410.8165183342,80463717.27561173,293.23062574570633
140.0,124.22531785714284,0.07031884173225528,73584.07588345445,-680302.1446046783,684270.1397674361,59234987.064033516,293.2285309535524
145.0,124.22531785714284,0.0702160778076004,179452.9946862199,-431483.75075277744,467313.1760024935,59005075.62917588,293.2262554771286
150.0,124.22531785714284,0.0698286783988314,230245.1558495061,-293474.3818730276,373014.80481063883,89786054.14353305,293.22376088927473
155.0,124.22531785714284,0.06871409818303165,232766.0235421374,-223092.5426983499,322413.25084933144,168927300.93271336,293.2210905745312
160.0,124.22531785714284,0.06600474378909198,209852.02161377828,-195406.90185958616,286743.3142546686,304580845.1775759,293.21837749180656
165.0,124.22531785714284,0.06085548458613046,198543.211176196,-202169.83856900412,283358.51907287474,507423147.58872086,293.2157930063196
169.99999999999997,124.22531785714284,0.053320354557276795,203909.22533827662,-231719.83938603895,308663.33786691894,765857700.827928,293.21345301889
175.0,124.22531785714284,0.044285135663249646,209941.6454250866,-263235.20255327335,336702.04387121805,981534828.3830912,293.2113670516664
179.99999999999997,124.22531785714284,0.0349452593659815,207687.17033555405,-285360.52856038057,352937.09351986396,1049536073.9417012,293.2094770525762
185.0,124.22531785714284,0.02659507909573677,195109.32786918056,-298596.83852333936,356689.95191580127,956570326.0339878,293.2076972896217
189.99999999999997,124.22531785714284,0.020115640875936803,172509.49958005728,-306368.8286334894,351598.33134362026,778455582.8539243,293.20592735716974
195.0,124.22531785714284,0.015613367495325742,141871.12404455774,-308537.20221844944,339591.84470545617,597299821.5156527,293.2040636118403
199.99999999999997,124.22531785714284,0.012687353750967835,107530.42184289398,-302607.6117403838,321145.07361149037,452323585.5934669,293.2020478282426
205.0,124.22531785714284,0.010845821994976215,75010.10743295112,-287328.1239938655,296957.8540044648,347680653.9523114,293.1999542501701
209.99999999999997,124.22531785714284,0.009697654704610488,49031.96275987067,-264066.9135168102,268580.46873587044,273959447.12085533,293.1979841749679
215.0,124.22531785714284,0.008963328446692554,32439.03999258785,-236626.82111896982,238839.99620773247,220811326.31457636,293.1962973422427
219.99999999999997,124.22531785714284,0.00842827362722412,25841.153765090305,-211194.33952316814,212769.39224084432,181742154.52182406,293.19490170621873
225.0,124.22531785714284,0.00791459273198183,27768.181692714927,-196095.14260594512,198051.45005317577,154966978.79471624,293.19371429616086
229.99999999999997,124.22531785714284,0.007319233277112729,35920.07501608645,-198807.48093928373,202026.39992482404,139788324.48080197,293.19264713654104
235.0,124.22531785714284,0.006670912657325679,47903.594855976364,-220348.4753923054,225495.46560372107,131097906.26612227,293.19164590272976
239.99999999999997,124.22531785714284,0.0060706859000969875,60740.96499510067,-254553.58715827652,261700.1978671058,121608965.22499527,293.19069937591996
245.0,124.22531785714284,0.005580587657355351,72613.81429879265,-295406.598052876,304200.30276150774,109129311.89933501,293.1898201157821
250.0,124.22531785714284,0.0052050043237057125,83884.68334041258,-341866.5764547804,352007.6649677298,96077781.970922,293.1890041837701
254.99999999999997,124.22531785714284,0.004923053695831598,94961.70195357938,-393423.96532971703,404722.301502745,84334403.26733522,293.18821003458856
260.0,124.22531785714284,0.004710743958693088,104625.54928589876,-444386.88874834153,456537.1972302004,73755656.28423569,293.18736953709873
265.0,124.22531785714284,0.004548772905372855,110733.6814453237,-486655.8321442175,499095.0281924427,63833372.286513895,293.18641273669294
270.0,124.22531785714284,0.0044238787816556985,111881.89029865526,-518436.0114842645,530371.0544331324,54950370.973423496,293.185303420718
274.99999999999994,124.22531785714284,0.004327826170532184,107670.31219392577,-546565.608134635,557069.8880064519,47965607.079037435,293.18407407948797
280.0,124.22531785714284,0.004255641073955783,97042.13345079383,-576938.1112775025,585042.5282910068,43154185.220290825,293.1828132233415
285.0,124.22531785714284,0.004204138852008864,77344.97714392179,-603454.4409838056,608390.9169542812,39873628.367655575,293.1816033283171
290.0,124.22531785714284,0.004171410604570267,46537.94851798598,-608829.1474123086,610605.2009204157,37104264.47675762,293.1804801451948
294.99999999999994,124.22531785714284,0.004157319342974656,6385.239521651146,-577358.7104189461,577394.0177906048,34168429.91635319,293.17943996575553
300.0,124.22531785714284,0.0041647949252181255,-37061.319233789574,-507584.4135389645,508935.63271895534,31107372.406354122,293.1784616020905
305.0,124.22531785714284,0.004202315484817925,-76181.06905615891,-413829.2410726605,420782.8371610627,28646679.86849719,293.1775211189877
310.0,124.22531785714284,0.004289396093473382,-105295.07247181711,-316854.3515820295,333891.79744838533,28011759.753047124,293.17659832028085
314.99999999999994,124.22531785714284,0.004469772339098074,-122268.66202772508,-232708.47582386743,262874.229308081,30952940.53945143,293.17567839819833
320.0,124.22531785714284,0.004843049326253697,-127230.54460808687,-167567.56660794446,210396.05714028553,39922704.260798626,293.17475364508454
325.0,124.22531785714284,0.005629758841781593,-120270.75666146305,-119641.85806510881,169644.41962290567,56362924.3627503,293.1738321757615
330.0,124.22531785714284,0.007224223681260273,-104588.98203132437,-85311.23893750139,134969.85830695735,74663377.92794885,293.17294982298876
335.0,124.22531785714284,0.00996323865953782,-91232.21154229721,-63130.03671455837,110944.66169437788,85337796.33107138,293.17216058688007
339.99999999999994,124.22531785714284,0.013618532365223122,-85155.99603249034,-49285.602394578804,98390.11263171733,84243328.14843892,293.1714983617899
345.0,124.22531785714284,0.017454666925077224,-82402.43111098568,-39483.25516210865,91373.34453327688,70230796.6209169,293.17095403838954
350.0,124.22531785714284,0.02062574615282784,-86222.58913282763,-35552.872584153156,93264.90028812252,51191820.06350876,293.17049351063383
355.0,124.22531785714284,0.02258448498039066,-101079.92076720056,-40725.67377046348,108975.82707353847,33342013.152883038,293.17007973577836
359.99999999999994,124.22531785714284,0.023494631256523565,-114338.23666617174,-56060.2428641125,127341.99304986857,18007052.817486424,293.1696829595638
365.0,124.22531785714284,0.023868019741252966,-116368.05385066383,-83322.64561239857,143122.97938779907,9278268.562838474,293.1692870681763
370.0,124.22531785714284,0.024027473643838088,-110813.31148440832,-123973.5947066219,166280.01138628254,5799118.1108055655,293.1688959867131
375.0,124.22531785714284,0.02410297793129331,-100330.91499685078,-174987.9337667815,201710.36033895932,4628136.477357072,293.1685346159931
379.99999999999994,124.22531785714284,0.02414284588031733,-85321.22410848463,-225583.05825216506,241179.2434140425,4244424.9986301605,293.16823107913433
385.0,124.22531785714284,0.02416591592234036,-66311.73386549522,-258960.3935350595,267315.78978444415,3969520.9745707596,293.1679963887427
390.0,124.22531785714284,0.024180084712390474,-45028.849365051494,-260561.16200523434,264423.36587498937,3513186.1279770136,293.1678256558003
395.0,124.22531785714284,0.024188788185658762,-24192.754866077048,-227763.57577676506,229044.8336868315,2833694.2769873044,293.16771128889485
399.99999999999994,124.22531785714284,0.024193295055850533,-12922.98811771288,-172485.3581172066,172968.79021000164,2064242.922279657,293.16765143272045
0.0,129.19433057142857,0.013187793317086662,-129115.06579381425,-587106.1856717421,601135.9026617551,23800302.20405393,293.239309562633
5.0,129.19433057142857,0.01323077672594112,-249375.15651629388,-815521.6338483505,852797.4577601702,35554143.55373548,293.2395680720087
10.0,129.19433057142857,0.013311038060474952,-472453.68786851125,-982274.980294014,1089989.2770537524,51217201.38759586,293.24005330193114
14.999999999999998,129.19433057142857,0.01343667249769313,-702315.307494435,-1033936.6892453324,1249908.744072383,70577206.47637042,293.24077293673184
20.0,129.19433057142857,0.013631780758412105,-903624.3062538124,-967167.7101023899,1323612.5816557442,98555494.81113566,293.24177651257196
24.999999999999996,129.19433057142857,0.01395055492327039,-1052942.2053859362,-826359.7859330937,1338490.8605180641,149023508.3564776,293.2431384237376
29.999999999999996,129.19433057142857,0.014517192524684948,-1144886.0192972228,-670080.8369112728,1326564.1051897767,256491344.32533145,293.2448965513901
35.0,129.19433057142857,0.015637477979483984,-1182934.597899153,-537893.4684097131,1299485.9161470977,507989110.49625415,293.24692229679505
40.0,129.19433057142857,0.018114592890231228,-1151634.577007622,-440074.947380176,1232853.6645811575,1089881593.962661,293.2488321771356
44.99999999999999,129.19433057142857,0.02398557994371848,-975266.6010500416,-364701.90149886295,1041226.4019321578,1990692334.7355006,293.2501228719956
49.99999999999999,129.19433057142857,0.03621773430497209,-712608.3089730626,-296042.7367739819,771655.3012933151,2292662219.8478165,293.25051851010926
54.99999999999999,129.19433057142857,0.05172268042181002,-677235.5459656179,-300347.7710699093,740848.6811124192,2093217964.211748,293.25026172477243
59.99999999999999,129.19433057142857,0.062328040549405044,-799527.6259048698,-380399.2901189753,885408.4054876019,1473458178.5988705,293.2496280657813
65.0,129.19433057142857,0.0669141853460231,-815847.5691966803,-517384.8096559894,966071.5798670907,722048601.1126765,293.2488306168758
70.0,129.19433057142857,0.06870881854103955,-758127.2606020569,-767680.2726649626,1078929.9997251583,386022877.57929605,293.24801703950004
75.0,129.19433057142857,0.06945565782425833,-687955.9919281222,-1187743.935989814,1372595.754149918,294616804.5990961,293.24719463459485
80.0,129.19433057142857,0.06979636961577523,-617674.7621449049,-1808071.0038887293,1910665.5560024003,298926123.3527816,293.24631486970054
84.99999999999999,129.19433057142857,0.06996695238105854,-554646.3555572199,-2612153.3426030045,2670389.0474994383,338650915.07105654,293.2453241632493
89.99999999999999,129.19433057142857,0.07006264813471005,-518625.40753347415,-3517179.556113684,3555210.8718447792,384326439.5702645,293.2441866843175
94.99999999999999,129.19433057142857,0.07012637139287806,-536498.1770912817,-4372058.211269785,4404852.244599564,416810809.1316576,293.2428888015558
99.99999999999999,129.19433057142857,0.07017915763113251,-620642.8256006145,-4990708.293670152,5029151.696805094,424374763.4541677,293.2414345210223
104.99999999999999,129.19433057142857,0.0702316447831679,-748270.5579717063,-5220165.558528377,5273522.284618997,403746794.41519594,293.23984179174386
109.99999999999999,129.19433057142857,0.0702889780169958,-863285.0576813958,-5007866.52158087,5081730.826085386,359406677.97369707,293.2381403779393
114.99999999999999,129.19433057142857,0.07035310494167085,-904679.9117410196,-4420834.00135611,4512451.552122639,300393937.3862028,293.2363682266381
119.99999999999999,129.19433057142857,0.07042389847222422,-840790.2644746839,-3606177.548627812,3702896.8093997305,236622827.12354347,293.2345621239459
125.0,129.19433057142857,0.07049978730073127,-683572.2844944738,-2728524.105804455,2812848.176508109,176483844.53980666,293.2327415636398
130.0,129.19433057142857,0.07057803785302953,-476028.15208829456,-1923082.9306517802,1981123.6104152706,125799501.40428227,293.23089373174673
135.0,129.19433057142857,0.07065403020762395,-266825.51932336896,-1273320.0566975856,1300976.4888538641,87524988.24812172,293.22896977634207
140.0,129.19433057142857,0.07071752600485551,-90536.26178583488,-806466.1038587618,811532.1259021632,62281216.553948015,293.22689462297916
145.0,129.19433057142857,0.07074058378129078,37598.611525265216,-504484.2492624954,505883.3989592576,50271525.08269853,293.22459090306387
150.0,129.19433057142857,0.0706428622539674,115551.59747523734,-327374.38009305455,347168.7722425377,54798711.96353693,293.2220246309103
155.0,129.19433057142857,0.07020947707038618,149265.09680746903,-237120.54719469743,280189.6197699976,85915686.20163426,293.2192669592363
160.0,129.19433057142857,0.06899149587589203,159109.15739041992,-208050.0507190466,261917.06238748037,163148807.3644301,293.2165144985825
165.0,129.19433057142857,0.06638415251139522,169915.87947453803,-219711.54590746234,277749.11251460854,317753140.42378336,293.2140017917096
169.99999999999997,129.19433057142857,0.06191635240312919,184778.55058717687,-247222.50030829041,308645.5530471491,555946877.0847251,293.21185559944365
175.0,129.19433057142857,0.0554827695924823,194472.3980347036,-268993.2404534813,331929.0240503723,807409786.229148,293.21004735816007
179.99999999999997,129.19433057142857,0.047509194628333994,193709.2379257762,-278935.51217815635,339600.18965229596,966237939.1321217,293.20846810044804
185.0,129.19433057142857,0.03907629153324289,180864.7844301217,-278910.78803192603,332420.3632865237,969354438.2554668,293.20699667043414
189.99999999999997,129.19433057142857,0.0314701620192428,156824.34078216876,-272021.01511500246,313989.3414209441,846529887.2899814,293.2055165521331
195.0,129.19433057142857,0.025463639402252793,125854.44663929296,-261415.2384212892,290133.19116871495,682875046.326569,293.2039132277637
199.99999999999997,129.19433057142857,0.021148924568863386,93721.13049541204,-248770.75240763242,265839.30776842916,539224528.4821335,293.20210315763035
205.0,129.19433057142857,0.018234517388364936,65208.36232887578,-234455.7259700197,243354.9217865604,432721193.7442169,293.20013100301907
209.99999999999997,129.19433057142857,0.016332242476365166,43451.00129225847,-218844.23486454814,223116.0878259328,358222753.5566679,293.19821116792167
215.0,129.19433057142857,0.015073637626179547,30190.778232522614,-203229.82582726632,205460.08175815167,306215598.33416086,293.1965533344071
219.99999999999997,129.19433057142857,0.014118314460243617,25873.11918929725,-190314.05612485268,192064.72413037525,270324902.84274995,293.19519744736994
225.0,129.19433057142857,0.013156927563559465,29460.096383055108,-184310.20865680542,186649.80657373864,249018460.70081544,293.19406724084524
229.99999999999997,129.19433057142857,0.011989550980926085,38731.79206485777,-189852.5560346292,193763.1150385372,242235302.40329915,293.19307341112614
235.0,129.19433057142857,0.010630658501414213,51258.64395304617,-209588.2251655698,215765.31859397318,245228315.74551186,293.19215627250674
239.99999999999997,129.19433057142857,0.009259999799776722,65025.55063063238,-243017.50586401462,251566.75136270156,248350498.97219104,293.1912958567168
245.0,129.19433057142857,0.008051016828697737,78889.67909875711,-288387.379699854,298983.04674086894,244161787.6168714,293.19049986472794
250.0,129.19433057142857,0.007081680442437478,92384.23835854897,-343922.2156218815,356114.22029364837,231166640.1814323,293.1897685477482
254.99999999999997,129.19433057142857,0.006348618426505076,104448.12850609691,-405043.4979842888,418293.7326900496,210988027.80764177,293.189067230202
260.0,129.19433057142857,0.005808433763861574,113156.44150587515,-462347.93181763944,475993.6872588975,185700618.5030722,293.1883285570172
265.0,129.19433057142857,0.005411041227040911,117015.93794042137,-506551.38018756814,519891.3641348611,158053332.0344549,293.1874709753708
270.0,129.19433057142857,0.005116697954103886,115791.15581345433,-536783.3684150696,549130.1998357439,131885540.58666755,293.1864306479094
274.99999999999994,129.19433057142857,0.004899078071599643,109582.49912007392,-560790.6826547225,571396.9844737988,110522264.61738122,293.18520843075316
280.0,129.19433057142857,0.004741697425996819,97017.16921622504,-584053.1980501415,592056.1369290309,94825162.76328908,293.18388497464554
285.0,129.19433057142857,0.004633762211032041,75279.2807218832,-600265.3966926218,604967.368188198,83388102.95722574,293.1825651206156
290.0,129.19433057142857,0.004568304071958544,43056.56353476351,-594514.0121036916,596071.1184506858,74274731.08231187,293.1813139295575
294.99999999999994,129.19433057142857,0.004542770656305063,3229.3897876714364,-555529.7908964349,555539.1773150094,66387449.15141562,293.18014663027964
300.0,129.19433057142857,0.004561281537831293,-37696.849014292085,-485031.7241423756,486494.4253022144,59827094.50938747,293.1790502819918
305.0,129.19433057142857,0.004639101201364469,-72690.71837665308,-396764.66659507,403368.4930636141,55620608.61516719,293.1780033312826
310.0,129.19433057142857,0.00481248611248713,-97096.44946251021,-307790.4263758549,322742.4159710904,55348307.72409632,293.17698572371637
314.99999999999994,129.19433057142857,0.005160670952869766,-109266.32849865944,-230003.02446164266,254638.02113015243,60805243.13090912,293.1759821997181
320.0,129.19433057142857,0.005848338020480502,-109194.0787738508,-167532.96709455375,199976.60338843334,72615759.65719949,293.17498422380686
325.0,129.19433057142857,0.007165089396554494,-98907.88230807609,-120375.7174879003,155798.21097623368,86367980.09693442,293.17399962720845
330.0,129.19433057142857,0.009406088822037723,-85987.84631774532,-88524.77308538406,123412.09488612908,93448110.77698956,293.17306765161493
335.0,129.19433057142857,0.012498548143583178,-77329.44282299643,-68748.48114498204,103470.75136026135,89408478.750285,293.172247330538
339.99999999999994,129.19433057142857,0.01593446502168893,-71377.53695989145,-54081.742799818836,89552.1506538309,73980923.81288093,293.1715715700053
345.0,129.19433057142857,0.019155050025102364,-65864.22538315895,-41990.33869110141,78110.7209588861,52416530.9105445,293.17102627538503
350.0,129.19433057142857,0.02165469332069534,-64902.29287563304,-36113.39160282636,74273.04136477472,33475611.591982357,293.1705728251337
355.0,129.19433057142857,0.02313651533325587,-71664.99360780542,-40305.361439827044,82221.61193750636,20001960.081921857,293.17017151108286
359.99999999999994,129.19433057142857,0.02379819802444224,-76703.44400207512,-56167.66440854143,95069.57897713657,10713532.775990967,293.169790676739
365.0,129.19433057142857,0.024055654382731842,-73415.3700997698,-85398.3248585395,112617.45182488734,6163200.573728694,293.16941073305645
370.0,129.19433057142857,0.02415885861787722,-65390.87955063479,-129191.41598411203,144797.75237338978,4726811.41754381,293.16903025527176
375.0,129.19433057142857,0.02420468606556983,-55559.98633456381,-184197.49869196597,192394.4661518977,4529186.686251602,293.1686702031849
379.99999999999994,129.19433057142857,0.024227583498083002,-44924.5718668732,-238960.127252938,243146.3747913223,4641913.393734873,293.16836028779227
385.0,129.19433057142857,0.024240344492013434,-33881.255998974404,-275597.19232370285,277672.02222185815,4609290.99135375,293.16811645170475
390.0,129.19433057142857,0.024248059547716548,-22814.929953699015,-278416.24532692315,279349.47053956205,4219840.638366258,293.1679373131051
395.0,129.19433057142857,0.024252816497021414,-12348.276554107477,-244238.65359645316,244550.60794131135,3476447.341537033,293.1678167420681
399.99999999999994,129.19433057142857,0.02425531594915982,-6660.348164080014,-185435.9274511245,185555.4995879278,2556281.9775204896,293.16775355590005
0.0,134.1633432857143,0.013388226870037503,-103067.30769942848,-458833.3583997217,470266.8611509598,21255955.35703336,293.2382554433476
5.0,134.1633432857143,0.013438299408087363,-201475.93690586157,-642866.4362429717,673698.6032342901,32329023.76691731,293.2385336144738
10.0,134.1633432857143,0.01353330477399059,-389531.27057167835,-788238.7009080763,879235.3839344943,48457462.71023918,293.2390476253429
14.999999999999998,134.1633432857143,0.013685135961896763,-593965.2320588237,-854104.8314927577,1040331.5625674174,70929173.98995943,293.23979713859
20.0,134.1633432857143,0.01392681785060154,-787290.5457081075,-833340.9938069419,1146422.093000877,106972941.51310764,293.24082724170313
24.999999999999996,134.1633432857143,0.014332929590634305,-948574.429096805,-752942.0092807042,1211080.1446956324,175943871.9039927,293.2422112186607
29.999999999999996,134.1633432857143,0.015077132317648165,-1068821.7135427797,-652335.3479274452,1252166.6268896263,327995129.40026253,293.24398709765444
35.0,134.1633432857143,0.016593225011369735,-1141955.0440658,-559774.5667558124,1271773.913969767,692140543.4887784,293.24601184311626
40.0,134.1633432857143,0.02001728376617949,-1130266.2838725988,-481915.00262627046,1228716.3798922242,1506695153.686098,293.2478404945807
44.99999999999999,134.1633432857143,0.027996239078611186,-935699.3639451308,-403347.6646343503,1018932.1067928454,2469953665.9256277,293.24888099588895
49.99999999999999,134.1633432857143,0.04252085466328081,-738186.9766368197,-333180.18030394835,809894.4653617409,2571733983.580772,293.24892851396277
54.99999999999999,134.1633432857143,0.05725475894953011,-827228.0009231742,-366325.25700932334,904710.0969008238,2232791680.4456267,293.24833050731274
59.99999999999999,134.1633432857143,0.06533327415034938,-962948.0584328026,-440625.81244250777,1058971.231823662,1295455521.9364266,293.2473778692372
65.0,134.1633432857143,0.06850013118862673,-927696.5344014684,-570148.880043435,1088894.212196611,553838019.6290355,293.24632737601496
70.0,134.1633432857143,0.06971387933496445,-818852.930604363,-825656.9119764167,1162854.0141624769,278914016.4122919,293.2452980065795
75.0,134.1633432857143,0.07020756016032562,-680031.7588342318,-1263931.5307027174,1435258.2023202977,210875255.3088432,293.2442944220993
80.0,134.1633432857143,0.07041761819597865,-517891.65796710405,-1904689.5450839358,1973842.4538305905,222638107.60428947,293.24329240847317
84.99999999999999,134.1633432857143,0.07050673856219408,-348194.11603189487,-2707319.43403172,2729618.5924639846,265155065.190563,293.242258413919
89.99999999999999,134.1633432857143,0.07054288448510362,-209640.90689116713,-3565858.4301435906,3572015.6289787227,312224682.14943516,293.241156094813
94.99999999999999,134.1633432857143,0.07055859866254462,-152535.19912900758,-4331251.612674657,4333936.723034861,345938828.1738951,293.23995631910805
99.99999999999999,134.1633432857143,0.0705712846618393,-209224.4840555915,-4854042.642247743,4858549.66605136,356299224.4991499,293.238644457287
104.99999999999999,134.1633432857143,0.07059052366072352,-366991.57782977086,-5032465.725817236,5045829.37679458,342162900.295267,293.23722259355475
109.99999999999999,134.1633432857143,0.07062114333146795,-566713.2522941141,-4844937.921706352,4877969.595591391,309085223.07402503,293.2357075202812
114.99999999999999,134.1633432857143,0.07066494204295937,-731643.1332152524,-4348496.307083051,4409616.968297356,265122044.59169194,293.23412435374564
119.99999999999999,134.1633432857143,0.07072198968488583,-805174.6530987549,-3648089.462681749,3735888.5087382244,217574469.029198,293.23249491081674
125.0,134.1633432857143,0.07079183192831141,-771685.6592058995,-2862534.6305483603,2964726.508080076,171954950.8306503,293.2308228795026
130.0,134.1633432857143,0.07087460658657567,-652492.0549965439,-2102035.2600668855,2200976.6278627478,132106025.09380786,293.2290825466566
135.0,134.1633432857143,0.0709717123029471,-486732.35475295206,-1450949.4531502947,1530412.5916760138,100173319.57465418,293.2272172013207
140.0,134.1633432857143,0.07108505323486217,-312041.18655978824,-952785.5457771197,1002581.6666743135,76465060.91179302,293.2251494126251
145.0,134.1633432857143,0.07121167969610656,-155142.52690507838,-608412.5133055233,627881.350257544,60077094.10264366,293.22280862599064
150.0,134.1633432857143,0.07132405516230358,-32836.498398428485,-393667.03023955884,395034.13311346114,51476171.55769706,293.2201861623652
155.0,134.1633432857143,0.07132117881507706,49311.31054235454,-282689.473698743,286958.0873358979,57541354.74632668,293.2174008146417
160.0,134.1633432857143,0.07097571264869688,105375.78403995027,-252119.11505393448,273254.6505324535,96294556.8762934,293.2146969268147
165.0,134.1633432857143,0.06994737655727272,151658.963809952,-269340.34405977954,309102.99617141974,196951017.1785253,293.2123197682035
169.99999999999997,134.1633432857143,0.06781535178726236,185969.31963914118,-293064.9899572681,347090.2997574244,375373848.05687374,293.2103689948587
175.0,134.1633432857143,0.06408954130232056,200246.903577841,-296033.8150622563,357400.1147912901,592610746.5835117,293.2087825505211
179.99999999999997,134.1633432857143,0.058423683421337524,195511.93787197105,-281322.88653653377,342589.38153378444,766865865.395493,293.207428501643
185.0,134.1633432857143,0.05117551451027311,179258.40274344242,-263623.77225458703,318796.2801725713,832406148.3219863,293.20617532862167
189.99999999999997,134.1633432857143,0.04358125022295582,155244.23468829293,-248872.0762476005,293322.4893180631,781577674.5910312,293.2049044110637
195.0,134.1633432857143,0.03691898905426502,125279.88107303549,-236319.80947403912,267473.5518729283,667927614.2100278,293.2035007143984
199.99999999999997,134.1633432857143,0.03175721177223782,94157.32718754082,-225091.87204300368,243991.7070781824,554268321.3207654,293.20186969616867
205.0,134.1633432857143,0.02805680347659222,66791.6655348278,-214797.02921818275,224941.97106336817,467478952.2937734,293.2000297014807
209.99999999999997,134.1633432857143,0.025518999706218938,45998.383320821005,-205443.3711789235,210529.87918461862,408215416.80234003,293.1981848223579
215.0,134.1633432857143,0.02377406771675919,33016.02332965284,-197550.10472228331,200290.0438671111,370123086.6177399,293.19657011820874
219.99999999999997,134.1633432857143,0.022439579136383066,28119.710005968034,-192283.51824380978,194328.76647330748,348573362.15756243,293.1952535875478
225.0,134.1633432857143,0.021150165557906678,30541.32459308875,-191521.71721474623,193941.59087927899,342818109.44996816,293.1941714992701
229.99999999999997,134.1633432857143,0.019625563485722468,38336.91373773194,-197371.83075249806,201060.58422656351,353369409.85026157,293.1932410127042
235.0,134.1633432857143,0.017762433839897028,49124.18547341706,-211405.69295475283,217038.13630812883,376937378.0741518,293.1924068546843
239.99999999999997,134.1633432857143,0.015651733738486114,61378.96296939285,-235100.54038570324,242980.7424156239,406116016.3407294,293.19164894717835
245.0,134.1633432857143,0.01349425364427595,74821.560841454,-271114.02226538793,281249.1405065421,433832502.00771546,293.19097031899616
250.0,134.1633432857143,0.011503308831136157,89193.23612655273,-321885.4702188951,334014.5046382959,453382046.41444117,293.1903677940794
254.99999999999997,134.1633432857143,0.009830026577320256,102671.16868599206,-384294.1403885765,397772.9945789965,455107588.63272274,293.18980733160276
260.0,134.1633432857143,0.008517865824699298,112449.06304333787,-447058.922655434,460984.24279487244,430959468.07309425,293.1892213415855
265.0,134.1633432857143,0.007524676427428946,117021.89389769384,-497754.1347412964,511325.04564460734,383526565.7402647,293.18851858777305
270.0,134.1633432857143,0.006782523200312665,116581.25849102686,-532972.6241119448,545574.0168704188,325717187.63499075,293.18760721218973
274.99999999999994,134.1633432857143,0.006235005678324005,111078.80170396868,-558421.9308503051,569362.4092285796,271238074.1566381,293.1864453730316
280.0,134.1633432857143,0.005842970708112781,98530.44991387492,-578028.5113082154,586366.1053006239,226724890.42448422,293.1850857654613
285.0,134.1633432857143,0.005578182088484058,76088.40190990087,-585987.0424398822,590906.30290482,191999304.33042654,293.18364507911355
290.0,134.1633432857143,0.0054200122981586185,43407.97804822612,-570961.868253418,572609.5594361561,164614169.5542254,293.1822251686097
294.99999999999994,134.1633432857143,0.005357870990057908,4496.539084372024,-526395.7970326288,526415.0016834188,142947605.05253327,293.1808751084259
300.0,134.1633432857143,0.005396563772921338,-33827.88618452544,-456408.15911878244,457660.0633591586,126836875.83471407,293.1796034900574
305.0,134.1633432857143,0.005564957188615549,-65057.51804199233,-373320.50764272665,378946.80639953585,117018081.5205882,293.17840194271866
310.0,134.1633432857143,0.005932497086421601,-85135.55953447672,-290587.0371982988,302801.73329248617,114177527.1045604,293.17726000285876
314.99999999999994,134.1633432857143,0.006636702779378711,-92679.95939653889,-217587.96296173215,236503.90377239065,117418344.22784284,293.1761683143452
320.0,134.1633432857143,0.00789930501864325,-89090.22081919118,-159567.15300703447,182753.23188491797,122234531.02317664,293.1751166953034
325.0,134.1633432857143,0.009932880395661994,-79883.64573674592,-119159.93363912325,143459.00683147844,121860673.49731985,293.1741026216984
330.0,134.1633432857143,0.012681008076147457,-71154.92194012392,-93972.88503150723,117872.49907187853,111997041.5323783,293.1731517749196
335.0,134.1633432857143,0.015731215437630404,-63610.385456869306,-76555.20249339782,99533.8141878258,91664066.7186381,293.17231498335184
339.99999999999994,134.1633432857143,0.01863081189988305,-55474.11199071123,-61257.12869756054,82642.68217711394,65127663.486362346,293.17162550798815
345.0,134.1633432857143,0.021078876095536273,-46762.78232701151,-47949.070467390295,66976.64644971574,39822377.140700005,293.1710716298418
350.0,134.1633432857143,0.02282741134799785,-40345.98219408834,-41005.61856478537,57526.15955447021,21936530.897672933,293.17061476328934
355.0,134.1633432857143,0.023782549751797215,-37858.25132794859,-45114.56712099885,58894.57835934673,12109174.424053375,293.17021407695233
359.99999999999994,134.1633432857143,0.024163518359048543,-33898.33598352023,-62208.61410307415,70844.96348419426,7358185.975546094,293.1698365950939
365.0,134.1633432857143,0.024284947831031987,-25278.523273065715,-93254.94943909245,96620.33602588336,5719727.34695439,293.1694610403015
370.0,134.1633432857143,0.02432008770279241,-15361.241327808515,-138698.87608701363,139546.9310408937,5575408.688588786,293.1690840432135
375.0,134.1633432857143,0.02432940883157398,-7144.068643010592,-194767.9871812806,194898.96497268407,5919673.760959522,293.1687247960216
379.99999999999994,134.1633432857143,0.024331342589247306,-2006.8830766503297,-249940.39552317804,249948.4524736371,6255176.902071726,293.16841246996506
385.0,134.1633432857143,0.024331440147878754,2.7947143793820026,-286531.26241591654,286531.2624295458,6262091.215691057,293.1681639832803
390.0,134.1633432857143,0.024331340434335085,22.73963919707534,-288974.5913304393,288974.59222513944,5762284.366604,293.167979451685
395.0,134.1633432857143,0.024331424285229226,-360.69615747894346,-253880.97552590512,253881.23175158745,4780628.220989727,293.1678540917121
399.99999999999994,134.1633432857143,0.02433161088128321,-389.874891974405,-193291.3394542222,193291.73264896445,3537666.995855152,293.16778794958566
0.0,139.13235599999996,0.01363085455607191,-73467.92331785498,-363995.80437293585,371336.07602512685,22266541.351446457,293.23681695962887
5.0,139.13235599999996,0.013690820273786977,-145906.20986591832,-510079.26089004753,530536.9680498943,33695494.87987916,293.23712432439396
10.0,139.13235599999996,0.013807430324463053,-289609.4830387842,-631006.1286608693,694292.7243415196,50745367.580065496,293.23767938862
14.999999999999998,139.13235599999996,0.013999026029204007,-455245.7804426667,-697824.0518886381,833190.9313027413,76294412.45754601,293.2384688146216
20.0,139.13235599999996,0.014313215836581614,-623943.9831954192,-703494.9167986367,940325.0459959505,120409098.9258185,293.23953030614723
24.999999999999996,139.13235599999996,0.014857971692693542,-779218.0842424924,-663807.8846293461,1023631.6380938151,209498084.3706717,293.2409341631594
29.999999999999996,139.13235599999996,0.015888171999360018,-910473.9211719873,-603739.4308550096,1092457.8076536525,413129077.6037068,293.2427167635175
35.0,139.13235599999996,0.01804408135847558,-1002096.8824298428,-541001.9563131371,1138806.9540138275,903585593.6080474,293.2447199004504
40.0,139.13235599999996,0.02294639832207659,-991486.4331173052,-475718.3278332105,1099705.9945695042,1880051755.479224,293.2464378595032
44.99999999999999,139.13235599999996,0.03362597328651251,-814303.2338133564,-394065.90832908166,904642.3031818233,2624082820.828507,293.2472260295487
49.99999999999999,139.13235599999996,0.04934170451303578,-759997.7539385614,-359023.92368049547,840532.4287418043,2587293861.024809,293.24701503213544
54.99999999999999,139.13235599999996,0.061762203656905275,-955799.9517517935,-415733.4250350481,1042299.2988868902,2035083176.0057514,293.2461815358348
59.99999999999999,139.13235599999996,0.06744180844984073,-1057184.6332549492,-488300.5451798612,1164507.093672405,993213627.0091246,293.2450439098463
65.0,139.13235599999996,0.06958975682510314,-991686.4020494514,-631690.4250001265,1175786.848474938,410661915.4121672,293.24385748116197
70.0,139.13235599999996,0.0704197651729977,-854800.2667171619,-918663.3822551746,1254840.988283475,212430057.2048161,293.2426982843292
75.0,139.13235599999996,0.0707555459900475,-667418.4790354152,-1402743.2239149539,1553427.1719000107,168133313.99759427,293.2415702571881
80.0,139.13235599999996,0.07088986165069953,-434502.57342542685,-2088096.6575274146,2132824.4506968874,185744106.7304723,293.24046888255236
84.99999999999999,139.13235599999996,0.07093490118750703,-181768.3842711211,-2904096.7654129416,2909779.6769519243,227745109.47369155,293.23938089693013
89.99999999999999,139.13235599999996,0.07093928862046668,35742.91883773026,-3715664.298306693,3715836.2092479276,271379626.85850066,293.2382789267806
94.99999999999999,139.13235599999996,0.07092779934686691,151550.51056110492,-4371580.661911321,4374206.789904697,300433033.5356917,293.23713093473077
99.99999999999999,139.13235599999996,0.07091523262918197,121925.063003631,-4759676.765547295,4761238.14080741,307000467.79294336,293.23591365671973
104.99999999999999,139.13235599999996,0.07091110732250905,-47628.05790000786,-4836116.904655936,4836351.429269615,292410493.74772376,293.23461940069114
109.99999999999999,139.13235599999996,0.07092125180344407,-302740.90649687883,-4621304.027758922,4631209.66632341,263924836.5925431,293.23325471858976
114.99999999999999,139.13235599999996,0.0709487672321823,-565843.9907796797,-4175401.848389112,4213568.560903298,229668176.87023127,293.23183229346785
119.99999999999999,139.13235599999996,0.0709952488170884,-768070.6496196442,-3573281.01538989,3654896.6794908093,195502937.23382956,293.2303581730659
125.0,139.13235599999996,0.07106240456695193,-869277.8153804106,-2893172.0384627674,3020941.63539373,164801791.184547,293.2288186902849
130.0,139.13235599999996,0.07115393994467097,-861590.5743668813,-2214210.6903892197,2375935.0368374465,139395907.36237836,293.2271727399235
135.0,139.13235599999996,0.07127748387482927,-761207.6761682995,-1606864.5710110883,1778046.9273413992,119865264.1506317,293.2253533559359
140.0,139.13235599999996,0.07144570069000825,-596336.2801801187,-1115494.057209384,1264888.9084534314,104717796.63793756,293.2232825091983
145.0,139.13235599999996,0.07167205359212109,-401424.4659230341,-751826.4109105384,852281.9685903338,89816849.17447847,293.220908552641
150.0,139.13235599999996,0.07194747895443251,-218548.47857863145,-511011.18399938295,555784.0117001259,72983548.08807787,293.218269784589
155.0,139.13235599999996,0.07219406194636685,-75330.97362097273,-383664.2183340637,390989.7543626582,62344092.74080027,293.2155401218
160.0,139.13235599999996,0.07225804568297056,37180.691699526535,-342779.89529267733,344790.4587602651,73383219.33197473,293.21297717981867
165.0,139.13235599999996,0.07196204455552896,128254.5415892737,-347095.01113454887,370032.6663860467,123313396.5791284,293.210786063413
169.99999999999997,139.13235599999996,0.07109037688736919,190725.8114196463,-354482.5361147542,402534.7234115717,225325499.13871852,293.2090222642454
175.0,139.13235599999996,0.0692808402632337,217678.78390629587,-336931.4759560054,401131.98881766596,373962394.10992545,293.2076080779653
179.99999999999997,139.13235599999996,0.0659760765049765,210743.8572704739,-295069.08523614646,362599.97026935086,525310716.90512264,293.20641190014777
185.0,139.13235599999996,0.06076882391330801,184690.59490224032,-251126.70738253716,311729.4323706664,613783515.3092301,293.20530529646453
189.99999999999997,139.13235599999996,0.05418316133171593,155814.2317238423,-222539.2161061415,271664.82568199217,615624222.3765984,293.2041744113874
195.0,139.13235599999996,0.047629506878391625,126534.33558288716,-208225.88397497026,243657.4579990534,556004773.216403,293.2029093882465
199.99999999999997,139.13235599999996,0.04220350711651775,96561.42611865634,-201189.92137495163,223162.48223419624,482510961.73061115,293.2014150758102
205.0,139.13235599999996,0.0381718124034008,69565.50516670008,-197245.10314175213,209153.03063187635,426827803.8524641,293.1996937524218
209.99999999999997,139.13235599999996,0.035341753607631296,48474.354744444136,-194793.14477955285,200733.98397131974,393600586.25881374,293.1979294342728
215.0,139.13235599999996,0.03338504023916025,34336.854064030136,-193841.83101914095,196859.53113798605,378730703.38218576,293.1963606914368
219.99999999999997,139.13235599999996,0.031949448423625564,27250.549433018336,-195282.06395620314,197174.22992722955,379778665.29266614,293.1950750758077
225.0,139.13235599999996,0.030693986862725387,26702.613193643814,-200410.1620722305,202181.26177563306,397769921.63857317,293.1940234146788
229.99999999999997,139.13235599999996,0.029322686628229334,31550.73784857891,-210347.81025250824,212700.84705241528,435172356.1209809,293.19313368127064
235.0,139.13235599999996,0.027626030539598383,40262.02158033008,-225469.43488989258,229036.01562047502,491758578.285268,293.1923622044129
239.99999999999997,139.13235599999996,0.025507140102037522,51433.693644272025,-245783.67456568227,251107.62538183114,562265987.1884704,293.19169890174345
245.0,139.13235599999996,0.02298957055385939,64083.176222779075,-272348.1132850074,279785.8972226852,638458856.6503243,293.1911493621019
250.0,139.13235599999996,0.020223392096105856,77470.97913332672,-307523.49055242003,317131.5970530542,710893134.4488628,293.19070623637623
254.99999999999997,139.13235599999996,0.017453761171506647,90543.88288035421,-351975.56286421046,363434.98948316614,765744576.7289137,293.1903313794869
260.0,139.13235599999996,0.014916914152891989,101594.38082958492,-400997.28912809544,413666.82741576957,784285436.2847732,293.18995320008116
265.0,139.13235599999996,0.012746598153622089,109043.60134019157,-446405.789101527,459530.886379355,754910883.5030888,293.18946747644975
270.0,139.13235599999996,0.010976124529419953,112066.54500330034,-483378.0614364341,496198.81175494747,685330961.5176703,293.188749595795
274.99999999999994,139.13235599999996,0.00959317910023013,109446.13696713507,-512244.33014809823,523805.9857102654,596415036.302152,293.18770596766285
280.0,139.13235599999996,0.008571070157593437,98471.22085993858,-532015.9215088955,541052.2359963093,506458987.12997293,293.18634540426143
285.0,139.13235599999996,0.007870945714272467,76616.9944442727,-536004.6839935791,541452.8466087609,425026505.2852685,293.18478185122547
290.0,139.13235599999996,0.007448181656077598,44773.57938575551,-516140.21273849224,518078.55834491795,355882333.685073,293.18315364986614
294.99999999999994,139.13235599999996,0.007270804020752738,8025.613290287644,-470052.55772940215,470121.066850485,300182482.56613404,293.18155749274274
300.0,139.13235599999996,0.007337986896847044,-26658.511926969928,-403629.4088749578,404508.8082686313,257795215.52723035,293.1800431250788
305.0,139.13235599999996,0.007695395801057355,-53322.63829954143,-328103.52387999254,332408.2221270896,227517349.2517447,293.17863504622335
310.0,139.13235599999996,0.00844792669862985,-68729.77113310724,-255322.78274011597,264411.620066452,206700927.0517226,293.17734684534474
314.99999999999994,139.13235599999996,0.009749597289999934,-73115.9830031276,-194580.34181717763,207864.03342618782,191006394.83695367,293.1761786928311
320.0,139.13235599999996,0.011715447207899058,-70227.30277512697,-150670.59167056097,166233.2735929431,175312110.31445625,293.175111826731
325.0,139.13235599999996,0.01425360145283187,-64494.56867648262,-122045.48308990065,138038.57914153114,154921953.79044002,293.1741195535563
330.0,139.13235599999996,0.01701637561862205,-57488.014481397004,-102366.15218127027,117404.00726300741,127154325.6704702,293.17319496839923
335.0,139.13235599999996,0.019614769232427012,-48955.13468957558,-86018.68023239297,98973.82765861468,94744865.25229275,293.1723659321197
339.99999999999994,139.13235599999996,0.021803007085264003,-38886.89897578607,-70797.8422551518,80774.53422916376,63345199.68039639,293.1716662384405
345.0,139.13235599999996,0.02343144166663454,-27739.138317368972,-57501.95754461852,63843.04908173824,37537339.299427345,293.17109638899024
350.0,139.13235599999996,0.024385540819512434,-17048.598697684844,-50222.52092198133,53037.31069081043,21012266.544456895,293.170625294885
355.0,139.13235599999996,0.02471884726072791,-7264.336295842383,-54473.862854826024,54956.09444043024,13527256.922457278,293.17021348130584
359.99999999999994,139.13235599999996,0.024714461173713825,4270.006243410715,-73005.32928166649,73130.09679224633,11047900.801445866,293.1698270617819
365.0,139.13235599999996,0.02462967438520841,17204.9096198658,-105544.78047039568,106937.87729131231,10299409.493380327,293.1694440599291
370.0,139.13235599999996,0.024557815503725215,27749.570861470384,-151111.62369148477,153638.41153068678,10101496.798085772,293.16906172665733
375.0,139.13235599999996,0.024509625211035616,33246.33659563152,-205476.7605379423,208149.02838638693,10160273.315414544,293.1686998451118
379.99999999999994,139.13235599999996,0.024478998993057853,32546.090987668867,-257726.69505447612,259773.5501976299,10196775.032561243,293.16838619196847
385.0,139.13235599999996,0.02445991007817902,26269.46772977454,-291583.1061293768,292764.0563915951,9878342.807817949,293.16813558538183
390.0,139.13235599999996,0.024448392283199366,16990.219685138316,-292701.9030016191,293194.59678806923,8966540.450455349,293.1679475662381
395.0,139.13235599999996,0.02444199458478822,8121.746430701711,-257653.83869127065,257781.81347300654,7448162.326315532,293.167818227354
399.99999999999994,139.13235599999996,0.024439189677762867,3882.2562298012735,-197191.73937300546,197229.95206201603,5560235.893052384,293.16774918742885
0.0,144.1013687142857,0.013978742978473494,-45976.455670592535,-303157.2595870288,306623.8061800602,29545026.39332165,293.2349279504738
5.0,144.1013687142857,0.014051771906559896,-93919.53801964881,-418825.5125880044,429226.8509965667,43063112.52719172,293.2352738284146
10.0,144.1013687142857,0.014200667039878516,-194227.28794736526,-515053.51358989225,550458.3192619421,62322563.94915558,293.23588174819474
14.999999999999998,144.1013687142857,0.014455625052383009,-317589.52832635905,-573140.2127541857,655250.1903688945,92088000.13977194,293.23671959316744
20.0,144.1013687142857,0.014889274456597518,-452087.8451477062,-588150.578955508,741825.1298358634,145778096.82218385,293.2378132764242
24.999999999999996,144.1013687142857,0.01566630351342764,-585757.3258330914,-569230.054825447,816783.0189736537,257713847.89819998,293.2392261216916
29.999999999999996,144.1013687142857,0.01717676272657253,-707503.4102382829,-530845.3615520408,884509.9622842679,515625089.3604598,293.24098863235787
35.0,144.1013687142857,0.020380133479823707,-793017.0510029898,-481491.30876410595,927744.5357407663,1102671253.3125944,293.24292752310475
40.0,144.1013687142857,0.027447191133377923,-772044.4275826585,-417859.8974342649,877872.1387794518,2005499305.3878815,293.24449403479457
44.99999999999999,144.1013687142857,0.04069056115681292,-678170.137495397,-352173.03397186316,764160.0494971409,2409000290.3133764,293.24507374973746
49.99999999999999,144.1013687142857,0.05573007227621434,-775460.2356888289,-368263.75130425947,858461.8615053667,2292690766.6141024,293.24470643439537
54.99999999999999,144.1013687142857,0.0650787638065198,-998982.8664905274,-430161.59169132076,1087660.6835351002,1545832440.214051,293.24374105349904
59.99999999999999,144.1013687142857,0.06892631783326054,-1059721.638608281,-515556.6771636043,1178477.2542152,687930077.0342015,293.24253002565246
65.0,144.1013687142857,0.07038529208008273,-987349.4068367061,-694199.9369914277,1206968.2695496588,296670106.3658846,293.2412883784655
70.0,144.1013687142857,0.07095900124420634,-837624.0050572682,-1037077.5774136183,1333095.5987558723,168773112.8916818,293.2400663545628
75.0,144.1013687142857,0.07118945969303037,-615418.0014248488,-1590583.8390413779,1705490.0367628546,147368720.3068522,293.2388747872759
80.0,144.1013687142857,0.07127420684536581,-327562.2400137158,-2336328.731237468,2359179.722167957,171565755.4189506,293.2377234332537
84.99999999999999,144.1013687142857,0.07129153464343617,-11089.96738091597,-3168732.7693662685,3168752.17570452,212791914.82745486,293.2366106553374
89.99999999999999,144.1013687142857,0.07127658273155695,263950.80265552807,-3924481.362415254,3933347.6823397125,251199587.94988182,293.2355150590685
94.99999999999999,144.1013687142857,0.07124821009671983,418939.23347193643,-4454196.510740385,4473854.785040958,272775883.40307367,293.23440542871566
99.99999999999999,144.1013687142857,0.07121886489691466,403994.57176186534,-4684257.951152536,4701646.96324052,272210616.90481764,293.2332562340328
104.99999999999999,144.1013687142857,0.07119791827703113,221239.33747747712,-4626499.130779653,4631785.946214738,253332342.8249637,293.2320557487108
109.99999999999999,144.1013687142857,0.07119245462824939,-80188.2413736666,-4343455.15195602,4344195.300755698,225094935.22652328,293.2308042530335
114.99999999999999,144.1013687142857,0.07120758712031285,-427649.3084513521,-3906928.2701860885,3930263.6602902585,196272938.34827965,293.22950462264436
119.99999999999999,144.1013687142857,0.07124738614848908,-748568.4463750654,-3377106.594279116,3459075.551073129,172558208.24782267,293.2281494747516
125.0,144.1013687142857,0.07131672206577308,-984851.7015855334,-2804462.125071544,2972362.811817683,156651016.7393923,293.2267100469859
130.0,144.1013687142857,0.07142391561600789,-1099479.8416428305,-2237953.757806023,2493450.0083733466,149386396.03217855,293.2251313356561
135.0,144.1013687142857,0.07158378510199125,-1077607.3541533016,-1721932.8602976718,2031327.247170726,149479107.11981994,293.22333756961274
140.0,144.1013687142857,0.07181855283812555,-927160.0206649478,-1284050.7142024913,1583796.685361904,150365085.42801756,293.2212557643592
145.0,144.1013687142857,0.07214563413036401,-693485.776042616,-937755.6312650401,1166322.487797746,139415181.86815524,293.2188674301176
150.0,144.1013687142857,0.07253705341391768,-455305.79818191985,-698593.8226088134,833868.5141227419,112919958.90459412,293.2162708754137
155.0,144.1013687142857,0.07289310716975021,-248534.08588390282,-561081.9024968336,613662.8497437444,84600877.92263749,293.2136800474595
160.0,144.1013687142857,0.07310149363875834,-65777.2381212638,-489421.6449885988,493822.024253888,71419095.09376432,293.2113249861796
165.0,144.1013687142857,0.07308785196449771,81831.1773571945,-449779.0701058346,457162.50228221243,84318178.07045244,293.20934481787623
169.99999999999997,144.1013687142857,0.07276774799715974,178987.6961465169,-414720.3025528473,451696.27485885145,127560548.42874888,293.20775423610144
175.0,144.1013687142857,0.07195658962439287,224308.44430767,-366745.3716895337,429902.83302558184,203758389.28276932,293.2064744586651
179.99999999999997,144.1013687142857,0.07026776359096676,224013.9389638172,-304248.8319876181,377822.1759186651,305433168.6975454,293.205387694567
185.0,144.1013687142857,0.06711115049235093,191818.07377286503,-240607.67820724918,307711.27414869843,392430973.0028139,293.20437613988224
189.99999999999997,144.1013687142857,0.06223097068672848,153374.83014052073,-195973.42782994965,248856.2294499659,423402603.0215726,293.20333232145026
195.0,144.1013687142857,0.05651062543498241,122164.5651031424,-176623.74512040935,214755.97385683886,406696977.2324122,293.2021535732042
199.99999999999997,144.1013687142857,0.05134060450931148,93818.15162410965,-172556.71978862857,196411.98313335088,370906102.36713845,293.2007508735511
205.0,144.1013687142857,0.04739195160591604,67515.39589959125,-174569.7330417594,187170.83206992934,344170298.0076684,293.19912137073726
209.99999999999997,144.1013687142857,0.04463532854934241,45978.439421576935,-178704.854613299,184524.9087630284,335947977.13403857,293.19742916562257
215.0,144.1013687142857,0.04280596216794831,30363.691709233237,-184235.89492229786,186721.23272952472,344240323.86959445,293.1959005702626
219.99999999999997,144.1013687142857,0.04160460938729581,20674.99926571651,-191900.6972766201,193011.22560589673,367784829.4218012,293.1946312608355
225.0,144.1013687142857,0.04074252633128714,16566.760945906022,-202882.10486478856,203557.37776510548,408682909.6355917,293.1935852871154
229.99999999999997,144.1013687142857,0.039952772429428324,17551.62394287964,-218181.63393459216,218886.46575199813,471262013.00640804,293.19270363933043
235.0,144.1013687142857,0.03899727204604485,23097.169312856426,-238143.3862858015,239260.84439777274,559558186.8125333,293.19195910356615
239.99999999999997,144.1013687142857,0.03767044714433733,32671.155681932945,-262331.79613578576,264358.42274726287,674289258.9040891,293.1913591599189
245.0,144.1013687142857,0.035810571708372915,45509.95561084955,-289863.8011356335,293414.688228963,810034504.9283806,293.19091968030597
250.0,144.1013687142857,0.03334169199510627,60244.35019484881,-319704.0322430505,325330.677869249,952397446.9064271,293.19063366884825
254.99999999999997,144.1013687142857,0.03033030995137583,74993.8797491627,-350360.03126911545,358296.29290676094,1076891313.5120876,293.19045964314864
260.0,144.1013687142857,0.026982091154413995,88005.91726855403,-379360.3602893125,389434.6215131836,1154522240.6248083,293.19032061017396
265.0,144.1013687142857,0.02355760974368505,98055.35148635956,-404017.6108370587,415746.4152841231,1165164312.3460395,293.1900954594805
270.0,144.1013687142857,0.020299910076924336,104039.80089370652,-423484.2160591364,436077.013176828,1109402475.1071966,293.18962001235457
274.99999999999994,144.1013687142857,0.01742169882660901,104061.39497854086,-438426.2178161417,450606.61601162364,1005564015.8354034,293.1887420982066
280.0,144.1013687142857,0.015090110321403364,95224.33307344826,-447016.6830603153,457046.59340545296,875932524.0439972,293.18741885634876
285.0,144.1013687142857,0.013385110767350805,75573.62252832839,-443226.84623695596,449623.63110407407,739505909.0654577,293.1857486369678
290.0,144.1013687142857,0.012295441027281872,46851.906697818245,-421140.4070004918,423738.5320805283,611574919.6656673,293.18389690841997
294.99999999999994,144.1013687142857,0.011771875109090937,14554.530051264484,-380261.03860269237,380539.47472530557,502029550.0603008,293.18201537963415
300.0,144.1013687142857,0.011785353350956705,-14808.01528779844,-326591.48649798974,326927.0199444064,414402561.5008174,293.1802190150896
305.0,144.1013687142857,0.0123522845199886,-36525.817047411576,-269754.1857167497,272215.8261796835,347373828.4824977,293.1785910022461
310.0,144.1013687142857,0.01351631356115373,-49099.86278533944,-218870.6194946073,224310.37560374316,296627144.9121024,293.17717719818717
314.99999999999994,144.1013687142857,0.015278519763507581,-53948.21575933487,-179157.31275946475,187103.5881505441,255883075.37384087,293.17597476075366
320.0,144.1013687142857,0.017502624825317982,-53509.75194451716,-150480.12446966424,159710.86817611818,218009218.47229576,293.17494012123325
325.0,144.1013687142857,0.019901857782941373,-49456.17622842301,-129128.77631081112,138275.6458624017,178427198.69471255,293.1740161172107
330.0,144.1013687142857,0.022168219351692574,-42705.785582867225,-111560.63635905582,119455.2623666589,138417671.75595513,293.17316207803947
335.0,144.1013687142857,0.024089643717644674,-33908.33056382797,-95998.24694500945,101810.79656962147,101850217.7108011,293.1723745033048
339.99999999999994,144.1013687142857,0.02553641640032341,-23303.344287893207,-81812.04230940937,85066.1867126808,70941788.31034324,293.1716787257625
345.0,144.1013687142857,0.02639917178937101,-11032.764825237677,-69678.90735725564,70546.94912035542,47299461.347587116,293.1710910208009
350.0,144.1013687142857,0.02659640421712217,1951.702394678787,-62709.98625093574,62740.34999766852,32998377.474552523,293.17059674098243
355.0,144.1013687142857,0.02623377422923189,15336.092323885094,-66369.23333726116,68118.06560335185,27466628.993926987,293.1701628239829
359.99999999999994,144.1013687142857,0.025678679868390602,30845.933804922897,-85136.889927999,90552.5353532959,26133497.22104262,293.1697562315107
365.0,144.1013687142857,0.02523994671398662,46389.65000692009,-118532.12209024627,127286.5412955415,24491661.30264538,293.16935560967926
370.0,144.1013687142857,0.024969769772929,56633.675349110956,-163252.1058574753,172796.47927677468,22239894.708855435,293.16896074769187
375.0,144.1013687142857,0.024813510099815084,58998.73834269747,-214186.27651842163,222163.48074077308,20455129.52921826,293.1685930399176
379.99999999999994,144.1013687142857,0.02472258801982382,53154.593983598534,-261539.89648382174,266886.7331178704,19147608.913603555,293.16827769167793
385.0,144.1013687142857,0.024669059890941893,40658.38142807318,-291356.4476716102,294179.6790741509,17795432.285103407,293.16802551789345
390.0,144.1013687142857,0.024638069850782297,25227.005169897486,-291269.46568517666,292359.8868353358,15920789.616494402,293.1678343601225
395.0,144.1013687142857,0.024621557931864484,11515.234012162304,-257822.08780147022,258079.11494862166,13322793.15788755,293.167700854035
399.99999999999994,144.1013687142857,0.02461478469628565,5266.118328393068,-199504.54762730884,199574.0377058744,10135072.49107456,293.16762840953993
0.0,149.0703814285714,0.014587954982239677,-24355.154156986,-268290.2666773994,269393.46823529457,50923582.532984994,293.2324996249646
5.0,149.0703814285714,0.014674336833056661,-53248.91061524329,-359347.78723754577,363271.6320802254,69569067.54380605,293.2328870023286
10.0,149.0703814285714,0.014871734294095332,-118957.86278680373,-432316.1402869457,448384.0075999657,93569909.83102512,293.2335514546683
14.999999999999998,149.0703814285714,0.015234024744832498,-205515.6168373897,-476285.84581894457,518733.9160798339,130394207.43817829,293.2344378342759
20.0,149.0703814285714,0.015878505141267193,-305069.08336308895,-488402.928491023,575851.166693793,197104077.51267746,293.2355544824879
24.999999999999996,149.0703814285714,0.01706714136668375,-408692.49433072447,-473547.84418725385,625521.4749764111,333793041.3796185,293.23695054035295
29.999999999999996,149.0703814285714,0.019403076306897443,-504877.48010684294,-438953.94343565474,669015.5711018598,629127560.5168347,293.23864218738606
35.0,149.0703814285714,0.02424126819977982,-566802.3063611013,-389160.10921977984,687539.4134914847,1193588123.743214,293.24044300013384
40.0,149.0703814285714,0.033871049344257255,-556640.6821327487,-331301.94318080763,647772.9745524977,1788217442.9450324,293.2418181575495
44.99999999999999,149.0703814285714,0.04822221977439521,-569948.3103812226,-303087.6664819783,645525.5301534567,1951321312.661369,293.2422703280321
49.99999999999999,149.0703814285714,0.060851810922798795,-746207.2421236812,-344973.9012737531,822090.1658321082,1718981560.7861202,293.2418534771829
54.99999999999999,149.0703814285714,0.06740928550927325,-935004.3083428213,-409685.6371281083,1020820.9333123522,1009385765.8605425,293.2408802707208
59.99999999999999,149.0703814285714,0.07000744538883179,-975397.1490055243,-523848.9572253745,1107166.3507685813,447635362.36409354,293.23969812228836
65.0,149.0703814285714,0.07101006813979563,-907593.3754175706,-756399.1580704374,1181467.4864047363,213266525.20368573,293.23847853183986
70.0,149.0703814285714,0.07140924925359904,-752056.0415598081,-1177338.9540994368,1397038.046184342,142500966.09044674,293.2372691079489
75.0,149.0703814285714,0.07156516444631156,-504208.7365536718,-1821162.230892286,1889671.4850062213,143017371.42929298,293.23609231938246
80.0,149.0703814285714,0.07161339640800514,-174733.2884017623,-2638761.657402642,2644540.5662712064,175751959.03765008,293.2349640942921
84.99999999999999,149.0703814285714,0.07160955516230233,187777.9943678585,-3484000.7902957783,3489057.4775934005,217657772.5939806,293.2338826978979
89.99999999999999,149.0703814285714,0.07157945581542949,499830.61633925914,-4167271.4865231756,4197139.774586875,250660010.4508379,293.2328258683359
94.99999999999999,149.0703814285714,0.07153765699258476,673572.6943274357,-4548650.675868927,4598252.183778785,263040769.2725917,293.23176330358166
99.99999999999999,149.0703814285714,0.07149474502008078,656250.2869672839,-4598419.546835274,4645010.954546972,252662057.15834594,293.2306711595164
104.99999999999999,149.0703814285714,0.07145996918941402,449941.5850612535,-4382562.906865274,4405599.285295797,226239291.70754346,293.229538180024
109.99999999999999,149.0703814285714,0.07144172608845557,101594.8554542467,-4002171.354149555,4003460.635828714,194563575.47332108,293.22836209159937
114.99999999999999,149.0703814285714,0.07144750170247678,-320271.97522282886,-3543278.6171400347,3557723.6397442296,167419329.97660825,293.22713936333605
119.99999999999999,149.0703814285714,0.07148455104298018,-743162.6015181381,-3061986.4811619287,3150881.1248781853,151274127.84564045,293.22585328362857
125.0,149.0703814285714,0.07156197422646661,-1098793.8566388946,-2593118.403626445,2816311.594020367,149677431.2592988,293.22446508398014
130.0,149.0703814285714,0.07169416873239619,-1327197.3150421472,-2160331.8570731548,2535446.0052898447,163960008.14816952,293.2229117464858
135.0,149.0703814285714,0.07190417539235107,-1381399.5463216978,-1775423.0002263647,2249531.403717356,190180999.113433,293.22111629741323
140.0,149.0703814285714,0.07221899927956697,-1251215.183252824,-1438381.734816215,1906431.6011478887,210745005.7317152,293.2190224566703
145.0,149.0703814285714,0.07263761377246125,-1009996.7296846195,-1162371.6626148433,1539870.5387218827,201639799.4858858,293.2166575275164
150.0,149.0703814285714,0.07308724888814833,-748991.6544855321,-966097.8049015746,1222429.3301146762,162388085.3822297,293.21417333278055
155.0,149.0703814285714,0.07346042537810896,-478102.79567759205,-822637.0583758018,951479.906801989,114415238.25476879,293.2117879575822
160.0,149.0703814285714,0.07369808218342264,-212533.95648424755,-700629.6915576223,732156.163226792,81000880.00467785,293.2096739338207
165.0,149.0703814285714,0.07378508435128972,1359.5207897178018,-589641.3785333163,589642.9458370949,70284414.50903068,293.2079055153883
169.99999999999997,149.0703814285714,0.07369530385576781,139639.35524375798,-485459.58781689015,505143.70325308153,79912678.96424858,293.2064702578116
175.0,149.0703814285714,0.07334299461820751,206587.27044863236,-387707.53818655823,439312.4576859822,108961289.86621015,293.2052964335328
179.99999999999997,149.0703814285714,0.07251621768047134,217712.18772578338,-299147.85674545955,369983.8332680886,158953584.5169499,293.20428338647275
185.0,149.0703814285714,0.0707873270344152,188981.2894901928,-224004.15165189188,293073.00751631806,219051883.7155755,293.20332630750795
189.99999999999997,149.0703814285714,0.06764395213646196,144707.68735275164,-170320.3418874573,223493.4756086675,256434650.62522087,293.20232487617653
195.0,149.0703814285714,0.0632770595589985,109740.48648978908,-145779.93739956923,182468.53022709946,263284725.81638828,293.20118352128407
199.99999999999997,149.0703814285714,0.05887124987732305,83260.37078780815,-143340.71779885204,165767.45978271318,257106378.13694647,293.19982453604405
205.0,149.0703814285714,0.055401717645932325,58801.71391570224,-150367.0703993246,161455.55865283654,255029346.87079337,293.19825132142495
209.99999999999997,149.0703814285714,0.053055698030627124,37487.22556279783,-160190.2713524987,164518.130053752,267210964.63318413,293.1966140051753
215.0,149.0703814285714,0.05166038057807421,20736.496875798395,-171184.45699501623,172435.8449376421,293980097.0912309,293.195115770156
219.99999999999997,149.0703814285714,0.05098310032756827,8632.554802303419,-183981.66739360412,184184.07895186148,335401266.47467613,293.1938469320132
225.0,149.0703814285714,0.050797567616434856,999.9094818517447,-199843.05972093172,199845.56121564415,394591865.51254,293.19278163785526
229.99999999999997,149.0703814285714,0.05088322997262604,-2152.110626831876,-219893.29935848017,219903.8305325951,476865988.29781604,293.1918770251581
235.0,149.0703814285714,0.05101210952658729,-532.0928370947485,-244642.82751831555,244643.40616281398,587722599.1337464,293.19112630570316
239.99999999999997,149.0703814285714,0.050936051330979754,6320.134027639961,-273697.8258729084,273770.78730515466,730284049.6734453,293.1905540677126
245.0,149.0703814285714,0.050389578952857166,18607.55269841359,-305720.3322498613,306286.0796190219,902818818.858577,293.19018268734806
250.0,149.0703814285714,0.049125744732088014,35641.65982901446,-338421.3864357367,340293.0541642798,1095571390.2401972,293.1900066576413
254.99999999999997,149.0703814285714,0.04698071847777229,55482.21040944115,-368434.9812430886,372589.06462148426,1285855570.093891,293.18998930624167
260.0,149.0703814285714,0.043930541654020286,75264.59555465852,-391773.5019528597,398937.63444480096,1437458236.0945387,293.1900582529307
265.0,149.0703814285714,0.04010856669145406,91919.61990443304,-405467.80694273306,415756.36975315836,1512980081.345649,293.1900819561391
270.0,149.0703814285714,0.0357969868246974,102618.3429317488,-409148.35667928716,421820.9360373418,1492523881.271138,293.18985629089843
274.99999999999994,149.0703814285714,0.031406812404476556,104900.55406373867,-404546.0522617358,417925.3936331632,1382551529.2840111,293.18916720650225
280.0,149.0703814285714,0.02740280484103201,97048.97436669686,-393026.52117566974,404831.2608644211,1210622583.5248182,293.18791883577984
285.0,149.0703814285714,0.024159642707431005,79107.39563633203,-374086.2987930445,382359.175369236,1013430360.4054265,293.1861877353857
290.0,149.0703814285714,0.021859295841917464,53886.04140016898,-346779.85394240817,350941.5514841448,823987541.0900952,293.18415491694424
294.99999999999994,149.0703814285714,0.020515090852173644,26376.042464792306,-312161.1746321647,313273.51398392644,662395573.7177022,293.1820264765774
300.0,149.0703814285714,0.020059610872029933,1600.2042876985972,-273926.42049848946,273931.09443960106,534637982.6322347,293.17999802363903
305.0,149.0703814285714,0.02039983330696848,-17250.017193115673,-236826.55637461387,237453.95532064937,437033715.0101585,293.1782203877946
310.0,149.0703814285714,0.02141125527303398,-29249.91691675645,-204334.69303150257,206417.59715662696,361092022.86264,293.17675636355784
314.99999999999994,149.0703814285714,0.02290574571351863,-35034.571069013014,-177361.2131567532,180788.33231828033,297650154.9612268,293.1755778987595
320.0,149.0703814285714,0.02463662059484581,-35850.34581132771,-154940.34634300094,159033.82728111924,241048461.34174544,293.17461002787104
325.0,149.0703814285714,0.026359850298068425,-32980.5748637395,-135901.01701904138,139845.64614299758,190738650.4968005,293.1737742703085
330.0,149.0703814285714,0.027888360636134972,-27442.679749277468,-119536.5145804021,122646.15358767712,148106970.0950622,293.1730109284225
335.0,149.0703814285714,0.02909141153908472,-19761.706885889125,-105329.12920393028,107166.92828434543,113399053.90675776,293.1722913064835
339.99999999999994,149.0703814285714,0.02986091558857614,-9969.033027577165,-92961.09412886162,93494.09949905926,86131864.87280287,293.1716217513702
345.0,149.0703814285714,0.0300844481745859,1976.2725490218843,-82839.31133262793,82862.88164945795,66651991.32386513,293.17102382677956
350.0,149.0703814285714,0.029666980365317498,15380.680429048723,-76923.06210913708,78445.66791548584,56145284.45021957,293.17050222595276
355.0,149.0703814285714,0.02866582288808984,29254.759338266304,-79264.54803906125,84490.88424070687,53743575.212822296,293.1700373885164
359.99999999999994,149.0703814285714,0.02744049335934677,44365.68448116035,-95117.88059650012,104955.82484384527,54918998.40787625,293.16960166622806
365.0,149.0703814285714,0.02642981416240143,59688.530738012196,-126576.05348566738,139943.62442665672,53911507.35717446,293.1691769395146
370.0,149.0703814285714,0.025779442539058634,69364.80610274617,-169524.5252452464,183166.70271994785,49203529.58164985,293.1687664073927
375.0,149.0703814285714,0.025401421022292127,69498.17560057002,-216777.9166062756,227645.91263619263,43821752.09968281,293.16839197427925
379.99999999999994,149.0703814285714,0.02518534162640783,60268.76018893126,-259113.22813282837,266030.0517763474,39448758.319776386,293.1680746680095
385.0,149.0703814285714,0.02506181061602762,44205.55628939908,-285174.46364190365,288580.32836682175,35760236.06237329,293.16782071936416
390.0,149.0703814285714,0.024993447985770058,25807.611985415828,-284988.48639753304,286154.6264094758,31919801.07706408,293.1676262146533
395.0,149.0703814285714,0.02496011007930176,10469.369456069255,-255180.38477388836,255395.05960405225,27262874.898361254,293.16748820491136
399.99999999999994,149.0703814285714,0.024949211157138877,4080.095673828997,-201413.18257366982,201454.50428114543,21447682.51325012,293.16741183274036
0.0,154.03939414285713,0.015870070049069516,-9786.773542444304,-241462.65217868378,241660.90567887705,100234748.25352363,293.22942556332526
5.0,154.03939414285713,0.015954974770562305,-26267.248370478832,-309897.831327487,311009.05806493165,128222877.95262304,293.2298438048532
10.0,154.03939414285713,0.016222076657500722,-68580.4488387068,-361506.8767112966,367954.4807071591,160017031.0101883,293.230550273549
14.999999999999998,154.03939414285713,0.01677437320779707,-127731.49920298315,-389539.3515501925,409946.6334717071,206123453.1212664,293.2314672564617
20.0,154.03939414285713,0.017805830064672713,-197502.71212908116,-392156.2856723038,439082.9918029623,284904817.32899874,293.23257952524415
24.999999999999996,154.03939414285713,0.019724878640847484,-270586.289214419,-372254.75180387066,460207.0622571872,431233202.67350364,293.2339120222014
29.999999999999996,154.03939414285713,0.0233754840110621,-337222.5953904331,-335734.30952344986,475853.55460797745,699242326.7415066,293.2354577402024
35.0,154.03939414285713,0.030252118830640246,-381962.91738832125,-291196.9640696312,480303.3855212428,1090699314.9385161,293.23703531506305
40.0,154.03939414285713,0.041631740897639796,-403821.4216241618,-253244.41938811186,476659.7072480335,1374553293.194446,293.2382112549675
44.99999999999999,154.03939414285713,0.05494949655395992,-477737.5827569768,-250645.55118292448,539496.4228855195,1380906351.1238513,293.23862460424766
49.99999999999999,154.03939414285713,0.06454533880216479,-651183.0905717764,-292832.58811384934,713996.037879809,1093165110.4757764,293.2382866447495
54.99999999999999,154.03939414285713,0.06906557506110604,-794089.781709753,-369094.4047241028,875676.459095757,602056325.8655374,293.23745161672656
59.99999999999999,154.03939414285713,0.07084817722562065,-824481.6952075368,-522090.20524144307,975883.316868029,283453717.1258516,293.2364122813212
65.0,154.03939414285713,0.07154633179638129,-760672.9845371267,-822160.254450341,1120076.2801713415,158977148.88835326,293.2353155642195
70.0,154.03939414285713,0.07182261539603232,-600943.7979086527,-1338834.6249051369,1467518.858853185,133264342.90581593,293.2342201486263
75.0,154.03939414285713,0.07192225335212088,-335184.79300577415,-2089532.0064300282,2116244.988501526,155708818.12376428,293.2331570595358
80.0,154.03939414285713,0.07194042546808872,21612.20298547927,-2986739.033798022,2986817.2263013734,199810587.9153203,293.2321379164895
84.99999999999999,154.03939414285713,0.07191735988096903,410641.7865431794,-3838796.9407423134,3860697.9458522676,244569739.43566558,293.2311518478983
89.99999999999999,154.03939414285713,0.0718723091751925,737769.2113603473,-4431635.718723623,4492627.132613868,272357619.3728866,293.23017236254515
94.99999999999999,154.03939414285713,0.07181671861360603,909307.689282728,-4641952.485801748,4730175.826988857,273709239.5913996,293.22917164112266
99.99999999999999,154.03939414285713,0.07175985837640911,872946.826185817,-4490248.029672572,4574315.635078793,250341592.45027268,293.2281311708373
104.99999999999999,154.03939414285713,0.07171113771938795,634371.8470401712,-4097642.395235003,4146456.419588226,212629270.62977308,293.22704353584436
109.99999999999999,154.03939414285713,0.07168054808750435,242589.8432498838,-3601224.0227464396,3609385.5840092856,173708583.26082855,293.2259063718473
114.99999999999999,154.03939414285713,0.0716784379925259,-235040.8508871104,-3100319.790648995,3109216.461727225,144702508.64981022,293.22471218811387
119.99999999999999,154.03939414285713,0.07171611402705204,-727877.1133122897,-2650360.154306745,2748493.048857993,133368929.73594542,293.2234386915396
125.0,154.03939414285713,0.07180834729052676,-1165165.4387701843,-2276825.396732133,2557644.304219989,145151529.06290558,293.2220433084443
130.0,154.03939414285713,0.07197747799110989,-1473274.276749072,-1983221.2404870088,2470567.461788755,182692794.24924174,293.2204651183706
135.0,154.03939414285713,0.07225413529862038,-1583775.1350307905,-1750263.790414349,2360459.06856641,236294290.2850585,293.2186412761592
140.0,154.03939414285713,0.07265647926926942,-1497911.753765519,-1556572.5523054425,2160244.831647462,272598338.67779034,293.2165495029865
145.0,154.03939414285713,0.07313868099848043,-1312561.4270554224,-1412341.1408134575,1928088.4310186673,262043917.05490586,293.2142654401672
150.0,154.03939414285713,0.07359179150142266,-1060571.1506219036,-1297448.559335076,1675763.6855034581,209255729.64077643,293.21196271091037
155.0,154.03939414285713,0.07393761041050893,-729954.3234908066,-1157735.3047553462,1368643.2516400595,145535531.93626565,293.2098223230986
160.0,154.03939414285713,0.0741651166520058,-387208.07011192007,-978646.9553205158,1052463.7536361588,98411221.51768085,293.20795005865557
165.0,154.03939414285713,0.07428537993273124,-109765.91735648812,-777458.867760936,785169.311469334,72247954.9509632,293.206372675895
169.99999999999997,154.03939414285713,0.07429515852859579,70708.88337964301,-581978.4773684461,586258.2147048268,62355041.62704169,293.20506562239365
175.0,154.03939414285713,0.07415569651070282,161086.60398175434,-415967.45683318475,446069.2985698993,65680679.05008039,293.20396820176563
179.99999999999997,154.03939414285713,0.07375762051113248,185235.30159799947,-289807.00367237197,343947.9849274597,82451031.13046426,293.20299559832364
185.0,154.03939414285713,0.07285057453918457,165960.2053732999,-201328.93909461843,260914.03083106215,111255741.53980628,293.20205385118487
189.99999999999997,154.03939414285713,0.07101574129445834,125002.87307784341,-144529.78343371168,191087.87658329096,137497873.29716605,293.20104877507504
195.0,154.03939414285713,0.06809211370900843,89319.57720392926,-117894.9569125586,147909.45790348476,150241737.42784467,293.1998920248601
199.99999999999997,154.03939414285713,0.0648147352179407,65143.0629178277,-116353.03684981083,133347.84524126924,159871913.74631926,293.19852257704815
205.0,154.03939414285713,0.06217124903204849,43734.05585813495,-127065.70009308727,134381.39671081287,175267897.10925978,293.19696304864607
209.99999999999997,154.03939414285713,0.06052371439861621,23690.38485017013,-141221.57560587605,143194.85937335648,202192666.34245425,293.19535898713656
215.0,154.03939414285713,0.05980968648547923,6448.08568072872,-156266.86925364812,156399.8472994228,241788334.2687547,293.1938838715796
219.99999999999997,154.03939414285713,0.05987938153114729,-7703.290997511547,-172783.98218530102,172955.6162488017,295525763.69730955,293.19260982676195
225.0,154.03939414285713,0.06057902788979617,-18662.11005467577,-192252.1304627124,193155.78173884578,367535598.0045329,293.1915185752234
229.99999999999997,154.03939414285713,0.061737877068417595,-25837.58979469639,-216018.66280851667,217558.36855423104,462748983.0359586,293.1905883114538
235.0,154.03939414285713,0.06313268555546997,-28015.49194262272,-244695.0695483328,246293.61512237907,583574442.9071935,293.1898320891454
239.99999999999997,154.03939414285713,0.06446249118230785,-23641.390059164685,-277932.99474551284,278936.6682459279,728170587.9830258,293.18927842083076
245.0,154.03939414285713,0.06536940603890298,-11474.017638302439,-314535.7006387616,314744.91267863364,893426180.0784751,293.18893990168226
250.0,154.03939414285713,0.06550859199856708,8583.415040521186,-352044.1862089163,352148.8095354803,1077081103.787296,293.1888051275669
254.99999999999997,154.03939414285713,0.06461575055750143,34788.128055870686,-385997.59365520393,387562.0674953105,1271363470.3973029,293.1888449610064
260.0,154.03939414285713,0.06253189210053539,63466.17394939477,-410729.3082357537,415603.80157019204,1454427085.6899579,293.1890040935537
265.0,154.03939414285713,0.059213284582341354,89735.0911750351,-422060.64326102147,431494.5807053654,1591125621.6810255,293.1891652827721
270.0,154.03939414285713,0.05477955091422637,108671.5072630601,-419396.4759240718,433246.9278694955,1643714084.1995897,293.18911721266704
274.99999999999994,154.03939414285713,0.04959300319158964,116495.03100407014,-404984.21479574544,421406.3436664969,1586620783.019084,293.18860800806215
280.0,154.03939414285713,0.044257626108377565,111621.38354356698,-381796.83045161556,397779.0253483456,1424103289.1931915,293.1874900523184
285.0,154.03939414285713,0.03943702115756634,95390.19874981264,-352718.1077885769,365389.3178234456,1198042039.7385926,293.18580066266713
290.0,154.03939414285713,0.035604343051464114,71878.79484661898,-320558.77070182416,328518.62446818297,965096162.0103443,293.1837152470173
294.99999999999994,154.03939414285713,0.0329391936888051,46347.274664383585,-287731.7578408231,291440.6188899994,763428192.4778386,293.1814811571661
300.0,154.03939414285713,0.03139311242264699,23230.24436637567,-256070.16482498468,257121.7096373162,603886538.4115589,293.1793653990763
305.0,154.03939414285713,0.03079408933456077,5074.988638735382,-226809.0669681409,226865.83781751257,480967234.7833914,293.17756682093386
310.0,154.03939414285713,0.030913678067820645,-7365.420027347249,-200531.54493502493,200666.763381999,384794541.69172865,293.1761429298303
314.99999999999994,154.03939414285713,0.031505617869101936,-14501.740636405746,-177343.61787565422,177935.5481142305,307668016.9669737,293.17503593496315
320.0,154.03939414285713,0.03233828100908051,-17257.99997199682,-157196.63928509864,158141.1457071273,245470108.9064466,293.1741498858301
325.0,154.03939414285713,0.03321806080867594,-16592.87903861049,-139968.73617914994,140948.8231322931,195952863.6134368,293.17339831726
330.0,154.03939414285713,0.033992782814628,-13213.131091759948,-125394.82485792533,126089.05160400644,157118726.45094764,293.1727169908614
335.0,154.03939414285713,0.03453812706430593,-7466.508579822425,-113137.6157038267,113383.7238651092,127109824.06039003,293.1720662508333
339.99999999999994,154.03939414285713,0.03473908041456414,602.5175215414758,-103008.14868188814,103009.91079616435,104809651.14327268,293.17143505660397
345.0,154.03939414285713,0.03447796403078687,10998.841108535364,-95275.04849700865,95907.81705282505,90313027.00224113,293.170837246211
350.0,154.03939414285713,0.033647373386266,23236.22402608426,-91052.02743707814,93970.17509504175,84544963.73648009,293.17028887133966
355.0,154.03939414285713,0.03222896112404251,36009.77908567622,-92588.23155699673,99344.27418151108,86878022.09934291,293.16978766957186
359.99999999999994,154.03939414285713,0.030442864416258868,48413.65479951125,-103401.18172975528,114173.93027375433,92912920.63834646,293.16931765891565
365.0,154.03939414285713,0.028740556364202748,60162.48745358621,-127225.5238490459,140733.2896484235,96891416.04984158,293.1688676222172
370.0,154.03939414285713,0.027467540864183942,68069.13509853792,-163613.85714439704,177208.6380590127,95169082.41422878,293.168443673854
375.0,154.03939414285713,0.026655138302878998,67490.96405474175,-205763.4468562535,216549.36225074573,88931885.43873677,293.16806504892304
379.99999999999994,154.03939414285713,0.026173624798479348,57440.11667124123,-243710.17763955108,250387.73470021918,81604750.85005145,293.16774722619436
385.0,154.03939414285713,0.025899312966207996,40621.867528883864,-267322.0166819825,270390.82218976354,74678097.0856427,293.1674926742297
390.0,154.03939414285713,0.025754169168916895,21871.435575924963,-268613.06780855934,269502.0220548958,67738800.73209661,293.1672964415438
395.0,154.03939414285713,0.025693104007602073,6953.588791812703,-244583.11016415898,244681.93675598278,59623433.51910813,293.1671557509535
399.99999999999994,154.03939414285713,0.025684162573168128,1427.4990316192648,-198636.8355521782,198641.964830366,48897491.799331136,293.16707653075946
0.0,159.00840685714286,0.018751587276060425,-2460.2661668942824,-208944.24421843953,208958.72822552032,175360215.03603423,293.22559719629714
5.0,159.00840685714286,0.018801530770646103,-12318.107125083328,-252246.30742159218,252546.89736952505,211355813.9644109,293.226018124127
10.0,159.00840685714286,0.01916424586844756,-40229.56385062081,-283851.4216522252,286688.06633970747,249081211.09812093,293.22672703572243
14.999999999999998,159.00840685714286,0.020034022046516674,-80423.9372800963,-298366.6732856665,309015.6653232786,297904098.15418357,293.2276310264878
20.0,159.00840685714286,0.021700645070194723,-127807.96866570988,-294831.6158749694,321341.8095640538,371471359.9828567,293.2286895526112
24.999999999999996,159.00840685714286,0.024682016380110843,-177507.05461440943,-276685.5503422471,328730.3579015408,488888695.9093032,293.22989810697925
29.999999999999996,159.00840685714286,0.02981890177719688,-225374.22910371042,-249868.17919008143,336493.16503587173,665495128.9304699,293.23123052737
35.0,159.00840685714286,0.03807302941425318,-266617.99737804395,-219988.966389689,345659.2279385614,861953922.8000697,293.23254384596993
40.0,159.00840685714286,0.04926327699794379,-304469.25506450096,-194916.80714915655,361516.3744407072,938244183.2788417,293.23354946889793
44.99999999999999,159.00840685714286,0.06016936063153134,-381765.2121232613,-195334.98110732622,428836.1365740044,852809838.5712129,293.2340090333723
49.99999999999999,159.00840685714286,0.06716037414816509,-516658.575207865,-234698.4491674573,567467.57209327,625871300.4919237,293.2338891952772
54.99999999999999,159.00840685714286,0.07032070061865944,-618684.5296001978,-327099.9981163614,699832.0912435651,345196608.96325207,293.2333440911092
59.99999999999999,159.00840685714286,0.07156861040376584,-636399.3616383967,-522267.1330369273,823266.1208530146,182892095.8768679,293.2325863012098
65.0,159.00840685714286,0.07205674561177164,-570329.7778676343,-897040.1345462359,1062994.383103351,131888736.80902937,293.2317457977059
70.0,159.00840685714286,0.072241569408155,-405988.48731719283,-1520018.3837064267,1573303.0663669351,143715387.28826407,293.2308893121593
75.0,159.00840685714286,0.07229503735891295,-130417.116694471,-2386961.170548073,2390521.335196807,190275102.2505773,293.2300469171787
80.0,159.00840685714286,0.07228546774857433,237391.38823300143,-3365978.4679674874,3374339.3009636635,249838715.74963653,293.22921864022493
84.99999999999999,159.00840685714286,0.07224237940375683,631034.3134189837,-4216768.454329272,4263723.783518187,299869004.4937368,293.22838276858835
89.99999999999999,159.00840685714286,0.07218024171002646,950007.6266302039,-4703201.591100342,4798189.210231746,321772836.7070941,293.2275108334098
94.99999999999999,159.00840685714286,0.0721081528242638,1099451.0059678988,-4724807.229327667,4851040.699564456,308650664.5221219,293.2265813533888
99.99999999999999,159.00840685714286,0.07203446435960512,1031723.5600007676,-4357752.072377399,4478220.252351392,267390323.9587007,293.2255849145497
104.99999999999999,159.00840685714286,0.0719690887568077,760219.5004298928,-3779804.789300398,3855497.105958206,213386991.7060619,293.2245205260097
109.99999999999999,159.00840685714286,0.07192414214400675,339957.452709778,-3161917.4111881815,3180140.3718747846,162909644.5219965,293.22338714121304
114.99999999999999,159.00840685714286,0.07191372882152657,-160864.6874019876,-2613092.452561985,2618039.2688593017,128574204.46848534,293.2221746810766
119.99999999999999,159.00840685714286,0.07195464770697942,-675609.6325736049,-2185183.864850971,2287242.2037972426,119342743.93691139,293.22085835760555
125.0,159.00840685714286,0.07206953487664881,-1137538.2586774807,-1894078.0317784997,2209417.316946011,142584250.65583473,293.21939900025717
130.0,159.00840685714286,0.07229053908357556,-1470132.226378458,-1726748.4802577589,2267807.107562052,200836747.2588283,293.2177519981252
135.0,159.00840685714286,0.07264990379300618,-1614694.0151238067,-1644999.019586941,2305050.658210929,274056445.8904756,293.2158892760006
140.0,159.00840685714286,0.07313248869316018,-1616952.6942021837,-1627592.365053447,2294252.1487552263,318108500.68067634,293.21383669269926
145.0,159.00840685714286,0.0736377903747294,-1531352.765062007,-1658009.3388136448,2256997.177370037,304729809.8109077,293.211700340504
150.0,159.00840685714286,0.07405856110707949,-1300009.5696378916,-1652099.0376189703,2102250.2494355007,244247722.61435825,293.20963029608555
155.0,159.00840685714286,0.07436410541696706,-935890.8017569919,-1538443.284414335,1800749.6583847827,175839954.20791408,293.20774343181927
160.0,159.00840685714286,0.07457160302507815,-548583.6714207846,-1309851.2368973943,1420089.5420187914,122307334.87867087,293.206087248069
165.0,159.00840685714286,0.07470044711543887,-229665.0754264445,-1010477.9256588302,1036248.852889308,85314470.05066212,293.2046612052304
169.99999999999997,159.00840685714286,0.0747560647739006,-17710.922954049936,-708974.7632540739,709195.9473397,61823263.32448304,293.20343993970323
175.0,159.00840685714286,0.07472245495546968,92784.45794487435,-460996.8627010281,470241.4944008182,49647207.4223626,293.20237580796925
179.99999999999997,159.00840685714286,0.07454547127802055,129812.08563418558,-287609.64818678936,315547.9160235825,47765221.29595784,293.2013983341314
185.0,159.00840685714286,0.07409292981167136,122119.39411842533,-180521.5991736698,217947.6868151401,55169647.520146996,293.2004219880844
189.99999999999997,159.00840685714286,0.0731116430903981,91744.49855595073,-120729.20836878815,151633.0925907571,66482710.810613036,293.1993572087207
195.0,159.00840685714286,0.0714111843322553,61760.555210845414,-94431.6567318069,112834.85265229754,76073867.9833146,293.1981251479822
199.99999999999997,159.00840685714286,0.069381058004906,41595.875654398274,-93535.35402494426,102367.37431441632,90200200.76701987,293.19668948782737
205.0,159.00840685714286,0.06779166050992266,24017.8559873369,-106280.79290305251,108960.83859043116,114177125.51377669,293.19510437571955
209.99999999999997,159.00840685714286,0.06704604523889006,6158.776408293074,-122930.95407538734,123085.13312635421,149137392.79430875,293.19351781605127
215.0,159.00840685714286,0.06717876480718224,-10884.486166030414,-140234.30024916198,140656.07347523468,195327706.98285034,293.19207127828395
219.99999999999997,159.00840685714286,0.06813239980995497,-26599.943793706352,-158783.86991507455,160996.5041702324,255038206.18563122,293.19081310477145
225.0,159.00840685714286,0.06982464310324896,-40395.52020198053,-180402.74347556877,184870.08385863973,332149050.9107087,293.18973131636164
229.99999999999997,159.00840685714286,0.07210111319909891,-50834.70189700235,-206954.7305376903,213106.6104298154,427503094.0926707,293.1888225109011
235.0,159.00840685714286,0.07466215997014541,-55723.021172938104,-240100.54047999167,246481.89513111065,535723042.8164872,293.18810497846334
239.99999999999997,159.00840685714286,0.07706842846248199,-52629.16515858511,-281534.7664116834,286411.6857318688,651628893.4969013,293.1875913103569
245.0,159.00840685714286,0.07888847765171032,-39294.77274601756,-331315.42819106154,333637.51605985145,778036238.6448715,293.18727270855186
250.0,159.00840685714286,0.0798449537960953,-14574.571056567174,-384563.8542991864,384839.9357589189,920781605.7020946,293.18712666150833
254.99999999999997,159.00840685714286,0.07980450605825853,19948.691717590256,-431024.89853064273,431486.2842021683,1078643384.4816902,293.1871256955469
260.0,159.00840685714286,0.07867659803485234,59232.51091991614,-459216.347232749,463020.6733134782,1238616976.821353,293.1872283229009
265.0,159.00840685714286,0.07634500714241524,95930.86495840376,-462719.0609126445,472558.6314771397,1377496757.0106232,293.18734622347444
270.0,159.00840685714286,0.07269448883109583,122955.4659246761,-444015.4867279891,460725.2967387912,1466324299.4347863,293.1873097862702
274.99999999999994,159.00840685714286,0.06775861841172784,136042.79260737053,-412132.67434106115,434005.7403766996,1474912735.8990986,293.18689825915
280.0,159.00840685714286,0.061925678984936935,134567.16313155205,-375784.13577227446,399151.64798781544,1382050267.1206563,293.1859499319762
285.0,159.00840685714286,0.05595802425288929,120583.36298588845,-339191.15485656617,359987.4816739015,1197841708.1648312,293.1844446638491
290.0,159.00840685714286,0.050658146546254404,98162.8073029085,-304010.3852227684,319465.571010217,973011417.7902266,293.1825077764008
294.99999999999994,159.00840685714286,0.04649709975577203,72673.20341585948,-271525.6483056977,281082.8564365894,763472097.3202201,293.18038485183143
300.0,159.00840685714286,0.04355884621947195,48819.078296342705,-242296.69667310975,247165.91922108797,594592280.2614156,293.17837374600583
305.0,159.00840685714286,0.04169370301386048,29268.181771615626,-216244.19408892456,218215.89754503407,465999864.7612716,293.17668984790885
310.0,159.00840685714286,0.04066333299761419,14836.13056472381,-193194.26331210777,193763.0876788496,369048986.23716,293.17538039513715
314.99999999999994,159.00840685714286,0.040219425090837715,5270.56247044498,-173057.37602232507,173137.6164341166,295585640.76158875,293.1743743748484
320.0,159.00840685714286,0.0401379521691652,-104.45308238930596,-155751.79194193857,155751.82696704182,239637659.9442755,293.173572623296
325.0,159.00840685714286,0.04022985611191604,-2005.1917179670418,-141116.00918064357,141130.25487434395,196927077.17758802,293.17289166967845
330.0,159.00840685714286,0.0403383707014285,-998.9742654556348,-128918.44111745893,128922.31152806239,164386876.12577277,293.17227034426156
335.0,159.00840685714286,0.04032973692464453,2555.8249748465573,-118950.04557759986,118977.50032764654,140011030.16777396,293.17166732749223
339.99999999999994,159.00840685714286,0.04008281800260152,8476.300724793931,-111149.59130212861,111472.32535749565,122859549.87348546,293.1710629005524
345.0,159.00840685714286,0.039482513516741244,16617.700706776046,-105744.51729000176,107042.28563364792,113061872.72352976,293.1704619915932
350.0,159.00840685714286,0.038425166805516095,26572.814735618475,-103390.6811109353,106750.86614897611,111498355.51781696,293.1698841180063
355.0,159.00840685714286,0.036854182873032854,37274.27169166982,-105186.21581702314,111595.30155006432,118329477.86870134,293.169342393561
359.99999999999994,159.00840685714286,0.034844803592551155,47085.77704765641,-112513.10695450549,121968.3140686039,130369071.77926373,293.16883609147413
365.0,159.00840685714286,0.032682732650594175,54695.32603687692,-127146.4197892095,138411.67131240832,141496525.93099973,293.16836265850424
370.0,159.00840685714286,0.03076097637957159,58871.82047076904,-150469.74550740968,161576.71725408675,147432162.6529323,293.16792948924837
375.0,159.00840685714286,0.02932180678705437,57320.453021255824,-180305.3096503069,189197.3546925407,147555819.91610205,293.16755091464756
379.99999999999994,159.00840685714286,0.028372325769993663,48401.090638086935,-209617.08252906095,215132.48676792506,143469949.26181462,293.1672366458497
385.0,159.00840685714286,0.02780503273795745,33474.13442749226,-229364.44887010328,231794.23651410328,136867380.18571803,293.1669866372691
390.0,159.00840685714286,0.027510298835797732,16664.82848137093,-232333.92497006353,232930.82492514516,128113899.0450137,293.1667954943532
395.0,159.00840685714286,0.027407237152513815,3493.8811102161167,-215787.41414678382,215815.69755086844,116181360.98985758,293.16665957970383
399.99999999999994,159.00840685714286,0.027422194899232675,-992.6426743340118,-182346.4121200585,182349.1139340609,99127408.32404558,293.16658292614943
0.0,163.97741957142856,0.024300647918735374,-1441.091159107709,-188384.070927376,188389.58284071728,254572983.80604404,293.2209370962987
5.0,163.97741957142856,0.024352896775698917,-8536.923747590547,-208698.78696987248,208873.31746723512,284986028.49780464,293.22132160495215
10.0,163.97741957142856,0.024864384002417413,-28132.005102127052,-224101.37813290302,225860.2164882795,318033174.3787731,293.22197628372425
14.999999999999998,163.97741957142856,0.02612590366515435,-56207.213283738616,-231032.9445447009,237771.89129524652,357906631.3348784,293.22280708544343
20.0,163.97741957142856,0.028461525868486423,-89753.29657736952,-228703.7629409502,245684.89052006352,410777841.94771177,293.22375640295786
24.999999999999996,163.97741957142856,0.032300624289991364,-126498.76673852638,-218280.1399449502,252285.86460750265,481208698.71814847,293.2247974561244
29.999999999999996,163.97741957142856,0.038129839200963744,-164427.5122177697,-200554.80733872904,259342.70284856585,562263976.6466752,293.225899267884
35.0,163.97741957142856,0.046196421646884256,-199144.59090686863,-175599.95720695847,265506.89832573035,614880128.4873047,293.22697492519404
40.0,163.97741957142856,0.05568982441209831,-230661.40039557844,-150949.72422510618,275663.74603143765,581826303.5954914,293.2278723409469
44.99999999999999,163.97741957142856,0.06405001999718045,-287128.83509687986,-148979.76410977799,323477.8787773537,484440094.14771366,293.22845644569367
49.99999999999999,163.97741957142856,0.06912812983800998,-379272.7066036187,-188989.29347505225,423750.79825604346,343368684.76595604,293.2286645584335
54.99999999999999,163.97741957142856,0.07138177609367793,-444446.4171462957,-297335.8743668908,534734.7378838432,199574709.75724185,293.22854486813236
59.99999999999999,163.97741957142856,0.07226404938067013,-444764.2911108061,-533598.5840242779,694652.9518543863,130552574.0083539,293.22821702593995
65.0,163.97741957142856,0.07259823199957931,-370803.52441449004,-983818.3784403747,1051377.1233364628,131283838.1111438,293.2277774759949
70.0,163.97741957142856,0.07270924908157463,-201751.1146100724,-1714895.4989993654,1726722.3531114343,179068863.4943644,293.2272838805433
75.0,163.97741957142856,0.07272072401755672,75616.43521168124,-2697838.699180525,2698898.1996492916,255491078.19846597,293.2267562027388
80.0,163.97741957142856,0.07268243667951446,438429.2702279412,-3753201.5386572154,3778722.2727757455,336879849.75852525,293.226182576107
84.99999999999999,163.97741957142856,0.07261615538707539,815481.1207230404,-4591779.635201647,4663630.52529982,395027829.1425458,293.2255345981628
89.99999999999999,163.97741957142856,0.0725327062320574,1104861.1077939363,-4959137.57503522,5080724.707720528,408730708.3600294,293.2247864851144
94.99999999999999,163.97741957142856,0.07243930320684411,1216245.4254404318,-4783182.459499344,4935391.309285108,374654501.25096714,293.2239272282644
99.99999999999999,163.97741957142856,0.07234359131687199,1111551.9953742512,-4199591.578382648,4344205.020903472,307417880.41981274,293.222959969514
104.99999999999999,163.97741957142856,0.0722562593863432,815426.4810658669,-3442923.5624686857,3538169.442384795,229825191.80063608,293.2218925487409
109.99999999999999,163.97741957142856,0.07219225541147577,391028.9541312905,-2714313.689778838,2742335.218292946,162391738.00148052,293.2207267275118
114.99999999999999,163.97741957142856,0.07217090053626962,-92847.5901749191,-2125921.4897275437,2127948.038718678,119028887.08877607,293.21945157842663
119.99999999999999,163.97741957142856,0.07221692817311762,-576432.035469684,-1718846.1258976464,1812927.4381588113,109004252.59306742,293.2180441103764
125.0,163.97741957142856,0.07236416299401478,-1001364.9313310551,-1494956.5808212026,1799340.6859848052,140084819.29320562,293.2164786446231
130.0,163.97741957142856,0.07265492750052906,-1303406.5275094898,-1428135.910857532,1933504.7855733947,210637864.96663076,293.2147441107019
135.0,163.97741957142856,0.07310657096280135,-1475381.6919282316,-1483735.4013599162,2092420.1007746228,290545079.6823336,293.21286392739904
140.0,163.97741957142856,0.07364470354880608,-1585164.3564098438,-1651521.3599756502,2289163.3491929,336351484.95764554,293.21090770829403
145.0,163.97741957142856,0.07413513390097284,-1583190.8118976213,-1862643.4974131025,2444572.344057824,322751240.0474611,293.208976201565
150.0,163.97741957142856,0.07450909842458488,-1379192.7939956188,-1985163.8573566072,2417239.810934034,268464137.18512785,293.20716116479326
155.0,163.97741957142856,0.07477573631835832,-1028826.6752319146,-1924483.6350489191,2182228.5831781826,207928960.26088303,293.20551004128373
160.0,163.97741957142856,0.07496322143672901,-647698.8933906478,-1663238.9571806146,1784902.710284997,153854466.0609375,293.2040273046955
165.0,163.97741957142856,0.07509194293708554,-325565.3794515557,-1270108.8005382123,1311170.920018459,108366803.89456508,293.2026992157244
169.99999999999997,163.97741957142856,0.07517068061585963,-105152.61918960839,-859177.7600608079,865588.5262095045,73018294.97899072,293.2015053744424
175.0,163.97741957142856,0.07519553955852981,14949.011955544669,-523400.4609212456,523613.89921488846,48871700.494861424,293.2004119222895
179.99999999999997,163.97741957142856,0.07514374267475896,61656.34059763761,-297611.34458093654,303930.9407730066,35355264.07605096,293.1993629604285
185.0,163.97741957142856,0.07495697891726519,65336.1840780949,-167988.73838648814,180247.14470573634,30540665.793452516,293.19828296438186
189.99999999999997,163.97741957142856,0.07452285609779451,48666.37606871945,-102908.83601460625,113836.04301601119,31506848.368461303,293.1970908763989
195.0,163.97741957142856,0.07376081367083333,29655.232906902813,-76902.10456908976,82421.88135390909,36697371.014643885,293.1957259231735
199.99999999999997,163.97741957142856,0.07290340425981717,15710.519519576337,-76155.05708177673,77758.68532005708,50291196.5151379,293.19418706317197
205.0,163.97741957142856,0.07243981771458609,2300.1122180696457,-89137.60931516386,89167.28049367941,75886560.64269067,293.1925630500653
209.99999999999997,163.97741957142856,0.0726814724043784,-12883.144319060197,-106140.40420794682,106919.41270401773,112315807.81196038,293.1909995139358
215.0,163.97741957142856,0.07371939469793935,-29102.927700175198,-123657.35425926434,127035.90698350928,158752444.18193704,293.1896065451372
219.99999999999997,163.97741957142856,0.07557562154556177,-45605.08808661148,-142457.24064797699,149579.04088615897,217109476.49203306,293.18841411831244
225.0,163.97741957142856,0.07819310010512663,-61098.44323016367,-165157.8562641296,176096.95412162138,287900360.6834332,293.18741358791357
229.99999999999997,163.97741957142856,0.0813099881836136,-73688.23927266808,-195801.57204894067,209208.53764591558,364880252.05893946,293.18660258823644
235.0,163.97741957142856,0.08440331348953413,-81326.10535847564,-240439.12082597136,253820.61822543875,440449093.9226917,293.1859819338008
239.99999999999997,163.97741957142856,0.08693066600686021,-80393.71380160638,-304107.5638769413,314554.5415758331,515152917.9512619,293.18553672583187
245.0,163.97741957142856,0.08863470419121534,-65567.58600976955,-384147.84170346265,389703.31358685816,595346249.8188113,293.185236776192
250.0,163.97741957142856,0.08952907440699488,-33859.24061027689,-467824.6118060811,469048.30837155256,687020624.5700947,293.1850483298257
254.99999999999997,163.97741957142856,0.08970358340667658,12312.836924673453,-536142.350059497,536283.7173366854,791788492.0903127,293.18493964467154
260.0,163.97741957142856,0.08918638957459818,65463.36914101332,-570834.630971587,574576.0425006951,905251656.4717313,293.184875087558
265.0,163.97741957142856,0.0878889477283273,115096.6619933649,-562230.9691719265,573891.0212732194,1016732794.2850405,293.1847982519004
270.0,163.97741957142856,0.08559446265703637,150789.63372117738,-514660.26997061557,536295.3543748013,1108427973.044126,293.1846137367913
274.99999999999994,163.97741957142856,0.08201422078348744,166307.47220029734,-445536.9295502122,475564.22374131915,1155190030.1641545,293.1841925847631
280.0,163.97741957142856,0.07700702424964942,163031.46215661417,-376569.86444509553,410346.34208327136,1131911782.1704204,293.1834116178107
285.0,163.97741957142856,0.07093524372420043,147492.2426654294,-321126.69403731474,353378.4306799342,1028787752.9320449,293.18220353505217
290.0,163.97741957142856,0.06472325410971037,124868.55041565967,-279644.66032217274,306256.9034807403,864553918.9939137,293.180607660448
294.99999999999994,163.97741957142856,0.05929960652674682,98665.86979533335,-247512.74438241794,266453.58412711555,686026680.7546269,293.17880684575175
300.0,163.97741957142856,0.055085371900359,72996.05038396097,-221499.7955017505,233217.88691902484,534003807.5223577,293.1770724562345
305.0,163.97741957142856,0.05205463312391845,51066.09603465513,-199711.34872193274,206136.77248990303,419197478.9243469,293.17560986958904
310.0,163.97741957142856,0.04999256549413412,34091.10985291816,-181051.4534362521,184233.09301638266,335366748.7876028,293.1744658583561
314.99999999999994,163.97741957142856,0.04864943295879452,21979.20479842763,-164993.3433966869,166450.86004220063,273926816.79054546,293.17357810526175
320.0,163.97741957142856,0.04779576189581603,14145.602386742763,-151279.5787559383,151939.49129656176,228314857.44765896,293.1728592864535
325.0,163.97741957142856,0.04723516703918117,9932.365941420192,-139734.84382754602,140087.3958381087,194110430.16764373,293.1722356939357
330.0,163.97741957142856,0.04680259953591194,8771.549610784645,-130218.57164082871,130513.66396953269,168493840.4262825,293.17165209751994
335.0,163.97741957142856,0.04635803458378436,10227.715828863775,-122652.66742344377,123078.36120602961,149842465.56393886,293.171068891155
339.99999999999994,163.97741957142856,0.04577985552453043,13973.86738612793,-117075.93468767672,117906.92707690348,137500450.45832804,293.1704641453331
345.0,163.97741957142856,0.044960833581562706,19708.031602328436,-113702.66021986926,115398.01320089275,131637091.72906725,293.1698403483428
350.0,163.97741957142856,0.04381042049969413,26991.646574661067,-112959.59754531152,116139.65585625851,133017393.10777123,293.16922147754855
355.0,163.97741957142856,0.04226995852442896,35012.71176243774,-115422.12539714317,120615.74116239302,142275609.67413354,293.1686333564273
359.99999999999994,163.97741957142856,0.04034891508028645,42423.14495666453,-121537.87936496567,128729.0928599558,158223704.61245716,293.16808852497235
365.0,163.97741957142856,0.03817511054030685,47567.55224342592,-131325.2861279867,139674.63192372705,176255871.42857495,293.1675912397035
370.0,163.97741957142856,0.03600445193329896,49048.93078124724,-144530.60380731837,152626.6459295087,190404807.56401208,293.16714822896586
375.0,163.97741957142856,0.03412223259149499,45955.31637398072,-160402.77843081855,166856.053025831,197921407.3849999,293.1667695879124
379.99999999999994,163.97741957142856,0.03270181076466356,37947.97137863455,-176329.20046180233,180366.39228873028,199532666.301417,293.1664620495095
385.0,163.97741957142856,0.03176930737056089,25941.67341526676,-187651.54209935907,189436.19419702212,196517215.80900162,293.1662249258696
390.0,163.97741957142856,0.031265694959827284,12647.824286266125,-189797.95047233402,190218.8988052313,189178473.6303143,293.1660520797483
395.0,163.97741957142856,0.031100814152161704,2198.5350100470096,-180895.71790710033,180909.07747627154,176964681.3049211,293.16593638129416
399.99999999999994,163.97741957142856,0.031145519426578346,-1473.7966812660097,-162949.62164707703,162956.28638252427,159359013.515367,293.1658747167779
0.0,168.94643228571428,0.0323272055268681,-3689.0369559730625,-186771.09958433764,186807.5283108395,318805119.7850423,293.2154317077701
5.0,168.94643228571428,0.03249755325298194,-9715.210948452988,-194758.8401163762,195001.00288780345,338155070.02353144,293.21575062177027
10.0,168.94643228571428,0.03320060161034085,-25162.934050351836,-201165.7882041836,202733.43975238226,360384018.13471746,293.2163041506097
14.999999999999998,168.94643228571428,0.034728004917311914,-46449.405876728255,-203551.53368714204,208784.03715966592,384006100.45366645,293.2170113624098
20.0,168.94643228571428,0.037337172741975067,-71818.33280819081,-200413.2371262267,212892.786497714,407882453.06625724,293.2178131769219
24.999999999999996,168.94643228571428,0.04126179595335167,-99619.62283552703,-190376.1667133738,214865.43255342622,427512358.0306156,293.2186767104307
29.999999999999996,168.94643228571428,0.046662782849292095,-127632.58783243268,-171824.52204494385,214041.45358499375,433159047.03949076,293.2195816154217
35.0,168.94643228571428,0.05346095723201688,-151593.79492963993,-145352.96469713948,210019.43483263068,409045517.2158365,293.2204962702504
40.0,168.94643228571428,0.06087464163097343,-171069.45241007963,-120738.2779439255,209385.9816433495,345740372.1649674,293.22136763250813
44.99999999999999,168.94643228571428,0.0670987518995933,-205406.8170394771,-119032.32425461138,237403.9904966725,269154146.61870265,293.22213505535416
49.99999999999999,168.94643228571428,0.07079110222051599,-261489.3638003889,-161800.1308565647,307499.544269473,189826945.8811251,293.2227331739326
54.99999999999999,168.94643228571428,0.07240563752415738,-295721.08335564495,-284838.41049326345,410589.6725848876,125634808.2270047,293.22313233215505
59.99999999999999,168.94643228571428,0.07301898849762985,-278217.392199855,-559157.4781574333,624549.4397578693,114415164.41593367,293.2233547080126
65.0,168.94643228571428,0.07323063194215958,-194611.19317783677,-1080450.1687959752,1097837.0023648103,157637543.39098164,293.2234361053084
70.0,168.94643228571428,0.07327630553136112,-22186.271807814363,-1912835.0527428,1912963.7136282225,246177532.83607554,293.2234037524886
75.0,168.94643228571428,0.07324572009489536,250100.31126260193,-3000997.1828001314,3011400.71343353,363051950.2326022,293.2232608734847
80.0,168.94643228571428,0.07317508637806285,595070.9419701586,-4118020.154658711,4160793.123931134,476194293.9984313,293.2229858167309
84.99999999999999,168.94643228571428,0.07308025077707007,938760.7378463326,-4929422.728860641,5018015.56023192,546502945.6045659,293.2225472815543
89.99999999999999,168.94643228571428,0.07296911816121529,1182399.082065006,-5168757.04471943,5302274.698335131,547945377.6753502,293.2219252397341
94.99999999999999,168.94643228571428,0.07284728415864425,1246030.2093363288,-4797625.782814999,4956793.765581736,482518014.3684558,293.22112220044875
99.99999999999999,168.94643228571428,0.07272174237032164,1105811.930832908,-4012380.252757369,4161972.5274309167,376814130.91081804,293.22015734686386
104.99999999999999,168.94643228571428,0.07260410473454035,799340.7098884104,-3100949.5193043062,3202316.8943373663,264923609.85275775,293.2190508484521
109.99999999999999,168.94643228571428,0.07251298550128576,396956.14333663945,-2287829.276514645,2322011.407855315,173253502.77780315,293.2178106745821
114.99999999999999,168.94643228571428,0.07247515731816309,-34458.27945528956,-1679601.8226354443,1679955.2540539065,116460125.8691497,293.21642952987656
119.99999999999999,168.94643228571428,0.07252735998340491,-444575.92918035405,-1298347.9816159934,1372353.904127102,102342305.45158443,293.21489452078094
125.0,168.94643228571428,0.07271937982700527,-786558.5718853665,-1127385.6466274022,1374653.6957458896,135838749.7580448,293.2132076615902
130.0,168.94643228571428,0.07309895038565191,-1029091.7519910871,-1133933.8129010843,1531285.6448280565,207302442.7672018,293.2114062212357
135.0,168.94643228571428,0.07363911519291606,-1226103.099462134,-1306963.4269975189,1792060.8834578558,284622006.03499824,293.20956447035877
140.0,168.94643228571428,0.07419746727059992,-1402564.3304809937,-1634605.783177968,2153862.2907550186,330244345.27857167,293.2077674767109
145.0,168.94643228571428,0.07464845896112278,-1435904.958013058,-2006583.0015475296,2467427.484354094,326072197.10726583,293.20607628207966
150.0,168.94643228571428,0.07497490830700371,-1273100.4836126235,-2263960.7788545745,2597364.6739660003,293464604.605666,293.2045128692075
155.0,168.94643228571428,0.07520830594570872,-982147.3279564779,-2273951.109347126,2476987.4891716903,249439552.56098258,293.2030645207707
160.0,168.94643228571428,0.07537856403897294,-656109.3991128294,-1998907.9558218422,2103832.8259279667,197840466.65453172,293.20170533771943
165.0,168.94643228571428,0.0755047793393336,-371695.6385564858,-1527170.809313955,1571753.265796688,143797303.95779377,293.200415182397
169.99999999999997,168.94643228571428,0.07559728291108891,-170533.50275132523,-1016184.2759451312,1030394.1761475396,95452871.83776614,293.19918081234994
175.0,168.94643228571428,0.07565977113607929,-55698.77218669428,-596757.429564567,599351.1349481324,59056470.409308404,293.1979828303927
179.99999999999997,168.94643228571428,0.07568985226585882,-5502.65905492391,-319224.31654398097,319271.7393219239,36014793.17285121,293.1967826045734
185.0,168.94643228571428,0.07567942506427763,7324.579616470758,-165789.21556122927,165950.93691499834,23989604.0207104,293.1955222874197
189.99999999999997,168.94643228571428,0.07562535175447398,4109.218142978532,-93374.742885596,93465.11799969946,19913921.98383646,293.1941425513169
195.0,168.94643228571428,0.0755847286198475,-2274.994870071875,-66215.37440848697,66254.44445254194,22791083.108363073,293.1926156098141
199.99999999999997,168.94643228571428,0.07574475940267178,-9099.428760758783,-64619.271832358,65256.799614417956,34918594.82202186,293.19097991037665
205.0,168.94643228571428,0.0763390147777265,-18492.308430940877,-76105.00181570422,78319.45334636465,58339789.76527701,293.1893430172625
209.99999999999997,168.94643228571428,0.07752276647791845,-30896.071254534483,-91355.34102437217,96438.40289347709,91137685.70336597,293.18783078935
215.0,168.94643228571428,0.07939969549225236,-45680.8175841067,-107121.46438065641,116454.90640676618,132082689.34023103,293.1865242589328
219.99999999999997,168.94643228571428,0.08202036806598423,-61784.12522757802,-124781.33637626097,139239.577843308,180957974.32601324,293.1854456511762
225.0,168.94643228571428,0.08522939304687267,-77919.00536971798,-149092.864679342,168226.19800761927,232810923.67108673,293.1845869445115
229.99999999999997,168.94643228571428,0.08850038717038214,-93780.45730656611,-188962.8099428227,210954.30243091987,279164998.7953994,293.1839300014641
235.0,168.94643228571428,0.09117660380918721,-106590.90196397399,-254097.34103469402,275548.6873537871,315324051.46818656,293.1834439628159
239.99999999999997,168.94643228571428,0.09297543141928931,-107470.30762181366,-346016.17679162946,362321.76531616674,343297072.8910484,293.18308460611803
245.0,168.94643228571428,0.0940177039186489,-88307.63893871578,-455102.49039792357,463590.8927721971,372293327.4013548,293.18280383851294
250.0,168.94643228571428,0.09452186234482089,-47447.20490160336,-563547.7177853563,565541.5700671865,410738866.15689313,293.1825573184675
254.99999999999997,168.94643228571428,0.09463368043968852,10809.639514748136,-648546.9894463732,648637.0678787892,461520131.56849384,293.18230694284074
260.0,168.94643228571428,0.09440199106973629,77150.93298353166,-688578.72088439,692887.3799651802,524057974.7255306,293.1820228886703
265.0,168.94643228571428,0.0937823228625664,139159.57216367032,-672389.0201872773,686638.4645453404,596794170.8635595,293.1816879509456
270.0,168.94643228571428,0.09262126058946973,184651.68096653238,-604504.6012976224,632077.5714054118,676451621.2942429,293.1812944101922
274.99999999999994,168.94643228571428,0.0906217483097127,204900.06351125805,-503714.0976491953,543794.0126531926,751490082.3327128,293.1808180403174
280.0,168.94643228571428,0.0873572919280348,198279.8540367127,-397008.08914645016,443768.3217226482,794293804.1385607,293.18018990061387
285.0,168.94643228571428,0.08253704730460867,174278.38779189435,-309941.50506790256,355579.37653229915,775240646.9945618,293.1793168876006
290.0,168.94643228571428,0.07655480541974263,146293.3077011281,-252895.16414291656,292160.394175887,693306765.8362845,293.17815952200544
294.99999999999994,168.94643228571428,0.07052480715633412,118751.96386510452,-218499.23179916266,248684.42496192502,574297015.6937871,293.1768075801047
300.0,168.94643228571428,0.06540680493286552,91870.57565711587,-195979.48522089171,216444.360746626,455871250.66201407,293.1754593964263
305.0,168.94643228571428,0.06148742008466214,67957.87364177297,-179316.5226718202,191762.06061946816,362437174.1050747,293.17428819725524
310.0,168.94643228571428,0.05863563156961822,48828.07681207088,-165805.2531552308,172845.48897508337,295312938.5047593,293.17334559668404
314.99999999999994,168.94643228571428,0.05660817327521485,34671.30413499108,-154348.46616957238,158194.653320903,247514659.3884664,293.1725904169877
320.0,168.94643228571428,0.05516902709775821,24925.636700081974,-144561.55055215667,146694.6804180309,212860828.97120416,293.17195524217215
325.0,168.94643228571428,0.05411570252204539,18898.53671555073,-136317.8585143108,137621.6307123145,187349272.77393645,293.17137960102997
330.0,168.94643228571428,0.05327919342498386,15970.466739628971,-129585.84623725126,130566.25656311864,168633380.91539818,293.17081561676684
335.0,168.94643228571428,0.05251866160854476,15628.946383263541,-124398.15572968732,125376.09466719908,155492775.56291267,293.17022738867126
339.99999999999994,168.94643228571428,0.05171630766901544,17442.475109584706,-120863.94947246712,122116.06863976407,147507907.1551356,293.16959590014346
345.0,168.94643228571428,0.05077446845965737,21000.077777544997,-119187.11690043374,121023.0230233099,144859885.38629654,293.1689290111325
350.0,168.94643228571428,0.04961664349355583,25817.564524614532,-119665.0270240994,122418.40274509824,148136307.66881263,293.1682596810019
355.0,168.94643228571428,0.048194584567608494,31216.590570789325,-122626.98959417778,126537.95519050748,157961376.1165648,293.16762329578444
359.99999999999994,168.94643228571428,0.04650341107378242,36223.97659476596,-128251.22645212703,133268.72688974303,174208861.6402866,293.16703898015504
365.0,168.94643228571428,0.0446026645187933,39606.09018441394,-136262.12836894192,141901.4094620978,194828672.39620918,293.16651393796724
370.0,168.94643228571428,0.04262942356040492,40141.813064685826,-145750.92150344411,151177.6976780084,215408650.7076414,293.1660553309628
375.0,168.94643228571428,0.04077792853211907,37045.83002347702,-155404.72610761062,159759.26395270426,231152688.1908886,293.1656729312897
379.99999999999994,168.94643228571428,0.039237680321411963,30314.68756721574,-163770.79437462855,166552.8545909519,239781586.11378783,293.16537397708294
385.0,168.94643228571428,0.03812893098673183,20918.81906703026,-169214.02991300632,170502.15514930873,241656584.55176973,293.16515851980694
390.0,168.94643228571428,0.037479785678124475,10829.972997081793,-170241.44523328159,170585.57380456864,237861161.73199362,293.1650188139448
395.0,168.94643228571428,0.03723401328250113,2787.998435316024,-166424.7442605298,166448.09532541392,229254709.98179513,293.1649411133292
399.99999999999994,168.94643228571428,0.0372465634583353,-289.34654276007467,-159162.66072687609,159162.923732509,217384479.3585097,293.1649090040154
0.0,173.915445,0.041442711823121425,-6303.974692694901,-186697.73725213518,186804.13590708704,340006466.7949656,293.20912446363747
5.0,173.915445,0.041753178833355525,-11662.012757458693,-189709.77509401794,190067.8860506898,350114951.07144,293.2093692443956
10.0,173.915445,0.04258528354672124,-24440.784956230058,-191585.3261871285,193138.00552844358,360488956.7236513,293.2098037134921
14.999999999999998,173.915445,0.044140926460114846,-40866.14362820524,-190193.05172671322,194533.90095343615,366061414.4411709,293.2103681678591
20.0,173.915445,0.046581452218822414,-59785.45024300315,-183869.29815274698,193344.81855985272,363118536.042165,293.21101641357313
24.999999999999996,173.915445,0.05001170420164544,-79750.38587171867,-171124.4078901006,188795.35752349833,347927063.06745994,293.2117252769403
29.999999999999996,173.915445,0.05445109780902661,-98674.6647742239,-151020.63785228628,180399.34181037598,317342741.35493904,293.21249299471896
35.0,173.915445,0.05973875363738658,-113220.03579822672,-125350.77392398533,168912.97472217408,269331822.97672194,293.2133286607941
40.0,173.915445,0.06525552456085633,-123052.01445209113,-103480.28544029896,160779.25157035465,208265533.60359985,293.21424050029304
44.99999999999999,173.915445,0.06976095023217131,-140879.4978313351,-104128.3407095037,175184.88590093507,153773417.70417902,293.2152218470221
49.99999999999999,173.915445,0.07239148747459241,-170685.53656612965,-151153.87287349254,227993.52113058724,113073108.14459813,293.2162260665012
54.99999999999999,173.915445,0.07351437600643833,-181962.664062208,-288615.0582447017,341187.72392659227,96212361.9411729,293.2171802721435
59.99999999999999,173.915445,0.07391183601440468,-150331.26019132562,-598524.2433932982,617114.8659044215,126194092.4578119,293.218018913748
65.0,173.915445,0.07401796136835988,-59298.8868566588,-1185099.994804451,1186582.6375216977,211872104.64905846,293.2186988851344
70.0,173.915445,0.07400204320031051,113013.61245481315,-2107635.1479453472,2110662.927483849,351790731.7145475,293.21919766314033
75.0,173.915445,0.07392774316416081,373742.10275769175,-3282910.7453238633,3304116.54170016,524788611.6641161,293.2194923982591
80.0,173.915445,0.07382042368850258,691105.0055275072,-4438411.397230997,4491895.130090994,683746347.6817207,293.2195484046316
84.99999999999999,173.915445,0.07369098954162356,990048.4950389632,-5201788.945077147,5295168.009766615,772184040.5862713,293.2193299978599
89.99999999999999,173.915445,0.07354478854303813,1178669.462321485,-5304995.77342372,5434357.538610498,756215763.3459195,293.2188227565994
94.99999999999999,173.915445,0.07338587835355703,1192075.3644473762,-4750107.172315998,4897403.579756342,645447335.5397699,293.21804502389506
99.99999999999999,173.915445,0.07322048661676264,1023737.8731643127,-3792530.592658536,3928272.843019168,484284164.0577281,293.2170369078272
104.99999999999999,173.915445,0.07306108843465231,723254.4943041073,-2764883.476893349,2857914.92251413,323575370.22986555,293.2158374866458
109.99999999999999,173.915445,0.07293082910387699,363993.84742300824,-1904011.6216370757,1938492.1398578975,197987075.98716387,293.21446884951035
114.99999999999999,173.915445,0.07286721442714897,6973.9992316593325,-1301281.509123747,1301300.1969771078,122235617.92059113,293.2129377293163
119.99999999999999,173.915445,0.07292573999821238,-308370.36556618207,-953574.690897501,1002196.0753663353,100247060.7058647,293.21125592523515
125.0,173.915445,0.07317835430703803,-550800.9565302647,-824683.4428402004,991707.8574910157,130057766.10580482,293.2094684690253
130.0,173.915445,0.07366208316213838,-735055.8568006598,-885196.4817028153,1150599.8104623496,194537509.36958662,293.2076627912825
135.0,173.915445,0.07427027699322628,-935035.314656143,-1148898.604336347,1481303.1569196489,267342251.26346573,293.205939007682
140.0,173.915445,0.07481374376300684,-1108207.362426224,-1592133.5216985329,1939848.6304482266,317264368.8801735,293.2043594405213
145.0,173.915445,0.07521482369990765,-1143371.1019219456,-2094086.4372697936,2385895.111581291,337240028.23372066,293.20292749069904
150.0,173.915445,0.07549850698303019,-1032320.7327812853,-2473310.05318358,2680102.3701547394,337054631.3826059,293.20160081401207
155.0,173.915445,0.07570452242664884,-824762.2891588266,-2555801.817695972,2685582.9469514703,313448051.73280597,293.20031894119444
160.0,173.915445,0.0758608617848204,-582860.7505498114,-2281820.063192484,2355085.8700521393,264030001.41504166,293.19903277718606
165.0,173.915445,0.07598501501326482,-364039.9470866663,-1752560.4933490288,1789970.2136970474,198211476.26446238,293.19771895402107
169.99999999999997,173.915445,0.07608853032470192,-203408.77709114042,-1160953.2101878177,1178637.9795522934,132526001.10396726,293.1963746257268
175.0,173.915445,0.0761811823569877,-106969.28358941768,-671045.8856318779,679518.2177507124,80414201.36732149,293.1949995793128
179.99999999999997,173.915445,0.0762768546511805,-60053.57942109202,-348184.3965805476,353325.35491165286,46615968.37783593,293.1935800443535
185.0,173.915445,0.07640787675732114,-41483.20713848426,-172518.48828423378,177435.86242462852,28864393.130219717,293.1920884967739
189.99999999999997,173.915445,0.07666133021660428,-33569.18682263358,-91830.64065966108,97774.0091634616,22728923.852604277,293.19050317837343
195.0,173.915445,0.07721472087924575,-29082.619074798316,-62031.23421842608,68510.38425604587,24991459.10540436,293.1888372269221
199.99999999999997,173.915445,0.07822674385324631,-29863.75301407409,-58463.072156883696,65648.87318230687,35647901.89902513,293.1871552332402
205.0,173.915445,0.07971184769629487,-35829.66016455501,-66987.04856293264,75967.29047873299,54946773.75100225,293.18555539805885
209.99999999999997,173.915445,0.08167538817028004,-45523.25486949616,-78758.60487029461,90968.59114567126,80721206.49952908,293.1841281642317
215.0,173.915445,0.08420090144005397,-58217.88962855379,-91275.48852270265,108261.4311648451,111544801.88112567,293.18292907179114
219.99999999999997,173.915445,0.08727651051084341,-72973.26134304544,-107267.18073845751,129735.67333088197,144069942.89964804,293.1819791866817
225.0,173.915445,0.0905153453779155,-90763.31947827175,-134997.3854038707,162672.29090596843,171384614.09851962,293.1812727930143
229.99999999999997,173.915445,0.09321904659982605,-112365.20512646105,-186316.4280756183,217576.99945988943,187109601.72397923,293.18077556142634
235.0,173.915445,0.09500506011965264,-128896.1616063388,-267295.03950941964,296750.4989434552,189380288.57792512,293.1804269703534
239.99999999999997,173.915445,0.09602130793642451,-127850.03542213033,-375308.2612731961,396486.9765040834,188519340.79907623,293.1801566340334
245.0,173.915445,0.09655500303694797,-103322.22367387137,-501252.6140400713,511790.64566179615,195249395.90882757,293.17989853733917
250.0,173.915445,0.096799909994798,-54630.31305479588,-626382.1981378987,628759.9933587782,211845329.04522184,293.1795973114076
254.99999999999997,173.915445,0.09685094024504483,13606.53316355533,-722913.511693355,723041.5500740947,236295364.8792632,293.1792133927094
260.0,173.915445,0.096737738262423,90470.57831048434,-764312.3743904912,769648.1866322195,266332868.37656778,293.1787357035517
265.0,173.915445,0.09643972952906962,161348.91141525304,-738860.0397950192,756272.1928120751,301716360.1066513,293.17819639805174
270.0,173.915445,0.09587728868283057,213064.80326025814,-655607.69034655,689360.6124735227,345303725.3358564,293.17765705661975
274.99999999999994,173.915445,0.0948746484635788,237501.94657872076,-538215.7049728455,588288.4664075088,401138824.8329067,293.1771541178595
280.0,173.915445,0.09309438615596781,231839.2864782412,-413398.8205060251,473970.5049372933,464594605.00665146,293.17665477088804
285.0,173.915445,0.0900276224264954,200851.3765919988,-304567.7188044462,364832.52434047754,507018868.97962767,293.17606987672184
290.0,173.915445,0.08535995051159542,162039.05534498504,-229058.37072376613,280578.6746274945,497083014.62622327,293.1753210582568
294.99999999999994,173.915445,0.07968439440303268,129942.51164634677,-188156.85320327932,228665.82110215197,442444786.1378952,293.1744228104875
300.0,173.915445,0.07424456268512529,102924.77470419159,-168054.6542942987,197068.20158991872,368536105.9593902,293.1734885595024
305.0,173.915445,0.06981060970931009,78559.59208408988,-156705.51327828123,175294.6873131875,301265637.6237638,293.1726396844232
310.0,173.915445,0.06645831701779119,58336.07519829777,-148680.2007614871,159715.05805032147,251931512.39082408,293.1719226354004
314.99999999999994,173.915445,0.06398629591777073,42975.68123690586,-142050.85111533027,148409.41169739157,217821564.4127964,293.1713145070379
320.0,173.915445,0.06216178999834078,32040.72294215475,-136305.96392773237,140021.15457645748,193935131.14617625,293.17076762018223
325.0,173.915445,0.06078232712194931,24809.727752798855,-131402.0183037223,133723.64415263207,176887778.17843947,293.1702354708376
330.0,173.915445,0.05968082743554998,20616.439072460875,-127426.46509525743,129083.46744142471,164825403.29858035,293.16967921062303
335.0,173.915445,0.05872068467215162,18898.582715368007,-124511.91354385273,125937.97299862128,156890316.10326084,293.169070487756
339.99999999999994,173.915445,0.05779097120110644,19169.54985048982,-122824.34611323358,124311.26915776305,152862700.8417556,293.1684002049689
345.0,173.915445,0.056803741518523534,20969.03561407987,-122563.1618299511,124343.99499911258,152939172.55763987,293.1676888564882
350.0,173.915445,0.055694135742279605,23803.213657986504,-123948.04550957291,126212.95878827544,157553676.1599769,293.1669791185395
355.0,173.915445,0.05442376303038525,27082.728333736217,-127172.15846947998,130023.96726675236,167146302.24000907,293.1663088443532
359.99999999999994,173.915445,0.052987317141262695,30081.137922335856,-132299.9327222755,135676.62678966194,181786853.40879905,293.165695793121
365.0,173.915445,0.05142070689841212,31958.164330227228,-139107.40612966768,142731.19738684362,200630907.78910184,293.1651473425696
370.0,173.915445,0.049805621469019415,31895.739800874413,-146934.91072704422,150356.92936412853,221452834.27167395,293.1646738886526
375.0,173.915445,0.04826218553391201,29344.248173740423,-154707.8609249738,157466.20949544414,240867929.00465828,293.16428936384546
379.99999999999994,173.915445,0.04692395302596834,24289.208945848022,-161204.84539768306,163024.43942828316,255574512.05002382,293.16400335269134
385.0,173.915445,0.045900933897729694,17410.80808451792,-165411.62234185863,166325.40709080372,263708387.4063554,293.1638156569626
390.0,173.915445,0.045246144206265874,10048.407078331174,-166790.25106336194,167092.66391613716,265124049.8231532,293.1637156348636
395.0,173.915445,0.04493633142313096,3937.91014184726,-165515.9981690219,165562.83636786646,261024571.13510516,293.16368241787734
399.99999999999994,173.915445,0.044867057750005296,1427.4819205018898,-162768.25793590955,162774.51734262382,254380394.18600088,293.1636850860451
0.0,178.88445771428573,0.050602742747628604,-7341.488873089972,-181810.71199138783,181958.87572110648,326741503.05582833,293.2021089849121
5.0,178.88445771428573,0.05096895152889801,-12026.755208009887,-182333.75593888666,182729.96852080635,329239469.73588747,293.20228686458205
10.0,178.88445771428573,0.05180157273541276,-22503.634201589728,-181454.21266267728,182844.31860276946,329503142.32692623,293.20261086813935
14.999999999999998,178.88445771428573,0.05321110879720941,-34914.40869417228,-177595.85571562132,180995.3145852883,322917770.05990046,293.2030438037481
20.0,178.88445771428573,0.05528076767407363,-48465.364345043934,-169455.93417082995,176250.4047280644,306385671.05722004,293.2035582802633
24.999999999999996,178.88445771428573,0.05804343761434341,-61945.96756329218,-156011.4531078149,167859.6925952278,277929248.01153547,293.2041469157548
29.999999999999996,178.88445771428573,0.06145767716854757,-73627.22712213597,-136903.25931399132,155446.0388189051,237164638.34648636,293.20482584364515
35.0,178.88445771428573,0.0653488687785654,-81129.63099375038,-114140.54781773746,140036.00137577235,186329102.81550357,293.2056314732997
40.0,178.88445771428573,0.06925054988094251,-84293.8108162497,-96048.01649720753,127791.50212347276,133988725.09422483,293.20661102480966
44.99999999999999,178.88445771428573,0.07234047217375443,-90994.37619469955,-100058.19614455958,135246.5123940934,96319315.94653659,293.2077997853577
49.99999999999999,178.88445771428573,0.07409442105069512,-102769.16247366874,-152888.25372505918,184218.12853961304,80411210.53054361,293.2091809061757
54.99999999999999,178.88445771428573,0.07480215149267465,-98228.26617015446,-306099.54478781694,321474.29694161157,95445711.71072878,293.21066895901623
59.99999999999999,178.88445771428573,0.07501152207905866,-57639.325235166565,-651903.8119329549,654446.9969571888,161794991.24321145,293.2121349328508
65.0,178.88445771428573,0.07502226758496174,35675.48082604416,-1301652.2743763675,1302141.0765816965,296797223.6562517,293.21345471783695
70.0,178.88445771428573,0.07494839286496671,201146.03905039912,-2307136.5471860715,2315888.334179205,504064287.51917475,293.21453910247794
75.0,178.88445771428573,0.07483115953735238,441502.73901602445,-3554170.345761053,3581487.332833371,753693409.2697452,293.2153215766336
80.0,178.88445771428573,0.07468614130959625,721534.0884171929,-4724843.351591545,4779618.827670974,976150124.7232968,293.2157406540691
84.99999999999999,178.88445771428573,0.0745194832705732,967898.1950798164,-5416371.661862645,5502173.106643181,1089955477.7661808,293.2157470547229
89.99999999999999,178.88445771428573,0.07433386232940706,1098967.3755752256,-5372196.601697784,5483450.156595929,1049981841.6702478,293.2153284218956
94.99999999999999,178.88445771428573,0.07413153342813734,1067302.8127460992,-4644876.627450708,4765922.1750185555,876519198.3811771,293.2145217480578
99.99999999999999,178.88445771428573,0.07391749946653672,883395.1634953043,-3547577.000202046,3655911.5945615317,639035593.3198202,293.2133963994813
104.99999999999999,178.88445771428573,0.07370455543981418,604902.9445932632,-2445850.999830997,2519542.554860284,411780070.4874987,293.21202275754297
109.99999999999999,178.88445771428573,0.07352083397682967,302223.22764724714,-1574842.737974206,1603579.9102881069,240466145.5521951,293.21045301203117
114.99999999999999,178.88445771428573,0.07341885075632149,26612.164418614666,-1001223.1752603158,1001576.7838630208,139077328.50359055,293.20872780656566
119.99999999999999,178.88445771428573,0.07348353603810238,-193558.9174047306,-693658.1216617761,720157.3746440667,105007288.81242912,293.20690414778255
125.0,178.88445771428573,0.07381503262578337,-347373.06565975404,-600140.0468935877,693423.4800115247,126275515.64580092,293.20507779189126
130.0,178.88445771428573,0.07440575701689371,-485036.9570424501,-703227.2575734546,854277.1362334833,183124513.52825955,293.2033658588674
135.0,178.88445771428573,0.07504541624396915,-652428.4919648946,-1027196.0389977777,1216879.0571212533,256015808.38281828,293.2018525047192
140.0,178.88445771428573,0.07554606367368194,-777839.4603318237,-1544937.7535120691,1729701.3870250038,323188303.20609784,293.20054761239174
145.0,178.88445771428573,0.0758948316434742,-805802.086137018,-2141007.6780910995,2287625.59866509,382135484.59669524,293.1993939621648
150.0,178.88445771428573,0.0761408933826175,-744530.3368538365,-2614112.910487865,2718071.325641589,421480354.23425204,293.19829488821347
155.0,178.88445771428573,0.07632422451320811,-619266.4059749469,-2757895.2858080957,2826566.3425880605,419817987.4123913,293.1971504978688
160.0,178.88445771428573,0.0764698487587598,-465109.73468498787,-2493346.7188181183,2536356.6242821254,369144361.5300467,293.19589155381516
165.0,178.88445771428573,0.07659402816613496,-319285.4397738527,-1927882.5620993827,1954142.872284026,284080688.85576886,293.19449537010905
169.99999999999997,178.88445771428573,0.07670996691082962,-207324.74182557222,-1279361.0546233805,1296051.0239416074,192210311.0684743,293.19297840722766
175.0,178.88445771428573,0.07683385645427242,-135931.77684664444,-737157.3119110601,749585.4524072795,116978905.18976536,293.19137258814374
179.99999999999997,178.88445771428573,0.07699605714902048,-96856.29110049657,-379164.0307160161,391339.37102540565,67975286.8294366,293.1897030589529
185.0,178.88445771428573,0.07726845532141216,-75609.91922105999,-185064.7724836289,199914.55649610047,43021125.309208535,293.1879846207927
189.99999999999997,178.88445771428573,0.07781884618576654,-59638.8485344917,-96358.79744744122,113321.71062968051,34814909.36543462,293.1862370162541
195.0,178.88445771428573,0.07890295585620427,-47894.4503868482,-63084.732806410466,79205.81980583537,36074769.230487,293.1845021809889
199.99999999999997,178.88445771428573,0.0806029880479403,-44781.98982908298,-56691.14213905162,72244.80749564114,44313908.55381387,293.1828449992704
205.0,178.88445771428573,0.08274663351586078,-47991.11038502627,-61177.90844560244,77755.27736280214,57798538.38916418,293.18133352387053
209.99999999999997,178.88445771428573,0.08524103025546365,-55026.60661127064,-68321.03435673402,87725.08860483165,74431743.35585645,293.1800202644511
215.0,178.88445771428573,0.08812685412119654,-65161.50163582992,-76764.65734639326,100691.77678909751,92406422.24845393,293.17893934430424
219.99999999999997,178.88445771428573,0.09124477227928088,-78963.77812507175,-91146.44663839666,120594.16648657451,107240748.71995828,293.178109879364
225.0,178.88445771428573,0.0940132836409675,-100398.10608119144,-122019.2879766316,158014.19665021976,114492811.39184357,293.1775285803338
229.99999999999997,178.88445771428573,0.09589879304466818,-126283.43270946588,-178883.6103102664,218967.69491073667,110359850.16124888,293.1771541503409
235.0,178.88445771428573,0.09695170572567334,-142244.13539544577,-265588.4713307447,301281.6459032971,100894313.47397639,293.1769112718347
239.99999999999997,178.88445771428573,0.09749714530920606,-138613.58382552222,-383667.6446964612,407939.44061329134,97366547.96917918,293.17671211830236
245.0,178.88445771428573,0.09777156811665633,-110827.65460558726,-526268.2465508737,537811.3389964055,102453625.03967114,293.17647574772417
250.0,178.88445771428573,0.09789400076455398,-56935.74796422497,-670199.0435635828,672613.1409582978,113828510.4994908,293.1761406425884
254.99999999999997,178.88445771428573,0.09791638599452598,18524.191085351795,-779040.8321989144,779261.0370655931,128264276.65187836,293.17567793023954
260.0,178.88445771428573,0.0978544462702906,102766.00160247918,-819190.157687111,825610.9044439726,143200331.48375624,293.17510904890804
265.0,178.88445771428573,0.09769813339067966,178689.4613125156,-778698.9524955367,798938.034018786,158028359.18032146,293.1745068483742
270.0,178.88445771428573,0.09740722281874946,232018.1586208772,-673787.3566739458,712616.185575016,175151577.39984822,293.17395492555335
274.99999999999994,178.88445771428573,0.09688914655239461,256103.09183809368,-537821.1492781364,595684.8010986067,200190090.13016477,293.1734924114967
280.0,178.88445771428573,0.09594658967887998,250816.24779559564,-402873.05690211355,474568.74121239304,239503826.7642244,293.1730965013011
285.0,178.88445771428573,0.09419273202964018,218955.58602869892,-288731.590975254,362363.7402945725,288377491.99345505,293.172702833498
290.0,178.88445771428573,0.09108537596808555,172121.9827404935,-205691.94228280694,268207.29308240727,317197436.0568291,293.17224294484674
294.99999999999994,178.88445771428573,0.08652014834067995,132378.54700288535,-158783.67485395295,206727.68345512165,308382492.9662337,293.17169803156924
300.0,178.88445771428573,0.08142871819464365,104899.34128970934,-139740.0623031678,174731.67090000637,276319475.7530999,293.1711188113088
305.0,178.88445771428573,0.07692265566870021,81983.52988165732,-133347.5390988032,156533.9111999807,237722370.1959796,293.17057100014625
310.0,178.88445771428573,0.07338796775301491,62223.922829859075,-130805.4256074368,144851.22001791678,206833815.75291696,293.1700796914843
314.99999999999994,178.88445771428573,0.07072180306494949,46756.76673501859,-129000.76859071906,137212.94958023893,186143806.13416603,293.16962573489377
320.0,178.88445771428573,0.06871471088483772,35476.18917706841,-127237.23765551815,132090.40330294232,172582799.04518768,293.1691727400969
325.0,178.88445771428573,0.06717441476060666,27718.710566574584,-125570.83822733219,128593.78806376444,163576227.37578058,293.16868556685944
330.0,178.88445771428573,0.0659428589764845,22817.423482808485,-124219.20569789757,126297.45000834501,157787316.1680915,293.16813655771244
335.0,178.88445771428573,0.06489267390007306,20203.1233114261,-123414.00543422515,125056.71884731202,154702443.7782942,293.1675110441377
339.99999999999994,178.88445771428573,0.06392254708101147,19382.44844342331,-123376.61562394141,124889.82580850911,154289680.33247626,293.1668171991409
345.0,178.88445771428573,0.06295443105849727,19897.00478605476,-124313.95458502535,125896.18780576333,156785541.06585103,293.16609040705356
350.0,178.88445771428573,0.061932857407799594,21282.826200426163,-126406.03245282332,128185.19310568506,162535589.34031153,293.1653769698224
355.0,178.88445771428573,0.06082619970683909,23037.585670805653,-129774.1165364415,131803.07916112433,171828543.27364653,293.16470864241484
359.99999999999994,178.88445771428573,0.059629305777570946,24607.824666715034,-134423.95266032955,136657.76261762195,184684111.78290808,293.1640974599575
365.0,178.88445771428573,0.05836611003143159,25415.02403396059,-140169.47668659777,142454.92494554716,200593091.94277698,293.16355111859764
370.0,178.88445771428573,0.057089688034435815,24937.84587392843,-146566.854886085,148673.26292252587,218290882.54576018,293.16308452757306
375.0,178.88445771428573,0.05587641828820643,22847.32101150143,-152917.5076745118,154614.8900681528,235753633.54280815,293.16271518161784
379.99999999999994,178.88445771428573,0.05481192868227153,19153.638198698234,-158392.6719488937,159546.54613421278,250600460.7383593,293.16245250779184
385.0,178.88445771428573,0.05397018906823767,14292.032126412185,-162264.0987850829,162892.2955109834,260828087.24472973,293.1622940207773
390.0,178.88445771428573,0.05339168114452469,9076.64322043048,-164156.10143554557,164406.84624025883,265524277.93374297,293.16222681820244
395.0,178.88445771428573,0.053068812018787916,4480.861693342742,-164246.05297357484,164307.16368714185,265331281.4568003,293.16222696608145
399.99999999999994,178.88445771428573,0.05294648254673884,2458.993530384643,-163388.85361439732,163407.35642745532,262802884.35352504,293.1622554130945
0.0,183.8534704285714,0.059468496373819055,-6944.502927589767,-175128.3902771051,175266.02409469252,303769764.5948347,293.1944954797019
5.0,183.8534704285714,0.059815614295151975,-10844.485815187878,-174375.65783357737,174712.54367528585,301820929.5738054,293.19462060268523
10.0,183.8534704285714,0.06055249051679745,-19138.455320308225,-171985.01866204024,173046.6038852822,296074770.040626,293.19485501946224
14.999999999999998,183.8534704285714,0.06172854357214398,-28214.885091927194,-166984.7642394184,169351.6791438597,283569047.83562416,293.19518004307696
20.0,183.8534704285714,0.0633726579193157,-37451.073491767645,-158505.57784002047,162869.89013345767,262277400.2837491,293.195585514968
24.999999999999996,183.8534704285714,0.06547189263054676,-45830.79545024536,-145892.89728694936,152922.20012275063,231072167.48281473,293.1960788026743
29.999999999999996,183.8534704285714,0.0679507102165903,-51945.53967530731,-129058.41207410156,139120.13807945824,190277079.38953578,293.19669031927054
35.0,183.8534704285714,0.07063452893368305,-54115.161092646966,-109879.37657713228,122482.35814623418,143201094.07139128,293.19747477473743
40.0,183.8534704285714,0.0731726878214504,-52288.004653920914,-95736.28422324751,109084.69896169163,99496738.18131581,293.19850542643303
44.99999999999999,183.8534704285714,0.07505430259433923,-50854.65511134961,-103592.09663275366,115401.5529846288,74043175.31961289,293.19985130704947
49.99999999999999,183.8534704285714,0.07603099719568017,-49378.35450067242,-163473.59524908406,170768.37598588163,75959886.11106105,293.20153158951814
54.99999999999999,183.8534704285714,0.07635454047172072,-33647.40461946176,-334019.27155920817,335709.7282036519,117600177.87576447,293.2034763674439
59.99999999999999,183.8534704285714,0.07638593191875945,10800.965254033455,-717074.037947629,717155.3783866761,223866828.61421672,293.20552869396107
65.0,183.8534704285714,0.07630701323244876,98881.09405403555,-1430603.130279087,1434016.3134098738,422699271.179771,293.20749768436644
70.0,183.8534704285714,0.07618045957732628,246614.0520458668,-2517728.163628144,2529777.3808366675,721809751.8896128,293.2092141322892
75.0,183.8534704285714,0.07602582784627987,453356.2029507051,-3831222.627215195,3857952.6521251635,1077299349.770465,293.21054056297106
80.0,183.8534704285714,0.07584873399507183,684093.2829383935,-5006593.561977556,5053114.160059769,1387153779.7002456,293.21136120879896
84.99999999999999,183.8534704285714,0.07565013017116082,872224.7095053778,-5613737.83503313,5681093.94609473,1534562739.4408975,293.2115935466147
89.99999999999999,183.8534704285714,0.07542949093307989,949834.3412884991,-5415905.846445749,5498565.395942491,1459369905.1003935,293.2112195259601
94.99999999999999,183.8534704285714,0.0751866498960784,886235.4729289218,-4524402.46492857,4610382.953522329,1198008591.658166,293.2102994398835
99.99999999999999,183.8534704285714,0.07492453689203037,704170.4007455347,-3310693.221010094,3384751.919554566,855600594.4235204,293.2089466320998
104.99999999999999,183.8534704285714,0.07465501687426887,462700.4100851985,-2164620.276041331,2213520.410780587,538585861.4894016,293.20728478707133
109.99999999999999,183.8534704285714,0.0744103694620171,223415.21223956207,-1308438.8267177623,1327375.802221286,306778013.6955322,293.2054238736769
114.99999999999999,183.8534704285714,0.07426176937363002,25665.07825565293,-777514.1529786189,777937.6288134723,171744260.34917015,293.2034683864938
119.99999999999999,183.8534704285714,0.07433673992681958,-112483.8733735242,-512029.81869369367,524239.5988482822,120840480.47686595,293.2015398960117
125.0,183.8534704285714,0.07476175768631421,-201355.0619790754,-450543.6996814711,493491.1207988092,131383607.91210337,293.199774096391
130.0,183.8534704285714,0.07543489037121826,-298383.3270403591,-587815.1411152307,659211.081505759,186234449.9400156,293.1982769518871
135.0,183.8534704285714,0.07605447142885352,-410103.6964550575,-946906.7361692875,1031899.9025336104,271095588.55349934,293.1970757244381
140.0,183.8534704285714,0.07649038926673458,-483269.6104685328,-1508792.3959065233,1584299.217429509,375572411.5525192,293.19611377078144
145.0,183.8534704285714,0.07678548517788164,-505655.636900169,-2164471.937225152,2222751.985751923,489455966.6370211,293.1952764309191
150.0,183.8534704285714,0.07699680041525102,-482958.46867204184,-2700141.808277071,2742993.74174784,577835415.3508152,293.1944186025365
155.0,183.8534704285714,0.07716044186223335,-423259.20452584035,-2888555.826628663,2919401.1573893446,600460242.5253195,293.19340244640057
160.0,183.8534704285714,0.07729825362245155,-342344.8558640514,-2635933.796238297,2658072.0416286346,541918482.7369161,293.19213942507815
165.0,183.8534704285714,0.07742589084579338,-260478.51712617886,-2051146.951488599,2067620.0991684196,423797385.38153344,293.1906153881755
169.99999999999997,183.8534704285714,0.07755929267534112,-193484.2091675882,-1367245.1750754048,1380867.6648992044,289671771.8829943,293.18888307078987
175.0,183.8534704285714,0.07772303307294949,-146941.31878153162,-790618.0528989431,804157.1094848143,177766037.02799368,293.18702724744287
179.99999999999997,183.8534704285714,0.07796763810954493,-116993.74135172526,-408330.13909678446,424759.9769402406,104685180.61085181,293.18512755953674
185.0,183.8534704285714,0.07840927531979668,-94766.53311786587,-200467.57988689048,221738.46392740792,67653522.73828189,293.1832436449432
189.99999999999997,183.8534704285714,0.07928583453828805,-73658.25007144701,-104866.36718157561,128150.27416844983,54031408.876334876,293.18142248599554
195.0,183.8534704285714,0.08085915864266136,-58425.118382389555,-68038.38873540853,89681.1953516834,51426603.924851,293.1797093980667
199.99999999999997,183.8534704285714,0.08306243865169333,-53250.8427707843,-58264.847000264715,78933.16572748775,54726814.36136246,293.1781481706912
205.0,183.8534704285714,0.08558766964181044,-54084.382539286446,-58012.84725011439,79313.37138667716,60422463.580878876,293.176772347633
209.99999999999997,183.8534704285714,0.0883140705125406,-58483.38631780818,-59969.81129532367,83765.65371317008,66962569.28719901,293.1756043464246
215.0,183.8534704285714,0.09122988225634379,-66123.43697120663,-64111.03012451601,92100.66829568466,72521065.89531392,293.17466109113354
219.99999999999997,183.8534704285714,0.09402899934629765,-80035.63983154652,-76625.94589400089,110802.70406174837,74454240.50372687,293.173954538069
225.0,183.8534704285714,0.09613657577984129,-104433.19560409721,-107489.64475459489,149867.66186723753,70771915.4586178,293.173477109422
229.99999999999997,183.8534704285714,0.097355598292466,-130168.96225347879,-163992.50723334035,209374.0699390084,61107885.6626963,293.1731848558059
235.0,183.8534704285714,0.09797089831377041,-143698.0338518371,-253859.57967107464,291708.4351259977,53946164.939273715,293.17300200183763
239.99999999999997,183.8534704285714,0.09827653592198102,-138929.81943281583,-383550.5293463923,407936.88640466507,54137684.108585015,293.1728398487903
245.0,183.8534704285714,0.0984278033899645,-110433.4129133292,-546056.0961277345,557111.1189035339,60462978.980683915,293.1726179362203
250.0,183.8534704285714,0.09849401784987108,-54811.58627019164,-711861.0099354245,713968.0717341198,70197043.8100792,293.1722827098732
254.99999999999997,183.8534704285714,0.09850410793447881,23387.03166413584,-834292.9297546004,834620.6598740376,80377811.90874031,293.17182643279534
260.0,183.8534704285714,0.09846673750771287,109928.95137526022,-871660.3339421438,878564.8024583013,88580013.64057736,293.1712962336211
265.0,183.8534704285714,0.09837657656623923,185961.79534924097,-812091.7001144813,833111.4683668336,94031591.57568695,293.1707707460265
270.0,183.8534704285714,0.09821204974207173,236640.0857097174,-680381.8627379842,720359.6388662482,98389605.61727276,293.17031188719983
274.99999999999994,183.8534704285714,0.0979229948059754,256751.57547753715,-521181.1551910267,580991.5386960902,105781919.2081241,293.16993600763965
280.0,183.8534704285714,0.09739865429713812,249253.83901562737,-373878.71820437384,449347.05094189045,122179586.04949975,293.1696216465575
285.0,183.8534704285714,0.0963982628390112,218844.60146316898,-258362.14471406167,338591.13604880887,151652437.16059008,293.16933060950566
290.0,183.8534704285714,0.0944721386230142,171615.71867749392,-177806.00689284562,247117.241374153,183134586.62471333,293.1690259881464
294.99999999999994,183.8534704285714,0.09119545083941691,126783.46259718563,-130854.21809853545,182200.08996241208,194819007.1226439,293.16869344046046
300.0,183.8534704285714,0.08695048115634631,98292.67631224816,-113030.56854183551,149791.05327593823,189393670.4630398,293.1683541180396
305.0,183.8534704285714,0.08280796763430462,78107.86533788357,-110929.33142240014,135669.28612424273,175707228.7118311,293.1680336592208
310.0,183.8534704285714,0.07941279397474349,60467.46837158408,-113453.97141974042,128561.7297728208,162452941.47308272,293.16773062881884
314.99999999999994,183.8534704285714,0.07679979029539734,46113.6192768225,-116169.6730576069,124987.43465292426,154383491.59691754,293.1674171639278
320.0,183.8534704285714,0.07480583705003413,35387.111832010785,-118115.36090318357,123302.4175152318,150374569.46837914,293.167057725478
325.0,183.8534704285714,0.07326150274812525,27801.164616472775,-119434.44134510588,122627.44608548998,148748673.07317108,293.166623832779
330.0,183.8534704285714,0.07202575563580088,22759.08027121306,-120472.86546779747,122603.78072805727,148692973.81992805,293.1661001857844
335.0,183.8534704285714,0.07098559726975985,19735.978806591436,-121557.82335405822,123149.5565482501,150019898.2709955,293.1654897961781
339.99999999999994,183.8534704285714,0.07005215796536544,18275.7070022401,-122966.12239366396,124316.80788600259,152877243.42564458,293.164818884827
345.0,183.8534704285714,0.06915802684411639,17960.625625155153,-124923.42412695305,126207.9473268208,157563740.6297827,293.1641313132906
350.0,183.8534704285714,0.06825609677723195,18384.438325072762,-127598.3087061852,128915.92592541598,164397375.11585012,293.1634683132687
355.0,183.8534704285714,0.06731958925009669,19134.782745430803,-131084.26482098538,132473.48562777785,173594371.4688058,293.16285182290216
359.99999999999994,183.8534704285714,0.06634264271612936,19792.125252106067,-135370.0653116266,136809.2935603028,185138687.81308895,293.16228901427115
365.0,183.8534704285714,0.0653404552349339,19952.842321028547,-140305.54937715695,141717.19409695372,198647407.482766,293.16178859773896
370.0,183.8534704285714,0.06434756704001718,19281.14789540847,-145579.50007234106,146850.78653339713,213272669.59325284,293.16136749800467
375.0,183.8534704285714,0.06341278683136102,17583.391097262673,-150735.1302484121,151757.22432057414,227716616.94327545,293.1610419352207
379.99999999999994,183.8534704285714,0.06258998582725814,14880.571216312897,-155245.52692914294,155957.061498449,240436412.66211864,293.16081739393996
385.0,183.8534704285714,0.06192573349201927,11439.858448813,-158647.75386448271,159059.67486316062,250044784.43848264,293.16068830000665
390.0,183.8534704285714,0.06144701522048561,7725.338816833269,-160700.4244683811,160886.0071110994,255795705.47220138,293.1606415194471
395.0,183.8534704285714,0.061153957917918216,4246.279555425831,-161507.83133158946,161563.6421708052,257972770.86267504,293.1606552028568
399.99999999999994,183.8534704285714,0.06102277487007082,2625.5347001838186,-161546.29545708722,161567.62982841083,258036930.04946756,293.16069187684786
0.0,188.8224831428571,0.06800167216064629,-5790.48999489508,-168869.39285854943,168968.64093315092,282410383.1768854,293.18637710541475
5.0,188.8224831428571,0.06829118681403933,-8836.73515395483,-167566.71315395128,167799.55674971174,278512546.82241017,293.1864628522793
10.0,188.8224831428571,0.06888530485581715,-15072.204260448709,-164554.80158223043,165243.62034594835,270090585.9453853,293.18662810717666
14.999999999999998,188.8224831428571,0.0697983268512487,-21405.178286470677,-159305.5878161216,160737.21400757084,255558616.66144934,293.18686686413184
20.0,188.8224831428571,0.07102569674526232,-27284.206703853044,-151328.1323636619,153768.10976315133,233863004.46666282,293.18718134301264
24.999999999999996,188.8224831428571,0.07252640681667283,-31813.84825186859,-140287.6429066713,143849.72607865,204540713.00359264,293.1875893699911
29.999999999999996,188.8224831428571,0.07420472716759882,-33769.51826811996,-126297.79344360542,130734.51339560073,168211914.7454354,293.1881304630771
35.0,188.8224831428571,0.07588624144598574,-31820.276161732734,-111057.31384156116,115526.00111105702,128120495.98534217,293.18886976067756
40.0,188.8224831428571,0.07729274547326845,-25844.771193575107,-101088.5577147961,104340.06277027972,93362981.90198113,293.1898962666266
44.99999999999999,188.8224831428571,0.07812682946936869,-17829.673383833815,-113071.57911974026,114468.68243150994,78483664.89763245,293.19130505587225
49.99999999999999,188.8224831428571,0.07837235345349579,-5890.203980621709,-180346.3766773259,180442.5395619704,96750329.83823025,293.19315485349597
54.99999999999999,188.8224831428571,0.07830376771602317,18039.620211694302,-367998.52030163014,368440.41423488205,167529932.34352112,293.19541698410296
59.99999999999999,188.8224831428571,0.07814729150674249,61573.17805734387,-786590.053324844,788996.3043295338,327198888.618407,293.19794985376825
65.0,188.8224831428571,0.07797660014956391,135667.61293754945,-1560698.7858521978,1566584.3103263536,619171655.2403188,293.2005277964158
70.0,188.8224831428571,0.07780127525534178,252489.7989345922,-2726105.8076835084,2737773.5430915,1055587510.9637766,293.2028993437862
75.0,188.8224831428571,0.07761713248763083,410237.4347948141,-4104864.7032734607,4125313.1984235262,1570024175.3696392,293.2048237081217
80.0,188.8224831428571,0.07741867560669843,579429.8934698931,-5288084.493182981,5319734.63703678,2010177766.8521304,293.2060883181868
84.99999999999999,188.8224831428571,0.07720105691827404,706607.0035216414,-5819258.421962298,5862001.538638912,2205414603.9472218,293.2065434706619
89.99999999999999,188.8224831428571,0.07696022440096992,740621.8499169531,-5480937.629245608,5530750.222190013,2073896056.390869,293.20615137078823
94.99999999999999,188.8224831428571,0.07669344453629603,664155.5929463281,-4441580.698825297,4490962.230504651,1678351669.7675672,293.205003698882
99.99999999999999,188.8224831428571,0.07640150881614564,504025.91928390425,-3128018.3189479685,3168365.6245742943,1178945037.3405178,293.20328321017337
104.99999999999999,188.8224831428571,0.07609504308885404,312751.381290432,-1950200.4218602537,1975119.0120909133,730305541.2229823,293.201202584896
109.99999999999999,188.8224831428571,0.07580962824366773,139083.4148042697,-1114222.7892815976,1122869.8145502354,411995155.2222164,293.1989681099666
114.99999999999999,188.8224831428571,0.07563560665571085,10772.752273216573,-624345.3408211665,624438.2730075397,229993536.4636782,293.1967774083236
119.99999999999999,188.8224831428571,0.07574539201016998,-63646.375170480016,-396078.6594636115,401159.77559425496,155416443.56851637,293.19481799078693
125.0,188.8224831428571,0.0762569800780728,-108923.7765043159,-364247.99118384393,380185.4654894474,156367516.01251292,293.1932329934323
130.0,188.8224831428571,0.07693662030316563,-165913.850181934,-527109.7025504826,552604.7811999562,220377002.80338135,293.19207439523115
135.0,188.8224831428571,0.07746740102089998,-222439.85978276713,-905309.113594655,932236.0657997077,339156313.10636973,293.19129040534096
140.0,188.8224831428571,0.07781418169563047,-258731.44740684584,-1491038.7930838051,1513320.4037341368,509326805.0484931,293.19075731553266
145.0,188.8224831428571,0.07804910330300877,-278226.7908849245,-2180401.6476084976,2198081.320620321,704367641.8890394,293.1903056814798
150.0,188.8224831428571,0.07822422301631465,-281045.27758617216,-2753886.2624148433,2768190.0213624574,862145744.5746965,293.1897393664885
155.0,188.8224831428571,0.07836875865138858,-266173.44230730616,-2971690.718034922,2983587.442164991,915791152.972161,293.1888761776737
160.0,188.8224831428571,0.07850104489742862,-237549.71960897496,-2729360.339071697,2739678.3989701914,837935081.0314463,293.187607754487
165.0,188.8224831428571,0.07863684982493588,-203462.82369419225,-2134946.372152504,2144619.577592435,661109041.9409168,293.1859413643125
169.99999999999997,188.8224831428571,0.07879669254229513,-171749.70293626402,-1430212.6547268834,1440488.1805136807,454730356.73845214,293.18398956294624
175.0,188.8224831428571,0.07901734340690962,-145781.7373765392,-832300.1738134666,844970.9428627997,280813842.2457842,293.1819122685127
179.99999999999997,188.8224831428571,0.07937632790883445,-123793.24071111644,-434335.1282972209,451632.3395403874,166626426.11506465,293.17985202349314
185.0,188.8224831428571,0.08003966501108725,-101088.35886085233,-216896.56280639878,239296.83502798475,106957192.568888,293.177902611255
189.99999999999997,188.8224831428571,0.08128509976725815,-77509.2436917857,-115966.4383523939,139484.39942091084,80302027.046956,293.17611447404863
195.0,188.8224831428571,0.08327370604158492,-61626.163076143515,-75968.91230317872,97821.57027984929,68498282.48799555,293.17451396085386
199.99999999999997,188.8224831428571,0.0857446631692517,-55225.45326279252,-62360.82890930807,83299.00161668731,63026927.04743249,293.1731147945477
205.0,188.8224831428571,0.08834481125828653,-53817.186896902305,-56986.139947279196,78381.82028753226,59242273.66337413,293.17192203045636
209.99999999999997,188.8224831428571,0.09099079032102832,-55719.545665467704,-53714.662760217485,77394.65591764095,56240187.59105703,293.1709383713589
215.0,188.8224831428571,0.09363351416691884,-61241.20636016207,-53713.9688508964,81459.65753772247,52760955.61045795,293.17016773204926
219.99999999999997,188.8224831428571,0.09591331635662839,-75002.95010588696,-63676.33615394833,98387.59225927219,48290912.39688543,293.1696100500651
225.0,188.8224831428571,0.0974160224114271,-98855.42345007008,-91893.509157812,134969.66981818376,41599907.519324355,293.1692454104476
229.99999999999997,188.8224831428571,0.09819543010183926,-120950.70973930396,-146598.3653538796,190053.03183814493,34047289.16502617,293.1690249462754
235.0,188.8224831428571,0.09856856809317129,-131844.83271042016,-240308.33507584073,274100.63082627376,31301610.281658385,293.1688788824077
239.99999999999997,188.8224831428571,0.09875072862078409,-127153.14653793376,-382884.30946608575,403445.55656224367,34405850.692185454,293.16873251037987
245.0,188.8224831428571,0.09884027853617312,-100611.60248581877,-566643.614654948,575506.4557274659,41723886.12653855,293.1685241518083
250.0,188.8224831428571,0.09887885814400053,-48150.06040728516,-755421.4940494631,756954.4649377188,50918616.74093797,293.16822299329215
254.99999999999997,188.8224831428571,0.09888353497028324,25851.161231315426,-891697.2352970316,892071.8816179429,59208099.04798455,293.1678426883986
260.0,188.8224831428571,0.09885941447295972,107051.6582669501,-925330.0696573209,931501.903030652,64205055.65055958,293.16743407253836
265.0,188.8224831428571,0.09880345720874038,176688.2050586673,-844893.3921825512,863170.6470684647,65133063.19117164,293.1670515198515
270.0,188.8224831428571,0.09870326787469275,220637.9213551525,-684583.649345482,719260.6379408651,63418974.18872868,293.16672125459263
274.99999999999994,188.8224831428571,0.09853002883822684,235119.47480573144,-500804.64881667244,553250.8144678267,62298103.48660761,293.16643800773716
280.0,188.8224831428571,0.0982195010341372,225046.59898131454,-340042.2360107822,407767.94133951864,66051291.24484966,293.1661815995431
285.0,188.8224831428571,0.09762628697396475,197051.31405152095,-222564.41757973135,297261.06428867567,78827901.99795866,293.16593401437285
290.0,188.8224831428571,0.09644244943500813,155300.17875579692,-146957.31703162435,213809.72510790013,98742754.70256713,293.16568851290856
294.99999999999994,188.8224831428571,0.09423519884956116,112243.47954909182,-104774.25884975151,153545.5763569961,112789745.61923511,293.1654511892751
300.0,188.8224831428571,0.091014036053732,84604.45187737196,-89657.14428605424,123273.34180187092,118577500.43466845,293.16523745247616
305.0,188.8224831428571,0.08756138697221497,67853.1685707298,-91175.00778937772,113652.69257910682,120949440.36992574,293.1650519689953
310.0,188.8224831428571,0.08459113355245293,53586.83370626947,-97949.85761732001,111650.00382407804,122090092.6792411,293.164874193336
314.99999999999994,188.8224831428571,0.08225574638080843,41456.57168402388,-104539.22342017852,112459.31072653171,124918811.67837133,293.1646667799729
320.0,188.8224831428571,0.08045164023463827,32126.549358685294,-109687.38972361528,114295.40077394326,129199180.29621637,293.16439196513187
325.0,188.8224831428571,0.07904369028057737,25362.204270922335,-113585.54881409508,116382.63747174304,133983425.30998369,293.1640252243027
330.0,188.8224831428571,0.07791546957323742,20705.73867589303,-116681.72514367844,118504.6522150894,138916314.9508525,293.16356166700535
335.0,188.8224831428571,0.07697312000863216,17725.200500299987,-119382.39624919133,120691.09025514172,144089910.61050534,293.16301804266345
339.99999999999994,188.8224831428571,0.07614294975698621,16037.76834839722,-122013.36773498966,123062.87791056516,149808802.18352494,293.1624298982679
345.0,188.8224831428571,0.07536934321433639,15293.831532749287,-124823.85655089938,125757.29182513284,156440617.39566588,293.16183955752217
350.0,188.8224831428571,0.07461356674318731,15161.21395253915,-127987.87579631407,128882.73258806777,164313219.18142056,293.16127919921354
355.0,188.8224831428571,0.07385322242962314,15316.854011544268,-131597.4405816962,132485.81955992128,173628634.34626815,293.16076345655404
359.99999999999994,188.8224831428571,0.07308188364209439,15449.75943462005,-135650.12931497965,136527.11324040487,184382194.18651244,293.16029743417937
365.0,188.8224831428571,0.07230825375896047,15278.363087121423,-140037.23291039176,140868.21848742611,196292571.92744702,293.15988920863344
370.0,188.8224831428571,0.07155406628588735,14582.368386243776,-144542.52323681806,145276.24200611128,208766335.58902755,293.15955217880537
375.0,188.8224831428571,0.07085005699097102,13242.727472076187,-148863.76427421745,149451.63145576383,220933873.0497525,293.1592964300419
379.99999999999994,188.8224831428571,0.07022986130000226,11274.961577853359,-152665.4883215147,153081.27280313754,231788855.31818795,293.15912238469684
385.0,188.8224831428571,0.06972265114096306,8835.00575716027,-155659.63708678028,155910.16626479875,240428697.0336023,293.15902284410345
390.0,188.8224831428571,0.06934645384060512,6178.7305689389195,-157693.30744946015,157814.3083683907,246334548.79736462,293.1589865341266
395.0,188.8224831428571,0.06910485011762933,3569.5555765828663,-158807.64786526051,158847.75965530926,249573409.83410278,293.1589968481264
399.99999999999994,188.8224831428571,0.06898953697987514,2306.458208397731,-159224.60117018793,159241.30546837556,250817515.97737086,293.1590254003955
0.0,193.79149585714285,0.07625020883354917,-4349.189082066783,-163840.31134777618,163898.0264317048,265723084.8666621,293.17782368719685
5.0,193.79149585714285,0.07646766760130332,-6549.103084384006,-162365.71649925265,162497.74350902715,261201702.09770185,293.17787977050716
10.0,193.79149585714285,0.07690511631476782,-10917.802235210276,-159244.10742437287,159617.93180915597,252025344.84323132,293.17799080842997
14.999999999999998,193.79149585714285,0.07755944191916209,-15047.084610025782,-154245.58080068228,154977.78534938832,237584078.93723643,293.17815801093064
20.0,193.79149585714285,0.07840980823175679,-18440.788259192046,-147190.24360867532,148340.92653479532,217658648.20939678,293.1783903598396
24.999999999999996,193.79149585714285,0.07940339652735164,-20298.851740879552,-138052.70699550654,139537.0678020195,192498544.34235874,293.1787104111743
29.999999999999996,193.79149585714285,0.0804385955800862,-19494.151826763267,-127196.66472342162,128681.83038878266,163175328.00808713,293.1791601308853
35.0,193.79149585714285,0.08134536050980981,-14767.17113442205,-116261.2174432949,117195.30717870237,132812825.7365222,293.17980623375934
40.0,193.79149585714285,0.08188215170293833,-5725.048055070273,-110976.73249023703,111124.305754603,109483601.13897792,293.1807422262522
44.99999999999999,193.79149585714285,0.08185848988853639,6963.29567691547,-127289.05473553366,127479.37457545764,107864749.8539417,293.1820786900252
49.99999999999999,193.79149585714285,0.08141492105683988,25868.878239653543,-201088.27986792772,202745.39492087124,147950846.79961044,293.1839118770975
54.99999999999999,193.79149585714285,0.08091722936141191,54683.39977250611,-403313.6618831739,407003.9116179289,262309420.73774308,293.1862734438746
59.99999999999999,193.79149585714285,0.08053955637246556,93308.90089158413,-852153.9984548967,857247.3319108456,509794423.5946413,293.1890822192306
65.0,193.79149585714285,0.08026286044423522,146740.51315948062,-1678919.4023305846,1685319.8918081976,961202565.9182843,293.19212856837055
70.0,193.79149585714285,0.08003754095718034,223466.11792286902,-2914826.3721208544,2923379.8736173064,1635939582.3005912,293.19510050528083
75.0,193.79149585714285,0.07983042106891244,322818.3953005896,-4356699.134776904,4368642.703095582,2427481084.5229044,293.19763133676787
80.0,193.79149585714285,0.07962245516600662,425052.39406426647,-5556952.610312836,5573185.072376694,3094641877.8309,293.1993609203669
84.99999999999999,193.79149585714285,0.07940230381971514,494247.201872163,-6034006.208591557,6054214.335640911,3372201194.840921,293.2000238993568
89.99999999999999,193.79149585714285,0.0791627716772097,497238.71396750445,-5584084.681622479,5606179.453977449,3141033716.818951,293.1995413564647
94.99999999999999,193.79149585714285,0.07889993770990902,425879.73459028726,-4423069.031327248,4443524.862563599,2511079159.3691244,293.1980497743462
99.99999999999999,193.79149585714285,0.07861524038957587,303392.1877398843,-3025309.613183848,3040484.3487846144,1739309048.7793257,293.19584042086024
104.99999999999999,193.79149585714285,0.07832288910232002,169657.04863875304,-1818536.812084628,1826433.5879138156,1064014432.5838169,293.1932618708225
109.99999999999999,193.79149585714285,0.0780681885938156,59404.17699357702,-995350.2773880151,997121.3722213975,598208614.1899093,293.1906505088631
114.99999999999999,193.79149585714285,0.07796157044497813,-9356.143500167798,-534509.9401603646,534591.8195702515,336795787.90751356,293.1882978476632
119.99999999999999,193.79149585714285,0.07817965286988196,-37843.43899876636,-334013.14282553433,336150.12339049374,224194534.10684,293.1864219497126
125.0,193.79149585714285,0.0787206125330418,-52997.650007839264,-326749.455897867,331019.5731915343,220251281.97984776,293.1851306018259
130.0,193.79149585714285,0.07925657549383612,-72724.55672030056,-506012.4800446239,511211.78694458434,313992864.69974,293.18440298856143
135.0,193.79149585714285,0.07960392820559438,-89411.94833128653,-894102.7718934594,898562.3312892456,504984700.73025197,293.1841178139614
140.0,193.79149585714285,0.07982189523814422,-104994.80018509274,-1492472.7016058615,1496161.312527699,790961878.0897648,293.1840979098424
145.0,193.79149585714285,0.07997897313155226,-123178.75564985473,-2201545.7439325238,2204989.0404423457,1123347425.4552124,293.1841212272786
150.0,193.79149585714285,0.08010960449029997,-140561.6835881068,-2798776.595115728,2802304.0549270725,1397586341.9339824,293.183929802762
155.0,193.79149585714285,0.08023186326140017,-152233.52708071587,-3035517.192514544,3039332.1096614,1499593673.6575055,293.18328352012804
160.0,193.79149585714285,0.08035943437317508,-156079.89554304598,-2799305.6522768904,2803653.5215076194,1380194452.5133188,293.18205242683587
165.0,193.79149585714285,0.08050891147290462,-153270.8798810597,-2197363.268827617,2202702.2717136117,1091938657.6092436,293.1802809890878
169.99999999999997,193.79149585714285,0.08070814331532125,-145988.0904312645,-1477717.6566122884,1484911.4435586655,751329467.4542947,293.17816556053094
175.0,193.79149585714285,0.08101179051183036,-134975.23654542744,-865150.5915421528,875616.2747038403,463078871.6309359,293.1759563694886
179.99999999999997,193.79149585714285,0.08153227802473154,-118763.29760477971,-456732.36093075783,471920.72467666166,272234932.4669799,293.17385479272133
185.0,193.79149585714285,0.08247938067243758,-96082.23323875947,-233034.0121321817,252064.76619029717,167602673.6676252,293.17196891726684
189.99999999999997,193.79149585714285,0.08409449872272273,-72882.15812749742,-128769.5080671762,147964.16857193533,114199951.67821072,293.17033052682007
195.0,193.79149585714285,0.08632256150531042,-58041.17748940907,-86107.41006942945,103842.49781867713,85618604.86280088,293.1689341986923
199.99999999999997,193.79149585714285,0.08875326476115858,-50647.67696383696,-68237.65896951374,84979.79338332637,67499762.7580093,293.16776322796875
205.0,193.79149585714285,0.09110828086033743,-47323.84382044911,-57706.593824581425,74629.73378471531,53874618.61531828,293.1668022501392
209.99999999999997,193.79149585714285,0.09338087984567145,-47143.2159248182,-49630.688931891775,68452.08610106954,43381636.88327543,293.16604260985577
215.0,193.79149585714285,0.09552061664861737,-50681.774246822715,-45952.280203989234,68412.38408908027,35073285.653923154,293.16547957510437
219.99999999999997,193.79149585714285,0.09722038808174538,-62370.75269528879,-53005.57861818563,81851.70832930447,28946620.471373085,293.1651007443609
225.0,193.79149585714285,0.0982448239204814,-81829.71040210228,-78031.19726852319,113070.63832689328,23545790.36646581,293.16487202671203
229.99999999999997,193.79149585714285,0.09874388433729821,-98489.04189788619,-131403.19400971298,164215.98816777204,19823995.164752472,293.16473850369835
235.0,193.79149585714285,0.09897674627466292,-106625.93558491343,-229261.18371559284,252843.39124848196,20506646.18266676,293.16463787856077
239.99999999999997,193.79149585714285,0.09908964140915241,-102750.67997153862,-384255.7036822314,397756.39284232806,25620199.482953813,293.1645148285454
245.0,193.79149585714285,0.09914495544405559,-80951.55261371788,-588175.2192726061,593719.8349701228,33949858.083371714,293.1643338702924
250.0,193.79149585714285,0.09916845785040376,-37417.79183001537,-798606.1371582793,799482.2408611105,43386718.86518616,293.16409028141743
254.99999999999997,193.79149585714285,0.09917063184281907,24091.70498130143,-947690.5783604505,947996.7524005929,51055893.98558478,293.16381129105855
260.0,193.79149585714285,0.09915462166050418,91069.00512287357,-977327.5467467897,981561.3568820689,54435617.71658797,293.1635371003692
265.0,193.79149585714285,0.09911861600059632,147331.54164833608,-876783.6411838203,889076.0015949331,52780426.32396862,293.1632926869184
270.0,193.79149585714285,0.09905517100650896,181116.0951159972,-689456.7679250553,712848.984531598,47620803.702133,293.16307579738736
274.99999999999994,193.79149585714285,0.09894703251414327,190001.30432047203,-482850.0041070339,518887.87045916123,41974075.22758416,293.1628668737002
280.0,193.79149585714285,0.09875573262057187,179289.87446008183,-309707.4113874836,357859.66488589894,39149038.645809315,293.16264700177777
285.0,193.79149585714285,0.0983929580247138,155823.52337123512,-190143.01051094092,245835.99183599956,41993566.88434926,293.1624123771067
290.0,193.79149585714285,0.0976611674023153,123141.47833673659,-118908.11577354938,171181.08448006978,50885245.47365508,293.16217908777855
294.99999999999994,193.79149585714285,0.09623122786418482,88400.85286870523,-82523.43721825007,120933.15706715395,60258368.30180235,293.16197320138394
300.0,193.79149585714285,0.0939790313365276,65483.531988064766,-71075.28515042896,96642.58440690982,68374144.62276296,293.1618132291014
305.0,193.79149585714285,0.0913850011938386,52931.469654225286,-75516.32108651342,92219.6032858392,78327413.18015826,293.1616945349781
310.0,193.79149585714285,0.08905072121310126,42667.63124284517,-85435.5986640941,95497.47784610635,89044615.59220026,293.16158749424676
314.99999999999994,193.79149585714285,0.08717347811709117,33526.92346311696,-94963.20902564748,100707.82325793026,100129495.01867141,293.1614518272809
320.0,193.79149585714285,0.08570456584191431,26246.7796802725,-102604.42843603498,105908.27247325957,110926871.07431254,293.1612516962214
325.0,193.79149585714285,0.08454944197627771,20830.244505557766,-108544.22770014121,110524.87707833663,120834822.72717328,293.16096701763024
330.0,193.79149585714285,0.08362159501434699,16995.972459830766,-113282.97708229678,114550.8445035806,129801230.52849402,293.1605987237161
335.0,193.79149585714285,0.08284984860145855,14437.180887259881,-117275.97315680626,118161.2714549374,138112645.95327803,293.16016779194473
339.99999999999994,193.79149585714285,0.08217787717058331,12867.962995401178,-120883.31432521915,121566.27885191167,146187234.0848179,293.15970817193624
345.0,193.79149585714285,0.08156305231776001,12023.178849225784,-124375.05412410578,124954.83551273521,154450507.04212952,293.1592546042707
350.0,193.79149585714285,0.08097555929724035,11652.95645155416,-127937.04663958497,128466.6466321946,163254050.92550424,293.1588314507486
355.0,193.79149585714285,0.08039775671954286,11520.358688609298,-131671.53051961542,132174.54601280927,172813950.34523112,293.1584501779671
359.99999999999994,193.79149585714285,0.07982352360132286,11405.38842054777,-135595.067911574,136073.89656715182,183160848.3683713,293.158115423443
365.0,193.79149585714285,0.07925721841421951,11116.799498642526,-139638.57113916,140080.38328359637,194105263.61052415,293.1578317367044
370.0,193.79149585714285,0.07871184503006287,10510.727186664813,-143655.38311778771,144039.3851858264,205231742.80769044,293.15760409997176
375.0,193.79149585714285,0.07820614858295244,9511.442275810707,-147443.14096724213,147749.61032927333,215940287.33764124,293.1574338891327
379.99999999999994,193.79149585714285,0.0777607056680774,8125.576853531933,-150781.8832620789,151000.66661860087,225547210.207924,293.15731720275414
385.0,193.79149585714285,0.07739359740429941,6439.2328318153695,-153483.91052027352,153618.92626905598,233436134.18588227,293.15724706736955
390.0,193.79149585714285,0.07711678917004643,4590.113455965734,-155441.92507013236,155509.6820492129,239217536.13574633,293.1572154093828
395.0,193.79149585714285,0.07693459140890034,2715.7682561702677,-156654.83014422006,156678.36865609643,242826781.21962577,293.1572121751991
399.99999999999994,193.79149585714285,0.07684521528791984,1787.5375639710064,-157209.76936101128,157219.93153886363,244508935.2552642,293.15722208071213
0.0,198.7605085714286,0.08428411257356358,-2859.0162139671197,-160259.5980957451,160285.0983576498,254137876.4572957,293.1688864447637
5.0,198.7605085714286,0.08442706334882853,-4268.26720144814,-158780.33870269504,158837.69723666203,249568757.5285441,293.1689192779464
10.0,198.7605085714286,0.08471093914060118,-7000.60514974895,-155775.43917321519,155932.6647052206,240523266.47919,293.1689859219649
14.999999999999998,198.7605085714286,0.08512712335430474,-9415.803612838712,-151213.08165642983,151505.9517699211,227060000.86102372,293.16909028959583
20.0,198.7605085714286,0.08565251525000189,-11116.23334273033,-145160.0014290068,145585.0152268402,209651646.22191742,293.1692427105136
24.999999999999996,198.7605085714286,0.08623869989026235,-11451.375982470228,-137886.9334144621,138361.62914022154,189304401.19276518,293.16946413146746
29.999999999999996,198.7605085714286,0.08679724730183846,-9445.295581323155,-130080.21517789274,130422.68203554717,167840137.86736134,293.16979099670533
35.0,198.7605085714286,0.08718085393924817,-3863.1358815131166,-123526.69037692221,123587.08287808658,148841037.58633587,293.17028078746534
40.0,198.7605085714286,0.08717781620811399,6089.90045124144,-123353.33357475194,123503.56995451612,140227463.3833114,293.1710169097168
44.99999999999999,198.7605085714286,0.08661487399695408,20275.681365732864,-144006.04784007708,145426.4249349591,158282327.87332267,293.1721079371791
49.99999999999999,198.7605085714286,0.0856437714799566,40655.17564299383,-221908.44345930882,225601.8629911906,234663210.85258228,293.1736731192824
54.99999999999999,198.7605085714286,0.08471994789171577,69005.35202538276,-433715.88105271687,439171.0419477603,430599296.4877316,293.1758070467208
59.99999999999999,198.7605085714286,0.08408635239744132,99844.93586151625,-905991.0296645457,911476.1417885901,852044547.7496266,293.1785229410997
65.0,198.7605085714286,0.0836847711036979,131363.93154531054,-1777696.1912344052,1782543.191858293,1625650177.1895065,293.1816899261601
70.0,198.7605085714286,0.08340692993400504,168836.0758010352,-3078519.2081280886,3083145.493697222,2787095752.6239767,293.1849951234552
75.0,198.7605085714286,0.08318433816027856,213995.37072044137,-4585320.062747266,4590310.893231783,4148503758.2411366,293.1879657580756
80.0,198.7605085714286,0.08298100951880942,257583.07065118838,-5816650.274530204,5822350.852918294,5285866451.096481,293.1900691633175
84.99999999999999,198.7605085714286,0.08277831243615165,280788.4505897023,-6265507.102594987,6271795.708300198,5738190522.703487,293.19088343406446
89.99999999999999,198.7605085714286,0.08256692672123528,266261.81152276736,-5733980.333810118,5740159.04142007,5307779329.428173,293.1902674648808
94.99999999999999,198.7605085714286,0.08234471102990974,211200.20604346553,-4474154.67914012,4479136.704757316,4200092714.1448436,293.1884163817196
99.99999999999999,198.7605085714286,0.08211995363700114,131263.5531185037,-3000766.406419162,3003635.987644153,2870567636.750786,293.18576535238174
104.99999999999999,198.7605085714286,0.08192249556796986,52086.94413475206,-1760116.475301128,1760887.0084067755,1729790108.6246438,293.1828253679366
109.99999999999999,198.7605085714286,0.08182620483690932,-3760.6129280660984,-937572.8523097555,937580.3942051291,960122531.884273,293.1800505299857
114.99999999999999,198.7605085714286,0.08196401821711767,-26063.659783803512,-493636.6536293799,494324.24598408915,535219754.1380825,293.17776707551724
119.99999999999999,198.7605085714286,0.08240331736053182,-24654.851289186998,-313197.0277834733,314165.9432600766,353007843.2021072,293.17615101898883
125.0,198.7605085714286,0.08285544427591984,-18713.750861669734,-321474.43518807885,322018.6593208644,351496166.2766282,293.17523939935666
130.0,198.7605085714286,0.08304458031646743,-11379.071757897693,-507089.85904712667,507217.51588692813,514420924.19022316,293.1749576418788
135.0,198.7605085714286,0.0830854580096096,-6347.85009199016,-899338.8278113768,899361.2302128281,853625263.8123485,293.1751619254575
140.0,198.7605085714286,0.08311230428352183,-12135.071300378833,-1506976.6498009344,1507025.5084107611,1368843184.6346104,293.1756598708804
145.0,198.7605085714286,0.08315939667638984,-28995.565780333873,-2232869.0340388888,2233057.2912499765,1975120654.95379,293.1761926381044
150.0,198.7605085714286,0.08322840697267389,-51832.54613739025,-2849946.33422387,2850417.6397144264,2481955776.842121,293.17643682156813
155.0,198.7605085714286,0.08331946167669041,-74896.82805034432,-3100403.190777215,3101307.7048615376,2676868956.545652,293.1760860674414
160.0,198.7605085714286,0.08343913272455541,-94167.43449860733,-2864853.294349631,2866400.5135127194,2465508245.1541486,293.1749894815973
165.0,198.7605085714286,0.08360512221068832,-107670.80302672365,-2251316.0872756643,2253889.3332749563,1942672962.8523564,293.1732392260175
169.99999999999997,198.7605085714286,0.08385537794843467,-114272.42563823402,-1515180.4914306803,1519483.5006913906,1322974301.6303682,293.17112353210786
175.0,198.7605085714286,0.08426706075237679,-112334.42875142461,-888948.0528052546,896017.6697304371,798836091.9412736,293.1689758945497
179.99999999999997,198.7605085714286,0.08498531487818466,-100009.07691586662,-472936.3618438025,483394.88807766244,450324756.8023939,293.1670341433192
185.0,198.7605085714286,0.08621545988169636,-79424.92162013803,-246745.43200589574,259213.47648249537,255060285.88367176,293.16539490105896
189.99999999999997,198.7605085714286,0.08803321881842348,-59870.06339470896,-142057.8141690465,154158.5127632393,154193052.11345637,293.1640546028335
195.0,198.7605085714286,0.09014241819543846,-47136.404378597064,-97167.00339218446,107996.60719651988,100825215.2453046,293.1629713368925
199.99999999999997,198.7605085714286,0.09215250700672098,-39442.81458667193,-74847.94064240568,84604.66796180731,68401561.97870457,293.1621028923999
205.0,198.7605085714286,0.09395274352842789,-35215.387610152764,-59632.85476290125,69254.60917301154,46542684.96856262,293.16142130475436
209.99999999999997,198.7605085714286,0.09560715126527852,-33750.79364616669,-47650.76082890912,58392.73139115883,31383638.925758667,293.1609130191126
215.0,198.7605085714286,0.09709315459546848,-35287.022107107325,-41084.84832858807,54158.45909339156,21435704.3472059,293.1605701903123
219.99999999999997,198.7605085714286,0.09821412683222397,-42844.64470804791,-45618.53974708394,62583.661995884635,15975583.567161059,293.1603746755146
225.0,198.7605085714286,0.09885979486401571,-55500.29794626764,-68175.76084908667,87910.28062448862,13109971.856739616,293.1602860400074
229.99999999999997,198.7605085714286,0.09916590235774977,-66097.10188068864,-120924.24010297176,137809.64669248412,12721662.794333637,293.16024859552874
235.0,198.7605085714286,0.09930738844602036,-71348.07605450893,-222603.86153979742,233758.48033624212,15907770.825570775,293.1602089483171
239.99999999999997,198.7605085714286,0.09937588027977008,-68759.16163071492,-388162.15872861946,394205.1290597584,22803960.44572586,293.1601297250072
245.0,198.7605085714286,0.09940939148296715,-53975.55477374653,-609010.0713164151,611397.2746733164,32603535.57175249,293.15999758412295
250.0,198.7605085714286,0.09942347202243618,-24211.438507328825,-837547.5687973541,837897.4422642384,43146422.351815656,293.15982574776626
254.99999999999997,198.7605085714286,0.09942443330500775,17882.70350448003,-997296.0300983781,997456.3462801839,51167897.70267377,293.1596449217993
260.0,198.7605085714286,0.09941417466033015,63443.1652438049,-1023558.8426552768,1025523.1540993905,53791726.37625091,293.15948186146306
265.0,198.7605085714286,0.09939162935237528,101101.63648784468,-906285.9286358204,911907.7394911239,50270844.84978576,293.1593414368754
270.0,198.7605085714286,0.09935238876307764,122800.94042514965,-696624.9824925617,707365.8439605796,42464088.49912759,293.159206374696
274.99999999999994,198.7605085714286,0.0992862750878459,127239.80586112059,-471268.05772855855,488142.96105836006,33660489.7045,293.1590512912375
280.0,198.7605085714286,0.09917068406473042,118611.04567168394,-287965.93736690946,311436.9297930692,26906411.609690733,293.15886025677156
285.0,198.7605085714286,0.09895364809515156,102176.9768862777,-166466.48765851653,195323.3885610783,24146552.08470858,293.1586398698874
290.0,198.7605085714286,0.09851692689192176,80629.61906228287,-98308.57012736498,127144.44710885288,25830720.723076258,293.15842005934036
294.99999999999994,198.7605085714286,0.09765122188194035,57983.46769900179,-66497.949307902,88227.3188335534,30216884.964914486,293.1582369254341
300.0,198.7605085714286,0.09624149152141721,43065.696198609454,-58313.88818764893,72492.50819658916,37447212.7415768,293.1581095197304
305.0,198.7605085714286,0.09454893819292101,35371.96140149786,-64795.251826879816,73821.40822754485,49830215.45874709,293.15802920362216
310.0,198.7605085714286,0.09297182057720892,29157.907030101414,-76631.02587909812,81990.8389374023,65548558.99645493,293.15796593422135
314.99999999999994,198.7605085714286,0.0916748133606386,23308.41532109633,-88022.45061986045,91056.21361503283,81840009.18767576,293.1578840022456
320.0,198.7605085714286,0.09064600092954771,18447.46393560786,-97339.94803867853,99072.57143038222,97067241.54920325,293.1577545244613
325.0,198.7605085714286,0.08983056553859073,14725.078261291295,-104708.80576048848,105739.1220579633,110596721.18830284,293.15756284903017
330.0,198.7605085714286,0.08917353499942263,12025.34500802191,-110623.05082744961,111274.7424033615,122482857.59134004,293.1573114590806
335.0,198.7605085714286,0.0886280340650168,10171.710642580401,-115550.65717611599,115997.49165921075,133100694.98201343,293.15701791355343
339.99999999999994,198.7605085714286,0.08815636412563091,8982.664747163815,-119867.44885290925,120203.55053185722,142928157.3981157,293.1567081212978
345.0,198.7605085714286,0.0877297676009453,8283.816681194168,-123856.85564368074,124133.56640629964,152426919.82742733,293.1564073737658
350.0,198.7605085714286,0.08732798245865418,7909.9695319745415,-127715.7984256292,127960.51260249279,161970211.43571708,293.1561338341313
355.0,198.7605085714286,0.08693877065045097,7706.32838847029,-131558.66923003228,131784.18321941365,171794707.84205484,293.1558976184105
359.99999999999994,198.7605085714286,0.08655734962955068,7532.174228232504,-135420.74888567842,135630.05890053438,181968029.3101906,293.15570329267143
365.0,198.7605085714286,0.08618555325747923,7268.141347761091,-139264.1242035496,139453.65598948178,192372492.3941946,293.1555512544621
370.0,198.7605085714286,0.08583053557068164,6826.345397932507,-142989.48851379592,143152.3412904199,202712261.42422193,293.15543750214664
375.0,198.7605085714286,0.08550291887561501,6160.526288049043,-146456.3427148967,146585.8533609878,212552951.74165243,293.1553548605563
379.99999999999994,198.7605085714286,0.08521448320728106,5271.5876069768765,-149511.55299581282,149604.4588744526,221397131.9596098,293.15529575715357
385.0,198.7605085714286,0.0849757604704256,4203.51758502417,-152022.05671934452,152080.16073527542,228785211.51218715,293.1552540068533
390.0,198.7605085714286,0.08479413182180622,3026.825334583129,-153902.98923940136,153932.75079861778,234393110.64965567,293.1552249508109
395.0,198.7605085714286,0.08467307823409072,1811.805176995986,-155129.96524434927,155140.54516699497,238085769.5553956,293.1552051490205
399.99999999999994,198.7605085714286,0.0846129514694871,1202.5361500892918,-155726.4306839917,155731.0736711474,239901770.9833974,293.15519315673185
0.0,203.72952128571427,0.09217684449627378,-1408.957635123028,-158138.93622016432,158145.21273330651,247397496.42745578,293.1596029557152
5.0,203.72952128571427,0.09224729237683041,-2092.633155073385,-156700.51680475773,156714.48905701053,242941380.44156253,293.1596171609377
10.0,203.72952128571427,0.09238610780431533,-3396.7626344154537,-153844.08433449038,153881.5787581878,234237475.83865044,293.15964665497125
14.999999999999998,203.72952128571427,0.09258696856557602,-4491.320179713506,-149656.60764297444,149723.98661590568,221750674.0396618,293.1596945559637
20.0,203.72952128571427,0.09283523876301973,-5148.256312836112,-144372.969802014,144464.732556136,206441336.5327972,293.15976778613015
24.999999999999996,203.72952128571427,0.09310178207954464,-4983.482672499977,-138498.75291171105,138588.38211641804,189954837.287724,293.15987940073825
29.999999999999996,203.72952128571427,0.09333348778189288,-3376.183309017156,-133039.27337965133,133082.10576603338,174947224.61276898,293.1600515932637
35.0,203.72952128571427,0.09343892227881792,587.3225740353578,-130085.91049992848,130087.23633931721,165989766.5610203,293.160319694402
40.0,203.72952128571427,0.09327524991966171,7847.048440504743,-134533.67327063333,134762.32935400438,172286449.2002132,293.160737231457
44.99999999999999,203.72952128571427,0.09268636904307173,18672.12312633683,-159034.23602097319,160126.62617072678,214803843.5479757,293.1613809048186
49.99999999999999,203.72952128571427,0.09169390926709373,33538.039534830576,-237370.66438709127,239728.2469952362,345967131.9132177,293.16235262702514
54.99999999999999,203.72952128571427,0.09064533200368013,53204.71882658675,-449622.98732171266,452759.95056267636,693418526.4671386,293.1637710004399
59.99999999999999,203.72952128571427,0.08987451686278985,72736.78835735565,-935449.6824480845,938273.2804320736,1490702937.3984115,293.1657318653804
65.0,203.72952128571427,0.08940023461499583,86463.4164148113,-1846475.9937524584,1848499.2609904527,3005184724.348654,293.1682251901534
70.0,203.72952128571427,0.08910577276653198,96247.77768024152,-3213404.099210143,3214845.1812690664,5312080341.326855,293.17103984901075
75.0,203.72952128571427,0.08890014019280816,105256.71191741196,-4795232.202557207,4796387.270836802,8030006764.311416,293.1737298565254
80.0,203.72952128571427,0.08873436240237743,111880.07987171468,-6077286.501295116,6078316.244742119,10298495252.876986,293.1757082892882
84.99999999999999,203.72952128571427,0.08858487447437624,109844.5077287955,-6523281.496969814,6524206.2585870875,11185310791.213581,293.17647044346563
89.99999999999999,203.72952128571427,0.0884425606945593,92917.76307253409,-5932409.168758692,5933136.797366685,10296620026.394974,293.17583354223893
94.99999999999999,203.72952128571427,0.08831012207071204,60645.79559535532,-4584060.652366291,4584461.797975446,8057202816.328947,293.1740222190812
99.99999999999999,203.72952128571427,0.08820752973744392,20622.934878105218,-3030797.002824946,3030867.165973405,5394220584.254551,293.1715427689582
104.99999999999999,203.72952128571427,0.08818769931300638,-14248.247663874276,-1743284.0397693485,1743342.2658434086,3137030534.5723424,293.168957872331
109.99999999999999,203.72952128571427,0.08835620259005622,-31656.74719934123,-909605.9719413369,910156.6754326351,1647432949.4597545,293.16670463545165
114.99999999999999,203.72952128571427,0.08882414084175108,-28397.198900452644,-478391.1086888321,479233.1935268277,861853750.5826058,293.16501909599776
119.99999999999999,203.72952128571427,0.08943349125022379,-15058.404255366513,-315858.27795302286,316217.0256171655,554487986.8343891,293.16396094662815
125.0,203.72952128571427,0.08966828649115008,-186.2216149012847,-329572.9873285536,329573.0399397936,562420428.9845452,293.1634899118953
130.0,203.72952128571427,0.08944323900537397,15801.376879753556,-509667.12566165533,509912.0144608377,860984863.6444482,293.16353019903477
135.0,203.72952128571427,0.08913933389855336,26235.293945945486,-899744.7682634413,900127.179161847,1516113684.603836,293.1639911291112
140.0,203.72952128571427,0.08894695903992753,24557.773991743703,-1517377.5150045734,1517576.2278399342,2551296218.7352414,293.16473836410944
145.0,203.72952128571427,0.08886431303240402,12151.997978426609,-2264668.4597201436,2264701.0627246317,3796276940.9702287,293.1655438477071
150.0,203.72952128571427,0.0888560304200105,-6303.896279168539,-2905177.476031043,2905184.3153828294,4849892733.342454,293.1660836279414
155.0,203.72952128571427,0.08890093237996466,-26463.46801124204,-3168471.9606869,3168582.4718315713,5261060906.190661,293.1660402578774
160.0,203.72952128571427,0.0889962171314219,-45228.288695261544,-2927896.767791819,2928246.0758863967,4827536442.420161,293.1652673657356
165.0,203.72952128571427,0.08915834946515068,-60433.0295806345,-2294944.1021808423,2295739.6592817153,3747696817.989347,293.163883409431
169.99999999999997,203.72952128571427,0.08943063765494762,-69952.77158652409,-1536352.8805975493,1537944.5906706208,2474009631.0349207,293.1622039909452
175.0,203.72952128571427,0.08989802580342914,-71187.1745018035,-895563.5665867018,898388.3990852977,1411317814.4224524,293.16056501165735
179.99999999999997,203.72952128571427,0.09068902719701877,-62845.54828122316,-476785.1228048987,480909.1559399237,724941111.1187199,293.1591759582731
185.0,203.72952128571427,0.09188946911887746,-49016.19174898045,-255067.34120622315,259734.3558399325,362893616.5646419,293.1580902141829
189.99999999999997,203.72952128571427,0.09335451616357363,-36602.252012680925,-153463.5712455707,157768.16076713373,193194108.89663738,293.15726593815134
195.0,203.72952128571427,0.09476143815058577,-27801.652354772516,-106698.66579045792,110261.22235454975,111799564.31252757,293.156638758531
199.99999999999997,203.72952128571427,0.09593904811625395,-22021.212013958124,-80481.96591160419,83440.28173226833,67572033.4801817,293.1561595203199
205.0,203.72952128571427,0.09692203368888656,-18765.97676726153,-61787.464507048186,64574.39627467793,40622049.17892013,293.15580077697365
209.99999999999997,203.72952128571427,0.09778716351071709,-17267.689643001446,-47259.02662392479,50314.89543910283,23422741.749720756,293.1555513677821
215.0,203.72952128571427,0.09853711952000613,-17313.18727794667,-38877.001430990706,42557.81589774677,13479411.828174524,293.15540642508506
219.99999999999997,203.72952128571427,0.09908974858601288,-20235.6619159205,-41816.284465997116,46455.179040841365,9173953.863501571,293.15535322273513
225.0,203.72952128571427,0.09940672542857557,-25728.383311436348,-63083.24095316784,68128.15128106464,8350362.099001468,293.15536172998884
229.99999999999997,203.72952128571427,0.09955767912428401,-30550.84979739602,-115979.0878806212,119935.41282275184,10297105.86898114,293.15539059605953
235.0,203.72952128571427,0.09962781099777282,-33046.14236318895,-220971.58285061477,223428.9326667302,15574540.120275738,293.15540242001873
239.99999999999997,203.72952128571427,0.09966190462045697,-31917.61294794073,-394598.20682142285,395886.9520999359,24673927.19066262,293.1553756694624
245.0,203.72952128571427,0.09967860858655674,-25012.563339151722,-627974.063694083,628471.9985785009,36975407.43362188,293.15530926999753
250.0,203.72952128571427,0.09968557559270327,-10963.693453159995,-869827.9592503622,869897.0521089175,49923594.50077142,293.15521983733845
254.99999999999997,203.72952128571427,0.09968592071488386,8943.648089748027,-1037598.5358196553,1037637.0802820444,59448428.13941157,293.1551301857348
260.0,203.72952128571427,0.09968058351997033,30411.414356740577,-1061906.2298014874,1062341.6093773164,61971709.03428489,293.1550539698951
265.0,203.72952128571427,0.09966903892466392,47957.63796237361,-933096.6922463326,934328.2999674029,56653104.54538928,293.15498754146125
270.0,203.72952128571427,0.09964912058131317,57755.56770089229,-707673.2807218122,710026.1811004049,45921218.96501464,293.15491354667654
274.99999999999994,203.72952128571427,0.09961585561865535,59287.50724522092,-468748.2192265476,472482.6997292193,33833439.62176033,293.1548123251692
280.0,203.72952128571427,0.09955828535301492,54696.58040554094,-277639.4958298611,282975.9805225865,23807895.894398853,293.1546753620679
285.0,203.72952128571427,0.09945145674601605,46635.85895636891,-153942.70982151286,160851.67468133135,17504629.398750085,293.1545142442392
290.0,203.72952128571427,0.09923932366672,36563.530854469354,-87047.87025024285,94415.16564434364,15117188.678952273,293.15435744823515
294.99999999999994,203.72952128571427,0.09882462290556748,26506.043494919973,-57704.274706064636,63500.81622394755,16337128.516269058,293.1542336060506
300.0,203.72952128571427,0.09815370123545494,20248.42635491012,-51489.10165562602,55327.446707340554,22241526.013029665,293.15415459363226
305.0,203.72952128571427,0.09733734751172984,17177.95939189905,-59029.19189926748,61477.86418826111,34740408.07105644,293.15411194480635
310.0,203.72952128571427,0.09655750700537817,14543.929833042608,-71674.65567651774,73135.36874410248,52205377.46889244,293.1540844441836
314.99999999999994,203.72952128571427,0.09590232441270516,11842.629087540849,-83939.44765454673,84770.74221838251,70941921.5083064,293.15404903193746
320.0,203.72952128571427,0.0953756201701417,9474.29184593867,-94147.00775582272,94622.51991654503,88544772.17472327,293.15398829539083
325.0,203.72952128571427,0.09495513364605149,7603.260523633134,-102331.23216284858,102613.30638156562,104154746.45771955,293.1538939082757
330.0,203.72952128571427,0.09461531426007525,6218.349593611553,-108940.05509125227,109117.38392645532,117779601.58367252,293.1537675942604
335.0,203.72952128571427,0.0943333001442139,5249.79774596878,-114428.84704988838,114549.2095718706,129797798.3803697,293.1536195892535
339.99999999999994,203.72952128571427,0.0940903345769972,4613.220395678292,-119174.94162899794,119264.19628159227,140703005.7724967,293.1534645988747
345.0,203.72952128571427,0.09387197810967877,4223.467995543528,-123467.50866094706,123539.72388203892,150972018.16184387,293.1533169389155
350.0,203.72952128571427,0.09366798777770767,3998.8755397730815,-127510.41578423492,127573.10507724997,160990949.03991336,293.15318753150495
355.0,203.72952128571427,0.09347209055580777,3863.1625028440817,-131426.80560794304,131483.57029238075,171011841.88469273,293.15308366416167
359.99999999999994,203.72952128571427,0.09328167152777013,3747.6951184978466,-135264.80189515385,135316.70942805414,181128196.79363272,293.1530092644758
365.0,203.72952128571427,0.09309732104501175,3594.9805927775888,-139005.95187816056,139052.43091372383,191267145.41067296,293.1529633202947
370.0,203.72952128571427,0.09292217347115608,3363.101572637764,-142578.269332604,142617.92782840607,201201607.0635227,293.1529385651873
375.0,203.72952128571427,0.09276101089326806,3029.8167731921767,-145874.86892323193,145906.33013357993,210586954.18772689,293.1529243489397
379.99999999999994,203.72952128571427,0.09261919180309745,2594.3625467336988,-148777.2154177679,148799.833818754,219022171.1857762,293.15291157539923
385.0,203.72952128571427,0.09250157465100753,2074.9945418182606,-151179.3321870233,151193.57156593303,226125652.7023384,293.15289488356166
390.0,203.72952128571427,0.09241169236197966,1501.4193165823974,-153006.94636451965,153014.31271537705,231604658.13925177,293.15287223204933
395.0,203.72952128571427,0.09235143272980573,903.5584184338909,-154225.03060227804,154227.67741909725,235292355.22624132,293.1528449681201
399.99999999999994,203.72952128571427,0.09232133652598769,601.924106830716,-154830.04566663588,154831.21569555326,237137498.2368579,293.15282057045
0.0,208.69853399999997,0.1,-0.0,-157438.8306811998,157438.8306811998,245192351.52366146,293.15
5.0,208.69853399999997,0.1,-0.0,-156021.08766807982,156021.08766807982,240796298.7929767,293.15
10.0,208.69853399999997,0.1,-0.0,-153227.47901827018,153227.47901827018,232250405.03338328,293.15
14.999999999999998,208.69853399999997,0.1,-0.0,-149185.36398822835,149185.36398822835,220158349.25345775,293.15
20.0,208.69853399999997,0.1,-0.0,-144190.44762368329,144190.44762368329,205660701.38826984,293.15
24.999999999999996,208.69853399999997,0.1,-0.0,-138837.91742088145,138837.91742088145,190659346.82178044,293.15
29.999999999999996,208.69853399999997,0.1,-0.0,-134252.52031211386,134252.52031211386,178169855.22376248,293.15
35.0,208.69853399999997,0.1,-0.0,-132574.82390870395,132574.82390870395,173160703.50521678,293.15
40.0,208.69853399999997,0.1,-0.0,-138092.66209408187,138092.66209408187,184867194.66242808,293.15
44.99999999999999,208.69853399999997,0.1,-0.0,-159877.7373553002,159877.7373553002,232773821.1143864,293.15
49.99999999999999,208.69853399999997,0.1,-0.0,-218425.88151181288,218425.88151181288,361171828.8083972,293.15
54.99999999999999,208.69853399999997,0.1,-0.0,-360914.0188134568,360914.0188134568,672117541.9834296,293.15
59.99999999999999,208.69853399999997,0.1,-0.0,-673626.4521899057,673626.4521899057,1357838091.6827374,293.15
65.0,208.69853399999997,0.1,-0.0,-1253185.417768548,1253185.417768548,2644385004.279021,293.15
70.0,208.69853399999997,0.1,-0.0,-2119426.195572599,2119426.195572599,4596505961.180409,293.15
75.0,208.69853399999997,0.1,-0.0,-3118577.973796695,3118577.973796695,6891078561.125812,293.15
80.0,208.69853399999997,0.1,-0.0,-3923360.7740899525,3923360.7740899525,8798874479.842705,293.15
84.99999999999999,208.69853399999997,0.1,-0.0,-4194973.920678531,4194973.920678531,9532856533.224073,293.15
89.99999999999999,208.69853399999997,0.1,-0.0,-3810259.6206601756,3810259.6206601756,8766561623.731564,293.15
94.99999999999999,208.69853399999997,0.1,-0.0,-2951365.9088325286,2951365.9088325286,6868250600.792588,293.15
99.99999999999999,208.69853399999997,0.1,-0.0,-1970974.1737521037,1970974.1737521037,4626992799.420357,293.15
104.99999999999999,208.69853399999997,0.1,-0.0,-1165464.6156830797,1165464.6156830797,2740606518.931431,293.15
109.99999999999999,208.69853399999997,0.1,-0.0,-648994.2364811216,648994.2364811216,1504348927.7232904,293.15
114.99999999999999,208.69853399999997,0.1,-0.0,-383680.9877663469,383680.9877663469,853619445.5002136,293.15
119.99999999999999,208.69853399999997,0.1,-0.0,-282771.213014372,282771.213014372,594812123.9961541,293.15
125.0,208.69853399999997,0.1,-0.0,-290583.66462271474,290583.66462271474,597663387.0731696,293.15
130.0,208.69853399999997,0.1,-0.0,-402144.4746273192,402144.4746273192,845134625.8589997,293.15
135.0,208.69853399999997,0.1,-0.0,-642665.6873858294,642665.6873858294,1389487599.8453367,293.15
140.0,208.69853399999997,0.1,-0.0,-1022809.8976827806,1022809.8976827806,2250555885.3216763,293.15
145.0,208.69853399999997,0.1,-0.0,-1483172.0513462527,1483172.0513462527,3287923069.9957986,293.15
150.0,208.69853399999997,0.1,-0.0,-1878520.0650803105,1878520.0650803105,4167435207.644929,293.15
155.0,208.69853399999997,0.1,-0.0,-2041828.191930202,2041828.191930202,4511477476.356031,293.15
160.0,208.69853399999997,0.1,-0.0,-1894200.4004420056,1894200.4004420056,4149359240.0672817,293.15
165.0,208.69853399999997,0.1,-0.0,-1503677.8380057272,1503677.8380057272,3245363171.7018056,293.15
169.99999999999997,208.69853399999997,0.1,-0.0,-1034417.4366791286,1034417.4366791286,2176495230.48438,293.15
175.0,208.69853399999997,0.1,-0.0,-636197.3233954406,636197.3233954406,1279414277.1216123,293.15
179.99999999999997,208.69853399999997,0.1,-0.0,-372262.6037162111,372262.6037162111,690013470.2082877,293.15
185.0,208.69853399999997,0.1,-0.0,-225953.09784716277,225953.09784716277,364821716.5465208,293.15
189.99999999999997,208.69853399999997,0.1,-0.0,-150571.51888785168,150571.51888785168,199196882.6716024,293.15
195.0,208.69853399999997,0.1,-0.0,-109094.80234479862,109094.80234479862,113770387.12529768,293.15
199.99999999999997,208.69853399999997,0.1,-0.0,-82494.15293088355,82494.15293088355,66690521.19632101,293.15
205.0,208.69853399999997,0.1,-0.0,-62623.83953235815,62623.83953235815,38372195.945455156,293.15
209.99999999999997,208.69853399999997,0.1,-0.0,-46940.170123161035,46940.170123161035,20677931.095001288,293.15
215.0,208.69853399999997,0.1,-0.0,-37039.91942503693,37039.91942503693,10786783.904931216,293.15
219.99999999999997,208.69853399999997,0.1,-0.0,-37385.67503482037,37385.67503482037,6774538.093555379,293.15
225.0,208.69853399999997,0.1,-0.0,-54066.81168007795,54066.81168007795,6385568.888965644,293.15
229.99999999999997,208.69853399999997,0.1,-0.0,-98403.7000134075,98403.7000134075,8664868.285351042,293.15
235.0,208.69853399999997,0.1,-0.0,-187895.29693607378,187895.29693607378,13921708.821904803,293.15
239.99999999999997,208.69853399999997,0.1,-0.0,-336805.3066500045,336805.3066500045,22668942.53270391,293.15
245.0,208.69853399999997,0.1,-0.0,-537478.6517358128,537478.6517358128,34388132.30322328,293.15
250.0,208.69853399999997,0.1,-0.0,-745557.8136370498,745557.8136370498,46667085.34408624,293.15
254.99999999999997,208.69853399999997,0.1,-0.0,-889601.3866108486,889601.3866108486,55622159.382945366,293.15
260.0,208.69853399999997,0.1,-0.0,-909691.5384615463,909691.5384615463,57844833.432618,293.15
265.0,208.69853399999997,0.1,-0.0,-797764.0223226802,797764.0223226802,52561102.44579117,293.15
270.0,208.69853399999997,0.1,-0.0,-603018.8191091246,603018.8191091246,42121309.16758334,293.15
274.99999999999994,208.69853399999997,0.1,-0.0,-397452.4034581128,397452.4034581128,30394339.71592637,293.15
280.0,208.69853399999997,0.1,-0.0,-233901.58883102864,233901.58883102864,20567810.98581387,293.15
285.0,208.69853399999997,0.1,-0.0,-128984.70073139788,128984.70073139788,14085172.790484829,293.15
290.0,208.69853399999997,0.1,-0.0,-73341.75634526531,73341.75634526531,11106169.840862222,293.15
294.99999999999994,208.69853399999997,0.1,-0.0,-50400.470131239614,50400.470131239614,11793016.625410091,293.15
300.0,208.69853399999997,0.1,-0.0,-47690.408969621814,47690.408969621814,17528555.420870643,293.15
305.0,208.69853399999997,0.1,-0.0,-56787.16798415823,56787.16798415823,30100783.482009456,293.15
310.0,208.69853399999997,0.1,-0.0,-70012.71077961048,70012.71077961048,47980310.99157941,293.15
314.99999999999994,208.69853399999997,0.1,-0.0,-82594.62278923903,82594.62278923903,67375569.1252599,293.15
320.0,208.69853399999997,0.1,-0.0,-93082.73330199758,93082.73330199758,85691101.6238967,293.15
325.0,208.69853399999997,0.1,-0.0,-101528.6431482887,101528.6431482887,101965052.71539612,293.15
330.0,208.69853399999997,0.1,-0.0,-108365.50335822612,108365.50335822612,116162116.14879426,293.15
335.0,208.69853399999997,0.1,-0.0,-114040.77543111517,114040.77543111517,128648128.35043956,293.15
339.99999999999994,208.69853399999997,0.1,-0.0,-118930.37537493171,118930.37537493171,139916452.00890526,293.15
345.0,208.69853399999997,0.1,-0.0,-123324.73763805462,123324.73763805462,150447026.46818516,293.15
350.0,208.69853399999997,0.1,-0.0,-127429.98632917098,127429.98632917098,160629934.1310058,293.15
355.0,208.69853399999997,0.1,-0.0,-131372.3634833841,131372.3634833841,170722685.9195229,293.15
359.99999999999994,208.69853399999997,0.1,-0.0,-135204.4935213011,135204.4935213011,180827908.6060562,293.15
365.0,208.69853399999997,0.1,-0.0,-138914.49579511385,138914.49579511385,190887874.39007828,293.15
370.0,208.69853399999997,0.1,-0.0,-142439.29212414427,142439.29212414427,200697896.7507889,293.15
375.0,208.69853399999997,0.1,-0.0,-145682.64434389977,145682.64434389977,209941762.70229,293.15
379.99999999999994,208.69853399999997,0.1,-0.0,-148536.71428107226,148536.71428107226,218248281.47887805,293.15
385.0,208.69853399999997,0.1,-0.0,-150903.7269244815,150903.7269244815,225259511.67219692,293.15
390.0,208.69853399999997,0.1,-0.0,-152712.58308094207,152712.58308094207,230692169.21494812,293.15
395.0,208.69853399999997,0.1,-0.0,-153925.29139257257,153925.29139257257,234370623.51191968,293.15
399.99999999999994,208.69853399999997,0.1,-0.0,-154530.96900251717,154530.96900251717,236218693.27720156,293.15
