% Model,Untitled.mph
% Version,COMSOL 6.4.0.293
% Date,"Jul 13 2026, 18:21"
% Dimension,2
% Nodes,1735
% Expressions,6
% Description,"温度, 温度, 电流密度模, 体积损耗密度，电磁, 插值, 插值"
% Length unit,µm
% x,y,V (V),T (K),ec.normJ (A/m^2),ec.Qh (W/m^3),sigma_map(x;y) (S/m),k_map(x;y) (W/(m*K))
5.186259706787365,5.426382487173998,9.899495657171783E-4,293.23149088523905,1.774609846008536E7,3.149574642774965E9,100000,30.62073373640326
0,8.02686669230769,0.0014651422306532589,293.2657237544224,1.7286904292040173E7,2.9903531571411133E9,100000,27.97275093199961
0,0,0,293.15,1.3641233471741587E7,2.7140592887756696E9,68563.190441,24.0499215021
8.000000000000005,0,0,293.15,1.814232859684694E7,3.2915205962809944E9,100000,28.298467513660004
5.938915658854948,12.072654868809938,0.0021748435150965345,293.3144469098807,1.798857266170566E7,3.2358952235048027E9,99999.99999999999,36.09307883248402
0,16.05373338461538,0.0029077973959203787,293.3583287582045,1.8255534995278966E7,3.332646076764878E9,100000,31.505693120554714
16.00000000000001,0,0,293.15,1.744002755566649E7,3.041545896756763E9,100000,32.488520792
11.992382875081873,7.0323908747523625,0.0012465076948594501,293.2528898308886,1.7725612476077203E7,3.142002163616479E9,100000,37.64947431821452
6.232368637569322,19.99334721429732,0.003617750946269914,293.39791940223364,1.8515973989551205E7,3.428415573458794E9,100000,40.26749490671539
0,24.08060007692307,0.004396780626276095,293.4380509357071,1.886091946738555E7,3.557343125045161E9,100000,33.207702411281105
20.293026314858164,6.458845537494772,0.0011047678523534426,293.2443976676957,1.7159977387035582E7,2.944648578940573E9,100000.00000000001,42.41725535059093
24.000000000000018,0,0,293.15,1.6741723219833562E7,2.8028530290883994E9,100000.00000000001,35.31048362008001
12.227913066815365,15.895463929317732,0.002827958434781123,293.3548341145466,1.8086350579975244E7,3.2711779410800653E9,99999.99999999999,44.98766353667349
17.909591394349174,12.354629053811198,0.0021453713729780027,293.31512333331506,1.757262696978753E7,3.087977554699641E9,100000,46.978645219710025
6.403027924054784,27.957076102359533,0.00511729150741436,293.47344842384285,1.9194269198797118E7,3.684200244147192E9,100000,41.53928571170997
0,32.10746676923076,0.005936296099225515,293.5111869572536,1.9491698404923607E7,3.7992669874039264E9,100000,33.45630500706148
28.18673843817782,6.499489998111091,0.0010607044618938858,293.2437613122948,1.6366335674059892E7,2.678571847243099E9,100000,45.656853579541064
31.99999999999998,0,0,293.15,1.5883063945556143E7,2.522717371993551E9,100000,37.233029956479996
12.824355175690831,23.900554923758232,0.0042938889426756876,293.4340310061904,1.8783853184290808E7,3.5283404433069787E9,100000,48.01192999302796
24.508192909026207,12.959739535262415,0.0021738703996606553,293.31950268675297,1.701830959462677E7,2.896231213325129E9,100000,50.975534109039764
20.024894971644326,19.71192060314356,0.0034207754593170918,293.3905169117599,1.801524303696119E7,3.2455102215731683E9,100000,52.244382785034986
6.43752006579382,36.02918676995293,0.006693559218198238,293.54471599732466,1.985388912576797E7,3.941780976121773E9,100000,41.6539591221524
0,40.13433346153845,0.007520713625394584,293.57886936782165,1.993989347428738E7,3.976014941959888E9,100000,33.30829469338518
36.079036183708666,6.518038130995055,0.0010046306872707538,293.2434048452024,1.541719342446419E7,2.3769029354496217E9,100000,48.49974944490719
39.999999999999986,0,0,293.15,1.4988084396398107E7,2.2464268345141835E9,100000,38.80463948079999
12.826180457785403,31.964821123238274,0.005842664659899092,293.50864744931755,1.9719033457826152E7,3.8884052822869163E9,100000,48.34679566031354
32.24754597945243,13.062228920793599,0.002073462658982048,293.31826981324303,1.6008775660818815E7,2.5628347014143796E9,100000,54.34308087290213
19.22500064229744,27.88531255792267,0.0049469875080732015,293.46952910487533,1.9227113246568814E7,3.6968347970498867E9,100000.00000000001,51.893779018001446
28.396483729661323,19.67812201097979,0.003235959065609258,293.38619551883545,1.7073337692538835E7,2.9150146498144035E9,100000,55.03048031287528
25.094538290625593,25.343325225123557,0.004321554882247114,293.4428034498873,1.8437827564183477E7,3.3995846602335367E9,100000,53.18991092900917
6.4253962786353656,44.079793981717316,0.008308241075640418,293.60999263250136,2.019069961142082E7,4.0766824340890813E9,100000,41.12362355399801
0,48.16120015384614,0.009125234160194617,293.6402645182398,1.9957204700620063E7,3.982939180224947E9,100000,33.02501977380897
44.06386554488637,6.509263783674769,9.476055114966652E-4,293.2438153965351,1.4517556535714502E7,2.107595351834299E9,100000,50.59669215396446
47.999999999999986,0,0,293.15,1.4236671044151599E7,2.0268280272539587E9,100000,39.2707331475
12.850945117364668,40.01229514733019,0.007462608775367673,293.57821891424487,2.053738525327264E7,4.2178844177821374E9,100000,47.99351568452795
40.16879030761144,13.050955492788795,0.0019439481833203977,293.31736762488123,1.4795375113963412E7,2.189053831341682E9,99999.99999999999,57.58893906428293
19.216233821510862,36.004501238106116,0.006560763004981166,293.54448083345073,2.075827239074447E7,4.309089931718224E9,100000,51.08882157327826
36.256775150526806,19.695754646533068,0.003018583255868153,293.3835556493075,1.5380686640646348E7,2.3659248338049593E9,100000,57.44894905471323
25.5806020865615,32.14599617307708,0.005597003642393559,293.50827681469514,2.028353719280758E7,4.114302162610796E9,100000.00000000001,50.81126413446594
32.246955076692615,27.295763135022547,0.0043864281067904215,293.45868972639204,1.7456400050772626E7,3.0769297340661416E9,99063.92404523595,51.67086815075499
6.444906228122773,52.13248823476659,0.009928652591714382,293.66837429101724,1.9958240690423682E7,3.983362720180508E9,100000,40.42560085939015
0,56.18806684615383,0.010708223971933254,293.6941213203269,1.9392603683741856E7,3.7607679707330575E9,100000,33.089060169302336
6.4583788802537825,60.17647280047237,0.011501776047040413,293.718242545918,1.908572695911691E7,3.642683219321382E9,100000,40.66970604850888
0,64.21493353846152,0.012222513700657946,293.73888608197734,1.8259831537547573E7,3.334235575416249E9,100000,33.812313902494026
6.470479800168133,68.21560090842215,0.012979648237533515,293.7583686419802,1.7679999630346872E7,3.1258371476077123E9,99999.99999999999,42.46801031028269
0,72.24180023076921,0.013627590263694906,293.77397378697555,1.6699087604505554E7,2.7886019978359118E9,100000,35.12882709616009
52.037271645583644,6.492378778725289,9.038847714620364E-4,293.24520888135504,1.3878563308883717E7,1.926146418927018E9,100000,50.84247830608705
56,0,0,293.15,1.3706116837804392E7,1.8785764733250465E9,100000,38.52552406652
12.87858786397839,48.06107223682411,0.009130022408813257,293.64135804823695,2.078586042455164E7,4.320603452494855E9,100000,46.83153231053382
48.11081517669027,12.997528096895753,0.0018348107499485868,293.3184593263568,1.3895239098373495E7,1.9307799787480097E9,100000,59.58034987501831
19.252158638937544,44.03363313692529,0.008273329250277024,293.6133940718425,2.184473337816076E7,4.772114171924593E9,100000,50.27083202781254
44.2581510856549,19.523785878047153,0.002788620996665723,293.38213161413864,1.3645456937789803E7,1.862081940592454E9,99999.99999999999,60.2582031151204
25.557406753037373,40.08507006598159,0.007299682337639393,293.58314988275816,2.2744674068936255E7,5.262101905430386E9,98316.55097950077,49.33009344544826
40.776934365215574,26.155198879171078,0.0037764614260838865,293.44589484672474,1.3061315560670987E7,1.8120762299501822E9,94176.14306634571,53.20324152503971
31.75043650966827,36.03017301822449,0.006108594129149173,293.546483710479,1.9455379442449898E7,4.556727265048084E9,83083.98160553927,46.70524401884316
38.419014444662075,33.60467859855845,0.005090790555584848,293.5222951814869,1.2170866816627413E7,2.576293481179058E9,57604.17095741699,45.55718736903245
12.897190514396021,56.1270329150384,0.010787700908487659,293.6964838599261,2.023879833771297E7,4.0961540640831184E9,100000,46.12320472471257
6.477787861496221,76.25006395436502,0.014326850352183786,293.78892402768594,1.5933711462050796E7,2.538833911882461E9,100000,45.1374664987572
0,80.2686669230769,0.014896574051018291,293.8000946131599,1.4897705762503512E7,2.2194170430749416E9,100000,36.62808671028781
6.482153072474435,84.28017854271422,0.015524701132943677,293.8111925035751,1.4043811607456379E7,1.972286618814501E9,100000,47.29436524156575
0,88.2955336153846,0.016017228348208287,293.81870786801755,1.3025798581868127E7,1.6967146329718378E9,100000,37.49234479459382
12.923008420131586,64.17636849554465,0.012362623762412166,293.7418137000678,1.8984989365692083E7,3.604325054409218E9,100000,47.238114558726664
12.944990347361674,72.21903542603549,0.013806738006274558,293.77718569354266,1.725371740143467E7,2.9769128664016037E9,100000,50.256406450696936
56.04670083431437,12.96723161455231,0.0017683692456595742,293.3215341751059,1.3507841637116639E7,1.8246349515422823E9,100000,59.7935053923747
60.013840491325446,6.482322919563852,8.747937582090469E-4,293.24697743131236,1.3481505741171712E7,1.8175121810410774E9,99999.99999999999,49.46092460652596
64,0,0,293.15,1.3320897118505329E7,1.7744630501548312E9,100000,37.030543245880004
19.29045254286355,52.102623025638216,0.010041519707583546,293.6743045530402,2.1824109120900325E7,4.763076525344059E9,100000,49.78145804195259
52.095556213111635,19.44205291202712,0.0026628975087147496,293.38505801572614,1.3110793132850492E7,1.7190272459879065E9,100000,62.758338442200035
25.642618289392146,48.104008076020236,0.009198261722249383,293.6512943378122,2.329253927832082E7,5.593992758209046E9,97000.81112139334,50.723139387943725
48.622991344972945,25.93347408709214,0.00352177077406584,293.4466572647793,1.134133250662227E7,1.3457063699590588E9,95608.88525612497,56.75630773818548
31.90239117215392,44.192108753536274,0.008179524918304896,293.62519064855854,1.7615592331056446E7,4.838718248042698E9,64180.499592318454,47.9538925544583
45.59364258527431,32.43489661127506,0.004471614693441457,293.51225348593925,9006556.200765422,1.4482148583405359E9,56072.482109154305,47.982518809043825
38.34262905821226,41.16818909177545,0.007095710144584649,293.6017669002508,9818880.959484952,3.198490937773401E9,30164.03155308792,44.77259061861227
43.43099383632767,38.10592361167183,0.00586093473825833,293.57275034875545,7849405.935353935,2.321280797941696E9,26545.189489584136,44.30811922830364
19.34456982817795,60.1443096081517,0.011749451774862951,293.72465327424743,2.076395871959455E7,4.31148174426159E9,100000,50.36629502616382
6.484495926326883,92.3082691285676,0.016569265344656747,293.82671622291855,1.2163838614791369E7,1.4795910528562043E9,100000,47.196545125821046
0,96.32240030769228,0.016988983719449624,293.83110310690165,1.1200513537336176E7,1.254516178745002E9,100000,37.36176806935988
6.485336376836145,100.33562275109601,0.01746607047504684,293.8364227349048,1.0383728195514806E7,1.0782197658704648E9,100000,45.382562363120606
0,104.34926699999997,0.017818003149265772,293.83781686180663,9471441.122740695,8.970827562955967E8,99999.99999999999,36.5778688528
12.957845343977032,80.2580422995454,0.015092975367336845,293.803676891315,1.5289916324956112E7,2.337815673492953E9,100000,53.44533153510729
12.965183675959238,88.29155461548113,0.01621363132097881,293.822825085075,1.3297291780520566E7,1.7681822011939936E9,100000,54.26522880048259
19.388911270298482,68.1824910192721,0.013322971516992339,293.76464526527565,1.9002041936821204E7,3.610785293058635E9,100000,52.11661800772357
19.421472055808877,76.22264449575609,0.014720243146097255,293.79570166408286,1.688532399155224E7,2.8511428444631557E9,100000,54.257236444758426
60.018206440099824,19.432149997863025,0.002611580491019377,293.38993895110985,1.3342928127329854E7,1.7804157320495098E9,100000,64.33249229259974
64.01495747449415,12.958112756527731,0.0017259161718377154,293.32444581473237,1.3342927062067745E7,1.780345509985773E9,100000,58.51179342640514
68.00305925506682,6.478814993787581,8.515904481894034E-4,293.24792834505,1.3156166834576951E7,1.7308476410295877E9,100000,47.65024673608462
72.00000000000001,0,0,293.15,1.2956789796858579E7,1.6787840185592823E9,100000,35.980413151659995
25.711251755097987,56.159134608935226,0.011104225415221788,293.7076082065268,2.23263229528477E7,5.173924719040725E9,96356.39691133547,53.766138489508556
56.21182807512122,25.867823314905866,0.003471195971306691,293.45175654234686,1.224149191443128E7,1.5292362643076954E9,98098.53066368705,61.66071331451429
32.05584586936905,52.22416101268298,0.010411004678930842,293.6896560252623,1.6269515523171948E7,4.486845897641953E9,59067.07974267052,55.490057233020586
52.823157100631285,32.28645225890656,0.0043533462827592675,293.5158156537304,9876375.801221183,1.532167133868522E9,63761.60333730859,54.029158819831025
38.39961445113531,48.452138168787044,0.009707728645611015,293.66899524043885,8768286.403921964,3.3725508367583294E9,22853.36199302152,52.70593052564802
49.488838238324504,38.523717528849176,0.005918865352135529,293.5813305754457,7738865.574227452,2.691008932616579E9,22342.80355902095,47.55866029276624
45.31084485516523,44.79813622790103,0.008757317785106406,293.6434394596841,5824657.520359004,3.5914855116971335E9,9490.74963123357,48.171380183915126
25.786820075985457,64.1746557734864,0.012861531235598996,293.7517926538685,2.0332835314342868E7,4.328547773786268E9,95525.01171498816,55.54990852231743
6.48530776293111,108.36257499631503,0.01822444171990378,293.84046676251705,8722853.691847298,7.608823053287339E8,100000,42.955535594139455
0,112.37613369230766,0.018511708830530334,293.83881043486423,7821650.755918353,6.1178228022335E8,100000,35.37362433478652
6.485477123680083,116.38968735173701,0.01885196577048884,293.8386381700866,7138184.048906743,5.095368758908205E8,100000,40.92400862832597
0,120.40300038461534,0.019073999457110996,293.83385448807104,6184120.661117007,3.8243435170378876E8,100000,33.852236773418184
12.968796824140824,96.32116676131095,0.017175583132867198,293.83585668353663,1.1417988006090848E7,1.303708963849935E9,100000,51.705601345490756
12.969599616512312,104.34884167646857,0.017993047414490374,293.84321828059547,9723978.583928123,9.455604727308131E8,100000,47.41709836549682
19.439071680620433,84.2651761518203,0.015928922400302442,293.8191780287162,1.4682099964782104E7,2.1556496297576294E9,100000.00000000001,55.37905001901998
19.44817779757805,92.30290545828284,0.01695690039323663,293.8361329091703,1.2592246310680093E7,1.5856626830173528E9,100000,53.03728485571535
25.853972424870058,72.1927672078776,0.014407834432028853,293.7870533077296,1.7846080093306344E7,3.3820561912919726E9,94173.71329391933,54.198102095691304
25.898493016988407,80.22811210851764,0.015726671062565357,293.8154577201721,1.540433313946397E7,2.5440188993909354E9,93277.99077148286,51.748581942788554
64.05168622067558,25.901854614360353,0.0034780356920663335,293.4570338382368,1.3333232730500432E7,1.797906709006133E9,99033.99775625799,65.54663478614121
68.00793782615838,19.432416972784427,0.0025663999878934884,293.39249222101216,1.3443916517125227E7,1.8073934432471745E9,100000,64.21832751807732
72.00477087658568,12.956001964406362,0.0016815250949939076,293.3246639035981,1.3057801797572747E7,1.7050630796301582E9,100000,57.36885599670156
75.99999999999999,6.477870020307598,8.268732168490038E-4,293.24711119420743,1.2775344614961036E7,1.6320947078619196E9,99999.99999999999,47.046005611478314
80,0,0,293.15,1.2562844379067821E7,1.5782506113105042E9,100000,36.0031097524
32.13576769271395,60.214252322404135,0.01251164656317041,293.7389804798886,1.5245797480500447E7,4.0845043023130965E9,56955.47617025779,61.99368291557597
60.34924213369777,32.32917773199791,0.004448086080661717,293.5220813280828,1.246133631543045E7,2.214101819316288E9,70211.0426314092,61.66196406479754
38.43968194296219,56.322793804404284,0.012649497512369516,293.7251823531437,1.0135648688043946E7,4.732532480470151E9,21748.179146683015,64.56373466084712
56.772685529148184,38.71683154123612,0.006374605209002415,293.58880243407947,1.1418830049470723E7,5.403942747804014E9,24177.102786282045,55.19299097777671
44.628114718317654,52.61043685392432,0.013544507562744673,293.708415314014,7561110.921638109,6.589486868314519E9,8717.518662819652,60.54613889286811
53.36303231079701,45.12317643097839,0.010749575637837466,293.6531215800167,9690691.448815579,1.096405661417624E10,8614.654034864978,52.62208364577257
50.098560720624945,50.29449204046791,0.014797258459449514,293.69633990656627,7683414.746880436,8.301091095711493E9,7118.814031976597,56.46790287791473
32.233984312920875,68.19690537009119,0.014348282299138591,293.7781924536518,1.3720583755454093E7,3.5677383283468003E9,52779.658267838946,59.89246832183557
6.486248633356059,124.41746306004198,0.019350199820218128,293.83069648799784,5557033.5256487895,3.0880748281451863E8,100000,39.07614639153664
0,128.42986707692305,0.019502069658046725,293.8225960204217,4436086.039017181,1.9679506980680585E8,100000,31.725262643872668
6.488124468953515,132.4455533292683,0.01971393282965597,293.81619261253746,3942795.59473337,1.554693022403885E8,100000,36.6750466270293
0,136.45673376923074,0.019785495975399702,293.8041876510591,2245181.129887925,6.174313587929829E7,81703.81722725838,29.069265854676534
12.96922589493014,112.37549629417417,0.018680437191816283,293.84473452040294,8209465.33664083,6.739535472588394E8,100000,43.96316855707958
12.971173254102652,120.40333562550165,0.019245959336587962,293.84014902464577,6808269.793440745,4.6352639176919633E8,100000,42.14897798637029
19.451925635471785,100.33472471733097,0.01782551116630066,293.84720347391345,1.075635735545889E7,1.1570068042493076E9,100000,47.869317504308505
19.450933943074002,108.36271380985345,0.018560682344457402,293.8523776265931,9240844.738252878,8.539371856225667E8,100000,42.440080572125105
25.92050404199084,88.27355557377587,0.01682751707544872,293.83742097930644,1.3233546868524104E7,1.867252932179574E9,93809.02521013444,49.02740775077671
25.929931897079907,96.31583320513799,0.017739370515090638,293.85302969927017,1.1371735262389444E7,1.3512969654309003E9,95719.31349681532,44.779217223242064
32.31823647533152,76.20629482081385,0.015862860390846407,293.8114388630122,1.1697991165711299E7,2.8361487062053905E9,48254.246785139985,51.92294673240509
32.37373570293937,84.23882932736869,0.017026545931049786,293.83954248440136,9618404.273108402,1.952017855881265E9,47414.75414401352,45.024199087757886
68.10787299453534,32.368532084085494,0.0045188894282203644,293.52554760829156,1.3812620874149447E7,2.7721380122549186E9,68842.24482131889,64.80745811275959
72.02084621404984,25.907031611876132,0.0034119320533436124,293.4573597780496,1.3353042843493499E7,1.825598236786761E9,97756.31436342928,65.10796345571303
76.0026707037948,19.433057002415634,0.0024887395606136686,293.39015619598763,1.2976615126548536E7,1.6839572445061152E9,100000.00000000001,63.07616985986815
80,12.955740040615195,0.0016270890721736952,293.32131858285555,1.2571689188229762E7,1.5804800950259278E9,100000,57.20736622823164
84,6.477870020307598,8.007509850548748E-4,293.24455474466964,1.2353900215919765E7,1.526189012487254E9,100000,47.709324933894045
88.00000000000001,0,0,293.15,1.2180253730241984E7,1.4835858131233294E9,100000,36.766964396860004
38.54578428430111,64.25356190392952,0.015276221562771987,293.7692270750736,1.2244337994552724E7,6.914824987573689E9,21803.74203815532,68.47443023064977
64.43983995442447,38.794926153319174,0.006915674244693303,293.5942710105951,1.5410365453314623E7,9.26282702661104E9,25732.294900227746,62.0390350730217
44.77820574700872,60.324496758403825,0.017764922181940503,293.7578348775941,1.0577238596340789E7,9.312836144027018E9,12017.805920509476,69.99573086973466
60.855086937908595,45.30007348845647,0.012762092623672701,293.66017671863915,1.5422062448388485E7,2.0474314889248768E10,11617.551651522539,57.60915384686255
50.664987825363866,56.66314972262159,0.019685058349725306,293.7430193864202,1.0202204404885735E7,7.458869910631513E9,14000.40089830255,63.62363586877077
57.07280160918036,52.393348084547064,0.01933698060023381,293.7190159024096,1.3342383230964085E7,1.0984172706257463E10,16303.701135353853,57.59064787223468
38.68351825937224,72.21662350486282,0.01733929936002775,293.8070054589553,1.2535548424331868E7,7.5906122338709135E9,20820.379329633084,58.83553109007212
6.492393191362233,140.48024251452082,0.01995577280927635,293.79395330190727,2210174.087110222,6.628868052979814E7,73729.41236671834,33.37544735713564
0,144.48360046153843,0.020003112039650106,293.77684514210466,777102.0195869523,2.0661808444019847E7,29241.25902828519,26.228200992463808
6.508349427567222,148.52633858141687,0.020197853960438786,293.76147288919043,835944.7224486879,3.2869838817368742E7,21302.94132430931,28.933061030414198
0,152.51046715384612,0.02029486511164146,293.7374874073171,332896.73894009594,1.5020852026026456E7,7427.691554087884,23.466196781813945
12.971078054822584,128.42898116047746,0.019687309048391263,293.829324027973,5456931.768013752,2.977836868751529E8,100000,41.168891161887906
12.97926888139524,136.45953105002033,0.019998786549602052,293.8117377871277,3989128.6388813616,1.6649948251941356E8,95705.9366869612,39.41881379284991
19.447114374400375,116.3871305918978,0.019182709992256256,293.8513338127693,8005336.764143775,6.408553987937652E8,100000,39.57649321681216
19.44538567224691,124.40659312639669,0.01969743426560309,293.84404408933216,6928363.921683215,4.8003698427925414E8,99999.99999999999,39.20997151791059
25.930935737647985,104.35034320956989,0.018502696744922068,293.8623497731441,9897523.383038543,9.979269251562239E8,98173.6154162343,39.22365162579005
25.923277504710384,112.37810271869266,0.019159338154730823,293.8651777530713,8806814.294269338,7.789219503570638E8,99599.45698789765,34.88262983341132
32.399014937051184,92.28583184293207,0.01789186349016471,293.86108673338236,8069522.122055865,1.2374489893863325E9,52702.174841798136,41.80408055287706
32.40591850421078,100.331616425289,0.018579106468435868,293.87519427908313,7143149.236541943,8.24818024760033E8,61952.24570565549,38.77375521844255
38.78417793856925,80.22320315067516,0.018664049367443956,293.8414239447184,1.0891401526382396E7,6.224651348017253E9,19180.42835846375,46.84477511337698
38.845958934505255,88.25450231737878,0.019272821384567415,293.870228137222,8378906.31003784,3.8886848896910386E9,18213.066330269005,42.20035932378088
72.16057395782893,38.82265332761541,0.007122481314168352,293.59649056618423,1.6084909429680144E7,1.0670076087171633E10,24360.10064266111,60.459504476876354
76.04952243290931,32.37557807962853,0.004413918204978696,293.5236822619327,1.2973862954087123E7,2.6998095831661077E9,62358.17942273258,60.48011189074065
80.00385207770414,25.910329077707257,0.0032571166860905216,293.45200569828245,1.2169911661971249E7,1.5493927700079067E9,95620.91150754859,60.917839590706194
84,19.4336100609228,0.0023912405357585363,293.38366521882176,1.2146164736243946E7,1.4753591354480712E9,100000.00000000001,61.37323214821766
88,12.955740040615195,0.0015735692077391112,293.31578394608135,1.2074306954626717E7,1.4578903950195496E9,100000,57.267829104256684
92,6.477870020307598,7.776387905776721E-4,293.24118908755463,1.1988568791937403E7,1.4372578961879997E9,100000,48.229772760740275
95.99999999999997,0,0,293.15,1.1861938124045989E7,1.4070557690577884E9,100000,37.19456744232
44.98968412524456,68.25975404869995,0.02065073070812309,293.80036778476193,1.2941296603165733E7,9.927724914505754E9,16927.26603133793,65.96934446101284
68.52842937491836,45.225080078067755,0.013739131547960248,293.66394488578635,1.8722319935387757E7,2.5706852588439056E10,13645.574523517897,58.77063034118618
51.256095695446135,64.2669991829965,0.02286063047358099,293.7897608468317,1.3468960466544421E7,6.137379721337882E9,29572.936867805885,65.46334206122002
64.95373284898322,51.54707864259032,0.020133522111247273,293.71881259151087,1.8808445195219222E7,1.4725523394604607E10,24063.857355893095,56.3882174749125
57.37953744607491,60.57296429221907,0.023470597395772525,293.7766804973873,1.497167377277673E7,5.351701977261368E9,41905.42376035412,59.53225052512594
62.6569051716447,57.197931283551554,0.023098900362331688,293.760280418851,1.8247229990151733E7,7.658974990339053E9,43477.37919311573,55.63852946925213
45.15932955799518,76.23237982304008,0.022397454028132976,293.840050183208,1.2914503922137707E7,8.90840618991685E9,18799.939309613503,53.63986709201776
6.53943731254968,156.60104342805158,0.02067589907594654,293.71484190518163,380599.8159696614,3.299735511111961E7,4433.74590954835,24.438470463755962
0,160.5373338461538,0.02110369630171652,293.68305481730334,195510.84614625457,3.156847844326437E7,1229.5158615753598,21.410563309367706
12.999922094339192,144.50342873938058,0.020241213999523586,293.78571025665127,2086373.2620946171,9.923765716787831E7,43893.07958621093,35.503532291303145
13.023321442674174,152.5786866208132,0.020635940847416382,293.74753664301744,889766.2135421325,7.22821658966677E7,10977.765307418047,29.282189306512226
19.47974422433612,140.449490552966,0.020395245053298854,293.8099917286631,4088226.8753359984,2.6187819031104466E8,63954.17852262782,38.523756049157335
19.453996225507016,132.4233873000755,0.020093338303980943,293.8305514893989,5724707.2364005195,3.284339566324729E8,100000,39.79979294873121
25.91136258949537,120.39609348541808,0.019733566442750403,293.8614929950174,7914509.628289801,6.354196259744033E8,98698.19545950745,33.420047871714026
25.906789320414898,128.39713189787147,0.020224205997759235,293.8517777662339,7109678.924077435,5.367944220663273E8,94520.16995089216,34.60501497822178
32.399669317450794,108.36877767907879,0.019196229935805012,293.88206810377096,6950623.365808823,6.825523222749144E8,70791.61405577393,34.32548663319364
32.378723020289335,116.39516048276505,0.019804213148282863,293.88213208960525,7135461.514033526,6.994463236596583E8,72843.83500276423,30.71940337311238
38.87193590906068,96.30240486117404,0.019498275400496052,293.8897585200007,5878854.492180268,1.7876740604683774E9,19392.580968310645,42.762186204657276
38.87363435168017,104.35142138206868,0.019750281157238436,293.90024138233804,4280164.89514641,8.260442872520503E8,22228.28473357084,41.45863221605302
45.248338269542266,84.25043707479904,0.023266067714695512,293.8762589414452,1.0671171976572825E7,7.578154831453385E9,15090.893183155305,46.20873455485623
45.31263171404792,92.27568838339697,0.023270772600018173,293.90249005702594,7522763.447320338,5.913540792243457E9,9578.042711871232,49.832780773633765
76.21041427325578,45.2558061001982,0.01375534988513199,293.66717219231447,1.7613295381511595E7,2.4455370281678207E10,12698.082912213154,53.70099980058216
80.05670803445426,38.84415523439256,0.006753113921252594,293.5948889530775,1.3249675166284049E7,8.2161284731981535E9,21461.550930842637,52.155474780420555
84.007077627184,32.385998331394575,0.004139225469229909,293.51705634195713,1.0529328391253823E7,1.9760881361083262E9,56210.30370402866,52.415528399395775
88,25.911480081230387,0.003097980003224625,293.44323280554994,1.070623760783807E7,1.2077557681200755E9,94952.16062579198,56.28974179703173
92,19.4336100609228,0.002314843258086637,293.37587098204904,1.161811868227466E7,1.3498380203006265E9,100000,59.696528591278316
96,12.955740040615195,0.001533174680633865,293.3101134255716,1.1776163929975444E7,1.386783390550493E9,100000.00000000001,56.68868870671589
99.99999999999999,6.4778700203076,7.594233350492639E-4,293.23802402008437,1.1717730292650372E7,1.3730524378125365E9,100000,47.82134632453918
103.99999999999999,0,0,293.15,1.159955201030837E7,1.345496077803038E9,100000,36.78595936096
51.49420128201639,72.28805395856676,0.024741586248103256,293.8346704059573,1.542844744316498E7,5.614230692193984E9,42401.17750728122,58.015995647140926
72.56218811989643,51.63033064234766,0.02070761588779715,293.7253676309111,2.009017370996364E7,1.5160617247679564E10,26656.595058125793,53.30648526751787
57.87954639357584,68.4054590815187,0.025532635253886386,293.8266653367452,1.9136479955504097E7,4.85941959570676E9,75364.66917735945,56.90235114037341
69.03708544877638,57.938209296421135,0.023993675555010533,293.77310268362066,2.162637746440875E7,7.907697908090661E9,59151.24615988537,52.06059746972243
64.74688798123863,64.51089839807906,0.02556329674892396,293.8149202418172,2.3173088711764943E7,5.611891805868035E9,95728.05618629628,52.656008724313956
51.60859978294493,80.29640404375284,0.026063365221847667,293.87694564306963,1.4539392579684922E7,5.280897710958734E9,40030.23904458219,51.381521504718535
6.52866264293838,164.63976312505696,0.02250990044922599,293.6522143399659,239247.15682222927,9.887470090003937E7,580.5748754451938,21.468248810804653
0,168.5642005384615,0.025193179567916692,293.6137717012992,205591.39156938903,2.0711387197888127E8,205.58596698560757,20.374010895183698
6.503573374402482,172.79458359286716,0.03132384620935159,293.5746283755484,259511.62978215053,4.713473629463139E8,143.1084937421381,20.32895724777406
0,176.5910672307692,0.038514412868277316,293.5329718999012,231254.76332574198,4.941613031468933E8,108.30699607452449,20.073582636482037
12.977507133659682,160.5988601413699,0.021689072991269005,293.6933342259422,391764.47843432386,8.65537884709926E7,1784.8181931140955,23.907195601857936
19.521581730054766,148.47661904580877,0.020828770955079016,293.779626002633,1974996.3264137262,2.1002491650877765E8,18633.657666280546,33.595269550303094
19.481235944783474,156.42915270176914,0.02173752477495194,293.73504574704344,856135.5301211287,1.8446323975554717E8,3991.8656368782263,27.109976698899768
25.98006891997703,144.339157042509,0.02127657411875332,293.812277090838,3672888.2266609813,6.167710740217847E8,22015.81801482641,34.1237877623766
25.92437963949723,136.37563555414985,0.020662185155432177,293.8359906143075,5940328.88155722,5.75487146825973E8,61547.94138749115,35.793922538531156
32.35156290840749,124.40202801254128,0.020432665510102036,293.876123678632,7336372.790283094,8.543406632567762E8,63218.24515233037,30.155724660922733
32.340231361040395,132.3691874625551,0.021146331787324838,293.8646837458136,7058490.777403191,1.2331623472568982E9,40677.41807918178,32.22720060442233
38.851131751898656,112.3923882585053,0.02024108810113059,293.90354648832675,4259643.829594472,7.414283182000761E8,24541.831497286763,35.74600238019719
38.80492629035831,120.4218085368544,0.021036902855628894,293.9009617459723,5383097.168222405,1.2222403213293276E9,23890.440577572434,31.71884768031833
45.33702479037714,100.32285572432647,0.022536028138764666,293.91683239918365,4763560.255320692,3.564668603110399E9,6428.279074821835,54.04720242287883
45.32936905623772,108.37602550483892,0.022127788093023626,293.92255324052957,3104372.6661618664,1.6473288086359646E9,5884.677620160778,49.519306892012736
51.70598742171321,88.2893553163048,0.027064930210639604,293.9104759896566,1.056403247664873E7,4.56293825674617E9,24464.346262501767,54.88182008495064
51.772984153287204,96.30526490176544,0.02774465116238643,293.9303642655082,6595943.14310691,4.233045150534537E9,10330.246629011277,63.77561985942514
80.25036104480466,51.72595268586708,0.020335082926839585,293.73046028151583,1.7688540790109266E7,1.4939941255489334E10,20994.51597184621,50.2011307963248
84.0659217466715,45.31534475804425,0.012209318493480725,293.6675516983724,1.3348973122929668E7,1.7910593265200565E10,9955.601828984145,47.78359841762943
88.01168590855127,38.86160498204611,0.005873958671567279,293.5890946815944,9718756.474566473,4.368918505044848E9,21696.02007440958,45.37720478474363
92.00299972360438,32.38782610179688,0.003873800683875578,293.5076492635522,9138847.54469951,1.3415535278490505E9,62483.38568042445,47.83706486002547
96,25.91148008123039,0.0030351346233105556,293.43414763641744,1.0882908144769922E7,1.2055333801992314E9,98322.32899693442,54.288516554374326
99.99999999999999,19.433610060922803,0.0022728187403018682,293.3688438538631,1.164339765953262E7,1.3557089420055416E9,99999.99999999999,58.74319789216353
104,12.955740040615202,0.001502776697728403,293.30525161281776,1.1611752714922005E7,1.3483303681699681E9,100000,55.7657430577541
108,6.477870020307603,7.433343721147725E-4,293.23538033877463,1.148097165793269E7,1.3181271905982137E9,100000,46.93728923462161
112,0,0,293.15,1.1345861001426905E7,1.2872856212320883E9,100000,36.19691624224
57.93023377164444,76.42616583194122,0.027088239764633985,293.87454031762405,2.176517629414249E7,5.644342431421903E9,83931.71480917755,53.43948394613057
76.52487868350985,58.10501931750182,0.024353716320197897,293.7814861529032,2.1629010246214032E7,8.51571344745131E9,54941.843096600955,50.00603706922623
64.21157243842973,72.7145517442003,0.027343906380504154,293.8690779786713,2.6030825874867797E7,6.7995136526932745E9,99688.57541714836,51.930690797673925
72.8944212647525,64.63349221715173,0.026316172606823975,293.8285804948396,2.6902161066262797E7,7.240627182890408E9,100000,48.93968508554588
69.80313483753402,70.10901997675474,0.0274491007373297,293.8640772164315,2.8251263742486782E7,7.981561297764954E9,100000,49.450216903150576
58.0487075564984,84.36274790140585,0.028556208255110318,293.91521538547335,1.9270540793176744E7,5.765303767274776E9,64420.47422031637,55.175667386104486
6.5781593289771125,180.70602075544025,0.0476615723463853,293.4898384198279,223297.25803019913,4.8756646527994424E8,102.28283296878385,20.0503593714691
0,184.6179339230769,0.055364207591362395,293.4439818123427,207875.24352803023,4.309920324892307E8,100.26660999048282,20.007732037600537
6.470926793548354,188.33241256858207,0.06335676169945272,293.40186292949664,197567.94750561207,3.899980094022944E8,100.08661390229275,20.004988303187805
0,192.64480061538455,0.07122548250591643,293.3493226134058,189444.5959969092,3.5886127905148864E8,100.0102762952303,20.000683194438437
13.119151407941741,168.70881909142628,0.026461360584610596,293.6219865315946,282646.563318302,3.2727632340259755E8,246.23757717107742,21.025409624802624
13.82543176555079,177.17179890396906,0.04221295608720633,293.53479710793664,256148.2381583279,5.960308862274386E8,110.20670305288908,20.187733833329958
19.465519781545872,164.41206333332127,0.024721518311868803,293.6724679479733,381458.5159924853,2.7296305537119484E8,533.416156855415,22.417923264516173
26.006498894681993,152.2351315093856,0.022448502013492657,293.7765189496476,1883575.8664566353,6.109245675114824E8,5859.228798140427,28.99010326760602
25.891346628463797,160.27059850391922,0.02541994639905244,293.7220898402197,798028.2841189457,6.434184749705333E8,990.838137312738,23.90969685040349
32.48030755119802,148.0685777611804,0.024170269212000082,293.8192095823311,3565409.2951147985,2.217241259929862E9,5780.167852761879,30.070833114090522
32.37350543018233,140.26807683931466,0.0221905051555806,293.8468156734205,5698826.144251677,1.7717000161207597E9,18519.15395250665,32.937446149738754
38.75377011927798,128.4242340895232,0.022246139868858456,293.8932995651799,6588784.988850139,2.3931224159473166E9,18348.56015210829,32.927835673995475
38.72788040638035,136.34234775171487,0.024254003651847014,293.88019631047297,6801947.113569763,4.563552054621948E9,10216.0367330262,35.59953210794402
45.28989945917353,116.43020844130102,0.022917705939456006,293.9222388109766,3227523.3856096664,1.7642250157036219E9,5950.429962139539,40.93944146105316
45.19110168182721,124.48201283686168,0.025147099456024006,293.91672852125333,4906557.559676631,4.529845342717717E9,5332.363854702117,38.574831833959756
51.79774554276813,104.35011201985714,0.028013368410132345,293.9390889703491,3521986.3860053946,3.7528340152911325E9,3323.7884228334347,65.23876204968234
51.79375081437657,112.4086146375607,0.028802510668803353,293.93999493414873,2880793.879082685,4.754783168942722E9,1757.6939477958329,54.28704224491213
58.16503845187787,92.32717198403661,0.030109188567790716,293.9422626251439,1.2208146865149545E7,4.723770990609642E9,31562.111817196546,64.68250046830622
58.23993247738827,100.33943762849215,0.03230665668039764,293.95551661802733,6425154.315942246,4.138007109374621E9,9981.592575480869,70.88965279998332
84.27639486514391,58.250839901227096,0.023969812774588085,293.78479970363725,1.7752477999135334E7,9.155999254790588E9,34424.163503596785,53.46427941220794
88.09699022712613,51.79116577797881,0.017908467743903648,293.7301055919295,1.481748771936345E7,1.792474182559562E10,12324.624904616401,53.23840186256399
92.04143835697896,45.32894643985308,0.008976203421134003,293.6608485769779,1.1125986664475812E7,1.0452160788333403E10,11952.617019492121,48.03461079552984
96.00680099274673,38.863667349358806,0.0050707993855344385,293.5783493630743,8996200.105782062,2.294223707867737E9,35487.207419163875,44.81500876562843
100.00134726347743,32.388547301493965,0.0038073192999537532,293.49671990308667,1.0988345852574652E7,1.3869543352738743E9,87192.28216731818,48.51752185928529
104,25.911480081230405,0.0030173453895212016,293.4254012695478,1.182161866189167E7,1.3975714636945207E9,100000,55.6398659742297
108,19.433610060922806,0.00223620139539977,293.3623550362557,1.1639262762521258E7,1.354726779385733E9,100000,59.317481442846606
112,12.955740040615202,0.0014711487591552305,293.3007042426279,1.139570530731418E7,1.2986212436469889E9,100000,55.62479619772318
116,6.477870020307602,7.264075644261397E-4,293.2328714036821,1.1215017722737834E7,1.2577667761926122E9,100000.00000000001,46.57086439130469
119.99999999999999,0,0,293.15,1.1090161503180068E7,1.229916956979123E9,100000,35.72330493039999
64.32465653875333,80.50582104845115,0.029139282822224114,293.9165676869729,2.9588116751417007E7,8.85416100137058E9,98892.06884804169,53.27649996432282
80.53963638878,64.8200045793028,0.026818967294716067,293.8357758460069,2.5955368744038958E7,8.267133202642888E9,81511.9764722497,49.935161411163854
70.45299035912181,76.7013601074084,0.029292101699242044,293.91116886286585,3.192073768418848E7,1.0189452717546537E10,100000,50.19649769389584
76.66803166392707,71.99397573731731,0.028776943759966804,293.8891989796156,3.2679319616909415E7,1.0680196793039457E10,100000,48.1211169355705
64.50730238740806,88.38869497796739,0.031022245528409657,293.9530811499463,2.5214611808769573E7,8.898144932378418E9,71461.51501125308,59.30703087086527
7.254091339081503,196.6301452217652,0.07901170162109948,293.3016088050004,179955.37723799652,3.2383710809460276E8,100.00236190055512,20.00035817820326
0,200.67166730769225,0.0859193374915088,293.2508327001489,177915.95796015896,3.165473583985893E8,100.00015908484615,20.000032972061536
5.50341009778837,203.5331613729263,0.09106840741452876,293.2152765715633,173984.77985494025,3.027084993160702E8,100.00006772601922,20.000015239747178
0,208.69853399999997,0.1,293.15,174169.94354033898,3.033552622523645E8,100.00000128399999,20.000000688699995
12.669024040361046,184.72832831337698,0.05774578112514728,293.4476845530907,207037.54516703947,4.2694989392685986E8,100.39992599474768,20.021388946402556
12.4143941973273,190.63033810931805,0.06903801619055609,293.37706324974863,186835.68663594913,3.4894383339476407E8,100.03857179527714,20.003674980005517
19.774344628938426,172.36905454893017,0.035787112943405745,293.594991223106,322144.0408503359,7.210562132274843E8,143.97634949212556,20.590804791405215
17.899110531511663,182.50578327115323,0.0558752679834356,293.4787554135812,214743.0472918314,4.5568779904162884E8,101.20540015244535,20.05051537598053
20.25448366812825,178.36276341189298,0.049061749472890284,293.5297665257748,245440.77302366757,5.76324319949136E8,104.52866359149104,20.139800853879418
26.62582881914723,169.0059637558752,0.03714013954120204,293.64373732325174,417827.2503247151,1.0903626548152907E9,160.51727286824192,20.901871631773087
32.68243206026096,155.82414448297118,0.028756036403753692,293.7764046278625,2035017.2222266917,3.1666934737545533E9,1315.1955364990208,25.505155774345965
32.84832123915862,163.05526907752645,0.038601533338545574,293.7186748369273,1056253.924757384,3.522011266956812E9,320.23345925380175,22.229090802391884
39.06994285176202,151.64739469743898,0.03664665703748065,293.82593794586825,4198729.112500753,1.4408763748945982E10,1252.4072907542698,29.79507077217747
38.76868957776299,144.09681239427752,0.028121194434414357,293.85917433077776,5636539.91985872,8.24137842518163E9,3869.8369858169576,34.739037478233286
45.10826371214489,132.48628340301357,0.02946455305984039,293.90595049452986,6969321.936349138,1.3606001918997797E10,3628.8397934571362,43.84997660372153
44.916078108511044,140.35246873687103,0.03724809879429574,293.88779785087166,7379758.23601944,2.7020956295255054E10,2063.58163367975,45.664350052794816
51.71871269035275,120.48224178794077,0.03329579184375497,293.93441044058363,4480784.769933224,1.3309451453050516E10,1550.1253083362283,46.8370228548067
51.59961394257406,128.6117173475711,0.042582710120226304,293.9217968953885,6742341.4305124795,2.7398398386310085E10,1665.8549763563908,52.36025369672199
58.271802980974805,108.37597532573523,0.03685213933477408,293.9578617808574,3774036.071450639,5.870592837934173E9,2435.1688535237486,63.91897944019342
58.22936708184387,116.42999079120494,0.04703493260696592,293.95003591600204,3469984.2875014096,1.0457566859962114E10,1155.9207248490359,52.88893744875782
64.63959918686275,96.37052887350437,0.033723292024620766,293.9742522836801,1.6256775579990698E7,9.267019309886257E9,28525.847708556725,65.81005569683283
64.73490940132376,104.38100454002068,0.039235867188826275,293.98042776479815,9349860.79103395,1.2212856005767311E10,7178.956769991062,64.43009790460509
88.33224757387373,64.73165836533607,0.026545745047673402,293.8315599971641,1.8422506894534204E7,8.374474023868908E9,40534.004952652765,58.12629562647772
92.14048521787572,58.26955191496548,0.021402576964276596,293.77925508093534,1.6231759653310679E7,1.6755956713895452E10,15828.4983711167,63.46831857385907
96.07021254871317,51.797411099530024,0.012135640164159411,293.7192787564441,1.420917030433614E7,1.7489499048565327E10,11619.608450224756,60.30432216255702
100.02432023477421,45.33297314206641,0.006615438967667197,293.6447442116683,1.0580922391530834E7,3.948550466112861E9,28412.118540262047,52.04791775773854
104.00395765161936,38.86385107906831,0.00474054474393252,293.56179585744167,1.2284650280774742E7,1.9455471754197571E9,77751.56984880356,48.564856782056175
108.00053004812837,32.3887322716624,0.0037947813403182555,293.48338129871945,1.2593198467022441E7,1.5866066710777223E9,100000,52.68079614353081
112,25.911480081230412,0.002966584750248528,293.41567558426095,1.1866004865107706E7,1.4080279212283647E9,100000,58.591118173670914
116,19.433610060922806,0.0021830812451709754,293.35521192602295,1.1358187746806813E7,1.290086623927261E9,100000.00000000001,60.649770319379606
119.99999999999999,12.955740040615202,0.0014338343730335276,293.29564895830345,1.1054177112757267E7,1.2219515765622218E9,100000,55.87130339524822
124,6.477870020307602,7.10223572203376E-4,293.2299877478899,1.0927192999679975E7,1.1940425940863097E9,100000,45.75933668526332
128,0,0,293.15,1.0941835905256823E7,1.1972414256241972E9,100000,34.24802415408
70.78569936110598,84.45499813903186,0.031522466819197854,293.95859302682,3.584475356810774E7,1.285594671805391E10,100000,52.976336778256375
84.54205680675702,71.20498199016686,0.029230052333239883,293.8855153098303,2.883718450354891E7,1.0677165444254827E10,77905.09255490948,50.236972309391696
76.9248473149808,80.42979399869505,0.03156983338355981,293.9516527797144,3.69092346881318E7,1.3779332799710402E10,99046.28118834145,48.80280490268698
82.36324616311856,76.86660191292236,0.03114772147830172,293.93199518790317,3.577972849722212E7,1.4310569675186106E10,89484.5643737258,47.71151429579997
71.02483764445265,92.38460608867598,0.03437898967029367,293.99282764596643,3.0511865393692434E7,1.7001200571241928E10,54767.12115395268,56.87633871644443
15.718290738932405,196.20411520801312,0.07970050163650029,293.30998755889254,169200.42054246287,2.8624628414764804E8,100.01463680932751,20.000709759836937
12.262959149860352,202.96692633517438,0.09048204933427323,293.2232708648302,167458.33274076387,2.8041914301532686E8,100.00138031369353,20.000053614446475
7.999999999999998,208.69853399999997,0.10000000000000002,293.15,170567.86113900502,2.9093396656566375E8,100.0000597182,20.00000289968
18.95673000245559,188.83589330972126,0.06831243836164207,293.40391962823423,181489.9487807531,3.290413485308196E8,100.11095703521529,20.00636755909318
25.35565233131667,176.55291879709603,0.05111854655150768,293.5589355510869,275356.1584213172,7.022028650646464E8,108.02657217819286,20.214126555347494
23.675293410772632,183.06989326951464,0.061497259618280585,293.4796928300553,202375.75042039246,4.04550245265129E8,101.23946515262486,20.041404226054706
30.869950202282443,174.71835323331476,0.057022744189312725,293.5914021216383,333520.4309744418,9.337614459296926E8,119.18688257223532,20.283923138227166
34.31836277230489,169.8667868953766,0.05648568462402794,293.65399833102,539456.9557294681,1.8198942218672295E9,160.08068767980168,20.75156734925358
38.49995532222258,166.02993833051698,0.06108999053871174,293.70577265096153,1037177.7725084762,3.3136913388818398E9,325.374937192146,21.900749787776064
39.92466201175729,159.49469851368343,0.054469050483807555,293.7717097195088,1926416.0757597566,7.978551322371125E9,469.18112715902555,24.6748020536132
45.33209368358486,154.55187205009904,0.06226762491610547,293.8201159254623,3857637.0993829104,1.1193821147988459E10,1360.7671243797722,33.09578478714434
45.22945169265417,147.8457234642665,0.05140560389624473,293.85954671857786,5770063.9235574305,2.476415513125008E10,1353.0420465740074,40.84185731529957
51.5058765428273,136.70681536381892,0.0546744440870957,293.90167198902805,8352242.1447312785,3.1498514460624695E10,2274.0228092368993,60.64482648406179
51.041271645934735,144.241806761345,0.06269245043015641,293.8754086347621,7462311.390122871,1.7636051018164814E10,3225.4313374512662,57.89105984288644
58.14546390653523,124.52135568879042,0.05749350447427758,293.93238974047205,4885848.552258492,1.2205217621186516E10,2017.965372795494,53.52611212823796
57.952454198993635,132.88326763739246,0.06415057926268836,293.90818382606545,6363190.992517076,8.093779653548881E9,5030.460901198946,67.25909405739985
64.76333150279667,112.38805476118294,0.05106531578279764,293.9711367284688,6307982.383069244,1.3822153573386118E10,2884.8022747897703,54.18880828582858
64.68314059602716,120.40370254601976,0.06145001046771676,293.94744176229955,4432626.73068614,4.53445042507106E9,4335.770633585175,50.138652035919044
71.15177732205795,100.424979418792,0.04001955644026297,294.00773976184604,2.3005238497313768E7,2.9069132909179485E10,18266.503421212154,57.42228070673364
71.29461979221735,108.47757494099302,0.051335230298753746,293.9991296318894,1.593328346837523E7,3.1069946236464645E10,8181.595856086585,51.72614164661581
92.33626098314858,71.11816203327639,0.029414650545649016,293.8751987353789,1.7101449299762957E7,9.00758851486359E9,32486.60919385804,55.84629346047382
96.15994264117884,64.72586759702287,0.024215818341692754,293.820156557729,1.451686302134175E7,1.4581501506566862E10,14519.619557923115,67.24164254779778
100.09512131850919,58.25482682290278,0.014659580943486407,293.7638962640922,1.4664700696008498E7,2.0316885864018345E10,10623.151948520032,70.74935153183475
104.04362477539989,51.79327127682121,0.008084120455806212,293.69747528108013,1.3358519278052514E7,6.325040671601205E9,28226.542833869786,62.756760713613865
108.01336538786974,45.33132040487951,0.005708092642141217,293.6205293656736,1.3458791994182631E7,2.4232447098850245E9,74858.81026714596,53.71979948809092
112.00208485241869,38.86291246307393,0.004590150155931273,293.5403785082222,1.3468320864897082E7,1.8148027164622116E9,100000,52.1305423879503
116.00019824788903,32.388608913263546,0.0036885114336399406,293.46763122799734,1.217876544808039E7,1.4832679482117288E9,100000,56.39091555324446
119.99999999999999,25.911480081230412,0.0028730841601807655,293.40446031647394,1.1341577875855127E7,1.2863242381748905E9,100000,60.78270076010542
124,19.433610060922806,0.0021146071121956444,293.3469891372738,1.0834957990953477E7,1.1739685950774534E9,100000.00000000001,60.75420052592886
128,12.955740040615197,0.001397613672198643,293.28971800034407,1.0591659402865725E7,1.1218438620913448E9,100000,53.99813657465261
131.99999999999997,6.4778700203075985,7.059394981463081E-4,293.2263232324912,1.0668520066533228E7,1.1382470614643447E9,100000,42.828688168986844
136,0,0,293.15,1.118305639573983E7,1.3115637581864939E9,95418.8395701,31.603897387860002
77.47591163678213,88.32394621263563,0.03477299255032346,294.0021796865522,3.9978572518527634E7,2.2459789922481537E10,71164.01398660328,50.18749755486812
88.77503201819361,77.40707492187289,0.032417914762775106,293.93401109175556,2.7745945282097254E7,1.481232672679538E10,51998.42217358723,47.94999752792185
84.53497918051197,84.20861681104373,0.03500342493968516,293.9915883378556,3.96392555667832E7,2.5222581888241272E10,62317.18268979061,46.213433203949975
77.54260734566985,96.41153110421543,0.04054699886299178,294.03211769968647,3.933613721139052E7,5.003002229550259E10,31049.698273314334,50.98615841819959
23.533425325033317,195.73852462252634,0.08120534214147178,293.3211461797671,149744.04760708692,2.234741535747901E8,100.34751983832592,20.002399406598936
19.888144419836355,202.4228636495735,0.09040931877025925,293.23222608292,153933.9828604346,2.3689460703101778E8,100.02784847837523,20.000288920398432
16,208.69853399999997,0.10000000000000002,293.15,159839.0765140959,2.5547734035246646E8,100.00313786779998,20.000038387459995
27.241807450452303,189.06755114580307,0.07367177462852313,293.4108387943336,155520.44473626316,2.35644962371815E8,102.65955393962234,20.013959925261318
30.977640122565962,181.7889717491604,0.0677715279716543,293.5080019049747,210429.55348429014,3.9199098467708397E8,113.01352501469805,20.082285095910205
36.760313039350656,176.5955260305629,0.07036669120373297,293.58381290540893,347914.00278853247,5.924467995985483E8,204.6439867612738,20.383341882348706
40.80836859967809,170.7967619734506,0.07100021629917859,293.6608057408387,678402.2424522347,9.807947646772103E8,472.31690543409155,21.32716152982768
44.40552007337844,165.2151376099928,0.07083940958558364,293.7279805049888,1250998.870931855,1.3978067288660924E9,1120.7766050319196,23.96010690264166
46.27665751241079,160.08507105828136,0.06929650358215328,293.7783406571725,2592789.5725224786,3.3868757756217976E9,1993.1736301553478,28.570247515217886
50.2851062811849,157.66386241251683,0.07136800839633399,293.80067784277395,3419144.320306313,2.5712450359434915E9,4555.889943840155,35.56685298951344
52.24711498072552,152.18213768442334,0.06994695570414504,293.83589082718373,4993552.094534157,3.72626719994458E9,6752.21333464272,47.49708300394627
55.479965627779166,147.07343911203202,0.06968444955609036,293.85926360709556,6558569.149262758,4.436276362595049E9,9697.832206223295,62.711922927701316
58.83318841956126,141.66972345134488,0.06917502070759075,293.8775734724757,6382369.9935202,3.1061521868895483E9,13489.8700384657,73.7051323711571
64.7038988167997,128.2832259785522,0.06627701897731943,293.9192975487995,5046329.9947629785,2.434903355791018E9,10526.625098021568,60.29191272166903
64.72304951673222,135.73973228166543,0.06896636211024666,293.89308983391896,7338984.460077695,2.3270822701994853E9,23298.59229825904,73.2704547464657
71.2519030593053,116.38873753515347,0.061104682497301825,293.96990046296554,1.0280908452392116E7,9.140327649436045E9,11573.055594786236,46.87408130754536
71.07335235198228,123.97226410938863,0.06567158582513712,293.9361379309052,9226638.165585922,3.90296633817213E9,21825.346053496727,50.373078077941415
77.66573490483867,104.53768314762902,0.05129446070461071,294.0274068087467,2.9824695674227927E7,5.2549241612273445E10,16955.533077471922,49.543474563326406
78.40468826768675,112.86966711821901,0.060547474647147444,293.9917936666155,2.1553980842307974E7,1.5416732927932047E10,30147.68981655003,47.32805097465075
96.39676034142923,77.64967712823369,0.03440002715830947,293.92056965992214,1.679384549308246E7,1.568933787246348E10,17988.18384019498,47.938255468181275
100.1902566072979,71.17979586390395,0.02814711831394361,293.85874223770185,1.0013902633776754E7,1.1263499141727575E10,8938.726943558899,58.367350644507205
104.1123819269655,64.69187646642713,0.017336292078704588,293.8012749386405,1.2244422780343808E7,1.9367942093681423E10,7763.531698691905,67.24963595313774
108.05993741768854,58.23444180812474,0.009526388706427967,293.7388125387766,1.3063684994476212E7,7.611185338869522E9,22428.294614641087,65.3039967432644
112.02511265935767,51.783363321158646,0.006595928793417854,293.6681843985559,1.3454593187906029E7,2.8541618551104755E9,63452.30321532173,57.36961111891373
116.00709810301817,45.326871603133846,0.005328453074805361,293.59142316780867,1.3342690670879519E7,1.794562693920498E9,99340.8798031003,52.377411359797954
120.00109739670624,38.86134453202712,0.0043721670323088385,293.51698777518646,1.231503257786431E7,1.5166443326264832E9,100000,53.71077855590506
124.00010051720503,32.38835194322285,0.003525517738651071,293.45088196924775,1.1269351222793058E7,1.2699995302521691E9,100000,57.43923354907589
128,25.911480081230412,0.0027554941728512345,293.3923431635009,1.0567179609066194E7,1.1166578128713772E9,100000,59.629813752828845
131.99999999999997,19.433610060922803,0.0020441333694265515,293.33780221035437,1.0111071163759328E7,1.0223413311259708E9,100000,57.34012084645166
136,12.955740040615195,0.001380250203499891,293.282585056389,9950736.441167096,9.901870516822726E8,100000.00000000001,49.0954461479265
140,6.4778700203075985,7.449094548325159E-4,293.22138973465854,1.0250335950149639E7,1.0513238724582866E9,100000,38.00971463592916
143.99999999999997,0,0,293.15,6979537.9460890265,1.0115822627247702E9,48184.345369940194,28.279273164420015
83.8656324406549,92.24308697770401,0.04088960621636118,294.03867218352576,4.802898476443685E7,6.375476905741578E10,36368.34319413849,46.92606797396423
92.75266153553217,84.30321490968913,0.03900338694961054,293.9861881269424,3.2618777409282964E7,4.107363137769544E10,26073.53672388587,43.575264367585696
89.5395265058796,89.83555307074116,0.04274880268896753,294.0278566935075,4.2634506387562E7,6.427632835665552E10,28308.390704442056,44.53671091929161
84.07135717895804,100.55557243689695,0.051554436010101866,294.04370174325385,4.415666238163183E7,7.11243152485143E10,27522.374434987472,48.14557502710124
31.58218332133633,195.66941923261444,0.08374627211316987,293.33052898350235,123054.89687761395,1.3948876877463254E8,108.61004825601161,20.021767920448365
27.81311361408339,202.23159267179537,0.09114359247726479,293.2382784700912,136060.97890832796,1.831586316455506E8,101.0925819787921,20.004146433059034
23.999999999999993,208.69853399999994,0.10000000000000002,293.15,145037.89270291958,2.1019664893958926E8,100.07830542699999,20.00051913762
35.355295515120346,189.09047659947964,0.07913761651747307,293.4245517032859,130771.52590488835,1.2346027851592956E8,138.66717146016398,20.082025125194097
39.2332745549794,182.91472983139784,0.07739898474176653,293.51329094978104,211872.07014495519,1.7043011327427807E8,264.2962982080979,20.316200264749714
43.91536479260309,176.6324685683286,0.07666316541749302,293.60298343062374,485830.02329738584,2.7213606356788003E8,868.7068253508941,21.282743740898933
48.04676203820436,170.33933218001425,0.0756114018787609,293.68392603584556,1271098.836661795,5.700031117495922E8,2836.144992211526,24.043620940065747
51.46528475122049,163.56260009833076,0.07423555790238627,293.7546232249385,2805684.40169092,1.1414647876784992E9,6902.150380589234,30.389859691241014
56.11999902162337,157.99224287060537,0.07363106818209007,293.7991149771622,5707578.975974008,1.8288646482343366E9,17817.696541915167,43.35242179369033
60.09792279209222,149.9423795221553,0.07213179817873831,293.8419295875121,7931930.4665617915,2.247485029390919E9,28029.25512409306,64.57983828871163
65.70733806835543,143.4755212087295,0.07110246884416817,293.86394143915817,1.2078473864941964E7,2.760592553300663E9,52933.34039679204,76.14535831754803
70.4371589792983,138.84946195083967,0.07016375480482144,293.8773071707255,1.7190657229746737E7,4.022099003486243E9,73495.6982617804,73.09108028553527
72.06807574097434,131.84724298251052,0.06841646681702192,293.9031350102427,1.4586097960363714E7,3.81542155668066E9,55801.266464758504,62.49183548269786
77.21892189268684,120.34955501613318,0.06451132416605243,293.95377256960916,1.8694325361771766E7,7.800210372607781E9,44822.29535511933,48.18352122921001
76.7171244121347,126.4073426275647,0.06674618094263306,293.92476917978746,2.0412283956208993E7,6.5099841954653015E9,64004.38454379116,53.472775368852794
84.28583609782204,108.23026503278743,0.05900518717623191,294.0108222646268,3.3875558144578405E7,2.36268368090694E10,48614.99524582922,50.07044855726151
84.74807412270856,113.96650661569092,0.06212923277025123,293.98013263042714,3.482298548001254E7,1.4994280936384014E10,80876.47122448731,52.246924116531865
82.39774595714474,118.0682997817596,0.06372493188791106,293.962326865244,2.9153957846147023E7,1.1403497643170029E10,74561.91053141045,51.284350287289065
100.15763427829711,84.30225865729935,0.04485769476489698,293.95738047528147,1.9321254238559905E7,3.4684449325855736E10,10777.073438095627,41.70857242429731
104.16882691235354,77.58422186898538,0.036533620809494106,293.8949722394323,9749328.001462406,1.824469743953363E10,5225.910281445759,46.167687328191796
108.11078593885438,71.0935540485091,0.02238211687518807,293.836269116543,9059550.093476087,1.897204762557966E10,4337.419507732589,53.34538708984348
112.06658071391246,64.64661586627483,0.011601470285729026,293.7745879125296,9837897.388626294,7.90671471407669E9,12246.33173793501,56.91098980646603
116.0338154125787,58.211477933504874,0.007574656252235946,293.7072274619509,1.1837393140720874E7,3.38959536471385E9,41368.51412154741,53.64638534148259
120.01335916619648,51.77251990478167,0.005959712185560209,293.6344927651208,1.2501668040610189E7,1.763076565494975E9,88718.50127800739,49.613087591255926
124.00359532121568,45.322358617851535,0.004977186813783791,293.5614690952511,1.2000172256684111E7,1.4403475547035782E9,100000,49.53108788852916
128.0005643040569,38.859956370659454,0.004117242177753822,293.49435178254527,1.1060359515222628E7,1.2233278234322474E9,100000,52.12817335788866
132.0000569114047,32.38814047091886,0.0033417294445892277,293.4344474816158,1.0264343649784334E7,1.0535740895451055E9,100000,54.38514405923981
136,25.91148008123041,0.0026327249155115792,293.3798192495562,9651240.011831472,9.314649023362089E8,100000,54.22601549392419
140,19.433610060922803,0.001986366094934209,293.3275318202089,9109227.933582315,8.297818512998034E8,100000,49.98041338094376
144,12.955740040615195,0.0014068216402644473,293.2737985673829,8412738.842895022,7.410699735340996E8,95511.6013514297,41.28420866755252
148,6.477870020307602,8.267440602292452E-4,293.2148376760402,4781029.816659338,4.793876560251558E8,47693.13775410869,31.87986594763717
151.99999999999994,0,0,293.15,2308906.5375112244,3.770918640349596E8,14137.563336140132,24.85971645486002
89.97315885758272,96.73809646997408,0.05185484136250267,294.0386044694505,4.728800700325865E7,7.02251408045107E10,31982.727938545806,46.96864704382946
96.56891496042853,91.68231943895937,0.05154151308637307,294.0063395880347,3.761795900714715E7,5.630476271711527E10,25311.113790951877,44.29345190047671
91.09517342718014,105.17277188907192,0.05901031928656597,294.0048179772496,3.816723324140614E7,1.8910234305809475E10,77137.65768872028,53.17858061184774
39.63597208725383,195.72473388995212,0.08527023311331472,293.34271832866153,138797.08347907578,9.912157376700878E7,194.40887675166053,20.139230640194594
35.81653494864016,202.20741220842936,0.09151177563679073,293.24433058415565,137940.84259226933,1.621143197164208E8,117.43718956113891,20.03404023753838
31.999999999999993,208.69853399999997,0.10000000000000002,293.15,139066.3795335197,1.8958187368966016E8,102.0267377348,20.006184772439997
43.46089555413423,189.37745374795014,0.08200477471831023,293.4407335052244,267798.9972637899,1.2274561868721563E8,584.4388024532801,20.524261686579255
47.52063674189188,182.8799990063499,0.07996659720664623,293.53889210064796,693585.5456895748,2.47655109113451E8,1943.6417997118813,21.68620143211993
51.796373983939404,176.452016760051,0.07832846102743134,293.6285789935351,1850403.368541864,5.746947664393212E8,5961.071556121373,24.6701235479311
55.70088934396522,170.06395672849084,0.07684323252380748,293.7026180784669,4103367.979085091,1.1329652511118107E9,14865.819410479322,30.42471585210228
59.39250384768713,163.70829637760892,0.07549431555229823,293.75945314865163,8152779.60892104,2.018196678627545E9,32945.63578012376,40.30812573127142
63.81385253187761,157.38510956351206,0.07423519303062044,293.8004124313656,1.6179011910009684E7,3.712977923709009E9,70509.29066987493,55.312427904591125
68.47483749637276,150.4289689489969,0.0727517929150639,293.83206139794265,2.0384225263698217E7,4.6140222390006E9,90082.17023545587,69.33373698182227
72.97250215190874,144.2560913079677,0.07138357534849249,293.8537217894596,2.2229388657623284E7,4.942736683804236E9,99999.99999999999,73.18810580269793
76.68818038299078,138.07869353216535,0.06988737572425992,293.87494664183464,2.385459832882769E7,5.726121632974482E9,99400.44733509631,68.14737080378842
80.13376572688236,131.59998039739796,0.06816291559102684,293.8992740470028,2.704165132532959E7,7.313041900645209E9,100000,60.16614364914853
83.46725761475773,124.39319564133802,0.0659724845664258,293.92950917111904,3.0264341685755987E7,9.626574679175465E9,95189.30340715553,55.75048692517464
89.72642829432931,112.29451783518792,0.06182495796084125,293.97634382982136,3.76767145894442E7,1.4436359671412756E10,98558.11745525507,57.12414316962171
88.14978788788376,118.76257451741682,0.06412891601233449,293.94919649128207,3.429403974320952E7,1.1827511773949455E10,99443.57536178951,58.4933258647901
94.87977593051819,110.51824612670958,0.06173498248956312,293.9662646095382,3.6433118797576025E7,1.3282904969806736E10,100000,60.87620815363882
104.20269746702976,90.32562797543608,0.05534445578995576,293.9536762000409,2.182684476260666E7,2.1037529429024693E10,22701.42696895865,44.07184406107148
108.08236107399469,83.85237530166064,0.05003217241774865,293.9120826619315,1.1112147912009556E7,1.8574328335523743E10,6691.342994789564,42.52164792588167
112.06250774400301,77.42108251461819,0.03560605058158547,293.8649297735776,8816615.85403995,2.9578680538836548E10,2635.4471524968103,44.34142599004247
116.05483888232118,71.01876342839495,0.016422396240709066,293.80787935711373,8784334.591069428,1.4557080397608282E10,5340.183901027634,45.86763285355997
120.03334882753313,64.6100851337463,0.00922723180059143,293.7417390210469,8891794.042305328,4.2431463783208046E9,18667.811875585645,44.91051431309371
124.01655977642304,58.19448984462602,0.0066795164516708075,293.67109616991087,1.0211238031908596E7,2.0120218518022707E9,51846.93819370441,43.23483342374419
128.00620308324727,51.76546267641507,0.005483863506452192,293.60010747931534,1.073916193938748E7,1.3039365839519534E9,88456.69355974453,43.30709723770638
132.00156935990168,45.32003292341201,0.004625488157058087,293.5338252582646,1.0529777376068955E7,1.1184201880985632E9,99139.84448757638,45.22061292933024
136.00024391739595,38.85942563113849,0.0038583782942644153,293.4738352456921,9740883.23588555,9.554863186146522E8,99311.24505796922,46.90094568547604
140.0000275714248,32.38808896105283,0.003159649408294985,293.41878883967894,9383328.261855014,8.805141148638396E8,99999.85117026191,46.822136106003846
144,25.911480081230412,0.002511481518581747,293.36685143190874,8006968.707210564,6.838943696116089E8,93754.04075546157,44.318066435262274
156,6.477870020307607,8.572212532531589E-4,293.2072724106403,1123954.081557811,1.1215675778114192E8,11264.328964442842,26.044127474467842
160,0,0,293.15,416267.89233995485,6.930918619466256E7,2500.13225473,22.0652663178
148,19.433610060922803,0.0019494018611186305,293.31592182048536,5508474.802848163,4.3774640962904495E8,69318.26527259068,39.36117623036424
151.99999999999997,12.955740040615202,0.0014306833093313566,293.26329778141366,2702144.1273712656,2.1581249888307038E8,33834.00641466994,32.39814908432215
97.09572516466903,100.0213426207884,0.058220899523791704,293.9936026025021,3.623102045153943E7,1.8632654559711216E10,70457.40048943792,51.40329138641499
102.25904712721196,96.24695571802928,0.058242504090681615,293.9680367289078,3.05809873536848E7,1.6383515880923391E10,57176.42644760494,49.083849207365425
97.55896429975856,106.37634272070196,0.06070537756465605,293.97053358332386,3.6610941228517994E7,1.3411718397973928E10,100000,58.415017722692156
47.74133946118252,195.77915669438437,0.08547239957619747,293.3617031474512,614748.5140681845,3.3827982155893356E8,1117.3670562090645,20.7426168546047
43.8585423255759,202.22456097266974,0.09075943723566295,293.25336299608153,297818.82287801144,3.1218303355900925E8,284.5020675133489,20.19685320089937
39.99999999999999,208.69853399999997,0.10000000000000002,293.15,191980.1828865707,3.066870522202293E8,120.3861637940001,20.036805646299996
51.68655535243076,189.33105725246708,0.08257477788752125,293.46928699093206,1450023.1570393937,5.379269198917273E8,3909.313013199287,22.205652979665356
55.73887510892478,182.87469750090634,0.08053100955955046,293.56829041484644,3342695.728599966,1.0304304181933616E9,10844.641098843409,25.55137609173565
59.78122048789711,176.4287098668958,0.07880981953060856,293.6508795407935,7278630.979088816,2.0092559102894046E9,26368.600393975157,31.882759967024388
63.69161567510073,170.00777460544302,0.0772563467728662,293.71436075089247,1.5883951780580485E7,4.0703927654551334E9,61987.962811620215,41.38643983417246
67.57037488755282,163.50181892190403,0.07577896446271354,293.7619298479053,2.2074453016286407E7,5.325173675305225E9,91510.41727701771,52.924609273302345
71.94789412276155,156.97175049242034,0.07430755249323356,293.7967151061817,2.361233410361831E7,5.575482710868606E9,100000,64.63141296600172
76.3095153112409,150.54296159919633,0.07282856921301212,293.82288248286756,2.3478142139945272E7,5.5123073743726225E9,100000,71.24530222464544
80.34216838653937,144.17286118147692,0.07131995462845776,293.8455178162369,2.4001142386134062E7,5.760577912945823E9,99999.99999999999,71.2851827826887
84.1755019724923,137.7465578507027,0.06971722469646137,293.8680161285542,2.549076109493655E7,6.49782754901004E9,100000,67.33182072507385
87.90946597927078,131.11348351563188,0.06795199777729101,293.89207726851413,2.7804957404711228E7,7.731254755378006E9,100000,64.24813529652543
91.74576175021453,124.45889169929093,0.06608994055692795,293.9149852061737,3.0470815730790395E7,9.285061050580599E9,100000.00000000001,64.83916459231521
95.30306501031372,117.12002139500798,0.06399336966408377,293.9373685135988,3.311183084853703E7,1.0964519576259953E10,100000,65.80866722305319
100.99319427491984,111.471686042321,0.06284004952083065,293.93769442246906,3.279474807620536E7,1.0755156299264242E10,100000,65.03111862614132
108.42872656324269,96.2498853760962,0.059971316289428554,293.92697946227,2.341607952287947E7,8.620601101607481E9,63618.16067147753,52.13024855206762
111.92263147983597,89.90098880416735,0.057870615764218904,293.9019651279089,1.2508626906896597E7,8.049481797454534E9,19460.315184028015,49.4997035207894
115.91020990356485,83.61542649446501,0.05143357327221495,293.86992914249555,8812793.01994239,1.6383022075615831E10,4763.259980749856,47.85139721083007
120.02788611501573,77.34850020860293,0.03050591179003584,293.8305072634127,9269486.790251048,3.693863717005394E10,2333.4777158542533,44.782384592217625
124.00476355697246,70.96416526119643,0.013249938968322895,293.77150472323495,7418585.050751551,8.518086602650706E9,6463.02654246494,40.10887223942681
128.0087231656527,64.58690193628871,0.00803870968731666,293.7025493853417,6620466.078454923,2.363167375061555E9,18594.245573715176,36.653499818544276
132.00509239826258,58.18594124330082,0.006104704969941313,293.63283336323343,6939372.0703156935,1.1417694643341913E9,42201.69810695845,36.310991655280695
136.0017229172608,51.7630863884782,0.005077234960990744,293.56817700723377,7055289.225686338,7.724490443007159E8,64444.06444870674,37.695678945342614
140.00046959492968,45.319951434508596,0.004305989803855711,293.5097421466707,6787628.65864776,6.494861864785489E8,70939.45870918698,38.749286074399926
144.00014443245263,38.85963665055171,0.0036282432167622047,293.4555015316566,5554086.806290659,4.909406183421896E8,62855.0475696578,38.08082618457042
148.00003495536367,32.38815241622083,0.0029885827761195563,293.40364080309683,4210237.640471217,3.5618984119501704E8,49766.32106756161,36.17483466016557
151.99999999999997,25.91148008123041,0.002419342838029626,293.3532196924816,2525253.599337383,1.916481649726223E8,33274.513331541624,33.3227536962301
164,6.477870020307602,8.410148920017703E-4,293.20004241253224,194953.95117984075,1.9257883093950126E7,1973.7433667512894,22.200805452966762
168,0,0,293.15,73363.87926594187,1.1302340257843742E7,476.3140129688001,20.68239181656
160,12.955740040615204,0.0014206808926975998,293.25202222743593,458748.48662128433,3.403318881832185E7,6184.093479946082,25.13593367240352
156,19.433610060922806,0.0019132425769941223,293.30314362980056,1230855.8506945574,8.798965579524796E7,17218.277906984786,29.43602878964577
105.11909231585237,103.91156948799379,0.06132674443620078,293.93805259383043,3.0454896425244655E7,9.361510987068703E9,99500.62290053029,58.381927427857036
55.85541164525687,195.7787037653383,0.0855061692490317,293.38999760107953,2963180.9974891706,1.5140462320664272E9,5799.953373414676,22.38716109267102
51.92994621441291,202.24093090028484,0.09023003680528728,293.2682696086556,1401846.406954471,1.3067940508433406E9,1504.2726461557706,20.7778035350122
47.999999999999986,208.69853399999997,0.10000000000000002,293.15,640612.5806459737,1.289243989442458E9,318.51823366880075,20.187224506360003
59.8353000266891,189.31851772995313,0.08277517670142322,293.50252484576,6010445.62673935,2.1105156867759335E9,17118.075016014656,26.008485026241782
63.851525790665775,182.8631709415178,0.08078731422197782,293.5960150099041,1.2709839405420959E7,3.771196636122329E9,42836.12378779165,32.81949643448516
67.84255819024804,176.41042963129084,0.07910429553090424,293.66732903511974,2.2533766005163193E7,6.1311635994858885E9,82828.76088769037,42.45919890754874
71.86111014663064,169.94877880466154,0.07750057483142608,293.7196431260682,2.601314197051379E7,6.766859189928378E9,100000,53.536113990823594
75.88137997944217,163.44305479288911,0.07591877224023753,293.75855458919983,2.4788961649166826E7,6.144936610418506E9,100000.00000000001,63.949483386975196
80.03044116966748,156.95511581737944,0.07436787159909446,293.7883701713924,2.4054975176378816E7,5.786431768232784E9,100000,71.33578017935723
84.09306488010877,150.47457957864705,0.0728294723423528,293.8130321627614,2.390600251589838E7,5.71499395122834E9,100000,74.26478711473531
88.0860891972625,144.0379645104124,0.07129094133511492,293.83524372608673,2.4436472129961457E7,5.9714195525984535E9,100000,73.17042217750112
92.01269788968467,137.549582899582,0.06971159304416509,293.8569505106262,2.5567174246928368E7,6.536814842258437E9,100000,70.46464615785341
95.9210729775329,130.93389027302655,0.06807624300422845,293.8778886731822,2.7051990815963637E7,7.318206081480142E9,100000,69.85789239041027
99.72392103152818,124.43018485332435,0.06648548856777269,293.89502766702776,2.8422842503930967E7,8.078845598037556E9,100000.00000000001,71.24535701366443
103.67739069872503,118.08260002388296,0.06504698778992037,293.9054780815846,2.9247375930857852E7,8.554266535117954E9,100000,70.2265978789245
108.62443352942212,112.04167656822727,0.06401145088207949,293.9032906799717,2.870560538848762E7,8.240158158694564E9,100000,65.6555973133589
112.41803714861874,100.87383757617307,0.06191940718452976,293.90081410702135,2.6319184875462197E7,7.385163378600029E9,93878.219601333,58.82306774111237
115.33414084336968,95.7069673684972,0.061154736334240865,293.88462806185595,1.6383510666785194E7,5.336652765616855E9,50302.15407961187,58.79486697008202
119.55606972458645,89.63414067932463,0.058864723765962294,293.8578945702327,8113686.695891418,5.23073966664151E9,12639.287780468207,60.24882098254266
123.7476537785539,83.47637087569694,0.049687679675331796,293.82915984995617,7480399.077404079,2.051112437510877E10,2767.585727070142,55.05189258727733
127.89780299693798,77.24429992080294,0.024876875974912168,293.78741580831814,6843205.212484875,2.4680233349505154E10,1924.4149486010226,44.59226156082581
131.96827230677528,70.93413030980128,0.011305721502079627,293.72555786134177,4536164.812523399,3.910612647773207E9,5270.848809369033,35.68058098863451
135.98957852894137,64.57419033251354,0.007265230518255234,293.6577998060349,3616446.656595538,1.0543346294565245E9,12432.087788438539,31.94998918232798
139.99596426585984,58.183007668060384,0.00566550062627253,293.5954034296523,3233047.616456393,4.6811979534252024E8,22338.89152537484,32.226825335415356
143.99823942143982,51.76354561518669,0.004753568892500625,293.5404087483451,2794345.1225939016,2.820110103503392E8,27690.10179822313,32.791870412668175
147.9995961295147,45.320641155972105,0.004054428977688987,293.48925674737626,2236711.592669012,1.9479350705705538E8,25683.42497262819,31.564022339507982
152.00007827551977,38.85993253317463,0.003428015900815751,293.4388590164671,1570504.526836483,1.2952930463523197E8,19042.476762931594,29.400945416364692
156.0000424485162,32.38820185968394,0.0028460022623507837,293.3886227978062,916231.2857978964,7.03743935128485E7,11929.550899377433,27.22232001993716
160,25.911480081230412,0.0023188709683163744,293.33899877498135,419054.5355415465,2.8602633918096367E7,6141.79803851118,25.097704653693935
171.99999999999997,6.477870020307605,6.691920960430767E-4,293.19429718294583,33574.411673444614,3103413.0119819418,363.6005191682738,20.712578246036784
175.99999999999994,0,0,293.15,19523.319939757374,1837088.9092349538,207.61783160619848,20.31350836002
168,12.955740040615202,0.001302276514717003,293.24141386373884,81703.67395611841,6111510.209375489,1093.5459910775696,21.675303286008376
164,19.433610060922806,0.0018262129815520124,293.28996323566247,203835.8974018407,1.3631104022304496E7,3050.2658677033837,23.292974683249522
113.05730649209558,107.08828254878213,0.06343904407071445,293.89178076037973,2.72384229164335E7,7.419696312534329E9,100000,62.071949552289645
63.932398262202184,195.77178437050253,0.08559092288535296,293.4242865467206,1.0703073555227974E7,5.294651448031183E9,21639.42390935248,25.440683964068427
59.95987022591095,202.23750490033603,0.09012724903733411,293.29123015286046,5417646.815430933,4.850898350430892E9,6054.91385265869,22.005781606979323
56,208.69853399999997,0.10000000000000002,293.15,2806238.772589604,6.082238915081889E9,1294.8378169960072,20.567473948980002
67.91755098072005,189.3057132847481,0.08296408800466097,293.53381983764535,1.8820573879864182E7,6.445418627567613E9,54958.045245444104,31.747125893119946
71.92347078476236,182.84319397281251,0.08104625014138377,293.6161253898071,2.7922972154042635E7,8.336797000692105E9,93531.81986992947,41.0917885070832
75.9366591295724,176.37323872196234,0.07929869298736002,293.6754332104633,2.7814717792912673E7,7.736632253507836E9,99999.99999999999,52.13436268727008
79.92490544567517,169.89012233542363,0.0775864159248172,293.71892453614237,2.607994951866147E7,6.801639318911284E9,100000,62.972663466893984
83.95936975872662,163.39784491389335,0.07594362280249221,293.75203952566403,2.465142069574322E7,6.076937207617985E9,100000,71.76747773005788
88.00160692680993,156.90850276499214,0.07437001517921853,293.77859246850034,2.3798298322548497E7,5.663610562134324E9,100000,77.02960159280507
92.02179294783137,150.4459049879938,0.07285270895750735,293.80134225946546,2.3586959262181114E7,5.563458456130708E9,100000,78.15251746552987
96.0103404521333,143.98533938076918,0.07136601011206518,293.82225116190824,2.3952665650399793E7,5.737302731927836E9,100000,75.95118918742486
99.9795938421286,137.52386093734412,0.06990204051490682,293.8416429986596,2.470017000943331E7,6.101003039817345E9,100000.00000000001,73.48005643270358
103.91693647886557,131.13991631144154,0.06849418377111316,293.8579034624304,2.552685904033448E7,6.516273415073241E9,100000,72.86290700323877
107.89853557248064,125.00010349945242,0.06722600512979722,293.8684310376537,2.6075420900128093E7,6.799371228000522E9,100000,72.47964500321346
112.32901906015506,118.6827992961473,0.06608582437764131,293.87181445251144,2.6071402890853778E7,6.797228906165615E9,100000,68.93914797924789
116.5705983347848,113.0131220102365,0.0652578183392682,293.86692769323014,2.5423634717382923E7,6.463619398918114E9,100000.00000000001,64.14130342038135
118.65860958869058,101.40582010195853,0.06308337732880454,293.86700742316,2.1277208800063726E7,5.525142776891059E9,81948.79977462854,63.958809842328385
123.01533002834753,95.53774423666904,0.06214562811571576,293.8433188045329,9671975.08768025,3.2333372380322833E9,28961.405089933683,68.77559936291856
127.35548962626534,89.5172499002859,0.05891240628495557,293.81711371197576,4898624.341641101,4.084105616248926E9,5894.441119292708,67.30264516598781
131.6451231522068,83.41150664737894,0.045768772492854826,293.78437477800065,4512412.58895507,1.6712745556188738E10,1232.6881936257098,54.957335587840156
135.91252279232958,77.26148611028947,0.02061091885656255,293.7340918238992,3316558.1903041266,9.366899545783852E9,1187.9395835680027,41.1524705298579
139.94926197334735,70.92622421038472,0.009945638994648254,293.6709013954771,1930436.513465611,1.3196363532777972E9,2831.080586102933,33.82452348690348
143.97566018533016,64.57077683740658,0.006668523489271217,293.61178043466293,1330063.06500864,3.2951186654268056E8,5376.903831086021,33.57875436060456
147.98790232958845,58.18313872848148,0.005289315537398582,293.5623313507358,1034369.763490533,1.3334635796904556E8,8026.326865328702,33.83564120126508
151.99481244035374,51.76494024891955,0.004465706218157965,293.5174198365432,741335.9126951193,6.830131779558793E7,8046.718689390655,31.11924750627958
155.99827737618784,45.32116316358059,0.003815679396688747,293.4715257084572,474164.8992819181,3.858523210721444E7,5827.359046589337,26.923700052674352
159.9997003568478,38.859969068972546,0.003216975450144506,293.42279914024306,254732.1251294527,1.940874839782441E7,3345.324379108429,23.877695405753162
163.9999761522747,32.38818714684897,0.002639945601827566,293.3730474451549,156015.0131977805,1.1629793543828802E7,2094.3630063993046,22.447439890516804
168,25.91148008123041,0.002061865602136356,293.32426674750553,91956.53455992852,7753506.112420852,1099.5587880025162,21.612096719005876
179.99999999999997,6.477870020307607,3.6892855683340195E-4,293.1903569403885,24536.819322501444,1070815.6028389249,563.1051677388822,20.80750782289404
183.99999999999997,0,0,293.15,48029.64179049503,3011161.4121905067,766.1531876277968,20.751464037779996
176,12.955740040615206,7.904615189365751E-4,293.2326024057504,39017.23912125303,3322321.2437476255,465.9352702032831,20.84949052943125
171.99999999999997,19.433610060922806,0.00142529033427516,293.27731304231105,62460.082325894364,7100265.395670586,557.4419962736712,21.083308420822863
121.51379781847446,107.36601702823249,0.06469996845978333,293.85129139763563,2.3322224831647914E7,5.579068215849622E9,97513.92105217505,63.13640211233521
71.96638060076806,195.76119089933408,0.08571693108607316,293.45628462719543,2.4835223094929624E7,1.1765226804290125E10,52432.99830990556,28.943807765682255
67.98353250572238,202.23282553597448,0.09014291340111132,293.32006480117457,1.6548109998844871E7,1.4649730900245829E10,18707.234741700548,23.806778095368717
63.999999999999986,208.69853399999997,0.10000000000000002,293.15,9775638.082352713,2.1422206280818485E10,4460.95311185202,21.225245506500002
75.95956581691546,189.29048874254053,0.08323273666926419,293.5554997354541,3.2771719310868617E7,1.0937217178056894E10,98210.49233610356,37.02481620169564
79.95812494298539,182.8186400059573,0.08121858051308017,293.62568172939245,3.0709278044653803E7,9.43067872433979E9,99999.99999999999,47.36272724067578
83.95621641158893,176.33926422121564,0.0793035043112388,293.6761858835926,2.7802560898192167E7,7.729828509479674E9,100000,58.13619072794611
87.96108220949549,169.8531574300497,0.07752488017354679,293.7137981480494,2.5411294082117856E7,6.457356052365112E9,100000,68.51407042234182
91.97353681347495,163.36209227895074,0.07588257698644285,293.74300749258936,2.370765647209594E7,5.620566914104492E9,100000,76.74423805901081
95.99214088517483,156.90027861888225,0.07436135133183662,293.76691269608585,2.278018675522602E7,5.189400527756761E9,100000,80.75348267897952
99.99539194560441,150.4477675205646,0.07292615464178644,293.7878064533783,2.2564928392455965E7,5.091770560734815E9,100000,80.40460734941267
103.98441206938926,144.00965175207452,0.07155480806999094,293.8066914513302,2.286611263871725E7,5.228591733338754E9,100000.00000000001,76.97761885294818
107.97178322443044,137.62242820404884,0.07024896792364249,293.82294458998655,2.340470706761918E7,5.477815159623746E9,99999.99999999999,74.12742249069582
112.00108401285267,131.34352925349054,0.06903631402866733,293.83475590439565,2.3879277540643748E7,5.702228388283585E9,100000,72.84045583665339
116.16925882262083,125.16130336325432,0.06794874981809355,293.8406056299081,2.4032103464326113E7,5.775450771904803E9,100000,70.56061681775543
120.42441187648437,119.1727020085355,0.0670347002773879,293.8397800921512,2.3711369268308032E7,5.62230347328444E9,100000,65.60099346113094
124.80479018091393,113.20160261912109,0.06627859073486596,293.8319409172221,2.2922023133167878E7,5.254222117896188E9,99999.99999999999,61.11308128702518
126.31499663368818,101.43545011940064,0.06412505111170876,293.82961074166013,1.2225573252832057E7,2.9786319698581796E9,50193.412786139415,67.7757225596588
130.83320031180457,95.48824254003533,0.06273915430714093,293.80473925531095,4519830.372785746,1.747336192948396E9,11710.353011505858,69.89078012803071
135.24753798163866,89.47215254963747,0.05791420403727863,293.77407376030266,2235468.0275870697,2.7021165864253535E9,1850.5568500696675,61.56343156456558
139.58175168058034,83.38408636940211,0.03991880247004708,293.7307926792991,1856916.9959154474,7.751834007740611E9,445.6576379557583,47.14270077170369
143.8079525301993,77.20157290289241,0.017139035561525105,293.67273416623334,1157190.0221845347,2.409451512899798E9,558.4278614144515,40.67487259962058
147.9444726936782,70.94418865712944,0.008789670162864653,293.61688952919206,602038.2247792422,3.3957410264140695E8,1070.4641765466097,43.50009642446162
151.96352755629516,64.57153868161167,0.00603912987512521,293.5730686265047,337621.08567319444,7.081980212880908E7,1612.5906393660173,46.17654722196482
155.9810400669951,58.184043835982536,0.004829182086051416,293.53578093391957,212468.08572634336,2.4592134347288202E7,1836.87606119701,41.804633276982365
159.99145046883106,51.765892782880805,0.004065541304182165,293.49765256717984,125260.4974638959,1.1275756334888205E7,1391.7024536724684,33.07181865484265
163.9966115182355,45.32143539308216,0.003414283718763331,293.45399292494835,95920.04982535461,9132602.249898396,1010.6448330505855,25.49030621309343
167.99902055608513,38.859884168509375,0.0027334901707286633,293.405312598167,77324.28424005768,9734345.961454762,626.21193710245,22.0347339769245
171.99983925719536,32.388144424245574,0.0019523032596887103,293.3561000663653,69636.15114529953,1.0994862950855961E7,443.9595556706401,21.02347118154775
176,25.911480081230412,0.001199990508395721,293.3093059965059,67264.89144938231,8028192.371430232,582.4029154768178,20.981179178446585
188,6.4778700203076065,2.8735388808090895E-4,293.1880042692106,119498.59093713363,3722414.126623923,3839.8656431869463,22.530996339834214
191.99999999999994,0,0,293.15,234251.7882291304,1.271344090998664E7,4316.44507690195,21.97010278245999
184,12.955740040615215,5.03562158757956E-4,293.2259172644588,64208.596045750855,1725531.320499002,2400.8838211697007,22.239527802781737
179.99999999999997,19.43361006092281,7.598066388393894E-4,293.2659373675669,50147.02769575734,2309630.1074229195,1097.3407121137486,21.446039043149298
129.61183820739382,107.36361664031561,0.06571526336999468,293.81500634018334,1.4937211045318311E7,3.2961889996069865E9,67712.60047596518,60.52802966930073
79.98362452935937,195.75190677315203,0.08582179035226727,293.47640814813167,3.702043356536079E7,1.628059575801298E10,84182.9539071126,31.582511362142622
75.99107379747261,202.22631592252887,0.09016096868215819,293.34614160440793,3.1215406993238483E7,2.7208147047662304E10,35845.36648562892,25.436938630663317
71.99999999999999,208.69853399999997,0.10000000000000002,293.15,2.297385731892982E7,5.034092625743752E10,10484.509502134053,21.94347936618001
83.97924297988301,189.27638076215132,0.0832998204468607,293.56426055636297,3.4202478322079085E7,1.17069616456624E10,99969.86630606711,39.91545212959338
87.97696108143407,182.79885680874446,0.08106899122705992,293.6261416869783,3.037831322767446E7,9.228421354563492E9,100000,49.79674087758202
91.97607699255745,176.3190776301809,0.079082675532147,293.6710957059632,2.6588680012830403E7,7.069621047787395E9,100000,60.39516464189836
95.98040139263028,169.83401211487518,0.07732923185014805,293.70486123386576,2.3698725385939494E7,5.616389226510113E9,100000,70.66805857552377
99.98422435481335,163.36299936477388,0.07577597370667749,293.73128916038075,2.18913582884598E7,4.792406942406491E9,100000,78.30125990180464
103.9868893672767,156.90040382159813,0.07437004124868411,293.7532816732285,2.1126448771712538E7,4.463317077867024E9,100000,80.75870956291965
107.9802446871127,150.4563966761166,0.07306714726759177,293.772440113991,2.114344331372751E7,4.47046354207082E9,100000,78.9581928351969
111.96979802236906,144.0482282753762,0.07184132178888146,293.7890397860006,2.158102591181903E7,4.657407208512642E9,100000,75.32729906626857
115.9858076732067,137.7041394452277,0.0706904467308625,293.8019943277425,2.2101858351690754E7,4.88492701886274E9,99999.99999999999,72.76095560735462
120.07893655483579,131.45185013120286,0.06963108314224709,293.8098618738561,2.243181818284243E7,5.031877867163643E9,100000,70.96223897898595
124.28356585891657,125.31683599069744,0.06868842335241142,293.81192622988254,2.236860314234273E7,5.003563887282524E9,100000.00000000001,66.94517374223652
128.6143913332696,119.28304495910935,0.06787942050907593,293.8079346394264,2.180535435153338E7,4.754842168001052E9,99999.99999999999,59.749314489224
133.10697088639435,113.32260949284661,0.06720413399035886,293.7968672986802,1.601110283874923E7,3.3896323559880166E9,75638.28664377834,52.930062215318706
134.24022015189686,101.4349938084294,0.06485501069396293,293.79248575438345,4618612.080369488,1.1796732379730735E9,18090.828276909506,60.99418264132965
138.7612278449998,95.47168404077972,0.06261343466024118,293.7633256127993,1767036.1278388158,9.132829114829088E8,3422.4146406274454,56.159234197055774
143.19259686584527,89.45563541071067,0.05426790185433008,293.7227443723278,1043806.8738937451,2.1456275583429234E9,513.1787782966509,47.612447046677744
147.5306116250184,83.36641723348184,0.031010722249578338,293.6689298739436,717150.5783908721,2.688275712608353E9,192.06435839616827,45.242659845010564
151.76963203238765,77.19211902267891,0.013109389520108636,293.6162672149169,338304.46210154146,4.697954304226551E8,244.9632554774437,54.54853584339418
155.91398408134273,70.93446014571362,0.006866642068040856,293.5761857491854,160808.247284396,7.497217783411773E7,351.35444347037213,66.14639521931338
159.95426367028023,64.57294508888279,0.004726435768080208,293.5442780892838,108354.94469035634,2.978478046520559E7,400.02824931236546,65.87337066072224
163.975973333381,58.18443986350268,0.0037198836146557887,293.51341181880775,104806.40472341544,2.4295708299324337E7,456.931950375797,50.97493980775058
167.98865791791158,51.76612423391014,0.0029977780763619766,293.47748513256903,82379.62901023579,1.6920659333608378E7,401.604463682522,34.836884262824526
171.9951763960836,45.32167816328774,0.0022846706561116636,293.4335241174246,64292.661474128974,1.1635068269250317E7,356.8420063828094,25.19774952566787
175.9983979668234,38.85991179778006,0.0015748117589719846,293.3849872356772,63257.65073272326,8032097.085544716,516.3325609393856,21.99053053765958
179.99970959071948,32.388116336908354,0.0010883113407551574,293.33788767243044,57372.58841984518,3003400.4010427766,1101.2448538398037,21.702425175125295
184,25.91148008123042,7.98881832912586E-4,293.2949108670707,90728.35801578745,2540916.9845547485,3264.368756979737,22.94608780842279
196,6.477870020307607,2.572636278327996E-4,293.1866626048207,495148.03260945954,1.4300853318997005E7,17150.149716282944,25.60594524476362
199.99999999999994,0,0,293.15,770737.8086750429,3.6910492644153856E7,16095.388474599897,23.74086496069999
192,12.955740040615217,4.397434119368168E-4,293.22116448930774,304690.935450623,6883086.288003564,13492.663315735032,26.049732391387362
188,19.43361006092281,6.051964383422941E-4,293.256415193352,171647.99020019875,3784968.437373057,7797.349597055814,24.83705999382342
137.66215150197124,107.39314342772055,0.06644996514410521,293.778313818851,5128980.989323084,1.094984160960663E9,24025.661492070416,48.77322525296896
87.9920564264053,195.74595011426803,0.08562940283647053,293.48035724188964,3.7101705901777044E7,1.6236719831035292E10,84780.37026129662,32.146905794471195
83.99576387528298,202.2225084609345,0.09008104861235729,293.3587896210216,3.9200051995604895E7,3.39289568780356E10,45324.54531786165,26.269800332323587
79.99999999999999,208.69853399999997,0.10000000000000002,293.15,3.615519368296507E7,7.968293033095288E10,16405.038796300094,22.470749110700012
91.98943404743844,189.26832034916046,0.08287361070485773,293.5612531033609,3.351334296118645E7,1.1339371761001257E10,99070.92466249004,39.674202414771024
95.98827089625593,182.789556090513,0.08057590597523585,293.6188016528906,2.8501861656179395E7,8.123915164798268E9,100000,48.74390066052343
99.98830786830256,176.31118893352854,0.0786535505803934,293.66073691561195,2.394815096485418E7,5.735277842659101E9,100000,58.873021948109916
103.98913161148202,169.83539530729607,0.07704680170350259,293.69214500510776,2.0836956167472094E7,4.342030256564712E9,100000,68.35774245512472
107.98914875948296,163.36541104510385,0.07566952742106349,293.7168401239201,1.9369027552782577E7,3.751752731847115E9,100000,74.70878826874257
111.98463403206614,156.90689639539502,0.07443920876471717,293.7374598411025,1.9208963170849126E7,3.689895616396909E9,100000,75.86150416747851
115.97172555118095,150.47056077243906,0.0732980541253596,293.7550859904281,1.9741641242279228E7,3.8973314318067317E9,100000,73.496814334705
119.96152332050443,144.0757084269534,0.07221944886807495,293.76934467561233,2.0468211544803325E7,4.1894770035237346E9,100000,70.68378837513531
123.98603776406532,137.7400353247917,0.07119972880703211,293.7790653433836,2.1085557585826706E7,4.446010406140821E9,100000,68.7799878418556
128.10390339847592,131.49868224662845,0.07025381113663472,293.7833519766853,2.135417771159151E7,4.560018011966797E9,100000,66.00501639023092
132.35206318749525,125.36886766241105,0.06939796682640381,293.7819785006581,2.1166515288974736E7,4.480294500020613E9,100000,59.26121318359038
136.73202677659424,119.33069024695776,0.0686343941239821,293.7743868336529,1.6665308942101456E7,3.313064976873113E9,83853.05507275664,49.14492829504356
141.216092611751,113.35752308354306,0.06785617824581215,293.75958154615495,5261503.1597142955,1.0518886600989321E9,26318.436492443736,40.25002768841329
142.23736060799783,101.44012928730055,0.06490914303962014,293.7516863378956,1581372.5780992133,5.0794780749986714E8,4931.830834242765,44.86274900535633
146.73784047811577,95.46806672961937,0.059571889403240326,293.7140305381515,939179.3589057587,1.1478989812847452E9,772.0814935703676,40.54184984077484
151.1638868703031,89.45035865701765,0.040310796700583844,293.6641058197843,721502.3075139675,2.986662033369987E9,175.22995335960158,42.1983312633329
155.50218139791082,83.36142804671458,0.015955513606607505,293.6141863515491,426803.5122549685,1.044847583695384E9,175.00164165659245,57.22232905219213
159.74479634906055,77.18692231522364,0.006337684367368461,293.57612829997896,226757.7841940507,1.7530996932797578E8,297.9469246298958,79.59682996001835
163.90234706926339,70.9344517588652,0.003649412973593069,293.5469410659886,170068.76045702645,5.116398303804272E7,575.600702119732,89.12223637570717
167.9479158856357,64.57236681236772,0.002735100620455283,293.5203826441148,132593.8841656584,2.1116978115065467E7,850.939927415251,75.87561334162292
171.9728092710656,58.184233240817264,0.002265856566706689,293.4908193185918,97106.32088193884,9514675.512903629,1001.219954843281,51.88245725896602
204,6.4778700203076065,2.2889406027329327E-4,293.1854404148598,1477365.1171272763,4.029210833271772E7,54191.56375700643,29.26973079174471
207.99999999999997,0,0,293.15,1855210.2183848054,7.385768354286146E7,46618.38484645986,25.6173869727
175.9867493402967,51.76618793639795,0.0018783443558969034,293.4536133537845,70500.48880473616,4763801.030174534,1046.8959891172005,33.958293625317246
179.99425739150055,45.32208014781224,0.0014907363758275107,293.40888239358077,63481.29136671679,3156601.8530127313,1286.932706342225,25.65104670813805
183.9980566800998,38.86011999735634,0.0011554824027767486,293.3626662131641,110642.30588839402,4092394.785275185,3006.808021388952,24.131887728743948
187.99964298405402,32.38812497822497,9.071124227272277E-4,293.3200499206073,216929.39866287357,6073360.4901974825,7758.367804200067,25.570317059366943
192,25.91148008123042,7.200245916299339E-4,293.2823689909481,409557.0418320336,9402986.833137674,17843.854126247435,28.396639321946257
199.99999999999997,12.955740040615213,4.060509890337653E-4,293.2175213879361,1046850.2534217449,2.3378488530253273E7,46883.01475400176,31.609160082009968
196,19.43361006092281,5.619107578263119E-4,293.24890162144817,705451.300843603,1.504232934749227E7,33086.016182568426,31.11134290407369
145.74567172154602,107.40899598094764,0.06645882367582802,293.73687862159204,1534448.855961168,4.1360202152113414E8,5707.888787646388,34.48266715400775
95.99709741052608,195.74348910354254,0.08501507289006595,293.4688591699888,2.87942065099014E7,1.3691499726455412E10,60570.39327217994,30.66901955434957
91.99852167604348,202.22101525544315,0.08978940258246193,293.35346090305876,3.334376452242854E7,2.979935798845818E10,37345.16964717971,25.929873483058987
87.99999999999999,208.69853399999997,0.10000000000000002,293.15,3.6469956533344425E7,8.193362687797041E10,16233.413680080112,22.562137653180017
99.99604629618271,189.2657457787058,0.08202218121805327,293.54755100186486,2.6872028259635095E7,8.97057829647196E9,80518.96605424816,36.56668358428016
103.99557733902654,182.7877428813083,0.07979000082177602,293.6041700920023,2.3590348133864015E7,5.975914871455766E9,93151.65491330835,44.15479493022946
107.99541186756346,176.31027548554468,0.07809479070521409,293.64503259790735,1.945083579505127E7,3.7850595273712697E9,100000,53.265211995750626
111.99459902861099,169.8354809132264,0.07676221657597611,293.6753077349385,1.687044812632097E7,2.8465482739057784E9,99999.99999999999,61.776399692345514
115.99134004945684,163.3672592363329,0.07564020140859203,293.6991000801679,1.6688623689412063E7,2.7852577706071634E9,99999.99999999999,66.37216836200746
119.982063328868,156.9123801140751,0.07461683766457877,293.7188233552625,1.7629442761820294E7,3.107992575000719E9,100000,65.95696265481716
123.96448440778828,150.48078872749525,0.07363792047589367,293.73493459642947,1.8773181656719923E7,3.5243244454071164E9,100000.00000000001,63.410879175329775
127.9494206909661,144.0869154361913,0.07268851459844856,293.7465971201281,1.979761621812524E7,3.91945768590019E9,100000,61.939916428822265
131.9371317253151,137.7154396666833,0.07175829391219911,293.75313264483583,2.057281091509776E7,4.2324100088409753E9,100000,60.79769024327344
136.09987315174195,131.49966679602053,0.07088534750820463,293.7534692824834,2.0488470839701675E7,4.198265589173392E9,100000,56.31094554657779
140.3860947363914,125.37594789072324,0.07006774912295201,293.7477724261067,1.6010577541671157E7,3.2387584676999555E9,79178.9104006989,47.00025519154761
144.79042474015088,119.34007499172778,0.06920193055351842,293.7355457690767,4972210.88637345,9.835576713403987E8,25138.004918145423,36.18806645873999
149.27592150688983,113.36667166178519,0.06776511578412163,293.71677978972207,1625214.2033309306,4.3203731355512404E8,6144.564561562162,28.87953728978499
150.25461563986605,101.44453471534213,0.061662445114888394,293.7041809873172,1015762.3735114489,1.1077951125096314E9,932.8991816131901,31.45596413971246
154.73167815289816,95.46806688172325,0.04203075565850677,293.65986961588607,1047934.4497848679,5.097659028879783E9,217.14211282254874,34.31284787123736
159.1489620035601,89.44867463078323,0.014682898899803301,293.6122672822485,773324.8844180736,2.1182904164063308E9,287.36635301318273,48.963968795386
163.4856921918678,83.35825664446378,0.00541829781426215,293.5748083930264,493115.7201361837,2.8786688674807656E8,845.4699384534605,74.16315984251445
167.73243667896142,77.18326748075664,0.003121100593560794,293.54660460323606,340661.67187713535,5.443888258160759E7,2133.895765198484,93.2347171781458
171.87790717278824,70.91440214484173,0.002422113045251042,293.5220016906109,239313.40905917785,1.5095988634590276E7,3811.338307475653,90.70314289888061
175.9428570108037,64.56988384884274,0.0020939345390956214,293.4960449764072,177205.64392315803,6680135.819362928,4716.749426801922,69.29923563768023
179.97060494256627,58.182867204876544,0.0018446642502303265,293.4644116875831,152631.22413446513,4936047.878326196,4737.896237585889,46.06458711345997
212,6.4778700203076065,1.9191834388895961E-4,293.1836530545568,2436774.897562848,6.2228705773690015E7,95527.66438457661,32.23779942133297
215.99999999999997,0,0,293.15,2587729.6193717695,7.707956508257243E7,86971.05908175991,27.257404597699992
208,12.955740040615213,3.705334234545491E-4,293.2139057302226,2260477.6563378214,5.363182981869054E7,95282.57323637925,36.73762167357882
183.98583862556833,51.76603460055306,0.0015835629442590045,293.4252616311821,199703.33474351323,7161092.308466199,5576.155773694222,33.3361172572341
187.99391321104977,45.322411147513684,0.001308859193944384,293.382412996215,303861.53613372147,1.0960149904516427E7,8427.527333772103,29.233706939408524
191.99798640768432,38.860365847199226,0.0010624497047073429,293.34139991213505,503439.53360733326,1.5670666986563465E7,16175.933987130904,29.952675592914314
195.9996414612898,32.38816457425099,8.601425355071541E-4,293.3046812730761,842717.332171529,2.208924322411978E7,32151.96750284202,32.99758397012699
199.99999999999997,25.91148008123042,6.908346103007686E-4,293.2722103384276,1364314.2935566811,3.1323380716989126E7,59424.503807447036,36.74801165056638
204,19.43361006092281,5.333029177630169E-4,293.24265741556223,2037250.0367373114,4.5455179309696324E7,91310.30197071178,38.637045939943825
153.78490634768363,107.41491989400592,0.06287621463589056,293.69068386245,1359539.5950433232,1.579088069532266E9,1172.1293493046867,25.783652062340902
103.99946978070413,195.74288009126437,0.08414833765011719,293.4454472928432,1.4671115783189813E7,7.536003144866277E9,28567.447382531656,27.581814066375873
99.99974838347043,202.22070494752543,0.0892828137650186,293.3336172977433,1.902559853048568E7,1.7875040647734657E10,20271.219853200226,24.52779933394373
95.99999999999997,208.69853399999997,0.10000000000000002,293.15,2.5252255269556314E7,5.905926066060126E10,10797.314687786095,22.178872388900015
107.99920458430408,189.2650403778252,0.08100255910059168,293.52518218182786,1.2342808126553066E7,4.1301444610628695E9,36886.41528978653,31.813323223428267
111.9990180380543,182.78719381929756,0.07889617351285806,293.5828528758757,1.2092130228879796E7,2.6163173638137546E9,55943.80002162058,38.43763927045532
115.99862441501199,176.31000368753666,0.07755076390267636,293.623762382432,1.2055356501639297E7,1.7434533187195425E9,83409.78185242822,46.52543280544314
119.99693378798672,169.83582953963136,0.07661480503394437,293.653676332438,1.2686575852360137E7,1.6160238889455488E9,99679.78542074583,52.886519015939946
123.99197287460964,163.3690788985185,0.0757779745798537,293.6770328804524,1.499527853343223E7,2.24865495955159E9,100000,54.61615742734835
127.98040129748489,156.9166770783881,0.07494331385678282,293.69578301336566,1.6965257265523855E7,2.878213774198298E9,100000,52.87423574195514
131.96025993099337,150.48745650797562,0.07409959714278487,293.7097958410869,1.8411821667917088E7,3.3899534841030827E9,100000.00000000001,51.27915623006618
135.93922167785882,144.09029639529348,0.07325445697533528,293.71819313119386,1.973467222753829E7,3.894645315276957E9,100000,51.07212950404778
139.91129655175226,137.70393849011361,0.07237607204927526,293.7208342381595,2.1175524772520248E7,4.484321082321576E9,100000,49.52061273479101
144.09556098027676,131.48878609593444,0.07150352799608006,293.71626772825954,1.3590536048816048E7,2.882267650792795E9,64105.073987725445,43.48572273971826
148.40166320883372,125.36424678376845,0.0706022808821898,293.7056062089351,4951851.034658719,1.0550945104690081E9,23241.86582233162,34.7137249218244
152.82983510138263,119.33954674514568,0.06911703185875508,293.6898897226881,1639763.8425001034,4.5709434630091286E8,5903.808516019836,27.23810952545431
157.31268835762128,113.36871284041152,0.06402345223330173,293.670459890932,1431329.669187133,1.7525446234231637E9,1171.081407020177,23.439479385141848
158.26756112154726,101.44634006648198,0.04142427186223597,293.65471606663135,1591394.9958447674,8.576148454915713E9,296.9453463530468,27.30191834032701
162.72988063317723,95.4675147563823,0.013112056747369072,293.6103860063428,1306549.3761019825,3.2087490846825414E9,542.3332451834084,36.54837375418524
167.14086815975344,89.44636392763488,0.0048878376629017456,293.5726580058113,906666.4467739795,3.992012398394454E8,2068.3351975621304,55.55283548199344
171.47747041203942,83.35453042636844,0.0029589310647514795,293.54416790710366,713357.6220547813,8.560825505719583E7,5988.656824309099,77.05224668048801
219.99999999999997,6.477870020307605,1.6376245098169613E-4,293.1811705482332,2453683.6541522173,6.021882961738745E7,100000,33.98054937194564
224,0,0,293.15,2400148.584023896,5.7607781363094024E7,100000,28.216592531779998
175.72574347930433,77.17704090243483,0.0023739059579036387,293.5200559456473,564898.8390935117,2.635730657507007E7,12159.072069804182,84.73880949908369
179.87343407186145,70.90847950595739,0.002100365819588296,293.49583417634807,500921.9422873499,1.4120271757421972E7,17797.506820057068,73.86318020041467
183.93776980989318,64.56524848023979,0.0018985176578278265,293.4678350384891,540148.6288349055,1.3715087642808734E7,21280.358341362375,56.00635020148095
187.9694060198918,58.18125313790821,0.0016958268522869002,293.43400640264093,628465.4965499957,1.7675283880003594E7,22351.010032266684,42.540323525880986
216,12.955740040615211,3.346538765396491E-4,293.20966402372204,2427259.7147014705,5.891719907575858E7,99999.99999999999,39.66289461510831
212,19.43361006092281,5.043194774334552E-4,293.23664961281605,2382082.867720341,5.674351526076082E7,100000,43.69801847011572
191.98603698386452,51.7657454831966,0.0014686148900875425,293.396140559339,794456.5083468552,2.535991796626455E7,24889.778689284834,36.809056916271025
195.99422758921386,45.322555547836366,0.0012346393662217466,293.35847290802207,1067955.8582269335,3.401088250753464E7,33534.84901822397,36.36645965426897
199.99815172390828,38.860596452856356,0.0010215810647755863,293.323677282574,1513148.1296276457,4.3098624955558755E7,53125.81347964639,38.841253805153194
203.99968603757193,32.38823985588444,8.372713057348591E-4,293.2922635749629,2255506.5293021686,5.6836708084167294E7,89510.67513283902,42.171634721251515
208,25.91148008123042,6.706242565905285E-4,293.26365719375826,2389348.490727166,5.70903261140914E7,100000,44.37057920442609
161.80699871549214,107.41622666094236,0.04113927330797112,293.64459236306203,1851069.4959666354,1.048193250001823E10,328.1782676187165,23.143817935867265
111.99999588620838,195.74279504530443,0.08315991517919773,293.41795146204413,5293706.071902511,2.810089219920453E9,9973.191946001729,24.73174983497766
107.99999995927134,202.22066404320626,0.08861133698763579,293.30867415884035,7637540.618359111,7.630733901631085E9,7651.396298399098,22.715122844902226
103.99999999999999,208.69853399999997,0.10000000000000002,293.15,1.158971166984804E7,2.8681918243424347E10,4683.17977073804,21.413517493620006
115.9999767948286,189.2649290386164,0.08007568706911085,293.49917741506414,4247189.735216494,1.3002208969474382E9,13874.703536636693,28.3546401928166
119.99993943588672,182.7870687337393,0.07834337703523808,293.55749371062143,4668935.4281058395,7.998699662612295E8,27254.343469481693,34.5762186605617
123.99949923796514,176.30994190919776,0.0773887327260942,293.59811973594645,7017599.199176093,8.274769288349953E8,59606.28393618972,41.51665238591023
127.99753765175022,169.83617726315836,0.0767663708110038,293.6274372694557,1.16635841774019E7,1.4397666195764434E9,94523.50992607755,45.13954112789008
131.99190233055228,163.37039753787352,0.07614232742898887,293.6496542990833,1.5426608481215851E7,2.380190849087573E9,100000,44.400950327723145
135.97952031938414,156.91949263147634,0.07542348211146473,293.6661812110331,1.706574762329424E7,2.912459308111109E9,99999.99999999999,42.31916837427255
139.95925349512765,150.49168898154036,0.07468770239697685,293.67677451927835,1.840673097523205E7,3.388119202594084E9,100000,41.549335589016785
143.94058175636135,144.093483456742,0.07395063089468103,293.68086519728496,1.975193078428646E7,4.0421979001535645E9,96526.18764805899,41.897520108601434
147.94856753388905,137.73204026174287,0.07313697538522067,293.6782427266972,1.2347966842924312E7,2.8833161069529777E9,52893.91450469866,39.752024555135336
152.059612738674,131.4452812513823,0.07221834545936377,293.6696212333914,4726385.323376448,1.190936834215569E9,18765.58904965303,34.32249707034028
156.43492535445884,125.36441574536067,0.07075992936747383,293.65600851584,1488738.5519640082,4.6482191918169886E8,4786.966714803218,28.285863371101616
160.86318614114634,119.34020473034637,0.06573091175131283,293.6418583061254,1117129.8632738471,1.3446766142188947E9,930.1914709740404,24.098888902036922
165.33559741804112,113.36783927478828,0.04227892054822308,293.62546814478964,1596320.566716385,9.092865144533983E9,281.1684224604781,22.42901826583424
166.27556514441127,101.4458417722751,0.012316177242165856,293.60634445663004,1657261.9895127052,3.662341631490213E9,760.8047183138643,27.412067340221842
170.7293777096066,95.46596142459958,0.004665142183329519,293.5690575257253,1224982.3406792209,4.608278513276599E8,3295.018595907506,38.22919146530767
227.99999999999997,6.477870020307602,1.4616472478702378E-4,293.17827505635074,2253963.0101721254,5.08040294750377E7,100000,34.04081917247675
232,0,0,293.15,2153926.869487438,4.639425543260313E7,100000,28.2236774247
175.1387085127948,89.44532226188828,0.002922575096051212,293.53960758707336,1128929.7457679787,1.1562568891708629E8,11134.043635585635,53.7591111951337
179.48456382574122,83.36026056794442,0.002396200844801168,293.51508422214374,1132400.3641354346,4.515496655330691E7,28466.063315702286,65.42152950612648
224,12.955740040615204,3.0527934745857953E-4,293.2047510050766,2344760.3505041883,5.497971392483899E7,100000,39.94228477359823
183.783351607435,77.22266554798381,0.0021508878874377,293.4914125604932,1339546.004005499,3.4233854944458805E7,52462.309042310204,65.88735399776554
187.87812186430605,70.91034785709373,0.001967074031433022,293.46597903169146,1539871.126483094,3.515075063752375E7,67464.29562561803,58.38437297620208
191.93613591039158,64.56356064331827,0.0017876501492597693,293.43674840056997,1694358.3412889342,4.046352576086449E7,70981.98095058725,49.49974297471112
195.97035391016811,58.18197783660053,0.0015970290662667256,293.40426383507844,1815588.0232911417,4.914600693058931E7,67081.87822530176,44.19252751462012
219.99999999999997,19.43361006092281,4.7260604039234456E-4,293.2302624113777,2402591.899786207,5.772478446101152E7,100000,44.99006123292303
216,25.91148008123042,6.434366937887163E-4,293.2556555944281,2444462.9901830778,5.975405853053414E7,99999.99999999999,47.783247946630446
199.9873488206106,51.7664261432893,0.0013905153584127562,293.37099246405114,2124122.193486176,6.107236508363109E7,73887.82482469302,43.325684254601015
203.99506744806706,45.32304801455541,0.001183291112948884,293.33915163462603,2517036.0296379174,6.977366139446804E7,90807.36228007278,44.813056406402175
207.99846600979447,38.86097046933338,9.93833380857838E-4,293.3094676909711,2593931.1769950474,6.881446022741982E7,97779.52910731432,46.80410441642425
211.99974587763583,32.38837369735162,8.160158888191204E-4,293.2818007595915,2504007.79985844,6.270131347865406E7,100000,48.161349439757295
169.8191032139661,107.41467563466047,0.012505571681231393,293.5966429491909,1582197.3028292442,3.396383117396881E9,744.5765743931532,23.306803905223507
119.99999999999999,195.74279395938473,0.08240029491492006,293.3952199896662,1649002.8071669515,8.463597673510923E8,3213.941026332564,23.51967314100384
116,202.2206639796923,0.08788789995884821,293.2883528073826,2242963.2258485616,2.417400285618667E9,2081.9457466343197,21.548274235972187
112,208.69853399999994,0.10000000000000002,293.15,3804670.1950917677,1.0023738306439554E10,1444.1264238968195,20.724871578180007
124,189.26492393907714,0.07986422892691646,293.47601287752326,2382057.3459759094,7.03592587775232E8,8069.222840083562,27.944925592173615
128,182.78705391876952,0.07862536236182104,293.5327976446852,5203501.126295823,1.1262412583821933E9,24047.012638644344,34.48702738135268
131.9995555586178,176.30995063532382,0.07789274249941375,293.57159216853915,1.0656300759342233E7,1.9163546395471241E9,59278.279489533794,39.72767453653814
135.99758484127202,169.8363738424095,0.07730735943785984,293.598687999633,1.5701742443754107E7,2.538463415163048E9,97174.29924416395,41.041564621749906
139.99178444508377,163.37098098823026,0.07667753254090719,293.6177490485866,1.6400558530831838E7,2.690054035627135E9,100000,39.41203854855061
143.97914789624613,156.9203980375646,0.07601845315639726,293.63021710427194,1.685653967038207E7,2.841521890341871E9,99999.99999999999,38.597581529037306
147.95975575182055,150.4922648500638,0.07541666591816566,293.636136381644,1.738501733648481E7,3.1541030431648693E9,95828.58443103806,38.97076620750294
151.94277571461708,144.08894197788456,0.07486602708481643,293.6352463515459,1.1670905499460222E7,2.5515670151109576E9,53405.2435870689,39.039668046973844
155.98336101576672,137.7390260570985,0.07415856752701157,293.6283558348877,4929480.67265731,1.2795662165167692E9,19001.339676355125,36.92970160124755
160.15534280769302,131.49242265443914,0.07290089683568542,293.6180074750251,1560601.7156417996,5.10130041188998E8,4812.53681195007,33.23848413850407
164.4787655331283,125.37289924387926,0.06859111464288775,293.6077638386312,992938.9814107195,1.0023599228060287E9,989.3211595757585,29.843391574194552
168.88700922534267,119.3384282139226,0.04710762749762339,293.5983619515827,1452165.2272516459,7.96510272399146E9,266.7186863698267,26.32947695232642
173.34845817898278,113.36426789504353,0.01432228636161788,293.58010173977306,1683969.4730914736,4.306418685479442E9,667.8435571069084,24.035597355230735
174.27990963690993,101.44403729211012,0.004685681900733752,293.5626891843439,1478397.7619331132,5.428784776096574E8,4066.6760706342425,28.005575022638283
178.72941710858169,95.4646987069887,0.002952187157397979,293.53279299633374,1674681.569633403,1.6606907054753134E8,16983.7922020752,37.075844412474375
236,6.477870020307602,1.316682273083918E-4,293.1752920693073,2001023.9255947412,4.0043685054192714E7,100000.00000000001,33.64096797715744
239.99999999999997,0,0,293.15,1852378.8011886647,3.787009146052509E7,90635.89295930006,28.1263184716
232,12.955740040615202,2.768804984973885E-4,293.1994059100329,2174659.9507815535,4.729166768110371E7,100000,38.95055784256983
183.139109146785,89.44647797590072,0.002447121562631161,293.5074860019857,1825933.1770617897,6.65584569274523E7,50163.81138739019,47.85015212889022
187.48599960721162,83.36383904831759,0.0022193304796874667,293.48415646963986,2044632.8577850389,4.947163638303694E7,84560.80110839878,54.974732121142544
227.99999999999997,19.433610060922806,4.377592410921978E-4,293.2232966182824,2339954.6125974306,5.4754770091139674E7,100000,43.36258333633424
191.73445012463313,77.1879477652846,0.002042671775908829,293.46052005193434,2233771.519061389,4.991170600206841E7,100000,55.78110778028724
195.89789214781385,70.93645105407053,0.0018718029410360367,293.43516033349584,2307884.2098452854,5.326654778000485E7,99999.99999999999,52.78454518203623
199.94414500280516,64.57396545318494,0.0016975594744512111,293.40782928852667,2372274.99232676,5.628143322125123E7,99998.25761111417,49.58922280542101
203.97400626285105,58.18648309690162,0.0015152721693676404,293.3792950235908,2480124.618149062,6.2050844725444995E7,99133.95061696018,48.60028747461143
224,25.911480081230412,6.096166751347216E-4,293.24748071327696,2460107.3708342724,6.052223918479636E7,100000,46.778781824592556
219.99978321394448,32.38850496712457,7.863605844879742E-4,293.27215368972907,2521652.583487313,6.358752026215997E7,100000.00000000001,49.31714126337741
207.9892614592878,51.768541218495386,0.001327861260264781,293.351040573902,2576873.9121716004,6.640377720333349E7,100000,49.28272325464162
211.9960274883397,45.32411967224232,0.0011440198125202373,293.3237716789877,2566710.686823287,6.588013144986305E7,100000,50.15760648075037
215.99876520851834,38.861426297433475,9.642441736672936E-4,293.2975170012662,2550752.725303512,6.506355982905394E7,99999.99999999999,50.33429604827401
177.8248318887637,107.41145227780498,0.005030968071401846,293.5527160038952,1650152.8808844879,6.940427489599832E8,3961.7200551027995,24.40595022849718
244,6.477870020307602,1.1818860249819948E-4,293.1724582404934,1670745.794530431,2.7926028283177063E7,100000,34.44023276335519
247.99999999999994,0,0,293.15,1396535.6043263108,2.7230326872194678E7,71622.89559960013,28.934964784499993
128,195.74279395938473,0.0828356499640107,293.38216442400784,2577652.44497451,1.3507644257027361E9,4919.511669332743,24.32211859909593
124,202.22066397969232,0.08776275644605253,293.27773158612166,1427605.632464175,1.5808238723249848E9,1289.560954305464,21.458616393264062
119.99999999999996,208.69853399999994,0.10000000000000002,293.15,1172596.2196330337,3.1994437056354117E9,429.7615948430084,20.40393501420001
131.99999999999997,189.26492393907714,0.08062399554670446,293.45949658989167,5218029.4151497185,1.6179608377892132E9,16831.361494437253,29.613601031184178
136,182.78705391876952,0.07943067918119882,293.5121665394579,1.047798041872683E7,2.3044366223129153E9,47650.537460173866,35.86642249714316
139.99953132617603,176.30994843203763,0.07863659768366561,293.54716434947017,1.763088772892373E7,3.2549297579859943E9,95503.17303260685,39.829640327996884
143.99757724156274,169.83632675817026,0.07792765776139109,293.57023785504134,1.6814373323387995E7,2.827259354470711E9,100000,40.92366193296411
147.99185666048416,163.37085662542466,0.07725243746881261,293.58498945886186,1.5934075899130912E7,2.5390623732336745E9,100000,40.903539426524986
151.9794429008692,156.91967843766608,0.07666446666866,293.5929135343826,1.5106088918004967E7,2.282262047243427E9,100000,41.39379693819532
155.96178188154957,150.48947395830325,0.07622865664869083,293.59433387157674,1.233525157743225E7,1.8542208129845955E9,82073.34898290098,42.679536791488545
159.9512769432398,144.08430451722754,0.07577400889337126,293.5900742098698,5611498.787864834,9.569952748086923E8,32915.033039913986,44.0454972286987
163.9658446394961,137.700220139535,0.07491912486432528,293.58296565496397,2086646.5187450221,4.7559451531152374E8,9214.54002069359,45.08708635050238
168.19210035041854,131.49659926501735,0.07212197552139343,293.57540668301414,1190357.6021706734,7.672403875685272E8,1889.7816759988903,44.15283959400649
172.50085831905696,125.36827086623862,0.05726340604590683,293.5697619618459,1582577.5330762938,7.094211837765336E9,363.77962411730294,38.95740140409446
176.89908775693655,119.33171989858437,0.019902161798398446,293.55978400339114,1613803.3686121267,6.427763928874751E9,415.3359709753676,31.123992429201845
181.3540850378308,113.35882575655846,0.006006750319674904,293.54003292586475,1543303.941238367,9.291392051671225E8,2588.4654592140446,26.087680167675952
182.28155817705795,101.44212004169958,0.0030484222800897533,293.5242196998027,1938795.3546929613,2.0847572875704214E8,18137.829882311864,28.856078753969623
186.7285839701844,95.46439285264171,0.002507107367791262,293.49843065850285,2123792.5061999694,7.615964935752806E7,59278.134760726905,37.0183051877679
239.99999999999997,12.9557400406152,2.4497210458046987E-4,293.1939011520123,1912396.8559510885,3.657275753762085E7,100000,38.84623725878574
236,19.433610060922806,3.9468931809250306E-4,293.21574643385935,2195514.497351121,4.8203512792831E7,100000.00000000001,41.91704829339965
191.1364614348753,89.44781537335372,0.0022894696266014844,293.47525293719326,2313965.424017077,5.364566310616296E7,99994.03194644304,46.25755635728091
195.4774541194829,83.36385368260842,0.00211572253265755,293.45321341562664,2240807.1011532336,5.021294245123511E7,100000.00000000001,52.65880786172753
232,25.911480081230412,5.660889647931033E-4,293.2386700894231,2460198.5015595355,6.052984120577288E7,100000,44.165818753156714
199.74878233727662,77.21020076186564,0.0019507726477252327,293.4309998798089,2179345.800966633,4.749621740405697E7,100000.00000000001,54.84858980209449
203.87456343228828,70.92296790433751,0.0017874885980195124,293.40800306773843,2189580.6737373252,4.794298413089335E7,100000.00000000001,54.071452193384424
207.94753113991038,64.58233541960904,0.0016224251871924695,293.38397739786154,2251788.281037426,5.070552049645069E7,100000,52.805157332892286
211.97761916383146,58.192017256576484,0.0014540974706082994,293.35956529667743,2335697.224603512,5.4555078010421924E7,100000,52.50979161444008
227.9997797704904,32.38851013782692,7.498197056322883E-4,293.2624484548449,2599481.162228303,6.757554945772974E7,100000.00000000001,46.70194733187768
223.99892122868104,38.86157414727274,9.335983079900451E-4,293.28660531277325,2586592.5937288906,6.690489138051E7,100000.00000000001,49.206306400155654
215.99068037231368,51.770659253984746,0.0012836205952256677,293.3352144110814,2417801.1612544167,5.845770207794213E7,100000,52.21779288593269
219.99666925969146,45.324965467856096,0.0011110072887344413,293.3109021352536,2503130.3879759875,6.265688703291615E7,100000,51.18720721589708
185.82641114880892,107.40795687722607,0.0032560227495632417,293.51493175237147,1836123.8377643109,2.5078793394242254E8,13584.343120928143,25.927625252636116
252,6.4778700203075985,1.0468311360648852E-4,293.16994909868635,1139919.9987414086,1.6036424202079752E7,81033.1395623695,36.533492628716196
255.99999999999994,0,0,293.15,915865.0566401198,1.5764404646459216E7,53209.40919026016,29.89070573503999
248,12.955740040615197,2.0964596347771848E-4,293.1886393902828,1425962.5993705261,2.201699594530484E7,92358.27857108299,41.09927258824177
260,6.4778700203076,9.169159271737093E-5,293.1678368768548,648552.5008169232,7850882.43062517,53578.526046207575,38.113963855948974
263.99999999999994,0,0,293.15,489704.3845816232,7619073.782546268,31475.073171300155,29.784051165520008
136,195.74279395938473,0.08348360034915657,293.37732126624184,7063508.908892636,3.461194222886144E9,14418.169408734471,25.495731646908848
131.99999999999997,202.22066397969235,0.08820803528544345,293.2765250782068,3960408.7645493806,4.0658694410297875E9,3860.3788433313644,21.986665661007127
127.99999999999994,208.69853399999997,0.10000000000000002,293.15,2124068.013918439,5.676902686194669E9,794.7459791245992,20.479821326200003
140,189.26492393907714,0.0812854558321206,293.44814018660253,1.1787759099873262E7,3.300068812728001E9,42110.675644663446,30.93279367700129
144,182.78705391876952,0.08011022903261074,293.49473624327993,1.8673901277173404E7,3.7337215953701997E9,93475.66934574425,36.26492067637923
147.99950882809807,176.30989138618747,0.07923042461870104,293.52471624066476,1.788172249640258E7,3.197566085599312E9,100000,39.97306574073212
151.9975037854387,169.8359568698516,0.07844626972292779,293.54373223865485,1.5922836808803989E7,2.5353900441026855E9,99999.99999999999,42.50414656901244
155.99193549958528,163.36990158519305,0.07777393779872332,293.5548320628918,1.4270396977739958E7,2.0364825468871498E9,100000,44.663356132830124
159.98022090223165,156.91765115818038,0.07724717221656946,293.5594205637116,1.24317440978992E7,1.546257026799741E9,100000,47.308281420339426
163.96419893679686,150.48428646626783,0.07685188564503365,293.5584606361051,7130550.486890861,8.261755282427506E8,61549.50964174944,52.3183008742056
167.96489470192887,144.08071025786066,0.07626624055100961,293.55413779991346,2610916.635255683,3.7113655375264925E8,18417.466386976477,60.512459781919574
172.03136822392514,137.73714202243357,0.07465669619774042,293.54927282304453,1407569.5937948471,4.8841561739861137E8,4153.724395120908,65.78614682224946
176.21194919959063,131.49235246057566,0.06670786456496959,293.54529690864524,1580284.4730569583,3.5061042872996345E9,720.3028856690726,62.12182096836077
180.51033783312766,125.35904950063475,0.03289288330114234,293.5398427583992,1697297.751269845,1.0159268161874659E10,285.474923315293,49.11064647280069
184.90320520083515,119.32419404245893,0.008516373605093651,293.52637707278245,1312536.898684571,1.498231886681311E9,1155.1818251792454,34.429994209182695
189.35488622869386,113.3539796786798,0.003701761770151782,293.50558597315836,1565982.4667017106,3.340742060342644E8,7459.738956115531,27.190995508574932
190.28085548822182,101.4408442505744,0.002577134857515226,293.48952077702074,2106768.710907965,8.73761087319117E7,50909.55586850126,30.99658479880193
194.72579368314155,95.46496659393847,0.0023462626940950106,293.46647781087626,2202966.01637086,4.9265922804443985E7,99002.25861829687,39.888649150473334
244,19.433610060922806,3.3876117791140076E-4,293.2079344574567,1762442.288718647,3.4191752322179936E7,90855.42420383188,42.44699289024941
239.99999999999997,25.91148008123041,5.025298197598639E-4,293.22908810021096,2166853.6941917962,5.2415563154109746E7,89601.38740701642,41.975669127649105
199.13102160535126,89.44966818887414,0.002177600024338727,293.44561418079815,2169332.217023365,4.706058615871307E7,99999.99999999999,49.60020963549786
203.46988740858953,83.36707798943777,0.0020199888506763713,293.4257932394257,2060194.0226506523,4.244443647576991E7,100000,55.94814219143482
235.99974147318116,32.38837231552406,6.998763845821647E-4,293.2520621086578,2495213.6758629004,6.991323088355978E7,89069.5763191163,42.724571884142584
207.7190788073208,77.19592720609627,0.0018679589378973183,293.40601290168087,2018546.3635887513,4.074550915938113E7,100000,57.929122896519175
211.8995872675059,70.9579357258062,0.0017178465066747738,293.3857215488428,2034855.8683307443,4.140645654824505E7,100000,57.33812048973976
215.9476462796334,64.58832782376832,0.0015661894894543756,293.3650071161574,2101376.251060018,4.415786095932881E7,100000,56.04129691262289
219.9779515513812,58.195003558310844,0.001412417389579628,293.3438760835181,2208114.333590148,4.875789899722904E7,100000,54.267470793931615
231.99889545383368,38.86121647147117,9.020242251353986E-4,293.2757758434487,2661820.737956425,7.526488789910433E7,94143.8986468996,44.929167804510904
227.99687779292083,45.324870779473834,0.0010872175499548585,293.2992899039859,2571777.7480936544,6.6141490221381456E7,100000,47.82309192955996
223.991033256883,51.77148320961309,0.0012543369470047747,293.3220545198836,2359296.570496509,5.566373499849478E7,100000.00000000001,51.17227995246495
193.82518429161698,107.40550236559895,0.0026829852500045233,293.4814292279884,1893015.8399756495,1.0921147508983444E8,32996.729519939545,27.992838412810936
256,12.955740040615197,1.777747076550741E-4,293.1840657210694,802240.2647154545,9773399.557846958,65853.79427065839,43.97839402790719
252,19.433610060922806,2.8055322930737404E-4,293.20061847916486,945406.2379415525,1.4613825506256768E7,61164.94827527605,44.733321292944765
268,6.477870020307598,8.567589550828955E-5,293.16608012997625,332138.7758734215,3630146.293207627,30390.988889914563,37.24728739408774
272,0,0,293.15,290914.26984987076,4647744.263543001,18212.920198580003,28.53629388566
263.99999999999994,12.955740040615195,1.5652363951296886E-4,293.18034311480386,390069.177397908,3877699.2046910455,39239.490806736394,44.97562172949264
275.99999999999994,6.477870020307595,8.887035184090387E-5,293.16465132566503,317560.9514815153,3413976.0458626263,29540.81173421495,35.444785197959
279.99999999999994,0,0,293.15,409590.52258634917,7085059.542204362,23679.107760299925,27.441340131700013
144,195.74279395938473,0.08390332953462008,293.37544944939094,1.5103771191422155E7,7.034722153331383E9,32435.865151360525,25.803427699500684
140,202.22066397969235,0.08851579211687742,293.2812798004525,1.0118948813250406E7,9.948712455103477E9,10301.637539117291,22.43137233021164
135.99999999999997,208.69853399999997,0.10000000000000002,293.15,6208115.015866183,1.6248839563162437E10,2371.908783000006,20.655511268500003
148,189.26492393907714,0.08177994900167823,293.43726066016967,1.9367090735262096E7,4.913577951496884E9,76374.64259823157,30.301007555415854
151.99999999999997,182.78705391876952,0.08060119157534294,293.4771110805514,1.9239275279673148E7,3.7018874598106728E9,100000,34.90133492449602
155.9994962560533,176.30979921485863,0.07964017798908812,293.5029187938986,1.6593894689136235E7,2.75357601177162E9,100000,39.12918198110182
159.99739563719217,169.8354040303177,0.07882901290470833,293.5191505446303,1.4192789633707704E7,2.0143556148685257E9,100000,43.382988841860474
163.99197764043896,163.3683450862895,0.07817973463506743,293.52822276190324,1.2106818363856783E7,1.465761064470657E9,100000,47.83713756702409
167.98120787526656,156.91460837500915,0.07768268241073813,293.53158381655516,8251342.066627052,8.675038747563682E8,78496.30118451586,54.8701745964126
171.96631484245873,150.4784012901704,0.07717787908758746,293.5309109920947,3251782.8562410753,3.472212746776643E8,30485.464033979235,67.87025724212369
175.96175120934916,144.06465764710904,0.07615892182648208,293.5284974135324,1439349.0310732292,2.922755804974493E8,7204.631427621637,84.16852628311428
180.03496633245626,137.72341356912708,0.0721201860858011,293.52565467615847,1215289.0057905817,1.1463772114179752E9,1297.9346112418682,88.91592009869412
184.21351267581392,131.47933765765774,0.05096402479715396,293.5218929042183,1608342.9278360985,9.018739244929344E9,291.13785587506754,74.09036324477371
188.50965233104992,125.34955910860451,0.014706428963396535,293.51272547222214,1453600.1039868484,4.1696817580162864E9,515.615366079734,50.4897341729064
192.9017007756895,119.31878566219626,0.00475885221801465,293.49587469948796,1111956.724521348,4.516308800339442E8,2808.453050105331,33.04792975197798
197.35261435246383,113.3510893338108,0.002892796903093756,293.4737947977073,1400943.8373603944,1.3114529307133181E8,15123.518271560088,27.85787353914162
198.27799509556505,101.44028143148249,0.0023868394133696046,293.45859627512965,1992511.6491066844,4.6018828652136184E7,86684.68254678253,34.881402046879316
202.7209204190929,95.46585509507584,0.002224205943776886,293.4384974592044,2051438.3156424041,4.20898158510004E7,100000,44.93623124853767
248,25.911480081230412,4.2293457753915677E-4,293.2192861423204,1076127.7674191322,2.409582064562057E7,48063.43357392456,41.30169824415245
243.99969243254475,32.38821655575007,6.243246003511618E-4,293.2408587163323,1262813.5969297106,3.904642649183935E7,40850.38108279819,38.45470582207576
207.12333268656803,89.45111736606401,0.0020762687169080325,293.42029028106344,1925359.692468346,3.707031278781528E7,100000,54.354923392235385
211.4563412528974,83.3655733626436,0.0019358249538456234,293.4028316334013,1846882.2295743704,3.410988314331939E7,100000,59.52616831054268
239.99876140245377,38.86071099092494,8.623321871669127E-4,293.26433333577455,1589607.3410446888,5.280224453539597E7,47862.82219619223,38.584397188496524
215.70558651667906,77.19458251002538,0.001799492693227078,293.38537508701296,1828026.9307286034,3.3416899470633704E7,100000,60.81149258899291
219.86076306878033,70.92899348615607,0.001664550281568665,293.3677090499107,1864472.1245715593,3.4762628289829016E7,100000.00000000001,59.899035315636034
223.94275833121338,64.58902809440174,0.0015289815631621866,293.3497058093487,1958090.3440854412,3.834142643037214E7,100000,56.92362770075727
227.975353704956,58.19477483832921,0.001390311951321442,293.33082750993503,2124731.2675481425,4.514636202199773E7,100000,51.73789861882175
235.99684664701908,45.324322867951004,0.0010767935495933042,293.2879272780822,2293743.5877645207,6.5880517419638254E7,79875.72652423124,41.269620127933216
231.9906442460633,51.7712562926533,0.001243787363535805,293.3103026055854,2367578.894740874,5.625030502568833E7,99660.79401851747,45.9113177189571
201.821971439276,107.40416638365757,0.002428579784629932,293.45149135994944,1668032.5364262348,5.068309734914536E7,55032.319551075576,31.352194368799157
260,19.4336100609228,2.3562799860061967E-4,293.1944619179965,446454.53088199504,5221245.093410266,38180.65587244342,46.90910465144261
256,25.91148008123041,3.44997928821739E-4,293.21034094313933,489266.5479608853,8571502.629470175,27931.566202556623,41.76699329927632
271.99999999999994,12.955740040615186,1.5044523137173509E-4,293.1773818802944,260796.06147630909,2299560.5594748976,29579.141346176202,43.50402637199542
267.99999999999994,19.433610060922792,2.102573026668166E-4,293.18957926164313,220703.32376429602,1970447.2524301254,24724.58710385134,46.72150491449022
283.9999999999999,6.477870020307597,8.84868630266382E-5,293.16356877103766,713313.2868888461,7563106.515525751,67284.9177648294,35.03174678675967
287.99999999999994,0,0,293.15,866626.0790361138,1.3554718293247288E7,55438.554695079714,27.656856417079993
279.99999999999994,12.955740040615188,1.533286837822646E-4,293.17508776711406,496823.0760632942,4417334.059465386,55886.14674242591,42.421318700899754
291.9999998598201,6.477864601944932,7.914127279228844E-5,293.1627546721714,1089169.5132450562,1.1878180608367473E7,100000,36.580689199078726
295.99999999999994,0,0,293.15,1203818.2083758896,1.4845732800192626E7,97673.18165055996,28.800897687739987
151.99999999999997,195.74279395938473,0.08419213070360952,293.36967278372373,2.1212940141030077E7,9.501750739908121E9,47368.35067273007,25.129528159657255
147.99999999999997,202.22066397969235,0.08872705709349714,293.28586744795297,1.817882533241933E7,1.745744464342578E10,18948.06361805214,22.39200741595927
143.99999999999997,208.69853399999994,0.10000000000000002,293.15,1.3665131017314674E7,3.513870725876548E10,5314.24802854406,20.756390858420012
156,189.26492393907714,0.08209990202883816,293.4221355297472,2.080320822087733E7,4.775047189430062E9,90660.8585489776,28.544717110943214
160,182.78705391876952,0.08084515724030981,293.45702116762953,1.7517878507462237E7,3.0701501974671597E9,100000,32.44397135514151
163.9995153572974,176.30973810591647,0.0798497502876044,293.4806132194431,1.463929805040585E7,2.1431641197584772E9,100000,36.91197467764771
167.99745101176205,169.83501205244445,0.07905734829757775,293.4959609772255,1.2034913054521723E7,1.4484463720334451E9,100000,42.17405934531922
171.9923480592134,163.36703112331728,0.07844325610176811,293.5049919162835,7895798.819766668,7.80935702044096E8,79838.25015447488,49.309594665595846
175.98262395937078,156.91176150041272,0.07791063559502741,293.50911948511595,3170715.4743918222,3.025752685319903E8,33242.24646567337,62.419622648810154
179.96979554450164,150.47461290635263,0.07714625866947887,293.5098581702536,1271733.6752622689,1.753697428847988E8,9288.243344780329,83.20490164971305
183.96065827753773,144.0550210424682,0.07484571342714719,293.5086150521325,930599.500311081,4.5320935793045783E8,1941.4079803388613,98.94808034359478
188.02031228077354,137.7032393103894,0.06360044419701481,293.50563440188256,1173534.3651880505,3.7040457687749104E9,378.7699646000533,91.4175266244776
192.20017420519275,131.46365909105856,0.027859250442527284,293.4987850313768,1206096.8826655059,6.304827494349709E9,233.41207471621013,67.25790786450246
196.50340325955722,125.3439523520866,0.007466810896389464,293.48486303159694,918689.5055598309,9.029779258579822E8,940.1651108370974,43.610177093190195
200.89748569943967,119.31637475361138,0.003394309730552166,293.46529185251296,827956.8962453669,1.4820950610965875E8,4730.852608342783,31.253114833270548
205.3487350691814,113.34956415166965,0.0025323427269684155,293.4445153001024,1072727.6899912371,5.3263340502900265E7,21721.317261427797,30.38536665430961
206.2731222757127,101.43960981698575,0.002253716274244741,293.4319806431917,1851197.54364832,3.504385600435833E7,97970.40431538888,40.049338789764846
210.71385743693907,95.46563069966787,0.0021172917808433274,293.41485656737535,1778025.64565806,3.161390253793621E7,100000,50.190299275318836
251.99968237462835,32.38817406076903,5.214473810909998E-4,293.2295553167691,544185.1916264979,1.624708810691388E7,18237.369816028775,35.51719823940522
247.99873571903993,38.860587798776905,7.901270184681246E-4,293.2521016113974,667256.0368254717,2.7055396287138846E7,16461.660386853982,32.34577559451953
215.11331365372718,89.45015320268867,0.001989404195073829,293.3989725382484,1671629.2837075589,2.7943520744832594E7,99999.99999999999,58.04899024584984
219.44368723724529,83.3626079907595,0.0018670418702970116,293.3835205214222,1622422.4502607146,2.6322581475309376E7,100000,61.69240612243385
243.99690983641662,45.324165128273755,0.0010616473826225664,293.2760054987075,967432.1314997455,3.391830799313904E7,27598.00475083626,33.137378479077874
223.6877307795177,77.1847711600988,0.0017479022046608132,293.36817888515907,1628712.6829393217,2.65270657630213E7,100000,62.40350809753726
227.84545845614173,70.91841843538548,0.0016303764118999352,293.352796970511,1689133.644917324,2.8531785443221483E7,100000.00000000001,60.149405160517354
231.93177481875634,64.58008868387367,0.0015130730877344646,293.3368264264698,1822456.4589207526,3.321380933157383E7,100000,53.98619572400003
235.97275265503995,58.19239699498268,0.0013934897776143051,293.31918463148577,2019195.4092792673,4.186509935186126E7,97398.96318140859,45.403595649238916
239.99043645790957,51.770800664678156,0.0012560427324594635,293.2988628829589,1587871.3331495973,4.16034044937286E7,60612.35597964054,37.71895280176961
209.81727450654898,107.40277457040034,0.002271417115029893,293.42590845006885,1383283.0191964095,2.865726697499429E7,66839.19033421089,36.33931109538242
263.99999999999994,25.91148008123039,2.8806904526198926E-4,293.2029693859099,206798.55873223057,2544550.474833032,16814.25869204247,42.17628657542656
259.99976517666755,32.38823939840804,4.1671918390825914E-4,293.21936566495384,210717.1297697347,4706188.690459315,9438.80559846753,34.28245739467622
275.99999999999994,19.433610060922785,2.0835890786741415E-4,293.185790895308,312286.0426704693,2651445.183072666,36784.383033038575,46.02864651445534
271.99999999999994,25.91148008123038,2.644725480441487E-4,293.1971786158775,167673.69067159886,1530163.4257596545,18375.605715752754,42.22106465148227
288.00000185739583,12.955698710530674,1.5114180329727723E-4,293.17335524082915,987146.1542222388,9876829.24680469,98669.32516823523,44.32608148137775
283.9999999999999,19.43361006092279,2.1408211469878054E-4,293.1829328952668,864943.7895023233,8159275.329582434,91690.98008424246,48.079159878273906
299.99999980682634,6.477832370902846,7.383889352823588E-5,293.16205290213094,1122865.981210036,1.260905567787517E7,100000.00000000001,39.26435969405541
303.9999999999999,0,0,293.15,1121603.4957992015,1.2579976253203465E7,100000,30.714733589739968
296.0000104297879,12.955474418555923,1.4750886814941873E-4,293.1719522462406,1095832.328440536,1.2008579625859916E7,100000,47.9244096466353
308.00027855394205,6.4769727160517085,7.125157696119418E-5,293.1613597773748,1100928.251548856,1.212047399749588E7,100000,43.12094745187955
311.99999999999994,0,0,293.15,1080422.544364012,1.1673129367323667E7,100000,33.50416690343998
160,195.74279395938476,0.08435631519146282,293.3547842244042,2.0493764408436377E7,9.08111353466234E9,46258.7290747587,24.008500979652073
156,202.22066397969235,0.08887266439398428,293.2824018716511,2.1440577786010053E7,2.027153043795532E10,22699.095256814664,22.058657812158938
151.99999999999994,208.69853399999997,0.10000000000000002,293.15,1.972691553209281E7,5.0005399127414276E10,7782.184905486043,20.742627299580008
164,189.26492393907714,0.08217367749696997,293.40086757137084,1.6516910598024162E7,3.924437307507524E9,69531.1462654834,26.353556111675
168,182.78705391876952,0.08085733945076846,293.43364989745055,1.3096506855369776E7,2.120655130373257E9,80925.7089836787,29.459617719440114
171.99957051611835,176.3097182099809,0.07988892133680499,293.4572633562339,9700558.065237345,1.231785243592823E9,76395.48390996213,33.61928469146735
175.99778586634326,169.8348532461085,0.07916444394140314,293.47370149603927,5496421.475125306,5.775162047236928E8,52313.679779017955,39.07907064652479
179.99334012887024,163.36635465465238,0.07857215795822835,293.4843325301403,2248458.1234180513,2.0773346633330664E8,24341.133693137363,48.10696481117191
183.98457806470336,156.91009991242333,0.0778980694352878,293.4898723522831,990551.6621621334,1.1308900076647244E8,8694.58435642695,63.89856000830371
187.97352773406658,150.47344458582762,0.07636203664760126,293.49128904727917,647085.8004443828,1.9380156293977392E8,2184.273331502042,81.51331097446217
191.96905894928943,144.059754756098,0.06991018712513224,293.4894162778473,668837.4601851276,1.0765509047523527E9,417.293981075904,87.81855364674526
195.97556799113454,137.66119579525022,0.045183327892348586,293.4838184159158,776820.6384457588,3.966086578835434E9,152.54429990967546,73.43013240671326
200.19052803964482,131.46057295340464,0.014532561803809905,293.4717989504723,741357.8775511654,1.8998721872729683E9,291.0594932677928,52.534346934841004
204.49760869207296,125.343744603957,0.004794219934583003,293.45466981101885,592353.2962072513,2.6753489531922355E8,1327.916168534867,39.32606808200396
208.8925417607494,119.31512667518223,0.002814874547853381,293.43657030421815,550869.7435884072,5.326752047414676E7,5779.884968722439,34.42994653562109
213.34415334113132,113.34760881362455,0.0023299953308738935,293.41994506165173,723366.8885699074,2.2887567327969015E7,22916.876401804577,35.71846477785391
214.26657654751324,101.43756692407482,0.002142326923895477,293.40965368908246,1603590.9708204072,2.5733124809154827E7,100000,45.49681452118899
218.7053848287271,95.46303819369018,0.0020276273364887598,293.394819170328,1495333.8662905914,2.236031440459302E7,100000,54.34779769353279
255.99909957132078,38.86083249147571,6.635892278082518E-4,293.2397990005151,239301.5916366706,1.071170503292706E7,5357.561090470396,28.432872027622462
251.997692562835,45.324389818512124,0.001016918053630038,293.26322061064224,329138.8660339645,1.5360050731451279E7,7060.777358773904,26.895831877726675
223.10353857868685,89.44656770427362,0.001919606784766028,293.3807244325433,1418365.5335929904,2.0117629280338008E7,100000,60.67999338100242
227.43356584373367,83.35713915135325,0.00181567557736634,293.36704993248105,1402841.9826573234,1.9679679388484746E7,100000,63.76609886442534
247.99181161359374,51.77066541722405,0.0012717241100556004,293.28676717780576,591627.3247445035,1.8127114556213867E7,19312.237842544462,29.789179890683446
231.68026840596315,77.1789071510953,0.0017147494476564631,293.35362929413964,1428630.3175817635,2.040989494785023E7,100000,63.486686729787586
235.84531666748728,70.91655510827101,0.0016171060381783141,293.3400308924175,1501380.8762880927,2.2541506076340348E7,100000,58.279834678749374
239.93451194247803,64.57936129654573,0.0015226930931173234,293.32523231382896,1683434.8850101924,2.8346806751970857E7,99977.7655593934,48.03686100129341
243.97354067059132,58.190300602562466,0.0014215262061059275,293.3077806595442,1133559.8404861866,2.3810494966180775E7,53978.50884635334,37.119856613199666
217.81130445310794,107.39969976862331,0.002153450470305692,293.4047832705174,1022279.5584281754,1.6422135574094795E7,63658.925746767745,41.53182571923471
267.9999088939616,32.38826431226831,3.4528027352936377E-4,293.21095232210536,102654.53546211995,1397969.972868975,7548.893280139156,34.22031340096353
263.99973091619,38.86078661138101,5.122462642808095E-4,293.2285927958164,91463.46863205034,3041557.950085606,2756.304922884841,27.106228811835106
279.99999951149795,25.911468167770312,2.7054000572750516E-4,293.1927572684865,446588.80169317266,4226796.146733379,47186.06393202366,44.2778598405909
275.99994347627535,32.38805204104795,3.320966827681431E-4,293.204299549813,199787.76539940297,2263344.630356749,17636.878368339418,35.99601821395299
292.0000363995839,19.433027773938036,2.1786715088142322E-4,293.1807496823304,1070492.5510063,1.1459577152117595E7,99999.99999999999,52.969947238400984
287.99999999999994,25.91148008123039,2.830987921734651E-4,293.18947902309134,1045300.3307098068,1.126855282038296E7,96975.08777261725,50.52180622441117
304.000416713094,12.95402377931004,1.4452967984035202E-4,293.17065085348173,1116041.3169968047,1.2455524329495685E7,100000,52.555155272541434
300.0004992966471,19.430810561828807,2.184992202242656E-4,293.17888510397364,1132529.9194354531,1.2826244489401726E7,100000,58.74682079520529
316.00112417187796,6.474469471102386,6.861526861768962E-5,293.16065029908935,1063280.7524076854,1.1305660607702835E7,100000.00000000001,47.75106478020657
320,0,0,293.15,1033961.6737760938,1.0690767428770702E7,100000,36.7491587071
312.0018384840284,12.950149592117704,1.404852919597488E-4,293.1693549887228,1097617.7248245105,1.204764974391274E7,100000,58.12091212379962
324.00253418934363,6.4703476859828974,6.518063599316751E-5,293.1599633168873,1011347.3629535671,1.0228235252524307E7,100000.00000000001,51.82553666636502
328,0,0,293.15,975252.5881027816,9511176.131964015,100000,38.797835250359995
168,195.74279395938476,0.0844309974134866,293.33106394180544,1.2753180492326269E7,5.710871729338622E9,28486.26572526422,22.814851043311283
163.99999999999997,202.22066397969235,0.08896738345926053,293.2675257619992,1.6521710923529364E7,1.5539801988514473E10,17582.265327246958,21.579578110447855
159.99999999999997,208.69853399999997,0.10000000000000002,293.15,1.9206219511576317E7,4.819622335792577E10,7653.700109880055,20.650877488100008
171.99999999999997,189.26492393907714,0.08217969918418801,293.37459199957925,8766618.929427806,2.191702196958242E9,35070.417689026006,24.284316356499236
176,182.78705391876952,0.08083887253404055,293.4076961305214,5507557.087312985,9.054531402154999E8,33501.59585692311,26.472426570396703
179.99964691882064,176.30969354183256,0.0799289239372498,293.43297591136064,2848186.030352656,3.4422190704207784E8,23567.015806809548,29.582711005826308
183.9982608666967,169.8347086226357,0.07923963836013563,293.45162715593557,1390265.297349624,1.4156623902948087E8,13655.10264876078,33.961882450994146
187.99453262800682,163.36599577203577,0.07857427813507196,293.4640910029484,593144.4349314537,6.278374298057399E7,5610.677937938314,41.893822434083695
191.9862326381598,156.90949819886512,0.07737895130177669,293.4703196423537,348733.76278299146,7.739946104668392E7,1581.4344093123163,54.18681726205437
195.97451594827908,150.4738821266088,0.07306785687008109,293.47093593330754,370321.8097954526,3.838810947193813E8,358.6315204882307,63.715686594343616
199.9736520584872,144.06809210175314,0.057075382522855496,293.46630339271104,436499.09793481627,1.4757874430983982E9,129.29223955313657,63.368750494682835
203.98705113220748,137.68528265295436,0.028882862533176065,293.4563256808132,512663.0358568332,2.0087394424402685E9,130.92111371180502,56.534731600808364
208.18969238895417,131.46832132470288,0.0092670467659854,293.4419256219099,476628.1182585696,6.846838165327902E8,332.4312505250682,50.899822353009284
212.48990422771575,125.34146223332056,0.0037298296886905708,293.42723726583705,382837.44251114596,1.051200641602894E8,1408.1522834115701,46.363158449775646
216.8886695001866,119.31305102591604,0.002521223076987072,293.41357870528367,350967.63168300147,2.2428472498796266E7,5544.1994225626695,41.56559974227971
221.33881449522121,113.34339470618596,0.002194308257617041,293.40023004908284,474898.03601843916,1.0962079425205542E7,20599.675239724427,40.74896990301073
222.25923294907668,101.4332693229963,0.0020499226139693775,293.3907236698165,1261206.9057057507,1.668768456268628E7,95330.5394001924,50.03616748569947
226.69756680259067,95.45796455528864,0.001957122091478384,293.3775179264099,1203812.4433424177,1.449216495869308E7,100000,58.3936937642838
259.9990730212028,45.32385914469409,8.89795291297364E-4,293.25017762230283,99433.76599275025,6405076.812858752,1544.4834024397826,23.66497190820075
255.99435863848626,51.7695673785646,0.0012699696517668934,293.2735470802897,172427.22189247902,6851865.669291521,4343.165768700236,24.55849920632315
231.0970953263537,89.4409399226501,0.0018683385433791633,293.36500146165343,1190277.9733453759,1.4167750530887574E7,100000,64.47546625643918
235.4304127630299,83.35152908592516,0.0017820446092447829,293.35296680442883,1202583.4717640968,1.446243965669789E7,99999.99999999999,66.70960311308512
251.9770432751972,58.18830227631072,0.0014552559675544122,293.2955284908257,383002.7820941307,8557387.185219409,17146.995704706304,29.973094018415768
239.68100203407312,77.17407657347735,0.0016998974021928098,293.3410382824887,1219646.5332344559,1.4876001337225037E7,100000,63.6133292507547
243.845725919102,70.91021445583759,0.0016253295692757184,293.3284319370073,1261119.5720359255,1.590672240591261E7,100000,53.83509841648708
247.93915898171443,64.57731974901215,0.0015541720523178492,293.3137729627338,854278.6947116479,1.3351808446635872E7,54660.446924773154,40.51567532609216
225.80419898366418,107.39382751930059,0.00206186298190753,293.38695492436415,703123.6603187615,8891882.00802572,55607.07093552102,45.717254943835364
271.99983861553847,38.85974710421835,4.272330285508066E-4,293.21909428309436,86538.71589945111,1511029.562571993,4962.074088850334,27.92158156313843
267.9993869204942,45.321192158190634,6.600329821509896E-4,293.2379156920011,65503.257764881324,3489612.714129536,1243.802622611958,23.23885996830293
283.9997775058363,32.38739364947883,3.465406013499152E-4,293.19928781082484,698340.7753381901,8407931.03722805,58008.5083034669,41.83031474016564
279.99893134821815,38.85764717098619,4.23904967985484E-4,293.2115005601086,268504.2638673066,4054884.205158225,17784.085577743575,31.841366680583064
296.00050414170505,25.90808984002899,2.9218106193660854E-4,293.1869188447297,1171567.6330151907,1.3725747670660334E7,100000,58.311173471080245
292.0000480430335,32.383487602829895,3.6559527950358935E-4,293.19559098338226,1245964.662120604,1.5526325299438514E7,99999.99999999999,51.194342008381426
308.00222587095567,19.425784485367164,2.1528945105710328E-4,293.1770984749165,1138843.6500798333,1.2969651354434527E7,100000,64.95921607320048
304.0022971768024,25.901066690432188,2.928170050418922E-4,293.1846377813447,1196825.1558491103,1.4323937657419177E7,100000,65.76901144066515
320.00474310960874,12.94292075498307,1.3455708272003895E-4,293.1680847119043,1055294.2426501466,1.1136461042285336E7,100000,63.583588052748105
316.00585476102157,19.416182482796447,2.081882276952558E-4,293.17533745316223,1108918.5689525998,1.2297012696152613E7,100000,71.00335544751916
332.0059367097534,6.461755957424486,6.090077899851829E-5,293.15934996286364,946468.8818902987,8958034.197960293,99999.99999999999,53.22761393240801
335.99999999999994,0,0,293.15,905270.479339582,8195146.443403102,100000,38.53389106252001
328.0102587775037,12.928582893003863,1.2671042224956573E-4,293.1669098788371,995995.7282519661,9920078.442213783,100000,66.73225368512685
340.0111878648943,6.448285191952673,5.593698077719117E-5,293.1588140498304,871441.0672920588,7594096.0189098725,100000,51.56184993481451
343.9999999999999,0,0,293.15,826607.0080114441,6832791.488175579,100000,36.31827961052004
176,195.74279395938476,0.08450623599742711,293.3042005164603,5277714.25858998,2.408638601506464E9,11566.344894763353,21.771737960837655
171.99999999999997,202.22066397969235,0.08905056353550889,293.24638375381977,8458307.31819691,7.973524816911964E9,8979.75603145727,21.094701205433044
167.99999999999997,208.69853399999997,0.10000000000000002,293.15,1.1858139705404038E7,2.9451002745912617E10,4774.586484958043,20.509779135900004
179.99999999999997,189.26492393907716,0.0822387989479151,293.34706655377994,2776843.1075381585,7.106886272544842E8,10851.390510183293,22.521150549118314
184,182.78705391876952,0.08091384682967234,293.3810247528102,1494051.9003450528,2.5283388160703012E8,8829.2447698205,23.713322182705657
187.9997126884706,176.30963783515213,0.0800391537425038,293.4077974149847,691471.7149835724,8.768599773426571E7,5456.160875529712,25.452022930281405
191.9985755211029,169.83448245768662,0.07933747890980604,293.427987049152,288899.9238790656,3.4267227876999125E7,2443.832837204572,28.1981662677901
195.99505152645247,163.36576160506587,0.07834589152270366,293.44124619712693,147433.1403686312,2.7881483719757453E7,785.1430342178456,33.26918725435723
199.98631887242422,156.90969859050224,0.07517696588701346,293.4469321844916,168107.46375525914,1.236167399610521E8,229.71489192157517,39.90849707507913
203.97184918466257,150.4745465353499,0.06436831495607796,293.4454526637455,274093.3471763211,6.017441590008225E8,124.90876152041041,46.41545856270256
207.97143383929077,144.07270517454003,0.044038311267137614,293.4381118429114,334774.4341038893,1.074204641956261E9,104.38621716581788,53.78490758930963
212.02245738006172,137.7230965393138,0.02139303164530285,293.4277993125805,386629.427183628,1.1525981272947547E9,129.72333868830492,60.588044222601866
216.1619689071781,131.44844454446778,0.007211818587948231,293.41714362557417,352537.50144382095,3.7771740224608546E8,329.6266554929093,62.83535447972836
220.48990134638984,125.3407251655497,0.0032330632552621846,293.40660170885945,271877.3873228212,5.6519410366845876E7,1317.7020328649035,56.71198167394976
224.88522254436884,119.30834084049489,0.002344948634647737,293.39562045956364,248901.53113567628,1.2065874403942572E7,5179.356764752302,46.65941958737182
229.3317508944028,113.33584821583327,0.0021002935876651085,293.38358980637264,355074.32391578914,6264188.881123934,20148.131302700236,43.83884686447385
230.2523121242754,101.42637216446633,0.001980129506750715,293.37434190546645,904261.5985851422,8947556.7147453,91389.9922084905,54.68982270346921
234.6925440203978,95.4504903903875,0.0019078005969027211,293.3625988518508,974002.1537118506,9487967.619800244,99999.99999999999,63.63518007514727
263.995528316282,51.76515489259884,0.0011690606359468028,293.2596863167864,77504.9431125144,5278235.696052451,1148.7017159161187,22.34149780706809
259.97979291664797,58.182772886099016,0.0014695406984185464,293.28184926095247,110105.39372980224,2601376.7398531265,4662.966626776019,25.121906257192023
239.0962511337259,89.43336247993842,0.0018347530591215717,293.3515024541971,1021687.5212788786,1.0439346631697582E7,100000,68.84816276108143
243.43400023574907,83.34385401193028,0.0017636807219397006,293.34065770598164,1019910.7867864175,1.040366150747191E7,100000,67.87004745047402
255.93914015532866,64.56658362451601,0.0015837732112610348,293.30134847403946,280408.521902884,3913756.8126189136,20092.40328682144,33.26081847424981
247.68615466751484,77.16555011078403,0.001700049949709282,293.32947113164704,958187.8444791302,9184763.54049991,100000,59.99544497870006
251.8500678280713,70.90130896228028,0.001648038237290791,293.31688427092746,675805.1860265234,6997542.097885765,65308.18631027538,46.69546429628854
233.79629416570984,107.38487025870684,0.0019995644136778716,293.3714563280991,528553.0347936738,4897288.40585816,57048.8528320741,50.022066075214276
275.99749734002467,45.316765419817955,5.547405178526358E-4,293.2272166736089,126934.03097395302,3259597.706251992,4945.441689579195,25.32134890837222
271.99366058081733,51.75773749790723,8.692669859941927E-4,293.2462908292796,102844.79292315648,7039465.679785453,1518.3048095871693,22.712286411950426
287.9981564044468,38.853120817406754,4.4152559131009373E-4,293.20585500963836,966838.1361059899,1.4067720225861663E7,66454.1948171642,40.815692211308914
283.99487013460134,45.31123793846041,5.432749666963886E-4,293.21870046290616,446264.49215947144,8741887.182051232,22789.40155726172,31.699265345093057
300.00162351502644,32.374782692113335,3.734064399348336E-4,293.192611962434,1288751.836325716,1.6608970099338068E7,100000,61.017621114280075
295.99872690086505,38.844125318275914,4.585856088336181E-4,293.2016517623951,1450975.7949669166,2.105396793415788E7,100000,52.24386029945732
312.00525016170604,25.888666461904887,2.8631329865668256E-4,293.18242087562584,1177658.5298975555,1.3868836458289238E7,100000.00000000001,72.29307741599449
308.0031374675573,32.35999487229602,3.696157686717163E-4,293.1898769454005,1271990.93571381,1.6179749078214638E7,100000,68.74333525307226
324.01045017965413,19.396496389088878,1.9758613717371342E-4,293.17365599475556,1055565.293394132,1.1142193092556901E7,100000.00000000001,75.24717341001309
320.0052687591845,25.863608106779534,2.739330306936521E-4,293.18026295163736,1128893.5326471196,1.2744044201435866E7,100000,77.07911636172771
336.0194857000616,12.904552990549583,1.1727310300775867E-4,293.16587780277973,924499.9588595852,8547004.880957283,99999.99999999999,66.65035677435934
332.01513712855507,19.361631273932183,1.8416418942062993E-4,293.17212797401663,986967.620666124,9741060.91963365,100000,76.45195710061942
344.0345015396066,12.87610444096043,1.06712671250347E-4,293.16497071569796,844602.9912500243,7133544.216615352,100000.00000000001,63.34914111492149
348.01031114075454,6.433615976023826,5.0518264922387684E-5,293.15831334358296,789235.4511504223,6228926.580511607,100000.00000000001,47.9967987587225
351.99999999999994,0,0,293.15,741982.5586026767,5505381.209601195,100000,34.03949365146001
183.99999999999997,195.74279395938476,0.08471689329521276,293.2800273977544,1486227.78542683,7.065484091807976E8,3126.5955514222546,20.947584887292223
179.99999999999994,202.22066397969235,0.0892183481305756,293.22685350898354,2706785.373977828,2.5667217921420655E9,2856.133630099976,20.660686783826723
175.99999999999997,208.69853399999997,0.10000000000000002,293.15,4898058.585329554,1.1990773549051497E10,2000.8217787840194,20.355962301799998
188,189.26492393907714,0.08249578189263196,293.3215857559939,716002.0259173596,1.991832161060493E8,2574.607317627091,21.221367641316814
192,182.78705391876952,0.08127202167670604,293.355059638775,328262.32975577697,6.662541430490482E7,1620.3318131923745,21.665374772206757
195.9997375694281,176.3095452920381,0.0805648228924258,293.3817171896231,157930.60884321362,3.2590741802589033E7,769.480090169165,22.393046640629382
199.99849298600992,169.83423140804277,0.0799401086702305,293.4017885311948,84709.55305616772,2.369083457988957E7,304.7066061847588,23.722150038300782
203.99441585882582,163.36566924877704,0.07796068361631542,293.41456945209205,92335.44465673373,5.171709759218138E7,165.39274538616675,26.836990589768508
207.98457819080133,156.91036456519848,0.07109345506546118,293.41938675220393,161036.46007206745,2.307928545497475E8,112.40326273357334,33.166774182311855
211.96826143364913,150.4748765599536,0.05714368288725486,293.41768380870514,244678.48503242596,5.892181258721175E8,101.62665164454712,44.708970197492086
215.95891646603417,144.06537687344738,0.03786833564596199,293.4125747662333,309476.1269799001,9.3974179681423E8,101.95975928638309,61.89646469507702
220.0197385282155,137.71900342861974,0.01813205011902259,293.40618322674374,341766.0405647819,9.024956946425322E8,129.45445910437118,75.03895971474732
224.19210803115823,131.46835351777113,0.006116783895417589,293.39895227472107,301478.5710242705,2.653857073581291E8,343.27296513411005,72.66515977825907
228.49114120403377,125.33680018624716,0.0029135231829464266,293.390459944405,253609.47247461023,4.101617713424021E7,1584.9781138653,58.89555599071999
232.87886469109964,119.29972626759951,0.0022340515016365317,293.38021567815764,273659.37955193344,1.0576264615753913E7,7147.583377088119,47.34609429966212
237.32255186991597,113.32557390399316,0.0020469779463449943,293.36890032728,401609.38765478716,5766342.34951748,28003.134623433925,47.098792107291075
238.2465252905697,101.41606041740958,0.0019378721079736517,293.3601901016284,728599.7571623608,5554732.429093713,95621.9280741783,60.02152358614047
242.6908528446033,95.43886538646076,0.0018774367553525617,293.3496827861598,882234.6703158502,7784956.399399201,100000,67.58751729761705
267.9803663240421,58.17299461312699,0.0013682442801462604,293.2671768242845,102874.05169371702,5091921.435429516,2109.463156073926,23.282792529767406
263.94239181245223,64.55393235450774,0.001577180565222175,293.287313609245,123914.82078828943,1777040.0988473718,8655.282787150833,27.90922921103878
247.10015565409756,89.4204626587193,0.0018139675939883736,293.3394872854529,911876.1252961975,8317019.727039474,100000,69.44273213583593
251.4418904949931,83.32961493940343,0.001754121408380927,293.3291141708556,829293.074971706,6880180.477087581,100000,64.05524443078967
259.85562532978196,70.8862556028557,0.0016573056086826375,293.30429272488817,275368.05803610414,2273795.567921461,33354.910681403075,38.4118323357926
255.6943379344862,77.15038590445667,0.0017059426233900085,293.3178000876922,577489.5885949064,3983769.6056182734,83759.80657509086,52.40296105409897
241.78785912829304,107.372559619138,0.001969243337400083,293.35796395833603,570107.0363984994,4410760.927410418,73707.0282136411,54.59145832373344
279.98969420649934,51.749949910167736,7.18739841769682E-4,293.23456997916315,222866.68337099624,7391840.821341972,6723.6755963312025,26.309702940577605
275.97868212294003,58.16277357331371,0.0010897310834196239,293.25291589658895,211608.7537312289,1.3991231648948038E7,3203.065164882985,24.63346708297455
291.99332247161493,45.30308355067553,5.536183587174326E-4,293.2124158684314,1297489.5082125752,2.226148499007306E7,75636.2335563622,42.739486498523895
287.98560510079096,51.742277181306854,6.778045704015826E-4,293.2254029306382,754696.8123871014,1.6770468086089732E7,33970.23861279687,35.33432753276336
303.99948624288845,38.828873485026314,4.595506951727137E-4,293.19815086561715,1407549.374105393,1.981231375486196E7,100000,62.4035969588058
299.99275966200446,45.288964322169626,5.58617294820753E-4,293.2076201603614,1594863.5897452359,2.543623065655685E7,99999.99999999999,55.001889463359
316.00260572656407,32.339217347129114,3.566495701333322E-4,293.18722338391746,1222827.4265026613,1.4953170589922307E7,100000,73.89230973878756
311.9930994597266,38.80188810707998,4.469008783703401E-4,293.1948941228556,1347321.8366059556,1.815297786846971E7,100000.00000000001,68.46301491247176
327.9974777116547,25.815739638281812,2.5700150383335565E-4,293.1782393219399,1061344.6169009723,1.1264552879776433E7,100000,78.69759471428021
323.9777631874182,32.27424225272813,3.3659316607137984E-4,293.1846727126247,1152433.4834769233,1.3281102932946747E7,100000,75.82674425362718
340.0233582698107,19.31102549323389,1.6869219094902335E-4,293.170787451111,908832.7143975274,8259774.679747899,100000.00000000001,74.54125660555589
335.98089583624375,25.73932689503327,2.3682735794354012E-4,293.176425792727,982899.240622495,9660925.31191917,100000,77.53429828743414
348.050690596001,19.23179678804029,1.5169787836890163E-4,293.1695949254147,824822.949171314,6803331.477387619,100000,69.91132583378129
352.0499523270381,12.847646753000168,9.543721318735202E-5,293.1641289939142,759075.2257137527,5761953.950018921,100000,58.94565907410571
356.0069025963892,6.447258923282582,4.502557799606918E-5,293.1578333577168,702386.4837367828,4933468.762306119,100000,45.00432460046168
359.9999999999999,0,0,293.15,654192.2116565827,4279674.588659341,100000,32.84890746230001
364.0105247110611,6.456829761444561,3.937210980089958E-5,293.15732928437654,613291.9048868824,3761272.8936540815,100000,43.51292500910066
367.99999999999994,0,0,293.15,567031.5946088579,3215248.6042001885,100000,32.90258452706
191.99999999999994,195.74279395938476,0.08557915490822238,293.2606495328816,356931.72484115436,2.0153562434547198E8,632.6228052144712,20.405210906219963
187.99999999999997,202.22066397969235,0.08980298954441555,293.2124914960752,739781.5468057772,7.413555820564557E8,738.9747835165559,20.325798464813165
183.99999999999997,208.69853399999997,0.10000000000000002,293.15,1411315.7175205958,3.2941865052893624E9,604.7955475112067,20.20464093548
196,189.26492393907714,0.08378137992081142,293.2994962981215,194142.4552526356,9.147838072277342E7,413.07737648259666,20.46347621600197
199.99999999999997,182.78705391876952,0.08333051940513682,293.3310204103339,143043.90855026626,8.793362227582873E7,234.5171847936399,20.593379487843716
203.99974897785202,176.30941918591742,0.0836919304763144,293.3561714069385,139204.0712192686,1.174279847887532E8,165.75254895782564,21.033408675005717
207.99810364008522,169.83399555388033,0.08336250753035425,293.375139395379,118296.85428008331,1.1469608698253126E8,122.12351643695332,22.22219576226549
211.99304902943175,163.36559454989606,0.07969548564806239,293.3875542839958,140828.8708731458,1.8719833566783533E8,106.0054559455891,25.926754642638542
215.98241561915518,156.91067272073812,0.070581389366233,293.39356228854473,211491.63050818592,4.391766805744826E8,101.85763431556144,35.59277123451209
219.9673201882464,150.47460727374263,0.055449500016274626,293.39500461280187,286360.88754492387,8.141742616676501E8,100.72971152545493,53.02926125337583
223.9581417676319,144.0617582387498,0.03547925986161293,293.39367809104255,337727.77649904817,1.1096404334214528E9,102.83324819420356,71.74914055736996
227.96667733829813,137.66618490635165,0.015325898547164247,293.3902795639422,366511.44272585603,8.96910029878223E8,149.9094013427031,77.43808864253286
232.1820165786511,131.45193688856705,0.0049847024121877455,293.3843897602641,342276.16556363367,2.120169963702289E8,553.5612706116034,68.47541884841247
236.4856935604865,125.32735343792108,0.0026634896165391394,293.3762256891564,333146.0426552102,3.8322703048510164E7,2945.679001971068,55.515198048413076
240.8697009089721,119.29024781648694,0.002170085742864481,293.3663349576614,400186.34770077583,1.2394373535066046E7,13024.946131841758,48.90006626580156
245.31102154936457,113.31351966018687,0.002024299298966355,293.3559865906963,570677.5747898627,7173787.0500618415,45432.35599985613,51.01638957727434
246.24194575889157,101.39992236416862,0.001916447013172311,293.3477533466392,786044.566636127,6183384.769951068,100000,62.89385859077125
250.69204151891267,95.41877424356973,0.0018577878476270556,293.3378627271641,877915.4481028834,7708981.687182702,100000,66.85320002985304
271.9519281026914,64.54627509852835,0.0014727268095225045,293.2721574551647,193635.2837869817,6261776.720357072,6010.860625494515,26.191880793356038
267.8702309770254,70.8748602098721,0.0016240153401275487,293.290050686135,266775.82342914585,3134517.2117261775,22737.68228107333,32.482911468301886
255.10735319047438,89.39705518344654,0.0017973644329736876,293.32786973433326,843684.1692699363,7119973.093237515,100000,64.69504353346991
259.452042452113,83.30502757593128,0.0017421869598283214,293.31722942986556,666372.7272248168,4542650.234996241,97817.00573871749,55.747165316202675
263.70513788761724,77.12890453201395,0.0016932069137097305,293.3050035848316,423517.41196540295,2831319.6775906794,63354.848986614445,43.373171549372394
249.77859105874072,107.35512978360819,0.0019595766930020123,293.34588322303904,779790.4203549558,6459328.681951863,94251.3307424183,56.54207148652302
283.97349837020033,58.15351506369764,8.968069094677352E-4,293.24071999792585,521684.5119998762,2.173507265558962E7,12561.958745610273,30.63042225841735
279.9495301703641,64.53309785720165,0.0012695206199790433,293.2577302603079,434046.0123444816,2.215947918081572E7,8529.63037342415,28.926422699489162
295.9809699217199,51.72939120042827,6.693947180939144E-4,293.218577923604,1711220.8558235215,3.111145395455432E7,94138.15587440872,47.476808894640506
291.96290868920966,58.13961652346933,8.17092037341101E-4,293.23127952211286,1245822.5500909255,3.2330317876974896E7,48012.26931862478,40.96555793239482
307.98020809036507,45.25658568582771,5.468966009240421E-4,293.20352856127494,1514016.3820351989,2.2922796051754903E7,100000,62.88306026935708
303.96291477921926,51.695072884732035,6.595020263002717E-4,293.21321198205436,1732785.6585268416,3.0026087366124097E7,99999.99999999999,57.76946974359708
319.96140837871604,38.73808957046064,4.2420460492175735E-4,293.1917579160818,1267919.7740865548,1.6076366577487817E7,100000.00000000001,70.6046655392305
315.94224611694773,45.19235614383831,5.216288705273197E-4,293.1997245621385,1417861.7722280414,2.010361897002214E7,100000,65.27315417326237
327.8937868183706,38.61073979738197,3.9446778154311177E-4,293.1888190271657,1175347.199303586,1.381451635819395E7,100000,69.33742128355546
331.93234827772966,32.166998583565764,3.117105654223851E-4,293.1823367066326,1069709.8902197706,1.144283664903304E7,100000,74.72947492924544
343.9704168233507,25.64401963848933,2.1459394012570627E-4,293.17486135487985,899282.1640376955,8087089.395707547,99999.99999999999,73.6340188326268
339.8806104621454,32.03827104373804,2.8400541319656566E-4,293.1803196549866,982137.8398556449,9645964.954959378,100000,71.2153376853448
352.0045719442189,25.53962792160675,1.910221314829932E-4,293.17352377391995,813715.0280721317,6621322.03012488,100000,68.4813897002973
356.1909164277114,19.125762852977953,1.3350964982071663E-4,293.1684816906281,735585.9454672384,5410869.209182925,100000,64.86560182918923
360.0218626336315,12.89410894429623,8.43144987387829E-5,293.1633654913139,670115.0366728577,4490546.600352004,100000.00000000001,55.43950390775506
368.0319957182689,12.897344379381485,7.274800510753428E-5,293.16257531701325,577248.7598448523,3332179.1469437648,100000,52.771161374056284
372.051494910238,6.457967942315908,3.382863970613761E-5,293.1568331448752,525386.4312461478,2760319.920550273,100000,42.443372945779394
375.99999999999994,0,0,293.15,487347.7560265481,2375080.4052566304,100000,32.49710073998001
379.9967422314135,6.1900077081472995,2.79126547605158E-5,293.1561701093922,445892.2043188778,1988257.0582627747,100000,39.34038063286338
383.9999999999999,0,0,293.15,432030.94263230433,1888184.5775342348,98867.79336688004,29.99741517702005
199.99999999999994,195.74279395938473,0.08907388904394083,293.245620139805,144398.65223973073,1.4002060025428358E8,149.21673019760894,20.20536395810346
195.99999999999997,202.22066397969232,0.09189555302499923,293.20256076578016,200583.12002161468,2.215133657328744E8,182.02923909167785,20.141718251087024
191.99999999999994,208.69853399999997,0.10000000000000002,293.15,364946.59390440426,7.043522549609706E8,189.44442916860166,20.093468116559997
204,189.26492393907714,0.08913612738684286,293.2810366603421,159496.64991917013,1.8490632565764976E8,137.7059119514145,20.407271407107064
208,182.78705391876952,0.09041598250459465,293.30999419891526,165429.7858421216,2.0660126229639885E8,132.50730653756477,20.786150880494315
211.99981120837353,176.309295616749,0.09114970859547221,293.3334667028125,162522.99056312186,1.9487851946769622E8,135.572832531096,21.592119882236886
215.99785571477923,169.83382417334775,0.08989597233930047,293.3518086547133,176001.03136210647,2.359685368981718E8,131.28824782964816,23.931084493438814
219.99208346291542,163.36549348430947,0.08508659756290336,293.36491075830537,221639.77763368245,4.1767155785352725E8,117.65072368321658,30.414990561850114
223.981772242209,156.91035043376792,0.07478872282392611,293.3732210647889,305724.55240272055,8.475348956151606E8,110.34667276406437,43.85669363994544
227.97008477928694,150.47384827206236,0.05733442430685092,293.3777911670472,376659.3599219855,1.362906194390538E9,104.13490624448106,59.66102099444013
231.96964020538948,144.0637605506889,0.03349478366346769,293.3790788403375,423265.24957009126,1.653581926241248E9,108.40159349920954,69.67583028602134
235.9743442347967,137.65974421265756,0.011857303039779303,293.37700899558945,467391.64166518004,9.627802536965393E8,227.92469995347003,68.17024219692168
240.18861491000658,131.45090082023887,0.004034041763811363,293.37137462283016,441436.262916207,1.694047469246415E8,1157.9843184878112,60.457509141181724
244.4817511465859,125.3234338213337,0.002492564019982126,293.36336772416854,496564.6290443896,4.047207720688169E7,6182.012811586042,54.70934868243685
248.8571631723514,119.28205452292607,0.002134295999846946,293.3540829826837,624168.7366370326,1.5709283590880698E7,24917.97119585173,51.646579038640986
253.29511788323225,113.29857829918342,0.0020179345468047225,293.3442027553969,832992.7273548689,9531478.209551059,72870.27313691378,51.52723764545616
254.24034780873535,101.37409495753813,0.001902101835526861,293.3359859094799,904261.4343512137,8177841.211603713,100000,60.71707011359356
258.7008157231648,95.38549125207864,0.001838836180626563,293.3260327631808,918071.5784181758,8429362.600661948,100000,61.07705143606622
275.86844768312557,70.85028665932718,0.0015285225906293348,293.27497599675524,481035.67724077933,1.0376828126707973E7,22317.586969370397,31.2364859081727
271.71598047356787,77.09979828934436,0.0016432941234956623,293.2907585283046,636724.8842458761,6970534.801846658,58198.52116982625,37.60965317931366
263.1244806101564,89.3596185073713,0.001774454264851675,293.31566219879716,861810.2890516979,7427865.96303001,100000,56.39478990703808
267.46951825416085,83.26897540838436,0.0017124361785963028,293.30419989971193,769599.0910173897,6267942.855188578,94496.17503065684,47.14333431768177
257.7684632886709,107.32926074411604,0.0019531255339090632,293.3340418934543,991597.1526595955,9837531.118075566,100000.00000000001,53.529014750283125
287.930379019532,64.5097649379011,0.0010769056437206854,293.24573474982213,1018771.7568371085,4.678770707086762E7,22211.3855886448,36.541433481734096
283.8615780444447,70.82498494507125,0.001388696727749667,293.2611922951755,969420.7783942219,3.2000772941377223E7,29457.450598780993,35.42695924776722
299.94114546168186,58.10868989875863,7.891174660327537E-4,293.2240692589066,2003331.8647781357,4.029022791496149E7,99649.39883587162,51.94437413781554
295.9082821299841,64.48359329394837,9.615395709506685E-4,293.23634478107334,1757453.8986425425,5.4065227013707854E7,57248.869999255076,45.64243313089167
311.91811768896247,51.62576471871045,6.314523741949479E-4,293.208583275427,1613697.6118853185,2.604068466161925E7,100000,61.594976401425406
307.89962514432165,58.05048611792774,7.5737694193437E-4,293.21826362959655,1863399.3774578432,3.472335831975704E7,100000,57.95899568697183
323.8863169335975,45.10326480496849,4.870560448939321E-4,293.196137782204,1309313.694657842,1.7143244875761833E7,100000,63.46260542071803
319.8462183431748,51.528346010772516,5.908145892648046E-4,293.2043111311047,1482480.2632430382,2.1977872113338877E7,100000,59.81349934607829
331.7475996451981,44.867253520759846,4.459652484584277E-4,293.1928198903242,1193750.0695167463,1.4250524291016733E7,100000.00000000001,60.202284959417504
335.8003949927765,38.42498793986635,3.605600373689153E-4,293.1862265933332,1077442.6191458504,1.1608879048105976E7,100000,66.09447524150151
343.71607123670196,38.246839486714485,3.2508974230523483E-4,293.1841322314909,982008.5563119749,9643422.797505893,100000,61.519594726743144
347.82954118452494,31.924564327608305,2.550279681307061E-4,293.17868340652643,895915.6458141896,8026650.384839575,100000,66.13237513683843
355.70853355875505,31.804451986108095,2.2539780380137234E-4,293.17738419618223,815779.6711627304,6654970.411185765,100000,61.065906492068564
360.25293305183004,25.46985352146146,1.6622801101605207E-4,293.1723533275271,724558.3465858909,5249850.193110634,100000,62.9610929565338
364.0955599434329,19.369439423320514,1.175950384908139E-4,293.1676998069375,645631.2951213652,4168409.1413935055,100000,60.60809021987239
371.9670045679753,19.376191843208513,1.000605881308086E-4,293.16681865089464,546378.7587580635,2985369.440260153,100000,55.61179036601688
376.0519865468488,12.811557401815486,6.139073940558062E-5,293.1618001717349,482600.670523047,2329068.279643851,100000,49.08349592430281
383.9558952854721,11.941803046037492,4.90865615530644E-5,293.1606120286702,394113.20788626483,1553278.1267210841,99999.99999999999,42.09777570296841
387.9225959381623,5.926675886269012,2.4235515366885402E-5,293.1556040454727,349366.8938429142,1310105.8929313624,93190.04767459408,33.26863997506711
391.99999999999994,0,0,293.15,254100.4444425352,1139463.382767425,56670.47261182032,25.97641728468003
394.58425614117454,5.2302979160724075,2.0745756326178246E-5,293.1547894249993,187801.30453774676,651071.8873172848,54172.42335836218,27.445519034042498
399.9999999999999,0,0,293.15,86916.4298751464,378377.127718401,19965.976667200455,22.45291149300004
207.99999999999997,195.74279395938473,0.0954930268712527,293.23406731315634,124117.03923530936,1.0237962981855345E8,151.08674895480047,20.73756007093607
203.99999999999997,202.22066397969232,0.09584638024538493,293.19555215110887,95329.81409986432,7.70217406783274E7,118.10102685901084,20.243751340774622
199.99999999999994,208.69853399999997,0.10000000000000002,293.15,119097.50879273284,1.2991752434661795E8,109.40495357400034,20.0659561959
212,189.26492393907714,0.09639366403659656,293.2661474052297,158391.8264991369,1.0841568393729211E8,233.27379524938877,21.61831246673358
216,182.78705391876952,0.09698656011134633,293.2929531915102,171279.93620208747,9.027409499320471E7,327.11269027331224,22.765489202742035
219.99991044376418,176.30922352597128,0.09681300879993761,293.3156385788377,174099.76438747015,8.808046962952153E7,345.15964499390856,24.913322975352603
223.9980589791862,169.83380017201492,0.09543694750648206,293.33408011826486,244737.55883609713,1.8583489188824752E8,323.69188874481057,30.90246145569859
227.9924569455968,163.36542299017947,0.09142896612053118,293.3478731099262,334973.00623696693,4.9954021065982646E8,225.58827901289806,42.20785167696993
231.98332638319891,156.90966368896758,0.08141527484675992,293.35777072129144,449010.3944284751,1.3164632615082319E9,153.3598697663936,55.04270452606551
235.97547321084414,150.47339694535833,0.06028517453402604,293.3644812804985,540257.445232539,2.519384894985195E9,115.93035255593328,62.40703633848681
239.98021968409014,144.06494183243626,0.02975152245603453,293.36742900803205,575327.7856054174,2.634587630634714E9,125.79759719834657,62.006999197840436
244.00492367707534,137.6771318140484,0.008728956059886007,293.3656872312894,636457.1968571591,9.028031567078891E8,449.97859225760345,59.465454802009525
248.19734781084807,131.45853467953853,0.00342360150432207,293.35998091880015,661072.6745288132,1.6359755735274887E8,2705.2697406694365,57.45504600625342
252.4729830686309,125.32196927147494,0.002381133759515846,293.3520478990312,775402.1304823941,4.661795408802757E7,13030.844559130926,54.27877830714275
256.83632230402793,119.27344647410911,0.002112568353951781,293.3426391916501,925384.3329931269,1.8833558972678702E7,45608.22043432887,49.75035487141088
261.2698668940302,113.27878615042196,0.0020154650592832707,293.3321881006494,1125270.156819225,1.272511136058201E7,99942.7630929994,47.89430502313214
262.24982200862235,101.33485208889113,0.00188482989502973,293.32380495588626,1023223.1386920678,1.0470128904768279E7,100000,55.455445658426925
266.73691348928276,95.33908638393329,0.0018121562886983312,293.31341142086427,1018724.7475057403,1.037807569111164E7,100000,54.460970512168025
279.72874647162257,77.06788016964731,0.001558528420855012,293.27634531548864,1047457.9607029777,1.6334437334934063E7,67216.0250666602,37.48881450951649
275.5072426115347,83.2290163184892,0.0016559061396361513,293.2901871885944,1114100.3297958446,1.3006238866364812E7,95441.56125577992,42.56810203901747
271.17394354629334,89.31213940463212,0.0017365038506319773,293.3024176417243,1030469.1181288026,1.0619182679775989E7,100000,49.47986521847963
265.75864379696617,107.29219123005697,0.0019391424265299132,293.32141385657906,1153928.076738776,1.3315508289544603E7,99999.99999999999,49.55335545699563
291.8497494535026,70.80231621925681,0.0012362206286104427,293.24988483381117,1687862.3788895134,6.621130633731846E7,43121.9254565578,41.8993108270414
287.7469483202461,77.04707634280817,0.0014541355245419679,293.26370327871524,1579990.0143656535,3.2341385515982237E7,77255.79540077172,41.783610590750875
303.8780955528766,64.45015129626687,9.041343141182671E-4,293.2289204542255,2116131.586371584,4.6260733879983E7,96819.90436899902,52.64796784384462
299.8348346145391,70.79011882383148,0.0011067985872407532,293.24075770182844,2277253.088965,7.97515284847045E7,65133.62002393499,47.41336902543043
315.82335639180843,57.948689543386884,7.095435877612833E-4,293.21321851044144,1707231.5017778527,2.9147009594424646E7,100000,58.06681072027266
311.8170467452148,64.37214465950747,8.477092789272827E-4,293.2227814474945,1976403.176806277,3.9068383656676084E7,100000,55.27442475231556
327.7703690379643,51.445543956007576,5.4291366200172E-4,293.2003359068315,1344105.3868851133,1.8066481021112047E7,100000.00000000001,55.48101691047818
323.71467951661,57.82328874827418,6.513308780784598E-4,293.2085345233849,1540270.128483395,2.372489144327748E7,100000.00000000001,53.65284136081346
335.5023409470996,51.000501171204476,4.892214184289684E-4,293.1965855885557,1202686.2395037422,1.446467094955133E7,100000,52.28064618678173
339.595367716703,44.562471980249896,4.0237171655562706E-4,293.19001872019834,1080375.5223539085,1.1672160611941895E7,100000,56.670864668176684
347.4986732447134,44.2664494609904,3.588229144412065E-4,293.18790655097683,976990.715552425,9545180.72453362,100000,54.2970392993588
351.6825662465326,38.25002217842007,2.9038695393261016E-4,293.1826878024148,897210.9164142418,8049878.899331738,100000.00000000001,57.158205168669504
363.2090711485889,31.834920150243807,1.9726387505324992E-4,293.17644768510667,742941.3402822883,5519926.426339287,100000,55.45671280286331
359.1867170285701,37.607960516721306,2.526691009641975E-4,293.18122823653033,832392.5802544883,6928951.482114564,100000,53.91013990248428
368.1086472611802,26.453374998597475,1.477058594007558E-4,293.1720505034545,638578.0211942565,4077932.603477227,100000,55.92286615656196
368.02052026819183,31.966159500547473,1.7881438240590958E-4,293.17598067274923,664200.6346234409,4691810.035746904,94028.59617986431,51.017094837300434
374.9092605442885,25.22863071702579,1.2011277159317731E-4,293.17045115093697,530381.4550237299,2846871.624126169,98818.12260452744,50.995933292588
380.308786567725,20.006029491802217,8.52676685681235E-5,293.16646420851254,430596.00384037476,1856668.7359216956,99873.83645938967,48.791118120408655
387.5982234594443,17.981711087492503,6.633619828885098E-5,293.16464859284184,295070.11378122575,1006148.5224380872,86542.0886270765,40.50832825522435
392.9986847677105,12.197947001785291,4.371526189888397E-5,293.16037995621167,204359.14493409437,616234.3587513955,67774.24648297782,32.61242751777876
399.9999999999999,8.026866692307731,2.952275233241619E-5,293.15703299133287,80819.26034760952,245969.25247218527,26556.11885233111,24.87634658649216
215.99999999999997,195.74279395938473,0.09890916730726752,293.2256852871769,114025.93371880747,2.051560165962881E7,635.1051114568909,22.816387229047788
211.99999999999994,202.22066397969232,0.09885454890920492,293.1907211370433,70131.99130059057,1.7810485715350002E7,277.12822995965763,21.129895355089246
207.99999999999997,208.69853399999997,0.10000000000000002,293.15,49515.88226392751,1.7935280185678285E7,136.8313011059998,20.30410256622
219.99999999999997,189.26492393907714,0.09899803489636254,293.25525087017854,131469.1687069914,1.572339413638101E7,1110.189972125221,25.111179625154364
224,182.78705391876952,0.09891868429428302,293.2810168047868,193070.1121775312,2.130642975576359E7,1756.6482931636608,28.009769315667267
227.99995631993937,176.3092330470439,0.09857463444182803,293.303725415095,275258.30551775027,4.114300375348995E7,1852.7574259543292,33.52979301990417
231.99845327652588,169.83398220061684,0.09764138324931669,293.32216368735067,367920.5594168038,1.0831132343065031E8,1256.2459662757649,44.737292073045985
235.99395204160658,163.3653629217135,0.09491649057176786,293.3360797322958,474815.0993916954,3.8315761293559146E8,588.8512666413412,58.88257571200757
239.98627718681163,156.90866431313935,0.0863777675552681,293.3469112218858,654036.2490315455,1.6201998566887522E9,265.4715047853795,66.17291675080959
243.98040217831527,150.47211552443568,0.06147913264187587,293.3552412278898,827921.0973606989,4.791198844345056E9,143.18017717528878,62.11879941230183
247.98773445057986,144.06576087177055,0.023989644681586837,293.35896839240604,835494.524657159,3.876854561989102E9,181.74773442608753,55.500804083891914
252.04496828052058,137.71587480829402,0.006583321846391352,293.35647044932756,885863.8316813543,7.855953473060751E8,1001.2900945366658,53.76238190466524
256.19601508125993,131.46216020576873,0.0030326886479308296,293.34993093095153,965026.7087547887,1.6308938956838378E8,5788.654537538354,52.57076698353517
260.4538669251037,125.32001381928963,0.0023010850412654178,293.34101378457314,1087568.1766325885,4.885115440574521E7,24404.800671985693,48.15309734234426
264.7980093303501,119.2637511026516,0.0020976478554859362,293.3303771386061,1213334.0944523257,1.972535398620753E7,75008.12940388266,43.80819943046796
269.22158592168216,113.25588641836912,0.0020032580103586423,293.3190629799847,1289096.8047151018,1.6628740759889362E7,100000,44.86513247809746
270.2937479449142,101.28898796562379,0.0018584261068530557,293.31077661169167,1153195.8226466717,1.329864570962697E7,100000,51.5597891567303
274.8407379671025,95.28947184581914,0.001773223144668032,293.3000678252699,1184224.1979040287,1.4024205865359433E7,100000,50.8053513024472
283.5737726320855,83.20656500908278,0.0015786592235003296,293.27680396785576,1475369.543448541,2.1925803608940955E7,99338.96567049314,44.12660569757938
279.2839701045147,89.27872897990692,0.0016817861599666194,293.28887029878064,1286875.2570039544,1.6561835686772205E7,100000,47.65780754109733
273.74807277700125,107.24688053214923,0.0019140933584836028,293.30813314368294,1279574.016339471,1.6373197623259531E7,100000,49.27384508723626
295.75990942721455,77.04903106292693,0.00134356978354311,293.2532849979297,2065779.9684611557,5.233940418016812E7,81783.17248005513,45.67675259697089
291.64912251142715,83.21995248433409,0.001494581504962583,293.26541481408043,1758552.8343836917,3.0946960471652474E7,99999.99999999999,47.45890137737044
307.8132996769945,70.79043524021536,0.0010135421770365834,293.23324861105317,2347057.643179177,6.248821455952668E7,88470.78622575595,50.54790963321245
303.7665432409925,77.09095951552898,0.0012424255168437392,293.2445564549383,2401355.146564076,7.347800256013733E7,78809.96914905541,47.473409402359465
319.6991506275303,64.21652241961583,7.769438347641739E-4,293.21733446143134,1795845.3957585886,3.2251135537825543E7,100000,53.366816399428785
315.7695424614888,70.7402111868805,9.261467394972095E-4,293.2268176020325,2030037.0054065417,4.487802968132994E7,91911.74971750134,51.11086931894217
331.5144246873792,57.65958361650202,5.885841960536911E-4,293.2041023563283,1370911.9713440975,1.8794303073726755E7,100000,48.990174140957265
327.5749446806308,64.06260106415245,6.9885620374644E-4,293.2121667210212,1582967.3101527796,2.5061526135980368E7,100000,47.97006177853263
339.0819152701992,56.90326545365909,5.227090894569376E-4,293.19980533197355,1185052.0138098146,1.4047661595223198E7,100000,47.665171148149284
343.30218629726943,50.56204532883137,4.3634628905596097E-4,293.19357081932736,1070904.099827536,1.1468659112372747E7,100000.00000000001,51.54718398287457
349.84523399285536,50.01911330713515,3.9250782926947785E-4,293.19160541493665,967713.9213743439,9462560.655989576,98969.40590824629,53.47348016653871
355.44211140324654,45.07618367877834,3.2474513301632087E-4,293.18726377540867,879864.4982715845,7902015.948929647,97979.84000473075,53.80819591706417
362.51130202543686,43.09683862938821,2.756514434032699E-4,293.1850629692938,634971.7700249103,5439277.852323851,74134.39821577104,51.949451156185646
367.8719289287105,37.22844716696889,2.1085274866781254E-4,293.1800068402801,566397.2108776323,4386345.027564646,73140.92667093489,47.444217735665795
373.5789539933649,32.107786407349124,1.5700866240689129E-4,293.17545940582204,470976.82013744424,3013366.1572187277,73620.1976464493,45.47717054728229
380.5829103311969,28.199770844171624,1.1532583183708886E-4,293.1719563377153,323419.9103399602,1540724.949431138,67909.84657772446,42.666295381816205
387.0989396010791,24.508392914341982,8.745492704954005E-5,293.16901043004344,214317.8588779607,769375.721496056,59702.49235042789,39.29094310796717
393.53483517114427,20.486721675570138,6.714827817752535E-5,293.16610010864366,127514.53677844665,364651.6358771128,44591.32927194756,33.487944700812925
399.9999999999999,16.053733384615416,5.238475486534109E-5,293.16300293204006,61035.59803003612,159523.68697305856,23358.121783873692,26.724265423244688
223.99999999999997,195.74279395938473,0.09957988825508203,293.2203092113273,151146.12296586795,5754569.592380025,4010.0311156261123,27.53286209533675
219.99999999999994,202.22066397969232,0.09968108004878874,293.18782367883256,70137.37204868754,3438478.9156610495,1456.8148062421142,23.528631890189754
215.99999999999997,208.69853399999997,0.10000000000000002,293.15,44286.203118412865,3812290.404424098,514.6901042787961,21.175815589819997
227.99999999999997,189.26492393907714,0.09948020868042774,293.24832653555524,260158.75337784228,9275224.12993432,7324.494672130197,31.695508826553034
232,182.78705391876952,0.09932173720095823,293.27375129587716,387584.7211579363,1.739059602315502E7,8663.273361772908,36.08431885503757
235.99983819559162,176.30945303362122,0.09901991795085757,293.29631629098003,521548.19302207086,3.952491793636327E7,6920.849217135573,45.059543243537156
239.99868812087368,169.83423942973457,0.09830625907456812,293.3142983650566,619021.7944208022,1.0510571728616346E8,3680.160754571443,60.054172203098766
243.99538587508107,163.36526364632098,0.09611803559670927,293.3282666146256,732585.2726182082,3.929805768275991E8,1372.8210631773507,70.33299992704384
247.9890151698755,156.907697133171,0.08805578882439825,293.34016080184847,988564.1371826618,2.1699776428146057E9,451.9365584948091,66.41768809843857
251.9833319671865,150.47033653872163,0.0585116237454685,293.3500451456652,1266963.31142075,8.860760219060686E9,181.56536925945286,54.867670030911654
255.98939584011663,144.0641312648659,0.017854887864299177,293.3529884381697,1142029.8762339915,4.319173806712352E9,307.4496464428602,46.82577278215177
260.0229132483984,137.69366330520603,0.005130400176681646,293.3481056717564,1135301.1232019977,6.370190148331443E8,2050.1209904858556,44.84530392398876
264.18578640308834,131.46385254532325,0.0027589935922618758,293.3393378907794,1259084.5229859028,1.486191108610001E8,10802.404706921887,42.249481761772635
268.41825083819015,125.31774810337228,0.002237040305433482,293.32842542319986,1336421.915744866,4.468659913192812E7,40210.21978154996,39.71223126562467
272.7205554252361,119.25632278392416,0.0020781542467917416,293.3166956230263,1416358.3963531991,2.0404188374812145E7,98830.77816435134,41.22624519618706
277.0999062799441,113.24055919629927,0.0019784747861545057,293.30570204840836,1400172.7770739645,1.960538956317636E7,100000,47.15339421603034
278.4451998450069,101.21450408927744,0.0018207124961042958,293.29753730576317,1294471.0886686735,1.6756909470271075E7,99999.99999999999,52.54153767499428
283.09037515452843,95.26444750162456,0.001722772977495239,293.28711408678805,1372107.205110924,1.8827751266630504E7,100000.00000000001,52.735956300365935
287.45709273983704,89.30894506027668,0.0016168089560264704,293.27662245480275,1528579.3465011045,2.3367393764117897E7,100000,50.53044778928932
281.6829075038632,107.19354695781402,0.0018789575387979471,293.295559767067,1377801.5102764496,1.8983679264124908E7,100000,53.49922005855144
299.6790729589565,83.27845026145616,0.0014168112237569449,293.2558955671138,1965087.791874268,3.868744924732338E7,99893.7365776155,48.79911827378518
295.6355863281477,89.38323912624314,0.0015517711636455385,293.26630012515085,1714578.5542909186,2.940006805118354E7,99999.99999999999,53.021602547144106
311.80603973743683,77.28090518953852,0.0011456464937753081,293.2371541239533,2238353.991389035,7.77535621895823E7,64470.26167864267,47.81650982124
307.6972445276998,83.34103700715755,0.0013562349798863802,293.24756961857935,2069399.474369475,4.780541796712688E7,89636.6248746069,47.80268343544247
323.49533396942957,70.35219931549346,8.310125822064609E-4,293.2208145632576,1609509.8015525518,3.0852007990500193E7,83974.868071118,47.71424437938154
319.66885047758655,77.00427965954451,0.0010281453321068499,293.2302413312087,1628597.7517729832,5.605703012604368E7,47448.66994903869,45.87638149648342
329.97132785014287,69.76761170029269,7.490309144752526E-4,293.21570629103684,1107704.221840047,1.976004026402407E7,62137.146013285135,42.93430110896734
335.4422986717708,64.72230130571437,6.309536184181686E-4,293.2078117682932,1126577.6651555959,1.5889966151116105E7,79912.93797377821,42.93356872073092
342.6088438659643,62.617679058554394,5.479009326173625E-4,293.20229875156633,727642.6020908867,8835164.265665129,59950.17990216189,45.26386239324624
347.7669785367049,56.9962422164991,4.6120149614494295E-4,293.19667016589705,783200.5483706308,8284025.935804397,74079.337281308,52.40362355012497
355.2162204823424,53.19464585057655,3.86918432925842E-4,293.1927029712825,562132.2481083417,5245369.652726418,60254.898676601595,59.753068424236695
361.94743836871703,49.19812159212681,3.2321929738656207E-4,293.18939167554566,390711.6514279428,3499586.560020022,43622.86106830064,58.668965999461086
368.14208441417827,45.14520652996336,2.637295411845613E-4,293.18606835112547,270696.88396955404,2388198.311967278,30685.295200924284,49.86362252824438
374.15885617101713,40.485880878405595,2.0246390555862757E-4,293.1819463567742,203772.0712596506,1635873.0471368895,25386.883308411543,40.596162254719836
380.5018664931585,36.15190138553523,1.5049672804477225E-4,293.17786416783105,151512.54410089698,935588.6170685539,24541.107441165976,35.688179070739416
387.04667760391385,32.21587631486896,1.1373438360530714E-4,293.17437643067865,107210.49669034318,465751.6635169137,24680.97485978533,33.27286029156273
393.5222044730508,28.160248072146437,8.88456369671176E-5,293.1712630049113,67148.01622785686,211591.0887412787,21313.340317909922,30.527750960829234
399.99999999999983,24.080600076923076,7.340990711738173E-5,293.16843408395516,33992.88650910835,87393.63882118718,13222.36728586675,26.434783198811516
231.99999999999997,195.74279395938476,0.09970006018403212,293.2169193137809,428271.8607277964,9034896.579593679,20311.273165969204,33.628884287116314
227.99999999999997,202.2206639796923,0.09981982278505618,293.1862547242413,234016.4537779662,5593467.033057523,9803.743185742438,27.898129045846613
224,208.69853399999997,0.10000000000000002,293.15,115676.81564114722,4274099.121218622,3130.8956490500045,23.16289742614001
236,189.26492393907714,0.09957762615005404,293.24386137034065,648521.049904114,1.4912695162265455E7,28213.75537473153,38.16979957791111
239.99999999999997,182.78705391876952,0.09941436735186655,293.26879662132666,841302.9412027597,2.6629224137419954E7,26609.48056007287,43.141307762305296
243.99976531232087,176.30961184017553,0.09913185121878132,293.2906657621704,1031423.6161737364,5.974055005459073E7,17849.212251414807,52.48715609125742
247.9987841543999,169.83439029842538,0.09846143713291156,293.3082050458708,1091679.5273576526,1.556663936303319E8,7698.968479137347,62.99210687345245
251.99601975841,163.36496981224096,0.09624525161665042,293.3227600509663,1107263.5396325064,5.555897211550134E8,2227.988408075083,64.28044142979628
255.99006279935733,156.90706400365858,0.08701606179927018,293.3364033724583,1427296.3500548436,3.520828718094795E9,580.6432233852632,53.54280960877899
259.9844876621332,150.4698034861274,0.05043145759439328,293.347418020278,1713909.3735610489,1.3506828397972376E10,217.54950429196296,41.36959392939725
263.99340429628296,144.06679156292586,0.012745732238336293,293.3468368082161,1328540.429457656,3.2870443760096908E9,542.0210810902134,35.368709214446916
268.0473770881317,137.72308427245585,0.004145995275255015,293.33789111026914,1340178.165243739,4.907988329768963E8,3735.222838004393,33.874351778494436
272.1732503883333,131.467024393609,0.0025551444977468273,293.32623280596323,1434145.2071474893,1.1808519362515883E8,17618.125147264338,33.74962204135277
276.35491767490976,125.31066139173056,0.002182939072770994,293.3140758631076,1440628.2698617168,3.536798788559926E7,58999.85418854451,36.87617166307905
280.5542896432936,119.25968859353532,0.002048581494021142,293.3031706843958,1477637.975446037,2.187214980953023E7,99985.72782032879,44.312990872382336
284.73448064624944,113.27439909788104,0.0019449758044699672,293.2938953315085,1450807.732423371,2.1048672003557738E7,100000,52.82930973157892
287.0412190525855,101.0173392685696,0.0017707925047481324,293.28489625007074,1423670.0309058453,2.026893795186657E7,100000,57.19665549371039
291.4729955561401,95.47057232800668,0.0016694258012299984,293.27587284841655,1527300.4650742796,2.3327899666678745E7,100000,56.68365179341726
289.04335716391284,107.17452798123412,0.0018408389548060344,293.28530442465325,1436776.8062503117,2.064345069895321E7,100000,58.651397551979905
303.5556206492677,89.57526254615902,0.0015007606569188944,293.25773194156915,1811077.6134708605,3.2805003715997968E7,99999.99999999999,52.17621484352666
299.9879351209645,95.44299465734164,0.0016159888250390257,293.2660027120365,1621057.492190403,2.6279604082573265E7,100000,57.67766040275888
310.18703456218054,89.23118933399988,0.0014632819270499634,293.2507669109448,1867140.094184279,3.536090716689042E7,98619.83006468126,48.92220756433315
315.83350599253805,84.3952739027012,0.0013216027837716744,293.2409402220207,1614485.510603283,5.078330456162468E7,51556.10202385981,44.473452563001445
323.14242071782945,82.40562017029387,0.0011660685793796885,293.2326085629404,1035244.4523733454,4.3707721950989805E7,24528.488757770858,39.93065191252802
327.9714390782422,76.76964515109448,9.071233949219059E-4,293.2234559810717,824028.2487615979,2.4118638638579678E7,28189.350865348388,39.64636586258649
335.3726228506408,72.93131166500872,7.413057918348047E-4,293.21450814287556,497117.14834566513,9618356.485148655,25695.01409865144,36.634231599493745
341.99461141564535,69.08149959217212,6.263494820104026E-4,293.2070867727584,355206.24037071987,5318616.609519032,23724.37899196196,39.17246910708915
348.3453860576676,65.02054314049579,5.358316141271737E-4,293.2012837435766,286661.6561579293,3577006.814511178,22977.75419134212,48.71881515241903
354.77989952691814,60.862737128645264,4.599368555999556E-4,293.1970328821753,239428.8010584897,2680454.9756543445,21396.717699086144,61.88688735686785
361.4589040879711,56.790434460687294,3.9477466852295783E-4,293.19380897194145,186895.6665807506,2022403.5101464633,17280.396315347767,69.2734936643585
367.9686178643708,52.68330674472842,3.337080962860488E-4,293.1909348572504,131567.3094196882,1439784.9408806842,12031.84091300507,62.96495475532725
374.25069666888567,48.31559733966414,2.6829218803018886E-4,293.18771998217886,88331.36224868703,955356.3478110641,8173.143798830489,47.92604888526566
380.6285071033314,44.17653660314878,2.049637470704986E-4,293.18416409948895,58614.96146242044,547140.7344390355,6291.8401822761,35.10708263462033
387.0485315236627,40.16943986183443,1.538585379564888E-4,293.1804768819991,42783.55051469853,289025.20620061643,6361.543793455156,28.913995169771976
393.52313170341034,36.14975837304659,1.1839593553612153E-4,293.177044954152,30592.738447046537,142666.25700313787,6599.13301474144,26.43326323246663
399.9999999999999,32.10746676923077,9.699735806374022E-5,293.1739974359356,16454.23630095214,53921.60797839602,5029.674739849225,24.31599017112859
239.99999999999997,195.74279395938473,0.09972188683693282,293.21406422928595,1192185.3738437465,2.2681600323613558E7,62668.40662421536,38.15115412101904
236,202.22066397969232,0.09984667080102104,293.18501021938897,770563.4041474358,1.56845136744185E7,37861.63302981359,32.26519254716998
231.99999999999991,208.69853399999997,0.10000000000000002,293.15,443522.31686590565,1.2476293635927783E7,15766.969823439786,25.90023814995999
244,189.26492393907714,0.09958942494169652,293.239845490051,1520794.1218667596,3.163320628360951E7,73126.51418142581,41.19312432446815
248,182.78705391876952,0.09941931449259349,293.26369238658503,1605159.1913426984,4.574185629198193E7,56361.980769561815,44.3930306717331
251.99982828619466,176.3095719242717,0.09912729350137624,293.2845715673679,1670124.277941235,9.387597401400626E7,29766.86968063336,49.90595008273024
255.99899224198592,169.8341881867143,0.09838109948176839,293.30211732709944,1582812.9661821977,2.4194479754848704E8,10428.041770075173,52.4946883947915
259.99584432029343,163.36448083780982,0.09565367477693343,293.31809239851214,1484111.6425908438,9.019260155167297E8,2473.7145393260375,46.52061258036195
263.9889088040123,156.90650225553904,0.08309465125093245,293.33408649338156,1846070.5223040122,6.518495061586632E9,529.0643161060308,36.3945990485468
267.9829351892448,150.46998036524232,0.03809889757719589,293.34366219668453,1932884.647412327,1.4825069631089987E10,254.2190918971676,29.354726200293154
271.9943527364767,144.06966693343068,0.008908689104182034,293.3366996803674,1310765.839406938,1.8567412282420166E9,929.6027225544398,26.78098087917877
276.04901663226053,137.72443887201632,0.0034495416189770467,293.32383857835,1396988.3626466847,3.2865786745625037E8,6075.486954321698,27.495789360302798
280.1567629472225,131.4470858414839,0.002398798314236465,293.31102053961416,1484797.3284252232,8.541514198875624E7,26049.519319736908,31.617975927148905
284.2485536969008,125.26430284054297,0.0021286565799358437,293.3001329779284,1481935.1372011378,2.789404702152748E7,78999.03496540549,40.096084808472824
288.26210739056694,119.30027854352255,0.002010759098646438,293.2914015325948,1502063.888550627,2.2579205395594865E7,99963.41907309233,49.85044938422589
291.80511684007473,113.50954545027177,0.0019112468413748048,293.28445459714794,1458130.052744808,2.1261807616737712E7,100000,57.007250448349645
295.6111202898815,102.39078066779435,0.0017403601521340998,293.27498471615354,1486442.9917269524,2.2096154697633803E7,100000,61.00312565371075
295.1756517736109,108.91337432890109,0.0018313760813602306,293.2785250385118,1443190.8621643067,2.082816624011691E7,100000,60.689573877466536
302.9770031037122,101.31140539720616,0.001687800662396335,293.2663674116351,1505874.89088444,2.2676893938144255E7,100000,59.19821681568173
308.1698290372682,96.10015216361985,0.001588243504903771,293.2580137009691,1613503.3642983264,2.6035789652869843E7,99999.99999999999,53.851331014075654
315.6911403429736,92.70762170698778,0.001513394839723659,293.24836481090387,1488903.9004200825,2.622711772876383E7,84531.92662493444,45.448474039163386
322.64181158205986,88.7962642513863,0.0013939214595426218,293.23877782352884,808539.8540963893,2.401965752556868E7,27233.995723995893,37.68656468316356
328.79714377387705,84.52161852663336,0.0011716614167215525,293.22965912170065,473859.91868505604,2.20425838900996E7,10189.291711857199,33.32481792472898
335.1437266965795,80.59566778574562,9.364392852124734E-4,293.2210015568339,262090.26362873902,9668391.222493468,7126.077950235688,30.682228059092257
341.74258808761374,76.61911391357246,7.724895775733468E-4,293.21273655435044,171233.54881408985,4336195.586502646,6786.322955764391,31.422428426321233
348.2703115989478,72.70033508637711,6.694928472977072E-4,293.20594161222107,139593.8797485565,3126104.2569370787,6266.965769213522,38.58253324763547
354.72470127037394,68.65353963474105,5.920952797887079E-4,293.20101446116445,121891.10395265155,2733521.633812943,5469.318123478616,53.6198556058413
361.1672067264492,64.52101746887188,5.273926881473853E-4,293.19754366200124,104120.3623828341,2379894.167378877,4598.848535873615,70.11439181534223
367.7021334344173,60.46355757543477,4.7230782620178834E-4,293.19485846971105,86617.53226676422,2108584.9525419404,3589.7463414574127,73.28709317083543
374.20193722614727,56.348807069049585,4.135995918591057E-4,293.1923402166501,58655.37281144786,1511411.5379301899,2287.971461414352,60.970379957428804
380.62286296619783,52.19651123011389,3.418704486422356E-4,293.1895689857882,38843.30446566028,991836.2055173194,1524.8875103463758,43.445731451652044
387.06495067524895,48.16639932273368,2.623022307542498E-4,293.18643285031106,29352.115376868736,621618.3384689691,1396.4504796085546,31.129444964708522
393.527341421525,44.158686182580134,1.91806866640671E-4,293.18311029529946,19412.764380007924,279309.09211505094,1384.6402302746972,25.051733875042533
399.9999999999999,40.13433346153845,1.411898643025558E-4,293.1799575875398,9267.784423873773,73503.88719489699,1208.4041313596906,22.55043754274674
248,195.74279395938473,0.09971583869049372,293.21083640498364,2076786.1470314872,4.3137095673644565E7,100000,39.728052289103495
244,202.22066397969232,0.09985314653385437,293.1834335735589,1907958.290845206,3.9296478438572824E7,92664.48976074187,35.04945917714329
239.99999999999991,208.69853399999997,0.10000000000000002,293.15,1256629.118009174,3.2493154749064203E7,48600.52417889965,28.441616740499995
252,189.26492393907714,0.09956703733233636,293.235046633516,2178243.3018817087,4.747193404177938E7,100000.00000000001,41.408800467198766
256,182.78705391876952,0.09938809565333341,293.25716167653195,2175724.6559875314,6.18740140004705E7,76565.38851209647,42.14917390196266
259.999828055778,176.3095588952854,0.09905603389670048,293.27694298811326,2132359.3503312734,1.374128385180951E8,33187.08778877631,41.91024221464102
263.99879985196446,169.8340130786407,0.09809130691846928,293.29492956481505,1786303.768602345,3.5149155543914616E8,9189.716355463182,38.22158746721715
267.99421483607483,163.36375795455248,0.0941206631757507,293.312797681753,1566053.0831243817,1.4100269323367503E9,1759.2907153451927,31.643849801430758
271.98443185366716,156.90514761755767,0.07462390983449713,293.3298215416377,1999832.530154913,1.1329432137137426E10,361.6146600948554,25.82840864248971
275.97518570850616,150.46836221756757,0.025266266189284316,293.3328299535687,1814377.0595644831,1.0500689953638182E10,321.6792880487683,23.070818516437253
279.9810667556529,144.0650365266841,0.006321266167022247,293.3206332253571,1168629.3041287428,9.359839319340943E8,1482.196009489997,23.157706545094836
284.03463760094485,137.69531142444308,0.0029846461823757726,293.3072690236474,1322429.7376970928,2.0174051343193766E8,8833.940819743475,26.83552215960277
288.1776339636162,131.34226050405093,0.002277375198324202,293.2962518192675,1376516.2608352327,5.709777000835684E7,33403.974066080234,34.35676079170929
292.3148035652962,125.39261138813757,0.0020751380005182823,293.2877836052969,1393823.8574452884,2.285377310791388E7,85098.66997252726,43.717116642317556
295.9641002917858,119.15081530312366,0.00196319137000509,293.2811874375897,1462554.4185239507,2.1391158436951365E7,100000,52.471328459658444
297.7098379292916,113.30375588564216,0.0018762424541337347,293.27725858351465,1418406.130679676,2.0118939158022806E7,100000,57.70027099136804
301.99857609343417,108.31176433248916,0.0017887613053154741,293.27063633753556,1411374.307896962,1.992027262455243E7,100000,59.13721888411528
309.05909422867177,104.34943687599662,0.0017066211384806752,293.2616637912419,1404459.1906810638,1.9725232055632774E7,100000,55.148610424106515
315.5284321508194,100.36000762492901,0.0016356733541493488,293.2534235984695,1373552.0071285574,1.980505730965558E7,95273.44737430454,47.38968084257552
322.264141995089,96.5103655473938,0.0015698693741583725,293.24481823854313,656721.227284886,1.117210217795691E7,38618.42920738864,37.81623118904174
328.8204922814215,92.45371175872006,0.0014736721142855089,293.235948844068,312915.1140391137,9259300.233573996,10592.621592482896,30.397290363776253
335.2187747698161,88.47523502817484,0.0013117650277277655,293.2272208164932,151779.8117552997,8252174.799451801,2811.18258359917,26.2385158449715
341.6837828007208,84.49318121761445,0.0011261137600476424,293.21877740931313,94287.53153799799,6389841.810634542,1420.0668811210153,25.254846661568223
348.1871970460102,80.4992874964409,0.0010413318742488568,293.2111909410212,98016.41556985413,7773752.443120358,1247.5385697744587,28.733017601191502
354.66838318074565,76.47577039069542,0.0010101396907493578,293.2052869488162,108986.43646935369,1.0445102590926057E7,1140.7163440670317,39.166297249475065
361.1315746033085,72.40947631294956,9.849148415978506E-4,293.20118790693505,115988.2538065532,1.2568259675334005E7,1070.9599105968127,55.43691812699229
367.5961628990126,68.33170827204829,9.508021140862506E-4,293.19828983364897,102561.26607458391,1.187405096622485E7,885.9778067776591,67.75767595423461
374.087564536812,64.2673470332609,9.212136263464232E-4,293.1959518827727,71550.99319747846,8878256.461410241,577.6230816068254,66.4875623047527
380.5797478861998,60.166522491095435,8.731702231520076E-4,293.1936965606749,48129.930597890845,6412290.617239823,362.7944671610375,52.227429435623485
387.05929720629325,56.1780833634933,7.632302909278973E-4,293.1912841670971,37155.35629825574,4701154.484992913,295.40665484383334,37.110339276787535
393.52875684364545,52.173812297288606,5.601895110409492E-4,293.18857075384227,27928.6364037981,2647993.4144496266,296.7437700608298,27.476030816241746
399.9999999999999,48.16120015384615,3.3594692920371506E-4,293.18577435432775,13800.632499510044,660407.7298575867,292.103223852993,22.782014724626396
256,195.74279395938476,0.09970146787387736,293.2073082879003,2287145.517591327,5.2310615522545725E7,100000,40.46600831678446
252,202.22066397969232,0.09985248833587257,293.1815779914327,2235073.00947626,4.9957910495360464E7,100000,36.55141988961589
247.99999999999994,208.69853399999997,0.10000000000000002,293.15,2211265.6951118335,5.2669405468111195E7,92879.69642523985,30.295563851560015
260,189.26492393907716,0.09954071918406375,293.22965031638336,2349442.0637097643,5.5236126211315095E7,100000,41.43890357873597
263.99999999999994,182.78705391876954,0.0993427096563737,293.24975473134174,2262455.4438571655,7.604443780677062E7,67397.0667899186,39.757631178012446
267.99967039788675,176.30947002690826,0.09890591427515309,293.26838137095456,1973413.6467954156,1.6871592606612626E8,23211.01047460826,35.43042387501297
271.9974927703157,169.83336757293208,0.09745368536380045,293.2866222505074,1568686.4482325476,4.70609455374003E8,5327.355679186411,29.401757649110696
275.98918162191814,163.3613971689771,0.09068976637812654,293.30499630605453,1432906.4855673432,2.3661568399978743E9,869.5397635612999,24.28185323099032
279.97258427269776,156.9000584363831,0.05944398327664452,293.3181185330331,1648509.4684834129,1.2252329847967749E10,223.23758666575074,21.74333991104676
283.9525570939278,150.4577307650972,0.016126191514765877,293.3135429671648,1360829.706717957,4.428947109862966E9,422.91493163302056,21.604648450414473
287.9399768447616,144.0368806618876,0.004804002987902519,293.3015484956223,939851.9265898935,4.5437598628005093E8,1978.606663679075,23.416719082972147
291.95025933960244,137.61936084981588,0.0026975648185230453,293.2913490774974,1065144.160792623,1.1283641586446066E8,10177.492553148726,28.44057187232383
295.9634622122772,131.1684956431891,0.002188889943828216,293.2836700431508,1083517.4718520418,3.525271424422243E7,33421.24476736687,36.269999537869474
300.05622883838345,124.27102969249856,0.0020070642391407448,293.27721501368336,1191011.1305086557,1.7631244457632825E7,80830.27725947804,44.97412168308125
303.6057446475521,116.6332800134251,0.0018871055964523164,293.2715527587916,1301231.6186428966,1.694907813615526E7,100000,51.75028103681535
309.685797274565,111.95058327149094,0.001802238771773818,293.2637532974541,1259611.667073305,1.586854884999904E7,100000,50.54521608508818
315.81117720211677,108.170426700021,0.0017389226537202918,293.25636276205205,1038862.1900702702,1.2607292199649943E7,85615.58796892827,45.615251391038704
322.2130256207894,104.3313769355804,0.0016904193340645057,293.2486991516425,536584.5230898426,7173200.417076643,40193.542195632,38.03898866097802
328.693408825466,100.40928828029382,0.0016625782738668756,293.24073085844606,249113.50443378763,4946689.889436434,12604.992445384785,30.039857458490427
335.1984757751985,96.39160520929666,0.0016830055709155783,293.2325021454628,117719.97640811856,5311424.62411982,2655.450612811588,24.68883990087963
341.6690272910996,92.395625671039,0.0018530197962589522,293.2244245596159,94866.4527173785,1.3082706962322496E7,696.6130827772922,22.660124590137865
348.14139560736885,88.3743093635468,0.002283940839499236,293.2168053226937,111020.79891259347,3.853312462331031E7,324.1612389217192,23.242680846805197
354.6167971656455,84.33392672383668,0.002732803235531381,293.21022397717485,123141.230364746,6.4400812393113375E7,240.0626935629614,27.7295980819373
361.09061060375296,80.29902198642105,0.0030304815502742986,293.20527168548216,144426.5460706522,8.90260023479249E7,238.86059483204704,38.41167395877563
367.56928241804195,76.26462006964434,0.003121536558776974,293.2018217121583,143944.03738450192,9.03726120976429E7,232.98244007620755,51.36801652880632
374.05117870329514,72.23820280079741,0.003090074748799442,293.19930017884286,113255.89588227788,6.618307066586727E7,195.47423407874933,57.81851149372688
380.5398819865628,68.2019037445371,0.0029624791451044337,293.197190553672,76191.45623953681,3.857874123020067E7,150.96886606065615,52.80490026453281
387.04204249666776,64.19885014261767,0.002682547566869186,293.1951587198166,52462.950563325234,2.1673824530866727E7,127.06064256335345,41.37280368419752
393.5244885313366,60.19499988155695,0.0021356351951617933,293.1929977677121,38108.047790858844,1.2271957402832314E7,118.3870095142466,30.790807327203485
399.9999999999999,56.18806684615384,0.0013533892172091653,293.1907379946761,26633.664988257515,5953644.0170228,119.31651987922906,24.246278380876806
263.99999999999994,195.74279395938478,0.0996862268403128,293.20401954459527,2386850.318638089,5.697285234527844E7,100000,40.26877117275159
260,202.22066397969235,0.0998459778057801,293.179858878953,2362514.894893819,5.58150150144609E7,100000,36.89918887282034
255.99999999999994,208.69853399999994,0.10000000000000002,293.15,2332408.3272411525,5.440137518602336E7,100000.00000000001,31.239898822280054
268,189.2649239390772,0.09951884756576694,293.2245489326023,2240050.220479458,5.646559645107732E7,88955.41176352637,40.589778152742404
272,182.78705391876952,0.0992636874210366,293.24287844873294,1795262.964214651,8.327886337690715E7,38799.530507304764,36.91400754931019
275.9989311989029,176.30909407798518,0.09859006613294079,293.26031058764835,1419553.5628145144,1.8864355622313428E8,10788.80556562537,30.705963547650356
279.99377288018775,169.8316399959905,0.09599239870082409,293.2775474483033,1071948.3855975599,5.92647991127337E8,1970.02266928407,24.98581125872133
283.978097883997,163.35607456275386,0.08298745134887543,293.2927452758475,1148507.021496374,3.986249176481619E9,334.6110176695265,22.174725196879788
287.9476658140282,156.88787245131002,0.04156940710294211,293.29812637748995,1177458.4153280712,7.993668265394696E9,173.85527322812402,21.898175700588187
291.90350237015923,150.4311410647415,0.011163650801652748,293.2914188742407,882325.0339829886,1.6524607896954842E9,472.40617041987065,23.045728376546432
295.8481386426817,143.97901957359633,0.004032618167544628,293.2833960230896,669793.3693155842,2.2552416707562527E8,2008.2435420222907,25.262634802738418
299.7624974293794,137.49962238682596,0.002539898915092063,293.2774051372183,730079.6427755955,6.1300814823912054E7,8759.412756438369,29.558720894413785
303.5193501373858,130.88608903780573,0.002127933474242991,293.2728321676847,707158.1203101277,2.0279026181481827E7,24732.2814983727,34.8524519838557
307.0219104734516,124.26979847059069,0.001967505661876995,293.2686397951306,767468.6648804713,1.1513317383335048E7,51189.33364829847,40.035181270161864
310.35378429247305,118.56946659734558,0.0018778242973515869,293.26434951198604,909002.1033301072,1.124007160533021E7,73524.20213799393,43.38981681694621
316.04147638344654,115.85032666136887,0.0018305195347130948,293.257720114869,605320.051087655,7164486.347829877,51155.30175233115,39.82833735602309
322.34709476440037,112.1811328828631,0.0017945855510459827,293.25044873151097,352424.70147077437,4598834.116367895,27077.88479673323,35.302254042728464
328.7459963396548,108.32987864313048,0.0018068516454522803,293.2431493158406,229065.3562373931,5153907.040676297,10306.935685334982,29.961789431730093
335.1764414143755,104.3855674008424,0.0019643480690047527,293.2359085280798,161861.4496772409,1.0255218171111064E7,2602.2671064027313,25.22480488409805
341.6521429018329,100.37284824599611,0.0026257777265401125,293.22878901104656,161985.35609547325,4.101049682524904E7,645.0886871984156,22.737616977321892
348.1285315436552,96.35450891083214,0.0045560536060057265,293.2218884418831,148653.66340077564,9.960874156917202E7,223.76946466290147,21.919570937204895
354.6046874616617,92.32763554408542,0.00662165833576711,293.21543568620586,141646.64793140732,1.0405445970820689E8,193.80345603507632,23.251402901326585
361.08655385364506,88.30070417931368,0.007619226325128284,293.2099661262677,159126.92779363572,1.0824017929297037E8,237.39865175175655,28.094430626367437
367.569266859929,84.28247600238674,0.007932718731580897,293.205844177324,147606.56088066043,9.445633990821145E7,234.55390531294324,36.20123892296147
374.0530808559466,80.26255369983207,0.007797019320643355,293.20285820023247,133195.78407805835,8.488156070290895E7,211.45727497508946,44.416643046699086
380.5390075559391,76.24360701653926,0.007292351786705824,293.20056841003134,101576.95590466388,6.360328898216196E7,162.72760038288985,46.07947309957024
387.0303985794385,72.22992510660194,0.006434044404551621,293.1986000264638,70828.67333637468,4.089731562827349E7,122.72887705476455,40.2595392459828
393.5185047414381,68.2215350415864,0.005278809828511764,293.19670957444856,51611.67543382553,2.514642886420177E7,105.9951019634368,32.03268829516366
399.99999999999983,64.21493353846154,0.003863082847904445,293.1948127463163,40870.96764633747,1.6410479374356136E7,101.80826516852669,25.46676822371738
271.99999999999994,195.74279395938478,0.09967063693684597,293.2009952698383,2046877.7431236182,4.870815093632863E7,86053.49822090467,37.174421254486454
268,202.22066397969235,0.09983557618855342,293.17832980598587,2418274.7790818834,5.8496650798811466E7,100000,34.6155943912459
263.9999999999999,208.69853399999997,0.10000000000000002,293.15,2496308.2475917987,6.232168680440908E7,100000,30.246086564520052
276,189.26492393907714,0.09947357204609848,293.21997871433865,1415139.7312676583,4.541218824445542E7,44152.42091016312,36.53088092152151
279.9993983692583,182.78684773947842,0.09907743620464426,293.23688964162767,1005466.474337867,7.292817576133506E7,13936.677684259017,31.966836423847838
283.9963540127984,176.30815837531347,0.09782354401227274,293.2527822549761,836661.1514023693,2.1418673725477767E8,3306.5182223220067,26.589752209506795
287.9859102978243,169.82854240772133,0.09219012091323459,293.267018590348,782448.8511115037,1.0492162710222064E9,584.4659343084667,23.63930484182937
291.96021751222935,163.3481182038962,0.06836902237181659,293.27600084572236,777867.7198173418,4.0164059115013633E9,151.0350390406526,23.925781316062356
295.90829476602,156.87039129362472,0.029718887626720706,293.27614308680626,730994.5215821657,3.4609467469357657E9,154.61823436074766,26.04737816591319
299.82393957498647,150.3952359265432,0.009116114408948965,293.2718684290325,569384.7728708807,7.944972764836005E8,409.0973942497897,27.990479200180065
303.71128083182646,143.91915927995248,0.0037775625490920266,293.2680898588958,426986.84816185693,1.2762346031197584E8,1432.4048653215393,28.80862000818126
307.58377299571333,137.43489024854043,0.0025023073703609945,293.2652006448545,426607.05230702343,3.54528874292578E7,5173.04663656745,29.52869885536322
311.05007945629166,130.9534679268974,0.002114838689042501,293.262747680652,391565.9344773774,1.2228998046577582E7,12603.105945650748,30.99230565001883
315.5854230828433,124.09467579911802,0.0019490364631425045,293.2582944856754,333565.6622172342,5480716.940152955,20349.530346734227,32.75154701556798
322.4655816842812,120.13567471737468,0.0019147885309525657,293.2504248388977,227184.05660777586,4139837.107760545,12548.353740175304,31.030952812396865
328.8509840880977,116.27875187183153,0.0019669349710459854,293.2434327722298,190811.16306131842,6529538.548668955,5674.958698935391,29.62055798879999
335.2333022357842,112.36013780709126,0.002276576086297553,293.237018086369,182210.58945486578,1.9331771425058056E7,1733.3721494734134,28.16067797354398
341.67225740759244,108.38063224762966,0.0034780632744578674,293.2311549522206,246583.80010010966,1.1344388594629395E8,551.5319116013908,26.442034256635285
348.1395068297175,104.37190810156069,0.0066547645698251225,293.2255058279495,220475.68797532865,1.6717457920447135E8,291.8379336163336,24.2195262088001
354.60947046548426,100.35383362068075,0.00906988055817423,293.2198557705813,163263.52026779,6.2748948226350136E7,431.77224941672904,23.51521408353756
361.08830710915794,96.32978923532418,0.00991249374203973,293.2145762228503,152368.81317753086,2.7692900283931315E7,838.8745166105608,25.254682247052212
367.56972849160525,92.30883147001474,0.010175931195102779,293.21017540664315,148621.76140206656,1.9580281372279603E7,1128.967933467805,29.571478264687034
374.05504946821975,88.29321130412512,0.01021485897071228,293.2067582894988,127679.38544843614,1.630279295434823E7,1000.3705653980586,34.79979399746315
380.54066180460967,84.2769427550018,0.01010044807467539,293.2041264816167,93746.67719712686,1.4454021692399487E7,608.4281195170605,37.72328967103163
387.0278336588488,80.26243053307583,0.009734158690555007,293.2019979266126,81018.25702324713,1.9362062691026688E7,341.99287656582504,35.970871900925715
393.51512881769895,76.25086321467475,0.008865796905578165,293.20013379945107,64732.003955711385,2.3865902533706937E7,176.3425032598726,30.762033441125272
399.99999999999983,72.24180023076924,0.007354089464998906,293.1983796694161,52465.23617864565,2.4002495534452442E7,114.76446021727718,25.39054658456997
279.99999999999994,195.74279395938476,0.0996337907649014,293.1978338902723,896860.6027318016,2.456551301352577E7,32754.50048236652,31.40390386172596
276,202.22066397969235,0.09981919581730316,293.176614075313,1465798.0648245187,3.625431899454293E7,59270.01591849299,30.23973804436642
271.99999999999994,208.69853399999997,0.10000000000000002,293.15,2049561.3757738562,5.925646050342846E7,70902.87733636047,27.364829148520055
283.99999999999994,189.26492393907714,0.09934085566652207,293.21560914377557,661616.1438838829,3.297796959344256E7,13308.25126476145,30.000814460817164
287.99777011139605,182.78635485944812,0.09857081247363451,293.2313117680256,545500.5337854718,8.145669041996428E7,3680.5662693863455,26.87526610362744
291.98976190233924,176.306358827707,0.0955244971820286,293.2451123344885,514320.5541254089,3.567553025672511E8,743.078152620335,24.98230249528487
295.97146421045636,169.82439076597302,0.08234225584132437,293.25516243524635,516047.4340985676,1.5582616755911057E9,171.43899608733315,26.622140650750236
299.94294440396675,163.3388806495444,0.052946286006681616,293.2592289427298,487429.4198639968,2.18406170931097E9,108.84374745939739,31.85274823752685
303.85418669660316,156.85364275780444,0.0246134442221129,293.25897748740834,460997.1532682514,1.5788500977842455E9,134.6505574460866,37.65109641775416
307.71147139134064,150.36704059440788,0.009069729830376608,293.25751799392043,376195.82734035235,5.218207067298631E8,272.42957939897764,38.318827513324464
311.5397866483319,143.86275091509114,0.004019027343284339,293.25619944207756,278988.3474734472,1.0430279759440987E8,746.4680959798426,33.70333089138554
315.31234931967083,137.37419220837884,0.0026310683328324962,293.25476126573136,238486.31921532936,2.6830144365074277E7,2141.415734987806,29.39770147944398
317.60380230596957,131.596281194222,0.0021949264241559268,293.2541317791241,239152.79522146913,1.1578131526338354E7,4949.2012134973465,28.17462491716418
322.9488471146776,128.13788445391964,0.0021472072624739553,293.24846359766246,158692.07672422146,6794780.468377045,3740.6323567542927,27.99277699592717
329.13303447060434,124.18169547952039,0.0022436850832275993,293.24208345297706,134344.24399129197,9168565.94209168,1986.668294197147,30.15090556104033
335.39386615896416,120.29590674900065,0.0027822360715592212,293.23641149171686,168374.52853894394,3.4802973264217466E7,817.5366754445171,34.010559720585086
341.74947914322274,116.36197440620433,0.00469331297284844,293.2316402227172,254870.41264271617,1.741022048700812E8,381.13554308543553,36.3315317227624
348.17657569599805,112.37957482772968,0.008254210002269266,293.22730543810394,269171.2085170139,1.701162693431718E8,437.69139925648614,34.00487957206701
354.62126941844275,108.37919935336453,0.009995378902112648,293.22287555139366,192809.42005868707,3.458069329911312E7,1076.356832292315,29.477770804504505
361.0924767842904,104.35900197910769,0.010530889098385572,293.2182956121496,172196.66591789352,1.1094242003324924E7,2701.047753116962,27.52404651585562
367.572833168866,100.33800007262307,0.010696609923641109,293.21410395859215,172141.8997671353,6359954.175687417,4700.245074868515,29.421899030614338
374.0564810657313,96.3218030018081,0.010746842221419193,293.2106450840179,159353.74811752036,4668997.008368216,5486.315887268938,32.25154392850612
380.54151593156803,92.30683016572624,0.010745277990276733,293.20783416624687,128736.91943508094,3863998.484377289,4323.954425257936,33.43267737828338
387.0276345174303,88.2926893957053,0.010689101403347697,293.20550716679776,87452.27510085044,3490140.0991009288,2217.913964703843,31.733582142585224
393.514100011963,84.27988740453702,0.01052024066921419,293.2035347121668,56887.480448929215,4168764.0574979833,780.0811353033067,28.248229992409083
399.9999999999999,80.26866692307692,0.0100372583574008,293.20177899635326,51592.691108802064,9353601.534120146,286.81122479413847,24.421782804412413
288,195.74279395938473,0.09952183113174874,293.19446162917643,356547.3348919012,1.4897262713566616E7,8547.588495882812,25.909351458141945
283.99999999999994,202.22066397969235,0.09978828259653862,293.17450693735213,514754.0635528658,1.4855209133133786E7,17840.96453143063,25.513250064425804
279.99999999999994,208.69853399999997,0.10000000000000002,293.15,842049.7907706456,2.7901674083729696E7,25412.46160220033,24.067295683300035
291.99999999999994,189.26492393907714,0.09892555774057836,293.21142353741607,305703.24226926226,3.421133637383107E7,2746.401326442854,25.31938635846559
295.9929314948655,182.78507201840037,0.09679276123644537,293.2261134780672,306340.3296372125,1.5003961556460124E8,625.967665729254,25.110477415047423
299.97776498606197,176.30392171764345,0.08818726613062765,293.2377126140753,333776.149590707,6.66599901546606E8,167.60456653164582,28.121078708567428
303.9510540652212,169.82112382822595,0.06779328497872773,293.24457209564275,351487.06314805633,1.1439548390367963E9,108.04102362866934,37.26909189120477
307.89569856817707,163.33434610665847,0.043733169655657315,293.247262499573,329668.5851620028,1.0591191984615027E9,102.63555433520513,49.381663921553525
311.74149628725223,156.85471946572216,0.023642955552768626,293.2479549801647,311556.9437975486,8.403289560211939E8,115.60686320493794,54.70976452574724
315.58542363369673,150.34652095807564,0.010778975222139787,293.2478160026562,257568.19409209467,4.0520042698557687E8,164.17772483431824,49.168486552288364
319.2990743099561,143.76295733406525,0.005030264305773702,293.24727947595426,197460.80690579666,1.2399993597291227E8,316.82641911458114,37.29875905115051
323.14696193133597,136.50929469306223,0.0029877103900680236,293.2459076093291,152397.87385034774,2.8449041557958543E7,818.1743542828425,29.758892757431063
329.6537087649928,131.91951171654873,0.003013154111354369,293.2400860476319,117781.25531840225,2.5087265577953737E7,554.4140287774763,32.033350439133805
335.6648371065517,128.15723812427743,0.0038465706044902705,293.23519074714164,129916.9792578161,5.439499369540418E7,315.21867706433255,40.88973046399667
341.9103304691872,124.2898188892232,0.006350132732508842,293.23115341091534,185648.1929863576,1.373860231102326E8,251.07139255926748,50.67986069488084
348.2552430979156,120.36362121911758,0.00929908811345817,293.2277394384853,222673.193966946,8.752953036789757E7,577.892630686685,51.99422648184393
354.6541381198856,116.39655050131489,0.010409719893136257,293.2244203118152,191827.41567251386,1.877723873649388E7,1979.995971742322,44.673610314858486
361.1039270195345,112.38986281356917,0.01074207339936434,293.22080513186216,218693.86219811547,7412892.596588634,6544.244846045111,36.01709462152484
367.5776366588274,108.36898742198144,0.010846024349723803,293.21708331754235,229197.17467399864,3806053.8449318926,13897.095580853134,33.46973721243439
374.0587104551618,104.35055738454277,0.010880913766898861,293.21383445448276,208963.92906948048,2297117.819145679,19084.72856944987,34.8308413597593
380.54241379483614,100.33519121285252,0.010890040834602282,293.21116990618975,179962.26005225058,1711935.6586894076,18992.225491140493,34.570965157055184
387.02781222661105,96.32123778059065,0.01088311147690335,293.20890027704394,130349.27494673284,1340734.13840935,12779.146707101767,31.18072251848474
393.51392730588736,92.30802055513425,0.010853959663372407,293.20691172035436,81964.38326293399,1180425.1350312836,5753.226332967756,26.911084189881
399.9999999999999,88.29553361538461,0.010768612530099987,293.2051554876135,48027.62031330829,1356398.9921904332,1733.3630832574029,23.389507489636117
295.99852511767705,195.74207785827193,0.09911541996910954,293.19145089093166,145439.41034347602,1.5829170465082003E7,1340.4125240104238,23.090419443087935
291.99999999999994,202.22066397969235,0.09969628623589645,293.1723925219256,158413.07798445056,6880247.759966669,3654.5743999937663,22.543049935874237
287.99999999999994,208.69853399999994,0.10000000000000002,293.15,272007.9578750084,1.1129102226080798E7,6648.232441542099,21.832006694380027
299.99436308784686,189.26297619663058,0.09721861674341105,293.20797346527473,171010.79541800206,7.796870382073736E7,376.0387178252933,24.101678914296414
303.98260787290246,182.7825903188713,0.09042486535339854,293.2217941468844,243989.69981419435,3.784559890154138E8,157.52109226716058,27.692719394525877
307.9622549328729,176.30193270384817,0.07572370456406557,293.23157970284046,256363.13142887817,6.131796912310942E8,107.21268266471061,37.16560520467771
311.914858739892,169.82265007045234,0.057194483203137324,293.23702579930244,252360.6042113731,6.331926982533056E8,100.60873971663783,53.12041778449156
315.76986272029785,163.3505071418263,0.039273092767212164,293.23964409662534,241715.75192959714,5.798550627595223E8,100.77085572208182,67.09471934649319
319.59584055046264,156.88537392512626,0.024373510018178782,293.2407394178021,220417.3855992053,4.649565929457113E8,104.5518153075028,66.29136092893187
323.3129074633825,150.45792385924258,0.013808915313792398,293.24090511616356,186000.33438795968,2.9512321372269446E8,117.29106734850893,52.04020231484565
326.89701686331864,144.02706137054108,0.0075967038969073355,293.24014712389277,142704.4300135652,1.393254842942035E8,146.50005863374986,38.482926894666896
330.20086847824535,138.55004363664165,0.005143102372387762,293.2384210951714,113261.97309675948,6.861742395262569E7,187.9498662291355,34.81668337606197
335.85670811092683,136.02447349833943,0.006224819369561817,293.2341280974252,94493.94794328201,6.044609370035354E7,148.0965628067655,43.237647350315676
342.0713110136247,132.20448820567063,0.008105328885065934,293.2304487280066,107829.85199882074,6.384011020985728E7,183.36171222718244,58.82373947271077
348.3698826010543,128.3215371815892,0.009975147351062539,293.22751567815567,130014.3622771151,2.9192732309937727E7,581.4557765546133,69.98081089746375
354.71605125583756,124.39642569392402,0.010646571506300892,293.22488063723404,149247.97673437008,8997979.939360986,2512.737550432186,65.90089451808738
361.13204924119236,120.41415600742842,0.010847998528958217,293.22210889607544,212813.5843575081,4509324.471361714,10162.835206452386,50.62369805430205
367.58765131403237,116.40185597048969,0.010911570165211189,293.2190347131896,263532.1250333269,2611936.1776299407,26715.071365388427,40.33407736155825
374.0629638565465,112.38080974947177,0.010932513500485073,293.216074925198,277150.2007283852,1634315.3794911532,47065.961897483205,38.52040401644576
380.54400464308884,108.36369739528921,0.010938451559567209,293.21364307708956,249618.2520328538,1099088.9715590526,56728.20350502915,38.59582273966095
387.0282170925672,104.3490117769748,0.010937907505658056,293.21164635952186,185191.92946547654,766964.5691508595,44773.82750478571,34.51053781655156
393.5139461089061,100.33547753569155,0.010930541208653692,293.2099004118715,120874.91753842444,577760.7833522352,25379.3306208135,28.360575313554364
399.9999999999999,96.32240030769229,0.010909780730457128,293.2083373925748,68683.29709939791,482619.3059557641,9875.783066851125,23.56872626628807
303.9951228477717,195.74053761749602,0.09727373540739138,293.1892987958634,115644.40131149722,5.720540602186898E7,235.09481972896575,22.787363770604983
299.9991723395159,202.22018177351313,0.09930676789221089,293.17082634187574,58714.02137780879,7342773.071435844,469.75216225200637,21.473574664614244
295.99999999999994,208.69853399999997,0.10000000000000002,293.15,70728.36221011067,4713757.487457902,1061.282230727211,20.793197238580007
307.98400873958974,189.25958976239494,0.09137880216545981,293.20539348760946,160676.09936663462,1.9942690436415172E8,129.50517708111772,25.453796808867363
311.9636258907257,182.77787159643174,0.08032443431070037,293.2182415337557,185643.85265222422,3.319153576832411E8,103.84941061697349,32.27203153832105
315.9367783731006,176.2974004878279,0.06598343645026254,293.22679440039934,200058.25547870307,3.990698581239116E8,100.31321941265402,46.15562943355365
319.80735411137636,169.8342788641254,0.05090641044186748,293.2316551355887,202229.57636572586,4.0887112123522925E8,100.04145707759119,63.31447752908945
323.61505721789297,163.3905146592034,0.036860547932957906,293.2341924529001,189952.63535309574,3.6017483688111997E8,100.18618583319103,69.87739958237574
327.30546012356,156.9915877144831,0.025127874792920845,293.23533540834893,165907.50990998108,2.725067987212816E8,101.01585149273888,60.83907482455239
330.919513304105,150.70795261524947,0.016432723924194103,293.2352868719929,133016.80245620286,1.7174879236162165E8,103.05395668934717,46.85476374409887
335.25273711796,144.12734239957382,0.01080317970995211,293.2336223439429,92253.06174190764,7.975645459876691E7,106.81057723579241,40.990966824045294
342.1642980292104,140.13226156925532,0.010295528485814569,293.22970776436847,58039.11934474497,2.436195520847105E7,138.7558252064581,54.25205658061332
348.4790339337992,136.28644782568995,0.010602773156857153,293.22696011704096,56554.715652377745,7609362.672903817,422.1195716682517,70.95724933934706
354.8197668710877,132.36208633903806,0.010840134722494442,293.22466285028116,79468.6851653333,3102434.905035287,2065.098104250744,76.72958578050385
361.1790719001103,128.42698395438825,0.0109276500404281,293.2224252792657,151340.70362473486,2220660.861541486,10397.876207051806,64.95241751009928
367.61092056583584,124.42948459292545,0.01095697857698135,293.2199655544536,245220.51707144792,1771142.7699189,34063.22031583582,49.02935013282269
374.07184564104773,120.41302397044632,0.010965050909873335,293.2174122762945,322371.27035517094,1423646.267108822,73067.57532794132,41.516310150460235
380.54756216627953,116.39343134760179,0.010964718307838987,293.2152155874021,316415.24981856346,1038699.1353940741,96589.92709355037,40.91808337101136
387.02927956282224,112.37716560806945,0.010962601614043346,293.21349914653985,254715.76565122852,696562.6412451506,93268.95210150782,38.45357118198465
393.51408895205594,108.36271868403185,0.010959072187158298,293.21210552611177,189489.38215798629,473664.3062207754,75853.89870824503,32.095574557923385
399.99999999999983,104.34926699999998,0.010950644869325515,293.2109200047649,102436.57345168409,304322.5417796385,34536.79110070028,25.423893161200112
311.98784059292103,195.7375452371517,0.09259547936290562,293.18767347210525,103246.89205705475,9.778108508621569E7,109.03613959232918,23.26455108696662
307.9972540701771,202.219171134081,0.09774336371270088,293.1698164487744,62729.384850264854,2.8230899328650642E7,139.47453285048508,21.514335805029834
303.9999999999999,208.69853399999997,0.10000000000000002,293.15,38301.89191130884,7173686.762506756,204.50664600800528,20.5914628373
315.967745089836,189.25414636752302,0.08391961467488072,293.2030251216648,138312.20512880033,1.889160247998322E8,101.27044033685335,26.816418031877458
319.9366007396199,182.76974671579555,0.07248803316837461,293.2148485722951,163351.97746672746,2.665647431097008E8,100.1173398241831,34.979889140787115
323.8652836397331,176.29089984593296,0.059634307386873246,293.2225849494143,175625.6122343587,3.084410820595167E8,100.01509322069582,46.994455075854425
327.6813891908224,169.8502913526975,0.04674022493709537,293.22709790295636,174218.0837562787,3.035311154035701E8,100.00601327782174,56.46674694036859
331.34597871818,163.42079349771652,0.03481803240213572,293.22957480578634,160086.4515772256,2.561890255266362E8,100.04022805372631,55.897187479211105
335.0034338030392,157.08134538637478,0.024725826227844052,293.230532179709,134223.15168446655,1.797077353839812E8,100.25537464027472,46.109400542996944
337.3135878971692,151.37432151023432,0.017681325386208,293.2309273936049,106055.03594645303,1.1034993994724062E8,101.92883938462268,41.63500871430517
342.5842800442295,147.9719924527727,0.014257424037316863,293.22846451203395,78435.24659830771,5.361322322147948E7,114.7579672389977,43.33590631578327
348.7424830316601,144.17733641601683,0.011828994567320743,293.2259497622228,58430.495590936065,1.4028368587705443E7,243.82534510884327,55.637812062115735
354.9614578110747,140.29294672579786,0.011138815786953677,293.2238822136748,55451.940377804065,2654913.14508674,1176.903678763783,67.30294520309575
361.24800575040825,136.41966823123653,0.01102651945584602,293.2219524828624,101351.78420052824,1490117.1337725343,6940.540842605209,64.95073336996052
367.64714967105607,132.44998250675437,0.011004947145876508,293.2199255333865,188502.84955925084,1300808.7600540556,27375.137763531264,53.6590662729546
374.08949543600664,128.4426836469378,0.010997495749259638,293.21781942863146,337585.02936070465,1539958.9624829795,74059.88415986927,44.12124591066554
380.55534076007274,124.42429973159841,0.010991379837064065,293.2159377933395,377726.2688148631,1427001.6195797964,100000,41.40812450627808
387.031966289152,120.40639230962834,0.010985064300359603,293.2144992331335,318654.65222724597,1015430.1477742298,100000,40.227253667513416
393.5146596625494,116.39038001416861,0.01097864055308355,293.2134399605621,259569.35566439308,673983.2103192977,100000,35.407746453230125
399.9999999999999,112.37613369230768,0.010971394513483343,293.2126594196491,185267.07459069617,402737.94789138023,85241.38191608849,28.37713738996628
319.97492305482257,195.73280593257186,0.0879695445257238,293.18589506983125,113541.79436561209,1.2858202852339245E8,100.26357652724965,23.44369676417079
315.99309904371825,202.21729753811155,0.09528604479843955,293.16895587117875,81739.81148885276,6.5699667007627524E7,101.69850670564709,21.64943940422398
311.99999999999994,208.69853399999997,0.10000000000000002,293.15,56517.15134321528,2.9856911963359986E7,106.98328870540013,20.640740816520005
323.9495250202194,189.24634321128553,0.07833119878750767,293.2001655132238,140350.3795482896,1.9688694998505202E8,100.05612337671643,26.537162722039223
327.8808671863377,182.76197189486066,0.06707938269402723,293.2109805759888,157778.4435177245,2.489476981144903E8,100.00539853401047,32.25356294199502
331.7438796820028,176.2869358024103,0.05507481513702445,293.2181566434895,164595.047268117,2.709318098274737E8,100.00067572697868,38.671527511195706
335.4338102145072,169.8622199524998,0.043238349483569354,293.22251576310555,160776.15267336904,2.5848591188057318E8,100.00671954873928,41.057111816190236
339.03672175925857,163.34880192104058,0.03201718967123273,293.2250154641142,146639.33321442065,2.1472201454243994E8,100.150149853853,38.013758647725574
342.8254598792923,156.21724395907313,0.021473433668497025,293.226161509777,121231.6017373055,1.421007862044633E8,103.44467837096212,35.30594103483936
349.207114310085,151.80344886248253,0.014859853310459649,293.2241053734601,109770.98870460091,8.083327101043762E7,149.24546015890465,38.45583015875979
355.19077645640533,148.0851025678805,0.011948749063314152,293.22231939574743,100136.59691570245,1.9447141804819297E7,516.1015693459685,46.34419378754154
361.37998378371867,144.32788105329772,0.011239535719843713,293.2206326167943,122137.57916743051,4892066.678582533,3079.1225010805606,50.99555009356621
367.6843608334677,140.46811588669578,0.011082908700193862,293.2189372907147,182643.90925184218,2290715.634606303,14624.545813880066,49.02599528971417
374.1192887244793,136.46348616339552,0.011038879686917443,293.21723706767733,286171.30379465217,1692055.0025856504,48427.49266216555,44.140681549476874
380.5687154231685,132.45403944451263,0.011022806141473523,293.215756096182,406678.5836926393,1676576.4976504184,98777.43499291381,41.473082623065686
387.0378037787188,128.4362706844878,0.011011858200174989,293.21466380332913,363683.31083650066,1322681.5544145291,100000,40.08016792518277
393.5161829878661,124.41888680610657,0.011001662070733881,293.21394818265065,315647.16464984603,996367.8874176327,100000,36.72454907835192
399.99999999999983,120.40300038461534,0.010991145194570067,293.21355158013586,277425.05928216706,769718.1763904135,100000,30.616927717990905
327.9543531651041,195.7259226857307,0.08454589357339591,293.1835457510502,130065.42154481675,1.69153606703264E8,100.01236492713018,22.753292653688103
323.98554283281936,202.21423291169492,0.09323155962172082,293.1678876743853,108553.23042206244,1.1775190171718647E8,100.0738163246315,21.52903818436957
319.99999999999994,208.69853399999997,0.10000000000000002,293.15,88995.35592673424,7.90456708067894E7,100.19743679300001,20.673133836300003
331.91267730531155,189.23809409900116,0.07427666623381572,293.1964877668336,147836.22747016695,2.1856073203496298E8,100.0011518665466,24.465063036902123
335.80932472035323,182.75606825729648,0.06294288996965074,293.20629569662646,159109.91601990486,2.5316755368621644E8,100.0001653620342,26.90325572517845
339.48963776672224,176.31464805887126,0.05121333365259138,293.21308563581334,162997.55236072026,2.6567988170489752E8,100.00338166688744,28.621689131748905
343.05516126912744,169.9315983029491,0.039573082558139176,293.21745653138595,159861.15510147915,2.553211537585676E8,100.09429850533108,28.62572371097153
346.55576829401616,163.57949417905616,0.028443610232768302,293.220146702477,151583.3777309951,2.2586853074631062E8,101.7335319828091,27.548733683243814
349.8405902500153,158.22265372557115,0.01984317226542147,293.2212844625718,140998.30358839626,1.741643819601934E8,114.16125794166763,28.93952471299329
355.36002648325206,155.7242125785815,0.014647297566386596,293.21953321736487,152975.43218825912,1.1152771528084694E8,210.41015599182722,30.748299514404724
361.49501699118406,152.1793808029051,0.011936870912098689,293.21812970333616,166148.23444679988,2.738046685746215E7,1009.8165241209234,34.754955816435455
367.7881146278054,148.3780741359239,0.011278563608511571,293.21681548708483,195869.07009908263,7528342.107173636,5140.404666131857,37.906793325626786
374.1570231453057,144.46732893393116,0.011115569738375866,293.21558223622714,267345.1610727935,3525154.609297073,20357.12247065175,39.722669833235386
380.5914952711975,140.47611203321716,0.01106352253012109,293.2145783450182,361688.18886312767,2222460.663504979,58932.07635371463,40.15870005738981
387.0472881727717,136.46605614929615,0.011042958102426432,293.2139210376026,376564.24074120633,1502836.2718818358,94724.8514871918,38.98904251511601
393.51943098040323,132.44786703796908,0.011028526059661157,293.2136107220278,346878.2011849723,1203657.923443443,100000,35.77867496214258
399.9999999999999,128.42986707692307,0.01101550664904521,293.2136217985993,322073.9409985884,1037430.671160675,100000.00000000001,30.838702757609116
335.922905905296,195.7140591858932,0.0819353524426415,293.18067546510673,145118.2524022931,2.1059487641906717E8,100.00014614076882,21.617791783197422
331.9739579766953,202.2088478914479,0.09168082263239365,293.16651322828153,130410.09700012642,1.700660752531699E8,100.00152106870861,21.082506166539673
327.99999999999994,208.69853399999997,0.10000000000000002,293.15,116503.11182720323,1.3571700764641377E8,100.00941514380001,20.560694136540004
339.8516688406657,189.22474850144715,0.07101979061872625,293.1922227716502,157413.14808163312,2.477916907205353E8,100.00002751473365,22.079882696558375
343.6149065544944,182.74982946329132,0.059317305201188296,293.20111870090665,165676.19402153234,2.7448458555729234E8,100.00139836137406,22.70249606521642
347.0896590357606,176.31337040808197,0.0472599650261673,293.2076925264541,169734.01676813336,2.879619180849553E8,100.04732007857393,23.001895123004974
350.3774610687173,170.01655770868774,0.0352892760554466,293.21235532473275,171166.34760401494,2.9088412157876444E8,100.72427129443935,22.766318632412652
354.764550532431,163.68407782826077,0.02278928158062606,293.2150384755335,176615.95086780222,2.766426533327899E8,112.77855441063343,23.388987312789347
361.5354414798955,159.91880980960852,0.014716147367630853,293.21396915224153,197830.29330769903,1.4662568508272925E8,267.89451902725295,25.094860951233922
367.8834290965126,156.25073959149037,0.011994846777834514,293.2131824208977,215166.0950187293,3.51220534247228E7,1321.5339735563778,28.232395514375586
374.22181074802916,152.43165716210083,0.011336487122560968,293.21260748685336,257169.21327574804,1.1234433718123356E7,5958.370261719439,32.05193224530459
380.6100556126441,148.50201505264303,0.011153209818793279,293.21224454673023,314580.2951596479,5052464.389382902,19755.01753867148,35.5467572966875
387.05997600427145,144.49558440339658,0.011088410390038564,293.212139851887,356333.0472255551,2700342.5775505635,47190.67055829301,36.233171282800576
393.52414931350773,140.47792723676125,0.011059888859011437,293.2123184489578,341156.25334497396,1483595.9025353377,78556.10187406595,33.55069090185315
399.99999999999983,136.45673376923074,0.011042397350138887,293.21280471172633,293238.1896706624,1008415.204141908,85371.41024773568,29.23679450857182
343.8682358307085,195.68644517330912,0.0797338743952536,293.1777144095385,159211.94687380872,2.5348503231869927E8,100.0000077632205,20.731424968424168
339.9636409231147,202.19835618683024,0.09044231262609616,293.16499508835835,148275.40185257644,2.1985623121256864E8,100.00001241416383,20.55225428388584
335.99999999999994,208.69853399999997,0.10000000000000002,293.15,137758.72306107485,1.8977446837883255E8,100.00011110039998,20.349746364759998
347.74017275720144,189.17272603518984,0.0680285784536469,293.18804428211257,169046.4300078722,2.857667458887696E8,100.00024531315302,20.924794879198533
351.3772447024592,182.66678273159576,0.05557708400110622,293.1962146364572,177173.58905325088,3.1385925323910654E8,100.01460250490835,21.102889901459733
354.28932206314164,176.12765160432562,0.04278058075641925,293.2030389333243,183499.1528606786,3.3570414375563484E8,100.30289377324304,21.18029937340185
356.5103052178268,170.46315392945274,0.031654288837325927,293.2079527638906,189766.23163548243,3.4840463748709404E8,103.36290970650923,21.447081313213406
361.724112019315,167.51066575410073,0.022899962142429283,293.2078113775651,217042.88009174986,3.747546738576999E8,125.70817229154876,21.839287903831153
367.98551375667876,164.16378230231265,0.015278396019434445,293.2075887336703,219227.39825747247,1.8647375392367473E8,259.0661881602112,23.023181755696005
374.2812807520983,160.4189741212425,0.012277516574209698,293.2078712088419,239370.96019599898,5.055322839724958E7,1139.3867483225001,25.696872457660152
380.6355745072933,156.53038402686076,0.011460543539661068,293.20839278825594,281819.69384524185,1.7263704408259477E7,4665.864497429516,28.94487954522762
387.07783773730375,152.52480720583793,0.011214607773928319,293.2090609250818,314006.71948353056,7460979.302617493,13416.941474914187,30.853799142714024
393.52722471920754,148.51404208417495,0.011123771647706825,293.2098728293845,293293.943951594,3315016.298786879,26221.39673715975,29.968058402314977
399.99999999999983,144.48360046153843,0.011082193075682754,293.21094264567597,236170.94396510356,1538447.2898188473,36423.95988047202,26.88501511522428
351.7901693337467,195.63029746639324,0.07766988082346994,293.1751000180124,173288.6197834234,3.0028934390397304E8,100.00005263475622,20.797707259814473
347.92975405865633,202.17682286692886,0.08935460414803648,293.16360632568825,163994.0291416241,2.6894047264021856E8,100.0000010897005,20.38384099182505
343.9999999999999,208.69853399999997,0.10000000000000002,293.15,155266.94590967105,2.4107824621975425E8,100.0000020724,20.18338402132
355.60720779672926,189.05202175412165,0.06497834251779401,293.1844495156301,182844.6734912231,3.343157859195724E8,100.00181234873776,21.396555696538936
358.9817553277202,182.32920217073942,0.05126181238656303,293.1923480223573,192865.6847661756,3.716080616071442E8,100.09809181842333,21.820502593110422
361.3921816212299,174.9754628535345,0.03609909437378258,293.2001738386003,205080.97831341156,4.123127141694127E8,102.01554376805747,21.557184347293017
368.1344075992547,172.44898209454308,0.026674458616379293,293.1995940370866,240361.85695785054,4.932961590445098E8,117.1372949925203,22.67877935822976
374.3544924194195,168.4343585739904,0.017041532819327073,293.2011148441988,253357.508208664,2.992410454357274E8,215.71659073558098,23.416085013077588
380.68756020427503,164.55411211505708,0.012978500737724946,293.2026143849066,238015.65135662447,8.326171518631662E7,682.6941660402196,24.51016903664203
387.09824732633194,160.55935634757958,0.01173927819727383,293.2042780013631,260082.7518342357,2.8358016612324033E7,2434.541897910796,25.673214938599298
393.5387883353205,156.54468493000343,0.011341817934637809,293.20595741652096,257574.64938213452,1.1010905825077135E7,6154.809831780484,25.715498228313976
399.99999999999994,152.51046715384615,0.011189894221645659,293.2077805975252,206248.30633747054,4173451.774138169,10385.691947021707,24.25797390436743
359.7099543556224,195.54853260791648,0.07563322339656277,293.17302784150246,187637.77117212294,3.5207841897206664E8,100.00030563653307,22.615549451066716
355.8826303996479,202.1446490819189,0.08832657705135506,293.1625336740986,178722.95337273888,3.194189279172676E8,100.00000639401709,21.08526179073908
351.99999999999994,208.69853399999997,0.10000000000000002,293.15,170855.43237208689,2.91915787741674E8,100.00000004199997,20.326142202659998
363.5115694019066,188.80936684351238,0.06168131487055848,293.18165993367955,198295.3533762769,3.931709595258867E8,100.01031176950823,24.679004885567398
367.6280071226074,181.2820851845651,0.04481565480946808,293.18965097947347,216085.6154224623,4.6366323288400584E8,100.71196804392456,25.18187722631765
374.29831596567226,176.44500193755613,0.03105213751998825,293.19279485612697,249267.1871722342,5.658226178256265E8,109.86094650705161,26.082026297774522
380.7403611970749,172.57431565983066,0.020660072584938224,293.19509378955087,279312.8908760382,4.8084920566037613E8,162.69371002640528,25.50618416942362
387.14178208460265,168.5827718947469,0.014685363864709587,293.19768652595695,253020.6600747188,1.8614938308882925E8,345.7953581493107,23.986137989459152
393.559062551629,164.56940288632128,0.012455197961295393,293.2003290103076,215475.88927584808,5.395747166931778E7,870.2890669230568,23.007871856012386
399.9999999999999,160.53733384615384,0.011649104750224371,293.20302815264176,179825.50636174672,1.7464104915345985E7,1904.3686625896987,22.17218856470183
367.60544530027056,195.54278397956966,0.07384846704116753,293.17142761910515,201568.59227594503,4.0629385771132475E8,100.0013716734008,27.790096118711947
363.85290084617725,202.1129721392602,0.08735208060029082,293.16183291730243,192704.6462178386,3.71350751311078E8,100.0000334271622,23.790059040811613
359.9999999999999,208.69853399999997,0.10000000000000002,293.15,185327.6952356185,3.4346354774526787E8,100.00000016799999,21.178702930099984
371.4521434289382,189.03823491244538,0.059484537009000506,293.17906325523103,213293.35988240663,4.547923293699968E8,100.03301757950884,31.03182781421773
374.8796434476078,183.17162243750965,0.04558889343036858,293.1850704614128,228096.52878678785,5.1624150993173045E8,100.78327886957348,30.83822294335775
380.96647420990683,180.58192972800464,0.03750037390627282,293.18660277199297,247648.66518721162,5.92164061754021E8,103.59229610807601,31.28840453261651
387.19771909105816,176.61292824649252,0.02690994791188561,293.18985901919496,271035.2583151031,6.041623128048062E8,121.62656087405946,27.83211129769876
393.5831585336988,172.6042337629614,0.018826659147935482,293.1932719375987,272445.3423793966,4.1046182758412427E8,181.8345370739519,23.979864231275158
399.9999999999999,168.5642005384615,0.014399573956401618,293.19672089673713,201898.96718712852,1.409569059746838E8,290.8811299087132,21.606049106362548
375.3326681700973,195.63481740145414,0.07253022811937372,293.1702766332525,213514.6406816185,4.558693065923836E8,100.00350473754382,34.6548804581744
371.76110998241774,202.11840384832576,0.08654687723564686,293.1613931617523,205214.65723407167,4.2113019461879283E8,100.00011225126,28.794051835661406
367.99999999999994,208.69853399999997,0.10000000000000002,293.15,198579.83856057146,3.9433952781263137E8,100.0000007658,23.552841192479992
379.94031311447634,188.80611706923642,0.056659745820008926,293.17780979413925,226762.8216930641,5.1379818890610874E8,100.08170788855475,37.619919982361345
387.19601358917856,184.65361471307693,0.04558081376751696,293.18153004841366,241359.03952984803,5.779824065457197E8,100.79772763469454,34.49146650765031
393.61210887291315,180.6215579372872,0.03528613164214157,293.18537661829714,251831.22562691433,6.0627873775918E8,104.63299787388884,28.285395115611397
399.99999999999983,176.5910672307692,0.02617989764280898,293.1893221896789,251365.3342083514,5.414896556321234E8,116.7241206309878,23.28252048038709
381.79592879795894,196.16289393825434,0.07270166586230203,293.16908516387457,220930.69136714563,4.8807981683437824E8,100.00501948346516,37.924708261762746
379.4390141271112,202.14140797347588,0.08594837876031643,293.161095515661,215146.30615179698,4.628783655206415E8,100.000238036383,33.451488534801825
375.99999999999994,208.69853399999997,0.10000000000000002,293.15,209903.31119416314,4.405940115497096E8,100.00000203359998,26.627346396080004
387.7097118713745,192.67001931173718,0.06415032712151292,293.1728582245728,228933.1472052691,5.239292755797682E8,100.03378682036633,37.90521581879363
393.74975437534226,188.6291359857036,0.05425402147160082,293.17708246616365,235941.77053744008,5.558984091506937E8,100.14238720765758,32.83506993550436
399.99999999999983,184.6179339230769,0.04458380722228358,293.181255689061,240923.81839656117,5.769416199837877E8,100.61733705127949,26.10450808106333
387.686625573735,201.554814867332,0.084159568972747,293.16170737020303,222704.38348542392,4.959712392385545E8,100.00044796271196,33.847171184856535
383.9999999999999,208.69853399999997,0.10000000000000002,293.15,218454.48955536084,4.772236553062679E8,100.0000035824,28.101425871680018
393.98068017333065,196.56690713334163,0.07261375069453445,293.1681048719647,228470.25622502933,5.219595067180845E8,100.00537602249132,32.60956861259664
399.99999999999994,192.64480061538458,0.06345251892907183,293.1726521781712,232270.68603830782,5.393567619306335E8,100.02607457215267,27.65924514665248
394.73538177250265,203.23493848174712,0.08771180885472278,293.1590607665715,225447.2687966622,5.082642998605937E8,100.00014976319775,28.786250731272407
391.99999999999994,208.69853399999997,0.10000000000000002,293.15,223664.25357856133,5.0025697449617505E8,100.0000040456,26.398452066880044
399.9999999999999,200.67166730769227,0.08186255824844291,293.1626927402245,227048.29272320704,5.155078210852029E8,100.00045855084613,26.22879126265425
399.9999999999999,208.69853399999997,0.1,293.15,225363.29566283972,5.0788675231580883E8,100.00000302499998,23.259495854000054
