x_um,y_um,contact_factor,electrical_contact_factor,thermal_contact_factor,sigma_s_m,k_w_mk
0.0,0.0,0.06853172216312689,0.06853172216312689,0.05062401877622427,6946.319044096376,24.04992150209794
5.0,0.0,0.10989664679873593,0.10989664679873593,0.08234928387646383,11078.67501519372,26.587942710117105
10.0,0.0,0.1537438430911334,0.1537438430911334,0.1179852172833997,15459.009924804226,29.438817382671978
15.0,0.0,0.1892951251913035,0.1892951251913035,0.15097794002752507,19010.58300661122,32.07823520220201
20.0,0.0,0.2089059708741106,0.2089059708741106,0.17662078939003523,20969.70649032365,34.12966315120282
25.0,0.0,0.21342128744914765,0.21342128744914765,0.1950711092163383,21420.78661616985,35.60568873730706
30.0,0.0,0.2107361795608157,0.2107361795608157,0.20992396194733232,21152.544338125488,36.793916955786585
35.0,0.0,0.20866702756860364,0.20866702756860364,0.22364624321929555,20945.836054103504,37.891699457543645
40.0,0.0,0.20982165380867823,0.20982165380867823,0.23505799350948928,21061.183215486955,38.80463948075914
45.0,0.0,0.2128753516324077,0.2128753516324077,0.24124513099613393,21366.24762807753,39.29961047969071
50.0,0.0,0.216050531509518,0.216050531509518,0.24064351990853008,21683.448097800847,39.25148159268241
55.0,0.0,0.21768528507632376,0.21768528507632376,0.23379686225499272,21846.759979124745,38.70374898039942
60.0,0.0,0.21550154545158007,0.21550154545158007,0.22265780513802186,21628.604390612847,37.81262441104175
65.0,0.0,0.20806158530488,0.20806158530488,0.21043778693291057,20885.352371957513,36.83502295463285
70.0,0.0,0.1967334979523007,0.1967334979523007,0.20114848923566356,19753.676445434838,36.09187913885309
75.0,0.0,0.1849826898286631,0.1849826898286631,0.19766517713479403,18579.77071388344,35.813214170783525
80.0,0.0,0.17629953924554867,0.17629953924554867,0.2000388719046369,17712.323970630314,36.00310975237095
85.0,0.0,0.17332597511021686,0.17332597511021686,0.2059205785219927,17415.264913510666,36.473646281759414
90.0,0.0,0.17729424421740717,0.17729424421740717,0.21203137258685706,17811.694997318977,36.96250980694856
95.0,0.0,0.1869015834276145,0.1869015834276145,0.21522362804204492,18771.46818441869,37.2178902433636
100.0,0.0,0.1989718376574431,0.1989718376574431,0.2137659529751098,19977.286581978566,37.101276238008786
105.0,0.0,0.21138646367946673,0.21138646367946673,0.2088391267715836,21217.507721578728,36.70713014172669
110.0,0.0,0.2237432896921525,0.2237432896921525,0.20379351001802568,22451.954640246036,36.30348080144205
115.0,0.0,0.23344868009954103,0.23344868009954103,0.200463367543281,23421.523141944148,36.03706940346248
120.0,0.0,0.23288638954984095,0.23288638954984095,0.19654131162959662,23365.35031602911,35.72330493036773
125.0,0.0,0.21368987269059822,0.21368987269059822,0.18766572804505757,21447.61828179076,35.013258243604604
130.0,0.0,0.17473719514789593,0.17473719514789593,0.17172335118003662,17556.245795274805,33.73786809440293
135.0,0.0,0.12482992429642246,0.12482992429642246,0.15005574359541476,12570.509437212604,32.004459487633184
140.0,0.0,0.07707126911962846,0.07707126911962846,0.12502061236168652,7799.419785050883,30.00164898893492
145.0,0.0,0.040897780029785925,0.040897780029785925,0.09810849010324553,4185.6882249756145,27.848679208259643
150.0,0.0,0.01859732706211892,0.01859732706211892,0.07078454481925603,1957.8729735056802,25.662763585540482
155.0,0.0,0.007233046784482377,0.007233046784482377,0.04568932198645381,822.5813737697895,23.655145758916305
160.0,0.0,0.0024025347895243565,0.0024025347895243565,0.025815828972650556,340.0132254734832,22.065266317812046
165.0,0.0,0.0006818598953248557,0.0006818598953248557,0.01268058156181961,168.11780354295308,21.01444652494557
170.0,0.0,0.00017324457590433856,0.00017324457590433856,0.005762775137710363,117.30713313284342,20.46102201101683
175.0,0.0,8.111161092581852e-05,8.111161092581852e-05,0.0036012776009485595,108.10304993148927,20.288102208075884
180.0,0.0,0.00021418134211328359,0.00021418134211328359,0.005189162095905039,121.39671607711703,20.415132967672402
185.0,0.0,0.0007799796740162757,0.0007799796740162757,0.010444335066433184,177.91996943422595,20.835546805314653
190.0,0.0,0.0024901703244146864,0.0024901703244146864,0.01959189326841396,348.76801540902716,21.567351461473116
195.0,0.0,0.006816408869990811,0.006816408869990811,0.032177872048973,780.9592461120819,22.57422976391784
200.0,0.0,0.01601139987446383,0.01601139987446383,0.04676081200923425,1699.5388474589367,23.74086496073874
205.0,0.0,0.03231277384216123,0.03231277384216123,0.06167827731454425,3328.0461068319073,24.93426218516354
210.0,0.0,0.05606640043231671,0.05606640043231671,0.07591004372106035,5701.0334031884395,26.072803497684827
215.0,0.0,0.0836975213735431,0.0836975213735431,0.08873300006627474,8461.382385216955,27.09864000530198
220.0,0.0,0.1077101309993007,0.1077101309993007,0.09865578709105981,10860.24208683014,27.892462967284786
225.0,0.0,0.12021931227166141,0.12021931227166141,0.10372031153590595,12109.909295938975,28.297624922872476
230.0,0.0,0.11820101904340637,0.11820101904340637,0.10367911523929749,11908.281802436297,28.294329219143798
235.0,0.0,0.10576019447524654,0.10576019447524654,0.1014712466632855,10665.44342807713,28.11769973306284
240.0,0.0,0.09062651947879796,0.09062651947879796,0.10157898089453012,9153.589295931917,28.12631847156241
245.0,0.0,0.07793455199152907,0.07793455199152907,0.10655524563827644,7885.661743953754,28.524419651062114
250.0,0.0,0.06736778215515751,0.06736778215515751,0.11510826925093873,6830.041437300236,29.2086615400751
255.0,0.0,0.05588758570463753,0.05588758570463753,0.12306482771557187,5683.169811893289,29.84518621724575
260.0,0.0,0.042262515991673806,0.042262515991673806,0.125909797580577,4322.025347568213,30.07278380644616
265.0,0.0,0.028692470565745073,0.028692470565745073,0.12139835006614884,2966.3778095179327,29.711868005291905
270.0,0.0,0.01906789445193378,0.01906789445193378,0.11115927841568377,2004.8826557481846,28.8927422732547
275.0,0.0,0.01672578644664392,0.01672578644664392,0.10002026630297739,1770.9060660197276,28.001621304238192
280.0,0.0,0.02360271047079581,0.02360271047079581,0.09301675164578069,2457.9107760325014,27.441340131662457
285.0,0.0,0.040212384378686405,0.040212384378686405,0.09250197018002072,4117.217199430772,27.400157614401657
290.0,0.0,0.06551499148706584,0.06551499148706584,0.09784986190271773,6644.947649557877,27.827988952217417
295.0,0.0,0.0970885656288669,0.0970885656288669,0.10741066954879744,9799.147706323804,28.592853563903795
300.0,0.0,0.1322876016302129,0.1322876016302129,0.12041342728915282,13315.531402858267,29.633074183132223
305.0,0.0,0.16966060561723847,0.16966060561723847,0.13731435551761162,17049.094501162122,30.98514844140893
310.0,0.0,0.2090090188242499,0.2090090188242499,0.1587410984274136,20980.000980542565,32.69928787419309
315.0,0.0,0.24956650339358769,0.24956650339358769,0.18389356809119575,25031.69368901941,34.71148544729566
320.0,0.0,0.2877238287253041,0.2877238287253041,0.20936448383907702,28843.61048965788,36.74915870712616
325.0,0.0,0.31669570979529155,0.31669570979529155,0.22946943713329182,31737.901408549624,38.357554970663344
330.0,0.0,0.3293800584622543,0.3293800584622543,0.23864194295947924,33005.067840379204,39.091355436758334
335.0,0.0,0.3226233740715396,0.3226233740715396,0.23462479556144902,32330.07506974681,38.769983644915925
340.0,0.0,0.2991806251431477,0.2991806251431477,0.21986900916244406,29988.144451800454,37.589520732995524
345.0,0.0,0.26582394134116644,0.26582394134116644,0.20000586662415307,26655.811739982528,36.000469329932244
350.0,0.0,0.22995067645989276,0.22995067645989276,0.18100869815635398,23072.072578343286,34.48069585250832
355.0,0.0,0.19763449924555113,0.19763449924555113,0.16722112937382408,19843.68647463056,33.377690349905926
360.0,0.0,0.1731664206947682,0.1731664206947682,0.1606113432782621,17399.325427407344,32.84890746226097
365.0,0.0,0.15814692834348681,0.15814692834348681,0.16027328091414086,15898.878141514333,32.82186247313127
370.0,0.0,0.14978693795120548,0.14978693795120548,0.16195499037074595,15063.715101325428,32.95639922965968
375.0,0.0,0.1410255179546665,0.1410255179546665,0.15894041757571817,14188.449243671184,32.71523340605745
380.0,0.0,0.12460972347852291,0.12460972347852291,0.1453071259439311,12548.511375504439,31.62457007551449
385.0,0.0,0.09858332503368242,0.09858332503368242,0.1198828306548709,9948.474170864874,29.59062645238967
390.0,0.0,0.06779639384230242,0.06779639384230242,0.0874198137099613,6872.859744846011,26.993585096796906
395.0,0.0,0.03987315851528643,0.03987315851528643,0.055633319581460845,4083.3285356771144,24.450665566516868
400.0,0.0,0.019885862529724258,0.019885862529724258,0.030661393662030103,2086.5976667194536,22.452911492962407
0.0,4.969012714285714,0.10730479388403531,0.10730479388403531,0.08006347812940588,10819.748909015128,26.40507825035247
5.0,4.969012714285714,0.1664323252735084,0.1664323252735084,0.12662763748420242,16726.58929482349,30.130210998736192
10.0,4.969012714285714,0.22527136833817699,0.22527136833817699,0.1769878215859007,22604.60969698388,34.15902572687206
15.0,4.969012714285714,0.2685884959134636,0.2685884959134636,0.2221774797617734,26931.990741755017,37.77419838094187
20.0,4.969012714285714,0.28727917165462213,0.28727917165462213,0.25679013923085303,28799.189248296752,40.543211138468244
25.0,4.969012714285714,0.2847300806685655,0.2847300806685655,0.28219086985144815,28544.53505878969,42.57526958811585
30.0,4.969012714285714,0.27364092244622223,0.27364092244622223,0.3037116458386381,27436.7281523776,44.296931667091044
35.0,4.969012714285714,0.2659053612540753,0.2659053612540753,0.32450082758088955,26663.945589282124,45.96006620647117
40.0,4.969012714285714,0.2657670519674615,0.2657670519674615,0.3426730966415669,26650.1284915494,47.413847731325355
45.0,4.969012714285714,0.2714542020305404,0.2714542020305404,0.35406007828858194,27218.274782850986,48.32480626308656
50.0,4.969012714285714,0.2796541076718131,0.2796541076718131,0.3561335477717044,28037.44535641413,48.490683821736354
55.0,4.969012714285714,0.2865389194663386,0.2865389194663386,0.3490906523460407,28725.238054687223,47.92725218768325
60.0,4.969012714285714,0.28755595294795494,0.28755595294795494,0.3353927020296304,28826.8396995007,46.83141616237043
65.0,4.969012714285714,0.280011127213835,0.280011127213835,0.31977554094118066,28073.111608662115,45.58204327529445
70.0,4.969012714285714,0.26569304915428144,0.26569304915428144,0.3081838733574177,26642.735610512715,44.654709868593415
75.0,4.969012714285714,0.249472824861899,0.249472824861899,0.30452348619055225,25022.33520370371,44.36187889524418
80.0,4.969012714285714,0.23621499178034983,0.23621499178034983,0.30824246967303115,23697.87767885695,44.65939757384249
85.0,4.969012714285714,0.22976669161504631,0.22976669161504631,0.3154023142752002,23053.692492343125,45.23218514201602
90.0,4.969012714285714,0.23263391596582017,0.23263391596582017,0.32139238962680117,23340.128204985434,45.7113911701441
95.0,4.969012714285714,0.24461141463716496,0.24461141463716496,0.32272578036138877,24536.680322252778,45.818062428911105
100.0,4.969012714285714,0.2630963784017306,0.2630963784017306,0.3183864222266158,26383.328202332887,45.47091377812926
105.0,4.969012714285714,0.28593933524647375,0.28593933524647375,0.31095532962114053,28665.339591122727,44.876426369691245
110.0,4.969012714285714,0.3115578303984452,0.3115578303984452,0.30501161578398556,31224.627256804677,44.40092926271885
115.0,4.969012714285714,0.3339433281379391,0.3339433281379391,0.3023699941303248,33460.93848098011,44.18959953042598
120.0,4.969012714285714,0.340016380432947,0.340016380432947,0.2991596223353096,34067.6364052514,43.93276978682477
125.0,4.969012714285714,0.31663450269962756,0.31663450269962756,0.28892077235553754,31731.786819692792,43.113661788443004
130.0,4.969012714285714,0.2620298669118202,0.2620298669118202,0.2682034516384361,26276.783704490834,41.45627613107489
135.0,4.969012714285714,0.1893341952553271,0.1893341952553271,0.23802778708609446,19014.486106007178,39.04222296688756
140.0,4.969012714285714,0.1183010296540503,0.1183010296540503,0.20090060270149346,11918.272862439626,36.07204821611948
145.0,4.969012714285714,0.0635822209739802,0.0635822209739802,0.15886045217869152,6451.863875300622,32.70883617429532
150.0,4.969012714285714,0.029300959498975043,0.029300959498975043,0.11487629088715769,3027.165853947607,29.190103270972614
155.0,4.969012714285714,0.01155078724547257,0.01155078724547257,0.07405276279682652,1253.9236458227097,25.92422102374612
160.0,4.969012714285714,0.0038875911038183664,0.0038875911038183664,0.041720770624047394,488.3703512714548,23.337661649923792
165.0,4.969012714285714,0.0011175001498526414,0.0011175001498526414,0.02043730751269848,211.63826497027887,21.63498460101588
170.0,4.969012714285714,0.00028923267496267445,0.00028923267496267445,0.009311370324114722,128.8943442287712,20.74490962592918
175.0,4.969012714285714,0.00014507095552709665,0.00014507095552709665,0.0059662453931234325,114.49258845715696,20.477299631449874
180.0,4.969012714285714,0.0003937024977347225,0.0003937024977347225,0.008856582524059606,139.33087952369877,20.708526601924767
185.0,4.969012714285714,0.001411522724197707,0.001411522724197707,0.018008254469405793,241.0111201473509,21.440660357552463
190.0,4.969012714285714,0.004413031262478661,0.004413031262478661,0.03392779156475692,540.8618231216183,22.714223325180555
195.0,4.969012714285714,0.011793680682368952,0.011793680682368952,0.05582952338946024,1278.1887001686582,24.46636187115682
200.0,4.969012714285714,0.026980766910898336,0.026980766910898336,0.0809314108087925,2795.3786143987436,26.4745128647034
205.0,4.969012714285714,0.05294749072982626,0.05294749072982626,0.10565670946160237,5389.454323909644,28.45253675692819
210.0,4.969012714285714,0.08928500060031219,0.08928500060031219,0.12738812131569355,9019.571559971188,30.191049705255484
215.0,4.969012714285714,0.12958863796991338,0.12958863796991338,0.14463720152136736,13045.904933194346,31.57097612170939
220.0,4.969012714285714,0.1622974720535711,0.1622974720535711,0.15589880559840444,16313.517458151751,32.471904447872355
225.0,4.969012714285714,0.1764307208561246,0.1764307208561246,0.1598443264964567,17725.42901352685,32.78754611971654
230.0,4.969012714285714,0.16887497179465158,0.16887497179465158,0.1576176572707682,16970.609682285693,32.60941258166146
235.0,4.969012714285714,0.14672665206075855,0.14672665206075855,0.15410916162720936,14757.99254086978,32.32873293017675
240.0,4.969012714285714,0.12169221080801114,0.12169221080801114,0.15547506895918292,12257.051859720314,32.438005516734634
245.0,4.969012714285714,0.10137394141540142,0.10137394141540142,0.16481787915338286,10227.256747398602,33.18543033227063
250.0,4.969012714285714,0.08555319911468251,0.08555319911468251,0.180045589297217,8646.764591556783,34.40364714377736
255.0,4.969012714285714,0.07001340856904124,0.07001340856904124,0.19506257358890045,7094.33951604722,35.605005887112036
260.0,4.969012714285714,0.05269600737319084,0.05269600737319084,0.20284149894069467,5364.331136581765,36.22731991525558
265.0,4.969012714285714,0.03606070020140871,0.03606070020140871,0.19925775528846965,3702.4639501207303,35.940620423077576
270.0,4.969012714285714,0.02508185577930535,0.02508185577930535,0.18621757432744765,2605.6773923526043,34.89740594619581
275.0,4.969012714285714,0.02449498017877745,0.02449498017877745,0.1711614952285805,2547.048519859867,33.69291961828644
280.0,4.969012714285714,0.03760185935877349,0.03760185935877349,0.16221225274353437,3856.4257499414716,32.97698021948275
285.0,4.969012714285714,0.0658539720370697,0.0658539720370697,0.16315331452852433,6678.811806503263,33.05226516228195
290.0,4.969012714285714,0.10820330177354116,0.10820330177354116,0.17283105681564215,10909.509847176761,33.826484545251375
295.0,4.969012714285714,0.1610773274031948,0.1610773274031948,0.1884642775059276,16191.625007579161,35.077142200474206
300.0,4.969012714285714,0.2199677259185398,0.2199677259185398,0.2087468919628328,22074.775819262126,36.69975135702663
305.0,4.969012714285714,0.2814658003360171,0.2814658003360171,0.23416201752663002,28218.43345356811,38.7329614021304
310.0,4.969012714285714,0.3435689492591091,0.3435689492591091,0.2651452292220759,34422.538030985,41.21161833776607
315.0,4.969012714285714,0.4038889169329894,0.4038889169329894,0.3000335799450625,40448.50280160564,44.002686395605004
320.0,4.969012714285714,0.45757382709786726,0.45757382709786726,0.3341827625285243,45811.62532707694,46.73462100228194
325.0,4.969012714285714,0.4971178597421863,0.4971178597421863,0.3608336210756306,49762.07418824441,48.86668968605045
330.0,4.969012714285714,0.5149093489012616,0.5149093489012616,0.3736812069835638,51539.443955236035,49.894496558685105
335.0,4.969012714285714,0.5070515808565078,0.5070515808565078,0.3699728767479576,50754.45292756513,49.5978301398366
340.0,4.969012714285714,0.4754894072723617,0.4754894072723617,0.3520348655030764,47601.39178650894,48.16278924024611
345.0,4.969012714285714,0.4269869711962079,0.4269869711962079,0.32611593614319995,42755.998422501165,46.089274891456
350.0,4.969012714285714,0.3704840707249585,0.3704840707249585,0.2995969304784264,37111.35866542335,43.96775443827411
355.0,4.969012714285714,0.3149842891092993,0.3149842891092993,0.2784051472543752,31566.930482019,42.27241178035001
360.0,4.969012714285714,0.2681156356899637,0.2681156356899637,0.26545527990625073,26884.752005427374,41.23642239250006
365.0,4.969012714285714,0.23404339365148744,0.23404339365148744,0.25978803460776984,23480.935025783594,40.783042768621584
370.0,4.969012714285714,0.21085563905639895,0.21085563905639895,0.25620189172931107,21164.478341734255,40.49615133834489
375.0,4.969012714285714,0.19048686148266786,0.19048686148266786,0.24641533570602117,19129.63746211852,39.7132268564817
380.0,4.969012714285714,0.16376332298182997,0.16376332298182997,0.22290179775810381,16459.955965884816,37.832143820648305
385.0,4.969012714285714,0.1275190529816726,0.1275190529816726,0.18385972936036832,12839.153392869093,34.70877834882947
390.0,4.969012714285714,0.08694862739159966,0.08694862739159966,0.1352073571561991,8786.167876420806,30.81658857249593
395.0,4.969012714285714,0.05090971531546001,0.05090971531546001,0.08730882528896876,5185.880560014454,26.9847060231175
400.0,4.969012714285714,0.025332033934641937,0.025332033934641937,0.04900907730441431,2630.6701900707294,23.920726184353146
0.0,9.938025428571429,0.1476941671894125,0.1476941671894125,0.11190682947442569,14854.647302222309,28.952546357954056
5.0,9.938025428571429,0.22150317894893076,0.22150317894893076,0.17240013567311346,22228.167576998185,33.79201085384908
10.0,9.938025428571429,0.28934741831870525,0.28934741831870525,0.23513119478211753,29005.807090038656,38.8104955825694
15.0,9.938025428571429,0.33257124920706094,0.33257124920706094,0.2892628302469212,33323.86779578539,43.14102641975369
20.0,9.938025428571429,0.3426427629016446,0.3426427629016446,0.3296910201897745,34330.01201387429,46.37528161518196
25.0,9.938025428571429,0.32707338315337814,0.32707338315337814,0.35961334194762384,32774.630977022476,48.76906735580991
30.0,9.938025428571429,0.3036272907368358,0.3036272907368358,0.3860098200449461,30432.366344609898,50.88078560359569
35.0,9.938025428571429,0.2877257735156534,0.2877257735156534,0.4124659170377349,28843.80477421378,52.99727336301879
40.0,9.938025428571429,0.28481167040339445,0.28481167040339445,0.43661892520471535,28552.685873299106,54.929514016377226
45.0,9.938025428571429,0.2925072460724626,0.2925072460724626,0.4536026278132614,29321.473882639013,56.28821022506091
50.0,9.938025428571429,0.30577484472214245,0.30577484472214245,0.46021045368698915,30646.90698774203,56.81683629495913
55.0,9.938025428571429,0.3184372225923043,0.3184372225923043,0.4560487316195987,31911.8785369712,56.483898529567895
60.0,9.938025428571429,0.32370817313698463,0.32370817313698463,0.4434608056625562,32438.446496384764,55.476864453004495
65.0,9.938025428571429,0.3177169853095898,0.3177169853095898,0.42784523331735735,31839.92683242802,54.22761866538859
70.0,9.938025428571429,0.30243141942879337,0.30243141942879337,0.41613499176657615,30312.89880093646,53.29079934132609
75.0,9.938025428571429,0.2835954629962423,0.2835954629962423,0.4126097487834811,28431.186753324604,53.00877990267849
80.0,9.938025428571429,0.26692579485631923,0.26692579485631923,0.41611520979808186,26765.88690614629,53.28921678384655
85.0,9.938025428571429,0.2571767590833752,0.2571767590833752,0.4217943301570582,25791.95823242918,53.743546412564655
90.0,9.938025428571429,0.25828051809992736,0.25828051809992736,0.42478565940885915,25902.223758182743,53.98285275270873
95.0,9.938025428571429,0.2719675802660867,0.2719675802660867,0.4224199463411143,27269.56126858206,53.79359570728914
100.0,9.938025428571429,0.29742384047357046,0.29742384047357046,0.4151428315356439,29812.64166330969,53.21142652285151
105.0,9.938025428571429,0.3331191122097806,0.3331191122097806,0.40676450834014877,33378.59930975708,52.5411606672119
110.0,9.938025428571429,0.37581181870747027,0.37581181870747027,0.4021064547458393,37643.60068887628,52.16851637966714
115.0,9.938025428571429,0.4150624019515482,0.4150624019515482,0.4020575625667406,41564.733954959665,52.16460500533925
120.0,9.938025428571429,0.43177456744670795,0.43177456744670795,0.4011100019080122,43234.279287926125,52.08880015264098
125.0,9.938025428571429,0.4080993199055506,0.4080993199055506,0.3911411677597717,40869.122058564506,51.291293420781734
130.0,9.938025428571429,0.34166353434428154,0.34166353434428154,0.3673816220985162,34232.187080993725,49.3905297678813
135.0,9.938025428571429,0.2495409102712995,0.2495409102712995,0.3298755063327702,25029.13693610282,46.39004050662162
140.0,9.938025428571429,0.1576400441104686,0.1576400441104686,0.2806653445170367,15848.240406635814,42.45322756136294
145.0,9.938025428571429,0.08569847223700985,0.08569847223700985,0.2224597155858196,8661.277376477285,37.79677724686557
150.0,9.938025428571429,0.039954802581689444,0.039954802581689444,0.16045193235093594,4091.4847779107754,32.836154588074876
155.0,9.938025428571429,0.015931813635615282,0.015931813635615282,0.10287330232188231,1691.5881821979667,28.229864185750586
160.0,9.938025428571429,0.005420684991191693,0.005420684991191693,0.05759523136719794,641.5264306200502,24.607618509375836
165.0,9.938025428571429,0.0015744143952478714,0.0015744143952478714,0.028061138623480825,257.2839980852624,22.244891089878465
170.0,9.938025428571429,0.00041443204940951923,0.00041443204940951923,0.012797661168194524,141.40176173601097,21.023812893455563
175.0,9.938025428571429,0.00022317047073685381,0.00022317047073685381,0.008425739246038608,122.29473002661169,20.674059139683088
180.0,9.938025428571429,0.0006237880248523915,0.0006237880248523915,0.012931180429486983,162.3164236827539,21.034494434358958
185.0,9.938025428571429,0.0022106231159723716,0.0022106231159723716,0.02663699618473018,320.84124928563995,22.130959694778415
190.0,9.938025428571429,0.006795801060118331,0.006795801060118331,0.05055540946796529,778.9005259058213,24.04443275743722
195.0,9.938025428571429,0.017798822370257837,0.017798822370257837,0.08365416247586796,1878.102354788758,26.69233299806944
200.0,9.938025428571429,0.039780460507444965,0.039780460507444965,0.1215234065816121,4074.068004693752,29.72187252652897
205.0,9.938025428571429,0.07605867058335118,0.07605867058335118,0.15791533997408225,7698.261191276783,32.63322719792658
210.0,9.938025428571429,0.12470623001737065,0.12470623001737065,0.18767128419866108,12558.152378735327,35.013702735892885
215.0,9.938025428571429,0.1757802330375136,0.1757802330375136,0.20804527345276957,17660.44528044761,36.643621876221566
220.0,9.938025428571429,0.21369864054020649,0.21369864054020649,0.2180027217463049,21448.494189966626,37.440217739704394
225.0,9.938025428571429,0.22542321604922352,0.22542321604922352,0.21811977091146428,22619.77928331743,37.44958167291714
230.0,9.938025428571429,0.20910694513557845,0.20910694513557845,0.21208602665852186,20989.78381904429,36.96688213268175
235.0,9.938025428571429,0.17550831946915435,0.17550831946915435,0.20693292157823953,17633.28111496852,36.55463372625916
240.0,9.938025428571429,0.14005186277084045,0.14005186277084045,0.20977494461318788,14091.18109080696,36.78199556905503
245.0,9.938025428571429,0.1123027671149306,0.1123027671149306,0.2235029109072709,11319.046434781567,37.88023287258167
250.0,9.938025428571429,0.09204596158100067,0.09204596158100067,0.24513798158847425,9295.391561941968,39.61103852707794
255.0,9.938025428571429,0.07408006411541243,0.07408006411541243,0.26715927326864164,7500.598405129702,41.372741861491335
260.0,9.938025428571429,0.05544931392920969,0.05544931392920969,0.28050588187336034,5639.386461528048,42.44047054986883
265.0,9.938025428571429,0.038350398784531926,0.038350398784531926,0.2792682822985311,3931.2048385747394,42.34146258388249
270.0,9.938025428571429,0.028209362976071232,0.028209362976071232,0.26547055970108074,2918.115361309516,41.237644776086455
275.0,9.938025428571429,0.030835356451163465,0.030835356451163465,0.24900083684522267,3180.4521094712304,39.92006694761781
280.0,9.938025428571429,0.05100044173101296,0.05100044173101296,0.24090770541088039,5194.944128928195,39.272616432870436
285.0,9.938025428571429,0.09152022842151147,0.09152022842151147,0.24611183423850977,9242.870819308997,39.68894673908078
290.0,9.938025428571429,0.15194365241358446,0.15194365241358446,0.26251898367616394,15279.170876117087,41.001518694093114
295.0,9.938025428571429,0.2281531708910603,0.2281531708910603,0.28589403464622226,22892.501772016923,42.871522771697784
300.0,9.938025428571429,0.31403666853276563,0.31403666853276563,0.31432256271685977,31472.263186423286,45.14580501734878
305.0,9.938025428571429,0.40370375908750994,0.40370375908750994,0.348360521852363,40430.005532842246,47.86884174818904
310.0,9.938025428571429,0.49197124435375,0.49197124435375,0.38814127493210027,49247.92731093962,51.05130199456802
315.0,9.938025428571429,0.5733489552010352,0.5733489552010352,0.4309237332908772,57377.56062458342,54.47389866327018
320.0,9.938025428571429,0.6414011393275043,0.6414011393275043,0.4710331297753452,64175.97381881768,57.68265038202762
325.0,9.938025428571429,0.6892135559120672,0.6892135559120672,0.5016297931429473,68952.43423561551,60.13038345143578
330.0,9.938025428571429,0.7105483258677721,0.7105483258677721,0.5169349090158982,71083.77775419042,61.354792721271856
335.0,9.938025428571429,0.7014194112665709,0.7014194112665709,0.514195673932914,70171.79918553044,61.13565391463312
340.0,9.938025428571429,0.6618027405952405,0.6618027405952405,0.4949607798985853,66214.09378546452,59.59686239188682
345.0,9.938025428571429,0.5967286760142831,0.5967286760142831,0.46496522412192975,59713.19473382689,57.19721792975438
350.0,9.938025428571429,0.5159457222379364,0.5159457222379364,0.43216118832147915,51642.977651569854,54.572895065718335
355.0,9.938025428571429,0.4319046000175989,0.4319046000175989,0.4035666902430878,43247.26954175813,52.28533521944702
360.0,9.938025428571429,0.3565191002849634,0.3565191002849634,0.3826395227750353,35716.25811846784,50.61116182200283
365.0,9.938025428571429,0.29734470435059446,0.29734470435059446,0.36828998930270695,29804.735964624386,49.46319914421656
370.0,9.938025428571429,0.25426571535774695,0.25426571535774695,0.3551403597787805,25501.14496423892,48.411228782302445
375.0,9.938025428571429,0.21942769892254743,0.21942769892254743,0.33485287392039087,22020.827122362487,46.78822991363127
380.0,9.938025428571429,0.18269931797145347,0.18269931797145347,0.29955657401849123,18351.661865348204,43.9645259214793
385.0,9.938025428571429,0.13955702734551512,0.13955702734551512,0.24691166898898864,14041.74703181696,39.75293351911909
390.0,9.938025428571429,0.09415670060370195,0.09415670060370195,0.18303285609172015,9506.254390309825,34.64262848733761
395.0,9.938025428571429,0.05482436666148219,0.05482436666148219,0.11984009200687223,5576.95422948207,29.58720736054978
400.0,9.938025428571429,0.02720170615327768,0.02720170615327768,0.06842011672280128,2817.4504447124405,25.4736093378241
0.0,14.907038142857143,0.17997365854330502,0.17997365854330502,0.13958237362243003,18079.36848847617,31.166589889794402
5.0,14.907038142857143,0.2614470579508698,0.2614470579508698,0.2104727890739429,26218.561089291896,36.837823125915435
10.0,14.907038142857143,0.3294253137923402,0.3294253137923402,0.28098809503755745,33009.588847854786,42.479047603004595
15.0,14.907038142857143,0.36384245634774964,0.36384245634774964,0.33903698329987103,36447.86138914019,47.12295866398968
20.0,14.907038142857143,0.3589287392770806,0.3589287392770806,0.3803041321451561,35956.98105378035,50.42433057161249
25.0,14.907038142857143,0.327128558108872,0.327128558108872,0.40976250378666124,32780.14295507631,52.781000302932895
30.0,14.907038142857143,0.29026831560560923,0.29026831560560923,0.4357557190423714,29097.804729000363,54.86045752338971
35.0,14.907038142857143,0.26561605986398873,0.26561605986398873,0.46259866050182524,26635.044380412473,57.00789284014602
40.0,14.907038142857143,0.25875805005147673,0.25875805005147673,0.48862865922898263,25949.929200142524,59.09029273831861
45.0,14.907038142857143,0.26652032744530835,0.26652032744530835,0.5097268589550187,26725.380711786303,60.778148716401496
50.0,14.907038142857143,0.28245620260037774,0.28245620260037774,0.5228190132312017,28317.374639777736,61.825521058496136
55.0,14.907038142857143,0.2987609166997568,0.2987609166997568,0.5266047520603981,29946.215578305702,62.12838016483185
60.0,14.907038142857143,0.30740118577076786,0.30740118577076786,0.5217973279558864,30809.37845849971,61.74378623647091
65.0,14.907038142857143,0.30392094068477987,0.30392094068477987,0.5120502343807903,30461.70197440951,60.964018750463225
70.0,14.907038142857143,0.29013782967759005,0.29013782967759005,0.5029221086226516,29084.769184791247,60.23376868981213
75.0,14.907038142857143,0.2717404641955043,0.2717404641955043,0.4980754258720817,27246.87237313088,59.84603406976654
80.0,14.907038142857143,0.25440519756454666,0.25440519756454666,0.4967612321558975,25515.07923669821,59.7408985724718
85.0,14.907038142857143,0.2431400173938771,0.2431400173938771,0.4955261364673024,24389.687737648324,59.642090917384195
90.0,14.907038142857143,0.24294266811876028,0.24294266811876028,0.49160420301441915,24369.972545064153,59.32833624115353
95.0,14.907038142857143,0.25767707915355736,0.25767707915355736,0.4845774344944407,25841.94020744038,58.766194759555255
100.0,14.907038142857143,0.28901404082441495,0.28901404082441495,0.47643936847730184,28972.502678359055,58.11514947818415
105.0,14.907038142857143,0.3365824563780472,0.3365824563780472,0.47095459761232983,33724.58739216691,57.676367808986384
110.0,14.907038142857143,0.3955519160600487,0.3955519160600487,0.47128380663921177,39615.63641439886,57.702704531136945
115.0,14.907038142857143,0.451336750473818,0.451336750473818,0.47622080857977267,45188.54137233442,58.09766468638181
120.0,14.907038142857143,0.479983844014364,0.479983844014364,0.4789640616888049,48050.386017034965,58.31712493510439
125.0,14.907038142857143,0.46032985664486836,0.46032985664486836,0.47083570485845955,46086.95267882235,57.66685638867676
130.0,14.907038142857143,0.3895940168777072,0.3895940168777072,0.4462315615339949,39020.44228608295,55.69852492271959
135.0,14.907038142857143,0.2872732065640199,0.2872732065640199,0.40376523936595876,28798.593335745587,52.301219149276704
140.0,14.907038142857143,0.18317065129196594,0.18317065129196594,0.3445590938014537,18398.748064067397,47.5647275041163
145.0,14.907038142857143,0.10050679577753646,0.10050679577753646,0.2722515827843442,10140.628898175892,41.78012662274753
150.0,14.907038142857143,0.04728781238213466,0.04728781238213466,0.19480803713506548,4824.052456975252,35.584642970805234
155.0,14.907038142857143,0.01901977442698381,0.01901977442698381,0.12361063419128895,2000.0754652556825,29.888850735303116
160.0,14.907038142857143,0.006523091230070049,0.006523091230070049,0.06846937413648987,751.6568138839979,25.47754993091919
165.0,14.907038142857143,0.0019088715706348117,0.0019088715706348117,0.033055685395879796,290.6962699064177,22.644454831670384
170.0,14.907038142857143,0.0005101231677821559,0.0005101231677821559,0.015061619686795305,150.96130446143738,21.204929574943623
175.0,14.907038142857143,0.0002956638040179118,0.0002956638040179118,0.010233393381345863,129.53681402138938,20.81867147050767
180.0,14.907038142857143,0.0008525607580861902,0.0008525607580861902,0.01633608115341183,185.1708197328104,21.306886492272945
185.0,14.907038142857143,0.0029971776721689288,0.0029971776721689288,0.03422109832499967,399.418049449676,22.737687865999973
190.0,14.907038142857143,0.00909567309256305,0.00909567309256305,0.0656626294695293,1008.6577419470486,25.253010357562346
195.0,14.907038142857143,0.023442689212020574,0.023442689212020574,0.1096785545366366,2441.9246522808553,28.774284362930928
200.0,14.907038142857143,0.0513880787484999,0.0513880787484999,0.16036884536767698,5233.66906697514,32.82950762941416
205.0,14.907038142857143,0.0960419138845025,0.0960419138845025,0.20851265888680795,9694.5871970618,36.681012710944636
210.0,14.907038142857143,0.15344968735908865,0.15344968735908865,0.24574224249177587,15429.623767172956,39.65937939934207
215.0,14.907038142857143,0.210215394089736,0.210215394089736,0.2676279670139531,21100.517869564625,41.410237361116245
220.0,14.907038142857143,0.24784860683655394,0.24784860683655394,0.2739995152935382,24860.07582297174,41.91996122348306
225.0,14.907038142857143,0.25305246453292807,0.25305246453292807,0.26830189895120765,25379.941206839514,41.46415191609661
230.0,14.907038142857143,0.22656795682814446,0.22656795682814446,0.25730984182452415,22734.13888713163,40.58478734596193
235.0,14.907038142857143,0.18268295371091883,0.18268295371091883,0.24965579019217604,18350.02707572079,39.972463215374084
240.0,14.907038142857143,0.13923386630918358,0.13923386630918358,0.2522625739960597,14009.463244287439,40.18100591968478
245.0,14.907038142857143,0.10653951392866638,0.10653951392866638,0.26713812963325007,10743.297441473771,41.37105037066
250.0,14.907038142857143,0.08415058832806764,0.08415058832806764,0.2908506631719483,8506.643773973958,43.268053053755864
255.0,14.907038142857143,0.06629083556055877,0.06629083556055877,0.3157639708823313,6722.454472499821,45.26111767058651
260.0,14.907038142857143,0.04927500533714971,0.04927500533714971,0.33226691594026997,5022.573033181256,46.5813532752216
265.0,14.907038142857143,0.034559948610326685,0.034559948610326685,0.33359113504568516,3552.5388661716356,46.68729080365481
270.0,14.907038142857143,0.02720076904840019,0.02720076904840019,0.3217968327172332,2817.356827935179,45.743746617378655
275.0,14.907038142857143,0.03337281054299057,0.03337281054299057,0.30825123896989975,3433.943773244758,44.66009911759198
280.0,14.907038142857143,0.05897260334788798,0.05897260334788798,0.30571644155214533,5991.36307445401,44.45731532417163
285.0,14.907038142857143,0.1083396932652174,0.1083396932652174,0.31937821652237525,10923.135357195219,45.55025732179002
290.0,14.907038142857143,0.18243284679683455,0.18243284679683455,0.3457347103456968,18325.041395003773,47.65877682765574
295.0,14.907038142857143,0.27793440797053126,0.27793440797053126,0.37880970486083937,27865.64735625607,50.304776388867154
300.0,14.907038142857143,0.3883415293427971,0.3883415293427971,0.41589993884978443,38895.31878134543,53.271995107982754
305.0,14.907038142857143,0.5054769310126365,0.5054769310126365,0.4576190933804712,50597.14540816238,56.6095274704377
310.0,14.907038142857143,0.6198620971016183,0.6198620971016183,0.503899139337272,62024.22350045167,60.31193114698176
315.0,14.907038142857143,0.7212731131027446,0.7212731131027446,0.5510950403464561,72155.18399896417,64.08760322771649
320.0,14.907038142857143,0.8009042860687119,0.8009042860687119,0.592960433484988,80110.33817826431,67.43683467879904
325.0,14.907038142857143,0.8531819300537974,0.8531819300537974,0.6235289939716704,85332.87481237436,69.88231951773363
330.0,14.907038142857143,0.8747738565940272,0.8747738565940272,0.6386821058146165,87489.90827374332,71.09456846516932
335.0,14.907038142857143,0.8624654406854066,0.8624654406854066,0.6362730252480583,86260.29752447213,70.90184201984466
340.0,14.907038142857143,0.8138838468303784,0.8138838468303784,0.616831804014868,81406.9962983548,69.34654432118944
345.0,14.907038142857143,0.7315218005197724,0.7315218005197724,0.5848387376107259,73179.02787192527,66.78709900885806
350.0,14.907038142857143,0.6257230273127421,0.6257230273127421,0.5479736401956463,62609.730428542935,63.83789121565171
355.0,14.907038142857143,0.5127603630987443,0.5127603630987443,0.5134170333881878,51324.760273564556,61.07336267105502
360.0,14.907038142857143,0.40906556428831664,0.40906556428831664,0.48424513307667333,40965.649872402835,58.73961064613387
365.0,14.907038142857143,0.32539290884585736,0.32539290884585736,0.45893048246642926,32606.751593701152,56.71443859731434
370.0,14.907038142857143,0.2633879428657431,0.2633879428657431,0.43288316447673997,26412.455492287732,54.6306531581392
375.0,14.907038142857143,0.21608191056725623,0.21608191056725623,0.39971034954688844,21686.582865668897,51.97682796375108
380.0,14.907038142857143,0.17332698739784502,0.17332698739784502,0.35299487791726336,17415.36604104472,48.239590233381065
385.0,14.907038142857143,0.12935867064393994,0.12935867064393994,0.2902195504603285,13022.931197329599,43.217564036826275
390.0,14.907038142857143,0.08614472979774909,0.08614472979774909,0.2164789532524756,8705.858506795134,37.318316260198046
395.0,14.907038142857143,0.049812115273641974,0.049812115273641974,0.14342463131942107,5076.230315836833,31.473970505553687
400.0,14.907038142857143,0.024625927701960374,0.024625927701960374,0.0830765718430621,2560.1301774258413,26.64612574744497
0.0,19.876050857142857,0.1969282780318041,0.1969282780318041,0.15795046528904083,19773.13497537723,32.63603722312327
5.0,19.876050857142857,0.2781004351370916,0.2781004351370916,0.23485802478525272,27882.23347019545,38.78864198282022
10.0,19.876050857142857,0.3385565314968321,0.3385565314968321,0.3087613389438734,33921.79749653353,44.70090711550988
15.0,19.876050857142857,0.3588869933967947,0.3588869933967947,0.3664438602800371,35952.81064033979,49.31550882240297
20.0,19.876050857142857,0.33729357456552816,0.33729357456552816,0.40371410829789,33795.62809909626,52.2971286638312
25.0,19.876050857142857,0.2906490630422083,0.2906490630422083,0.4263707204998247,29135.841397916607,54.109657639985976
30.0,19.876050857142857,0.24294169122099546,0.24294169122099546,0.4439540157868502,24369.874952977447,55.51632126294801
35.0,19.876050857142857,0.21124781804063944,0.21124781804063944,0.46274158544225724,21203.65702225988,57.01932683538058
40.0,19.876050857142857,0.20016104493546177,0.20016104493546177,0.48395267584917717,20096.08838905263,58.716214067934175
45.0,19.876050857142857,0.2056282509251789,0.2056282509251789,0.5062837345342367,20642.262267425373,60.50269876273894
50.0,19.876050857142857,0.22049609886716476,0.22049609886716476,0.5278555683429674,22127.560276829758,62.228445467437396
55.0,19.876050857142857,0.2366328690153735,0.2366328690153735,0.5459598223480984,23739.623614635813,63.67678578784787
60.0,19.876050857142857,0.24623345469372618,0.24623345469372618,0.5573236557397961,24698.722123903244,64.5858924591837
65.0,19.876050857142857,0.24508463453072069,0.24508463453072069,0.5601496289745186,24583.954989618996,64.81197031796148
70.0,19.876050857142857,0.23458803770218697,0.23458803770218697,0.5553384333072019,23535.34496644848,64.42707466457615
75.0,19.876050857142857,0.21947993514559241,0.21947993514559241,0.5451606910843106,22026.04552104468,63.61285528674485
80.0,19.876050857142857,0.2045361053690591,0.2045361053690591,0.5315429754380038,20533.156926369007,62.5234380350403
85.0,19.876050857142857,0.1942804230399779,0.1942804230399779,0.5161846868189074,19508.61426169379,61.29477494551259
90.0,19.876050857142857,0.19400280113749627,0.19400280113749627,0.501433457709495,19480.879833635878,60.114676616759596
95.0,19.876050857142857,0.20906890036227277,0.20906890036227277,0.4901777816912434,20985.98314619105,59.21422253529947
100.0,19.876050857142857,0.2434104340956321,0.2434104340956321,0.485057315487455,24416.702366153648,58.8045852389964
105.0,19.876050857142857,0.2980185006165066,0.2980185006165066,0.4876650552204353,29872.048211589008,59.013204417634824
110.0,19.876050857142857,0.3672376933219247,0.3672376933219247,0.49731380281890963,36787.04556286028,59.78510422551277
115.0,19.876050857142857,0.43406537156455716,0.43406537156455716,0.5096780516068903,43463.13061929926,60.774244128551224
120.0,19.876050857142857,0.4722610066911023,0.4722610066911023,0.5172209612211403,47278.87456844112,61.37767689769122
125.0,19.876050857142857,0.4594983752435272,0.4594983752435272,0.511995619298689,46003.88768682837,60.95964954389512
130.0,19.876050857142857,0.3927790025744336,0.3927790025744336,0.488351405999641,39338.622357185915,59.068112479971276
135.0,19.876050857142857,0.29191089082718175,0.29191089082718175,0.44351665822792,29261.897993635455,55.481332658233605
140.0,19.876050857142857,0.18741427741930175,0.18741427741930175,0.37770662258465415,18822.686314188246,50.21652980677233
145.0,19.876050857142857,0.1034801162494748,0.1034801162494748,0.29584002993959535,10437.663613322533,43.66720239516763
150.0,19.876050857142857,0.04896162421572343,0.04896162421572343,0.20877497752857832,4991.266259150771,36.70199820228626
155.0,19.876050857142857,0.019790415212666133,0.019790415212666133,0.13033629050568013,2077.0624797453465,30.42690324045441
160.0,19.876050857142857,0.006815953570556745,0.006815953570556745,0.07103004900309905,780.9137616986188,25.682403920247925
165.0,19.876050857142857,0.0020023806244811315,0.0020023806244811315,0.033820298962757296,300.03782438566503,22.705623917020585
170.0,19.876050857142857,0.0005421690997152106,0.0005421690997152106,0.01537744422790615,154.16269306154953,21.230195538232493
175.0,19.876050857142857,0.00033969684578235405,0.00033969684578235405,0.010887659136098102,133.93571489365718,20.87101273088785
180.0,19.876050857142857,0.001012587861349364,0.001012587861349364,0.018245502916131175,201.15752734880147,21.459640233290493
185.0,19.876050857142857,0.0035424176303115473,0.0035424176303115473,0.039025634499722385,453.8875212681236,23.12205075997779
190.0,19.876050857142857,0.01065099749062253,0.01065099749062253,0.07595678187462901,1164.0346493131906,26.07654254997032
195.0,19.876050857142857,0.027121964218579746,0.027121964218579746,0.12849994665711967,2809.4842254361165,30.279995732569574
200.0,19.876050857142857,0.05855595728322968,0.05855595728322968,0.1897814699660916,5949.740132594645,35.18251759728733
205.0,19.876050857142857,0.10741127056651813,0.10741127056651813,0.24792222742385148,10830.38592959516,39.83377819390812
210.0,19.876050857142857,0.1678162445921514,0.1678162445921514,0.2913193664594672,16864.842834755924,43.30554931675738
215.0,19.876050857142857,0.2239757361658266,0.2239757361658266,0.31378074974289727,22475.17604296608,45.102459979431785
220.0,19.876050857142857,0.25633547600315837,0.25633547600315837,0.3161267758815541,25707.91405271552,45.290142070524325
225.0,19.876050857142857,0.25308044987848644,0.25308044987848644,0.3046686780517367,25382.736942860796,44.37349424413894
230.0,19.876050857142857,0.2180541612099061,0.2180541612099061,0.2885482312726935,21883.610704869618,43.083858501815484
235.0,19.876050857142857,0.16797994271630862,0.16797994271630862,0.2766701798193662,16881.19627735923,42.13361438554929
240.0,19.876050857142857,0.12121156457427028,0.12121156457427028,0.27475935492604775,12209.035300969601,41.98074839408382
245.0,19.876050857142857,0.08743944666650875,0.08743944666650875,0.28405113728825876,8835.200721984225,42.724090983060705
250.0,19.876050857142857,0.06575499627472552,0.06575499627472552,0.3018500943160998,6668.924127845079,44.14800754528798
255.0,19.876050857142857,0.0503021439250765,0.0503021439250765,0.322181663897976,5125.1841781151425,45.77453311183808
260.0,19.876050857142857,0.0370283310005474,0.0370283310005474,0.3367642507470715,3799.1302669546853,46.94114005976572
265.0,19.876050857142857,0.02644137011849617,0.02644137011849617,0.3392748339245685,2741.4928748377674,47.14198671396548
270.0,19.876050857142857,0.022559284037380563,0.022559284037380563,0.3317372777628886,2353.6724753343183,46.53898222103109
275.0,19.876050857142857,0.031095258552408814,0.031095258552408814,0.3255202507207999,3206.4163293856404,46.04162005766399
280.0,19.876050857142857,0.05835864708074382,0.05835864708074382,0.33331753498708355,5930.028843366308,46.66540279896668
285.0,19.876050857142857,0.11000007922063842,0.11000007922063842,0.3596035527162113,11089.00791414178,48.76828421729691
290.0,19.876050857142857,0.18909582073290246,0.18909582073290246,0.3992692820758528,18990.672491216956,51.94154256606822
295.0,19.876050857142857,0.29474232381220233,0.29474232381220233,0.4444147738663821,29544.758148839013,55.55318190931057
300.0,19.876050857142857,0.4218135916534483,0.4218135916534483,0.4910655765583816,42239.17780617948,59.28524612467053
305.0,19.876050857142857,0.5607616390162178,0.5607616390162178,0.5395158893686155,56120.087737720154,63.16127114948924
310.0,19.876050857142857,0.6974892086283526,0.6974892086283526,0.58965419370464,69779.17194197242,67.1723354963712
315.0,19.876050857142857,0.815962280418146,0.815962280418146,0.6375484775227382,81614.63181377278,71.00387820181906
320.0,19.876050857142857,0.904000144669535,0.904000144669535,0.6770714891636687,90409.61445248655,74.16571913309349
325.0,19.876050857142857,0.9569753659858808,0.9569753659858808,0.703661630720772,95701.83906198949,76.29293045766175
330.0,19.876050857142857,0.9747503285279306,0.9747503285279306,0.7152850649867724,97477.55781994027,77.22280519894178
335.0,19.876050857142857,0.955640197223252,0.955640197223252,0.7108435808195003,95568.45570260288,76.86748646556002
340.0,19.876050857142857,0.8958861814485866,0.8958861814485866,0.6902715367419288,89599.0295267138,75.2217229393543
345.0,19.876050857142857,0.796360534450811,0.796360534450811,0.6569374367147782,79656.41739163602,72.55499493718226
350.0,19.876050857142857,0.668578962595087,0.668578962595087,0.617802880217588,66891.03836324919,69.42423041740705
355.0,19.876050857142857,0.532558593877832,0.532558593877832,0.5791805008696456,53302.60352839542,66.33444006957164
360.0,19.876050857142857,0.4083746007504222,0.4083746007504222,0.5426780845746387,40896.62261496718,63.4142467659711
365.0,19.876050857142857,0.3085908909616721,0.3085908909616721,0.5059660168049441,30928.23000707104,60.47728134439553
370.0,19.876050857142857,0.2354396635018822,0.2354396635018822,0.46604174199039167,23620.42238383803,57.283339359231334
375.0,19.876050857142857,0.18253518136427854,0.18253518136427854,0.420126665647276,18335.264618291425,53.61013325178208
380.0,19.876050857142857,0.14016412413274645,0.14016412413274645,0.36486936822603144,14102.39600086137,49.18954945808252
385.0,19.876050857142857,0.101701413673051,0.101701413673051,0.29812157269288014,10259.971225937794,43.84972581543041
390.0,19.876050857142857,0.06663996921655593,0.06663996921655593,0.22302479432871639,6757.332924733938,37.841983546297314
395.0,19.876050857142857,0.03819986705416219,0.03819986705416219,0.1490488806651261,3916.1667187108023,31.923910453210087
400.0,19.876050857142857,0.018799654803782085,0.018799654803782085,0.0873091376174204,1978.0855148978303,26.984731009393634
0.0,24.845063571428575,0.19866629842839797,0.19866629842839797,0.16639551920503884,19946.763212996957,33.31164153640311
5.0,24.845063571428575,0.27417840592420584,0.27417840592420584,0.2460701235712248,27490.422751828162,39.685609885697986
10.0,24.845063571428575,0.32384189347777415,0.32384189347777415,0.3209648686438912,32451.805158429637,45.67718949151129
15.0,24.845063571428575,0.33008186507925713,0.33008186507925713,0.3762882985273669,33075.178321417785,50.10306388218935
20.0,24.845063571428575,0.29485406363928823,0.29485406363928823,0.40650547709432944,29555.920957564893,52.52043816754635
25.0,24.845063571428575,0.23801056940877416,0.23801056940877416,0.41693607781635134,23877.255883936537,53.35488622530811
30.0,24.845063571428575,0.1838751502805017,0.1838751502805017,0.4184669482759236,18469.12751302212,53.47735586207389
35.0,24.845063571428575,0.1479457378396783,0.1479457378396783,0.42105554870778383,14879.779210183862,53.68444389662271
40.0,24.845063571428575,0.133199761137288,0.133199761137288,0.43105710299994665,13406.65613761507,54.48456823999573
45.0,24.845063571428575,0.13479815901131664,0.13479815901131664,0.45174532801470824,13566.336085230532,56.13962624117666
50.0,24.845063571428575,0.14558400459329704,0.14558400459329704,0.4832402485966286,14643.842058870374,58.65921988773029
55.0,24.845063571428575,0.15824678205947132,0.15824678205947132,0.5208862383795679,15908.853527741185,61.67089907036544
60.0,24.845063571428575,0.16637469578954645,0.16637469578954645,0.5551243759464106,16720.83210937569,64.40995007571286
65.0,24.845063571428575,0.16662118559695874,0.16662118559695874,0.5751568866583805,16745.45644113618,66.01255093267044
70.0,24.845063571428575,0.15987279037546878,0.15987279037546878,0.5743850496985032,16071.291758509331,65.95080397588026
75.0,24.845063571428575,0.14944657502094352,0.14944657502094352,0.5536026755358489,15029.712844592257,64.2882140428679
80.0,24.845063571428575,0.13876280248863732,0.13876280248863732,0.5202186657371634,13962.403968614868,61.61749325897307
85.0,24.845063571428575,0.13136210364823359,0.13136210364823359,0.4847920039180768,13223.074154458534,58.783360313446146
90.0,24.845063571428575,0.13202174752533088,0.13202174752533088,0.4570854659587776,13288.972577780556,56.56683727670221
95.0,24.845063571428575,0.14653283190902772,0.14653283190902772,0.4432973301385059,14738.62990771187,55.46378641108048
100.0,24.845063571428575,0.18018252014552347,0.18018252014552347,0.44507902401683147,18100.233762537795,55.60632192134652
105.0,24.845063571428575,0.23520409908313009,0.23520409908313009,0.45985554513035315,23596.889498404696,56.78844361042825
110.0,24.845063571428575,0.30625880353194784,0.30625880353194784,0.48174431700161036,30695.25447284159,58.53954536012883
115.0,24.845063571428575,0.37628614437454094,0.37628614437454094,0.5029863196643448,37690.98582301664,60.23890557314758
120.0,24.845063571428575,0.41951045162606443,0.41951045162606443,0.5158160813121488,42009.094117443834,61.26528650497191
125.0,24.845063571428575,0.41429466311010005,0.41429466311010005,0.5138179213245135,41488.036844698996,61.10543370596108
130.0,24.845063571428575,0.35742545875923476,0.35742545875923476,0.49198490497751135,35806.80333004755,59.358792398200904
135.0,24.845063571428575,0.2672031304744482,0.2672031304744482,0.4467151711493805,26793.592734397378,55.73721369195044
140.0,24.845063571428575,0.1721872251919539,0.1721872251919539,0.3778347296432161,17301.503796676196,50.226778371457286
145.0,24.845063571428575,0.09527303512893241,0.09527303512893241,0.2918024690501142,9617.776209380349,43.34419752400913
150.0,24.845063571428575,0.04511655392059172,0.04511655392059172,0.20192672915792415,4607.1437366671125,36.154138332633934
155.0,24.845063571428575,0.01823307308613634,0.01823307308613634,0.12328102228368744,1921.4840013050205,29.862481782694996
160.0,24.845063571428575,0.0062736053180275754,0.0062736053180275754,0.06572770668851693,726.7331712709548,25.258216535081353
165.0,24.845063571428575,0.001841215896684145,0.001841215896684145,0.030762727407118273,283.93746807874606,22.461018192569462
170.0,24.845063571428575,0.0005039501789702373,0.0005039501789702373,0.01404357574166587,150.3446228791267,21.12348605933327
175.0,24.845063571428575,0.0003444748302612545,0.0003444748302612545,0.010602374504154079,134.41303554309934,20.848189960332327
180.0,24.845063571428575,0.0010653586484907953,0.0010653586484907953,0.01879910760992004,206.42932898423044,21.503928608793604
185.0,24.845063571428575,0.0037198735629757553,0.0037198735629757553,0.041027268153829975,471.61536894127795,23.282181452306396
190.0,24.845063571428575,0.011118392671428206,0.011118392671428206,0.08099637943987235,1210.7274278756777,26.479710355189788
195.0,24.845063571428575,0.028079565582237218,0.028079565582237218,0.13885192302269883,2905.148601665498,31.108153841815906
200.0,24.845063571428575,0.05996102053912692,0.05996102053912692,0.20731434044571143,6090.105951858779,36.58514723565692
205.0,24.845063571428575,0.10843202397975538,0.10843202397975538,0.2725919596264041,10932.359195577563,41.80735677011233
210.0,24.845063571428575,0.16638319246785094,0.16638319246785094,0.3205346679373142,16721.68092753831,45.64277343498514
215.0,24.845063571428575,0.2171694052736325,0.2171694052736325,0.3436115866000233,21795.223586835884,47.48892692800186
220.0,24.845063571428575,0.24192174088214696,0.24192174088214696,0.3434900465518114,24267.98191412648,47.47920372414491
225.0,24.845063571428575,0.23121140988979672,0.23121140988979672,0.328285850267809,23198.01984799069,46.26286802142472
230.0,24.845063571428575,0.1914626718452955,0.1914626718452955,0.3076775182636335,19227.12091734502,44.61420146109068
235.0,24.845063571428575,0.1402664285762157,0.1402664285762157,0.28922694711242886,14112.61621476395,43.13815576899431
240.0,24.845063571428575,0.09486410869309227,0.09486410869309227,0.2771563980627159,9576.924458439917,42.17251184501727
245.0,24.845063571428575,0.0634140927178631,0.0634140927178631,0.27303033501697294,6435.067862514523,41.84242680135783
250.0,24.845063571428575,0.04449359132257785,0.04449359132257785,0.27653267701752077,4544.909773125528,42.12261416140166
255.0,24.845063571428575,0.03256669272291824,0.03256669272291824,0.2848433207234504,3353.412603019532,42.787465657876034
260.0,24.845063571428575,0.023594966181541017,0.023594966181541017,0.2922897390108671,2457.1371215359477,43.383179120869364
265.0,24.845063571428575,0.017226766897183936,0.017226766897183936,0.2938520044600331,1820.9540130286753,43.50816035680265
270.0,24.845063571428575,0.016164036815405437,0.016164036815405437,0.29129463838192643,1714.787277859003,43.30357107055411
275.0,24.845063571428575,0.02504417093397361,0.02504417093397361,0.2946004425005778,2601.912676303964,43.56803540004623
280.0,24.845063571428575,0.049825792946364154,0.049825792946364154,0.3149378009644908,5077.596715341779,45.19502407715926
285.0,24.845063571428575,0.0969733121212888,0.0969733121212888,0.35565773152257635,9787.633880916752,48.45261852180611
290.0,24.845063571428575,0.17192229750707347,0.17192229750707347,0.41046250545213386,17275.03752095664,52.83700043617071
295.0,24.845063571428575,0.27725670690843507,0.27725670690843507,0.46964184139737064,27797.945020152663,57.57134731178965
300.0,24.845063571428575,0.41066525459481007,0.41066525459481007,0.5272093189450682,41125.458934021524,62.176745515605454
305.0,24.845063571428575,0.5624329133509458,0.5624329133509458,0.582197717646096,56287.04804375949,66.57581741168768
310.0,24.845063571428575,0.7145602782379071,0.7145602782379071,0.6343037382620025,71484.57179596693,70.7442990609602
315.0,24.845063571428575,0.8453661169628915,0.8453661169628915,0.6800956697608452,84552.07508459287,74.40765358086762
320.0,24.845063571428575,0.9386995423991806,0.9386995423991806,0.714422296599042,93876.08428567814,77.15378372792335
325.0,24.845063571428575,0.9895826191947883,0.9895826191947883,0.734246551872765,98959.30365755934,78.7397241498212
330.0,24.845063571428575,1.0,1.0,0.739251678991555,100000.0,79.1401343193244
335.0,24.845063571428575,0.970215301190123,0.970215301190123,0.7294649696408411,97024.50858889328,78.35719757126728
340.0,24.845063571428575,0.8971542914677515,0.8971542914677515,0.7050802398637809,89725.71371762837,76.40641918910248
345.0,24.845063571428575,0.7823803856780162,0.7823803856780162,0.6692546085966724,78259.80052923382,73.54036868773379
350.0,24.845063571428575,0.6394729028480883,0.6394729028480883,0.6283262918310597,63983.34299452403,70.26610334648478
355.0,24.845063571428575,0.4912472031954085,0.4912472031954085,0.5870781592733472,49175.595599221306,66.96625274186778
360.0,24.845063571428575,0.3594257209392369,0.3594257209392369,0.5449625646796418,36006.62952182977,63.59700517437134
365.0,24.845063571428575,0.2562866059072823,0.2562866059072823,0.49863667485371055,25703.031930137502,59.890933988296844
370.0,24.845063571428575,0.1830271780544551,0.1830271780544551,0.44692401519235725,18384.415087640064,55.75392121538858
375.0,24.845063571428575,0.13300856008269205,0.13300856008269205,0.39119681490844654,13387.555152260935,51.295745192675724
380.0,24.845063571428575,0.09696325866796922,0.09696325866796922,0.3318960188398266,9786.629540930126,46.55168150718613
385.0,24.845063571428575,0.06795859034521544,0.06795859034521544,0.26780037203915397,6889.063175487022,41.42402976313232
390.0,24.845063571428575,0.043636012342860665,0.043636012342860665,0.19987565229970405,4459.237633051781,35.990052183976324
395.0,24.845063571428575,0.024739753069626932,0.024739753069626932,0.13416345915251784,2571.5013316557306,30.733076732201425
400.0,24.845063571428575,0.012105656967803337,0.012105656967803337,0.07918490859766641,1309.3551310835533,26.334792687813312
0.0,29.814076285714286,0.19210375416362144,0.19210375416362144,0.16841884103256122,19291.165040945783,33.4735072826049
5.0,29.814076285714286,0.2608579577501691,0.2608579577501691,0.24938432032405006,26159.709979241896,39.950745625924
10.0,29.814076285714286,0.3010223128379524,0.3010223128379524,0.3247310778488098,30172.129052511442,45.97848622790478
15.0,29.814076285714286,0.2968588809753617,0.2968588809753617,0.377637603621134,29756.202209438638,50.211008289690724
20.0,29.814076285714286,0.2529410713087587,0.2529410713087587,0.40016601362520654,25368.813023744995,52.01328109001652
25.0,29.814076285714286,0.19064439072807904,0.19064439072807904,0.39644096799405387,19145.374633735097,51.715277439524314
30.0,29.814076285714286,0.13370233378607857,0.13370233378607857,0.3789763303826813,13456.863145229248,50.318106430614506
35.0,29.814076285714286,0.09577232834155334,0.09577232834155334,0.3623094092075488,9667.65560132118,48.9847527366039
40.0,29.814076285714286,0.07827645937900898,0.07827645937900898,0.3586268791931638,7919.818291962997,48.6901503354531
45.0,29.814076285714286,0.07578596538821458,0.07578596538821458,0.37603874315353353,7671.017942282637,50.08309945228268
50.0,29.814076285714286,0.08150891496157335,0.08150891496157335,0.41679609413875146,8242.740604661178,53.343687531100116
55.0,29.814076285714286,0.08942840727520658,0.08942840727520658,0.47426823063790474,9033.897886793138,57.94145845103238
60.0,29.814076285714286,0.0948919641151083,0.0948919641151083,0.5319560854169291,9579.707215099319,62.55648683335433
65.0,29.814076285714286,0.09558471743974685,0.09558471743974685,0.5688321800829789,9648.91327223071,65.50657440663831
70.0,29.814076285714286,0.0919340664444546,0.0919340664444546,0.5699925017982403,9284.213237801016,65.59940014385923
75.0,29.814076285714286,0.08588977637977953,0.08588977637977953,0.5353508232412157,8680.388660339975,62.82806585929726
80.0,29.814076285714286,0.07955617287662688,0.07955617287662688,0.4795669167745465,8047.661670375025,58.36535334196372
85.0,29.814076285714286,0.07538402145809245,0.07538402145809245,0.4236415645400845,7630.863743663435,53.89132516320676
90.0,29.814076285714286,0.07717037790838331,0.07717037790838331,0.38488719399929205,7809.320753047493,50.790975519943366
95.0,29.814076285714286,0.09021874523112375,0.09021874523112375,0.37141095668498514,9112.852648589262,49.71287653479881
100.0,29.814076285714286,0.12018024362463385,0.12018024362463385,0.3820589227901488,12106.006338100922,50.5647138232119
105.0,29.814076285714286,0.17023654968735796,0.17023654968735796,0.40920093336183416,17106.631313767062,52.736074668946735
110.0,29.814076285714286,0.23630913113438154,0.23630913113438154,0.44219734335441135,23707.282200324717,55.37578746835291
115.0,29.814076285714286,0.3031377251203894,0.3031377251203894,0.47083832577223483,30383.4587395269,57.66706606177878
120.0,29.814076285714286,0.3471980300291735,0.3471980300291735,0.4877082233605626,34785.08319991443,59.01665786884501
125.0,29.814076285714286,0.3484374630556244,0.3484374630556244,0.48802316767176473,34908.90255925688,59.04185341374118
130.0,29.814076285714286,0.30326820778985014,0.30326820778985014,0.46766923850991043,30396.49395820603,57.41353908079284
135.0,29.814076285714286,0.227556977620826,0.227556977620826,0.42291871435800743,22832.942064320516,53.833497148640596
140.0,29.814076285714286,0.14662295016555021,0.14662295016555021,0.35387864511965944,14747.632721538466,48.31029160957276
145.0,29.814076285714286,0.08088297356685228,0.08088297356685228,0.26847661697095293,8180.209059328543,41.47812935767624
150.0,29.814076285714286,0.03810266729906962,0.03810266729906962,0.18152308352255578,3906.4564631770554,34.52184668180446
155.0,29.814076285714286,0.015294343239536502,0.015294343239536502,0.10805959973620718,1627.9048896296965,28.644767978896574
160.0,29.814076285714286,0.005221669713365728,0.005221669713365728,0.05637880815657063,621.6448043652363,24.51030465252565
165.0,29.814076285714286,0.0015209077450892808,0.0015209077450892808,0.02624498489302637,251.93868373441916,22.09959879144211
170.0,29.814076285714286,0.0004200772130762953,0.0004200772130762953,0.012550967030439368,141.9657135863219,21.00407736243515
175.0,29.814076285714286,0.00031943067410956396,0.00031943067410956396,0.010580318805464065,131.91112434354545,20.846425504437125
180.0,29.814076285714286,0.0010312055031803447,0.0010312055031803447,0.019423611223396555,203.01742976771644,21.553888897871726
185.0,29.814076285714286,0.003603569394844172,0.003603569394844172,0.04229499094129967,459.9965825449328,23.383599275303972
190.0,29.814076285714286,0.010740360023102826,0.010740360023102826,0.08369898910229678,1172.9619663079723,26.695919128183743
195.0,29.814076285714286,0.02700125922343589,0.02700125922343589,0.14434301838894442,2797.4257964212456,31.547441471115555
200.0,29.814076285714286,0.057271845706192384,0.057271845706192384,0.2168002605899467,5821.457386048619,37.344020847195736
205.0,29.814076285714286,0.10259155930706271,0.10259155930706271,0.28617539451359986,10348.896774775565,42.894031561087985
210.0,29.814076285714286,0.15540178917099945,0.15540178917099945,0.3369097033034843,15624.638738182844,46.95277626427874
215.0,29.814076285714286,0.199396466225586,0.199396466225586,0.36093548250559626,20019.706975936042,48.8748386004477
220.0,29.814076285714286,0.21724149146236932,0.21724149146236932,0.36047335905508066,21802.424997090697,48.83786872440645
225.0,29.814076285714286,0.20174635971919003,0.20174635971919003,0.3438901569264453,20254.461335947082,47.51121255411562
230.0,29.814076285714286,0.16087091330809516,0.16087091330809516,0.31943214760425087,16171.004239478707,45.55457180834007
235.0,29.814076285714286,0.11189674417158084,0.11189674417158084,0.29227690076051555,11278.484742740926,43.38215206084124
240.0,29.814076285714286,0.07029373557755053,0.07029373557755053,0.26569143624634906,7122.344184197298,41.255314899707926
245.0,29.814076285714286,0.04257792487899291,0.04257792487899291,0.2430644422113436,4353.534695411392,39.445155376907486
250.0,29.814076285714286,0.026929766438383306,0.026929766438383306,0.22770005519445846,2790.2836671944924,38.216004415556675
255.0,29.814076285714286,0.018289239286008906,0.018289239286008906,0.22040323048560784,1927.0950046722896,37.63225843884862
260.0,29.814076285714286,0.012840370201472901,0.012840370201472901,0.2181698246041049,1382.752983127143,37.45358596832839
265.0,29.814076285714286,0.009609574027944321,0.009609574027944321,0.21723431116870226,1059.9964453916377,37.378744893496176
270.0,29.814076285714286,0.010080252140242293,0.010080252140242293,0.21871805998026703,1107.017188810205,37.49744479842136
275.0,29.814076285714286,0.01760295232475733,0.01760295232475733,0.23043726619445337,1858.5349372432572,38.43498129555627
280.0,29.814076285714286,0.03727939976992742,0.03727939976992742,0.26151764635307384,3824.212037015749,40.921411708245905
285.0,29.814076285714286,0.07580425461215731,0.07580425461215731,0.314617778284062,7672.845035754515,45.169422262724964
290.0,29.814076285714286,0.14058575733616316,0.14058575733616316,0.3833212221499198,14144.5171578827,50.665697771993585
295.0,29.814076285714286,0.23766844524983452,0.23766844524983452,0.456671697943413,23843.077680458468,56.53373583547304
300.0,29.814076285714286,0.3679561844670598,0.3679561844670598,0.5259950711892303,36858.822828259275,62.079605695138426
305.0,29.814076285714286,0.5225121900747379,0.5225121900747379,0.5877166340168393,52298.96778846632,67.01733072134715
310.0,29.814076285714286,0.6809461427117023,0.6809461427117023,0.6406533662118272,68126.51965689907,71.25226929694618
315.0,29.814076285714286,0.8174341860560654,0.8174341860560654,0.6824242685428958,81761.67518700093,74.59394148343166
320.0,29.814076285714286,0.9122244634147401,0.9122244634147401,0.7097757762759064,91231.22389513253,76.7820621020725
325.0,29.814076285714286,0.9587446417534827,0.9587446417534827,0.7213053057437128,95878.58971117293,77.70442445949702
330.0,29.814076285714286,0.9595153554410837,0.9595153554410837,0.7177786316783841,95955.58400856426,77.42229053427073
335.0,29.814076285714286,0.9168685783731544,0.9168685783731544,0.7001130647654119,91695.17097947812,76.00904518123295
340.0,29.814076285714286,0.8306552439731917,0.8306552439731917,0.669495361698078,83082.45887292185,73.55962893584623
345.0,29.814076285714286,0.705522373304722,0.705522373304722,0.6298722618336551,70581.68509314173,70.38978094669241
350.0,29.814076285714286,0.5574268457022838,0.5574268457022838,0.5873915337660732,55786.941885658154,66.99132270128587
355.0,29.814076285714286,0.4100245126612698,0.4100245126612698,0.5452489383193884,41061.44881486086,63.61991506555107
360.0,29.814076285714286,0.28402523176883376,0.28402523176883376,0.5006497966546105,28474.120653706494,60.05198373236884
365.0,29.814076285714286,0.18944198825405106,0.18944198825405106,0.4490307467056684,19025.254626579703,55.92245973645347
370.0,29.814076285714286,0.12535895753762888,0.12535895753762888,0.3903923080515778,12623.359858009126,51.23138464412622
375.0,29.814076285714286,0.08439047929004699,0.08439047929004699,0.3294508385738991,8530.608881075694,46.35606708591193
380.0,29.814076285714286,0.057723832286265965,0.057723832286265965,0.2702253121998083,5866.61084539797,41.61802497598466
385.0,29.814076285714286,0.03872364263391979,0.03872364263391979,0.21299742039916372,3968.4918991285867,37.039793631933094
390.0,29.814076285714286,0.024226023008787297,0.024226023008787297,0.15719115921433202,2520.179698577851,32.57529273714656
395.0,29.814076285714286,0.013542093206670977,0.013542093206670977,0.1052868595319445,1452.8551113464307,28.42294876255556
400.0,29.814076285714286,0.00657773312889408,0.00657773312889408,0.062325702918417464,757.1155395765186,24.9860562334734
0.0,34.783089,0.18508818677994163,0.18508818677994163,0.16795294606994862,18590.30985931617,33.43623568559589
5.0,34.783089,0.24903117581196998,0.24903117581196998,0.2495219495399965,24978.2144636158,39.96175596319972
10.0,34.783089,0.2832018487466484,0.2832018487466484,0.325088525605096,28391.864689790174,46.00708204840768
15.0,34.783089,0.2730172632281351,0.2730172632281351,0.3761331223081758,27374.424596490695,50.09064978465406
20.0,34.783089,0.2244703298537608,0.2244703298537608,0.3927487772039103,22524.585952390706,51.419902176312824
25.0,34.783089,0.15960471249992766,0.15960471249992766,0.37830609083035,16044.510778742773,50.264487266428
30.0,34.783089,0.10155600646500458,0.10155600646500458,0.34686561484029993,10245.445045853958,47.749249187223995
35.0,34.783089,0.06266691840782196,0.06266691840782196,0.3163402359894362,6360.425148941414,45.3072188791549
40.0,34.783089,0.04326844928142318,0.04326844928142318,0.30257610848293615,4422.518083214175,44.20608867863489
45.0,34.783089,0.03753692565583881,0.03753692565583881,0.3165226500762065,3849.9388730182973,45.32181200609652
50.0,34.783089,0.03905789255951783,0.03905789255951783,0.3619816297443826,4001.8834666958314,48.95853037955061
55.0,34.783089,0.04294338559739408,0.04294338559739408,0.43152491347565025,4390.044221179669,54.52199307805202
60.0,34.783089,0.04597748543927499,0.04597748543927499,0.5040729332155963,4693.150795383572,60.325834657247704
65.0,34.783089,0.04665005549691233,0.04665005549691233,0.5510181274727217,4760.340544141542,64.08145019781773
70.0,34.783089,0.045038856531165926,0.045038856531165926,0.551232133561986,4599.381767463476,64.09857068495887
75.0,34.783089,0.04208164864275638,0.04208164864275638,0.5045848858151035,4303.956699411363,60.36679086520828
80.0,34.783089,0.03891843586379664,0.03891843586379664,0.43234659981641865,3987.951742793284,54.58772798531349
85.0,34.783089,0.03712739159313075,0.03712739159313075,0.3640962202369177,3809.0264201537616,49.12769761895341
90.0,34.783089,0.03949940816677968,0.03949940816677968,0.32205874400079226,4045.99087586129,45.76469952006338
95.0,34.783089,0.05042884854921366,0.05042884854921366,0.31348538029236306,5137.841970066444,45.07883042338904
100.0,34.783089,0.07524827896597301,0.07524827896597301,0.3326514735465566,7617.303068700704,46.61211788372453
105.0,34.783089,0.117700463287198,0.117700463287198,0.3672448685437254,11858.276282391082,49.37958948349803
110.0,34.783089,0.17530463937634125,0.17530463937634125,0.4042513372319424,17612.933473696492,52.34010697855539
115.0,34.783089,0.23542186936099696,0.23542186936099696,0.43369082666975467,23618.644749163595,54.695266133580375
120.0,34.783089,0.27745494164710727,0.27745494164710727,0.44979117668232055,27817.748670546014,55.98329413458564
125.0,34.783089,0.2831541913173543,0.2831541913173543,0.44931898256086455,28387.103712603697,55.945518604869164
130.0,34.783089,0.24848769076566637,0.24848769076566637,0.42884766556944265,24923.920307490072,54.30781324555541
135.0,34.783089,0.18676400290191517,0.18676400290191517,0.38485123272846117,18757.723889901325,50.78809861827689
140.0,34.783089,0.11990772217465531,0.11990772217465531,0.31796933542873457,12078.781445248065,45.437546834298765
145.0,34.783089,0.06563269110805992,0.06563269110805992,0.23701595261674957,6656.705841695186,38.961276209339964
150.0,34.783089,0.030579016621599106,0.030579016621599106,0.15707285211840388,3154.8437604977507,32.56582816947231
155.0,34.783089,0.012110760541926951,0.012110760541926951,0.09209127872950011,1309.8649781385025,27.36730229836001
160.0,34.783089,0.0040733674491122635,0.0040733674491122635,0.04840338810122783,506.9294081663151,23.872271048098227
165.0,34.783089,0.0011692290457282445,0.0011692290457282445,0.02418774391872616,216.8059816682516,21.935019513498094
170.0,34.783089,0.00032697268881354063,0.00032697268881354063,0.01392102273690031,132.6645716124727,21.113681818952024
175.0,34.783089,0.00028768156175655677,0.00028768156175655677,0.013499157060629322,128.73938801948003,21.079932564850345
180.0,34.783089,0.0009753816463675323,0.0009753816463675323,0.02300888372781805,197.4406264721165,21.840710698225443
185.0,34.783089,0.00341358997272768,0.00341358997272768,0.046497736449962954,441.01763827549524,23.71981891599704
190.0,34.783089,0.010162038110335229,0.010162038110335229,0.08892312577035082,1115.1876072224893,27.113850061628064
195.0,34.783089,0.025499695562613535,0.025499695562613535,0.15104588149893378,2647.419586705092,32.083670519914705
200.0,34.783089,0.05392317427087716,0.05392317427087716,0.22512772037711154,5486.925109660629,38.010217630168924
205.0,34.783089,0.0961282758305036,0.0961282758305036,0.2957949280839718,9703.214755467308,43.66359424671774
210.0,34.783089,0.1445492907934049,0.1445492907934049,0.34729391331150344,14540.474150261149,47.78351306492027
215.0,34.783089,0.18350551427336156,0.18350551427336156,0.3718907511696872,18432.20087590882,49.75126009357497
220.0,34.783089,0.1969361459853398,0.1969361459853398,0.37203664696726163,19773.920983935444,49.762931757380926
225.0,34.783089,0.17906206794085625,0.17906206794085625,0.35504785658279436,17988.30058729154,48.40382852662355
230.0,34.783089,0.13852944171193116,0.13852944171193116,0.3266557279492813,13939.091227021923,46.13245823594251
235.0,34.783089,0.0920637565651314,0.0920637565651314,0.2897583112254587,9297.169280856626,43.180664898036696
240.0,34.783089,0.05376454688794874,0.05376454688794874,0.24773437099105386,5471.078234106079,39.81874967928431
245.0,34.783089,0.029019635554733803,0.029019635554733803,0.20675560076986157,2999.0615919179068,36.540448061588926
250.0,34.783089,0.0157794449005633,0.0157794449005633,0.17379958664434164,1676.3665455662738,33.90396693154733
255.0,34.783089,0.009347741913861028,0.009347741913861028,0.15253055230644266,1033.8394171947166,32.202444184515414
260.0,34.783089,0.006098810786386938,0.006098810786386938,0.14165222054406343,709.271197560055,31.332177643525075
265.0,34.783089,0.0046470057180210194,0.0046470057180210194,0.1379787407599518,564.2358712302998,31.038299260796144
270.0,34.783089,0.005552749317723001,0.005552749317723001,0.14167466960757136,654.7196568405278,31.333973568605707
275.0,34.783089,0.011021758804772585,0.011021758804772585,0.158369690207619,1201.0737045967812,32.66957521660952
280.0,34.783089,0.025152658395891394,0.025152658395891394,0.19551825677436832,2612.7505737495503,35.64146054194946
285.0,34.783089,0.05438180401850762,0.05438180401850762,0.25601164824350947,5532.742221448911,40.48093185948076
290.0,34.783089,0.10725297792226876,0.10725297792226876,0.33458252490857493,10814.57249443465,46.76660199268599
295.0,34.783089,0.19226196691742173,0.19226196691742173,0.4198712253628222,19306.97049505043,53.589698029025776
300.0,34.783089,0.3128560023875623,0.3128560023875623,0.5001946079192865,31354.314638517473,60.01556863354292
305.0,34.783089,0.4612132997259332,0.4612132997259332,0.5680987998338405,46175.20864262073,65.44790398670725
310.0,34.783089,0.6161459866953294,0.6161459866953294,0.6204869289434014,61652.98407086341,69.63895431547212
315.0,34.783089,0.7498388067240127,0.7498388067240127,0.6561521111833175,75008.89679172887,72.4921688946654
320.0,34.783089,0.8403093226143672,0.8403093226143672,0.6746319128400332,84046.90132917528,73.97055302720266
325.0,34.783089,0.8792592107808535,0.8792592107808535,0.6767320602460623,87937.99515700726,74.13856481968497
330.0,34.783089,0.8689637111428203,0.8689637111428203,0.6641823165487936,86909.47474316775,73.13458532390348
335.0,34.783089,0.8139721902942951,0.8139721902942951,0.6385708150940119,81415.82181040008,71.08566520752095
340.0,34.783089,0.7184325376885604,0.7184325376885604,0.6022596504021288,71871.41051508719,68.1807720321703
345.0,34.783089,0.5910966604991481,0.5910966604991481,0.5603976808444056,59150.556383864896,64.83181446755245
350.0,34.783089,0.44937166142749435,0.44937166142749435,0.5192921919320201,44992.22897660668,61.54337535456161
355.0,34.783089,0.31515708274093057,0.31515708274093057,0.4808080847610015,31584.192565818965,58.46464678088012
360.0,34.783089,0.20561875479469813,0.20561875479469813,0.43985863666195546,20641.313603990344,55.18869093295643
365.0,34.783089,0.12730418149620792,0.12730418149620792,0.3898182581107182,12817.687731471171,51.18546064885746
370.0,34.783089,0.07715399585659989,0.07715399585659989,0.3302305359957636,7807.684186074329,46.418442879661086
375.0,34.783089,0.04735827171070458,0.04735827171070458,0.26766838393188386,4831.0913438993875,41.41347071455071
380.0,34.783089,0.029879321788364978,0.029879321788364978,0.2094377564362918,3084.944246657661,36.75502051490334
385.0,34.783089,0.018923368364178877,0.018923368364178877,0.15831397001505898,1990.44449958147,32.66511760120472
390.0,34.783089,0.011435449324816743,0.011435449324816743,0.11356820014562864,1242.4013875491926,29.085456011650294
395.0,34.783089,0.006273193507551329,0.006273193507551329,0.07497677662370855,726.6920314043778,25.998142129896685
400.0,34.783089,0.003017631606221685,0.003017631606221685,0.044178080396162535,401.4613974615463,23.534246431693003
0.0,39.752101714285715,0.1812669611665194,0.1812669611665194,0.16652976660397278,18208.56942053529,33.322381328317825
5.0,39.752101714285715,0.2428278732185932,0.2428278732185932,0.2475074440069597,24358.50453453746,39.800595520556776
10.0,39.752101714285715,0.2740719638084814,0.2740719638084814,0.3221312902293253,27479.789184467296,45.77050321834602
15.0,39.752101714285715,0.2609435978457431,0.2609435978457431,0.3716271524458549,26168.265424789737,49.730172195668395
20.0,39.752101714285715,0.21011281714018637,0.21011281714018637,0.3861858475603844,21090.27043230462,50.89486780483075
25.0,39.752101714285715,0.14396398641091207,0.14396398641091207,0.3698709936811121,14482.002242450117,49.58967949448897
30.0,39.752101714285715,0.08534411570415411,0.08534411570415411,0.33751333339120726,8625.877158844996,47.001066671296584
35.0,39.752101714285715,0.04590666884580111,0.04590666884580111,0.30680181646083415,4686.07621769553,44.54414531686673
40.0,39.752101714285715,0.025371581489965503,0.025371581489965503,0.29213175736190744,2634.620990847554,43.37054058895259
45.0,39.752101714285715,0.017687458039559678,0.017687458039559678,0.30322244383397146,1866.9770581520118,44.25779550671771
50.0,39.752101714285715,0.016700655713912663,0.016700655713912663,0.34448108531924104,1768.395505819875,47.55848682553928
55.0,39.752101714285715,0.01824859108815606,0.01824859108815606,0.410397648664572,1923.0342497067904,52.831811893165764
60.0,39.752101714285715,0.01997108013198578,0.01997108013198578,0.48077946100567753,2095.110905185379,58.4623568804542
65.0,39.752101714285715,0.020755331079393688,0.020755331079393688,0.5256820988851132,2173.4575748314296,62.054567910809055
70.0,39.752101714285715,0.02036116710419576,0.02036116710419576,0.5221653503731671,2134.0805937091563,61.77322802985337
75.0,39.752101714285715,0.01906964688324861,0.01906964688324861,0.4706745335170837,2005.057723636536,57.6539626813667
80.0,39.752101714285715,0.017476095545334514,0.017476095545334514,0.3960495509958204,1845.861944978918,51.68396407966563
85.0,39.752101714285715,0.01667441269130948,0.01667441269130948,0.3316499745942576,1765.7738278618172,46.531997967540605
90.0,39.752101714285715,0.01874119201782944,0.01874119201782944,0.2998697946883841,1972.2450825811611,43.989583575070725
95.0,39.752101714285715,0.027159659564595456,0.027159659564595456,0.303313882585312,2813.249990503086,44.26511060682496
100.0,39.752101714285715,0.046566057073106626,0.046566057073106626,0.3297117164147556,4751.949101603352,46.37693731318045
105.0,39.752101714285715,0.08076833327577927,0.08076833327577927,0.36296911528924514,8168.7564942503495,49.037529223139614
110.0,39.752101714285715,0.12861495930285932,0.12861495930285932,0.3913142394339376,12948.634434355647,51.30513915471501
115.0,39.752101714285715,0.18013795715709385,0.18013795715709385,0.4092391215313566,18095.781919993675,52.73912972250853
120.0,39.752101714285715,0.21790799098661015,0.21790799098661015,0.41518191318902714,21869.008299562352,53.214553055122174
125.0,39.752101714285715,0.22577242860959867,0.22577242860959867,0.4079508959866552,22654.66561809891,52.63607167893242
130.0,39.752101714285715,0.19950486874286627,0.19950486874286627,0.38445149969193126,20030.53638741234,50.7561199753545
135.0,39.752101714285715,0.14999315231565025,0.14999315231565025,0.3410665920885523,15084.31591633346,47.28532736708418
140.0,39.752101714285715,0.09579889639979675,0.09579889639979675,0.2785050975643632,9670.309750339695,42.28040780514905
145.0,39.752101714285715,0.05192318281783809,0.05192318281783809,0.20544741738716968,5287.125963502025,36.43579339097357
150.0,39.752101714285715,0.023863579475979103,0.023863579475979103,0.13602537809135537,2483.9715896503126,30.88203024730843
155.0,39.752101714285715,0.009294589497783438,0.009294589497783438,0.08232092153217574,1028.5294908285655,26.585673722574057
160.0,39.752101714285715,0.0030676068246850994,0.0030676068246850994,0.04848342928286978,406.4539217860414,23.878674342629584
165.0,39.752101714285715,0.0008650737777737507,0.0008650737777737507,0.031110168553551802,186.4208703995977,22.488813484284144
170.0,39.752101714285715,0.00025090007344071794,0.00025090007344071794,0.024348778414902454,125.06491733672772,21.947902273192195
175.0,39.752101714285715,0.0002751439009151401,0.0002751439009151401,0.02502145229279091,127.48687570142249,22.001716183423273
180.0,39.752101714285715,0.000975263123417833,0.000975263123417833,0.03471501758032655,197.4287860294415,22.777201406426123
185.0,39.752101714285715,0.0033903251632071215,0.0033903251632071215,0.058589468024132174,438.6934838043914,24.687157441930573
190.0,39.752101714285715,0.010034087231422566,0.010034087231422566,0.10174479671012401,1102.4053144191143,28.13958373680992
195.0,39.752101714285715,0.02508533574850457,0.02508533574850457,0.16429615536828146,2606.025041275607,33.14369242946252
200.0,39.752101714285715,0.052906880380537674,0.052906880380537674,0.23782005785077498,5385.3973500157135,39.025604628062
205.0,39.752101714285715,0.0940802335999143,0.0940802335999143,0.3069643644527313,9498.61533663144,44.5571491562185
210.0,39.752101714285715,0.14101812590799434,0.14101812590799434,0.3568509209597094,14187.710778208635,48.54807367677675
215.0,39.752101714285715,0.1781832716497475,0.1781832716497475,0.38072701769438594,17900.508837809775,50.458161415550876
220.0,39.752101714285715,0.18986264547705534,0.18986264547705534,0.38091197944121946,19067.27828315783,50.47295835529756
225.0,39.752101714285715,0.17075317538400625,0.17075317538400625,0.3629251248654627,17158.242220862223,49.03400998923701
230.0,39.752101714285715,0.12985618747261174,0.12985618747261174,0.3300124764088423,13072.633128513913,46.400998112707384
235.0,39.752101714285715,0.08386750220304601,0.08386750220304601,0.2838337246338001,8478.363470084296,42.706697970704006
240.0,39.752101714285715,0.046497743050552764,0.046497743050552764,0.2289161314484105,4745.124530750221,38.313290515872836
245.0,39.752101714285715,0.022735930390450253,0.022735930390450253,0.1741840548596877,2371.3194460059804,33.93472438877502
250.0,39.752101714285715,0.010421252969410592,0.010421252969410592,0.1291575849596799,1141.0831716441182,30.332606796774392
255.0,39.752101714285715,0.00495861870223925,0.00495861870223925,0.09885935100593522,595.3660083537011,27.90874808047482
260.0,39.752101714285715,0.002722921870159044,0.002722921870159044,0.08248335149995001,372.0198948288885,26.598668119996
265.0,39.752101714285715,0.0020203808126750852,0.0020203808126750852,0.07678338031312874,301.836043186241,26.142670425050298
270.0,39.752101714285715,0.002792980618419376,0.002792980618419376,0.0809852005928481,379.0187637800957,26.47881604742785
275.0,39.752101714285715,0.006405840562490324,0.006405840562490324,0.09907672563204782,739.9434721927834,27.926138050563825
280.0,39.752101714285715,0.016068886666855464,0.016068886666855464,0.13759951456853053,1705.281778018861,31.007961165482442
285.0,39.752101714285715,0.03766469117705684,0.03766469117705684,0.20044697295326883,3862.7026485879783,36.03575783626151
290.0,39.752101714285715,0.07997921647181269,0.07997921647181269,0.2842769765643713,8089.923725534088,42.7421581251497
295.0,39.752101714285715,0.15259564829293434,0.15259564829293434,0.37794883376923477,15344.305264464141,50.23590670153878
300.0,39.752101714285715,0.2602808220665214,0.2602808220665214,0.4668164318104135,26102.05412444549,57.34531454483308
305.0,39.752101714285715,0.3960175084029496,0.3960175084029496,0.5388825674118471,39662.149089454666,63.110605392947775
310.0,39.752101714285715,0.5387579449287414,0.5387579449287414,0.5883301220373386,53921.91869838127,67.06640976298709
315.0,39.752101714285715,0.6605057198316046,0.6605057198316046,0.6149734995349332,66084.5214111773,69.19787996279466
320.0,39.752101714285715,0.7389544950100274,0.7389544950100274,0.6218609103653573,73921.55405150173,69.74887282922859
325.0,39.752101714285715,0.7654843060135818,0.7654843060135818,0.613098401703394,76571.88217075681,69.04787213627152
330.0,39.752101714285715,0.7429462317682755,0.7429462317682755,0.5921735795933256,74320.32855365072,67.37388636746604
335.0,39.752101714285715,0.6785418724438868,0.6785418724438868,0.5615147278248469,67886.3330571443,64.92117822598775
340.0,39.752101714285715,0.5806646941590543,0.5806646941590543,0.5243417299192741,58108.40294648953,61.947338393541926
345.0,39.752101714285715,0.46116005430959195,0.46116005430959195,0.48665283124959374,46169.889425528236,58.9322264999675
350.0,39.752101714285715,0.33677204604643785,0.33677204604643785,0.45487579883378587,33743.527400039144,56.39006390670287
355.0,39.752101714285715,0.2251869757231005,0.2251869757231005,0.42950896200451905,22596.17887473774,54.36071696036152
360.0,39.752101714285715,0.13842262573233763,0.13842262573233763,0.40225796045752565,13928.42031066053,52.180636836602055
365.0,39.752101714285715,0.07939853871779608,0.07939853871779608,0.36228095139321986,8031.914017907829,48.982476111457586
370.0,39.752101714285715,0.0437278730401819,0.0437278730401819,0.30627519546419063,4468.414516714171,44.50201563713525
375.0,39.752101714285715,0.02406859175540931,0.02406859175540931,0.2416144831039574,2504.45231636539,39.32915864831659
380.0,39.752101714285715,0.013688516633510549,0.013688516633510549,0.17973332382681226,1467.4828116877038,34.37866590614498
385.0,39.752101714285715,0.00801334134779912,0.00801334134779912,0.12783614427501444,900.532800645132,30.226891542001155
390.0,39.752101714285715,0.0046126608409614,0.0046126608409614,0.0869361184276518,560.8048180120438,26.954889474212145
395.0,39.752101714285715,0.0024647587482550027,0.0024647587482550027,0.05538790519148171,346.22939895067475,24.431032415318537
400.0,39.752101714285715,0.0011699709456010432,0.0011699709456010432,0.03205086731805257,216.88009746554422,22.564069385444206
0.0,44.72111442857143,0.1805542773723256,0.1805542773723256,0.16424068842949616,18137.372309495327,33.139255074359696
5.0,44.72111442857143,0.24115860754483334,0.24115860754483334,0.24287247084256497,24191.74489372885,39.4297976674052
10.0,44.72111442857143,0.270999322023191,0.270999322023191,0.3146806306978686,27172.83227011678,45.174450455829486
15.0,44.72111442857143,0.2563186911528883,0.2563186911528883,0.36269606245664937,25706.23724617354,49.015684996531945
20.0,44.72111442857143,0.2042261023638717,0.2042261023638717,0.3800830781711738,20502.187626150782,50.40664625369391
25.0,44.72111442857143,0.13736735564638183,0.13736735564638183,0.3734798556642059,13822.998829073545,49.878388453136466
30.0,44.72111442857143,0.07848003661190046,0.07848003661190046,0.35726944681113276,7940.155657528856,48.58155574489062
35.0,44.72111442857143,0.03886299148517838,0.03886299148517838,0.3440373838432826,3982.4128493693206,47.52299070746261
40.0,44.72111442857143,0.017923879461628104,0.017923879461628104,0.34013450469499656,1890.5955582166475,47.210760375599726
45.0,44.72111442857143,0.009540640475453227,0.009540640475453227,0.34908304800383677,1053.1099834977772,47.92664384030694
50.0,44.72111442857143,0.007781003423001333,0.007781003423001333,0.37506464583512134,877.3222419578332,50.00517166680971
55.0,44.72111442857143,0.00890318839111307,0.00890318839111307,0.41822813694084005,989.4285202721957,53.458250955267204
60.0,44.72111442857143,0.010884515499218294,0.010884515499218294,0.46620121659415464,1187.3630983719077,57.29609732753237
65.0,44.72111442857143,0.012534406635319349,0.012534406635319349,0.49522131918896867,1352.1872228684028,59.617705535117494
70.0,44.72111442857143,0.013112066570320784,0.013112066570320784,0.4854765744205414,1409.8954503750463,58.83812595364331
75.0,44.72111442857143,0.012380343282798493,0.012380343282798493,0.438234209964143,1336.7962939515694,55.05873679713144
80.0,44.72111442857143,0.010749492466480721,0.010749492466480721,0.37798905087267687,1173.874297401424,50.23912406981415
85.0,44.72111442857143,0.009325533928040445,0.009325533928040445,0.3363071273671926,1031.6208394112405,46.904570189375406
90.0,44.72111442857143,0.009959788037368444,0.009959788037368444,0.33058628355407393,1094.9828249331076,46.44690268432591
95.0,44.72111442857143,0.015445694985008245,0.015445694985008245,0.35474851584101674,1643.0249290023237,48.37988126728134
100.0,44.72111442857143,0.02949534366610902,0.02949534366610902,0.3877075328549669,3046.584832244291,51.01660262839735
105.0,44.72111442857143,0.05540443752108505,0.05540443752108505,0.4102056612175962,5634.903308356396,52.8164528974077
110.0,44.72111442857143,0.09275989171012583,0.09275989171012583,0.41533508752118153,9366.713181841571,53.226807001694525
115.0,44.72111442857143,0.13403942022473844,0.13403942022473844,0.40677113687572686,13490.53808045137,52.54169095005815
120.0,44.72111442857143,0.1653118792743074,0.1653118792743074,0.39052256126355706,16614.65673950331,51.24180490108456
125.0,44.72111442857143,0.17320109546350926,0.17320109546350926,0.3686272315085359,17402.789436804575,49.490178520682875
130.0,44.72111442857143,0.1538040673679259,0.1538040673679259,0.3381826405728433,15465.026330055798,47.054611245827466
135.0,44.72111442857143,0.1156080209366658,0.1156080209366658,0.2949419490403879,11649.241291572915,43.59535592323103
140.0,44.72111442857143,0.07349584315752465,0.07349584315752465,0.2389411484465451,7442.2347314367125,39.11529187572361
145.0,44.72111442857143,0.039497623613161496,0.039497623613161496,0.17778113177621785,4045.8125989548334,34.22249054209743
150.0,44.72111442857143,0.01793803640702391,0.01793803640702391,0.12375792739813735,1892.0098370616884,29.900634191850987
155.0,44.72111442857143,0.006883545100640311,0.006883545100640311,0.08639457867985915,787.6661555539671,26.911566294388734
160.0,44.72111442857143,0.0022335871089270067,0.0022335871089270067,0.06686945842496543,323.135352181808,25.349556673997235
165.0,44.72111442857143,0.0006235948152010065,0.0006235948152010065,0.05914916654097167,162.29712203858054,24.731933323277733
170.0,44.72111442857143,0.00020529813512973702,0.00020529813512973702,0.056292591514339865,120.50928369946072,24.50340732114719
175.0,44.72111442857143,0.0003151251948014109,0.0003151251948014109,0.056322507943558676,131.48100696066095,24.505800635484693
180.0,44.72111442857143,0.0011286189249126118,0.0011286189249126118,0.06351461371067298,212.74903059876993,25.081169096853838
185.0,44.72111442857143,0.0037893237121286384,0.0037893237121286384,0.0851994658991738,478.553438841651,26.815957271933904
190.0,44.72111442857143,0.010935180906204184,0.010935180906204184,0.1267186744133975,1192.424572529798,30.137493953071797
195.0,44.72111442857143,0.026887703358247018,0.026887703358247018,0.18697966112841974,2786.081565488877,34.95837289027358
200.0,44.72111442857143,0.05611140143349741,0.05611140143349741,0.2566525251842183,5705.529003206391,40.532202014737464
205.0,44.72111442857143,0.0991248656016389,0.0991248656016389,0.3210326036784184,10002.574073603726,45.68260829427347
210.0,44.72111442857143,0.14797825630242809,0.14797825630242809,0.3670167386687017,14883.027804612566,49.36133909349614
215.0,44.72111442857143,0.18648330363690904,0.18648330363690904,0.3890469828363502,18729.68203332721,51.123758626908014
220.0,44.72111442857143,0.1982848852065447,0.1982848852065447,0.38870046686922655,19908.660032133816,51.09603734953812
225.0,44.72111442857143,0.17789101664916038,0.17789101664916038,0.36921449854644206,17871.312563251122,49.53715988371536
230.0,44.72111442857143,0.13474917748723436,0.13474917748723436,0.33188368483884556,13561.442830974713,46.550694787107645
235.0,44.72111442857143,0.08633773651472888,0.08633773651472888,0.27832194221021794,8725.139877821415,42.26575537681744
240.0,44.72111442857143,0.046999218567144056,0.046999218567144056,0.2147818312878059,4795.221934857691,37.18254650302447
245.0,44.72111442857143,0.021972616659241457,0.021972616659241457,0.15219191787656297,2295.0644042582217,32.175353430125035
250.0,44.72111442857143,0.009059444387514545,0.009059444387514545,0.10108102903723493,1005.038494312703,28.086482322978796
255.0,44.72111442857143,0.003503036303585762,0.003503036303585762,0.06647818710603355,449.95332672821763,25.318254968482684
260.0,44.72111442857143,0.001451715441606745,0.001451715441606745,0.047336735369183924,245.02637261651384,23.786938829534712
265.0,44.72111442857143,0.0009052795911313467,0.0009052795911313467,0.040214697968332845,190.43743115402154,23.217175837466627
270.0,44.72111442857143,0.0013906841742282793,0.0013906841742282793,0.04379827577148226,238.9293490054051,23.503862061718582
275.0,44.72111442857143,0.0037169721999133006,0.0037169721999133006,0.06118027007581602,471.32552277133874,24.894421606065283
280.0,44.72111442857143,0.010410393711464312,0.010410393711464312,0.09860756779477803,1139.9983317752847,27.88860542358224
285.0,44.72111442857143,0.026688666288388414,0.026688666288388414,0.16110712574914587,2766.1977622100026,32.888570059931666
290.0,44.72111442857143,0.06092819873476802,0.06092819873476802,0.2470990370474781,6186.727053603326,39.76792296379825
295.0,44.72111442857143,0.12265917489862654,0.12265917489862654,0.34567571684933124,12353.651572372792,47.6540573479465
300.0,44.72111442857143,0.21678906883260496,0.21678906883260496,0.4395672085414836,21757.227976377235,55.16537668331869
305.0,44.72111442857143,0.3364547144210016,0.3364547144210016,0.5125875966349568,33711.82597065806,61.007007730796545
310.0,44.72111442857143,0.46093455390628474,0.46093455390628474,0.5562308099084299,46147.361935237845,64.49846479267438
315.0,44.72111442857143,0.5631096081012908,0.5631096081012908,0.5711525673027787,56354.64984931896,65.69220538422229
320.0,44.72111442857143,0.6221997145278757,0.6221997145278757,0.5640826792511459,62257.75148133478,65.12661434009166
325.0,44.72111442857143,0.6315500861762866,0.6315500861762866,0.5433395348316308,63191.853609011036,63.467162786530466
330.0,44.72111442857143,0.5964539457841087,0.5964539457841087,0.5154151675340887,59685.74918383246,61.233213402727095
335.0,44.72111442857143,0.527202720159656,0.527202720159656,0.4842447749251129,52767.55174394963,58.739581994009036
340.0,44.72111442857143,0.4350841516485753,0.4350841516485753,0.45363421603145243,43564.90674969267,56.2907372825162
345.0,44.72111442857143,0.33254865941473183,0.33254865941473183,0.42984384272252807,33321.61107553171,54.38750741780225
350.0,44.72111442857143,0.23323048300560756,0.23323048300560756,0.4191042982772322,23399.725252260196,53.52834386217858
355.0,44.72111442857143,0.14911966335175902,0.14911966335175902,0.41990410876982504,14997.054368840727,53.592328701586005
360.0,44.72111442857143,0.08685120083368444,0.08685120083368444,0.4186359235134775,8776.434963285075,53.4908738810782
365.0,44.72111442857143,0.04645126580838699,0.04645126580838699,0.39689338789570544,4740.48145425786,51.751471031656436
370.0,44.72111442857143,0.02330403041877791,0.02330403041877791,0.3459477857996346,2428.0726388359135,47.675822863970765
375.0,44.72111442857143,0.011398297452478997,0.011398297452478997,0.2739700541095347,1238.6899155026517,41.91760432876278
380.0,44.72111442857143,0.005704371628894667,0.005704371628894667,0.19880062372628454,669.8667257265772,35.90404989810276
385.0,44.72111442857143,0.002995674085209842,0.002995674085209842,0.13485195667038852,399.2678411124632,30.78815653363108
390.0,44.72111442857143,0.0016052843707001483,0.0016052843707001483,0.08687701322920591,260.3679086329448,26.950161058336473
395.0,44.72111442857143,0.0008248650098893641,0.0008248650098893641,0.05296191633307282,182.40401448794748,24.236953306645823
400.0,44.72111442857143,0.00038402603776166135,0.00038402603776166135,0.02983569288650115,138.36420117238998,22.386855430920093
0.0,49.69012714285715,0.18237117572632214,0.18237117572632214,0.1621781066141319,18318.88045505958,32.97424852913055
5.0,49.69012714285715,0.24266442189039644,0.24266442189039644,0.237401728786613,24342.175746850604,38.992138302929035
10.0,49.69012714285715,0.2715292151954886,0.2715292151954886,0.30514068337981803,27225.768598029314,44.411254670385446
15.0,49.69012714285715,0.2555265702521974,0.2555265702521974,0.35181891468267096,25627.10436819452,48.145513174613676
20.0,49.69012714285715,0.20228773466060065,0.20228773466060065,0.37590597722175106,20308.544692594005,50.07247817774008
25.0,49.69012714285715,0.13480156823347741,0.13480156823347741,0.3882215713047223,13566.676666524394,51.05772570437779
30.0,49.69012714285715,0.07577866146397645,0.07577866146397645,0.40180223049052155,7670.288280251248,52.14417843924173
35.0,49.69012714285715,0.03627238304192635,0.03627238304192635,0.4202011301762451,3723.611065888442,53.61609041409961
40.0,49.69012714285715,0.015519956445439369,0.015519956445439369,0.43637997312158683,1650.4436488993929,54.91039784972695
45.0,49.69012714285715,0.007483499498912742,0.007483499498912742,0.44372877517481724,847.6015999413829,55.49830201398538
50.0,49.69012714285715,0.0065443779463953515,0.0065443779463953515,0.44574541491731473,753.7833568448956,55.659633193385176
55.0,49.69012714285715,0.009273324231246492,0.009273324231246492,0.45143044550725003,1026.4050907015244,56.114435640580005
60.0,49.69012714285715,0.013586950872036636,0.013586950872036636,0.46168073502842316,1457.33639211646,56.93445880227385
65.0,49.69012714285715,0.0176223735946931,0.0176223735946931,0.4644517540818199,1860.4751221098406,57.15614032654559
70.0,49.69012714285715,0.01961190668025056,0.01961190668025056,0.4464494333508166,2059.229477357031,55.71595466806533
75.0,49.69012714285715,0.018625210206366566,0.018625210206366566,0.4097341926673837,1960.65849961602,52.7787354133907
80.0,49.69012714285715,0.015196662226228706,0.015196662226228706,0.3755686616476612,1618.1465564002476,50.045492931812895
85.0,49.69012714285715,0.011120586455754967,0.011120586455754967,0.3697797201155557,1210.946586929921,49.58237760924446
90.0,49.69012714285715,0.00873212096883908,0.00873212096883908,0.4011876590106682,972.3388847870241,52.09501272085346
95.0,49.69012714285715,0.010514630579788766,0.010514630579788766,0.45227890771999285,1150.4115949208976,56.18231261759943
100.0,49.69012714285715,0.019132767244458143,0.019132767244458143,0.4915953950612029,2011.3634477213684,59.32763160489623
105.0,49.69012714285715,0.03683851764414634,0.03683851764414634,0.4970452253032008,3780.1679126502195,59.76361802425606
110.0,49.69012714285715,0.06333074418670502,0.06333074418670502,0.46888668967959835,6426.741344251832,57.510935174367866
115.0,49.69012714285715,0.09322277292612338,0.09322277292612338,0.42307441493023074,9412.955015319725,53.845953194418456
120.0,49.69012714285715,0.11634385343874123,0.11634385343874123,0.3755404399133309,11722.750958530249,50.04323519306647
125.0,49.69012714285715,0.1227409908978152,0.1227409908978152,0.332598338606738,12361.824990691739,46.60786708853904
130.0,49.69012714285715,0.10932442372963361,0.10932442372963361,0.29175430467635033,11021.509930590397,43.34034437410803
135.0,49.69012714285715,0.08215513641450978,0.08215513641450978,0.24811793982159067,8307.298127809527,39.84943518572725
140.0,49.69012714285715,0.052067749031675846,0.052067749031675846,0.20102429778123634,5301.568128264417,36.08194382249891
145.0,49.69012714285715,0.027823828482295313,0.027823828482295313,0.15697357443677354,2879.600465381302,32.55788595494188
150.0,49.69012714285715,0.012535137614841705,0.012535137614841705,0.12628766335505645,1352.2602477226865,30.103013068404515
155.0,49.69012714285715,0.004761603996464729,0.004761603996464729,0.11513737650253544,575.6842392468265,29.210990120202837
160.0,49.69012714285715,0.001529241966273734,0.001529241966273734,0.11962891958101067,252.77127243074602,29.570313566480856
165.0,49.69012714285715,0.00043666523312013456,0.00043666523312013456,0.12802512955580242,143.62285678870143,30.242010364464193
170.0,49.69012714285715,0.00020789936181629543,0.00020789936181629543,0.13000871839052344,120.76914624544791,30.400697471241877
175.0,49.69012714285715,0.00047659039558736835,0.00047659039558736835,0.12501827153868805,147.6113805191781,30.001461723095044
180.0,49.69012714285715,0.0016287174422787546,0.0016287174422787546,0.12247128280199944,262.7088724836476,29.797702624159953
185.0,49.69012714285715,0.005065926194392203,0.005065926194392203,0.13447073375423163,606.0860268197811,30.75765870033853
190.0,49.69012714285715,0.01377466195335926,0.01377466195335926,0.1676901043004922,1476.08872914059,33.41520834403937
195.0,49.69012714285715,0.03244171854691531,0.03244171854691531,0.2197237500474689,3340.9276828368397,37.57790000379751
200.0,49.69012714285715,0.06571078852204694,0.06571078852204694,0.280407774307877,6664.5077733524895,42.43262194463016
205.0,49.69012714285715,0.11380966092068477,0.11380966092068477,0.3364448631149508,11469.58512597641,46.915589049196065
210.0,49.69012714285715,0.1678290271372693,0.1678290271372693,0.37713213801185935,16866.119811013203,50.170571040948744
215.0,49.69012714285715,0.21010140682880848,0.21010140682880848,0.39774246588125806,21089.130542197967,51.819397270500644
220.0,49.69012714285715,0.2229017595296023,0.2229017595296023,0.39807683510388464,22367.885777007272,51.84614680831077
225.0,49.69012714285715,0.20028106406590374,0.20028106406590374,0.37849638757402015,20108.078300183784,50.27971100592161
230.0,49.69012714285715,0.15247684304649584,0.15247684304649584,0.3387150794299516,15332.436620344934,47.09720635439613
235.0,49.69012714285715,0.09853254499443287,0.09853254499443287,0.28095983180396206,9943.401244943843,42.476786544316965
240.0,49.69012714285715,0.05425079484558197,0.05425079484558197,0.21312403118052883,5519.654405073639,37.049922494442306
245.0,49.69012714285715,0.025637711565918164,0.025637711565918164,0.1471309490470486,2661.2073854352248,31.77047592376389
250.0,49.69012714285715,0.010553232966504142,0.010553232966504142,0.09335530733516643,1154.2679733537636,27.468424586813313
255.0,49.69012714285715,0.0039030152133034453,0.0039030152133034453,0.05627855196714047,489.9112198090142,24.502284157371236
260.0,49.69012714285715,0.001400796063884581,0.001400796063884581,0.03473838090420008,239.93952678206963,22.779070472336006
265.0,49.69012714285715,0.0006557170124751537,0.0006557170124751537,0.025586292466539075,165.50612954626786,22.046903397323128
270.0,49.69012714285715,0.0008460356261526322,0.0008460356261526322,0.027622856123398713,184.51895905264797,22.209828489871896
275.0,49.69012714285715,0.002390210287710208,0.002390210287710208,0.043665939886564906,338.7820077422498,23.493275190925193
280.0,49.69012714285715,0.007286773852906451,0.007286773852906451,0.07981211615361758,827.9487079053545,26.384969292289405
285.0,49.69012714285715,0.020053135881466913,0.020053135881466913,0.14157275961907778,2103.3082745585443,31.325820769526224
290.0,49.69012714285715,0.04825013745890733,0.04825013745890733,0.228083678535293,4920.188732144842,38.24669428282344
295.0,49.69012714285715,0.10059797017888267,0.10059797017888267,0.32821512821113785,10149.737220870378,46.25721025689103
300.0,49.69012714285715,0.1813483144184841,0.1813483144184841,0.4228754722965084,18216.69661040656,53.83003778372067
305.0,49.69012714285715,0.28335820603615763,0.28335820603615763,0.49329783006781913,28407.484783012147,59.46382640542553
310.0,49.69012714285715,0.3863788937868813,0.3863788937868813,0.5294086804665665,38699.25148930944,62.352694437325326
315.0,49.69012714285715,0.46494184645942205,0.46494184645942205,0.5324979182363322,46547.69046129626,62.59983345890657
320.0,49.69012714285715,0.5011950132870189,0.5011950132870189,0.5120007428271149,50169.38182737319,60.960059426169195
325.0,49.69012714285715,0.49221130419526227,0.49221130419526227,0.4800195378460271,49271.9092891067,58.401563027682165
330.0,49.69012714285715,0.44697703852429416,0.44697703852429416,0.44668280804514854,44753.006148576984,55.73462464361188
335.0,49.69012714285715,0.37855435245180646,0.37855435245180646,0.4183814987907011,37917.579809935465,53.47051990325609
340.0,49.69012714285715,0.2990866860270507,0.2990866860270507,0.39995188367574097,29978.759934102363,51.99615069405928
345.0,49.69012714285715,0.21905291614051997,0.21905291614051997,0.39791088292756677,21983.386322437946,51.83287063420534
350.0,49.69012714285715,0.14738646513476156,0.14738646513476156,0.4180950512526628,14823.90786696268,53.44760410021302
355.0,49.69012714285715,0.09035668746950738,0.09035668746950738,0.4560698065869925,9126.633078203788,56.4855845269594
360.0,49.69012714285715,0.05023000793314557,0.05023000793314557,0.490601172946757,5117.977792521242,59.24809383574056
365.0,49.69012714285715,0.02534818789609234,0.02534818789609234,0.4926672255013985,2632.2839708196248,59.41337804011188
370.0,49.69012714285715,0.011744402694973094,0.011744402694973094,0.4462509805832298,1273.265829227812,55.70007844665839
375.0,49.69012714285715,0.005140892211522693,0.005140892211522693,0.36087695123633984,613.575131931117,48.87015609890719
380.0,49.69012714285715,0.0022356425875057822,0.0022356425875057822,0.26303481856300004,323.34069449182766,41.04278548504
385.0,49.69012714285715,0.0010188418763140477,0.0010188418763140477,0.1766220396300951,201.78230344377337,34.12976317040761
390.0,49.69012714285715,0.0004908140531557763,0.0004908140531557763,0.11159733668257309,149.03232391026205,28.927786934605848
395.0,49.69012714285715,0.00023711941448676145,0.00023711941448676145,0.06664769560141177,123.68822950722748,25.331815648112944
400.0,49.69012714285715,0.00010708195564028851,0.00010708195564028851,0.03697051346697922,110.69748736846482,22.95764107735834
0.0,54.659139857142854,0.18616238166740295,0.18616238166740295,0.1624519420814628,18697.621928573553,32.99615536651702
5.0,54.659139857142854,0.2464852937841955,0.2464852937841955,0.23504476571736665,24723.880849041132,38.80358125738933
10.0,54.659139857142854,0.27441115078037526,0.27441115078037526,0.29927403101276323,27513.67396295949,43.94192248102106
15.0,54.659139857142854,0.25688288287813893,0.25688288287813893,0.3450305321004721,25762.59999952608,47.602442568037766
20.0,54.659139857142854,0.20221833066076209,0.20221833066076209,0.37650159074686423,20301.61123301013,50.12012725974914
25.0,54.659139857142854,0.1338967160050107,0.1338967160050107,0.4091904799593213,13476.281928900571,52.7352383967457
30.0,54.659139857142854,0.07467881868427652,0.07467881868427652,0.4548915393853861,7560.413986559224,56.39132315083089
35.0,54.659139857142854,0.03542097296623137,0.03542097296623137,0.507554640061982,3638.5551993265135,60.60437120495856
40.0,54.659139857142854,0.015285903312189032,0.015285903312189032,0.545759555656391,1627.0617408876842,63.66076445251128
45.0,54.659139857142854,0.008504006501580355,0.008504006501580355,0.5519349990442192,949.5502495078774,64.15479992353752
50.0,54.659139857142854,0.009982873541702514,0.009982873541702514,0.5286816751497427,1097.2890668160812,62.29453401197942
55.0,54.659139857142854,0.016655670728615818,0.016655670728615818,0.49434150590540005,1763.9015057887202,59.547320472432006
60.0,54.659139857142854,0.026033987263549992,0.026033987263549992,0.46406011660624635,2700.7953276286444,57.12480932849971
65.0,54.659139857142854,0.034799416865709996,0.034799416865709996,0.4385728419677228,3576.4617448844288,55.08582735741782
70.0,54.659139857142854,0.039254516938322395,0.039254516938322395,0.41174321568050826,4021.5262421384073,52.93945725444066
75.0,54.659139857142854,0.03730437454818695,0.03730437454818695,0.386259669350545,3826.7070173638763,50.9007735480436
80.0,54.659139857142854,0.029920238218862052,0.029920238218862052,0.3792156885976752,3089.031798064319,50.337255087814015
85.0,54.659139857142854,0.020509275624774018,0.020509275624774018,0.4095536487612685,2148.8766349149246,52.764291900901476
90.0,54.659139857142854,0.012874068068829023,0.012874068068829023,0.4769630645524307,1386.1194000760195,58.15704516419446
95.0,54.659139857142854,0.009754795452690314,0.009754795452690314,0.5529589992942279,1074.5040657237623,64.23671994353823
100.0,54.659139857142854,0.012799598720994385,0.012799598720994385,0.5968231222047259,1378.679912227339,67.74584977637807
105.0,54.659139857142854,0.022860975317414642,0.022860975317414642,0.584507143554798,2383.811434209723,66.76057148438385
110.0,54.659139857142854,0.0392265300496542,0.0392265300496542,0.5234726993079601,4018.7303519604548,61.87781594463681
115.0,54.659139857142854,0.058170899921255736,0.058170899921255736,0.44128499362396767,5911.272902133448,55.30279948991741
120.0,54.659139857142854,0.0730415968590625,0.0730415968590625,0.36304027912395154,7396.855526220344,49.04322232991612
125.0,54.659139857142854,0.07734781499588539,0.07734781499588539,0.2990241940390683,7827.04671808895,43.92193552312547
130.0,54.659139857142854,0.06900868350538922,0.06900868350538922,0.24750719200967986,6993.967482188383,39.80057536077439
135.0,54.659139857142854,0.05185237321114579,0.05185237321114579,0.20390868510735072,5280.052083793465,36.312694808588056
140.0,54.659139857142854,0.032806082737279085,0.032806082737279085,0.16825449143846333,3377.3276654541805,33.46035931507707
145.0,54.659139857142854,0.017474831733141256,0.017474831733141256,0.1474993134916301,1845.7356901408114,31.799945079330406
150.0,54.659139857142854,0.007836790828298988,0.007836790828298988,0.15101397559069654,882.8954037470689,32.08111804725572
155.0,54.659139857142854,0.0029607263789216865,0.0029607263789216865,0.1808452686227618,395.7765652542765,34.46762148982094
160.0,54.659139857142854,0.0009525724832518239,0.0009525724832518239,0.22448898423817062,195.1619910768572,37.95911873905365
165.0,54.659139857142854,0.0003102345609723672,0.0003102345609723672,0.25913623924043944,130.9924326411395,40.730899139235156
170.0,54.659139857142854,0.00030092176753661505,0.00030092176753661505,0.2670204561764945,130.06208457690784,41.36163649411956
175.0,54.659139857142854,0.0009013100525545856,0.0009013100525545856,0.24908436806081458,190.0408742502031,39.926749444865166
180.0,54.659139857142854,0.0028591418041434406,0.0028591418041434406,0.22383415678502225,385.6282662339297,37.90673254280178
185.0,54.659139857142854,0.008094528260094613,0.008094528260094613,0.21276737749608557,908.6433731834518,37.02139019968685
190.0,54.659139857142854,0.020237024973235773,0.020237024973235773,0.22645072850795223,2121.6787948262536,38.11605828063618
195.0,54.659139857142854,0.04448410585484692,0.04448410585484692,0.26166837645238855,4543.962174899207,40.93347011619109
200.0,54.659139857142854,0.08543847473595824,0.08543847473595824,0.3074535754270552,8635.303626122228,44.596286034164415
205.0,54.659139857142854,0.1423833423607255,0.1423833423607255,0.3522103962017151,14324.095901836477,48.176831696137214
210.0,54.659139857142854,0.20457353707275627,0.20457353707275627,0.3875785613596715,20536.89635356835,51.00628490877372
215.0,54.659139857142854,0.25215578387369897,0.25215578387369897,0.4087683148407709,25290.362808982525,52.701465187261675
220.0,54.659139857142854,0.26578936581043844,0.26578936581043844,0.4126846251259775,26652.3576444628,53.014770010078195
225.0,54.659139857142854,0.2392822176418837,0.2392822176418837,0.39635588707482755,24004.29354242418,51.70847096598621
230.0,54.659139857142854,0.18413373142621306,0.18413373142621306,0.35808949009671637,18494.959769478686,48.64715920773731
235.0,54.659139857142854,0.12149964492092781,0.12149964492092781,0.3006701052501572,12237.814527600689,44.05360842001258
240.0,54.659139857142854,0.06917261849577806,0.06917261849577806,0.2327860920757714,7010.344587728228,38.62288736606171
245.0,54.659139857142854,0.03434982834089589,0.03434982834089589,0.16612458981326556,3531.547851255499,33.28996718506124
250.0,54.659139857142854,0.015161968260382231,0.015161968260382231,0.1101873080539089,1614.6806292121848,28.814984644312712
255.0,54.659139857142854,0.006154054448019165,0.006154054448019165,0.06916704167872699,714.7900393571146,25.53336333429816
260.0,54.659139857142854,0.0024502632404077023,0.0024502632404077023,0.04273434561585197,344.78129771672945,23.418747649268155
265.0,54.659139857142854,0.0011241304132504342,0.0011241304132504342,0.029101496487258367,212.30062828371837,22.32811971898067
270.0,54.659139857142854,0.000949338463113563,0.000949338463113563,0.028012869988044534,194.83891246504493,22.241029599043564
275.0,54.659139857142854,0.001981150388718292,0.001981150388718292,0.04237763922233785,297.91692383295737,23.390211137787027
280.0,54.659139857142854,0.005725114804625887,0.005725114804625887,0.07772057839635821,671.9389689821261,26.217646271708656
285.0,54.659139857142854,0.015907399601046385,0.015907399601046385,0.13872195423417083,1689.149220144534,31.097756338733667
290.0,54.659139857142854,0.038938765993432566,0.038938765993432566,0.22371708315184266,3989.982722743913,37.89736665214741
295.0,54.659139857142854,0.08221253049057659,0.08221253049057659,0.3209805299961287,8313.031796008601,45.6784423996903
300.0,54.659139857142854,0.14896486427245795,0.14896486427245795,0.4111976621064501,14981.589940818549,52.895812968516005
305.0,54.659139857142854,0.23199216949797305,0.23199216949797305,0.47580141647895224,23276.017732847507,58.06411331831618
310.0,54.659139857142854,0.31240504486324194,0.31240504486324194,0.5050477308824586,31309.26398183787,60.40381847059669
315.0,54.659139857142854,0.3675267782483396,0.3675267782483396,0.5003278472894043,36815.925147009126,60.02622778315234
320.0,54.659139857142854,0.3832484096896625,0.3832484096896625,0.4712922130181741,38386.51612799728,57.703377041453926
325.0,54.659139857142854,0.3605005435598949,0.3605005435598949,0.431400295202907,36114.004301633504,54.51202361623256
330.0,54.659139857142854,0.31125938171709877,0.31125938171709877,0.39367014843230874,31194.812233538167,51.4936118745847
335.0,54.659139857142854,0.24981115031799592,0.24981115031799592,0.36782728832740386,25056.13391676779,49.42618306619231
340.0,54.659139857142854,0.1871877126141624,0.1871877126141624,0.3610897967163436,18800.052490154823,48.88718373730749
345.0,54.659139857142854,0.1304835880827042,0.1304835880827042,0.3810963776887216,13135.310449462148,50.48771021509773
350.0,54.659139857142854,0.08392059836431588,0.08392059836431588,0.43341146884186116,8483.667776595157,54.67291750734889
355.0,54.659139857142854,0.04934027366932823,0.04934027366932823,0.5102479023613122,5029.09333956589,60.81983218890498
360.0,54.659139857142854,0.02631270710118576,0.02631270710118576,0.5821521234628769,2728.6394394084573,66.57216987703015
365.0,54.659139857142854,0.012671752707663582,0.012671752707663582,0.609117665456866,1365.9080954955919,68.72941323654928
370.0,54.659139857142854,0.005522426370686072,0.005522426370686072,0.5677539315827291,651.6903944315386,65.42031452661833
375.0,54.659139857142854,0.0022108928921374077,0.0022108928921374077,0.4688141828906676,320.86819992452706,57.50513463125341
380.0,54.659139857142854,0.0008444339372120245,0.0008444339372120245,0.34705537676133996,184.35895032748124,47.764430140907194
385.0,54.659139857142854,0.0003275775586846293,0.0003275775586846293,0.23551767067636833,132.72499811259445,38.841413654109466
390.0,54.659139857142854,0.00013600377767545695,0.00013600377767545695,0.14956579068619835,113.58677738977815,31.965263254895866
395.0,54.659139857142854,5.9536332638142075e-05,5.9536332638142075e-05,0.08930362129602185,105.9476796305504,27.14428970368175
400.0,54.659139857142854,2.555095223621567e-05,2.555095223621567e-05,0.04935124200605792,102.55254012839795,23.948099360484633
0.0,59.62815257142857,0.1898260023451299,0.1898260023451299,0.1662261996952105,19063.617634278475,33.29809597561684
5.0,59.62815257142857,0.2499104693730986,0.2499104693730986,0.23872907664149381,25066.05589037255,39.09832613131951
10.0,59.62815257142857,0.27665126995750516,0.27665126995750516,0.30195296082053036,27737.461868754766,44.15623686564243
15.0,59.62815257142857,0.2575146926482727,0.2575146926482727,0.3474850484380039,25825.717795562443,47.798803875040306
20.0,59.62815257142857,0.20156144295192638,0.20156144295192638,0.38303552655174355,20235.988150897447,50.642842124139484
25.0,59.62815257142857,0.1326965815459722,0.1326965815459722,0.4275611919316304,13356.388496442622,54.20489535453043
30.0,59.62815257142857,0.07362380546561571,0.07362380546561571,0.4928168757146872,7455.01816601501,59.425350057174974
35.0,59.62815257142857,0.03496831483684526,0.03496831483684526,0.567070895452432,3593.3346522008414,65.36567163619455
40.0,59.62815257142857,0.015927679641277868,0.015927679641277868,0.6195300488165469,1691.175196163659,69.56240390532375
45.0,59.62815257142857,0.011253983917462232,0.011253983917462232,0.6249792985172092,1224.272993354477,69.99834388137674
50.0,59.62815257142857,0.016690188990219183,0.016690188990219183,0.5848279869248079,1767.3498801228964,66.78623895398462
55.0,59.62815257142857,0.029681368693237998,0.029681368693237998,0.523213272449566,3065.168732454476,61.85706179596528
60.0,59.62815257142857,0.04704081315443978,0.04704081315443978,0.4648139102171187,4799.377234128534,57.1851128173695
65.0,59.62815257142857,0.0631585618388122,0.0631585618388122,0.4193625051941133,6409.540327697339,53.549000415529065
70.0,59.62815257142857,0.0713663796442376,0.0713663796442376,0.3860096237757375,7229.501326459336,50.880769902059
75.0,59.62815257142857,0.0678154045956281,0.0678154045956281,0.36785696729712314,6874.758919103247,49.42855738376985
80.0,59.62815257142857,0.054217112896449766,0.054217112896449766,0.3784298002802523,5516.289578355331,50.274384022420186
85.0,59.62815257142857,0.03659703661713429,0.03659703661713429,0.43094207957807035,3756.0439580517154,54.47536636624563
90.0,59.62815257142857,0.02130675059531905,0.02130675059531905,0.5185202391056123,2228.544384472373,61.48161912844898
95.0,59.62815257142857,0.012009873622201895,0.012009873622201895,0.6062906721424915,1299.7863748579693,68.50325377139933
100.0,59.62815257142857,0.009525693612016307,0.009525693612016307,0.6492819351708522,1051.616791840429,71.94255481366818
105.0,59.62815257142857,0.013176263556769818,0.013176263556769818,0.6237251958689265,1416.3087293213048,69.89801566951412
110.0,59.62815257142857,0.021462767170667595,0.021462767170667595,0.5420860207602345,2244.130440349693,63.36688166081876
115.0,59.62815257142857,0.03167118323043755,0.03167118323043755,0.4385646255177435,3263.9512047207113,55.08517004141948
120.0,59.62815257142857,0.0398362597712373,0.0398362597712373,0.34285023465048176,4079.6423511466064,47.42801877203854
125.0,59.62815257142857,0.042257772232246055,0.042257772232246055,0.2669099160948182,4321.551446001381,41.352793287585456
130.0,59.62815257142857,0.037733950453207266,0.037733950453207266,0.20972769227766763,3869.621650275406,36.77821538221341
135.0,59.62815257142857,0.028351613232706328,0.028351613232706328,0.16851248361712712,2932.326161947362,33.48099868937017
140.0,59.62815257142857,0.017921933927498752,0.017921933927498752,0.1464823001761565,1890.4011993571253,31.71858401409252
145.0,59.62815257142857,0.009530848121520552,0.009530848121520552,0.1540039093542343,1052.1317273399031,32.32031274833874
150.0,59.62815257142857,0.004264593441901431,0.004264593441901431,0.20172063431283743,526.0328848459529,36.137650745026995
155.0,59.62815257142857,0.0016099462663903656,0.0016099462663903656,0.2872986171690913,260.8336320123975,42.983889373527305
160.0,59.62815257142857,0.0005366363319965544,0.0005366363319965544,0.38578878556022467,153.6099695664558,50.86310284481797
165.0,59.62815257142857,0.00026758005941064146,0.00026758005941064146,0.45714786276864505,126.73124793512308,56.5718290214916
170.0,59.62815257142857,0.0005559821725314237,0.0005559821725314237,0.4713404962067241,155.54261903588923,57.707239696537926
175.0,59.62815257142857,0.0018114647246084293,0.0018114647246084293,0.4306805432927178,280.9653259883821,54.45444346341743
180.0,59.62815257142857,0.00539983052767071,0.00539983052767071,0.3671983681920891,639.4430697143039,49.37586945536713
185.0,59.62815257142857,0.0141456236261773,0.0141456236261773,0.317430190743066,1513.1478002551123,45.39441525944528
190.0,59.62815257142857,0.03265094297616511,0.03265094297616511,0.2994561624399483,3361.8292033188945,43.956492995195866
195.0,59.62815257142857,0.06655949461346991,0.06655949461346991,0.3102063345844395,6749.293511885644,44.81650676675516
200.0,59.62815257142857,0.11971309838995518,0.11971309838995518,0.33739343156347634,12059.338529156523,46.991474525078104
205.0,59.62815257142857,0.1892388942185962,0.1892388942185962,0.3701402244074726,19004.96553243776,49.611217952597805
210.0,59.62815257142857,0.2615118151221812,0.2615118151221812,0.4012617883065634,26225.0303307059,52.10094306452507
215.0,59.62815257142857,0.3142892293966041,0.3142892293966041,0.4248847980245846,31497.49401672075,53.99078384196677
220.0,59.62815257142857,0.3272809743903817,0.3272809743903817,0.4347406221348784,32795.36934159913,54.77924977079027
225.0,59.62815257142857,0.29491115638584636,0.29491115638584636,0.42505668529124097,29561.62452294605,54.00453482329928
230.0,59.62815257142857,0.23032153268134833,0.23032153268134833,0.3932080799632242,23109.1211148667,51.45664639705794
235.0,59.62815257142857,0.1566834322816196,0.1566834322816196,0.34197756966183174,15752.674884933798,47.35820557294654
240.0,59.62815257142857,0.09370581786118479,0.09370581786118479,0.2792237964380395,9461.21120433236,42.33790371504316
245.0,59.62815257142857,0.050028812286808874,0.050028812286808874,0.21466630329668693,5097.878347452207,37.173304263734956
250.0,59.62815257142857,0.024453860455061524,0.024453860455061524,0.1561652714221564,2542.940659460646,32.49322171377251
255.0,59.62815257142857,0.011402541847860725,0.011402541847860725,0.10816938183851255,1239.1139306012865,28.653550547081004
260.0,59.62815257142857,0.005405653964358951,0.005405653964358951,0.0725689904579997,640.0248310394592,25.805519236639974
265.0,59.62815257142857,0.002885203627907234,0.002885203627907234,0.05041304168986057,388.23184242793263,24.033043335188847
270.0,59.62815257142857,0.0021082601756814636,0.0021082601756814636,0.04342137298692908,310.6151915505782,23.473709838954328
275.0,59.62815257142857,0.002703176928477255,0.002703176928477255,0.05485869869711459,370.0473751548778,24.388695895769168
280.0,59.62815257142857,0.005600064497856398,0.005600064497856398,0.08891514242359472,659.4464433358542,27.11321139388758
285.0,59.62815257142857,0.013537418319362001,0.013537418319362001,0.14778635076855523,1452.388090104264,31.82290806148442
290.0,59.62815257142857,0.031410826786686996,0.031410826786686996,0.22747892116528218,3237.9415959900307,38.19831369322257
295.0,59.62815257142857,0.06488678992671315,0.06488678992671315,0.3157729763034898,6582.190313678644,45.261838104279185
300.0,59.62815257142857,0.11616201089199207,0.11616201089199207,0.3954719305035362,11704.584888110008,51.63775444028289
305.0,59.62815257142857,0.17877963339978822,0.17877963339978822,0.4515304237185229,17960.085376638843,56.122433897481834
310.0,59.62815257142857,0.23678961978143892,0.23678961978143892,0.47645708401387304,23755.283016165748,58.11656672110984
315.0,59.62815257142857,0.2717806971399671,0.2717806971399671,0.47071087286248864,27250.891644282714,57.65686982899909
320.0,59.62815257142857,0.2736082856938362,0.2736082856938362,0.44071606241248185,27433.467740814238,55.25728499299855
325.0,59.62815257142857,0.24562549909562498,0.24562549909562498,0.3976018959420726,24637.987359652936,51.80815167536581
330.0,59.62815257142857,0.20037388681885643,0.20037388681885643,0.35540135049494515,20117.351293203756,48.43210803959561
335.0,59.62815257142857,0.15106554919493342,0.15106554919493342,0.32760282998303203,15191.44836457385,46.208226398642566
340.0,59.62815257142857,0.10631572320501034,0.10631572320501034,0.3253515477604192,10720.940748180534,46.028123820833535
345.0,59.62815257142857,0.06991454933601975,0.06991454933601975,0.3584715394511236,7084.463478668373,48.67772315608988
350.0,59.62815257142857,0.04270071968785251,0.04270071968785251,0.43245251811393165,4365.801896816466,54.59620144911453
355.0,59.62815257142857,0.02399579197086105,0.02399579197086105,0.5368056473148297,2497.179617889019,62.944451785186374
360.0,59.62815257142857,0.012286905231087046,0.012286905231087046,0.6364482850046742,1327.4618325855959,70.91586280037393
365.0,59.62815257142857,0.005685212717387328,0.005685212717387328,0.6842685682708883,667.9527504669941,74.74148546167106
370.0,59.62815257142857,0.0023658040746024293,0.0023658040746024293,0.6517458164513391,336.3438270527827,72.13966531610713
375.0,59.62815257142857,0.0008882424391278313,0.0008882424391278313,0.5491767709457103,188.73541966887035,63.93414167565682
380.0,59.62815257142857,0.00030698709057579756,0.00030698709057579756,0.41498300517966574,130.6680103485222,53.19864041437326
385.0,59.62815257142857,0.00010259860690863843,0.00010259860690863843,0.287173243407969,110.24960083017298,42.97385947263752
390.0,59.62815257142857,3.571611469010955e-05,3.571611469010955e-05,0.18510858045597825,103.56803985754195,34.80868643647826
395.0,59.62815257142857,1.3530572755548451e-05,1.3530572755548451e-05,0.11131044562864975,101.3517042182793,28.90483565029198
400.0,59.62815257142857,5.351888607370868e-06,5.351888607370868e-06,0.06146476470831605,100.53465367187636,24.917181176665284
0.0,64.59716528571428,0.19073721572785102,0.19073721572785102,0.17318956745513817,19154.647851212318,33.85516539641105
5.0,64.59716528571428,0.24948621560205944,0.24948621560205944,0.24888338162837548,25023.672938645737,39.91067053027004
10.0,64.59716528571428,0.2744179081709101,0.2744179081709101,0.3146197708349787,27514.34902627392,45.169581666798294
15.0,64.59716528571428,0.2538241165895023,0.2538241165895023,0.36073344570681315,25457.02924729128,48.85867565654505
20.0,64.59716528571428,0.1974354988536124,0.1974354988536124,0.39436890336249386,19823.806335475878,51.54951226899951
25.0,64.59716528571428,0.12919620467286158,0.12919620467286158,0.43527370931796094,13006.700846818872,54.821896745436874
30.0,64.59716528571428,0.07134018405668005,0.07134018405668005,0.4969667453699794,7226.884387262337,59.757339629598356
35.0,64.59716528571428,0.03406944181608463,0.03406944181608463,0.5691727078576013,3503.5372374268545,65.53381662860811
40.0,64.59716528571428,0.016690122195958442,0.016690122195958442,0.6211792769262259,1767.3432073762483,69.69434215409807
45.0,64.59716528571428,0.014716416006877694,0.014716416006877694,0.6264638129507943,1570.1699590870817,70.11710503606355
50.0,64.59716528571428,0.024996981049596335,0.024996981049596335,0.5846898198334615,2597.198406854674,66.77518558667691
55.0,64.59716528571428,0.04563662372679779,0.04563662372679779,0.5191163734052318,4659.098710307099,61.52930987241854
60.0,64.59716528571428,0.07261784521453543,0.07261784521453543,0.45531903470754015,7354.522736932089,56.42552277660321
65.0,64.59716528571428,0.09757704243956727,0.09757704243956727,0.4054371009032506,9847.946539712771,52.43496807226005
70.0,64.59716528571428,0.11028219221046326,0.11028219221046326,0.3709242824937724,11117.19100182528,49.67394259950179
75.0,64.59716528571428,0.10478913906972913,0.10478913906972913,0.3551319987353666,10568.43499306594,48.41055989882933
80.0,64.59716528571428,0.08371957661715575,0.08371957661715575,0.369120086514193,8463.58570405386,49.52960692113544
85.0,64.59716528571428,0.05629724982761189,0.05629724982761189,0.4223655559425879,5724.095257778427,53.78924447540703
90.0,64.59716528571428,0.03207025765163838,0.03207025765163838,0.5056470703299368,3303.818739398674,60.451765626394945
95.0,64.59716528571428,0.016089188691081526,0.016089188691081526,0.584926614440751,1707.3099502390444,66.79412915526008
100.0,64.59716528571428,0.008606458745983411,0.008606458745983411,0.6186821735242103,959.7852287237428,69.49457388193682
105.0,64.59716528571428,0.007518612125659814,0.007518612125659814,0.5868566570100239,851.1093513534155,66.94853256080191
110.0,64.59716528571428,0.010378382876563263,0.010378382876563263,0.503756542683584,1136.80044936867,60.30052341468672
115.0,64.59716528571428,0.014853020627417507,0.014853020627417507,0.4029665720899406,1583.816760679009,52.237325767195244
120.0,64.59716528571428,0.01860790176443229,0.01860790176443229,0.31193242901772744,1958.929386266786,44.9545943214182
125.0,64.59716528571428,0.019738422643804123,0.019738422643804123,0.2403569990027353,2071.868422116032,39.22855992021883
130.0,64.59716528571428,0.01762926180154708,0.01762926180154708,0.18678176011579337,1861.1632539745533,34.94254080926347
135.0,64.59716528571428,0.0132447276778146,0.0132447276778146,0.1510808332530378,1423.1482950136785,32.086466660243026
140.0,64.59716528571428,0.008368599601991317,0.008368599601991317,0.14211433022713177,936.0231002389326,31.36914641817054
145.0,64.59716528571428,0.0044468924340576,0.0044468924340576,0.17696679436977086,544.2445541623542,34.15734354958167
150.0,64.59716528571428,0.0019886766661435826,0.0019886766661435826,0.27034714777412144,298.6687989477439,41.62777182192971
155.0,64.59716528571428,0.0007576621247960524,0.0007576621247960524,0.4163496728852626,175.69044626712565,53.307973830821005
160.0,64.59716528571428,0.0002948899242677246,0.0002948899242677246,0.5757990988882755,129.4595034343457,66.06392791106204
165.0,64.59716528571428,0.0003299978561490843,0.0003299978561490843,0.687986045053603,132.9667858292935,75.03888360428823
170.0,64.59716528571428,0.001047910220003223,0.001047910220003223,0.7077074627129858,204.686230978322,76.61659701703886
175.0,64.59716528571428,0.003431133871471435,0.003431133871471435,0.638231818337065,442.7702737599963,71.0585454669652
180.0,64.59716528571428,0.009805450140188778,0.009805450140188778,0.5273938049831444,1079.564469004859,62.191504398651546
185.0,64.59716528571428,0.02434887983164777,0.02434887983164777,0.4302255517295482,2532.453095181612,54.418044138363854
190.0,64.59716528571428,0.05287703023608136,0.05287703023608136,0.37506165649487383,5382.415320584528,50.00493251958991
195.0,64.59716528571428,0.10104672996437111,0.10104672996437111,0.3598989271787966,10194.568323440673,48.79191417430373
200.0,64.59716528571428,0.1706269080320813,0.1706269080320813,0.3701333575726996,17145.628112404924,49.61066860581597
205.0,64.59716528571428,0.25493283580376097,0.25493283580376097,0.3934278361058606,25567.79029679572,51.47422688846885
210.0,64.59716528571428,0.33661875867889285,0.33661875867889285,0.4217587019623768,33728.213992021396,53.74069615699015
215.0,64.59716528571428,0.3918437241874497,0.3918437241874497,0.4476531174805067,39245.18804632623,55.812249398440535
220.0,64.59716528571428,0.4012960775053376,0.4012960775053376,0.4629828503577638,40189.47814278323,57.038628028621105
225.0,64.59716528571428,0.3615421120456658,0.3615421120456658,0.4612315238530747,36218.05699336201,56.898521908245975
230.0,64.59716528571428,0.28737943866186133,0.28737943866186133,0.43996304673533565,28809.205922319947,55.19704373882685
235.0,64.59716528571428,0.20286715491933224,0.20286715491933224,0.4012465630871597,20366.42877644129,52.09972504697278
240.0,64.59716528571428,0.1286217741777402,0.1286217741777402,0.35004332698390594,12949.315240356247,48.00346615871248
245.0,64.59716528571428,0.07459210141118083,0.07459210141118083,0.2919567296461873,7551.750930976965,43.35653837169498
250.0,64.59716528571428,0.04074166027781808,0.04074166027781808,0.23206653217127216,4170.0918617540265,38.56532257370177
255.0,64.59716528571428,0.02188594228014262,0.02188594228014262,0.17526596555562712,2286.4056337862476,34.02127724445017
260.0,64.59716528571428,0.012232250276988805,0.012232250276988805,0.12677645108377456,1322.0018026711816,30.142116086701964
265.0,64.59716528571428,0.00763701683441722,0.00763701683441722,0.0918649557749805,862.9379817582803,27.34919646199844
270.0,64.59716528571428,0.005869783638916118,0.005869783638916118,0.07536129591358637,686.3913855277202,26.02890367308691
275.0,64.59716528571428,0.006084953342910392,0.006084953342910392,0.08136200531198484,707.8868389567481,26.508960424958786
280.0,64.59716528571428,0.008499896181991958,0.008499896181991958,0.11219201864149841,949.1396285809966,28.975361491319873
285.0,64.59716528571428,0.01459964492841408,0.01459964492841408,0.16617570027103956,1558.5045283485665,33.29405602168316
290.0,64.59716528571428,0.02739701900450115,0.02739701900450115,0.2358117467715725,2836.962198549665,38.8649397417258
295.0,64.59716528571428,0.050550039689856066,0.050550039689856066,0.3087784282986616,5149.948965016621,44.70227426389293
300.0,64.59716528571428,0.08538052275845338,0.08538052275845338,0.3722202768020555,8629.514223569493,49.77762214416444
305.0,64.59716528571428,0.12708990355546093,0.12708990355546093,0.4172664701854361,12796.281365190547,53.38131761483489
310.0,64.59716528571428,0.16412643729329016,0.16412643729329016,0.4398618272245027,16496.231085599688,55.18894617796021
315.0,64.59716528571428,0.1834503275143652,0.1834503275143652,0.43843753709975625,18426.687718685083,55.0750029679805
320.0,64.59716528571428,0.1785784738257865,0.1785784738257865,0.41347299692491984,17939.989535196073,53.07783975399359
325.0,64.59716528571428,0.15334683699574586,0.15334683699574586,0.3708055507250477,15419.349015875012,49.66444405800381
330.0,64.59716528571428,0.1182349288272338,0.1182349288272338,0.32353587713439547,11911.669389840656,45.88287017075164
335.0,64.59716528571428,0.08344918483579636,0.08344918483579636,0.2884709010272592,8436.573565096056,43.07767208218074
340.0,64.59716528571428,0.05476625992306776,0.05476625992306776,0.28109707197797706,5571.149366314469,42.48776575823817
345.0,64.59716528571428,0.03367018851067736,0.03367018851067736,0.31355047133244046,3463.651832216668,45.08403770659524
350.0,64.59716528571428,0.01936005585575695,0.01936005585575695,0.39114312177789257,2034.069579990119,51.29144974223141
355.0,64.59716528571428,0.010330099908979044,0.010330099908979044,0.502391159290225,1131.9769809070065,60.191292743218
360.0,64.59716528571428,0.005061806732574479,0.005061806732574479,0.6119154729329807,605.6744925841904,68.95323783463846
365.0,64.59716528571428,0.00225336581204703,0.00225336581204703,0.6726792357416521,325.1112446234983,73.81433885933217
370.0,64.59716528571428,0.0009029177065242378,0.0009029177065242378,0.6549563935921322,190.20147888177135,72.39651148737057
375.0,64.59716528571428,0.0003241568026021369,0.0003241568026021369,0.5657548547250079,132.38326457995348,65.26038837800063
380.0,64.59716528571428,0.00010504941252048285,0.00010504941252048285,0.4396089648247545,110.49443631079623,55.168717185980356
385.0,64.59716528571428,3.186146294069792e-05,3.186146294069792e-05,0.3126939156800948,103.18296014777572,45.01551325440758
390.0,64.59716528571428,9.888983611999995e-06,9.888983611999995e-06,0.20582700933856363,100.9879094628388,36.46616074708509
395.0,64.59716528571428,3.548111832387942e-06,3.548111832387942e-06,0.12497972706047195,100.35445637205555,29.998378164837757
400.0,64.59716528571428,1.5149241299695203e-06,1.5149241299695203e-06,0.06890708930406589,100.15134092058395,25.51256714432527
0.0,69.566178,0.18901163444821653,0.18901163444821653,0.18280570701917062,18982.262281376832,34.62445656153365
5.0,69.566178,0.24534295164826767,0.24534295164826767,0.26457553699422165,24609.76086966194,41.166042959537734
10.0,69.566178,0.2678268675419287,0.2678268675419287,0.3359474670524427,26855.904067438678,46.87579736419542
15.0,69.566178,0.2458844709562237,0.2458844709562237,0.38320754518535205,24663.858648526748,50.656603614828164
20.0,69.566178,0.18985791869784363,0.18985791869784363,0.4089228931371649,19066.806077914578,52.71383145097319
25.0,69.566178,0.12335747331837221,0.12335747331837221,0.4309075042742372,12423.411584505384,54.47260034193897
30.0,69.566178,0.06772745505692158,0.06772745505692158,0.4661341493841963,6865.972760186466,57.290731950735704
35.0,69.566178,0.03250151487786305,0.03250151487786305,0.5128949694808189,3346.9013362985183,61.03159755846551
40.0,69.566178,0.017034833305894614,0.017034833305894614,0.5500700529851666,1801.779847258872,64.00560423881333
45.0,69.566178,0.01760276542098201,0.01760276542098201,0.556139693829062,1858.5162655561028,64.49117550632496
50.0,69.566178,0.032127273520645594,0.032127273520645594,0.5282503329838211,3309.514624712495,62.26002663870568
55.0,69.566178,0.05935917551993835,0.05935917551993835,0.48187531478047446,6029.981634441841,58.550025182437956
60.0,69.566178,0.09460437344652017,0.09460437344652017,0.43494854210804434,9550.976907307366,54.795883368643544
65.0,69.566178,0.12714991807473966,0.12714991807473966,0.3959735638109135,12802.276815666492,51.67788510487308
70.0,69.566178,0.14371164834837838,0.14371164834837838,0.3663753167678744,14456.793670003,49.31002534142995
75.0,69.566178,0.1365518011700527,0.1365518011700527,0.349860346589599,13741.524936888265,47.98882772716792
80.0,69.566178,0.10907956038217113,0.10907956038217113,0.3558973672527825,10997.048082178897,48.4717893802226
85.0,69.566178,0.07328054951890595,0.07328054951890595,0.39174145021148343,7420.726896938704,51.33931601691867
90.0,69.566178,0.04149304283947424,0.04149304283947424,0.44947172817149506,4245.154979663476,55.957738253719604
95.0,69.566178,0.020059142642099386,0.020059142642099386,0.5024136836856898,2103.9083499457283,60.19309469485519
100.0,69.566178,0.008906206642784324,0.008906206642784324,0.5195569009427395,989.7300436141539,61.564552075419165
105.0,69.566178,0.004868695948712461,0.004868695948712461,0.48794668786951684,586.3827252763749,59.035735029561344
110.0,69.566178,0.0046935798690602975,0.0046935798690602975,0.42142817432547497,568.8886289191237,53.714253946038
115.0,69.566178,0.00606635656960465,0.00606635656960465,0.34695970787021174,706.0290213035046,47.75677662961694
120.0,69.566178,0.0074423596040243825,0.0074423596040243825,0.28347646758180617,843.4917244420358,42.678117406544494
125.0,69.566178,0.007854526391887415,0.007854526391887415,0.23376171129892281,884.6671865495528,38.70093690391383
130.0,69.566178,0.007002159265303218,0.007002159265303218,0.19315617418261058,799.5157106037915,35.452493934608846
135.0,69.566178,0.0052552185075982185,0.0052552185075982185,0.1634796536189638,624.9963289090621,33.078372289517105
140.0,69.566178,0.0033179258851035198,0.0033179258851035198,0.16055624628272322,431.4607959218416,32.84449970261786
145.0,69.566178,0.0017621129882519906,0.0017621129882519906,0.21065952315377098,276.0350875263739,36.85276185230168
150.0,69.566178,0.000789757323314786,0.000789757323314786,0.33495158590879365,178.89675659914712,46.796126872703496
155.0,69.566178,0.00031517165385518895,0.00031517165385518895,0.5260283200518777,131.48564822013338,62.082265604150216
160.0,69.566178,0.00019809769512180698,0.00019809769512180698,0.7329776412261932,119.78995974266851,78.63821129809546
165.0,69.566178,0.000494003372656319,0.000494003372656319,0.8773872521572911,149.35093692836625,90.19098017258328
170.0,69.566178,0.0017900269833319893,0.0017900269833319893,0.9008221785807412,278.82369563486577,92.0657742864593
175.0,69.566178,0.0057896144019905366,0.0057896144019905366,0.806824733113578,678.3824787588546,84.54597864908624
180.0,69.566178,0.016092673491413616,0.016092673491413616,0.6561974467539735,1707.6580817922202,72.49579574031787
185.0,69.566178,0.03856839534687503,0.03856839534687503,0.5198123502343917,3952.9826951528153,61.58498801875133
190.0,69.566178,0.08024141408501476,0.08024141408501476,0.4354465411625724,8116.1172670929745,54.83572329300579
195.0,69.566178,0.14599999595031854,0.14599999595031854,0.40244601203736174,14685.399595436822,52.19568096298894
200.0,69.566178,0.2339723323084873,0.2339723323084873,0.4033480210356005,23473.83599761788,52.267841682848044
205.0,69.566178,0.33214533526171997,0.33214533526171997,0.4224668506275811,33281.31899264582,53.79734805020649
210.0,69.566178,0.4193049667306458,0.4193049667306458,0.4492837189768475,41988.56617639152,55.942697518147796
215.0,69.566178,0.47183095230868644,0.47183095230868644,0.47514554171422463,47235.91213563777,58.01164333713797
220.0,69.566178,0.47416264393998225,0.47416264393998225,0.49261740089634665,47468.84812960423,59.40939207170773
225.0,69.566178,0.42676133565417385,0.42676133565417385,0.49737647864876766,42733.457431851966,59.790118291901415
230.0,69.566178,0.345665728790042,0.345665728790042,0.48864575590619724,34632.00630612519,59.09166047249578
235.0,69.566178,0.25391463258648084,0.25391463258648084,0.4672735125026802,25466.071795389435,57.38188100021441
240.0,69.566178,0.1712382829645541,0.1712382829645541,0.4336364513614801,17206.704468158954,54.69091610891841
245.0,69.566178,0.10817271558329564,0.10817271558329564,0.3874779498792471,10906.454286771233,50.998235990339765
250.0,69.566178,0.06603284741780183,0.06603284741780183,0.3299556417622797,6696.681457038402,46.39645134098238
255.0,69.566178,0.04056216236101463,0.04056216236101463,0.2659465435227291,4152.160019865361,41.27572348181833
260.0,69.566178,0.026196123173877574,0.026196123173877574,0.2040492744061489,2716.9927050703695,36.32394195249191
265.0,69.566178,0.018695122620671325,0.018695122620671325,0.15419777436313228,1967.6427498050653,32.33582194905058
270.0,69.566178,0.01564815852611542,0.01564815852611542,0.1251239389894844,1663.2510367589305,30.00991511915875
275.0,69.566178,0.015842841073432125,0.015842841073432125,0.12259015441610319,1682.6998232358692,29.807212353288257
280.0,69.566178,0.01867124049479485,0.01867124049479485,0.1473994923604365,1965.2569254300054,31.79195938883492
285.0,69.566178,0.02406498351423362,0.02406498351423362,0.19365380539555208,2504.0918530719387,35.492304431644165
290.0,69.566178,0.0327848954451353,0.0327848954451353,0.24984840669171926,3375.2110549690165,39.987872535337544
295.0,69.566178,0.04627961257156556,0.04627961257156556,0.3037055307946607,4723.3332958994,44.29644246357286
300.0,69.566178,0.06519637334751754,0.06519637334751754,0.34752638777260764,6613.117697417003,47.802111021808614
305.0,69.566178,0.08700391687642936,0.08700391687642936,0.3793094333440116,8791.691295955294,50.34475466752093
310.0,69.566178,0.10523995138360263,0.10523995138360263,0.3984741232904864,10613.471143221903,51.87792986323892
315.0,69.566178,0.11247342738984023,0.11247342738984023,0.4011425484646608,11336.095396245039,52.091403877172866
320.0,69.566178,0.10526300477231071,0.10526300477231071,0.3816813662590751,10615.77417675384,50.53450930072601
325.0,69.566178,0.08655261806615254,0.08655261806615254,0.34029771310559975,8746.60654480864,47.223817048447984
330.0,69.566178,0.06328770855392997,0.06328770855392997,0.28815171390644473,6422.442084537604,43.05213711251558
335.0,69.566178,0.041889187354003474,0.041889187354003474,0.24381336511651217,4284.729816664947,39.50506920932097
340.0,69.566178,0.025571801975181437,0.025571801975181437,0.22549464682275377,2654.6230173206254,38.039571745820304
345.0,69.566178,0.014598426556498198,0.014598426556498198,0.24625775341013662,1558.3828129941699,39.70062027281093
350.0,69.566178,0.00783170195443748,0.00783170195443748,0.31074389564231425,882.3870252483043,44.85951165138514
355.0,69.566178,0.003933274343217789,0.003933274343217789,0.40852910642988227,492.9341068874571,52.68232851439058
360.0,69.566178,0.001832149526111232,0.001832149526111232,0.5096299991427425,283.03173765851204,60.770399931419405
365.0,69.566178,0.0007825301719228448,0.0007825301719228448,0.574315089761283,178.1747641750922,65.94520718090264
370.0,69.566178,0.0003034125526226654,0.0003034125526226654,0.575609314571818,130.31091400700427,66.04874516574543
375.0,69.566178,0.00010693447207582453,0.00010693447207582453,0.5148306157696134,110.68275376037487,61.186449261569074
380.0,69.566178,3.595413162950312e-05,3.595413162950312e-05,0.41584340248563784,103.59181774978737,53.267472198851024
385.0,69.566178,1.3803250338156071e-05,1.3803250338156071e-05,0.3067590602599628,101.37894470878179,44.540724820797024
390.0,69.566178,7.683229959071797e-06,7.683229959071797e-06,0.20726194680686894,100.76755467291127,36.58095574454951
395.0,69.566178,5.595554008202313e-06,5.595554008202313e-06,0.12724709914890672,100.55899584541942,30.179767931912536
400.0,69.566178,4.075189992378697e-06,4.075189992378697e-06,0.06992986907125136,100.40711148023863,25.59438952570011
0.0,74.5351907142857,0.18784309158109033,0.18784309158109033,0.1945143087156255,18865.524848950925,35.56114469725004
5.0,74.5351907142857,0.24184352843919896,0.24184352843919896,0.28388678570876674,24260.168491075976,42.71094285670134
10.0,74.5351907142857,0.2618656540390224,0.2618656540390224,0.3623269967804372,26260.378838498338,48.98615974243498
15.0,74.5351907142857,0.2384685942323696,0.2384685942323696,0.41066198623524525,23923.01256381372,52.85295889881962
20.0,74.5351907142857,0.1826513271555619,0.1826513271555619,0.42490332537558284,18346.867582840634,53.99226603004663
25.0,74.5351907142857,0.11773566861515515,0.11773566861515515,0.41962195063337804,11861.793294654,53.56975605067024
30.0,74.5351907142857,0.06418134370144579,0.06418134370144579,0.4162770788922366,6511.716235774435,53.302166311378926
35.0,74.5351907142857,0.030777883174468744,0.030777883174468744,0.42571737701659573,3174.7105291294274,54.05739016132766
40.0,74.5351907142857,0.01671936310756129,0.01671936310756129,0.44167425404731187,1770.264374445373,55.33394032378495
45.0,74.5351907142857,0.018653282276484804,0.018653282276484804,0.45088332528419944,1963.462899420832,56.070666022735956
50.0,74.5351907142857,0.035080914679951135,0.035080914679951135,0.44697055955422127,3604.583376527118,55.7576447643377
55.0,74.5351907142857,0.06512500381167675,0.06512500381167675,0.4331617821439458,6605.987880786508,54.652942571515666
60.0,74.5351907142857,0.10385828894784378,0.10385828894784378,0.41485722482542,10475.443065889594,53.1885779860336
65.0,74.5351907142857,0.13959910053710084,0.13959910053710084,0.3941402968837798,14045.950143656373,51.53122375070238
70.0,74.5351907142857,0.15778553714683705,0.15778553714683705,0.37204411729522746,15862.77516096902,49.7635293836182
75.0,74.5351907142857,0.14992854236317518,0.14992854236317518,0.35337269625840323,15077.8613820812,48.269815700672254
80.0,74.5351907142857,0.11977329515290744,0.11977329515290744,0.3466703564197362,12065.352185775453,47.73362851357889
85.0,74.5351907142857,0.0804742730307542,0.0804742730307542,0.35763688973894286,8139.379875772345,48.61095117911543
90.0,74.5351907142857,0.04554953993498261,0.04554953993498261,0.3812557322700912,4650.399039504763,50.50045858160729
95.0,74.5351907142857,0.02188213397780242,0.02188213397780242,0.4011409579827455,2286.0251843824617,52.09127663861964
100.0,74.5351907142857,0.00924488376292695,0.00924488376292695,0.39998853803335527,1023.5638879164022,51.99908304266842
105.0,74.5351907142857,0.0039950531756185225,0.0039950531756185225,0.37371615641279077,499.1058122442904,49.89729251302326
110.0,74.5351907142857,0.002515052388030605,0.002515052388030605,0.3352663414159856,351.25373356425746,46.82130731327885
115.0,74.5351907142857,0.0024988878158632016,0.0024988878158632016,0.30273915107370053,349.6388928047338,44.21913208589604
120.0,74.5351907142857,0.0027666764119220065,0.0027666764119220065,0.2831261333573478,376.39097355100847,42.65009066858782
125.0,74.5351907142857,0.002789973911198569,0.002789973911198569,0.26803522217462833,378.71839372873706,41.44281777397026
130.0,74.5351907142857,0.0024275447362055256,0.0024275447362055256,0.24550797995099455,342.511719146932,39.64063839607957
135.0,74.5351907142857,0.0017965076945028334,0.0017965076945028334,0.21694898986234468,279.47111868083306,37.35591918898757
140.0,74.5351907142857,0.0011248568485997454,0.0011248568485997454,0.20511465342068058,212.37319917511456,36.40917227365445
145.0,74.5351907142857,0.0005948667220097747,0.0005948667220097747,0.24662110168144807,159.42718552877648,39.72968813451585
150.0,74.5351907142857,0.00026936364171766783,0.00026936364171766783,0.370447009124285,126.90942780759502,49.6357607299428
155.0,74.5351907142857,0.00012947776991525502,0.00012947776991525502,0.570621153198348,112.93482921453398,65.64969225586785
160.0,74.5351907142857,0.00019057563847732473,0.00019057563847732473,0.7913326915961559,119.03850628388474,83.30661532769247
165.0,74.5351907142857,0.0007149713480066625,0.0007149713480066625,0.9463248522123799,171.42563766586557,95.70598817699039
170.0,74.5351907142857,0.00265895112323963,0.00265895112323963,0.9712368790970762,365.62921721163906,97.6989503277661
175.0,74.5351907142857,0.008494496599072235,0.008494496599072235,0.8690498423007819,948.6002102473163,89.52398738406255
180.0,74.5351907142857,0.02317539590780107,0.02317539590780107,0.7050167703326713,2415.2220511893265,76.4013416266137
185.0,74.5351907142857,0.05423651769885942,0.05423651769885942,0.555980464756391,5518.228118116056,64.47843718051128
190.0,74.5351907142857,0.10955442518502555,0.10955442518502555,0.46372495061253427,11044.487075984052,57.097996049002745
195.0,74.5351907142857,0.19242673753702177,0.19242673753702177,0.4283384678545687,19323.431079948474,54.267077428365496
200.0,74.5351907142857,0.29633179992333963,0.29633179992333963,0.43042428102481695,29703.54681234163,54.433942481985355
205.0,74.5351907142857,0.4035037240540255,0.4035037240540255,0.4511335900200211,40410.02203299715,56.09068720160169
210.0,74.5351907142857,0.48977821353280615,0.48977821353280615,0.47745431805045,49028.843531927334,58.196345444036
215.0,74.5351907142857,0.5339513215983516,0.5339513215983516,0.5007524755451378,53441.73702767532,60.060198043611024
220.0,74.5351907142857,0.5265661493062189,0.5265661493062189,0.516664303018265,52703.95831569127,61.333144241461206
225.0,74.5351907142857,0.4731068024299262,0.4731068024299262,0.5253020202499108,47363.36956274963,62.02416161999287
230.0,74.5351907142857,0.3902275700230897,0.3902275700230897,0.5285824425217607,39083.73424530666,62.286595401740854
235.0,74.5351907142857,0.2981830470050096,0.2981830470050096,0.5260264337536226,29888.486395800457,62.08211470028981
240.0,74.5351907142857,0.21394667520356417,0.21394667520356417,0.512947656024018,21473.27285283606,61.03581248192144
245.0,74.5351907142857,0.14731923183498946,0.14731923183498946,0.48290369489360246,14817.191260315447,58.632295591488194
250.0,74.5351907142857,0.10037066605281757,0.10037066605281757,0.4327920027280563,10127.029538676476,54.6233602182445
255.0,74.5351907142857,0.06988665961679767,0.06988665961679767,0.3666771924084685,7081.677295718087,49.33417539267748
260.0,74.5351907142857,0.051205950844636014,0.051205950844636014,0.29528753595707713,5215.474489379138,43.62300287656617
265.0,74.5351907142857,0.04087272366917344,0.04087272366917344,0.2321724021181184,4183.185094550427,38.573792169449476
270.0,74.5351907142857,0.03698859830974133,0.03698859830974133,0.18981868324542975,3795.160971143159,35.18549465963438
275.0,74.5351907142857,0.038306438381551185,0.038306438381551185,0.17651695596760403,3926.8131943169633,34.12135647740833
280.0,74.5351907142857,0.04337622048216271,0.04337622048216271,0.19287934341228574,4433.284426168055,35.43034747298286
285.0,74.5351907142857,0.05025923102221271,0.05025923102221271,0.22989835133066208,5120.89717911905,38.39186810645297
290.0,74.5351907142857,0.056992976734829406,0.056992976734829406,0.2725357741826639,5793.598375809458,41.80286193461311
295.0,74.5351907142857,0.0625067536197456,0.0625067536197456,0.30818860884923727,6344.424686612586,44.65508870793898
300.0,74.5351907142857,0.06685560004604267,0.06685560004604267,0.33304893125684903,6778.874444599663,46.64391450054792
305.0,74.5351907142857,0.07008069662883298,0.07008069662883298,0.3502334642126,7101.0615932204155,48.018677137008
310.0,74.5351907142857,0.07090362125147519,0.07090362125147519,0.36160692669901995,7183.2717630223715,48.928554135921594
315.0,74.5351907142857,0.0671620504878324,0.0671620504878324,0.3619635178651203,6809.488843734457,48.95708142920962
320.0,74.5351907142857,0.05787557824134299,0.05787557824134299,0.3423765162733317,5881.7702663101645,47.390121301866536
325.0,74.5351907142857,0.04463510329473348,0.04463510329473348,0.30003473268352865,4559.046819143875,44.00277861468229
330.0,74.5351907142857,0.030733101361046886,0.030733101361046886,0.24442027384409734,3170.236825968584,39.553621907527784
335.0,74.5351907142857,0.01906068087818528,0.01906068087818528,0.19358492992246026,2004.1620197307095,35.48679439379682
340.0,74.5351907142857,0.010817456257613245,0.010817456257613245,0.16527243874005185,1180.6638801355632,33.221795099204144
345.0,74.5351907142857,0.005711848970390037,0.005711848970390037,0.17109845877768506,670.6137121419647,33.68787670221481
350.0,74.5351907142857,0.002837308718673005,0.002837308718673005,0.21437946974291858,383.4471409954332,37.15035757943349
355.0,74.5351907142857,0.0013289417169807735,0.0013289417169807735,0.28719192810964944,232.76127752637927,42.97535424877196
360.0,74.5351907142857,0.0005842069077418086,0.0005842069077418086,0.368344693219819,158.36227008340668,49.46757545758552
365.0,74.5351907142857,0.00024043962554600847,0.00024043962554600847,0.4294510589112722,124.01991859204625,54.356084712901776
370.0,74.5351907142857,9.577131145762453e-05,9.577131145762453e-05,0.448756701513212,109.56755401461669,55.90053612105696
375.0,74.5351907142857,4.3906839915335696e-05,4.3906839915335696e-05,0.4214431456014808,104.38629330754203,53.71545164811846
380.0,74.5351907142857,3.140023736720708e-05,3.140023736720708e-05,0.35811151085339155,103.13688371298399,48.648920868271325
385.0,74.5351907142857,3.2083323296065555e-05,3.2083323296065555e-05,0.276018468549092,103.20512399727694,42.08147748392736
390.0,74.5351907142857,3.3470220207434986e-05,3.3470220207434986e-05,0.1919935153483345,103.34367499872276,35.35948122786676
395.0,74.5351907142857,3.073223527352085e-05,3.073223527352085e-05,0.1191950740164788,103.07015030382473,29.535605921318304
400.0,74.5351907142857,2.3954138998290276e-05,2.3954138998290276e-05,0.06519780079464028,102.3930184859292,25.215824063571223
0.0,79.50420342857143,0.19010457119225505,0.19010457119225505,0.20645437799966096,19091.44666210628,36.51635023997288
5.0,79.50420342857143,0.24319075053808611,0.24319075053808611,0.3028193041913891,24394.7559787548,44.22554433531113
10.0,79.50420342857143,0.26162198667358166,0.26162198667358166,0.3872798537394029,26236.036468690807,50.982388299152234
15.0,79.50420342857143,0.23668975511847504,0.23668975511847504,0.43566021111258174,23745.306536335655,54.85281688900654
20.0,79.50420342857143,0.1800914961133187,0.1800914961133187,0.43814889613906743,18091.140461720537,55.0519116911254
25.0,79.50420342857143,0.11530774767863998,0.11530774767863998,0.4066736838551604,11619.243993096134,52.53389470841283
30.0,79.50420342857143,0.062416686733794066,0.062416686733794066,0.36739666687670225,6335.427004706027,49.39173335013618
35.0,79.50420342857143,0.029667332042951727,0.029667332042951727,0.34362600107630786,3063.7664710908775,47.490080086104626
40.0,79.50420342857143,0.015850727266723697,0.015850727266723697,0.3435819382770641,1683.4876539456973,47.48655506216513
45.0,79.50420342857143,0.017353890932187605,0.017353890932187605,0.3613895277493007,1833.6537041255417,48.91116221994406
50.0,79.50420342857143,0.03246833162827235,0.03246833162827235,0.385657223491918,3343.5863296644075,50.85257787935344
55.0,79.50420342857143,0.06023948636775718,0.06023948636775718,0.4058220886014819,6117.924688138943,52.465767088118554
60.0,79.50420342857143,0.09606259026180756,0.09606259026180756,0.41425617442798246,9696.652767154575,53.14049395423859
65.0,79.50420342857143,0.12912187891468516,0.12912187891468516,0.4077007569759501,12999.275703577046,52.61606055807601
70.0,79.50420342857143,0.14594969352621773,0.14594969352621773,0.3887864240381667,14680.37438326915,51.102913923053336
75.0,79.50420342857143,0.13870287643189205,0.13870287643189205,0.3651809909636536,13956.417355546017,49.21447927709229
80.0,79.50420342857143,0.11086364162070385,0.11086364162070385,0.34552077544266363,11175.277797908315,47.64166203541309
85.0,79.50420342857143,0.07462502954273137,0.07462502954273137,0.33429968156798057,7555.040451318864,46.743974525438446
90.0,79.50420342857143,0.042507865417197546,0.042507865417197546,0.32902888711290906,4346.535755178035,46.32231096903273
95.0,79.50420342857143,0.020853229305269186,0.020853229305269186,0.3222963083887713,2183.2376075963916,45.7837046711017
100.0,79.50420342857143,0.009353071096046873,0.009353071096046873,0.3087364808926905,1034.3718024950826,44.69891847141524
105.0,79.50420342857143,0.004488106691214728,0.004488106691214728,0.2922482766506365,548.3618584523513,43.37986213205092
110.0,79.50420342857143,0.002803889521057027,0.002803889521057027,0.28570558191181694,380.108563153597,42.85644655294536
115.0,79.50420342857143,0.002211072928000616,0.002211072928000616,0.29994010793619086,320.88618550726153,43.99520863489527
120.0,79.50420342857143,0.001830976443578747,0.001830976443578747,0.3301335427657007,282.91454671351687,46.41068342125606
125.0,79.50420342857143,0.0014340275287640016,0.0014340275287640016,0.35419209360192533,243.25935012352375,48.33536748815403
130.0,79.50420342857143,0.001025961668953055,0.001025961668953055,0.3489166307254251,202.4935707284102,47.91333045803401
135.0,79.50420342857143,0.0006597107089592587,0.0006597107089592587,0.31236118793884854,165.90509982502994,44.98889503510789
140.0,79.50420342857143,0.00037569073884059946,0.00037569073884059946,0.27324224956287446,137.53150481017587,41.85937996502996
145.0,79.50420342857143,0.00018746547375034014,0.00018746547375034014,0.27841857446406937,118.72780082765898,42.27348595712555
150.0,79.50420342857143,8.629095601941132e-05,8.629095601941132e-05,0.364889647896983,108.62046650633918,49.19117183175864
155.0,79.50420342857143,6.869618790853572e-05,6.869618790853572e-05,0.5308978471260143,106.86274917206272,62.47182777008114
160.0,79.50420342857143,0.00021494985873323597,0.00021494985873323597,0.7241446814223885,121.47349088745028,77.93157451379108
165.0,79.50420342857143,0.0009097505136234309,0.0009097505136234309,0.8632060731596763,190.88407631098073,89.0564858527741
170.0,79.50420342857143,0.0033852589494959198,0.0033852589494959198,0.887398766403181,438.1873690546424,90.99190131225448
175.0,79.50420342857143,0.010711663683012232,0.010711663683012232,0.798346734363998,1170.095201932922,83.86773874911984
180.0,79.50420342857143,0.028851697352677758,0.028851697352677758,0.6548504188867313,2982.284565532508,72.3880335109385
185.0,79.50420342857143,0.06642799653622417,0.06642799653622417,0.5265324194096528,6736.156853968794,62.12259355277222
190.0,79.50420342857143,0.13147169940014988,0.13147169940014988,0.45134053782734185,13234.022770074973,56.10724302618735
195.0,79.50420342857143,0.22526155312631255,0.22526155312631255,0.4290522122742095,22603.629157318624,54.32417698193676
200.0,79.50420342857143,0.33699976106013285,0.33699976106013285,0.44072876863185023,33766.27612990727,55.25830149054802
205.0,79.50420342857143,0.44458708319511697,0.44458708319511697,0.4669344440373669,44514.24961119219,57.35475552298935
210.0,79.50420342857143,0.522936205448791,0.522936205448791,0.49396260960438304,52341.32692433422,59.51700876835064
215.0,79.50420342857143,0.5549551426325903,0.5549551426325903,0.5144516160104081,55540.01874899577,61.15612928083265
220.0,79.50420342857143,0.5379650357691751,0.5379650357691751,0.5279011335934866,53842.70707334059,62.23209068747892
225.0,79.50420342857143,0.48221946964471535,0.48221946964471535,0.5391251395329121,48273.725017507066,63.13001116263297
230.0,79.50420342857143,0.40434207361055297,0.40434207361055297,0.5527110015188341,40493.773153694245,64.21688012150673
235.0,79.50420342857143,0.32098608264082434,0.32098608264082434,0.5670611626852973,32166.50965581835,65.36489301482378
240.0,79.50420342857143,0.24516828249360803,0.24516828249360803,0.5732755260465919,24592.31142111144,65.86204208372735
245.0,79.50420342857143,0.18436226424221333,0.18436226424221333,0.5600446387309448,18517.790197797112,64.80357109847559
250.0,79.50420342857143,0.14000673106062866,0.14000673106062866,0.5209256872008333,14086.672432956804,61.674054976066664
255.0,79.50420342857143,0.10947238514063981,0.10947238514063981,0.45877227146485006,11036.291275549916,56.701781717188005
260.0,79.50420342857143,0.08956109441146873,0.08956109441146873,0.3846983785285479,9047.153331705726,50.77587028228383
265.0,79.50420342857143,0.07857867639378809,0.07857867639378809,0.313767051160216,7950.00977173943,45.10136409281728
270.0,79.50420342857143,0.07592303117685917,0.07592303117685917,0.26094573748517397,7684.7108145682305,40.87565899881392
275.0,79.50420342857143,0.08074651833604861,0.08074651833604861,0.23723911541382747,8166.577181771256,38.9791292331062
280.0,79.50420342857143,0.0908997597861134,0.0908997597861134,0.24461608991344885,9180.886002632727,39.56928719307591
285.0,79.50420342857143,0.10235082579798319,0.10235082579798319,0.2730798537297007,10324.84749721852,41.846388298376056
290.0,79.50420342857143,0.10981813443707872,0.10981813443707872,0.30543195513013105,11070.831630264163,44.43455641041048
295.0,79.50420342857143,0.10911043159351815,0.10911043159351815,0.3281503651497908,11000.132116192462,46.25202921198326
300.0,79.50420342857143,0.09952726713734097,0.09952726713734097,0.33862303322089965,10042.773987020364,47.08984265767197
305.0,79.50420342857143,0.08390973044217485,0.08390973044217485,0.3417581336078734,8482.582071173269,47.34065068862987
310.0,79.50420342857143,0.0663081674017138,0.0663081674017138,0.3402830786213842,6724.185923431209,47.22264628971074
315.0,79.50420342857143,0.04964952016745162,0.04964952016745162,0.3293842238107343,5059.987064728417,46.35073790485875
320.0,79.50420342857143,0.03520639204861263,0.03520639204861263,0.30111072296340957,3617.1185656564016,44.088857837072766
325.0,79.50420342857143,0.02337960953097918,0.02337960953097918,0.25365767468233086,2435.6229921448203,40.29261397458647
330.0,79.50420342857143,0.014350709099058579,0.014350709099058579,0.19598724616836308,1533.635838995952,35.678979693469046
335.0,79.50420342857143,0.008089793043318852,0.008089793043318852,0.14364192631835018,908.1703250275533,31.491354105468012
340.0,79.50420342857143,0.00420241993390347,0.00420241993390347,0.11073352037230579,519.8217513969566,28.858681629784463
345.0,79.50420342857143,0.0020332169127862815,0.0020332169127862815,0.10527199157989904,303.11836958734955,28.42175932639192
350.0,79.50420342857143,0.0009272973679034825,0.0009272973679034825,0.1287265805133742,192.6370070535579,30.298126441069936
355.0,79.50420342857143,0.0004026689537410362,0.0004026689537410362,0.17594221947736727,140.2266284787295,34.07537755818938
360.0,79.50420342857143,0.00017063006661938233,0.00017063006661938233,0.23459479356022436,117.04594365527629,38.76758348481795
365.0,79.50420342857143,8.087083181405767e-05,8.087083181405767e-05,0.28752159409035355,108.07899609822437,43.00172752722828
370.0,79.50420342857143,6.229816362467657e-05,6.229816362467657e-05,0.3187166646560297,106.2235865461052,45.49733317248238
375.0,79.50420342857143,8.172285346721948e-05,8.172285346721948e-05,0.31890880690924783,108.16411306137522,45.51270455273983
380.0,79.50420342857143,0.00011875305248054565,0.00011875305248054565,0.2875542615111338,111.8634299428065,43.0043409208907
385.0,79.50420342857143,0.00015406282151451007,0.00015406282151451007,0.23217819875578224,115.39087586929955,38.574255900462575
390.0,79.50420342857143,0.00016995085368330575,0.00016995085368330575,0.16615283245443568,116.97809028296224,33.29222659635485
395.0,79.50420342857143,0.00015794487599964796,0.00015794487599964796,0.1042023851594916,115.77869311236483,28.336190812759327
400.0,79.50420342857143,0.00012344667652392784,0.00012344667652392784,0.05671205207631417,112.33232298474039,24.536964166105133
0.0,84.47321614285714,0.1962971449743932,0.1962971449743932,0.2155329662108616,19710.08478294188,37.24263729686893
5.0,84.47321614285714,0.25051854835950893,0.25051854835950893,0.3159546701532632,25126.802981114943,45.276373612261054
10.0,84.47321614285714,0.26884746366261963,0.26884746366261963,0.4028667917443003,26957.861619895702,52.22934333954402
15.0,84.47321614285714,0.2426145124097199,0.2426145124097199,0.44903873967002494,24337.18978973102,55.923099173602
20.0,84.47321614285714,0.1841179956693239,0.1841179956693239,0.44159379610469884,18493.387767365457,55.327503688375906
25.0,84.47321614285714,0.11755223600562845,0.11755223600562845,0.3917741955083177,11843.468376962282,51.34193564066542
30.0,84.47321614285714,0.06336900091071863,0.06336900091071863,0.33004593453288944,6430.563190980792,46.403674762631155
35.0,84.47321614285714,0.029703765565591126,0.029703765565591126,0.28920849768365803,3067.4061800025534,43.13667981469264
40.0,84.47321614285714,0.01482628905107607,0.01482628905107607,0.28771316481701464,1581.1462762024994,43.01705318536117
45.0,84.47321614285714,0.014304040692529276,0.014304040692529276,0.3232800154659115,1528.9736651836747,45.86240123727292
50.0,84.47321614285714,0.02550674050171885,0.02550674050171885,0.3773797462827685,2648.123376121713,50.19037970262148
55.0,84.47321614285714,0.046984746186352545,0.046984746186352545,0.4256979429045392,4793.77614401662,54.05583543236314
60.0,84.47321614285714,0.07486168612821738,0.07486168612821738,0.44972641439742367,7578.682444208916,55.97811315179389
65.0,84.47321614285714,0.10062062993010733,0.10062062993010733,0.44443415129485714,10152.000930017723,55.55473210358857
70.0,84.47321614285714,0.11375616212804608,0.11375616212804608,0.4177590415923226,11464.240596591804,53.42072332738581
75.0,84.47321614285714,0.108184871842848,0.108184871842848,0.38304468835335775,10907.668697100515,50.64357506826862
80.0,84.47321614285714,0.08668688246794565,0.08668688246794565,0.35076597025886275,8760.01955854777,48.06127762070902
85.0,84.47321614285714,0.05886477848433352,0.05886477848433352,0.3248234520168092,5980.591370584918,45.985876161344734
90.0,84.47321614285714,0.034565701334123816,0.034565701334123816,0.30384474230129693,3553.113563278969,44.307579384103754
95.0,84.47321614285714,0.018710778595462038,0.018710778595462038,0.28524631059346595,1969.2067816866577,42.819704847477276
100.0,84.47321614285714,0.010836310859395995,0.010836310859395995,0.27014512793102907,1182.54745485366,41.61161023448233
105.0,84.47321614285714,0.007806228582470531,0.007806228582470531,0.2669320543439469,879.8422353888061,41.35456434751575
110.0,84.47321614285714,0.0065753629443010666,0.0065753629443010666,0.2890461420684769,756.8787581356765,43.12369136547815
115.0,84.47321614285714,0.005452330965437972,0.005452330965437972,0.3436326329060038,644.6878634472533,47.490610632480305
120.0,84.47321614285714,0.004038626779087084,0.004038626779087084,0.41735319962232026,503.4588152307997,53.38825596978562
125.0,84.47321614285714,0.0025936146279852785,0.0025936146279852785,0.47522572795780144,359.10210133572934,58.018058236624114
130.0,84.47321614285714,0.0014404333951547714,0.0014404333951547714,0.48147184080871747,243.89929617596167,58.5177472646974
135.0,84.47321614285714,0.0006971492514314375,0.0006971492514314375,0.42885695053822626,169.6452102180006,54.308556043058104
140.0,84.47321614285714,0.0002975768109719266,0.0002975768109719266,0.35033554616892726,129.72792341609545,48.02684369351418
145.0,84.47321614285714,0.00011415632092940489,0.00011415632092940489,0.30132600588295283,111.40421646084755,44.10608047063623
150.0,84.47321614285714,4.571783712195361e-05,4.571783712195361e-05,0.32563133113128845,104.56721192848316,46.050506490503075
155.0,84.47321614285714,5.5251833494371785e-05,5.5251833494371785e-05,0.4271078662852589,105.51965816608774,54.16862930282071
160.0,84.47321614285714,0.00022879510744341406,0.00022879510744341406,0.5631469439082399,122.85663123359706,65.0517555126592
165.0,84.47321614285714,0.0009904620118671977,0.0009904620118671977,0.6667411462785933,198.94715498553305,73.33929170228745
170.0,84.47321614285714,0.003671086951636583,0.003671086951636583,0.6881811462134767,466.74158646849463,75.05449169707813
175.0,84.47321614285714,0.011534264928965877,0.011534264928965877,0.6272375145004057,1252.273066403691,70.17900116003246
180.0,84.47321614285714,0.030786920922793167,0.030786920922793167,0.5281511894723356,3175.6134001870373,62.252095157786854
185.0,84.47321614285714,0.07007764241174949,0.07007764241174949,0.4433548351947657,7100.756476933774,55.468386815581255
190.0,84.47321614285714,0.13672984642454492,0.13672984642454492,0.40090430798543875,13759.311657812037,52.0723446388351
195.0,84.47321614285714,0.230216138668812,0.230216138668812,0.39962665985549856,23098.592253014318,51.970132788439884
200.0,84.47321614285714,0.3373695704614622,0.3373695704614622,0.42376076178166533,33803.220089100076,53.90086094253323
205.0,84.47321614285714,0.43487357628480655,0.43487357628480655,0.4566906494997874,43543.870270852174,56.53525195998299
210.0,84.47321614285714,0.49939993404895205,0.49939993404895205,0.4863475351036892,49990.05341149031,58.90780280829514
215.0,84.47321614285714,0.5186527875063363,0.5186527875063363,0.5071206042702654,51913.41347188299,60.56964834162123
220.0,84.47321614285714,0.49541558451638873,0.49541558451638873,0.5212118436885937,49592.01689318723,61.6969474950875
225.0,84.47321614285714,0.44296338592523465,0.44296338592523465,0.5364413447536628,44352.042253930944,62.915307580293025
230.0,84.47321614285714,0.3771557514571242,0.3771557514571242,0.5590884924077762,37777.85957056671,64.7270793926221
235.0,84.47321614285714,0.31117976335279646,0.31117976335279646,0.586789847517147,31186.858358944366,66.94318780137176
240.0,84.47321614285714,0.2538756215519184,0.2538756215519184,0.6079887074066809,25462.17459303665,68.63909659253447
245.0,84.47321614285714,0.20923418896431126,0.20923418896431126,0.6086328117923897,21002.495477534696,68.69062494339119
250.0,84.47321614285714,0.17669095151779127,0.17669095151779127,0.5806595875925885,17751.426056627348,66.45276700740709
255.0,84.47321614285714,0.15358730759702113,0.15358730759702113,0.5261734493190304,15443.37202894241,62.093875945522434
260.0,84.47321614285714,0.13842032253233372,0.13842032253233372,0.45572292929306984,13928.19022098014,56.45783434344559
265.0,84.47321614285714,0.13170249451267443,0.13170249451267443,0.3840734483978797,13257.079201816176,50.725875871830375
270.0,84.47321614285714,0.13438037496335986,0.13438037496335986,0.3268311285257504,13524.59945883965,46.14649028206003
275.0,84.47321614285714,0.1462293303392965,0.1462293303392965,0.29673828102146754,14708.31010089572,43.739062481717404
280.0,84.47321614285714,0.16474114543952426,0.16474114543952426,0.297707503377344,16557.64042940847,43.81660027018752
285.0,84.47321614285714,0.1839139909669422,0.1839139909669422,0.32065823104365404,18473.007697597524,45.652658483492324
290.0,84.47321614285714,0.1946879698115165,0.1946879698115165,0.3479143845567867,19549.3281841705,47.833150764542935
295.0,84.47321614285714,0.18897239211638311,0.18897239211638311,0.36472751158799693,18978.34197242667,49.178200927039754
300.0,84.47321614285714,0.1648927692414653,0.1648927692414653,0.3671188005263438,16572.787647222383,49.36950404210751
305.0,84.47321614285714,0.1283099571261055,0.1283099571261055,0.35867516914141434,12918.164716897938,48.694013531313146
310.0,84.47321614285714,0.08909059614018616,0.08909059614018616,0.34161589356769045,9000.150554404598,47.329271485415234
315.0,84.47321614285714,0.0555850069528526,0.0555850069528526,0.31294144341519675,5652.942194589975,45.03531547321574
320.0,84.47321614285714,0.03153347303213804,0.03153347303213804,0.2690177969215021,3250.1939559105904,41.521423753720164
325.0,84.47321614285714,0.01650242340998422,0.01650242340998422,0.2122590001811006,1748.5920986574235,36.98072001448805
330.0,84.47321614285714,0.008077431124560358,0.008077431124560358,0.15245495114869512,906.9353693435797,32.19639609189561
335.0,84.47321614285714,0.0037362426337371763,0.0037362426337371763,0.10188946144071832,473.2506391103439,28.151156915257467
340.0,84.47321614285714,0.0016444528186761018,0.0016444528186761018,0.0694547115227567,264.2808365857426,25.556376921820537
345.0,84.47321614285714,0.0006929470700775489,0.0006929470700775489,0.05857256552406153,169.22541230074714,24.68580524192492
350.0,84.47321614285714,0.0002828762358785874,0.0002828762358785874,0.06864531956724204,128.2593359642709,25.491625565379366
355.0,84.47321614285714,0.00011890708035100443,0.00011890708035100443,0.09657741219816789,111.87881732706535,27.72619297585343
360.0,84.47321614285714,7.082960285715478e-05,7.082960285715478e-05,0.1366698044207894,107.07587732542976,30.933584353663154
365.0,84.47321614285714,9.318325315516613e-05,9.318325315516613e-05,0.1801445147724975,109.3090069902011,34.4115611817998
370.0,84.47321614285714,0.00017887815588556972,0.00017887815588556972,0.215831353435645,117.86992777296841,37.2665082748516
375.0,84.47321614285714,0.0003254743316227963,0.0003254743316227963,0.23249350433519225,132.51488572911734,38.59948034681538
380.0,84.47321614285714,0.00050753837570625,0.00050753837570625,0.2228506316390611,150.70308373305437,37.82805053112489
385.0,84.47321614285714,0.0006674121705439944,0.0006674121705439944,0.18791217724012949,166.67447583734503,35.032974179210356
390.0,84.47321614285714,0.0007381768985703705,0.0007381768985703705,0.1378838842398684,173.74387216718003,31.030710739189473
395.0,84.47321614285714,0.0006863929223061738,0.0006863929223061738,0.08727233544450297,168.57065293838676,26.981786835560236
400.0,84.47321614285714,0.0005365317287488949,0.0005365317287488949,0.047353566438194834,153.59951970201462,23.788285315055585
0.0,89.44222885714287,0.20600286010956956,0.20600286010956956,0.2195907130489054,20679.685724945997,37.567257043912434
5.0,89.44222885714287,0.2634860983603245,0.2634860983603245,0.31963011246107725,26422.261226196417,45.57040899688618
10.0,89.44222885714287,0.28338777410476207,0.28338777410476207,0.40373429632051494,28410.43863306573,52.29874370564119
15.0,89.44222885714287,0.256298987877334,0.256298987877334,0.44420146404262617,25704.26888894567,55.536117123410094
20.0,89.44222885714287,0.1949262893551649,0.1949262893551649,0.4286198600398722,19573.136306580975,54.28958880318977
25.0,89.44222885714287,0.12470033739205906,0.12470033739205906,0.36992048319183346,12557.5637054667,49.59363865534668
30.0,89.44222885714287,0.0672512302170283,0.0672512302170283,0.30213059659796615,6818.397898681126,44.17044772783729
35.0,89.44222885714287,0.03114036686574725,0.03114036686574725,0.2635364726526739,3210.9226498881503,41.08291781221391
40.0,89.44222885714287,0.01417493773234976,0.01417493773234976,0.27738607341212146,1516.076279461741,42.190885872969716
45.0,89.44222885714287,0.010815004314876439,0.010815004314876439,0.3405222613709981,1180.4189310561562,47.241780909679846
50.0,89.44222885714287,0.01712783911198876,0.01712783911198876,0.4252477346417046,1811.0711272876772,54.01981877133637
55.0,89.44222885714287,0.030929948649209053,0.030929948649209053,0.494154546991475,3189.9018700559845,59.532363759318
60.0,89.44222885714287,0.049163352420772556,0.049163352420772556,0.5206726894437673,5011.418906835178,61.653815155501384
65.0,89.44222885714287,0.06607990499791246,0.06607990499791246,0.5019754943418324,6701.382509291454,60.15803954734659
70.0,89.44222885714287,0.07477843359287903,0.07477843359287903,0.45520846190163455,7570.365515928615,56.416676952130764
75.0,89.44222885714287,0.07135773434836819,0.07135773434836819,0.40239624788331735,7228.637661401982,52.191699830665385
80.0,89.44222885714287,0.05784619367122187,0.05784619367122187,0.35783428243066856,5878.834747755064,48.62674259445349
85.0,89.44222885714287,0.040851415328871786,0.040851415328871786,0.32548491671269447,4181.056391354292,46.03879333701556
90.0,89.44222885714287,0.027104986490490375,0.027104986490490375,0.3032931641003798,2807.7881503999884,44.263453128030385
95.0,89.44222885714287,0.01977726318800127,0.01977726318800127,0.2885492253072061,2075.7485924813273,43.08393802457649
100.0,89.44222885714287,0.017912586445311816,0.017912586445311816,0.2823125874962398,1889.4673858866504,42.58500699969918
105.0,89.44222885714287,0.018313785417105922,0.018313785417105922,0.2927289692094003,1929.5471631688815,43.41831753675202
110.0,89.44222885714287,0.017956762082163232,0.017956762082163232,0.3333341997108804,1893.880532008107,46.666735976870434
115.0,89.44222885714287,0.015517400732760601,0.015517400732760601,0.41111964838020437,1650.188333202784,52.88957187041635
120.0,89.44222885714287,0.011492858904381361,0.011492858904381361,0.5096443959898505,1248.136604547698,60.771551679188036
125.0,89.44222885714287,0.007246974912879167,0.007246974912879167,0.5861425503431508,823.9727937966288,66.89140402745207
130.0,89.44222885714287,0.003893094258533591,0.003893094258533591,0.595402906586907,488.9201164275057,67.63223252695255
135.0,89.44222885714287,0.001788980518382925,0.001788980518382925,0.5250502693595965,278.71915378645417,62.004021548767724
140.0,89.44222885714287,0.0007078906397400429,0.0007078906397400429,0.4095269643177675,170.7182749100303,52.7621571454214
145.0,89.44222885714287,0.00024404517875443448,0.00024404517875443448,0.3087300287814625,124.380113357568,44.698402302516996
150.0,89.44222885714287,7.977003616959797e-05,7.977003616959797e-05,0.270082033371131,107.96902661334283,41.60656266969048
155.0,89.44222885714287,5.983084016540555e-05,5.983084016540555e-05,0.30234591907991065,105.97710093252401,44.18767352639286
160.0,89.44222885714287,0.00021379156270704452,0.00021379156270704452,0.37453093281977956,121.35777711443374,49.96247462558237
165.0,89.44222885714287,0.000915800097940831,0.000915800097940831,0.4372888561306817,191.48842978428902,54.98310849045453
170.0,89.44222885714287,0.0033794371834902507,0.0033794371834902507,0.4542996684498687,437.605774630676,56.34397347598949
175.0,89.44222885714287,0.010562627347798862,0.010562627347798862,0.4235133077872128,1155.2064720451065,53.88106462297702
180.0,89.44222885714287,0.02800924302405155,0.02800924302405155,0.3724861808950267,2898.1233781027495,49.79889447160214
185.0,89.44222885714287,0.06323352446880214,0.06323352446880214,0.3338496798585586,6417.029094433334,46.70797438868469
190.0,89.44222885714287,0.12212344443776456,0.12212344443776456,0.32429476879791336,12300.132099332679,45.94358150383307
195.0,89.44222885714287,0.2030727849273676,0.2030727849273676,0.34197524159558285,20386.971214244022,47.35801932764663
200.0,89.44222885714287,0.29320407513201036,0.29320407513201036,0.3760282102959978,29391.087105687835,50.08225682367983
205.0,89.44222885714287,0.3715946443149877,0.3715946443149877,0.4148767823557044,37222.30496706727,53.190142588456354
210.0,89.44222885714287,0.41910679814629803,0.41910679814629803,0.44943435871454074,41968.76913481517,55.95474869716326
215.0,89.44222885714287,0.4279266046995438,0.4279266046995438,0.47525098329406157,42849.86780948443,58.02007866352493
220.0,89.44222885714287,0.40376931341078454,0.40376931341078454,0.4949412431134017,40436.55440973738,59.59529944907214
225.0,89.44222885714287,0.3603522408694595,0.3603522408694595,0.5168420788982959,36099.188862859,61.347366311863674
230.0,89.44222885714287,0.31184031069707946,0.31184031069707946,0.5477499220279363,31252.84703863824,63.8199937622349
235.0,89.44222885714287,0.2684680823759789,0.2684680823759789,0.5850803748569456,26919.961429360294,66.80642998855565
240.0,89.44222885714287,0.23552088078315328,0.23552088078315328,0.6162468969280448,23628.53599023701,69.29975175424359
245.0,89.44222885714287,0.21350677756625955,0.21350677756625955,0.6262672704532037,21429.32707886933,70.10138163625629
250.0,89.44222885714287,0.19957618881050532,0.19957618881050532,0.6068876075614685,20037.66126216948,68.55100860491748
255.0,89.44222885714287,0.1908972787118436,0.1908972787118436,0.5603603229014497,19170.638143313176,64.82882583211597
260.0,89.44222885714287,0.18745802349647786,0.18745802349647786,0.49701350146014217,18827.05654729814,59.76108011681137
265.0,89.44222885714287,0.19138425261473058,0.19138425261473058,0.43086650350771355,19219.286836211584,54.46932028061708
270.0,89.44222885714287,0.20443626827222275,0.20443626827222275,0.3767285590699769,20523.18320039505,50.138284725598155
275.0,89.44222885714287,0.22677883907060242,0.22677883907060242,0.34725475267986833,22755.206023153183,47.78038021438947
280.0,89.44222885714287,0.25602990363196754,0.25602990363196754,0.34737870375365254,25677.387372833557,47.790296300292205
285.0,89.44222885714287,0.2848680369565312,0.2848680369565312,0.3695474094797178,28558.316891957464,49.563792758377424
290.0,89.44222885714287,0.3005693401439631,0.3005693401439631,0.396804321256811,30126.877080381913,51.744345700544876
295.0,89.44222885714287,0.29068120636789724,0.29068120636789724,0.4134087232601734,29139.052516152933,53.072697860813875
300.0,89.44222885714287,0.2517016601499818,0.2517016601499818,0.4128961762195195,25244.99584898318,53.03169409756156
305.0,89.44222885714287,0.19252276092611778,0.19252276092611778,0.39612280880688383,19333.023816519166,51.6898247045507
310.0,89.44222885714287,0.12919096895188745,0.12919096895188745,0.3642435573407315,13006.177798293556,49.13948458725852
315.0,89.44222885714287,0.07585065251609732,0.07585065251609732,0.31651962980250836,7677.480186358122,45.32157038420067
320.0,89.44222885714287,0.038984515501155975,0.038984515501155975,0.2545810197704287,3994.553098565482,40.3664815816343
325.0,89.44222885714287,0.017616624942500613,0.017616624942500613,0.18610415883299591,1859.9008317558112,34.88833270663967
330.0,89.44222885714287,0.007068723810502878,0.007068723810502878,0.12263786521376949,806.1655086692375,29.81102921710156
335.0,89.44222885714287,0.002563370806668251,0.002563370806668251,0.07386080711636628,356.0807435861583,25.9088645693093
340.0,89.44222885714287,0.0008633323354827761,0.0008633323354827761,0.043846903176929374,186.24690031472932,23.50775225415435
345.0,89.44222885714287,0.0002811598649394787,0.0002811598649394787,0.03177916148826715,128.0878705074539,22.542332919061373
350.0,89.44222885714287,9.889371408625118e-05,9.889371408625118e-05,0.0350957773054328,109.87948203721649,22.807662184434623
355.0,89.44222885714287,6.385100674317446e-05,6.385100674317446e-05,0.051746942763170156,106.37871557364313,24.139755421053614
360.0,89.44222885714287,0.00011860247919231819,0.00011860247919231819,0.07994883590540931,111.8483876713126,26.395906872432747
365.0,89.44222885714287,0.00029061309818226446,0.00029061309818226446,0.11597733393317362,129.03224850840823,29.27818671465389
370.0,89.44222885714287,0.0006379460215725478,0.0006379460215725478,0.1519387574399031,163.73080755509753,32.15510059519225
375.0,89.44222885714287,0.0011864641061932132,0.0011864641061932132,0.17625349162212064,218.527764208702,34.10027932976965
380.0,89.44222885714287,0.0018568999497330229,0.0018568999497330229,0.1785124148552158,285.50430497832895,34.28099318841726
385.0,89.44222885714287,0.002443397370922986,0.002443397370922986,0.1561863957750212,344.0953973552063,32.4949116620017
390.0,89.44222885714287,0.0027027945207098235,0.0027027945207098235,0.11716733514881175,370.00917261891135,29.37338681190494
395.0,89.44222885714287,0.002513250082302055,0.002513250082302055,0.0750069374064011,351.0736832219753,26.000554992512086
400.0,89.44222885714287,0.0019645379871091983,0.0019645379871091983,0.04087342677454606,296.2573449122089,23.269874141963683
0.0,94.41124157142856,0.21889953100985532,0.21889953100985532,0.21874146290474844,21968.063147884546,37.49931703237988
5.0,94.41124157142856,0.2815362150363365,0.2815362150363365,0.31399464226982543,28225.46788213002,45.119571381586034
10.0,94.41124157142856,0.30449622383247227,0.30449622383247227,0.3899624709929175,30519.17276086398,51.196997679433395
15.0,94.41124157142856,0.2769431198308994,0.2769431198308994,0.42078666818789245,27766.61767110685,53.66293345503139
20.0,94.41124157142856,0.21182108482116183,0.21182108482116183,0.3976030744640993,21260.926373634065,51.808245957127944
25.0,94.41124157142856,0.13626283707280668,0.13626283707280668,0.33690567198149757,13712.657423573386,46.95245375851981
30.0,94.41124157142856,0.07380736502312069,0.07380736502312069,0.27522131620841384,7473.355765809756,42.01770529667311
35.0,94.41124157142856,0.03397380504367595,0.03397380504367595,0.2524235200561651,3493.9831238632273,40.19388160449321
40.0,94.41124157142856,0.014284394919383592,0.014284394919383592,0.29183150539563435,1527.011052446421,43.346520431650745
45.0,94.41124157142856,0.008066143108555777,0.008066143108555777,0.38630050232601604,905.8076965447221,50.90404018608128
50.0,94.41124157142856,0.01003948678817197,0.01003948678817197,0.4986802051533454,1102.9447301383798,59.89441641226763
55.0,94.41124157142856,0.017237349190044115,0.017237349190044115,0.5805066733251668,1822.011184085407,66.44053386601334
60.0,94.41124157142856,0.027230332074246303,0.027230332074246303,0.6001016246311283,2820.3101742172057,68.00812997049026
65.0,94.41124157142856,0.03662568117068438,0.03662568117068438,0.5595301879477735,3758.9055489513694,64.76241503582187
70.0,94.41124157142856,0.041647583775338795,0.041647583775338795,0.48714089084535234,4260.593619156346,58.97127126762819
75.0,94.41124157142856,0.040392292318486754,0.040392292318486754,0.4150647380912697,4135.190002616827,53.20517904730158
80.0,94.41124157142856,0.03450850260834323,0.03450850260834323,0.3623199996131406,3547.399410573489,48.98559996905125
85.0,94.41124157142856,0.02841867276890539,0.02841867276890539,0.33277770482077346,2939.025409613648,46.62221638566187
90.0,94.41124157142856,0.026496903438095434,0.026496903438095434,0.321644315203902,2747.0406534657336,45.73154521631216
95.0,94.41124157142856,0.030300907478415295,0.030300907478415295,0.321988210683762,3127.060657093688,45.75905685470096
100.0,94.41124157142856,0.03762633331727764,0.03762633331727764,0.32989846077483637,3858.870698396036,46.39187686198691
105.0,94.41124157142856,0.043846208652461034,0.043846208652461034,0.3494841316223178,4480.236244380857,47.95873052978543
110.0,94.41124157142856,0.04475590953260957,0.04475590953260957,0.3932249825329271,4571.115362307696,51.45799860263416
115.0,94.41124157142856,0.039125728328325844,0.039125728328325844,0.47022671842657826,4008.660259999752,57.61813747412626
120.0,94.41124157142856,0.029130146745255745,0.029130146745255745,0.5667815432983765,3010.101659851049,65.34252346387012
125.0,94.41124157142856,0.018478764746198317,0.018478764746198317,0.6404879651090305,1946.0285981452118,71.23903720872244
130.0,94.41124157142856,0.010020880226056043,0.010020880226056043,0.6437708001055741,1101.0859345829986,71.50166400844593
135.0,94.41124157142856,0.004671531299382211,0.004671531299382211,0.5612544985180528,566.6859768082829,64.90035988144422
140.0,94.41124157142856,0.0018862239449535603,0.0018862239449535603,0.4252115169413045,288.43377210086066,54.01692135530436
145.0,94.41124157142856,0.0006659483259881592,0.0006659483259881592,0.2937091997325537,166.5282377662171,43.4967359786043
150.0,94.41124157142856,0.00021177357867884254,0.00021177357867884254,0.21283279216771972,121.15618051001637,37.02662337341758
155.0,94.41124157142856,8.84994082100917e-05,8.84994082100917e-05,0.1938170038642808,108.84109088018816,35.50536030914246
160.0,94.41124157142856,0.0001778378711617134,0.0001778378711617134,0.21574018745315415,117.76600332905517,37.25921499625233
165.0,94.41124157142856,0.0007184587816960453,0.0007184587816960453,0.24487459364142575,171.77403229143493,39.589967491314056
170.0,94.41124157142856,0.0026353537734512414,0.0026353537734512414,0.2566309299088912,363.27184196777904,40.5304743927113
175.0,94.41124157142856,0.008203986545150348,0.008203986545150348,0.24770224164495744,919.5782558605198,39.816179331596594
180.0,94.41124157142856,0.021649505318607983,0.021649505318607983,0.23204186803310972,2262.7855813289375,38.56334944264878
185.0,94.41124157142856,0.04858089255146302,0.04858089255146302,0.22629386696306744,4953.231165891156,38.1035093570454
190.0,94.41124157142856,0.09312328512875243,0.09312328512875243,0.2383374589502274,9403.016184362366,39.066996716018195
195.0,94.41124157142856,0.15343561524448623,0.15343561524448623,0.2665442338082769,15428.217962924175,41.323538704662155
200.0,94.41124157142856,0.21911858841323006,0.21911858841323006,0.30512456266054094,21989.946982481684,44.40996501284327
205.0,94.41124157142856,0.27420440547802644,0.27420440547802644,0.3477270127291761,27493.02010725484,47.81816101833409
210.0,94.41124157142856,0.3050170646820547,0.3050170646820547,0.38811689161849067,30571.204761737263,51.04935132947925
215.0,94.41124157142856,0.3072520237571892,0.3072520237571892,0.4218619920809028,30794.4771733432,53.74895936647222
220.0,94.41124157142856,0.28703355003916525,0.28703355003916525,0.44990696654212,28774.651648912608,55.992557323369596
225.0,94.41124157142856,0.25617179797194034,0.25617179797194034,0.4791501271854883,25691.56261739684,58.33201017483906
230.0,94.41124157142856,0.22619288688424374,0.22619288688424374,0.5162585826980842,22696.66939973595,61.300686615846736
235.0,94.41124157142856,0.20480638388208633,0.20480638388208633,0.5593260136467608,20560.157749820424,64.74608109174086
240.0,94.41124157142856,0.19483511285563074,0.19483511285563074,0.596274687921897,19564.02777427751,67.70197503375175
245.0,94.41124157142856,0.1945535463465586,0.1945535463465586,0.6122362494245163,19535.899280021204,68.9788999539613
250.0,94.41124157142856,0.1999426295690907,0.1999426295690907,0.5990725843353061,20074.268693952163,67.92580674682449
255.0,94.41124157142856,0.20850002694267364,0.20850002694267364,0.5594710389528932,20929.152691573097,64.75768311623145
260.0,94.41124157142856,0.2211412067653747,0.2211412067653747,0.504350322011736,22192.00655586093,60.34802576093888
265.0,94.41124157142856,0.24018398966918114,0.24018398966918114,0.4477587073202397,24094.380567951197,55.820696585619174
270.0,94.41124157142856,0.26680338573292045,0.26680338573292045,0.40335585367905746,26753.658234718754,52.2684682943246
275.0,94.41124157142856,0.3009963476407858,0.3009963476407858,0.3820496341423747,30169.535129314503,50.56397073138997
280.0,94.41124157142856,0.3409504662484942,0.3409504662484942,0.38795538068601254,34160.951578224565,51.036430454881
285.0,94.41124157142856,0.37901758976779987,0.37901758976779987,0.4142381850190831,37963.857217803205,53.13905480152665
290.0,94.41124157142856,0.3997296492555983,0.3997296492555983,0.4449520522958983,40032.99196063427,55.59616418367186
295.0,94.41124157142856,0.3867207748507264,0.3867207748507264,0.46400454158819443,38733.40540758757,57.12036332705556
300.0,94.41124157142856,0.3347856208604859,0.3347856208604859,0.46299968819886084,33545.083523962545,57.03997505590887
305.0,94.41124157142856,0.2554001373582401,0.2554001373582401,0.4406088806127918,25614.473722088183,55.24871044902334
310.0,94.41124157142856,0.1701735952120596,0.1701735952120596,0.3972738958548755,17100.342161684755,51.78191166839004
315.0,94.41124157142856,0.0984913639351718,0.0984913639351718,0.33409202929363024,9939.287257123662,46.72736234349042
320.0,94.41124157142856,0.049332337917561725,0.049332337917561725,0.256743643032683,5028.300557964416,40.53949144261464
325.0,94.41124157142856,0.021334954646427838,0.021334954646427838,0.177166168193742,2231.361969178141,34.17329345549936
330.0,94.41124157142856,0.00796387458820523,0.00796387458820523,0.10889158715461293,895.5910713617025,28.711326972369037
335.0,94.41124157142856,0.0025738250668812085,0.0025738250668812085,0.060373344214694834,357.12512418143274,24.829867537175588
340.0,94.41124157142856,0.0007279537322527735,0.0007279537322527735,0.03249879908427496,172.7225778520521,22.599903926741995
345.0,94.41124157142856,0.00018950231097893393,0.00018950231097893393,0.021327342179231972,118.9312808667955,21.70618737433856
350.0,94.41124157142856,7.152937556793545e-05,7.152937556793545e-05,0.022600970142227072,107.14578461923675,21.808077611378167
355.0,94.41124157142856,0.00011720492870361717,0.00011720492870361717,0.03451657123708199,111.70877237749136,22.76132569896656
360.0,94.41124157142856,0.0003389685919219945,0.0003389685919219945,0.05731016822575551,133.86296233300726,24.58481345806044
365.0,94.41124157142856,0.0008876095222193078,0.0008876095222193078,0.09000466669412721,188.67219126970883,27.200373335530177
370.0,94.41124157142856,0.0019650431513088384,0.0019650431513088384,0.12653085323517746,296.307810815753,30.122468258814195
375.0,94.41124157142856,0.0036589550463001076,0.0036589550463001076,0.1551401266924558,465.5296091253808,32.411210135396466
380.0,94.41124157142856,0.00572757564592257,0.00572757564592257,0.16364802173548393,672.1848070276648,33.09184173883871
385.0,94.41124157142856,0.00753685204592655,0.00753685204592655,0.14746029678514683,852.9315193880624,31.796823742811746
390.0,94.41124157142856,0.008337030402050978,0.008337030402050978,0.11314387823381171,932.8693371648927,29.051510258704937
395.0,94.41124157142856,0.007752370746947288,0.007752370746947288,0.07387352454571357,874.4618376200341,25.909881963657085
400.0,94.41124157142856,0.00605981483639422,0.00605981483639422,0.04109035074926241,705.3755021557826,23.287228059940993
0.0,99.3802542857143,0.2331331050526661,0.2331331050526661,0.21427112160633394,23389.997194761345,37.14168972850672
5.0,99.3802542857143,0.30198677646291455,0.30198677646291455,0.30181191659035117,30268.478968645162,44.144953327228095
10.0,99.3802542857143,0.32896880939896617,0.32896880939896617,0.366179529405455,32963.98405895672,49.2943623524364
15.0,99.3802542857143,0.30137502243805026,0.30137502243805026,0.384720801068295,30207.36474156122,50.7776640854636
20.0,99.3802542857143,0.23219403285978107,0.23219403285978107,0.3537678671884856,23296.18388269213,48.30142937507885
25.0,99.3802542857143,0.15045721478976004,0.15045721478976004,0.2939930861313967,15130.675757497029,43.51944689051173
30.0,99.3802542857143,0.08203464919652591,0.08203464919652591,0.2429013461911115,8295.261454732938,39.43210769528892
35.0,99.3802542857143,0.03778120848643507,0.03778120848643507,0.23859601560503765,3874.3427277948635,39.087681248403015
40.0,99.3802542857143,0.015161100230882888,0.015161100230882888,0.3012439564608414,1614.5939130652005,44.09951651686731
45.0,99.3802542857143,0.006529868397156811,0.006529868397156811,0.41907427085883503,752.3338528759655,53.5259416687068
50.0,99.3802542857143,0.005438380247171964,0.005438380247171964,0.5483690120813896,643.2941866924792,63.86952096651116
55.0,99.3802542857143,0.008215211178217904,0.008215211178217904,0.6343380098699943,920.6995967039686,70.74704078959954
60.0,99.3802542857143,0.012767372945050042,0.012767372945050042,0.6437005967987038,1375.4605572104992,71.4960477438963
65.0,99.3802542857143,0.017266579528259024,0.017266579528259024,0.5839425021668923,1824.9312948730765,66.71540017335138
70.0,99.3802542857143,0.020112972309577024,0.020112972309577024,0.4930154202027565,2109.2859337267446,59.44123361622052
75.0,99.3802542857143,0.02100701323984762,0.02100701323984762,0.41135079483809117,2198.600622660777,52.908063587047295
80.0,99.3802542857143,0.021884197521340472,0.021884197521340472,0.3614351380144003,2286.231332381913,48.91481104115202
85.0,99.3802542857143,0.02646100618192671,0.02646100618192671,0.34570091980690243,2743.4545175744784,47.656073584552196
90.0,99.3802542857143,0.03811737777885572,0.03811737777885572,0.3546474574197342,3907.9260401076863,48.371796593578736
95.0,99.3802542857143,0.057045413630815923,0.057045413630815923,0.37500013478519767,5798.836821718511,50.000010782815814
100.0,99.3802542857143,0.0785223171454089,0.0785223171454089,0.39629177864504694,7944.379482826349,51.703342291603754
105.0,99.3802542857143,0.09426049169521639,0.09426049169521639,0.41751197027193776,9516.623120352117,53.40095762175502
110.0,99.3802542857143,0.09697250019694517,0.09697250019694517,0.4493394754678664,9787.552769674823,55.94715803742931
115.0,99.3802542857143,0.08511596616791842,0.08511596616791842,0.5036689511797066,8603.085020175049,60.29351609437653
120.0,99.3802542857143,0.06376932525830903,0.06376932525830903,0.5736028923502297,6470.555593305072,65.88823138801837
125.0,99.3802542857143,0.04090847965284864,0.04090847965284864,0.6247605845323767,4186.757117319579,69.98084676259013
130.0,99.3802542857143,0.022591142412226185,0.022591142412226185,0.6149316286546508,2356.855126981396,69.19453029237206
135.0,99.3802542857143,0.010818112636479965,0.010818112636479965,0.5286824304915636,1180.7294523843486,62.29459443932509
140.0,99.3802542857143,0.00453017009217675,0.00453017009217675,0.3927945521711993,552.5639922084573,51.423564173695944
145.0,99.3802542857143,0.001672420127239825,0.001672420127239825,0.2572513851297284,267.0747707112585,40.58011081037827
150.0,99.3802542857143,0.0005500128817090463,0.0005500128817090463,0.16187242516946193,154.94628688273372,32.949794013556954
155.0,99.3802542857143,0.00017934289405957874,0.00017934289405957874,0.11757481194326046,117.91635511655191,29.405984955460838
160.0,99.3802542857143,0.00014904923374252195,0.00014904923374252195,0.11060945591243293,114.89001845087795,28.848756472994634
165.0,99.3802542857143,0.00048194608123250946,0.00048194608123250946,0.11868262705294591,148.1464135151277,29.494610164235674
170.0,99.3802542857143,0.00173919515350321,0.00173919515350321,0.12564411009639456,273.7455958349707,30.051528807711563
175.0,99.3802542857143,0.005394406223473178,0.005394406223473178,0.1276841437721059,638.9011817249706,30.214731501768473
180.0,99.3802542857143,0.01418279870547617,0.01418279870547617,0.13018021839792646,1516.8615906770694,30.414417471834117
185.0,99.3802542857143,0.03168045085295055,0.03168045085295055,0.1399212114150277,3264.87704020976,31.193696913202217
190.0,99.3802542857143,0.06038293141602113,0.06038293141602113,0.15984527481420652,6132.25484846051,32.787621985136525
195.0,99.3802542857143,0.09879830497574806,0.09879830497574806,0.18932814871675663,9969.950667077232,35.146251897340534
200.0,99.3802542857143,0.139909663058693,0.139909663058693,0.2267002630280711,14076.975339563432,38.13602104224569
205.0,99.3802542857143,0.17336474797231705,0.17336474797231705,0.26964360982115076,17419.13832243447,41.57148878569206
210.0,99.3802542857143,0.19073598748991685,0.19073598748991685,0.3138730184075757,19154.525150242695,45.10984147260606
215.0,99.3802542857143,0.1900319726364425,0.1900319726364425,0.3541549054937394,19084.194066380605,48.33239243949915
220.0,99.3802542857143,0.17616783642489237,0.17616783642489237,0.38878920050967464,17699.166858846747,51.103136040773975
225.0,99.3802542857143,0.1577576133843582,0.1577576133843582,0.42236131111966563,15859.985577097385,53.78890488957325
230.0,99.3802542857143,0.14315141513132143,0.14315141513132143,0.46135456156474963,14400.82637161901,56.90836492517997
235.0,99.3802542857143,0.1378317815582628,0.1378317815582628,0.5056699619556104,13869.394977670454,60.453596956448834
240.0,99.3802542857143,0.14327929416007762,0.14327929416007762,0.5452689192349301,14413.601486591755,63.62151353879441
245.0,99.3802542857143,0.15727917349744253,0.15727917349744253,0.565970557292662,15812.189432394509,65.27764458341295
250.0,99.3802542857143,0.17632386948122256,0.17632386948122256,0.5589978845202619,17714.754561174133,64.71983076162095
255.0,99.3802542857143,0.19892080198251033,0.19892080198251033,0.5264969096139974,19972.18811805278,62.11975276911979
260.0,99.3802542857143,0.22626128775321322,0.22626128775321322,0.4800276548083722,22703.502646546,58.402212384669774
265.0,99.3802542857143,0.2595356060797963,0.2595356060797963,0.43467856226282875,26027.60704737165,54.7742849810263
270.0,99.3802542857143,0.29828217699776716,0.29828217699776716,0.4036975357408955,29898.38948207694,52.29580285927164
275.0,99.3802542857143,0.34191701022987936,0.34191701022987936,0.3957054996491139,34257.50932196495,51.65643997192911
280.0,99.3802542857143,0.38937514345656377,0.38937514345656377,0.4124187623166815,38998.57683131072,52.99350098533452
285.0,99.3802542857143,0.43352876380308575,0.43352876380308575,0.4462287449418386,43409.52350392826,55.69829959534709
290.0,99.3802542857143,0.45769637087588516,0.45769637087588516,0.4817102483447676,45823.867450500926,58.53681986758141
295.0,99.3802542857143,0.4431970918881293,0.4431970918881293,0.5030613758144362,44375.389479624115,60.2449100651549
300.0,99.3802542857143,0.38372928041532106,0.38372928041532106,0.501375719993145,38434.555113490576,60.1100575994516
305.0,99.3802542857143,0.2923818152893782,0.2923818152893782,0.47477962101599713,29308.94334740888,57.98236968127977
310.0,99.3802542857143,0.19423453786729927,0.19423453786729927,0.42397941832743663,19504.0303329432,53.91835346619493
315.0,99.3802542857143,0.11184001915243771,0.11184001915243771,0.35134957088112806,11272.817913328528,48.107965670490245
320.0,99.3802542857143,0.055572134922201886,0.055572134922201886,0.2646391849054417,5651.656278727968,41.17113479243534
325.0,99.3802542857143,0.0237413918577215,0.0237413918577215,0.17805037101273974,2471.7650465863776,34.24402968101918
330.0,99.3802542857143,0.008694022424840792,0.008694022424840792,0.10658589720933907,968.5328402415951,28.526871776747125
335.0,99.3802542857143,0.0027237575245278984,0.0027237575245278984,0.05861622593337012,372.10337670033704,24.68929807466961
340.0,99.3802542857143,0.000732579684006299,0.000732579684006299,0.03351822762674239,173.18471043222928,22.68145821013939
345.0,99.3802542857143,0.00018438702476670626,0.00018438702476670626,0.02525565813715788,118.42026377419396,22.02045265097263
350.0,99.3802542857143,0.00010813028006794052,0.00010813028006794052,0.027894646261655186,110.80221497878726,22.231571700932413
355.0,99.3802542857143,0.0002848890415455711,0.0002848890415455711,0.03921844856207319,128.46041525040255,23.137475884965855
360.0,99.3802542857143,0.0008756287790411234,0.0008756287790411234,0.06061292632572008,187.47531502620825,24.84903410605761
365.0,99.3802542857143,0.0023050663851404887,0.0023050663851404887,0.09309117026713258,330.2761318755348,27.447293621370605
370.0,99.3802542857143,0.005105874255129473,0.005105874255129473,0.1318959779834673,610.0768380874343,30.551678238677383
375.0,99.3802542857143,0.009507893876018676,0.009507893876018676,0.16480091176303147,1049.8385982142659,33.184072941042515
380.0,99.3802542857143,0.014883404177803669,0.014883404177803669,0.17766065431192155,1586.8520773625864,34.212852344953724
385.0,99.3802542857143,0.01958493368988876,0.01958493368988876,0.1638370135135613,2056.5348756198873,33.106961081084904
390.0,99.3802542857143,0.021664248017232313,0.021664248017232313,0.12901562270595185,2264.258376921508,30.321249816476147
395.0,99.3802542857143,0.020144977649411245,0.020144977649411245,0.08689737551039436,2112.4832671761833,26.951790040831547
400.0,99.3802542857143,0.015746774713877084,0.015746774713877084,0.050239042455677535,1673.1027939163207,24.019123396454205
0.0,104.34926699999998,0.24451333568578063,0.24451333568578063,0.20722336066056646,24526.882235009485,36.57786885284531
5.0,104.34926699999998,0.3191882932600541,0.3191882932600541,0.2863491013925767,31986.910496679404,42.907928111406136
10.0,104.34926699999998,0.3504315200053832,0.3504315200053832,0.3388384348433586,35108.108848537784,47.10707478746869
15.0,104.34926699999998,0.3235743857508642,0.3235743857508642,0.3453584103227553,32425.081136511337,47.62867282582043
20.0,104.34926699999998,0.2512833596164731,0.2512833596164731,0.3071938758522448,25203.20762568566,44.57551006817958
25.0,104.34926699999998,0.16412827280392359,0.16412827280392359,0.24830148018631654,16496.414453111967,39.86411841490532
30.0,104.34926699999998,0.0901794416121054,0.0901794416121054,0.20534749184112885,9108.92621704933,36.4277993472903
35.0,104.34926699999998,0.04173777276224153,0.04173777276224153,0.21224704665503852,4269.603498947929,36.979763732403086
40.0,104.34926699999998,0.016453945712800785,0.016453945712800785,0.28453571528550065,1743.7491767087984,42.762857222840054
45.0,104.34926699999998,0.006011693513798479,0.006011693513798479,0.40750309021282727,700.5681820284681,52.60024721702618
50.0,104.34926699999998,0.003091132981267538,0.003091132981267538,0.5364582980307983,408.80418482862706,62.91666384246386
55.0,104.34926699999998,0.0034696800145097226,0.0034696800145097226,0.6172241952588061,446.6210334495213,69.37793562070449
60.0,104.34926699999998,0.005164354306065973,0.005164354306065973,0.6187467805158482,615.9189951759907,69.49974244126786
65.0,104.34926699999998,0.00721997698918707,0.00721997698918707,0.5523551981492004,821.2757012197883,64.18841585193604
70.0,104.34926699999998,0.009397613181291651,0.009397613181291651,0.4605481193499113,1038.8215568110359,56.8438495479929
75.0,104.34926699999998,0.012741527414349123,0.012741527414349123,0.3871666367645292,1372.8785886934775,50.97333094116234
80.0,104.34926699999998,0.02023252675951969,0.02023252675951969,0.3551411459193778,2121.229423276017,48.411291673550224
85.0,104.34926699999998,0.03638534802235206,0.03638534802235206,0.3637330336380154,3734.896267432971,49.098642691041235
90.0,104.34926699999998,0.06487503842874343,0.06487503842874343,0.3977508857042028,6581.016339031468,51.82007085633622
95.0,104.34926699999998,0.10456457490689161,0.10456457490689161,0.43783203473184723,10546.001033198472,55.02656277854778
100.0,104.34926699999998,0.14661324624002825,0.14661324624002825,0.46856064221222804,14746.663299378823,57.48485137697824
105.0,104.34926699999998,0.17651038785914808,0.17651038785914808,0.4854274730792042,17733.387747128894,58.83419784633634
110.0,104.34926699999998,0.18180029822928176,0.18180029822928176,0.49749946552565866,18261.849793105248,59.79995724205269
115.0,104.34926699999998,0.16024303034618767,0.16024303034618767,0.5187999771610733,16108.278731584149,61.503998172885865
120.0,104.34926699999998,0.12121035631444431,0.12121035631444431,0.550098818052608,12208.914595812987,64.00790544420863
125.0,104.34926699999998,0.079078953177977,0.079078953177977,0.5687002269687342,7999.987422479902,65.49601815749874
130.0,104.34926699999998,0.044812705072641595,0.044812705072641595,0.5423940766766223,4576.789236756896,63.39152613412978
135.0,104.34926699999998,0.022240195670877413,0.022240195670877413,0.457952305952115,2321.7955475206536,56.6361844761692
140.0,104.34926699999998,0.009741270728645265,0.009741270728645265,0.33527652467580027,1073.152945791662,46.82212197406402
145.0,104.34926699999998,0.0037838993528452702,0.0037838993528452702,0.21313174059569454,478.0115453492425,37.050539247655564
150.0,104.34926699999998,0.0013052176075292715,0.0013052176075292715,0.12263858262291714,230.3912389921742,29.81108660983337
155.0,104.34926699999998,0.00040798162576904576,0.00040798162576904576,0.07275564411994494,140.75736441432767,25.820451529595594
160.0,104.34926699999998,0.00016618945226246903,0.00016618945226246903,0.054332643697281795,116.60232628102065,24.346611495782543
165.0,104.34926699999998,0.000288338759921933,0.000288338759921933,0.052541532301475354,128.8050421162011,24.203322584118027
170.0,104.34926699999998,0.0009728410155795716,0.0009728410155795716,0.05654861210136486,197.18681745639918,24.52388896810919
175.0,104.34926699999998,0.0029992827058217255,0.0029992827058217255,0.06246138853432886,399.62834231159036,24.99691108274631
180.0,104.34926699999998,0.007861742379057577,0.007861742379057577,0.07105368102194001,885.388063667852,25.684294481755202
185.0,104.34926699999998,0.0174985428007114,0.0174985428007114,0.08401676540311094,1848.1044257910687,26.721341232248875
190.0,104.34926699999998,0.03320434407866378,0.03320434407866378,0.10216969722823241,3417.1139734585117,28.173575778258595
195.0,104.34926699999998,0.054030474355899624,0.054030474355899624,0.12621413680989543,5497.644388154373,30.097130944791637
200.0,104.34926699999998,0.07600089152235687,0.07600089152235687,0.1575292195157384,7692.489063083451,32.60233756125907
205.0,104.34926699999998,0.09342330532345697,0.09342330532345697,0.19663775538142622,9432.98820181335,35.7310204305141
210.0,104.34926699999998,0.10185386388304049,0.10185386388304049,0.24056156739130075,10275.201001915744,39.24492539130406
215.0,104.34926699999998,0.10056225011632464,0.10056225011632464,0.28315606712332897,10146.16878662083,42.65248536986632
220.0,104.34926699999998,0.0927453025327349,0.0927453025327349,0.3200099554119375,9365.255723020216,45.600796432955
225.0,104.34926699999998,0.0837636270058873,0.0837636270058873,0.35310280216209683,8467.986337888142,48.248224172967745
230.0,104.34926699999998,0.07892395391297333,0.07892395391297333,0.38874875938181774,7984.502995906036,51.099900750545416
235.0,104.34926699999998,0.08181019592895694,0.08181019592895694,0.42965944844953874,8272.838573302797,54.3727558759631
240.0,104.34926699999998,0.09335033795922887,0.09335033795922887,0.469366712493077,9425.698762126964,57.54933699944616
245.0,104.34926699999998,0.11207387577844323,0.11207387577844323,0.49496101272009796,11296.18019026648,59.596881017607835
250.0,104.34926699999998,0.13605209938061155,0.13605209938061155,0.49587896061781706,13691.604728123095,59.67031684942536
255.0,104.34926699999998,0.16505135316511718,0.16505135316511718,0.4717688854819769,16588.630181195207,57.74151083855815
260.0,104.34926699999998,0.20009386816790872,0.20009386816790872,0.43373612023206476,20089.37742997408,54.69888961856518
265.0,104.34926699999998,0.24087357636668721,0.24087357636668721,0.3984437610867741,24163.27027903205,51.87550088694193
270.0,104.34926699999998,0.28536511964124106,0.28536511964124106,0.38015258825400794,28607.975452159983,50.41220706032064
275.0,104.34926699999998,0.3324806989267976,0.3324806989267976,0.3860574506428567,33314.82182278708,50.88459605142853
280.0,104.34926699999998,0.3817461407728942,0.3817461407728942,0.4149942878924751,38236.43946321213,53.19954303139801
285.0,104.34926699999998,0.4269264080111394,0.4269264080111394,0.457309363583287,42749.94816031283,56.58474908666296
290.0,104.34926699999998,0.45183245991890053,0.45183245991890053,0.49720528594512275,45238.06274589816,59.77642287560982
295.0,104.34926699999998,0.4378435339727873,0.4378435339727873,0.5193238854641541,43840.56904388145,61.545910837132325
300.0,104.34926699999998,0.37870612593769515,0.37870612593769515,0.5153548925686061,37932.74198117574,61.22839140548849
305.0,104.34926699999998,0.28777252732808006,0.28777252732808006,0.48445653389677357,28848.475480075198,58.75652271174189
310.0,104.34926699999998,0.1903795241246652,0.1903795241246652,0.42890460895620197,19118.914460054053,54.31236871649616
315.0,104.34926699999998,0.10904328251646381,0.10904328251646381,0.352504632333422,10993.423923394734,48.200370586673756
320.0,104.34926699999998,0.05385120982076859,0.05385120982076859,0.26376935177078537,5479.735861094782,41.10154814166283
325.0,104.34926699999998,0.022847474809176614,0.022847474809176614,0.17727016711254598,2382.4627334367437,34.18161336900368
330.0,104.34926699999998,0.008299909983894394,0.008299909983894394,0.10841348322811835,929.16100739105,28.673078658249466
335.0,104.34926699999998,0.0025748690131979866,0.0025748690131979866,0.06580480006564764,357.2294144184789,25.264384005251813
340.0,104.34926699999998,0.0006866350452674427,0.0006866350452674427,0.04817668351218739,168.5948410222175,23.85413468097499
345.0,104.34926699999998,0.00018951268097726963,0.00018951268097726963,0.047550583212954946,118.93231682962923,23.804046657036395
350.0,104.34926699999998,0.00019291859961400513,0.00019291859961400513,0.05539852768218533,119.2725681014391,24.431882214574827
355.0,104.34926699999998,0.0006155357836464643,0.0006155357836464643,0.06792560697056603,161.49202478628177,25.434048557645283
360.0,104.34926699999998,0.001915384486942407,0.001915384486942407,0.08735317037423568,291.3469102455465,26.988253629938853
365.0,104.34926699999998,0.005045744792287609,0.005045744792287609,0.11753269016527286,604.0699047495322,29.40261521322183
370.0,104.34926699999998,0.011177210107672681,0.011177210107672681,0.15637742440973224,1216.6032897565008,32.51019395277858
375.0,104.34926699999998,0.020813715657035263,0.020813715657035263,0.19210336857819985,2179.2901941378227,35.36826948625599
380.0,104.34926699999998,0.03258125488572146,0.03258125488572146,0.20858239932009787,3354.8673630835738,36.68659194560783
385.0,104.34926699999998,0.04287337495472109,0.04287337495472109,0.19636779559974132,4383.050157976637,35.70942364797931
390.0,104.34926699999998,0.04742520222260354,0.04742520222260354,0.15942784915092764,4837.777702038094,32.754227932074215
395.0,104.34926699999998,0.04409936778482721,0.04409936778482721,0.11172485900067129,4505.526841704238,28.937988720053703
400.0,104.34926699999998,0.034471262363086286,0.034471262363086286,0.06779866451447544,3543.67911007232,25.423893161158034
0.0,109.31827971428571,0.24865109758139006,0.24865109758139006,0.19837768739392345,24940.244648380867,35.870214991513876
5.0,109.31827971428571,0.3272418051550005,0.3272418051550005,0.2704712455623053,32791.456334984556,41.63769964498442
10.0,109.31827971428571,0.3622291798074712,0.3622291798074712,0.3139017846623986,36286.695062766375,45.11214277299189
15.0,109.31827971428571,0.3372375666236638,0.3372375666236638,0.3117213032986818,33790.032905704014,44.937704263894545
20.0,109.31827971428571,0.26407546584893604,0.26407546584893604,0.2683894281045707,26481.13903830871,41.47115424836566
25.0,109.31827971428571,0.1739256703183178,0.1739256703183178,0.20927495337866478,17475.174464799948,36.741996270293185
30.0,109.31827971428571,0.09635317114222551,0.09635317114222551,0.1687569016389153,9725.68179710833,33.500552131113224
35.0,109.31827971428571,0.04491764590539049,0.04491764590539049,0.17567822549597525,4587.27282594851,34.05425803967802
40.0,109.31827971428571,0.017680608809479928,0.017680608809479928,0.2412294546970707,1866.2928200670449,39.29835637576566
45.0,109.31827971428571,0.006039220221918093,0.006039220221918093,0.35054288413445767,703.3181001696175,48.04343073075661
50.0,109.31827971428571,0.0021605933714583855,0.0021605933714583855,0.4636228775304944,315.84327780869273,57.08983020243955
55.0,109.31827971428571,0.0014671536156803538,0.0014671536156803538,0.5330627326564982,246.56864620646735,62.645018612519856
60.0,109.31827971428571,0.001995768159318305,0.001995768159318305,0.532639396089038,299.37723911589865,62.61115168712304
65.0,109.31827971428571,0.003272535339633053,0.003272535339633053,0.47468707882351857,426.926280429342,57.97496630588149
70.0,109.31827971428571,0.005974407103877744,0.005974407103877744,0.4001763888715865,696.8432696773866,52.01411110972692
75.0,109.31827971428571,0.01243424989996331,0.01243424989996331,0.35090433971516277,1342.1815650063347,48.07234717721302
80.0,109.31827971428571,0.027282089940952527,0.027282089940952527,0.3473756514906796,2825.4807851011574,47.79005211925437
85.0,109.31827971428571,0.056847329445318,0.056847329445318,0.3850048254425954,5779.048211587268,50.800386035407634
90.0,109.31827971428571,0.1058324283390687,0.1058324283390687,0.4436767724203119,10672.659591072963,55.49414179362495
95.0,109.31827971428571,0.17154387255813278,0.17154387255813278,0.5000388663279539,17237.232868557465,60.00310930623631
100.0,109.31827971428571,0.23970369146943463,0.23970369146943463,0.5367648217322466,24046.39877779652,62.941185738579726
105.0,109.31827971428571,0.2877575006894085,0.2877575006894085,0.5484183267645623,28846.974318871908,63.87346614116498
110.0,109.31827971428571,0.29671449812113204,0.29671449812113204,0.5430717435918083,29741.77836230109,63.44573948734467
115.0,109.31827971428571,0.2633668393190243,0.2633668393190243,0.5354600046045176,26410.34724797053,62.83680036836141
120.0,109.31827971428571,0.20213802022108793,0.20213802022108793,0.5319902119773773,20293.588220086684,62.559216958190184
125.0,109.31827971428571,0.13504728149443893,0.13504728149443893,0.5204974476786298,13591.22342129445,61.63979581429039
130.0,109.31827971428571,0.07916647117658526,0.07916647117658526,0.47883089873651485,8008.730470540868,58.30647189892119
135.0,109.31827971428571,0.04102881964061996,0.04102881964061996,0.39667964531186717,4198.779082097934,51.734371624949375
140.0,109.31827971428571,0.01888666173968759,0.01888666173968759,0.28799492618860606,1986.7775077947904,43.03959409508849
145.0,109.31827971428571,0.00772125567749119,0.00772125567749119,0.18147363469771094,871.3534421813698,34.51789077581687
150.0,109.31827971428571,0.002790089628814282,0.002790089628814282,0.10068407676637289,378.72995391854676,28.054726141309832
155.0,109.31827971428571,0.0008887865528309442,0.0008887865528309442,0.052861940020063274,188.78977662781134,24.22895520160506
160.0,109.31827971428571,0.00027194684585353594,0.00027194684585353594,0.03192164844233477,127.16748990076823,22.55373187538678
165.0,109.31827971428571,0.00018248343167533395,0.00018248343167533395,0.02764171177046621,118.23009482436586,22.211336941637295
170.0,109.31827971428571,0.00046746098927719375,0.00046746098927719375,0.03214028216353198,146.69935282879166,22.571222573082558
175.0,109.31827971428571,0.001410114439045955,0.001410114439045955,0.04113584899236134,240.87043246069092,23.29086791938891
180.0,109.31827971428571,0.0036833110801659723,0.0036833110801659723,0.05231494072567324,467.9627769085806,24.18519525805386
185.0,109.31827971428571,0.008174399852990778,0.008174399852990778,0.06405205795292333,916.6225453137787,25.124164636233868
190.0,109.31827971428571,0.015455889148025023,0.015455889148025023,0.07598841021338143,1644.0433258877,26.079072817070514
195.0,109.31827971428571,0.025037349448842516,0.025037349448842516,0.09036089741831532,2601.231209939367,27.228871793465224
200.0,109.31827971428571,0.035022803808937,0.035022803808937,0.11163700502404605,3598.7781005128063,28.930960401923684
205.0,109.31827971428571,0.04276199324007169,0.04276199324007169,0.14331942900832262,4371.923124683161,31.46555432066581
210.0,109.31827971428571,0.04626163146463203,0.04626163146463203,0.18394904284017835,4721.53698331674,34.715923427214264
215.0,109.31827971428571,0.04533891475408708,0.04533891475408708,0.22652749426502491,4629.357583933299,38.122199541201994
220.0,109.31827971428571,0.041727485008568065,0.041727485008568065,0.263479978888532,4268.57575235595,41.07839831108256
225.0,109.31827971428571,0.03828360495038252,0.03828360495038252,0.2932840143481598,3924.532134543214,43.46272114785279
230.0,109.31827971428571,0.03794379852866057,0.03794379852866057,0.3216353201062913,3890.5854730131905,45.73082560850331
235.0,109.31827971428571,0.042825469312311834,0.042825469312311834,0.3549254666396679,4378.264384299952,48.394037331173436
240.0,109.31827971428571,0.05365299932426132,0.05365299932426132,0.39196534846394765,5459.934632493706,51.35722787711581
245.0,109.31827971428571,0.06998131651503155,0.06998131651503155,0.4220089109450826,7091.133519851652,53.76071287560661
250.0,109.31827971428571,0.09143743751976456,0.09143743751976456,0.43169277454356253,9234.60000822448,54.535421963485
255.0,109.31827971428571,0.11870479170358841,0.11870479170358841,0.4159131542228171,11958.608691188483,53.27305233782537
260.0,109.31827971428571,0.15249983685900007,0.15249983685900007,0.3836016998616468,15334.733702214107,50.68813598893175
265.0,109.31827971428571,0.19160822907163907,0.19160822907163907,0.3531126281515122,19241.662084256743,48.249010252120975
270.0,109.31827971428571,0.23343133418973128,0.23343133418973128,0.34145476829154775,23419.790285554154,47.31638146332382
275.0,109.31827971428571,0.27682249829494077,0.27682249829494077,0.3563048934136165,27754.56757966458,48.50439147308932
280.0,109.31827971428571,0.32157330691180336,0.32157330691180336,0.39437539095110635,32225.173360489156,51.550031276088504
285.0,109.31827971428571,0.36237214180932603,0.36237214180932603,0.443468292223495,36300.976966751674,55.4774633778796
290.0,109.31827971428571,0.38502376483847656,0.38502376483847656,0.48649631740591237,38563.87410736381,58.91970539247299
295.0,109.31827971428571,0.37330154925669745,0.37330154925669745,0.5079564137255287,37392.824770744075,60.63651309804229
300.0,109.31827971428571,0.32211072461164625,0.32211072461164625,0.5001570020339879,32278.86138870346,60.01256016271903
305.0,109.31827971428571,0.24361993654020525,0.24361993654020525,0.4640204159874438,24437.631660366504,57.1216332789955
310.0,109.31827971428571,0.16015070373197376,0.16015070373197376,0.40467221411576215,16099.05530282418,52.37377712926097
315.0,109.31827971428571,0.09105848808895334,0.09105848808895334,0.32842085070064264,9196.742960086438,46.27366805605141
320.0,109.31827971428571,0.04462243283291547,0.04462243283291547,0.24451402541318287,4557.781040008255,39.56112203305463
325.0,109.31827971428571,0.018786794115492025,0.018786794115492025,0.16679737346768758,1976.8007321376533,33.343789877415006
330.0,109.31827971428571,0.006774597451788115,0.006774597451788115,0.1099858620038722,776.7822854336326,28.798868960309775
335.0,109.31827971428571,0.002087906189351769,0.002087906189351769,0.08261078020075892,308.58182831624174,26.608862416060713
340.0,109.31827971428571,0.0005597887783993841,0.0005597887783993841,0.08264525895616932,155.9228989620985,26.611620716493547
345.0,109.31827971428571,0.00018989632707869895,0.00018989632707869895,0.09894898509509595,118.97064307516203,27.915918807607675
350.0,109.31827971428571,0.0003250578172517521,0.0003250578172517521,0.11782963566054867,132.47327594345003,29.426370852843895
355.0,109.31827971428571,0.001130079533850175,0.001130079533850175,0.13150800391010709,212.8949454316325,30.520640312808567
360.0,109.31827971428571,0.003531548210474845,0.003531548210474845,0.14276851518945843,452.801666226437,31.421481215156675
365.0,109.31827971428571,0.009305071052393647,0.009305071052393647,0.16070647564296311,1029.5765981341253,32.85651805143705
370.0,109.31827971428571,0.02061256484933443,0.02061256484933443,0.18969062057856784,2159.1952284485096,35.17524964628542
375.0,109.31827971428571,0.03838384545921797,0.03838384545921797,0.2215692025600971,3934.5461613758753,37.72553620480777
380.0,109.31827971428571,0.06008508657513812,0.06008508657513812,0.2394543381908312,6102.500148856298,39.156347055266494
385.0,109.31827971428571,0.07906541560134556,0.07906541560134556,0.23011942128133603,7998.635018574421,38.409553702506884
390.0,109.31827971428571,0.0874597190045031,0.0874597190045031,0.1935418762620389,8837.22592854986,35.48335010096311
395.0,109.31827971428571,0.08132634410468474,0.08132634410468474,0.1418569113158881,8224.501776058005,31.34855290527105
400.0,109.31827971428571,0.06357056541949856,0.06357056541949856,0.09058034481421925,6450.699485407906,27.24642758513754
0.0,114.28729242857142,0.24268977687978616,0.24268977687978616,0.18829068967927307,24344.708710290637,35.06325517434185
5.0,114.28729242857142,0.32201855788265316,0.32201855788265316,0.25586928890555055,32269.65393247705,40.46954311244404
10.0,114.28729242857142,0.35937276870029033,0.35937276870029033,0.2947765433649511,36001.339593159006,43.58212346919609
15.0,114.28729242857142,0.33732083877084423,0.33732083877084423,0.2890369465514401,33798.35179320734,43.12295572411521
20.0,114.28729242857142,0.26630154594835553,0.26630154594835553,0.2438690350496858,26703.52444024072,39.50952280397486
25.0,114.28729242857142,0.17682185064256725,0.17682185064256725,0.1840886228516517,17764.502879192467,34.72708982813214
30.0,114.28729242857142,0.09874934967009279,0.09874934967009279,0.14136368927119702,9965.060032042269,31.309095141695764
35.0,114.28729242857142,0.04638916352101666,0.04638916352101666,0.14048603306248292,4734.277435749564,31.238882644998633
40.0,114.28729242857142,0.018348299932809484,0.018348299932809484,0.19014944209442486,1932.9951632876675,35.21195536755399
45.0,114.28729242857142,0.006160478779310075,0.006160478779310075,0.2777568278053448,715.4318300530765,42.22054622442758
50.0,114.28729242857142,0.0018839123972451159,0.0018839123972451159,0.37074893171944445,288.20284848478707,49.65991453755556
55.0,114.28729242857142,0.0008301433247822953,0.0008301433247822953,0.430390573325019,182.9313181457513,54.43124586600152
60.0,114.28729242857142,0.0011025160900694374,0.0011025160900694374,0.4348449609172331,210.1413573979368,54.78759687337865
65.0,114.28729242857142,0.0025956234259483946,0.0025956234259483946,0.3944712362206515,359.30278025224464,51.557698897652116
70.0,114.28729242857142,0.006766494451673033,0.006766494451673033,0.34483604671772294,775.972795722136,47.586883737417836
75.0,114.28729242857142,0.01724775182787704,0.01724775182787704,0.32296442700138267,1823.0504076049162,45.837154160110614
80.0,114.28729242857142,0.040505427686253356,0.040505427686253356,0.34628748530955306,4146.49222585671,47.702998824764244
85.0,114.28729242857142,0.08485150842857891,0.08485150842857891,0.4075520890392623,8576.665692015034,52.60416712314098
90.0,114.28729242857142,0.15593421773485094,0.15593421773485094,0.4840278636397364,15677.828351711609,58.72222909117891
95.0,114.28729242857142,0.2492055260419098,0.2492055260419098,0.5511016632710802,24995.63205158679,64.08813306168642
100.0,114.28729242857142,0.34476435111596293,0.34476435111596293,0.5920250510735069,34541.9586764847,67.36200408588056
105.0,114.28729242857142,0.4121819562568455,0.4121819562568455,0.602068029956256,41276.97743005887,68.16544239650048
110.0,114.28729242857142,0.426212028348289,0.426212028348289,0.5885365296624898,42678.58163199407,67.08292237299918
115.0,114.28729242857142,0.38249730195815873,0.38249730195815873,0.5653243474137791,38311.48046562006,65.22594779310234
120.0,114.28729242857142,0.2996794818711278,0.2996794818711278,0.5412604300374291,30037.98023892567,63.300834402994326
125.0,114.28729242857142,0.20653012487021571,0.20653012487021571,0.5107564136171574,20732.35947453455,60.86051308937259
130.0,114.28729242857142,0.12612463566838722,0.12612463566838722,0.4586227361138695,12699.851103271883,56.68981888910956
135.0,114.28729242857142,0.06856626346407828,0.06856626346407828,0.37672738386462573,6949.76972006142,50.13819070917006
140.0,114.28729242857142,0.033175878095039496,0.033175878095039496,0.275120038574311,3414.270221694446,42.00960308594488
145.0,114.28729242857142,0.0142118503480397,0.0142118503480397,0.1762068630034139,1519.763849769166,34.09654904027311
150.0,114.28729242857142,0.0053457264234117036,0.0053457264234117036,0.09958172510050034,634.0380696988292,27.966538008040025
155.0,114.28729242857142,0.0017536218857389428,0.0017536218857389428,0.052554501330183113,275.1868263853204,24.204360106414647
160.0,114.28729242857142,0.0005100933307171871,0.0005100933307171871,0.031794117682834674,150.95832373864698,22.543529414626775
165.0,114.28729242857142,0.0001743860901297151,0.0001743860901297151,0.030169897864568574,117.42117040395854,22.413591829165487
170.0,114.28729242857142,0.0002095975053992831,0.0002095975053992831,0.041226028668097985,120.93879078938838,23.298082293447838
175.0,114.28729242857142,0.0005647268336527579,0.0005647268336527579,0.059175353543895734,156.4162106819105,24.73402828351166
180.0,114.28729242857142,0.001458682505637762,0.001458682505637762,0.07748033643899722,245.72238231321242,26.19842691511978
185.0,114.28729242857142,0.00322668005966522,0.00322668005966522,0.08984975785503829,422.34533796055547,27.187980628403064
190.0,114.28729242857142,0.00608214839178942,0.00608214839178942,0.09399245531072753,707.6066243397631,27.5193964248582
195.0,114.28729242857142,0.009815393360709284,0.009815393360709284,0.09452612495845056,1080.5577967348574,27.562089996676043
200.0,114.28729242857142,0.013664863075475623,0.013664863075475623,0.10132400211116098,1465.1198212400147,28.10592016889288
205.0,114.28729242857142,0.016587258726530565,0.016587258726530565,0.12333413738858784,1757.0671467804034,29.866730991087028
210.0,114.28729242857142,0.01782553731368777,0.01782553731368777,0.16180102934224302,1880.771177637408,32.94408234737944
215.0,114.28729242857142,0.017370797493414223,0.017370797493414223,0.20809226352257448,1835.342669592081,36.64738108180596
220.0,114.28729242857142,0.01601689195123336,0.01601689195123336,0.24904995112279654,1700.0875059282127,39.923996089823724
225.0,114.28729242857142,0.015069766978990935,0.015069766978990935,0.27696682664662053,1605.4697212011945,42.15734613172964
230.0,114.28729242857142,0.015940502328901436,0.015940502328901436,0.2957991155547122,1692.4561826572535,43.66392924437697
235.0,114.28729242857142,0.019749380186747982,0.019749380186747982,0.31686317859106183,2072.9630806561236,45.34905428728494
240.0,114.28729242857142,0.027069148100240196,0.027069148100240196,0.3466944955251649,2804.2078952139955,47.73555964201319
245.0,114.28729242857142,0.03810756281952315,0.03810756281952315,0.37818309595758887,3906.9455256703627,50.25464767660711
250.0,114.28729242857142,0.053350208129392056,0.053350208129392056,0.39448291764020815,5429.685792126266,51.558633411216654
255.0,114.28729242857142,0.07379306749159123,0.07379306749159123,0.38363388702168144,7471.927442409964,50.69071096173452
260.0,114.28729242857142,0.09990364467329396,0.09990364467329396,0.3506640376963718,10080.374102862066,48.053123015709744
265.0,114.28729242857142,0.13041087123253298,0.13041087123253298,0.3155964791390177,13128.046036130045,45.24771833112142
270.0,114.28729242857142,0.16317317815347196,0.16317317815347196,0.29986348252517636,16401.000497531848,43.98907860201411
275.0,114.28729242857142,0.1973866426120772,0.1973866426120772,0.31387547234103935,19818.925596946512,45.11003778728315
280.0,114.28729242857142,0.23286062304148875,0.23286062304148875,0.3538017468523161,23362.776241844727,48.304139748185285
285.0,114.28729242857142,0.2652300160521978,0.2652300160521978,0.4052930903658842,26596.478603614563,52.423447229270735
290.0,114.28729242857142,0.2833270179301366,0.2833270179301366,0.4494326258695567,28404.369091220644,55.95461006956454
295.0,114.28729242857142,0.2748112347782611,0.2748112347782611,0.46960944416214184,27553.64235434828,57.568755532971345
300.0,114.28729242857142,0.23628013646796078,0.23628013646796078,0.45785507046256,23704.385633149283,56.6284056370048
305.0,114.28729242857142,0.17754674525798736,0.17754674525798736,0.416556041336342,17836.919851272938,53.32448330690736
310.0,114.28729242857142,0.11573049742348028,0.11573049742348028,0.354302176023892,11661.47669260568,48.34417408191136
315.0,114.28729242857142,0.06517318414756747,0.06517318414756747,0.28103834417059853,6610.80109634199,42.48306753364788
320.0,114.28729242857142,0.03162060123059021,0.03162060123059021,0.20748638978839873,3258.898062935962,36.5989111830719
325.0,114.28729242857142,0.013184018833178913,0.013184018833178913,0.1467005573704109,1417.0834814345735,31.736044589632872
330.0,114.28729242857142,0.004711706464658008,0.004711706464658008,0.11236806564438742,570.699475819335,28.989445251550993
335.0,114.28729242857142,0.0014421247946870023,0.0014421247946870023,0.11281340010957353,244.06826698923155,29.025072008765882
340.0,114.28729242857142,0.00039463797437531083,0.00039463797437531083,0.14460417378263676,139.42433364009355,31.56833390261094
345.0,114.28729242857142,0.00018868858150899304,0.00018868858150899304,0.19096833112415182,118.8499892927484,35.277466489932145
350.0,114.28729242857142,0.0004848273869093524,0.0004848273869093524,0.22882131695469352,148.4342559522443,38.30570535637548
355.0,114.28729242857142,0.0017524196992086871,0.0017524196992086871,0.24269928364543764,275.06672795094784,39.41594269163501
360.0,114.28729242857142,0.005486081953573654,0.005486081953573654,0.23553396686304343,648.059587162008,38.842717349043475
365.0,114.28729242857142,0.01445607322740713,0.01445607322740713,0.2252035523196434,1544.1617154179721,38.01628418557147
370.0,114.28729242857142,0.032023158302042526,0.032023158302042526,0.22809589204448702,3299.1135143740485,38.247671363558965
375.0,114.28729242857142,0.05963217876082184,0.05963217876082184,0.2444798803893297,6057.254658206101,39.55839043114638
380.0,114.28729242857142,0.09334668293260777,0.09334668293260777,0.258848160575362,9425.333624967516,40.707852846028956
385.0,114.28729242857142,0.12283404594136328,0.12283404594136328,0.2533467720206161,12371.121189542191,40.26774176164929
390.0,114.28729242857142,0.1358752251032577,0.1358752251032577,0.22115941957575316,13673.934987815444,37.692753566060254
395.0,114.28729242857142,0.1263465677445078,0.1263465677445078,0.1696231108280689,12722.02211767633,33.569848866245515
400.0,114.28729242857142,0.09876163546711206,0.09876163546711206,0.11354788772585463,9966.287383164494,29.08383101806837
0.0,119.25630514285714,0.22450035740586274,0.22450035740586274,0.1765394692498844,22527.58570484569,34.12315753999075
5.0,119.25630514285714,0.3000794261360013,0.3000794261360013,0.2419590361107075,30077.93467098653,39.356722888856595
10.0,119.25630514285714,0.33732952932980537,0.33732952932980537,0.2809227371551736,33799.21998004756,42.47381897241389
15.0,119.25630514285714,0.31890998671896287,0.31890998671896287,0.2771387779679267,31959.10767322439,42.171102237434134
20.0,119.25630514285714,0.2535561104091023,0.2535561104091023,0.2342871627258927,25430.25542986932,38.74297301807142
25.0,119.25630514285714,0.16953872329569245,0.16953872329569245,0.1750669468328153,17036.918457239673,34.00535574662523
30.0,119.25630514285714,0.09533462584974811,0.09533462584974811,0.12905551819408578,9623.929122389836,30.324441455526863
35.0,119.25630514285714,0.04508488159574172,0.04508488159574172,0.11959339682474894,4603.979671414598,29.567471745979915
40.0,119.25630514285714,0.017937324219017326,0.017937324219017326,0.15579588987703047,1891.9386894798308,32.46367119016244
45.0,119.25630514285714,0.0060274032013283695,0.0060274032013283695,0.22868871789480086,702.1375798127041,38.29509743158407
50.0,119.25630514285714,0.001796907233597816,0.001796907233597816,0.31189964767107997,279.5110326364218,44.9519718136864
55.0,119.25630514285714,0.0007772831295716193,0.0007772831295716193,0.37190816183196435,177.65058464420477,49.75265294655715
60.0,119.25630514285714,0.001314315767450553,0.001314315767450553,0.3873586159866225,231.30014516831022,50.9886892789298
65.0,119.25630514285714,0.003763255490805885,0.003763255490805885,0.36428394151620774,475.9492235315079,49.14271532129662
70.0,119.25630514285714,0.010409468725268222,0.010409468725268222,0.33278544311511515,1139.9059256542953,46.62283544920921
75.0,119.25630514285714,0.026114069938652004,0.026114069938652004,0.32661449325906516,2708.795586871335,46.12915946072521
80.0,119.25630514285714,0.05878038774145652,0.05878038774145652,0.36227336771756824,5972.160735371506,48.98186941740546
85.0,119.25630514285714,0.11784616907396116,0.11784616907396116,0.43237215410623003,11872.832290488719,54.589772328498405
90.0,119.25630514285714,0.20892849001723318,0.20892849001723318,0.5142837615894896,20971.956152721596,61.14270092715917
95.0,119.25630514285714,0.3254434820905372,0.3254434820905372,0.5843414960478098,32611.803860844666,66.74731968382478
100.0,119.25630514285714,0.4433244312633946,0.4433244312633946,0.6274892905497134,44388.11068321312,70.19914324397706
105.0,119.25630514285714,0.5270458314992862,0.5270458314992862,0.6399062925577295,52751.87856677869,71.19250340461835
110.0,119.25630514285714,0.5474131354949106,0.5474131354949106,0.6277738325760222,54786.57223594157,70.22190660608177
115.0,119.25630514285714,0.49879792420449354,0.49879792420449354,0.6028784998526837,49929.912628028906,68.2302799882147
120.0,119.25630514285714,0.40130809577783244,0.40130809577783244,0.5736565206692855,40190.678768205464,65.89252165354284
125.0,119.25630514285714,0.2870489508589286,0.2870489508589286,0.5370439097513473,28776.19019080697,62.963512780107784
130.0,119.25630514285714,0.18336863738415227,0.18336863738415227,0.48116530583161193,18418.526874676812,58.49322446652896
135.0,119.25630514285714,0.10459034327953703,0.10459034327953703,0.39873453870629266,10548.57529362575,51.898763096503416
140.0,119.25630514285714,0.05297683196658534,0.05297683196658534,0.2975919585207458,5392.385513461875,43.80735668165967
145.0,119.25630514285714,0.02362123103600591,0.02362123103600591,0.19754680844858324,2459.76098049699,35.80374467588666
150.0,119.25630514285714,0.00919359098477202,0.00919359098477202,0.1179552767501904,1018.4397393787249,29.43642214001523
155.0,119.25630514285714,0.0031152089440400757,0.0031152089440400757,0.0685121076986473,411.20937350960355,25.480968615891783
160.0,119.25630514285714,0.0009338561873984039,0.0009338561873984039,0.049380937627424376,193.29223312110054,23.95047501019395
165.0,119.25630514285714,0.00027352614644717915,0.00027352614644717915,0.05642129495717451,127.32526203007319,24.51370359657396
170.0,119.25630514285714,0.00013335689723464257,0.00013335689723464257,0.08402015747334443,113.3223540337408,26.721612597867555
175.0,119.25630514285714,0.00021000170558345201,0.00021000170558345201,0.12318226475671894,120.97917038778685,29.854581180537515
180.0,119.25630514285714,0.0004946938134795684,0.0004946938134795684,0.15969811439157344,149.41991196660888,32.77584915132587
185.0,119.25630514285714,0.001077818474168669,0.001077818474168669,0.17847962057991645,207.67406556945002,34.278369646393315
190.0,119.25630514285714,0.0020223081429737028,0.0020223081429737028,0.17321481484253787,302.0285834830729,33.85718518740303
195.0,119.25630514285714,0.0032519245145496574,0.0032519245145496574,0.15286779313826412,424.86725900351075,32.22942345106113
200.0,119.25630514285714,0.004508268077138601,0.004508268077138601,0.13786618702244466,550.3759809061462,31.02929496179557
205.0,119.25630514285714,0.0054442598969810605,0.0054442598969810605,0.14774579855110762,643.881563708408,31.81966388408861
210.0,119.25630514285714,0.005817323432964194,0.005817323432964194,0.18852776740860583,681.150610953123,35.08222139268847
215.0,119.25630514285714,0.005647516372539751,0.005647516372539751,0.24786908773041513,664.1868856167212,39.82952701843321
220.0,119.25630514285714,0.005243790257246372,0.005243790257246372,0.3021167483204128,623.8546466989126,44.16933986563302
225.0,119.25630514285714,0.005119474630987341,0.005119474630987341,0.332618144158295,611.4355156356354,46.6094515326636
230.0,119.25630514285714,0.005863382370281814,0.005863382370281814,0.33982810353217796,685.7518987911533,47.18624828257424
235.0,119.25630514285714,0.008003052057904175,0.008003052057904175,0.34183961940431445,899.5049005846271,47.34716955234516
240.0,119.25630514285714,0.011930842829872945,0.011930842829872945,0.3563667845968851,1291.8911987043073,48.50934276775081
245.0,119.25630514285714,0.018031692646124958,0.018031692646124958,0.38227631169269655,1901.3660953478832,50.58210493541573
250.0,119.25630514285714,0.026955905288247074,0.026955905288247074,0.39928456053516515,2792.8949382958826,51.94276484281321
255.0,119.25630514285714,0.03955060239194778,0.03955060239194778,0.38711023529973343,4051.105178955583,50.96881882397867
260.0,119.25630514285714,0.056123477384297654,0.056123477384297654,0.34544274843329514,5706.735390691336,47.63541987466361
265.0,119.25630514285714,0.07583615761389897,0.07583615761389897,0.29559929180231725,7676.032145628507,43.64794334418538
270.0,119.25630514285714,0.09743305099073984,0.09743305099073984,0.2642748712321361,9833.56179397491,41.14198969857089
275.0,119.25630514285714,0.12055167317195165,0.12055167317195165,0.26621075379523246,12143.112149877968,41.2968603036186
280.0,119.25630514285714,0.14495595902515365,0.14495595902515365,0.29868117297414293,14581.10030661285,43.894493837931435
285.0,119.25630514285714,0.16734461188292013,0.16734461188292013,0.3462661632873586,16817.72672710372,47.70129306298869
290.0,119.25630514285714,0.17994632413609873,0.17994632413609873,0.38849053810899353,18076.637781196263,51.07924304871948
295.0,119.25630514285714,0.17460252482092498,0.17460252482092498,0.40722651437244284,17542.792229610404,52.57812114979543
300.0,119.25630514285714,0.14945966382031153,0.14945966382031153,0.39339087404660916,15031.020415649122,51.471269923728734
305.0,119.25630514285714,0.11142918611329275,0.11142918611329275,0.3498633284861822,11231.775692717945,47.989066278894576
310.0,119.25630514285714,0.07189741505605678,0.07189741505605678,0.2879947992481053,7282.5517641000715,43.03958393984843
315.0,119.25630514285714,0.040023527838395793,0.040023527838395793,0.22123405199762308,4098.35043105574,37.69872415980984
320.0,119.25630514285714,0.01918528819440422,0.01918528819440422,0.16215409901162853,2016.6102906209817,32.97232792093028
325.0,119.25630514285714,0.007904769636581644,0.007904769636581644,0.12366725179917325,889.6864866945062,29.89338014393386
330.0,119.25630514285714,0.00279411349281395,0.00279411349281395,0.11923788657500126,379.1319379321136,29.539030926000102
335.0,119.25630514285714,0.0008489434659499554,0.0008489434659499554,0.15764205777903342,184.80945224840053,32.611364622322675
340.0,119.25630514285714,0.0002442588083708889,0.0002442588083708889,0.23359889459963865,124.4014549562518,38.68791156797109
345.0,119.25630514285714,0.0001863465312848641,0.0001863465312848641,0.32212830261457265,118.61601847535792,45.770264209165816
350.0,119.25630514285714,0.0006230968652629783,0.0006230968652629783,0.3864483440774399,162.24737683977153,50.91586752619519
355.0,119.25630514285714,0.002291700574285715,0.002291700574285715,0.39974656312797574,328.94088737114294,51.97972505023806
360.0,119.25630514285714,0.007179809192757988,0.007179809192757988,0.3646843708836175,817.262938356523,49.1747496706894
365.0,119.25630514285714,0.018919741821819526,0.018919741821819526,0.3112060134387421,1990.0822079997706,44.896481075099366
370.0,119.25630514285714,0.04191115655463992,0.04191115655463992,0.2726752906090293,4286.924539808529,41.81402324872234
375.0,119.25630514285714,0.078045198138259,0.078045198138259,0.26180842409390154,7896.715294012074,40.94467392751213
380.0,119.25630514285714,0.12216995146698921,0.12216995146698921,0.26621788316182454,12304.778151552222,41.29743065294596
385.0,119.25630514285714,0.160762321291142,0.160762321291142,0.2630143672695417,16160.155896985087,41.041149381563336
390.0,119.25630514285714,0.17783031102088245,0.17783031102088245,0.236952012069299,17865.248070986156,38.956160965543916
395.0,119.25630514285714,0.16535942752892313,0.16535942752892313,0.1887092574753325,16619.406810139422,35.0967405980266
400.0,119.25630514285714,0.12925691448688142,0.12925691448688142,0.13098828089191522,13012.765757239455,30.479062471353217
0.0,124.22531785714285,0.19266418597486998,0.19266418597486998,0.16186459439230735,19347.15217888951,32.94916755138459
5.0,124.22531785714285,0.2589999950401092,0.2589999950401092,0.22646611718406764,25974.099504506907,38.11728937472542
10.0,124.22531785714285,0.2927811671459538,0.2927811671459538,0.2690149267047265,29348.838597880786,41.52119413637812
15.0,124.22531785714285,0.27830903229455,0.27830903229455,0.2720604420717914,27903.072326225545,41.76483536574331
20.0,124.22531785714285,0.22245820950361647,0.22245820950361647,0.23590468928924688,22323.575129411285,38.87237514313975
25.0,124.22531785714285,0.14952122312778213,0.14952122312778213,0.1799525651680337,15037.170190465435,34.3962052134427
30.0,124.22531785714285,0.08450603858416103,0.08450603858416103,0.1327359355085647,8542.153254557687,30.618874840685173
35.0,124.22531785714285,0.040161699171083934,0.040161699171083934,0.11926697646904898,4112.153747191285,29.54135811752392
40.0,124.22531785714285,0.016056388737192867,0.016056388737192867,0.15221554328663492,1704.0332348455674,32.17724346293079
45.0,124.22531785714285,0.005432302419586353,0.005432302419586353,0.22665767586328642,642.6870117166766,38.13261406906291
50.0,124.22531785714285,0.001697452801763259,0.001697452801763259,0.31869905860723957,269.5755348961496,45.495924688579166
55.0,124.22531785714285,0.0010279754672317975,0.0010279754672317975,0.3935428423193752,202.69474917645658,51.483427385550016
60.0,124.22531785714285,0.002309160386538202,0.002309160386538202,0.42474180939072503,330.6851226151664,53.979344751258004
65.0,124.22531785714285,0.006617883618653377,0.006617883618653377,0.412554777972878,761.1265735034724,53.00438223783024
70.0,124.22531785714285,0.017257967410614125,0.017257967410614125,0.38430917920410745,1824.0709443203511,50.7447343363286
75.0,124.22531785714285,0.040160931889137684,0.040160931889137684,0.37471684638584013,4112.077095724855,49.97734771086721
80.0,124.22531785714285,0.0837419104035595,0.0837419104035595,0.4029145661963988,8465.816849315594,52.233165295711906
85.0,124.22531785714285,0.15678463241630586,0.15678463241630586,0.4639494258651636,15762.784778388956,57.11595406921309
90.0,124.22531785714285,0.2630744786268247,0.2630744786268247,0.5372517683788562,26381.140414819787,62.980141470308496
95.0,124.22531785714285,0.39383375310955765,0.39383375310955765,0.6012465806759705,39443.99193564481,68.09972645407764
100.0,124.22531785714285,0.5235336181308256,0.5235336181308256,0.6426811510196058,52401.008451269474,71.41449208156845
105.0,124.22531785714285,0.6162929723412817,0.6162929723412817,0.6582014002162114,61667.66793689404,72.65611201729692
110.0,124.22531785714285,0.6428171230768932,0.6428171230768932,0.6524033988438315,64317.43059538163,72.19227190750652
115.0,124.22531785714285,0.5963239864575032,0.5963239864575032,0.6341685803941465,59672.76624710457,70.73348643153172
120.0,124.22531785714285,0.4946261669768741,0.4946261669768741,0.6097288184179576,49513.15408098973,68.7783054734366
125.0,124.22531785714285,0.36827742183996515,0.36827742183996515,0.5758922936958774,36890.91444181252,66.07138349567019
130.0,124.22531785714285,0.24604553925249123,0.24604553925249123,0.5217860052457298,24679.949371323873,61.742880419658384
135.0,124.22531785714285,0.1466619956696616,0.1466619956696616,0.44017690213989685,14751.533367399194,55.21415217119175
140.0,124.22531785714285,0.07726886662994904,0.07726886662994904,0.33768688444864076,7819.15977633191,47.01495075589126
145.0,124.22531785714285,0.03564650301745938,0.03564650301745938,0.2335980026260056,3661.0856514441916,38.68784021008045
150.0,124.22531785714285,0.014343789814464302,0.014343789814464302,0.1491181341462079,1532.9446024649837,31.929450731696633
155.0,124.22531785714285,0.005092173865830189,0.005092173865830189,0.09780291500820666,608.7081691964358,27.824233200656533
160.0,124.22531785714285,0.0016720160790130556,0.0016720160790130556,0.08432088439581474,267.03440629340423,26.74567075166518
165.0,124.22531785714285,0.0005658221979500189,0.0005658221979500189,0.10844595422809307,156.52563757520687,28.675676338247445
170.0,124.22531785714285,0.0002307976752182306,0.0002307976752182306,0.16577257156876024,123.05668775430124,33.26180572550082
175.0,124.22531785714285,0.00014267632439246225,0.00014267632439246225,0.24238247918541767,114.25336480680699,39.39059833483341
180.0,124.22531785714285,0.00017420759489883607,0.00017420759489883607,0.31171597829514947,117.40333873039373,44.93727826361196
185.0,124.22531785714285,0.0003159892683898979,0.0003159892683898979,0.3440787024973451,131.5673279121508,47.52629619978761
190.0,124.22531785714285,0.0005714513456382592,0.0005714513456382592,0.3262239926104722,157.0879894292621,46.097919408837775
195.0,124.22531785714285,0.000910787474492705,0.000910787474492705,0.2741605787283884,190.98766870182124,41.93284629827107
200.0,124.22531785714285,0.0012567238575222242,0.0012567238575222242,0.22578667195424315,225.54671336647021,38.06293375633945
205.0,124.22531785714285,0.0015104622419986776,0.0015104622419986776,0.21793723388855396,250.89517797566788,37.43497871108431
210.0,124.22531785714285,0.0016062346970136538,0.0016062346970136538,0.26398484721939774,260.462846231664,41.118787777551816
215.0,124.22531785714285,0.0015570575743600063,0.0015570575743600063,0.3453056697626919,255.55005167856464,47.62445358101535
220.0,124.22531785714285,0.0014654946492411746,0.0014654946492411746,0.4220415814416313,246.40291545919334,53.763326515330505
225.0,124.22531785714285,0.0015053079594974615,0.0015053079594974615,0.4592787063432997,250.38026515379642,56.742296507463976
230.0,124.22531785714285,0.0018900987102390121,0.0018900987102390121,0.45187901921658064,288.82086115287734,56.15032153732645
235.0,124.22531785714285,0.0028395858509766767,0.0028395858509766767,0.4262149631251114,383.67462651257,54.097197050008916
240.0,124.22531785714285,0.004575480026538236,0.004575480026538236,0.41441823275512707,557.0904546511697,53.15345862041016
245.0,124.22531785714285,0.007395446697770288,0.007395446697770288,0.4241633476886478,838.8051251072518,53.933067815091825
250.0,124.22531785714285,0.011769237025612573,0.011769237025612573,0.43320418766864954,1275.746778858696,54.65633501349196
255.0,124.22531785714285,0.01823112146746029,0.01823112146746029,0.4131391109799571,1921.2890345992828,53.05112887839657
260.0,124.22531785714285,0.02698073950913844,0.02698073950913844,0.3575776690753146,2795.3758769629303,48.606213526025165
265.0,124.22531785714285,0.03763893679697285,0.03763893679697285,0.28786869675757026,3860.1297860175873,43.029495740605626
270.0,124.22531785714285,0.049687181498549775,0.049687181498549775,0.2349008488506994,5063.749431705122,38.792067908055955
275.0,124.22531785714285,0.06306197974077941,0.06306197974077941,0.21760052929723467,6399.891776103864,37.408042343778774
280.0,124.22531785714285,0.07753516089760383,0.07753516089760383,0.2352408466709108,7845.762573670622,38.81926773367286
285.0,124.22531785714285,0.09091633023113221,0.09091633023113221,0.27271278101893087,9182.541390090108,41.81702248151447
290.0,124.22531785714285,0.09849712277684691,0.09849712277684691,0.309269559359917,9939.862565407007,44.741564748793365
295.0,124.22531785714285,0.09561237477778933,0.09561237477778933,0.3261718065383676,9651.676240301154,46.093744523069404
300.0,124.22531785714285,0.08144699594207568,0.08144699594207568,0.313406730417089,8236.55489461336,45.07253843336712
305.0,124.22531785714285,0.060200131741447845,0.060200131741447845,0.27337333847736983,6113.99316097064,41.869867078189586
310.0,124.22531785714285,0.038407401235854684,0.038407401235854684,0.218191471149458,3936.8993834618827,37.45531769195664
315.0,124.22531785714285,0.02110508378896528,0.02110508378896528,0.16282732050211907,2208.3978705176314,33.02618564016953
320.0,124.22531785714285,0.009978256276214466,0.009978256276214466,0.1208409744926226,1096.8278019938252,29.66727795940981
325.0,124.22531785714285,0.004054955844668111,0.004054955844668111,0.1055302763092574,505.09008888234433,28.442422104740594
330.0,124.22531785714285,0.0014149252317243494,0.0014149252317243494,0.13143978739653542,241.3510306492625,30.51518299172283
335.0,124.22531785714285,0.0004271992875840217,0.0004271992875840217,0.2089801329527349,142.67720882964377,36.71841063621879
340.0,124.22531785714285,0.00013684927598650045,0.00013684927598650045,0.3314021561075174,113.6712426710514,46.512172488601394
345.0,124.22531785714285,0.00017614184817141664,0.00017614184817141664,0.4648617675608668,117.59657063232453,57.18894140486934
350.0,124.22531785714285,0.0006814933311607453,0.0006814933311607453,0.5575568272369261,168.08118378295848,64.60454617895408
355.0,124.22531785714285,0.002525842989325667,0.002525842989325667,0.5701964851569163,352.33171463363414,65.61571881255331
360.0,124.22531785714285,0.007915990797385156,0.007915990797385156,0.5049830907988766,890.8074806587771,60.39864726391013
365.0,124.22531785714285,0.020859973493938175,0.020859973493938175,0.40465341646532677,2183.911352044424,52.37227331722614
370.0,124.22531785714285,0.04620920082302629,0.04620920082302629,0.3204474462463871,4716.299162220326,45.63579569971097
375.0,124.22531785714285,0.08604883820469408,0.08604883820469408,0.277970335083491,8696.27893664894,42.23762680667928
380.0,124.22531785714285,0.13469864450464997,0.13469864450464997,0.268084692891414,13556.394586014532,41.44677543131312
385.0,124.22531785714285,0.17724871383187024,0.17724871383187024,0.2633168917842769,17807.146511803836,41.065351342742154
390.0,124.22531785714285,0.1960670488936302,0.1960670488936302,0.24095268049211985,19687.098184473656,39.27621443936959
395.0,124.22531785714285,0.182317259505509,0.182317259505509,0.19583612373897982,18313.49422460035,35.66688989911839
400.0,124.22531785714285,0.14251238513307257,0.14251238513307257,0.13845598175020396,14336.98727479395,31.076478540016318
0.0,129.19433057142857,0.14934108859633935,0.14934108859633935,0.14378418098765358,15019.1747507743,31.502734479012286
5.0,129.19433057142857,0.20154295700874034,0.20154295700874034,0.20773693359015974,20234.14140517316,36.61895468721278
10.0,129.19433057142857,0.2286912410779702,0.2286912410779702,0.25570790043946484,22946.254983689225,40.456632035157185
15.0,129.19433057142857,0.21818351367125688,0.21818351367125688,0.26878727388940715,21896.533015758563,41.502981911152574
20.0,129.19433057142857,0.1750176347935228,0.1750176347935228,0.24277082900848462,17584.26171587293,39.42166632067877
25.0,129.19433057142857,0.11803922883740967,0.11803922883740967,0.19294288417673813,11892.118960857226,35.43543073413905
30.0,129.19433057142857,0.06693523634706826,0.06693523634706826,0.14747980701925748,6786.830111072119,31.798384561540598
35.0,129.19433057142857,0.03191495486414373,0.03191495486414373,0.13526138398173324,3288.3039909279587,30.82091071853866
40.0,129.19433057142857,0.012807974611789112,0.012807974611789112,0.17463978612719414,1379.5166637177324,33.97118289017553
45.0,129.19433057142857,0.004391669925709041,0.004391669925709041,0.2646519057279418,538.7278255783332,41.172152458235345
50.0,129.19433057142857,0.0015707228573276343,0.0015707228573276343,0.38055829171132755,256.9152134470307,50.4446633369062
55.0,129.19433057142857,0.0015953433431775837,0.0015953433431775837,0.4810865260039998,259.37479998344065,58.486922080319985
60.0,129.19433057142857,0.004267258844559924,0.004267258844559924,0.5307207902539953,526.2991585715364,62.457663220319624
65.0,129.19433057142857,0.011797818116366734,0.011797818116366734,0.5235129888815532,1278.6020298250367,61.881039110524256
70.0,129.19433057142857,0.028859095980091117,0.028859095980091117,0.48671382840497607,2983.0236884111027,58.93710627239808
75.0,129.19433057142857,0.06231966986791013,0.06231966986791013,0.4595197022848468,6325.735019804221,56.76157618278774
80.0,129.19433057142857,0.1199259768001145,0.1199259768001145,0.46629846403936936,12080.60508233144,57.30387712314955
85.0,129.19433057142857,0.20750307185297046,0.20750307185297046,0.5060078824150149,20829.556878111747,60.4806305932012
90.0,129.19433057142857,0.32464682867775546,0.32464682867775546,0.5608921951029237,32532.21818490777,64.87137560823389
95.0,129.19433057142857,0.4599358571897803,0.4599358571897803,0.6116411968257774,46047.59213325905,68.9312957460622
100.0,129.19433057142857,0.5891425176790785,0.5891425176790785,0.6465317745029207,58955.337516139945,71.72254196023366
105.0,129.19433057142857,0.6810395615606032,0.6810395615606032,0.6623909166469129,68135.85219990426,72.99127333175304
110.0,129.19433057142857,0.71046621387777,0.71046621387777,0.6621473065693242,71075.57476638923,72.97178452554593
115.0,129.19433057142857,0.6701985555859497,0.6701985555859497,0.6515026171112843,67052.83570303637,72.12020936890275
120.0,129.19433057142857,0.5727775377150308,0.5727775377150308,0.6336303603106186,57320.47601773158,70.69042882484949
125.0,129.19433057142857,0.44291964890724944,0.44291964890724944,0.6041708921003937,44347.67292583422,68.33367136803149
130.0,129.19433057142857,0.30793032449364216,0.30793032449364216,0.5528889588008495,30862.23941691485,64.23111670406797
135.0,129.19433057142857,0.19047949998701638,0.19047949998701638,0.4732307035223434,19128.902048702937,57.858456281787475
140.0,129.19433057142857,0.10370511896045029,0.10370511896045029,0.37161783822212774,10460.141384148983,49.72942705777022
145.0,129.19433057142857,0.04940665643030359,0.04940665643030359,0.2673528162201562,5035.724977387329,41.38822529761249
150.0,129.19433057142857,0.020777534717926018,0.020777534717926018,0.18326513099461034,2175.675718320809,34.66121047956882
155.0,129.19433057142857,0.00804693126300248,0.00804693126300248,0.13622879622402007,903.8884331739476,30.898303697921605
160.0,129.19433057142857,0.003162526128792346,0.003162526128792346,0.13537447717182502,415.93636026635534,30.829958173746
165.0,129.19433057142857,0.0014029921631624905,0.0014029921631624905,0.18521932118625725,240.1589170999328,34.81754569490058
170.0,129.19433057142857,0.0006956967067768174,0.0006956967067768174,0.28347362971692147,169.50010100700405,42.67789037735372
175.0,129.19433057142857,0.0003501819883348024,0.0003501819883348024,0.41052964405252335,134.98318063464677,52.842371524201866
180.0,129.19433057142857,0.00018086838234081435,0.00018086838234081435,0.5239936475886334,118.06875139584736,61.91949180709067
185.0,129.19433057142857,0.000127781729684154,0.000127781729684154,0.5748455752507629,112.76539479544698,65.98764602006102
190.0,129.19433057142857,0.00015220059846465095,0.00015220059846465095,0.5403966343198662,115.20483978661863,63.231730745589296
195.0,129.19433057142857,0.00021959321235786542,0.00021959321235786542,0.4457034606333488,121.93736191455076,55.65627685066791
200.0,129.19433057142857,0.00029673536671592375,0.00029673536671592375,0.3514385081411365,129.6438631349208,48.11508065129092
205.0,129.19433057142857,0.00035415665132779953,0.00035415665132779953,0.3167605253967409,135.38024946764716,45.34084203173927
210.0,129.19433057142857,0.00037502400027823165,0.00037502400027823165,0.36436985422726337,137.46489762779535,49.14958833818107
215.0,129.19433057142857,0.0003640388291871895,0.0003640388291871895,0.4681286726195008,136.36747903580022,57.450293809560065
220.0,129.19433057142857,0.0003502215293436054,0.0003502215293436054,0.5692426654104479,134.98713078142617,65.53941323283583
225.0,129.19433057142857,0.00038429080128406543,0.00038429080128406543,0.6140761189460954,138.39065104827813,69.12608951568762
230.0,129.19433057142857,0.0005336954891092861,0.0005336954891092861,0.5903935035062049,153.3161793620177,67.23148028049638
235.0,129.19433057142857,0.0008787935330347176,0.0008787935330347176,0.5321445168646767,187.79147395016827,62.57156134917413
240.0,129.19433057142857,0.0015222425161251958,0.0015222425161251958,0.48600861414881946,252.07202736090707,58.880689131905555
245.0,129.19433057142857,0.0026242088416440004,0.0026242088416440004,0.46997026138349396,362.15846328023565,57.59762091067952
250.0,129.19433057142857,0.004431141965916388,0.004431141965916388,0.4627299331073805,542.6710823950472,57.01839464859044
255.0,129.19433057142857,0.007210501369005087,0.007210501369005087,0.4306489509929364,820.3290867636082,54.45191607943491
260.0,129.19433057142857,0.011080106696778662,0.011080106696778662,0.36204494694613343,1206.9026590081883,48.963595755690676
265.0,129.19433057142857,0.015932208088241324,0.015932208088241324,0.2763144808557065,1691.6275880153082,42.10515846845652
270.0,129.19433057142857,0.021638726417748253,0.021638726417748253,0.20528835445177285,2261.7087691330503,36.423068356141826
275.0,129.19433057142857,0.028250208821313405,0.028250208821313405,0.16978702355975678,2922.195861249209,33.582961884780545
280.0,129.19433057142857,0.03560227001791355,0.03560227001791355,0.17078434904848364,3656.6667747895635,33.66274792387869
285.0,129.19433057142857,0.042457778474829705,0.042457778474829705,0.19473278127379084,4341.5320696354875,35.57862250190327
290.0,129.19433057142857,0.04636566212205781,0.04636566212205781,0.22257979811779083,4731.929645993575,37.80638384942327
295.0,129.19433057142857,0.04503113428670607,0.04503113428670607,0.23703630983021598,4598.610315241936,38.96290478641728
300.0,129.19433057142857,0.038170980819115845,0.038170980819115845,0.22850535530073987,3913.280983829673,38.28042842405919
305.0,129.19433057142857,0.02796482573929668,0.02796482573929668,0.1984942510622535,2893.6860913557384,35.87954008498028
310.0,129.19433057142857,0.017633830260801724,0.017633830260801724,0.15747702901995236,1861.6196430540922,32.59816232159619
315.0,129.19433057142857,0.009558008772388556,0.009558008772388556,0.1187358200330023,1054.8450763616167,29.498865602640183
320.0,129.19433057142857,0.004452120950674622,0.004452120950674622,0.09458263359206262,544.7668829723948,27.56661068736501
325.0,129.19433057142857,0.0017818495897131722,0.0017818495897131722,0.09816626718142502,278.0067740123459,27.853301374514
330.0,129.19433057142857,0.0006128470537146338,0.0006128470537146338,0.14566945024027186,161.22342066609193,31.65355601922175
335.0,129.19433057142857,0.0001846973611247099,0.0001846973611247099,0.25003515726652326,118.45126637635852,40.00281258132186
340.0,129.19433057142857,7.237037660207694e-05,7.237037660207694e-05,0.404553278519608,107.22980062254749,52.36426228156864
345.0,129.19433057142857,0.00015157809361572157,0.00015157809361572157,0.5695002967588798,115.14265155221058,65.56002374071039
350.0,129.19433057142857,0.0006307414633305246,0.0006307414633305246,0.6822909782557591,163.01107218671942,74.58327826046073
355.0,129.19433057142857,0.0023457017243415654,0.0023457017243415654,0.69453905704679,334.3356022617224,75.5631245637432
360.0,129.19433057142857,0.007352492876783447,0.007352492876783447,0.608066710719632,834.5140383906663,68.64533685757056
365.0,129.19433057142857,0.019375181009573167,0.019375181009573167,0.47472031428069494,2035.5805828563593,57.977625142455594
370.0,129.19433057142857,0.042920086542295795,0.042920086542295795,0.35814837881733963,4387.7166455753495,48.65187030538717
375.0,129.19433057142857,0.07992398827503831,0.07992398827503831,0.29235172787230995,8084.406428676328,43.3881382297848
380.0,129.19433057142857,0.12511096156527807,0.12511096156527807,0.2698000721787502,12598.585060371279,41.58400577430001
385.0,129.19433057142857,0.16463236958128968,0.16463236958128968,0.26002351939812207,16546.77372117084,40.80188155184977
390.0,129.19433057142857,0.18211123882578517,0.18211123882578517,0.23647490591296463,18292.91275869594,38.917992473037174
395.0,129.19433057142857,0.16934014244221343,0.16934014244221343,0.19158574746551374,17017.08022997712,35.3268597972411
400.0,129.19433057142857,0.132368529801672,0.132368529801672,0.13494338496525146,13323.616127187031,30.79547079722012
0.0,134.1633432857143,0.10202001829991185,0.10202001829991185,0.12332414874349674,10291.799828161194,29.86593189947974
5.0,134.1633432857143,0.13801232151405138,0.13801232151405138,0.1855555215146912,13887.430919253733,34.8444417211753
10.0,134.1633432857143,0.1569663606988095,0.1569663606988095,0.2383385619756702,15780.93943381107,39.06708495805361
15.0,134.1633432857143,0.15008922374354813,0.15008922374354813,0.2616863783407421,15093.91345198046,40.93491026725937
20.0,134.1633432857143,0.12065481489028734,0.12065481489028734,0.24689860102346958,12153.416007539705,39.75188808187757
25.0,134.1633432857143,0.08154372744075375,0.08154372744075375,0.20485655697408395,8246.218371331299,36.388524557926715
30.0,134.1633432857143,0.046333148125391424,0.046333148125391424,0.16314834795649769,4728.681497726603,33.05186783651982
35.0,134.1633432857143,0.02213792812125988,0.02213792812125988,0.15450080525701276,2311.579019313862,32.36006442056102
40.0,134.1633432857143,0.008920916790931127,0.008920916790931127,0.2028816967749502,991.1995874140196,36.230535741996015
45.0,134.1633432857143,0.0031611651024493806,0.0031611651024493806,0.31083976247337836,415.8003937346931,44.867180997870264
50.0,134.1633432857143,0.001524505777193215,0.001524505777193215,0.452108800423168,252.29812714160218,56.16870403385344
55.0,134.1633432857143,0.0026288465802673756,0.0026288465802673756,0.5786517885584221,362.6217733687108,66.29214308467377
60.0,134.1633432857143,0.00757063139949871,0.00757063139949871,0.6463351787655651,856.3060768099211,71.7068143012452
65.0,134.1633432857143,0.020197557655287243,0.020197557655287243,0.6437324403568715,2117.7360097631954,71.49859522854972
70.0,134.1633432857143,0.047005247972975325,0.047005247972975325,0.5983003347343993,4795.824272500235,67.86402677875193
75.0,134.1633432857143,0.09572699130064938,0.09572699130064938,0.5534767156325103,9663.126430934873,64.27813725060082
80.0,134.1633432857143,0.1722769043549672,0.1722769043549672,0.5385905203247198,17310.462745061224,63.08724162597758
85.0,134.1633432857143,0.27724038471040874,0.27724038471040874,0.5564656263487915,27796.314432569834,64.51725010790332
90.0,134.1633432857143,0.40364680382464885,0.40364680382464885,0.5920788827169013,40424.31570208242,67.3663106173521
95.0,134.1633432857143,0.5366290582661999,0.5366290582661999,0.6280477346592419,53709.24292079337,70.24381877273936
100.0,134.1633432857143,0.6550175735339964,0.6550175735339964,0.6538125458141558,65536.25559604623,72.30500366513246
105.0,134.1633432857143,0.7357995183523833,0.7357995183523833,0.6663462014076006,73606.37188340309,73.30769611260806
110.0,134.1633432857143,0.761284493232285,0.761284493232285,0.6671873830209473,76152.32087390526,73.37499064167578
115.0,134.1633432857143,0.7252280433841845,0.7252280433841845,0.6590766913960585,72550.28153408003,72.72613531168469
120.0,134.1633432857143,0.6341801495661644,0.6341801495661644,0.6421555815964535,63454.596941659824,71.37244652771628
125.0,134.1633432857143,0.5051409195662647,0.5051409195662647,0.6112374998666944,50563.577864669845,68.89899998933555
130.0,134.1633432857143,0.36209875433336847,0.36209875433336847,0.5580434969340823,36273.66555790351,64.64347975472658
135.0,134.1633432857143,0.23051590758097384,0.23051590758097384,0.47880481379722495,23128.539167339288,58.304385103777996
140.0,134.1633432857143,0.12916399182880853,0.12916399182880853,0.38132990528478744,13003.482783697971,50.506392422782994
145.0,134.1633432857143,0.06397664432274787,0.06397664432274787,0.2846631519915242,6491.266767842512,42.773052159321935
150.0,134.1633432857143,0.02901692797891182,0.02901692797891182,0.21103444212982858,2998.7911050932908,36.882755370386285
155.0,134.1633432857143,0.013169153167806332,0.013169153167806332,0.17772790371109853,1415.5984014638527,34.218232296887884
160.0,134.1633432857143,0.006677051987049798,0.006677051987049798,0.19621990321545857,767.0374935062748,35.697592257236685
165.0,134.1633432857143,0.0038025888813147794,0.0038025888813147794,0.27514815205167276,479.87862924334644,42.01185216413382
170.0,134.1633432857143,0.0021768875365245502,0.0021768875365245502,0.4149762341895148,317.4710648988026,53.19809873516118
175.0,134.1633432857143,0.0011333093591905862,0.0011333093591905862,0.5915545230755934,213.21760498313955,67.32436184604748
180.0,134.1633432857143,0.000514464691218305,0.000514464691218305,0.7475877074202303,151.39502265270866,79.80701659361841
185.0,134.1633432857143,0.0002079506458461675,0.0002079506458461675,0.8151171099555824,120.77426952003214,85.2093687964466
190.0,134.1633432857143,8.902359722342778e-05,8.902359722342778e-05,0.7619092894060026,108.89345736262044,80.9527431524802
195.0,134.1633432857143,5.959506253581696e-05,5.959506253581696e-05,0.6215933675923004,105.95354674732812,69.72746940738404
200.0,134.1633432857143,6.252422017877758e-05,6.252422017877758e-05,0.47676194424155216,106.24616959585988,58.140955539324175
205.0,134.1633432857143,7.075679356135324e-05,7.075679356135324e-05,0.40786857758606826,107.06860367677919,52.62948620688546
210.0,134.1633432857143,7.411617481011417e-05,7.411617481011417e-05,0.44664486610851206,107.40420586353041,55.731589288680965
215.0,134.1633432857143,7.22227322488017e-05,7.22227322488017e-05,0.5611599063998829,107.21505095165529,64.89279251199063
220.0,134.1633432857143,7.174699643734548e-05,7.174699643734548e-05,0.67757290791987,107.16752494409081,74.20583263358961
225.0,134.1633432857143,8.541429602840581e-05,8.541429602840581e-05,0.7273742457594428,108.53288817323774,78.18993966075541
230.0,134.1633432857143,0.000131771373586702,0.000131771373586702,0.6916870430727055,113.16396022131153,75.33496344581644
235.0,134.1633432857143,0.00023642893334501576,0.00023642893334501576,0.607957583749696,123.61925044116708,68.63660669997569
240.0,134.1633432857143,0.0004384978148128239,0.0004384978148128239,0.5317545792333569,143.8059316998011,62.54036633866855
245.0,134.1633432857143,0.0008044181393106682,0.0008044181393106682,0.48890638787610585,180.36137211713577,59.11251103008847
250.0,134.1633432857143,0.0014355979600829106,0.0014355979600829106,0.46182712709960794,243.41623621228277,56.94617016796863
255.0,134.1633432857143,0.0024415012476445654,0.0024415012476445654,0.4169596477859393,343.9059746396921,53.356771822875146
260.0,134.1633432857143,0.0038816249494782688,0.0038816249494782688,0.34051145298702423,487.77433245287904,47.24091623896194
265.0,134.1633432857143,0.005749195259061934,0.005749195259061934,0.2487096226172353,674.3446063802871,39.896769809378824
270.0,134.1633432857143,0.00804766173159685,0.00804766173159685,0.17037295809963934,903.9614069865253,33.629836647971146
275.0,134.1633432857143,0.010833355527107633,0.010833355527107633,0.12472032426434317,1182.2522171580526,29.97762594114745
280.0,134.1633432857143,0.014015067319094122,0.014015067319094122,0.11314845170645539,1500.1052251775027,29.051876136516434
285.0,134.1633432857143,0.017006577210916196,0.017006577210916196,0.12438814882069119,1798.957063370528,29.951051905655294
290.0,134.1633432857143,0.018721759126886558,0.018721759126886558,0.14290451299545895,1970.303736775967,31.432361039636717
295.0,134.1633432857143,0.018194407149189976,0.018194407149189976,0.1550915679033636,1917.6212742040786,32.40732543226909
300.0,134.1633432857143,0.01535052226240599,0.01535052226240599,0.15359849162779105,1633.5171740143583,32.287879330223284
305.0,134.1633432857143,0.011150257195163188,0.011150257195163188,0.13934901476386796,1213.9106937968024,31.14792118110944
310.0,134.1633432857143,0.00695058574209052,0.00695058574209052,0.1193136177638731,794.3635156348429,29.54508942110985
315.0,134.1633432857143,0.003715917748857514,0.003715917748857514,0.10173887008895914,471.22018311086566,28.13910960711673
320.0,134.1633432857143,0.0017045388879558276,0.0017045388879558276,0.09443362005816448,270.2834349067872,27.55468960465316
325.0,134.1633432857143,0.0006712820409290166,0.0006712820409290166,0.10838249760277854,167.06107588880877,28.670599808222285
330.0,134.1633432857143,0.00022738865866296347,0.00022738865866296347,0.16065494446963738,122.71612700043005,32.852395557570986
335.0,134.1633432857143,6.918654471891537e-05,6.918654471891537e-05,0.26713868598876694,106.91173581741964,41.371094879101356
340.0,134.1633432857143,3.739027295258692e-05,3.739027295258692e-05,0.4238512918927535,103.73528826796343,53.90810335142028
345.0,134.1633432857143,0.00011441619565231013,0.00011441619565231013,0.5916740787891942,111.43017794566578,67.33392630313554
350.0,134.1633432857143,0.0004927579986892024,0.0004927579986892024,0.7064992239022301,149.22652406905132,76.5199379121784
355.0,134.1633432857143,0.0018353098006033657,0.0018353098006033657,0.7180792406541782,283.34744908027625,77.44633925233425
360.0,134.1633432857143,0.005753059106763726,0.005753059106763726,0.6279051746273363,674.7306047656962,70.23241397018691
365.0,134.1633432857143,0.015160417636328343,0.015160417636328343,0.48925890537735167,1614.5257218692016,59.14071243018813
370.0,134.1633432857143,0.03358350622625161,0.03358350622625161,0.36752415168122937,3454.9922720025356,49.40193213449835
375.0,134.1633432857143,0.06253779960381241,0.06253779960381241,0.297187025403985,6347.526180420859,43.7749620323188
380.0,134.1633432857143,0.09789506771552754,0.09789506771552754,0.2699768122637723,9879.717264781202,41.59814498110178
385.0,134.1633432857143,0.12881922388605185,0.12881922388605185,0.2549672619151031,12969.04046621658,40.39738095320825
390.0,134.1633432857143,0.14249584395911288,0.14249584395911288,0.22660951538599797,14335.334811515377,38.12876123087984
395.0,134.1633432857143,0.13250289586214925,0.13250289586214925,0.17914898186462724,13337.03929662871,34.33191854917018
400.0,134.1633432857143,0.1035738677598074,0.1035738677598074,0.12307884931388557,10447.02938920476,29.846307945110844
0.0,139.132356,0.06031858924561094,0.06031858924561094,0.10174777669543861,6125.827065636533,28.13982213563509
5.0,139.132356,0.08171264847581637,0.08171264847581637,0.15966333525799387,8263.093582734055,32.773066820639514
10.0,139.132356,0.09305933931579341,0.09305933931579341,0.21365009894275944,9396.627997647762,37.09200791542075
15.0,139.132356,0.08909677187031256,0.08909677187031256,0.2438740172328887,9000.767509844225,39.5099213786311
20.0,139.132356,0.07171239383817968,0.07171239383817968,0.23855973640810144,7264.06814443415,39.08477891264812
25.0,139.132356,0.048524065204575834,0.048524065204575834,0.20459536899310338,4947.554113937126,36.36762951944827
30.0,139.132356,0.027603956206420307,0.027603956206420307,0.16768127930009036,2857.6352250213886,33.41450234400723
35.0,139.132356,0.013210784461074996,0.013210784461074996,0.1617891256993169,1419.757367661392,32.94313005594535
40.0,139.132356,0.005368436783659406,0.005368436783659406,0.2139187567865529,636.3068346875747,37.11350054292423
45.0,139.132356,0.0020871175692799256,0.0020871175692799256,0.3293071486820283,308.50304517106457,46.344571894562264
50.0,139.132356,0.0017028385056997424,0.0017028385056997424,0.48249408110967923,270.1135667194043,58.59952648877434
55.0,139.132356,0.00428491731085341,0.00428491731085341,0.6238701667519412,528.0632393542556,69.90961334015529
60.0,139.132356,0.012518458444264179,0.012518458444264179,0.7059572101784497,1350.5939985819914,76.47657681427597
65.0,139.132356,0.03233323362408215,0.03233323362408215,0.7136635921899477,3330.090039045807,77.09308737519581
70.0,139.132356,0.07239614046931252,0.07239614046931252,0.6720101909713313,7332.37443288432,73.76081527770651
75.0,139.132356,0.14111590420685985,0.14111590420685985,0.6240787263091235,14197.4788302653,69.92629810472988
80.0,139.132356,0.24149964414172506,0.24149964414172506,0.6007744629205342,24225.814449758334,68.06195703364273
85.0,139.132356,0.3671185407449426,0.3671185407449426,0.6075040276606097,36775.142220419766,68.60032221284878
90.0,139.132356,0.502793710093062,0.502793710093062,0.631699106651403,50329.091638296886,70.53592853211225
95.0,139.132356,0.6296203314496088,0.6296203314496088,0.6576440941775588,62999.07111181592,72.6115275342047
100.0,139.132356,0.7301692123725653,0.7301692123725653,0.6756549570188303,73043.90431601927,74.05239656150641
105.0,139.132356,0.7910633513110426,0.7910633513110426,0.6828058378175005,79127.22879597315,74.62446702540004
110.0,139.132356,0.8036848123125369,0.8036848123125369,0.6795105888936901,80388.11275002242,74.3608471114952
115.0,139.132356,0.7644493506893432,0.7644493506893432,0.6660798783230178,76468.49013386539,73.28639026584142
120.0,139.132356,0.6755719674405631,0.6755719674405631,0.6404831926836158,67589.63954731225,71.23865541468926
125.0,139.132356,0.5473270477054328,0.5473270477054328,0.5981439113215407,54777.97206577274,67.85151290572325
130.0,139.132356,0.39999202613210044,0.39999202613210044,0.5349670855254727,40059.203410596834,62.79736684203782
135.0,139.132356,0.2601614953222328,0.2601614953222328,0.4525615893210724,26090.13338269106,56.20492714568579
140.0,139.132356,0.15028613210455996,0.15028613210455996,0.36172725175991527,15113.58459724554,48.93818014079322
145.0,139.132356,0.07907944901137602,0.07907944901137602,0.28048836596005455,8000.036956236465,42.43906927680436
150.0,139.132356,0.04090776234447221,0.04090776234447221,0.22729589720573976,4186.6854582127735,38.18367177645918
155.0,139.132356,0.023279249609210663,0.023279249609210663,0.21559246048498637,2425.597035960145,37.247396838798906
160.0,139.132356,0.015039998975220435,0.015039998975220435,0.25534799018943755,1602.4958976245214,40.427839215155004
165.0,139.132356,0.009993805488425453,0.009993805488425453,0.3567335530760015,1098.3811682937026,48.53868424608012
170.0,139.132356,0.006119557797760226,0.006119557797760226,0.5225647326030666,711.3438239962466,61.80517860824533
175.0,139.132356,0.003259536399912109,0.003259536399912109,0.7273156498704665,425.62768635121967,78.18525198963732
180.0,139.132356,0.001477316748992492,0.001477316748992492,0.9058111823979778,247.58394322434995,92.46489459183822
185.0,139.132356,0.0005666815241120633,0.0005666815241120633,0.979160814885065,156.61148425879512,98.3328651908052
190.0,139.132356,0.0001860485352214165,0.0001860485352214165,0.9094053207887655,118.5862486686195,92.75242566310123
195.0,139.132356,5.629993861022793e-05,5.629993861022793e-05,0.7350782756641404,105.62436386716178,78.80626205313123
200.0,139.132356,2.100372180384444e-05,2.100372180384444e-05,0.5513386977363808,102.09827180820406,64.10709581891047
205.0,139.132356,1.3829103531676834e-05,1.3829103531676834e-05,0.45059743767481353,101.38152744281452,56.04779501398508
210.0,139.132356,1.2685799982656773e-05,1.2685799982656773e-05,0.4699911468145062,101.26731141826741,57.5992917451605
215.0,139.132356,1.2210470990823545e-05,1.2210470990823545e-05,0.576431877799546,101.21982605198328,66.11455022396368
220.0,139.132356,1.264768761834402e-05,1.264768761834402e-05,0.6918447409122619,101.26350399307256,75.34757927298095
225.0,139.132356,1.6576709434217493e-05,1.6576709434217493e-05,0.7434297971195357,101.65601327247833,79.47438376956285
230.0,139.132356,2.8424350679282177e-05,2.8424350679282177e-05,0.7088380524516777,102.83959263286029,76.70704419613422
235.0,139.132356,5.526508375459265e-05,5.526508375459265e-05,0.6224700110296312,105.5209818670838,69.79760088237049
240.0,139.132356,0.00010944056393119442,0.00010944056393119442,0.5375773695485604,110.93311233672632,63.00618956388483
245.0,139.132356,0.00021304863714056104,0.00021304863714056104,0.48019342149198463,121.28355885034205,58.41547371935877
250.0,139.132356,0.00039985156282100785,0.00039985156282100785,0.43678538096008446,139.9451711258187,54.942830476806755
255.0,139.132356,0.0007069966269484179,0.0007069966269484179,0.37979920053891175,170.62896303214694,50.38393604311294
260.0,139.132356,0.001159452684586343,0.001159452684586343,0.29894765039804305,215.82932319017567,43.915812031843444
265.0,139.132356,0.001768818363223692,0.001768818363223692,0.2087600672112369,276.70495448604686,36.700805376898956
270.0,139.132356,0.0025563671073182185,0.0025563671073182185,0.13290479414877943,355.38107402109006,30.632383531902356
275.0,139.132356,0.003554226271328518,0.003554226271328518,0.08608681381094867,455.06720450571896,26.886945104875892
280.0,139.132356,0.004722369098213429,0.004722369098213429,0.06847584228687906,571.7646729115215,25.478067382950325
285.0,139.132356,0.005829034931228495,0.005829034931228495,0.07096182117282042,682.3205896297267,25.676945693825633
290.0,139.132356,0.006466968358149298,0.006466968358149298,0.08240528526670529,746.0501389791149,26.592422821336424
295.0,139.132356,0.00628940644969864,0.00628940644969864,0.09432364842014872,728.3117043248942,27.545891873611897
300.0,139.132356,0.005283905669813286,0.005283905669813286,0.10317452022688596,627.8621764143472,28.253961618150875
305.0,139.132356,0.0038079097370517963,0.0038079097370517963,0.11010796890087794,480.41018273147444,28.808637512070234
310.0,139.132356,0.002348162655687067,0.002348162655687067,0.11759871925314447,334.581449303138,29.407897540251557
315.0,139.132356,0.0012388983957336785,0.0012388983957336785,0.12581728781463852,223.76594973379446,30.06538302517108
320.0,139.132356,0.0005597790923127266,0.0005597790923127266,0.1341165569449302,155.9219313220414,30.729324555594417
325.0,139.132356,0.00021688241115173337,0.00021688241115173337,0.1481942082916515,121.66655287405817,31.85553666333212
330.0,139.132356,7.237633780304754e-05,7.237633780304754e-05,0.18473784273540633,107.23039614652446,34.779027418832506
335.0,139.132356,2.2769873567344853e-05,2.2769873567344853e-05,0.26345112383346847,102.27471036937776,41.07608990667748
340.0,139.132356,1.8888063926547425e-05,1.8888063926547425e-05,0.38684387196024017,101.88691758626209,50.947509756819215
345.0,139.132356,7.417973543465627e-05,7.417973543465627e-05,0.5240651034310634,107.41055556992217,61.92520827448507
350.0,139.132356,0.00032458469167769537,0.00032458469167769537,0.6196590642886195,132.42601069860177,69.57272514308956
355.0,139.132356,0.0012097493556929148,0.0012097493556929148,0.629057084991585,220.85396063372218,70.32456679932679
360.0,139.132356,0.0037922508696309008,0.0037922508696309008,0.5529559254569311,478.845861876127,64.23647403655448
365.0,139.132356,0.009993322527296754,0.009993322527296754,0.43740989371674893,1098.3329204769457,54.992791497339915
370.0,139.132356,0.022137307447250603,0.022137307447250603,0.33826196035978495,2311.5170139803354,47.06095682878279
375.0,139.132356,0.041223167425202496,0.041223167425202496,0.28294350781273037,4218.1944257777295,42.63548062501843
380.0,139.132356,0.0645296891236735,0.0645296891236735,0.2610005194759863,6546.515943454983,40.8800415580789
385.0,139.132356,0.08491402748408862,0.08491402748408862,0.24389375476682856,8582.911345660454,39.51150038134628
390.0,139.132356,0.0939292727071362,0.0939292727071362,0.21099679148161501,9483.534343442907,36.8797433185292
395.0,139.132356,0.08734220096617243,0.08734220096617243,0.1611110977505236,8825.485876520626,32.88888782004189
400.0,139.132356,0.06827299519651518,0.06827299519651518,0.10657119374019079,6920.472220131866,28.525695499215264
0.0,144.1013687142857,0.030508757771776723,0.030508757771776723,0.07955770341083414,3147.8249014004946,26.36461627286673
5.0,144.1013687142857,0.04136193656242115,0.04136193656242115,0.12937665476053575,4232.0574625858735,30.350132380842858
10.0,144.1013687142857,0.04714068408127358,0.04714068408127358,0.17881055284905065,4809.354339719231,34.30484422792405
15.0,144.1013687142857,0.04516571577310087,0.04516571577310087,0.2100381731683453,4612.055005732777,36.803053853467624
20.0,144.1013687142857,0.036378071981165216,0.036378071981165216,0.2106320140922331,3734.169390918405,36.85056112737865
25.0,144.1013687142857,0.024631640582293286,0.024631640582293286,0.18442245859558087,2560.700894171099,34.75379668764647
30.0,144.1013687142857,0.014023122204732752,0.014023122204732752,0.15333307490614068,1500.9099082528019,32.266645992491256
35.0,144.1013687142857,0.006728091013689052,0.006728091013689052,0.14848466770362115,772.1362922675363,31.87877341628969
40.0,144.1013687142857,0.002804025939436362,0.002804025939436362,0.19589881725410616,380.12219134969257,35.6719053803285
45.0,144.1013687142857,0.001399210572400954,0.001399210572400954,0.3024174771824965,239.7811361828553,44.19339817459972
50.0,144.1013687142857,0.0021818349107315905,0.0021818349107315905,0.4471514515354388,317.96530758208587,55.7721161228351
55.0,144.1013687142857,0.006576781975354128,0.006576781975354128,0.5866873698840858,757.0205193378773,66.93498959072686
60.0,144.1013687142857,0.01898913881063659,0.01898913881063659,0.6777147709809603,1997.0149671825955,74.21718167847683
65.0,144.1013687142857,0.04762131466602253,0.04762131466602253,0.7038164315568115,4857.3693351356505,76.30531452454491
70.0,144.1013687142857,0.10326363910946744,0.10326363910946744,0.6836180186204478,10416.037547035798,74.68944148963583
75.0,144.1013687142857,0.1944377961505274,0.1944377961505274,0.6531987813939027,19524.335835437687,72.25590251151222
80.0,144.1013687142857,0.3202238723301332,0.3202238723301332,0.6401176919935335,32090.36484578031,71.20941535948268
85.0,144.1013687142857,0.4662380650280943,0.4662380650280943,0.650531076276685,46677.18269630662,72.0424861021348
90.0,144.1013687142857,0.6088496211027372,0.6088496211027372,0.6742577620482233,60924.07714816345,73.94062096385787
95.0,144.1013687142857,0.7255657433390131,0.7255657433390131,0.6974824030348149,72584.01775956742,75.79859224278519
100.0,144.1013687142857,0.8031038678142023,0.8031038678142023,0.7114308767808317,80330.0763946388,76.91447014246654
105.0,144.1013687142857,0.8375394965704434,0.8375394965704434,0.7131498338065948,83770.19570738729,77.0519867045276
110.0,144.1013687142857,0.8291759658277734,0.8291759658277734,0.7019158545631932,82934.67898619456,76.15326836505545
115.0,144.1013687142857,0.778291805695921,0.778291805695921,0.6761852279078994,77851.35138902251,74.09481823263195
120.0,144.1013687142857,0.6855964595825403,0.6855964595825403,0.6331793847941047,68591.08631229578,70.65435078352837
125.0,144.1013687142857,0.557453943083398,0.557453943083398,0.5709385996431261,55789.64891403146,65.6750879714501
130.0,144.1013687142857,0.41110411008064834,0.41110411008064834,0.4916069290662838,41169.30059705677,59.328554325302704
135.0,144.1013687142857,0.2723351111896239,0.2723351111896239,0.40373458831641706,27306.277607843425,52.29876706531336
140.0,144.1013687142857,0.1641836058784773,0.1641836058784773,0.3215487220406996,16501.942227259882,45.72389776325597
145.0,144.1013687142857,0.09561408594354243,0.09561408594354243,0.2608117018274295,9651.847185759889,40.86493614619436
150.0,144.1013687142857,0.05997264429808792,0.05997264429808792,0.2333996841691485,6091.267165378983,38.67197473353188
155.0,144.1013687142857,0.04307503359112724,0.04307503359112724,0.24532693172439818,4403.195855753612,39.626154537951855
160.0,144.1013687142857,0.032808930241493124,0.032808930241493124,0.3012710324781829,3377.612131125163,44.10168259825463
165.0,144.1013687142857,0.02354256758473024,0.02354256758473024,0.4093968193279577,2451.902501714551,52.75174554623661
170.0,144.1013687142857,0.014836780975628922,0.014836780975628922,0.5733541659602522,1582.1944194653292,65.86833327682018
175.0,144.1013687142857,0.007980374111929315,0.007980374111929315,0.7701667641087214,897.2393737817385,81.61334112869771
180.0,144.1013687142857,0.003626818501634271,0.003626818501634271,0.9377825525313774,462.3191683132637,95.0226042025102
185.0,144.1013687142857,0.0013881371308956598,0.0013881371308956598,1.0,238.67489937647642,100.0
190.0,144.1013687142857,0.0004473079994319615,0.0004473079994319615,0.9202081134051598,144.68606914325295,93.61664907241278
195.0,144.1013687142857,0.00012188917516846285,0.00012188917516846285,0.7363201316698946,112.17672859932944,78.90561053359157
200.0,144.1013687142857,2.8886298931216868e-05,2.8886298931216868e-05,0.5410114331276367,102.88574126322857,63.28091465021093
205.0,144.1013687142857,6.906492768747274e-06,6.906492768747274e-06,0.42373272085294844,100.68995862759785,53.89861766823587
210.0,144.1013687142857,2.5875267967868915e-06,2.5875267967868915e-06,0.4209523132320904,100.25849392699901,53.676185058567235
215.0,144.1013687142857,1.866113037489702e-06,1.866113037489702e-06,0.5039771572506813,100.18642469244521,60.3181725800545
220.0,144.1013687142857,1.971545708505558e-06,1.971545708505558e-06,0.6039987090120379,100.1969574162797,68.31989672096303
225.0,144.1013687142857,2.932481126997069e-06,2.932481126997069e-06,0.6572761886152724,100.292954864587,72.58209508922178
230.0,144.1013687142857,5.6828550180983544e-06,5.6828550180983544e-06,0.6429465811406139,100.56771721630803,71.43572649124911
235.0,144.1013687142857,1.2013653548431471e-05,1.2013653548431471e-05,0.5860592647559927,101.2001639894883,66.88474118047941
240.0,144.1013687142857,2.5259898238946442e-05,2.5259898238946442e-05,0.5247502303032026,102.52346383407075,61.9800184242562
245.0,144.1013687142857,5.1391882206167104e-05,5.1391882206167104e-05,0.4745170751191126,105.13404903239609,57.96136600952901
250.0,144.1013687142857,9.939634357296485e-05,9.939634357296485e-05,0.42291815530757215,109.92969472293919,53.833452424605774
255.0,144.1013687142857,0.00017940246422165195,0.00017940246422165195,0.35269593976561386,117.92230617574303,48.21567518124911
260.0,144.1013687142857,0.00029972114199003553,0.00029972114199003553,0.26380934649911775,129.94214208480454,41.10474771992942
265.0,144.1013687142857,0.00046788324282773567,0.00046788324282773567,0.17373032560930282,146.7415359584908,33.89842604874423
270.0,144.1013687142857,0.00069628480131917,0.00069628480131917,0.10212435820008303,169.5588516517851,28.169948656006643
275.0,144.1013687142857,0.0009984148197067478,0.0009984148197067478,0.05812184000904666,199.7416404887041,24.64974720072373
280.0,144.1013687142857,0.0013603906328951542,0.0013603906328951542,0.039185499522740114,235.9030242262259,23.13483996181921
285.0,144.1013687142857,0.0017059121911700583,0.0017059121911700583,0.03738465436226615,270.42062789788883,22.99077234898129
290.0,144.1013687142857,0.0019061257577708333,0.0019061257577708333,0.04565746263789448,290.42196320130626,23.65259701103156
295.0,144.1013687142857,0.0018551940859643013,0.0018551940859643013,0.06100772742187193,285.33388918783373,24.880618193749754
300.0,144.1013687142857,0.0015528580246476874,0.0015528580246476874,0.0846879708153255,255.13051666230396,26.77503766522604
305.0,144.1013687142857,0.0011112589580350724,0.0011112589580350724,0.1190262440740234,211.01476990770374,29.522099525921874
310.0,144.1013687142857,0.0006785977908593498,0.0006785977908593498,0.16155116400772818,167.79191930684902,32.92409312061825
315.0,144.1013687142857,0.0003536904517908567,0.0003536904517908567,0.20156080179024943,135.33367613390658,36.12486414321995
320.0,144.1013687142857,0.00015754105313019743,0.00015754105313019743,0.22570555197227862,115.73835120770673,38.056444157782295
325.0,144.1013687142857,6.0078817026002256e-05,6.0078817026002256e-05,0.2311209474248038,106.00187382089763,38.489675793984304
330.0,144.1013687142857,1.9789812653921156e-05,1.9789812653921156e-05,0.2336586140417485,101.97700228412673,38.69268912333988
335.0,144.1013687142857,6.727238962337584e-06,6.727238962337584e-06,0.25919933640607334,100.67205117233752,40.73594691248587
340.0,144.1013687142857,9.017939423297367e-06,9.017939423297367e-06,0.32108064738751313,100.90089214838741,45.68645179100105
345.0,144.1013687142857,4.087971298914891e-05,4.087971298914891e-05,0.4025374983714091,104.08388332761598,52.20299986971273
350.0,144.1013687142857,0.00018018694946588876,0.00018018694946588876,0.46302993375903595,118.00067625164229,57.04239470072287
355.0,144.1013687142857,0.0006717718516394139,0.0006717718516394139,0.4676186053667943,167.11000797877745,57.40948842934354
360.0,144.1013687142857,0.002105857094784188,0.002105857094784188,0.4150098167605178,310.3751237689404,53.20078534084142
365.0,144.1013687142857,0.0055493481039551994,0.0055493481039551994,0.3380168587234047,654.3798755851244,47.04134869787238
370.0,144.1013687142857,0.012292971381028538,0.012292971381028538,0.27603226931108665,1328.067840964751,42.082581544886935
375.0,144.1013687142857,0.0228914568349566,0.0228914568349566,0.24573347690619857,2386.8565378121643,39.65867815249588
380.0,144.1013687142857,0.03583369948191339,0.03583369948191339,0.23490994482673958,3679.7865782431472,38.792795586139164
385.0,144.1013687142857,0.04715323727714591,0.04715323727714591,0.21975826070394322,4810.6084039868765,37.58066085631546
390.0,144.1013687142857,0.052159453678717556,0.052159453678717556,0.18621329371187179,5310.729422503884,34.89706349694974
395.0,144.1013687142857,0.04850161567519736,0.04850161567519736,0.13768436686567118,4945.311405952217,31.014749349253695
400.0,144.1013687142857,0.03791237840798699,0.03791237840798699,0.08763328719786102,3887.4466029579003,27.010662975828883
0.0,149.0703814285714,0.013110489699938653,0.013110489699938653,0.0573902203533881,1409.7379210238714,24.591217628271046
5.0,149.0703814285714,0.017781979505761082,0.017781979505761082,0.0957363746770756,1876.419752625532,27.65890997416605
10.0,149.0703814285714,0.020274595134121946,0.020274595134121946,0.1352350505086646,2125.432053898782,30.818804040693166
15.0,149.0703814285714,0.01943277881626933,0.01943277881626933,0.16179418656500405,2041.3346037453061,32.943534925200325
20.0,149.0703814285714,0.01565775677691464,0.01565775677691464,0.16470492140441279,1664.2099020137723,33.17639371235302
25.0,149.0703814285714,0.010606130099542324,0.010606130099542324,0.14582049943381822,1159.5523969442781,31.66563995470546
30.0,149.0703814285714,0.00604351988254894,0.00604351988254894,0.12177834005023382,703.7476362666391,29.742267204018706
35.0,149.0703814285714,0.0029205550771866794,0.0029205550771866794,0.11730974693540361,391.76345221094925,29.384779754832287
40.0,149.0703814285714,0.0013225009596241702,0.0013225009596241702,0.1539629189197327,232.1178458664546,32.317033513578615
45.0,149.0703814285714,0.0011135383812534293,0.0011135383812534293,0.23913144799948108,211.2424842872176,39.13051583995849
50.0,149.0703814285714,0.0028920080012155083,0.0028920080012155083,0.3593562055606404,388.91159932142926,48.748496444851234
55.0,149.0703814285714,0.009221559238419986,0.009221559238419986,0.48346085855587345,1021.2337679181566,58.67686868446987
60.0,149.0703814285714,0.02611459087760139,0.02611459087760139,0.5782432856355513,2708.847628672379,66.2594628508441
65.0,149.0703814285714,0.0638084848428484,0.0638084848428484,0.6280172114440403,6474.467635800555,70.24137691552323
70.0,149.0703814285714,0.1346167002111068,0.1346167002111068,0.6421700176953578,13548.20835108957,71.37360141562863
75.0,149.0703814285714,0.24622921461085692,0.24622921461085692,0.6446032489142204,24698.298539624608,71.56825991313764
80.0,149.0703814285714,0.39301876798565166,0.39301876798565166,0.6554460741035402,39362.5749217666,72.43568592828322
85.0,149.0703814285714,0.5528077161250261,0.5528077161250261,0.6800043361779051,55325.49084089011,74.40034689423241
90.0,149.0703814285714,0.6948872938636864,0.6948872938636864,0.7106349438460643,69519.24065698228,76.85079550768515
95.0,149.0703814285714,0.7949388063083509,0.7949388063083509,0.7360785862372108,79514.38675020426,78.88628689897686
100.0,149.0703814285714,0.8445721357728476,0.8445721357728476,0.7488485947670595,84472.75636370748,79.90788758136475
105.0,149.0703814285714,0.8484917428779409,0.8484917428779409,0.7458661673994458,84864.3251135063,79.66929339195566
110.0,149.0703814285714,0.8146930720560712,0.8146930720560712,0.7251150499986343,81487.83789840151,78.00920399989074
115.0,149.0703814285714,0.7476105768732818,0.7476105768732818,0.6837456472892769,74786.29662964086,74.69965178314214
120.0,149.0703814285714,0.64885494879204,0.64885494879204,0.6197451182049349,64920.609384324795,69.57960945639479
125.0,149.0703814285714,0.5237131838817658,0.5237131838817658,0.5354946453011125,52418.9470697884,62.839571624089
130.0,149.0703814285714,0.387228488939309,0.387228488939309,0.44019529326752116,38784.12604503697,55.21562346140169
135.0,149.0703814285714,0.26247114941107813,0.26247114941107813,0.34884089585937933,26320.867826166705,47.90727166875035
140.0,149.0703814285714,0.1697655807417724,0.1697655807417724,0.27773603229646027,17059.581516103062,42.21888258371682
145.0,149.0703814285714,0.1154410598337793,0.1154410598337793,0.23885027040311585,11632.561877394552,39.10802163224927
150.0,149.0703814285714,0.09011844733143082,0.09011844733143082,0.23614654331270638,9102.83288840994,38.89172346501651
155.0,149.0703814285714,0.07734793327569517,0.07734793327569517,0.2669856482479563,7827.058534241947,41.358851859836506
160.0,149.0703814285714,0.06452828380610083,0.06452828380610083,0.32905488243132996,6546.375552229473,46.3243905945064
165.0,149.0703814285714,0.04798104289234469,0.04798104289234469,0.42596885301389026,4893.306184945235,54.07750824111122
170.0,149.0703814285714,0.030616818622089467,0.030616818622089467,0.5604120537623509,3158.620180346738,64.83296430098807
175.0,149.0703814285714,0.016537502023271124,0.016537502023271124,0.7147757156282082,1752.0964521247852,77.18205725025666
180.0,149.0703814285714,0.00752632544887496,0.00752632544887496,0.8399942799766356,851.8799123426085,87.19954239813084
185.0,149.0703814285714,0.0028815964937667997,0.0028815964937667997,0.8756214485144875,387.8714897273033,90.049715881159
190.0,149.0703814285714,0.0009277257769305287,0.0009277257769305287,0.7936478538761246,192.6798051153598,83.49182831008997
195.0,149.0703814285714,0.00025118257461482173,0.00025118257461482173,0.6266104310376434,125.09313920402069,70.12883448301147
200.0,149.0703814285714,5.7285933360957985e-05,5.7285933360957985e-05,0.4508061049653125,105.7228647427597,56.064488397225
205.0,149.0703814285714,1.1122629598797757e-05,1.1122629598797757e-05,0.3389394693695981,101.11115069691989,47.115157549567854
210.0,149.0703814285714,1.975999801377365e-06,1.975999801377365e-06,0.3209511678079932,100.1974023801576,45.67609342463946
215.0,149.0703814285714,5.080761968360064e-07,5.080761968360064e-07,0.37640007148085475,100.05075681206392,50.11200571846838
220.0,149.0703814285714,5.133923251416852e-07,5.133923251416852e-07,0.45576783962024847,100.05128789328165,56.46142716961988
225.0,149.0703814285714,1.2087065973771426e-06,1.2087065973771426e-06,0.5144539819755678,100.12074978907798,61.15631855804543
230.0,149.0703814285714,3.1221049194234787e-06,3.1221049194234787e-06,0.5375558243417323,100.31189828145041,63.00446594733859
235.0,149.0703814285714,7.351451790157908e-06,7.351451790157908e-06,0.5373470835873706,100.73441003383678,62.987766686989644
240.0,149.0703814285714,1.5247960109577358e-05,1.5247960109577358e-05,0.5278999470591436,101.52327121494677,62.23199576473149
245.0,149.0703814285714,2.7895368746186228e-05,2.7895368746186228e-05,0.5050283502167402,102.786747337744,60.40226801733922
250.0,149.0703814285714,4.560496679802858e-05,4.560496679802858e-05,0.4527882779682517,104.55593618312305,56.22306223746014
255.0,149.0703814285714,6.801877210583041e-05,6.801877210583041e-05,0.36566133925301475,106.79507533337245,49.25290714024118
260.0,149.0703814285714,9.530679068868415e-05,9.530679068868415e-05,0.25926566252600497,109.52114838979955,40.7412530020804
265.0,149.0703814285714,0.00013025874294577815,0.00013025874294577815,0.15976633874717644,113.01284842028323,32.78130709977411
270.0,149.0703814285714,0.00017946285270112458,0.00017946285270112458,0.08627842776998333,117.92833898484234,26.902274221598667
275.0,149.0703814285714,0.00024993160717567476,0.00024993160717567476,0.04307000616370236,124.9681675568499,23.445600493096187
280.0,149.0703814285714,0.00033946878994079983,0.00033946878994079983,0.02394142181595803,133.9129321150859,21.91531374527664
285.0,149.0703814285714,0.0004274549143984126,0.0004274549143984126,0.020752105215305947,142.7027459484014,21.660168417224476
290.0,149.0703814285714,0.00047901584397105505,0.00047901584397105505,0.029414039313725653,147.8536828127084,22.353123145098053
295.0,149.0703814285714,0.00046605825389470435,0.00046605825389470435,0.05196248728453119,146.55921956408096,24.156998982762495
300.0,149.0703814285714,0.00038876145744899774,0.00038876145744899774,0.09479572122546831,138.83726959915487,27.583657698037463
305.0,149.0703814285714,0.00027650101541445033,0.00027650101541445033,0.16213595168261127,127.62245143990359,32.9708761346089
310.0,149.0703814285714,0.00016740361028297923,0.00016740361028297923,0.24640386124872035,116.72362066726963,39.71230889989763
315.0,149.0703814285714,8.63065505672223e-05,8.63065505672223e-05,0.3239446905049893,108.62202440166551,45.91557524039914
320.0,149.0703814285714,3.7943569580045115e-05,3.7943569580045115e-05,0.3654018024181332,103.7905626010465,49.23214419345065
325.0,149.0703814285714,1.4258153574693498e-05,1.4258153574693498e-05,0.3571734328458552,101.42438954211188,48.57387462766842
330.0,149.0703814285714,4.656477465643388e-06,4.656477465643388e-06,0.3150630306682741,100.46518209881778,45.20504245346193
335.0,149.0703814285714,1.8348566151566177e-06,1.8348566151566177e-06,0.2743574099664635,100.18330217585415,41.94859279731708
340.0,149.0703814285714,3.897678752179227e-06,3.897678752179227e-06,0.2627191574000958,100.38937810734271,41.01753259200767
345.0,149.0703814285714,1.9056504067788904e-05,1.9056504067788904e-05,0.27954096640849696,101.9037447563721,42.363277312679756
350.0,149.0703814285714,8.428040855161302e-05,8.428040855161302e-05,0.2995882146552102,108.41961281430613,43.967057172416816
355.0,149.0703814285714,0.0003142567706867522,0.0003142567706867522,0.2967527039700758,131.39425139160653,43.74021631760606
360.0,149.0703814285714,0.0009851314351353273,0.0009851314351353273,0.26627358302432363,198.4146303700192,41.30188664194589
365.0,149.0703814285714,0.0025960159166791516,0.0025960159166791516,0.2262008120379511,359.3419900762472,38.096064963036085
370.0,149.0703814285714,0.005750720459889871,0.005750720459889871,0.19884480660651535,674.4969739429981,35.90758452852123
375.0,149.0703814285714,0.01070875097253345,0.01070875097253345,0.19102455546903463,1169.8042221560918,35.281964437522774
380.0,149.0703814285714,0.016763204148596857,0.016763204148596857,0.19064570634442726,1774.6440944448261,35.25165650755418
385.0,149.0703814285714,0.022058546959227158,0.022058546959227158,0.17988432272564697,2303.648841226793,34.390745818051755
390.0,149.0703814285714,0.02440048286774391,0.02440048286774391,0.15062678752481704,2537.6082384876167,32.05014300198536
395.0,149.0703814285714,0.022689325881943407,0.022689325881943407,0.10884064879554593,2366.663655606146,28.707251903643673
400.0,149.0703814285714,0.01773562172482971,0.01773562172482971,0.06721550986655092,1871.7886103104881,25.377240789324073
0.0,154.03939414285713,0.004768154082670551,0.004768154082670551,0.03707734395747544,576.338592858788,22.966187516598033
5.0,154.03939414285713,0.006468614989895892,0.006468614989895892,0.06285023432041068,746.2146374905996,25.028018745632856
10.0,154.03939414285713,0.00737698641234024,0.00737698641234024,0.08996066698380531,836.96094259279,27.196853358704423
15.0,154.03939414285713,0.0070721850128403286,0.0070721850128403286,0.10878601753009796,806.5112827827488,28.702881402407836
20.0,154.03939414285713,0.005699559869928422,0.005699559869928422,0.11166546540653306,669.3860310058493,28.933237232522643
25.0,154.03939414285713,0.0038620865259425177,0.0038620865259425177,0.09937534237612443,485.8224439416575,27.950027390089954
30.0,154.03939414285713,0.0022055388846689227,0.0022055388846689227,0.08294789512661757,320.33333457842537,26.635831610129408
35.0,154.03939414285713,0.00109332350936497,0.00109332350936497,0.07934776108786576,209.2230185855605,26.34782088702926
40.0,154.03939414285713,0.0006357138429792028,0.0006357138429792028,0.10411197012791752,163.50781291362236,28.328957610233402
45.0,154.03939414285713,0.001086038321885493,0.001086038321885493,0.16442133277558835,208.49522835636077,33.15370662204707
50.0,154.03939414285713,0.0036166761050542592,0.0036166761050542592,0.2547579319301027,461.3059428949205,40.38063455440822
55.0,154.03939414285713,0.011610533881727154,0.011610533881727154,0.3578447180295581,1259.8923347845428,48.62757744236465
60.0,154.03939414285713,0.03226735580618821,0.03226735580618821,0.4525995743426346,3323.5088450382023,56.20796594741077
65.0,154.03939414285713,0.07713986437934357,0.07713986437934357,0.5252884009244926,7806.272451496423,62.023072073959405
70.0,154.03939414285713,0.15901784709841538,0.15901784709841538,0.575786441338885,15985.882925131697,66.0629153071108
75.0,154.03939414285713,0.28379664614624095,0.28379664614624095,0.6143537163043797,28451.28495000947,69.14829730435038
80.0,154.03939414285713,0.4410949294949285,0.4410949294949285,0.6520956124071096,44165.38345654336,72.16764899256876
85.0,154.03939414285713,0.6024564420057421,0.6024564420057421,0.6926778262992669,60285.398556373635,75.41422610394136
90.0,154.03939414285713,0.7328010847931757,0.7328010847931757,0.7311453058019824,73306.82837083825,78.4916244641586
95.0,154.03939414285713,0.8084355855218436,0.8084355855218436,0.7593180822391192,80862.71499363218,80.74544657912953
100.0,154.03939414285713,0.826630412148172,0.826630412148172,0.7712896898425171,82680.37817360238,81.70317518740137
105.0,154.03939414285713,0.799660379335934,0.799660379335934,0.7638491878087847,79986.07189565981,81.10793502470278
110.0,154.03939414285713,0.7416127735736923,0.7416127735736923,0.7338586960117934,74187.11608001185,78.70869568094348
115.0,154.03939414285713,0.660519909190726,0.660519909190726,0.677982532869509,66085.93892815353,74.23860262956072
120.0,154.03939414285713,0.5598562511307987,0.5598562511307987,0.5962084107071823,56029.63948796679,67.6966728565746
125.0,154.03939414285713,0.4452471169233886,0.4452471169233886,0.49584410535108775,44580.18698064652,59.66752842808702
130.0,154.03939414285713,0.3298174595676292,0.3298174595676292,0.3920616171698118,33048.764210806155,51.36492937358494
135.0,154.03939414285713,0.23248316854629494,0.23248316854629494,0.3037187742749111,23325.068537774863,44.29750194199289
140.0,154.03939414285713,0.1685110055768011,0.1685110055768011,0.2465639723808374,16934.24945712243,39.725117790466996
145.0,154.03939414285713,0.13947351191465218,0.13947351191465218,0.22754901845282635,14033.403840273753,38.20392147622611
150.0,154.03939414285713,0.13188092416305083,0.13188092416305083,0.24325661050860248,13274.904323888779,39.4605288406882
155.0,154.03939414285713,0.1264458775732441,0.1264458775732441,0.283886019314231,12731.943169567086,42.71088154513848
160.0,154.03939414285713,0.11045087761702663,0.11045087761702663,0.34126966373967677,11134.04267394096,47.30157309917414
165.0,154.03939414285713,0.0834916224760224,0.0834916224760224,0.414295932986861,8440.813085354637,53.14367463894888
170.0,154.03939414285713,0.05357780478280664,0.05357780478280664,0.5037598196191609,5452.4226978023835,60.30078556953288
175.0,154.03939414285713,0.028996477613540562,0.028996477613540562,0.5981210889028651,2996.7481135927023,67.8496871122292
180.0,154.03939414285713,0.013206155599436891,0.013206155599436891,0.665629448993949,1419.2949443837454,73.25035591951593
185.0,154.03939414285713,0.005057848371164769,0.005057848371164769,0.6680730058148012,605.2790522793605,73.44584046518409
190.0,154.03939414285713,0.0016285888084897815,0.0016285888084897815,0.5899642871762698,262.6960219681292,67.19714297410158
195.0,154.03939414285713,0.00044084545241079317,0.00044084545241079317,0.45634453173911943,144.04046069583825,56.50756253912955
200.0,154.03939414285713,0.00010032920576362597,0.00010032920576362597,0.32036150178277634,110.02288765578623,45.62892014262211
205.0,154.03939414285713,1.9218558286021625e-05,1.9218558286021625e-05,0.23126878310345053,101.91993397277356,38.501502648276045
210.0,154.03939414285713,3.1688433916324177e-06,3.1688433916324177e-06,0.20941329828813526,100.31656745482408,36.75306386305082
215.0,154.03939414285713,7.390229565700012e-07,7.390229565700012e-07,0.24337887286943397,100.07382839336134,39.47030982955472
220.0,154.03939414285713,1.2851045228871987e-06,1.2851045228871987e-06,0.3056780535470803,100.12838194183644,44.45424428376642
225.0,154.03939414285713,4.155614707583737e-06,4.155614707583737e-06,0.37372668269423603,100.41514590928762,49.89813461553888
230.0,154.03939414285713,1.1799328330537093e-05,1.1799328330537093e-05,0.44053817376387494,101.17875290022066,55.243053901109995
235.0,154.03939414285713,2.826532097586679e-05,2.826532097586679e-05,0.5060338092040455,102.82370556548909,60.48270473632364
240.0,154.03939414285713,5.70236958514565e-05,5.70236958514565e-05,0.5587690845083798,105.69666721556051,64.70152676067039
245.0,154.03939414285713,9.693363043490938e-05,9.693363043490938e-05,0.5718979794021776,109.68366968044745,65.7518383521742
250.0,154.03939414285713,0.00013904339058100766,0.00013904339058100766,0.5228940802822087,113.89043471904266,61.8315264225767
255.0,154.03939414285713,0.00016884991443403668,0.00016884991443403668,0.41667657985197615,116.86810645196027,53.33412638815809
260.0,154.03939414285713,0.00017493798584593357,0.00017493798584593357,0.2859065771256704,117.47630478600877,42.87252617005363
265.0,154.03939414285713,0.00015768015005258044,0.00015768015005258044,0.16859949116043316,115.75224699025279,33.48795929283465
270.0,154.03939414285713,0.00012973814406376464,0.00012973814406376464,0.08631404536140819,112.96084059197008,26.905123628912655
275.0,154.03939414285713,0.00010727191292341812,0.00010727191292341812,0.03993180484846929,110.71646410104947,23.194544387877542
280.0,154.03939414285713,9.916948262050295e-05,9.916948262050295e-05,0.019507661546899455,109.90703131378825,21.560612923751957
285.0,154.03939414285713,0.00010246093138036943,0.00010246093138036943,0.01575553530627105,110.2358470448989,21.260442824501684
290.0,154.03939414285713,0.00010630364717747841,0.00010630364717747841,0.02640966611375346,110.6197343530301,22.112773289100275
295.0,154.03939414285713,0.0001006643415534533,0.0001006643415534533,0.057553480357180414,110.05636772118999,24.604278428574432
300.0,154.03939414285713,8.302541562671454e-05,8.302541562671454e-05,0.12022394023051194,108.29423902110878,29.617915218440956
305.0,154.03939414285713,5.859530374918526e-05,5.859530374918526e-05,0.2206353834322588,105.85367084454361,37.6508306745807
310.0,154.03939414285713,3.51897436079736e-05,3.51897436079736e-05,0.3464972909568859,103.51545538643656,47.71978327655087
315.0,154.03939414285713,1.796761635011913e-05,1.796761635011913e-05,0.4613820029384854,101.7949648733769,56.91056023507883
320.0,154.03939414285713,7.807809384327937e-06,7.807809384327937e-06,0.5198266869407898,100.78000015749436,61.586134955263184
325.0,154.03939414285713,2.895668766691597e-06,2.895668766691597e-06,0.49771448646624866,100.2892773097925,59.81715891729989
330.0,154.03939414285713,9.454840939446185e-07,9.454840939446185e-07,0.41187995553954476,100.09445386098507,52.950396443163584
335.0,154.03939414285713,4.7382124476228206e-07,4.7382124476228206e-07,0.308486618127719,100.04733474235175,44.678929450217524
340.0,154.03939414285713,1.476113110294259e-06,1.476113110294259e-06,0.2299205788555028,100.1474636997184,38.393646308440225
345.0,154.03939414285713,7.497678050108759e-06,7.497678050108759e-06,0.1898262852747741,100.74901803720587,35.186102821981926
350.0,154.03939414285713,3.321213584478934e-05,3.321213584478934e-05,0.17451011800642632,103.31789237089446,33.960809440514105
355.0,154.03939414285713,0.00012384605818843177,0.00012384605818843177,0.16329809003060453,112.37222121302433,33.06384720244836
360.0,154.03939414285713,0.00038823334113576746,0.00038823334113576746,0.14722174465127957,138.78451077946318,31.777739572102366
365.0,154.03939414285713,0.001023071645543673,0.001023071645543673,0.13191549967460042,202.20485738981293,30.553239973968033
370.0,154.03939414285713,0.002266318565976264,0.002266318565976264,0.12652341402587625,326.40522474102875,30.1218731220701
375.0,154.03939414285713,0.004220243588811749,0.004220243588811749,0.13153495096920584,521.6023345222936,30.52279607753647
380.0,154.03939414285713,0.006606261086662318,0.006606261086662318,0.13689548374368468,759.9654825575656,30.951638699494772
385.0,154.03939414285713,0.008693118517995346,0.008693118517995346,0.13066996744044665,968.4425399477351,30.453597395235732
390.0,154.03939414285713,0.00961605902046449,0.00961605902046449,0.10888959984857724,1060.6442961444025,28.711167987886178
395.0,154.03939414285713,0.008941704063723457,0.008941704063723457,0.07761994927556216,993.2762359659733,26.209595942044974
400.0,154.03939414285713,0.006989484027631607,0.006989484027631607,0.04700652444244764,798.2494543603975,23.76052195539581
0.0,159.00840685714286,0.0014645141939412104,0.0014645141939412104,0.020944229254275897,246.3049679747269,21.675538340342072
5.0,159.00840685714286,0.0019870471797765296,0.0019870471797765296,0.035833861810798895,298.50601325967534,22.866708944863912
10.0,159.00840685714286,0.0022663514316448585,0.0022663514316448585,0.05167498380864453,326.4085080213214,24.133998704691564
15.0,159.00840685714286,0.002172964740131696,0.002172964740131696,0.06285759177925697,317.0791775391564,25.028607342340557
20.0,159.00840685714286,0.0017514959985241844,0.0017514959985241844,0.0648008172844309,274.97445025256604,25.184065382754472
25.0,159.00840685714286,0.001187704601280663,0.001187704601280663,0.057792864936744404,218.65168966793823,24.623429194939554
30.0,159.00840685714286,0.0006837096953252846,0.0006837096953252846,0.04817952417862099,168.3025985629959,23.854361934289678
35.0,159.00840685714286,0.0003715547084544577,0.0003715547084544577,0.046063309917439,137.11831537460034,23.68506479339512
40.0,159.00840685714286,0.00037829597864998013,0.00037829597864998013,0.06146515186368377,137.79176826713302,24.917212149094702
45.0,159.00840685714286,0.0011342467225552116,0.0011342467225552116,0.10094906234517514,213.31124758326564,28.075924987614012
50.0,159.00840685714286,0.004093654006265059,0.004093654006265059,0.16531973261138933,508.9560352258794,33.22557860891115
55.0,159.00840685714286,0.013047788526710737,0.013047788526710737,0.2488615157799832,1403.4740738184025,39.90892126239866
60.0,159.00840685714286,0.035693693005426935,0.035693693005426935,0.3409877611184068,3665.7999312421507,47.27902088947254
65.0,159.00840685714286,0.08383339081524134,0.08383339081524134,0.43024810842205824,8474.95574244261,54.41984867376466
70.0,159.00840685714286,0.1695440921777389,0.1695440921777389,0.5089817041165463,17037.454808556115,60.718536329323705
75.0,159.00840685714286,0.29638533094638764,0.29638533094638764,0.5758420013447383,29708.894561544126,66.06736010757906
80.0,159.00840685714286,0.4502679792427957,0.4502679792427957,0.6338876782526988,45081.77112635529,70.7110142602159
85.0,159.00840685714286,0.5992933635074588,0.5992933635074588,0.6852841587896706,59969.40701439513,74.82273270317364
90.0,159.00840685714286,0.7074716344540661,0.7074716344540661,0.7276995505620178,70776.41628196121,78.21596404496142
95.0,159.00840685714286,0.7539527379333866,0.7539527379333866,0.7558817073679441,75419.87851954532,80.47053658943554
100.0,159.00840685714286,0.7416468556375042,0.7416468556375042,0.7652573178524394,74190.52087818667,81.22058542819516
105.0,159.00840685714286,0.6887789103100415,0.6887789103100415,0.7525899925468638,68909.01313997315,80.2071994037491
110.0,159.00840685714286,0.6136994113677984,0.6136994113677984,0.7145518980152472,61408.57119564306,77.16415184121978
115.0,159.00840685714286,0.526855879592789,0.526855879592789,0.6487671189125224,52732.90237131962,71.90136951300178
120.0,159.00840685714286,0.433055247943541,0.433055247943541,0.5580572369663883,43362.21926955975,64.64457895731107
125.0,159.00840685714286,0.33800053787510964,0.33800053787510964,0.45370204722615615,33866.25373372345,56.29616377809249
130.0,159.00840685714286,0.2525625150199923,0.2525625150199923,0.35382702309052877,25330.995250497228,48.3061618472423
135.0,159.00840685714286,0.19097133404725478,0.19097133404725478,0.2772094046372809,19178.03627132075,42.17675237098247
140.0,159.00840685714286,0.16284080993283098,0.16284080993283098,0.2361960342074531,16367.796912289816,38.89568273659625
145.0,159.00840685714286,0.164524461983611,0.164524461983611,0.2324595041912935,16535.99375216274,38.59676033530348
150.0,159.00840685714286,0.17816517412174943,0.17816517412174943,0.25742009923167203,17898.70089476277,40.593607938533765
155.0,159.00840685714286,0.18160154988624133,0.18160154988624133,0.2974885669588959,18241.99483363551,43.79908535671167
160.0,159.00840685714286,0.16226534590752273,0.16226534590752273,0.34175442829075386,16310.30805616152,47.34035426326031
165.0,159.00840685714286,0.12362915775246933,0.12362915775246933,0.3863469580820437,12450.552859471685,50.9077566465635
170.0,159.00840685714286,0.07955507165689571,0.07955507165689571,0.43062638604175696,8047.551658523881,54.45011088334056
175.0,159.00840685714286,0.043101659858506204,0.043101659858506204,0.46815720197431915,4405.85581986477,57.45257615794553
180.0,159.00840685714286,0.019640275831537313,0.019640275831537313,0.48270472447832624,2062.0635555705776,58.6163779582661
185.0,159.00840685714286,0.00752454179481179,0.00752454179481179,0.4565528554166281,851.7017253016978,56.52422843333025
190.0,159.00840685714286,0.002423497542792145,0.002423497542792145,0.38587104094173647,342.1074045249353,50.869683275338915
195.0,159.00840685714286,0.000656175451798734,0.000656175451798734,0.2885784787387767,165.55192763469353,43.08627829910213
200.0,159.00840685714286,0.00014935786418066813,0.00014935786418066813,0.19604775768450833,114.92085063164875,35.68382061476066
205.0,159.00840685714286,2.8624970862228277e-05,2.8624970862228277e-05,0.1356202181974609,102.8596345891366,30.84961745579687
210.0,159.00840685714286,4.870197324845325e-06,4.870197324845325e-06,0.11847678923012307,100.48653271275205,29.47814313840985
215.0,159.00840685714286,1.9295189026093014e-06,1.9295189026093014e-06,0.14041271804690095,100.19275893837067,31.233017443752075
220.0,159.00840685714286,5.340462385757027e-06,5.340462385757027e-06,0.19203386017066434,100.53351219233713,35.36270881365315
225.0,159.00840685714286,1.7867135678952286e-05,1.7867135678952286e-05,0.26877651324860424,101.78492685432734,41.50212105988834
230.0,159.00840685714286,5.089378065239771e-05,5.089378065239771e-05,0.37052044038052334,105.08428868717453,49.641635230441864
235.0,159.00840685714286,0.00012191544410745498,0.00012191544410745498,0.4882158699172877,112.17935286633475,59.05726959338302
240.0,159.00840685714286,0.0002455178595046249,0.0002455178595046249,0.5910091077654444,124.52723416451204,67.28072862123554
245.0,159.00840685714286,0.0004156655921930879,0.0004156655921930879,0.6343437987909717,141.52499266008948,70.74750390327773
250.0,159.00840685714286,0.0005916526888293179,0.0005916526888293179,0.5898945698708268,159.10610361404886,67.19156558966614
255.0,159.00840685714286,0.0007081239967415182,0.0007081239967415182,0.4698761095821138,170.74158727447767,57.5900887665691
260.0,159.00840685714286,0.0007128831239831996,0.0007128831239831996,0.31985985038160203,171.21702408592165,45.588788030528164
265.0,159.00840685714286,0.000604233684282798,0.000604233684282798,0.18739022710977177,160.3629450598515,34.99121816878174
270.0,159.00840685714286,0.00043241353832992375,0.00043241353832992375,0.09653387452461641,143.1981124791594,27.722709961969315
275.0,159.00840685714286,0.00026356744736400427,0.00026356744736400427,0.0460253251785114,126.33038799166403,23.68202601428091
280.0,159.00840685714286,0.00014048275128665787,0.00014048275128665787,0.023267832544353526,114.03422685353712,21.86142660354828
285.0,159.00840685714286,7.025455304162688e-05,7.025455304162688e-05,0.018169026727095305,107.01842984885853,21.453522138167624
290.0,159.00840685714286,3.759801119088236e-05,3.759801119088236e-05,0.029732074685494977,103.75604131796915,22.3785659748396
295.0,159.00840685714286,2.3690813920352708e-05,2.3690813920352708e-05,0.0667282861118051,102.36671231064324,25.338262888944406
300.0,159.00840685714286,1.6361271330014366e-05,1.6361271330014366e-05,0.14318597666642524,101.63449100586844,31.45487813331402
305.0,159.00840685714286,1.0822361769527293e-05,1.0822361769527293e-05,0.2665240411891122,101.08115394077578,41.321923295128975
310.0,159.00840685714286,6.3383421684723975e-06,6.3383421684723975e-06,0.4211322730292059,100.63320038263039,53.69058184233647
315.0,159.00840685714286,3.192152435693993e-06,3.192152435693993e-06,0.5617296349082833,100.31889602832582,64.93837079266267
320.0,159.00840685714286,1.3710510179631637e-06,1.3710510179631637e-06,0.6316965313557295,100.13696799669452,70.53572250845835
325.0,159.00840685714286,5.026494932550725e-07,5.026494932550725e-07,0.5997401121349333,100.05021468437619,67.97920897079466
330.0,159.00840685714286,1.6650292548127714e-07,1.6650292548127714e-07,0.4837389606594559,100.01663364225558,58.69911685275647
335.0,159.00840685714286,1.1672146803434058e-07,1.1672146803434058e-07,0.3378137232954259,100.01166047465664,47.02509786363407
340.0,159.00840685714286,4.804773380371433e-07,4.804773380371433e-07,0.21465770203638412,100.04799968606991,37.17261616291073
345.0,159.00840685714286,2.487252201195949e-06,2.487252201195949e-06,0.13721626118639502,100.24847649489948,30.9773008949116
350.0,159.00840685714286,1.1025937597497854e-05,1.1025937597497854e-05,0.09863269802095984,101.10149116599004,27.890615841676787
355.0,159.00840685714286,4.1116266315199796e-05,4.1116266315199796e-05,0.08085854023242142,104.10751500488846,26.468683218593714
360.0,159.00840685714286,0.00012889166088624963,0.00012889166088624963,0.0715652269759893,112.87627692253633,25.725218158079144
365.0,159.00840685714286,0.00033965503701594946,0.00033965503701594946,0.06828993848473747,133.93153819789336,25.463195078779
370.0,159.00840685714286,0.0007524072446638935,0.0007524072446638935,0.07230432261289034,175.16548374192297,25.784345809031226
375.0,159.00840685714286,0.001401101283110219,0.001401101283110219,0.08129581141679715,239.97001818271087,26.503664913343773
380.0,159.00840685714286,0.0021932480176390418,0.0021932480176390418,0.08800786265508868,319.1054769621403,27.040629012407095
385.0,159.00840685714286,0.0028860749986389174,0.0028860749986389174,0.08514791501727809,388.3188923640279,26.811833201382246
390.0,159.00840685714286,0.003192486961606365,0.003192486961606365,0.07101516080042033,418.92944746447586,25.681212864033625
395.0,159.00840685714286,0.0029686042460043984,0.0029686042460043984,0.050341609230568116,396.5635641758394,24.027328738445448
400.0,159.00840685714286,0.0023204762553019373,0.0023204762553019373,0.030188852715467618,331.81557790466354,22.41510821723741
0.0,163.97741957142858,0.0003794442150608984,0.0003794442150608984,0.010179618623725519,137.90647708458374,20.81436948989804
5.0,163.97741957142858,0.0005148624436436396,0.0005148624436436396,0.017505901831640386,151.4347581199996,21.400472146531232
10.0,163.97741957142858,0.0005872706202132651,0.0005872706202132651,0.025347323409111038,158.66833495930518,22.027785872728884
15.0,163.97741957142858,0.0005631151460773002,0.0005631151460773002,0.030929386422718624,156.2552030931223,22.47435091381749
20.0,163.97741957142858,0.00045401445922410154,0.00045401445922410154,0.031956608626915246,145.35604447648774,22.55652869015322
25.0,163.97741957142858,0.0003086937490160806,0.0003086937490160806,0.028537680555372723,130.83850552670646,22.283014444429817
30.0,163.97741957142858,0.00018347298127427498,0.00018347298127427498,0.02385545128816475,118.32895082930007,21.90843610305318
35.0,163.97741957142858,0.00013421598491826286,0.00013421598491826286,0.023247276118226034,113.40817689333446,21.859782089458083
40.0,163.97741957142858,0.0002922525390308108,0.0002922525390308108,0.032785767797260404,129.196028649178,22.622861423780833
45.0,163.97741957142858,0.0011377824410990253,0.0011377824410990253,0.058281307507690464,213.66446586579264,24.662504600615236
50.0,163.97741957142858,0.0041771903349593995,0.0041771903349593995,0.10436405000429742,517.301314462444,28.349124000343792
55.0,163.97741957142858,0.01318594807095624,0.01318594807095624,0.1727826767886401,1417.2762122885283,33.82261414309121
60.0,163.97741957142858,0.03559790064858447,0.03559790064858447,0.2601135981961413,3656.2302747935887,40.8090878556913
65.0,163.97741957142858,0.08237162893552025,0.08237162893552025,0.35694996610609364,8328.925730658473,48.55599728848749
70.0,163.97741957142858,0.16386938893329606,0.16386938893329606,0.45099333198962643,16470.551954436276,56.079466559170115
75.0,163.97741957142858,0.2813016706103514,0.2813016706103514,0.5330496637718029,28202.036893974102,62.64397310174423
80.0,163.97741957142858,0.4186928750172482,0.4186928750172482,0.6005344552371764,41927.4182142231,68.04275641897411
85.0,163.97741957142858,0.5441769718193171,0.5441769718193171,0.6547460946057865,54463.27948474978,72.37968756846291
90.0,163.97741957142858,0.6243614194240512,0.6243614194240512,0.6955568990105081,62473.70580046272,75.64455192084066
95.0,163.97741957142858,0.6427678350715527,0.6427678350715527,0.7198124224415567,64312.50672364811,77.58499379532454
100.0,163.97741957142858,0.6068669166317319,0.6068669166317319,0.7236331242474688,60726.00497151001,77.8906499397975
105.0,163.97741957142858,0.5383572706878079,0.5383572706878079,0.7041261250593233,53881.89134171201,76.33009000474587
110.0,163.97741957142858,0.4575576301994113,0.4575576301994113,0.6594206648055521,45810.00725692119,72.75365318444416
115.0,163.97741957142858,0.37569185590228993,0.37569185590228993,0.5899783108481986,37631.616404638764,67.1982648678559
120.0,163.97741957142858,0.29756140540027337,0.29756140540027337,0.5017971655733019,29826.38439948731,60.14377324586415
125.0,163.97741957142858,0.22785033184319298,0.22785033184319298,0.4079089409361884,22862.24815113498,52.63271527489507
130.0,163.97741957142858,0.1747394669900328,0.1747394669900328,0.3252008438632274,17556.472752304275,46.01606750905819
135.0,163.97741957142858,0.14821038404409015,0.14821038404409015,0.26813344788244475,14906.217366004606,41.45067583059558
140.0,163.97741957142858,0.15326774120530207,0.15326774120530207,0.2434978636403175,15411.447346409677,39.4798290912254
145.0,163.97741957142858,0.1823383074437949,0.1823383074437949,0.24861407784918235,18315.59691363511,39.88912622793459
150.0,163.97741957142858,0.21451073137702914,0.21451073137702914,0.2730348867512366,21529.62206456521,41.84279094009893
155.0,163.97741957142858,0.22577819851615827,0.22577819851615827,0.30338786046913074,22655.24203176421,44.27102883753046
160.0,163.97741957142858,0.20403811021083018,0.20403811021083018,0.3295270781200769,20483.407210061934,46.362166249606155
165.0,163.97741957142858,0.15608593633672496,0.15608593633672496,0.34747688214966277,15692.985040038824,47.798150571973025
170.0,163.97741957142858,0.10060257988730069,0.10060257988730069,0.35643121588824184,10150.197730741338,48.51449727105935
175.0,163.97741957142858,0.05454881208809803,0.05454881208809803,0.35353473198674185,5549.426327600993,48.28277855893935
180.0,163.97741957142858,0.02487001373517801,0.02487001373517801,0.33289210445873885,2584.5143721442832,46.631368356699106
185.0,163.97741957142858,0.009532579219642647,0.009532579219642647,0.29038513640542213,1052.3046640423004,43.23081091243377
190.0,163.97741957142858,0.003071604460927908,0.003071604460927908,0.22955256654058817,406.853285646698,38.36420532324705
195.0,163.97741957142858,0.0008320215766758663,0.0008320215766758663,0.16263019021985778,183.11895550991903,33.01041521758862
200.0,163.97741957142858,0.0001894830191028674,0.0001894830191028674,0.1053155952953339,118.92935360837646,28.42524762362671
205.0,163.97741957142858,3.6441158057401266e-05,3.6441158057401266e-05,0.06951371418553118,103.64047168993439,25.561097134842495
210.0,163.97741957142858,6.8352235631671554e-06,6.8352235631671554e-06,0.05992331508706342,100.6828388339604,24.793865206965073
215.0,163.97741957142858,5.583606039101926e-06,5.583606039101926e-06,0.07673139550033906,100.55780224330628,26.138511640027126
220.0,163.97741957142858,1.9422443781398824e-05,1.9422443781398824e-05,0.12158391769535563,101.94030213376175,29.726713415628453
225.0,163.97741957142858,6.554403689659035e-05,6.554403689659035e-05,0.20047180943834378,106.54784928596938,36.03774475506751
230.0,163.97741957142858,0.0001867520874700399,0.0001867520874700399,0.31711891909218726,118.65653353825698,45.36951352737498
235.0,163.97741957142858,0.00044735657136603423,0.00044735657136603423,0.4579561170674196,144.69092147946682,56.63648936539357
240.0,163.97741957142858,0.0009008368027646024,0.0009008368027646024,0.5832073783503805,189.99359659618378,66.65659026803044
245.0,163.97741957142858,0.001524899824504215,0.001524899824504215,0.641337540542784,252.3374924679711,71.30700324342271
250.0,163.97741957142858,0.0021699029939275002,0.0021699029939275002,0.60280201440156,316.7733090933573,68.2241611521248
255.0,163.97741957142858,0.0025956455154378145,0.0025956455154378145,0.48337280701151714,359.3049869922377,58.66982456092137
260.0,163.97741957142858,0.0026101314605111495,0.0026101314605111495,0.33300408730429376,360.75213290506383,46.6403269843435
265.0,163.97741957142858,0.002206521771913252,0.002206521771913252,0.20119831412788508,320.43152501413385,36.095865130230806
270.0,163.97741957142858,0.0015683196791380738,0.0015683196791380738,0.11122550956035367,256.67513594589354,28.898040764828295
275.0,163.97741957142858,0.0009375741392089395,0.0009375741392089395,0.06020229040530785,193.66365650697304,24.816183232424628
280.0,163.97741957142858,0.00047201095615102536,0.00047201095615102536,0.035025385775954564,147.15389451948744,22.802030862076364
285.0,163.97741957142858,0.00020090916880872135,0.00020090916880872135,0.026601923723180262,120.07082596399127,22.12815389785442
290.0,163.97741957142858,7.322932982242252e-05,7.322932982242252e-05,0.03554523635272509,107.31561004926002,22.84361890821801
295.0,163.97741957142858,2.3753527892643753e-05,2.3753527892643753e-05,0.07183791294785499,102.37297743647511,25.7470330358284
300.0,163.97741957142858,7.548174278772052e-06,7.548174278772052e-06,0.149912252537748,100.75406261044932,31.99298020301984
305.0,163.97741957142858,2.713045254969927e-06,2.713045254969927e-06,0.2768196484053403,100.27103322097149,42.145571872427226
310.0,163.97741957142858,1.149634298414411e-06,1.149634298414411e-06,0.43587820742104694,100.1148484664116,54.870256593683756
315.0,163.97741957142858,5.089210182722565e-07,5.089210182722565e-07,0.5801105908843339,100.0508412097254,66.40884727074672
320.0,163.97741957142858,2.083156148427477e-07,2.083156148427477e-07,0.6509652229616042,100.02081072992279,72.07721783692833
325.0,163.97741957142858,7.482013966107326e-08,7.482013966107326e-08,0.6156886329042173,100.00747453195214,69.25509063233739
330.0,163.97741957142858,2.5683931462362356e-08,2.5683931462362356e-08,0.4917301862624091,100.00256582475309,59.33841490099273
335.0,163.97741957142858,2.698534888639121e-08,2.698534888639121e-08,0.3339336706708707,100.00269583635375,46.714693653669656
340.0,163.97741957142858,1.3306769259143065e-07,1.3306769259143065e-07,0.19684812963148912,100.01329346248988,35.74785037051913
345.0,163.97741957142858,6.953795805274585e-07,6.953795805274585e-07,0.10638910121613646,100.0694684200947,28.511128097290914
350.0,163.97741957142858,3.083717398395765e-06,3.083717398395765e-06,0.05909526251260316,100.30806336809974,24.727621001008252
355.0,163.97741957142858,1.1499494461373646e-05,1.1499494461373646e-05,0.038945825627814644,101.14879949669123,23.115666050225173
360.0,163.97741957142858,3.6048743748825816e-05,3.6048743748825816e-05,0.03260766611836498,103.6012695005077,22.608613289469197
365.0,163.97741957142858,9.499557670857739e-05,9.499557670857739e-05,0.03402438232623658,109.49005811318688,22.721950586098927
370.0,163.97741957142858,0.00021043515449563279,0.00021043515449563279,0.04097858792407803,121.02247193411371,23.278287033926244
375.0,163.97741957142858,0.00039186353809997023,0.00039186353809997023,0.050381845493445127,139.14716745618702,24.03054763947561
380.0,163.97741957142858,0.0006134131332862903,0.0006134131332862903,0.05704910478384443,161.2799720153004,24.563928382707555
385.0,163.97741957142858,0.0008071847294863477,0.0008071847294863477,0.05634688738895216,180.63775447568614,24.507750991116172
390.0,163.97741957142858,0.0008928827995489438,0.0008928827995489438,0.047463482016554405,189.19899167493946,23.79707856132435
395.0,163.97741957142858,0.0008302667173906265,0.0008302667173906265,0.03381548644638919,182.9436450673236,22.705238915711135
400.0,163.97741957142858,0.0006489966474532814,0.0006489966474532814,0.020320241833672446,164.83476508058283,21.625619346693796
0.0,168.94643228571428,8.287894559453167e-05,8.287894559453167e-05,0.004216429320472291,108.27960666489372,20.337314345637783
5.0,168.94643228571428,0.00011246127211448923,0.00011246127211448923,0.007270958489393369,111.23488108423747,20.58167667915147
10.0,168.94643228571428,0.00012828247890309485,0.00012828247890309485,0.010550589620883252,112.81541964241917,20.84404716967066
15.0,168.94643228571428,0.0001230193602816017,0.0001230193602816017,0.012895621800639983,112.289634092132,21.031649744051197
20.0,168.94643228571428,9.928247354972344e-05,9.928247354972344e-05,0.013342547051648987,109.91831910761738,21.067403764131917
25.0,168.94643228571428,6.83053610509925e-05,6.83053610509925e-05,0.011947859467066519,106.82370556899416,20.95582875736532
30.0,168.94643228571428,4.628696627958554e-05,4.628696627958554e-05,0.010140967779506795,104.6240679313306,20.811277422360543
35.0,168.94643228571428,6.673786976307867e-05,6.673786976307867e-05,0.01055480320281419,106.66711318933156,20.844384256225137
40.0,168.94643228571428,0.0002546323127216648,0.0002546323127216648,0.01690466626935652,125.43776804089431,21.35237330154852
45.0,168.94643228571428,0.0010724447371464935,0.0010724447371464935,0.03423117158884182,207.1372292409347,22.738493727107347
50.0,168.94643228571428,0.003931291372208099,0.003931291372208099,0.06875470981770689,492.7360080835891,25.50037678541655
55.0,168.94643228571428,0.012285902531596718,0.012285902531596718,0.12589424510465458,1327.361662906512,30.071539608372365
60.0,168.94643228571428,0.03275630474687873,0.03275630474687873,0.20617653509500083,3372.3548442131855,36.494122807600064
65.0,168.94643228571428,0.07470560743925353,0.07470560743925353,0.30186216676628413,7563.090183181427,44.148973341302735
70.0,168.94643228571428,0.1461905119496806,0.1461905119496806,0.39875139477998855,14704.432143773092,51.900111582399084
75.0,168.94643228571428,0.24633426487183588,0.24633426487183588,0.4835888967793431,24708.793060696404,58.68711174234745
80.0,168.94643228571428,0.35898513806539684,0.35898513806539684,0.5506051087711807,35962.61529273314,64.04840870169446
85.0,168.94643228571428,0.4552346515997725,0.4552346515997725,0.6006390222931065,45577.94169481727,68.05112178344852
90.0,168.94643228571428,0.5070471789173496,0.5070471789173496,0.6349298122517084,50754.013173843225,70.79438498013667
95.0,168.94643228571428,0.5032025357789465,0.5032025357789465,0.6514292182353663,50369.93332431675,72.1143374588293
100.0,168.94643228571428,0.4541850632647191,0.4541850632647191,0.6466072549779452,45473.08782014543,71.72858039823562
105.0,168.94643228571428,0.38228739302144576,0.38228739302144576,0.6186940560850596,38290.510562842435,69.49552448680477
110.0,168.94643228571428,0.3071505758176856,0.3071505758176856,0.5689594589980621,30784.342524186795,65.51675671984498
115.0,168.94643228571428,0.2389573637011995,0.2389573637011995,0.502092185050016,23971.84063374983,60.16737480400128
120.0,168.94643228571428,0.18121846445296544,0.18121846445296544,0.4268820994032839,18203.724598851248,54.15056795226271
125.0,168.94643228571428,0.13674552425694772,0.13674552425694772,0.35545918128993914,13760.877873269077,48.43673450319513
130.0,168.94643228571428,0.1110009847924719,0.1110009847924719,0.2996000559726768,11188.998380767944,43.96800447781415
135.0,168.94643228571428,0.11072513145167502,0.11072513145167502,0.26628596204455046,11161.440632022335,41.30287696356404
140.0,168.94643228571428,0.1380961374570072,0.1380961374570072,0.2558776268755782,13895.804131955018,40.470210150046256
145.0,168.94643228571428,0.18388019680174092,0.18388019680174092,0.26308806379122757,18469.631660493917,41.0470451032982
150.0,168.94643228571428,0.22662813580923089,0.22662813580923089,0.27895131870855283,22740.150767342166,42.31610549668423
155.0,168.94643228571428,0.24255566884205615,0.24255566884205615,0.2936999223435651,24331.311317321408,43.49599378748521
160.0,168.94643228571428,0.2205251728144845,0.2205251728144845,0.30050417450231914,22130.464764167,44.040333960185535
165.0,168.94643228571428,0.16911130008359418,0.16911130008359418,0.2971427694112854,16994.218878351057,43.77142155290284
170.0,168.94643228571428,0.10913657436911613,0.10913657436911613,0.2836723143418347,11002.7437794747,42.69378514734677
175.0,168.94643228571428,0.059229003682505506,0.059229003682505506,0.2594472248954653,6016.9774678823,40.755777991637224
180.0,168.94643228571428,0.027024781766484655,0.027024781766484655,0.22366926686973057,2799.775698471817,37.89354134957844
185.0,168.94643228571428,0.010366213569209857,0.010366213569209857,0.17834727105356876,1135.5847355640647,34.2677816842855
190.0,168.94643228571428,0.003342701129745454,0.003342701129745454,0.12947232346518317,433.93584286157085,30.357785877214653
195.0,168.94643228571428,0.0009061399372760086,0.0009061399372760086,0.08495454555247683,190.52337973387324,26.796363644198145
200.0,168.94643228571428,0.00020656952152712125,0.00020656952152712125,0.05140290013237571,120.63629520055942,24.112232010590056
205.0,168.94643228571428,4.009830101516263e-05,4.009830101516263e-05,0.03235507339464595,104.00582027141475,22.588405871571677
210.0,168.94643228571428,9.460433476928818e-06,9.460433476928818e-06,0.02914776929307868,100.94509730434518,22.331821543446296
215.0,168.94643228571428,1.5686298504776112e-05,1.5686298504776112e-05,0.04398154970861294,101.56706122062714,23.518523976689035
220.0,168.94643228571428,5.9876868207854894e-05,5.9876868207854894e-05,0.0830419925691847,105.98169913396471,26.643359405534774
225.0,168.94643228571428,0.00020265289438882033,0.00020265289438882033,0.15570872118412124,120.24502414944315,32.4566976947297
230.0,168.94643228571428,0.0005774588079745639,0.0005774588079745639,0.2661295150682095,157.68813491665892,41.29036120545676
235.0,168.94643228571428,0.0013832793240392183,0.0013832793240392183,0.39982956449543255,238.1896044715179,51.9863651596346
240.0,168.94643228571428,0.0027854859710368845,0.0027854859710368845,0.5182921709443707,378.27004850658477,61.46337367554966
245.0,168.94643228571428,0.0047151311271316195,0.0047151311271316195,0.5745992212024813,571.0415996004488,65.9679376961985
250.0,168.94643228571428,0.006709471391850121,0.006709471391850121,0.5440183390326162,770.2761920458271,63.521467122609295
255.0,168.94643228571428,0.008025732023308708,0.008025732023308708,0.4428603373208535,901.7706291285399,55.42882698566828
260.0,168.94643228571428,0.008070176988127082,0.008070176988127082,0.31618984591685884,906.2106811138955,45.29518767334871
265.0,168.94643228571428,0.006821568027741261,0.006821568027741261,0.20617793037482132,781.474645971352,36.49423442998571
270.0,168.94643228571428,0.004847192559790878,0.004847192559790878,0.13041832867528505,584.2345367231087,30.433466294022804
275.0,168.94643228571428,0.0028953969806698753,0.0028953969806698753,0.08428315759298076,389.25015836892055,26.742652607438462
280.0,168.94643228571428,0.0014539856737539286,0.0014539856737539286,0.0566044986220428,245.25316880801748,24.528359889763422
285.0,168.94643228571428,0.0006139312694407525,0.0006139312694407525,0.04187477702054959,161.33173381713118,23.34998216164397
290.0,168.94643228571428,0.00021808674317477098,0.00021808674317477098,0.043385627792322926,121.78686564315962,23.470850223385835
295.0,168.94643228571428,6.529635734351381e-05,6.529635734351381e-05,0.07120705482429805,106.52310609861703,25.696564385943844
300.0,168.94643228571428,1.6577835293076583e-05,1.6577835293076583e-05,0.13753905944380582,101.65612574577835,31.003124755504466
305.0,168.94643228571428,3.638754798880415e-06,3.638754798880415e-06,0.24727268676654082,100.36351160440816,39.78181494132326
310.0,168.94643228571428,7.305300049776634e-07,7.305300049776634e-07,0.38486173814536,100.07297994749727,50.7889390516288
315.0,168.94643228571428,1.5186852479814103e-07,1.5186852479814103e-07,0.5091266545391939,100.01517166562734,60.73013236313551
320.0,168.94643228571428,3.731632496246002e-08,3.731632496246002e-08,0.5693021002608984,100.00372790086375,65.54416802087188
325.0,168.94643228571428,1.0592889637393344e-08,1.0592889637393344e-08,0.5369974085780549,100.00105822967477,62.95979268624439
330.0,168.94643228571428,3.6105703031939887e-09,3.6105703031939887e-09,0.42714626422193247,100.00036069597328,54.171701137754596
335.0,168.94643228571428,5.688994956590594e-09,5.688994956590594e-09,0.28708988028596244,100.00056833059617,42.967190422876996
340.0,168.94643228571428,3.11986591658735e-08,3.11986591658735e-08,0.16429660943985835,100.00311674605067,33.14372875518867
345.0,168.94643228571428,1.638101202788409e-07,1.638101202788409e-07,0.08203696951107071,100.01636463101586,26.562957560885657
350.0,168.94643228571428,7.265578320016614e-07,7.265578320016614e-07,0.03851335660081713,100.07258312741696,23.08106852806537
355.0,168.94643228571428,2.7094258444453775e-06,2.7094258444453775e-06,0.020763501510136527,100.27067164186009,21.661080120810922
360.0,168.94643228571428,8.493540603790911e-06,8.493540603790911e-06,0.017267827274965876,100.8485047063187,21.38142618199727
365.0,168.94643228571428,2.2382161268654233e-05,2.2382161268654233e-05,0.021957139052815874,102.23597791073855,21.75657112422527
370.0,168.94643228571428,4.9581188194376646e-05,4.9581188194376646e-05,0.031840482061246365,104.95316070061823,22.547238564899708
375.0,168.94643228571428,9.232801371014111e-05,9.232801371014111e-05,0.043457893292685505,109.22356856964309,23.47663146341484
380.0,168.94643228571428,0.00014452790493007562,0.00014452790493007562,0.05186930479012148,114.43833770251456,24.14954438320972
385.0,168.94643228571428,0.00019018294769663406,0.00019018294769663406,0.05277915691912281,118.99927647489375,24.222332553529824
390.0,168.94643228571428,0.00021037449862796646,0.00021037449862796646,0.045386216901471654,121.01641241293385,23.63089735211773
395.0,168.94643228571428,0.0001956213564498911,0.0001956213564498911,0.03288448433820872,119.54257350934412,22.6307587470567
400.0,168.94643228571428,0.00015291183164037548,0.00015291183164037548,0.020055228162315766,115.27589198087351,21.604418252985262
0.0,173.915445,1.5255923191114782e-05,1.5255923191114782e-05,0.0014803682635225615,101.52406672679237,20.118429461081806
5.0,173.915445,2.070172476952624e-05,2.070172476952624e-05,0.0025565198075254937,102.06810230447567,20.20452158460204
10.0,173.915445,2.3615249571552985e-05,2.3615249571552985e-05,0.0037139445519169434,102.35916343219814,20.297115564153355
15.0,173.915445,2.265575714517854e-05,2.265575714517854e-05,0.004544051228977348,102.26331013880333,20.363524098318187
20.0,173.915445,1.837493474919444e-05,1.837493474919444e-05,0.004709982517502768,101.83565598144452,20.37679860140022
25.0,173.915445,1.3405749249299169e-05,1.3405749249299169e-05,0.004254756881422209,101.33923435000499,20.34038055051378
30.0,173.915445,1.4450178361802662e-05,1.4450178361802662e-05,0.0037936673379562113,101.44357281834408,20.303493387036497
35.0,173.915445,4.795209730383262e-05,4.795209730383262e-05,0.004656624009874441,104.79041452065287,20.372529920789955
40.0,173.915445,0.00022802288090757912,0.00022802288090757912,0.009288277318623816,122.77948580266715,20.743062185489904
45.0,173.915445,0.0009751936633271028,0.0009751936633271028,0.021959789952471193,197.4218469663776,21.756783196197695
50.0,173.915445,0.003551011033723576,0.003551011033723576,0.04897196259236907,454.74600226898525,23.917757007389525
55.0,173.915445,0.010979462958504634,0.010979462958504634,0.09680326001919601,1196.848349554613,27.74426080153568
60.0,173.915445,0.028881071297339876,0.028881071297339876,0.16767824880995236,2985.2190226042535,33.41425990479619
65.0,173.915445,0.06480112385824045,0.06480112385824045,0.25531049499994934,6573.632273438221,40.42483959999595
70.0,173.915445,0.12439136321010297,0.12439136321010297,0.3457692077256673,12526.697184689287,47.66153661805339
75.0,173.915445,0.20498800053993763,0.20498800053993763,0.4247357271108442,20578.301253939768,53.97885816886753
80.0,173.915445,0.2912001467220889,0.2912001467220889,0.48499909464861257,29190.89465753668,58.79992757188901
85.0,173.915445,0.35854659330290944,0.35854659330290944,0.5267381006623633,35918.80467096066,62.13904805298906
90.0,173.915445,0.3856938688625861,0.3856938688625861,0.5514460374510975,38630.81749937235,64.1156829960878
95.0,173.915445,0.36694890505870165,0.36694890505870165,0.5575610315298489,36758.1956153643,64.60488252238791
100.0,173.915445,0.3145145295474485,0.3145145295474485,0.5422898093556058,31520.001501790106,63.383184748448464
105.0,173.915445,0.24894192834490397,0.24894192834490397,0.5059478260487756,24969.298641655907,60.47582608390205
110.0,173.915445,0.18693456102752742,0.18693456102752742,0.45371362686244826,18774.76264664999,56.29709014899586
115.0,173.915445,0.13617398949702633,0.13617398949702633,0.39440981944348025,13703.78155075293,51.55278555547842
120.0,173.915445,0.09820808936724401,0.09820808936724401,0.3383590336885322,9910.988127787678,47.06872269508258
125.0,173.915445,0.0738760856415137,0.0738760856415137,0.294709233370508,7480.220955587219,43.57673866964063
130.0,173.915445,0.06638395745403958,0.06638395745403958,0.2682021607945329,6731.757349658554,41.45617286356263
135.0,173.915445,0.08027045043497509,0.08027045043497509,0.25757771355543096,8119.017998454012,40.606217084434476
140.0,173.915445,0.11644334254055574,0.11644334254055574,0.25752020038269297,11732.689919801518,40.60161603061544
145.0,173.915445,0.16613934533659216,0.16613934533659216,0.2620007636761038,16697.320599125556,40.9600610940883
150.0,173.915445,0.21001733138161233,0.21001733138161233,0.2656956508682173,21080.73140502307,41.25565206945738
155.0,173.915445,0.22683863930652295,0.22683863930652295,0.264103797512405,22761.180066721645,41.1283038009924
160.0,173.915445,0.20700599190513722,0.20700599190513722,0.25458662992264763,20779.898591323206,40.36693039381181
165.0,173.915445,0.15905815852439975,0.15905815852439975,0.23712913110568604,15989.910036587535,38.970330488454884
170.0,173.915445,0.10279425136692513,0.10279425136692513,0.21284063480530346,10369.14571155582,37.027250784424275
175.0,173.915445,0.05585642254674427,0.05585642254674427,0.18222777631106699,5680.056612419753,34.578222104885356
180.0,173.915445,0.025516501427726053,0.025516501427726053,0.1460895323872717,2649.098492629833,31.687162590981735
185.0,173.915445,0.009799355537804182,0.009799355537804182,0.10751468390069266,1078.9556182266379,28.60117471205541
190.0,173.915445,0.0031637178956417868,0.0031637178956417868,0.07161729259981528,416.0554177746145,25.729383407985225
195.0,173.915445,0.0008586819686741239,0.0008586819686741239,0.04304238535244986,185.78232867054498,23.443390828195987
200.0,173.915445,0.00019612068527604537,0.00019612068527604537,0.024059575578688687,119.59245645907693,21.924766046295094
205.0,173.915445,3.898811916126908e-05,3.898811916126908e-05,0.014928118055247798,103.89491310421079,21.194249444419825
210.0,173.915445,1.410878146799492e-05,1.410878146799492e-05,0.016000168555732636,101.40946726865269,21.28001348445861
215.0,173.915445,3.943629443730264e-05,3.943629443730264e-05,0.03020503984968845,103.93968581428653,22.416403187975078
220.0,173.915445,0.0001558119879101691,0.0001558119879101691,0.06426973475160816,115.56561759222589,25.141578780128654
225.0,173.915445,0.0005278777856228743,0.0005278777856228743,0.1263335526338516,152.73499078372515,30.106684210708128
230.0,173.915445,0.0015042290476624265,0.0015042290476624265,0.2183521667370316,250.2724818614764,37.46817333896253
235.0,173.915445,0.0036033228394638556,0.0036033228394638556,0.32658448671233575,459.97195166243915,46.12675893698686
240.0,173.915445,0.007255949110354628,0.007255949110354628,0.41986914013504056,824.8693161244273,53.589531210803244
245.0,173.915445,0.012282504765635697,0.012282504765635697,0.46354104812200925,1327.0222260870062,57.08328384976074
250.0,173.915445,0.01747758045366733,0.01747758045366733,0.4421898568993261,1846.0102873213661,55.37518855194609
255.0,173.915445,0.020906307668992565,0.020906307668992565,0.3712037292935787,2188.5401361323575,49.6962983434863
260.0,173.915445,0.021022048479887263,0.021022048479887263,0.28470311442431095,2200.1026431407377,42.776249153944875
265.0,173.915445,0.01776946802678249,0.01776946802678249,0.21100326020001448,1875.1698558755706,36.880260816001154
270.0,173.915445,0.012626285536691194,0.012626285536691194,0.15831508984339718,1361.3659251154504,32.66520718747177
275.0,173.915445,0.007541866884961054,0.007541866884961054,0.11996577367562995,853.4325018076092,29.597261894050398
280.0,173.915445,0.003786911340722689,0.003786911340722689,0.08850442462952038,478.3124429381966,27.080353970361628
285.0,173.915445,0.0015984443659962215,0.0015984443659962215,0.06413698052994808,259.68459216302256,25.130958442395848
290.0,173.915445,0.0005671869596013099,0.0005671869596013099,0.0539723374720289,156.66197726417084,24.317786997762312
295.0,173.915445,0.00016920184087216395,0.00016920184087216395,0.0677061598308395,116.90326390312919,25.41649278646716
300.0,173.915445,4.2446934137789196e-05,4.2446934137789196e-05,0.11365977981813823,104.24044872036514,29.09278238545106
305.0,173.915445,8.962384104068174e-06,8.962384104068174e-06,0.19330964122378,100.8953421719964,35.4647712979024
310.0,173.915445,1.5972750876254818e-06,1.5972750876254818e-06,0.2934569453055753,100.15956778125378,43.47655562444602
315.0,173.915445,2.425555295817064e-07,2.425555295817064e-07,0.38324218639417634,100.02423129740521,50.65937491153411
320.0,173.915445,3.2335519678366216e-08,3.2335519678366216e-08,0.42560540661349205,100.00323031841587,54.04843252907936
325.0,173.915445,4.1204619315877394e-09,4.1204619315877394e-09,0.4000147459933,100.00041163414697,52.001179679464
330.0,173.915445,7.076432225989128e-10,7.076432225989128e-10,0.3174801645321183,100.00007069355794,45.39841316256947
335.0,173.915445,1.078988104679877e-09,1.078988104679877e-09,0.21268514817859557,100.00010779091166,37.01481185428764
340.0,173.915445,6.178203113104499e-09,6.178203113104499e-09,0.12057212739306172,100.000617202491,29.64577019144494
345.0,173.915445,3.2511254812946516e-08,3.2511254812946516e-08,0.05859513716480493,100.00324787435581,24.687610973184395
350.0,173.915445,1.4421175777735836e-07,1.4421175777735836e-07,0.02602769503671873,100.01440675460196,22.0822156029375
355.0,173.915445,5.377855923592679e-07,5.377855923592679e-07,0.014091065037957212,100.05372478067669,21.12728520303658
360.0,173.915445,1.6858569273932682e-06,1.6858569273932682e-06,0.015124569189521991,100.1684171070466,21.20996553516176
365.0,173.915445,4.442566835800441e-06,4.442566835800441e-06,0.02524731457100472,100.44381242689646,22.01978516568038
370.0,173.915445,9.841218627165755e-06,9.841218627165755e-06,0.04194874507375189,100.98313774085386,23.355899605900152
375.0,173.915445,1.8325905478064918e-05,1.8325905478064918e-05,0.0607522994396078,101.83075795725868,24.860183955168623
380.0,173.915445,2.868690247152163e-05,2.868690247152163e-05,0.07464939397678913,102.865821556905,25.97195151814313
385.0,173.915445,3.774883248296914e-05,3.774883248296914e-05,0.07733060284196175,103.77110836504862,26.18644822735694
390.0,173.915445,4.1756591763754025e-05,4.1756591763754025e-05,0.06741356714831556,104.17148351719902,25.393085371865247
395.0,173.915445,3.8828285627885616e-05,3.8828285627885616e-05,0.04942663171274036,103.87894573422577,23.95413053701923
400.0,173.915445,3.0351002480327377e-05,3.0351002480327377e-05,0.03047250932313522,103.0320651477847,22.43780074585082
0.0,178.88445771428573,2.3662155533402077e-06,2.3662155533402077e-06,0.00043928126398832656,100.23638493377868,20.035142501119065
5.0,178.88445771428573,3.2109493743514177e-06,3.2109493743514177e-06,0.0007592050443159013,100.3207738424977,20.06073640354527
10.0,178.88445771428573,3.66359948513786e-06,3.66359948513786e-06,0.0011036781553780254,100.36599358856527,20.08829425243024
15.0,178.88445771428573,3.5232831621735222e-06,3.5232831621735222e-06,0.0013518309156631458,100.35197598790114,20.10814647325305
20.0,178.88445771428573,2.9430611508003675e-06,2.9430611508003675e-06,0.001407783739724026,100.29401180896495,20.112622699177923
25.0,178.88445771428573,2.8663147546428768e-06,2.8663147546428768e-06,0.0013081899991458608,100.28634484398883,20.10465519993167
30.0,178.88445771428573,7.850172782321724e-06,7.850172782321724e-06,0.0013401203542365795,100.78423226095394,20.107209628338925
35.0,178.88445771428573,4.111587723847272e-05,4.111587723847272e-05,0.002262749791726521,104.10747613612342,20.18101998333812
40.0,178.88445771428573,0.00020584933412121317,0.00020584933412121317,0.005818373748628783,120.56434847870919,20.4654698998903
45.0,178.88445771428573,0.0008794260059172654,0.0008794260059172654,0.015501934026943514,187.85465799113481,21.24015472215548
50.0,178.88445771428573,0.003177936268265262,0.003177936268265262,0.03686457361456422,417.4758331996997,22.949165889165137
55.0,178.88445771428573,0.0097204560382927,0.0097204560382927,0.07597490302913933,1071.0735582254406,26.077992242331145
60.0,178.88445771428573,0.02521108629254066,0.02521108629254066,0.1354620009559951,2618.587520624812,30.836960076479606
65.0,178.88445771428573,0.055567407986395735,0.055567407986395735,0.21043868654556588,5651.184057840934,36.83509492364527
70.0,178.88445771428573,0.10435687845806285,0.10435687845806285,0.28875251706435373,10525.252157960478,43.100201365148294
75.0,178.88445771428573,0.1675183746326048,0.1675183746326048,0.35708141380675607,16835.08562579722,48.56651310454048
80.0,178.88445771428573,0.23073186471433108,0.23073186471433108,0.40782618075631233,23150.113284961673,52.62609446050499
85.0,178.88445771428573,0.27402734773034504,0.27402734773034504,0.4400344018518745,27475.33203826147,55.202752148149955
90.0,178.88445771428573,0.28255819214395583,0.28255819214395583,0.454497855479913,28327.563395181187,56.35982843839304
95.0,178.88445771428573,0.25559517488386574,0.25559517488386574,0.45000991574799065,25633.957970898187,56.000793259839256
100.0,178.88445771428573,0.20610087945213248,0.20610087945213248,0.4252619677999809,20689.477857268037,54.02095742399847
105.0,178.88445771428573,0.15164864177318785,0.15164864177318785,0.38315703934951184,15249.699313141466,50.65256314796095
110.0,178.88445771428573,0.10488657133499375,0.10488657133499375,0.33209797972925265,10578.168476365876,46.56783837834021
115.0,178.88445771428573,0.0704206489100468,0.0704206489100468,0.2833186754779964,7135.022826113675,42.665494038239714
120.0,178.88445771428573,0.04790398052628836,0.04790398052628836,0.24687844474326495,4885.607654576207,39.750275579461196
125.0,178.88445771428573,0.036703713426763034,0.036703713426763034,0.22812819463487996,3766.700971333627,38.2502555707904
130.0,178.88445771428573,0.03846006401528082,0.03846006401528082,0.22551694577689116,3942.160395126554,38.04135566215129
135.0,178.88445771428573,0.05627145019891509,0.05627145019891509,0.2315602617473332,5721.517874871618,38.52482093978666
140.0,178.88445771428573,0.09066416999353644,0.09066416999353644,0.23749594629393408,9157.35058235429,38.999675703514725
145.0,178.88445771428573,0.1346022956593614,0.1346022956593614,0.23793020575586615,13546.769336370206,39.03441646046929
150.0,178.88445771428573,0.17256397061302253,0.17256397061302253,0.2314029589953398,17339.14066424095,38.51223671962718
155.0,178.88445771428573,0.1874398445436713,0.1874398445436713,0.21813510975000613,18825.240469912762,37.450808780000486
160.0,178.88445771428573,0.1715597871663891,0.1715597871663891,0.19889846500515376,17238.82273792227,35.9118772004123
165.0,178.88445771428573,0.1321022409087277,0.1321022409087277,0.17524116299611722,13297.0138667819,34.01929303968938
170.0,178.88445771428573,0.08553269179704218,0.08553269179704218,0.1488661875800646,8644.715910524514,31.909295006405166
175.0,178.88445771428573,0.046560162061319625,0.046560162061319625,0.1206843136580831,4751.36018992583,29.65474509264665
180.0,178.88445771428573,0.02130767296838294,0.02130767296838294,0.0914901088706015,2228.6365295414557,27.31920870964812
185.0,178.88445771428573,0.008197663716896234,0.008197663716896234,0.06335840096392051,918.9466053179337,25.06867207711364
190.0,178.88445771428573,0.0026514020304343015,0.0026514020304343015,0.03938751554399582,364.8750628403867,23.151001243519666
195.0,178.88445771428573,0.0007209799594876993,0.0007209799594876993,0.02193944116984535,172.02589795282117,21.755155293587627
200.0,178.88445771428573,0.00016524707219810815,0.00016524707219810815,0.011611648810700625,116.508182512591,20.92893190485605
205.0,178.88445771428573,3.4762525614535366e-05,3.4762525614535366e-05,0.008084521440747467,103.47277630889208,20.646761715259796
210.0,178.88445771428573,2.2780221741867793e-05,2.2780221741867793e-05,0.012061592241097815,102.27574415201259,20.964927379287825
215.0,178.88445771428573,8.543356106771321e-05,8.543356106771321e-05,0.026875489985401114,108.53481275066454,22.15003919883209
220.0,178.88445771428573,0.0003417963718467299,0.0003417963718467299,0.058348278724583785,134.14545754748832,24.667862297966703
225.0,178.88445771428573,0.0011583921291994802,0.0011583921291994802,0.11162299062577381,215.7233737070281,28.929839250061903
230.0,178.88445771428573,0.003300962396632281,0.003300962396632281,0.18518478260187318,429.76614342356487,34.814782608149855
235.0,178.88445771428573,0.007907330727645233,0.007907330727645233,0.26583628411132976,889.9423396917588,41.26690272890638
240.0,178.88445771428573,0.01592285569589232,0.01592285569589232,0.3308218738632363,1690.6932840196428,46.4657499090589
245.0,178.88445771428573,0.0269534070092215,0.0269534070092215,0.35941862168107963,2792.6453602212277,48.75348973448637
250.0,178.88445771428573,0.03835376758373543,0.03835376758373543,0.34671363737538186,3931.5413816151695,47.73709099003055
255.0,178.88445771428573,0.045877954638517154,0.045877954638517154,0.3070083185351718,4683.207668387864,44.56066548281375
260.0,178.88445771428573,0.04613193975666572,0.04613193975666572,0.26223077517505056,4708.5807816909055,40.978462014004045
265.0,178.88445771428573,0.03899429196178449,0.03899429196178449,0.22554959756919463,3995.5297669822708,38.04396780553557
270.0,178.88445771428573,0.027707798455149438,0.027707798455149438,0.19527393896506623,2868.0090656694288,35.6219151172053
275.0,178.88445771428573,0.016550254293144315,0.016550254293144315,0.16297359703659878,1753.370403885117,33.0378877629279
280.0,178.88445771428573,0.00831015323704386,0.00831015323704386,0.12555622576389183,930.1843083806815,30.044498061111348
285.0,178.88445771428573,0.003507641774831016,0.003507641774831016,0.08950231544148561,450.41341330561846,27.16018523531885
290.0,178.88445771428573,0.0012445825468906714,0.0012445825468906714,0.0660048134075937,224.3337964343781,25.280385072607494
295.0,178.88445771428573,0.0003712238532895076,0.0003712238532895076,0.06433986403939974,137.0852629436218,25.14718912315198
300.0,178.88445771428573,9.308001811672195e-05,9.308001811672195e-05,0.08871970024053115,109.29869380986052,27.097576019242492
305.0,178.88445771428573,1.962009740124284e-05,1.962009740124284e-05,0.13700669034060228,101.96004773038416,30.960535227248183
310.0,178.88445771428573,3.4771412664474736e-06,3.4771412664474736e-06,0.19838564304873907,100.3473664125181,35.87085144389913
315.0,178.88445771428573,5.183168014383491e-07,5.183168014383491e-07,0.25264299962158204,100.0517798484637,40.21143996972656
320.0,178.88445771428573,6.507441205093454e-08,6.507441205093454e-08,0.276862253949199,100.00650093376389,42.148980315935916
325.0,178.88445771428573,6.915041764824748e-09,6.915041764824748e-09,0.258619540680482,100.0006908126723,40.68956325443856
330.0,178.88445771428573,6.526755528054621e-10,6.526755528054621e-10,0.20489140528514427,100.00006520228773,36.39131242281154
335.0,178.88445771428573,2.1586057628555747e-10,2.1586057628555747e-10,0.13732896466872563,100.00002156447157,30.98631717349805
340.0,178.88445771428573,1.0343241161232375e-09,1.0343241161232375e-09,0.07792558766220398,100.00010332897921,26.23404701297632
345.0,178.88445771428573,5.436129037315263e-09,5.436129037315263e-09,0.03799150067797833,100.00054306929083,23.039320054238267
350.0,178.88445771428573,2.411378072419694e-08,2.411378072419694e-08,0.01773213113877887,100.00240896669435,21.418570491102308
355.0,178.88445771428573,8.99237478312567e-08,8.99237478312567e-08,0.012758306579772108,100.00898338240835,21.02066452638177
360.0,178.88445771428573,2.8189409340860384e-07,2.8189409340860384e-07,0.019930681510039055,100.02816121993152,21.594454520803126
365.0,178.88445771428573,7.428467582710487e-07,7.428467582710487e-07,0.03841113895997628,100.07421039115128,23.072891116798104
370.0,178.88445771428573,1.64556159208696e-06,1.64556159208696e-06,0.0664755528125857,100.16439160304948,25.318044225006858
375.0,178.88445771428573,3.064295930971485e-06,3.064295930971485e-06,0.09767803706608458,100.30612316350405,27.814242965286766
380.0,178.88445771428573,4.796770267143936e-06,4.796770267143936e-06,0.12087632241504635,100.47919734968768,29.67010579320371
385.0,178.88445771428573,6.312026105065222e-06,6.312026105065222e-06,0.12580424232143694,100.63057140789601,30.064339385714955
390.0,178.88445771428573,6.982168187328156e-06,6.982168187328156e-06,0.11008408994286321,100.69751860191408,28.806727195429055
395.0,178.88445771428573,6.4925227186487295e-06,6.4925227186487295e-06,0.080982465703243,100.64860301959301,26.47859725625944
400.0,178.88445771428573,5.075026361600924e-06,5.075026361600924e-06,0.05008207458743289,100.50699513352393,24.006565966994632
0.0,183.85347042857143,3.092101339351545e-07,3.092101339351545e-07,0.00011000031295289755,100.03089009238012,20.008800025036233
5.0,183.85347042857143,4.196456565475242e-07,4.196456565475242e-07,0.00019019860637740755,100.0419226010891,20.01521588851019
10.0,183.85347042857143,4.794595503653111e-07,4.794595503653111e-07,0.0002766840981872203,100.04789800908149,20.02213472785498
15.0,183.85347042857143,4.6891865439912757e-07,4.6891865439912757e-07,0.00033980152459813553,100.04684497357448,20.02718412196785
20.0,183.85347042857143,4.7018079194696293e-07,4.7018079194696293e-07,0.000359587271356348,100.0469710611155,20.028766981708507
25.0,183.85347042857143,1.099218554791959e-06,1.099218554791959e-06,0.00036639802469247185,100.10981193362372,20.0293118419754
30.0,183.85347042857143,6.188623821716305e-06,6.188623821716305e-06,0.0005218786263113278,100.61824351978946,20.041750290104908
35.0,183.85347042857143,3.633264004438816e-05,3.633264004438816e-05,0.0013248704717644558,103.62963074043438,20.105989637741157
40.0,183.85347042857143,0.0001832303424463258,0.0001832303424463258,0.004065098899733407,118.30471121038795,20.325207911978673
45.0,183.85347042857143,0.0007799664873675062,0.0007799664873675062,0.011476096369607355,177.91865208801386,20.91808770956859
50.0,183.85347042857143,0.002800440500033931,0.002800440500033931,0.028011563048887918,379.7640059533897,22.240925043911034
55.0,183.85347042857143,0.008488373668505179,0.008488373668505179,0.05865648706442361,947.9885294836673,24.692518965153887
60.0,183.85347042857143,0.021747589484548954,0.021747589484548954,0.10578720966564123,2272.5841895064405,28.4629767732513
65.0,183.85347042857143,0.04717096873360012,0.04717096873360012,0.16582767356554123,4812.379776486652,33.2662138852433
70.0,183.85347042857143,0.08679193743092396,0.08679193743092396,0.2291722422401311,8770.514549349304,38.33377937921049
75.0,183.85347042857143,0.13580183762227468,0.13580183762227468,0.2846970499116433,13666.603578465241,42.77576399293146
80.0,183.85347042857143,0.18126737763147213,0.18126737763147213,0.32517924737968606,18208.611025384067,46.01433979037488
85.0,183.85347042857143,0.2072547547804692,0.2072547547804692,0.34846566031433357,20804.750002568875,47.877252825146684
90.0,183.85347042857143,0.20413936365547605,0.20413936365547605,0.35428953388194445,20493.522429182056,48.34316271055556
95.0,183.85347042857143,0.17468282829970078,0.17468282829970078,0.34187866256525784,17550.814547140108,47.35029300522063
100.0,183.85347042857143,0.13158581116171192,0.13158581116171192,0.3117209022888097,13245.42253505502,44.93767218310478
105.0,183.85347042857143,0.0890793009829078,0.0890793009829078,0.26883385979681373,8999.022168192489,41.5067087837451
110.0,183.85347042857143,0.05586874406472498,0.05586874406472498,0.22303002267310382,5681.287532066026,37.842401813848305
115.0,183.85347042857143,0.033890933269343275,0.033890933269343275,0.18551858043391875,3485.7042336073932,34.8414864347135
120.0,183.85347042857143,0.021518819360177566,0.021518819360177566,0.16452950092247542,2249.7300540817387,33.162360073798034
125.0,183.85347042857143,0.01735318895773831,0.01735318895773831,0.16210078579361,1833.5835768780573,32.9680628634888
130.0,183.85347042857143,0.022104037587256,0.022104037587256,0.17303581985553637,2308.1933549668743,33.84286558844291
135.0,183.85347042857143,0.03789190664765244,0.03789190664765244,0.18728897840019632,3885.401474100479,34.9831182720157
140.0,183.85347042857143,0.06517468508910516,0.06517468508910516,0.195471690431059,6610.9510404016055,35.63773523448472
145.0,183.85347042857143,0.09894976038758686,0.09894976038758686,0.19347632449942906,9985.081062719928,35.47810595995433
150.0,183.85347042857143,0.12793173463444513,0.12793173463444513,0.18234917555148714,12880.380289981069,34.58793404411897
155.0,183.85347042857143,0.13954581598191412,0.13954581598191412,0.1649338578134327,14040.62701659322,33.19470862507462
160.0,183.85347042857143,0.1280963264069098,0.1280963264069098,0.14370421951058113,12896.823008050289,31.49633756084649
165.0,183.85347042857143,0.09888415162130118,0.09888415162130118,0.12075815643496399,9978.526746967987,29.66065251479712
170.0,183.85347042857143,0.06417919533403141,0.06417919533403141,0.09781942751335239,6511.501613869737,27.82555420106819
175.0,183.85347042857143,0.03501958227685795,0.03501958227685795,0.07577618661974453,3598.456269458109,26.062094929579562
180.0,183.85347042857143,0.016064525457326742,0.016064525457326742,0.05504980139666376,1704.8460931869415,24.403984111733102
185.0,183.85347042857143,0.006195300888758118,0.006195300888758118,0.036549520712241323,718.910558786936,22.923961656979305
190.0,183.85347042857143,0.0020086109819600797,0.0020086109819600797,0.02170924997796214,300.660237097812,21.73673999823697
195.0,183.85347042857143,0.0005475754509703086,0.0005475754509703086,0.01156067736779523,154.70278755193382,20.92485418942362
200.0,183.85347042857143,0.00012629143687837077,0.00012629143687837077,0.006271087876578751,112.61651454414924,20.5016870301263
205.0,183.85347042857143,2.988849191963033e-05,2.988849191963033e-05,0.005948029282238663,102.98586034277108,20.475842342579092
210.0,183.85347042857143,3.656940347579057e-05,3.656940347579057e-05,0.012119548928814467,103.65328340723148,20.96956391430516
215.0,183.85347042857143,0.00015718711512801103,0.00015718711512801103,0.02859899210936975,115.7029928012883,22.28791936874958
220.0,183.85347042857143,0.000631783993689823,0.000631783993689823,0.06035795682450924,163.11522096961332,24.82863654596074
225.0,183.85347042857143,0.0021414798038415376,0.0021414798038415376,0.10977420907370194,313.9338324037696,28.781936725896156
230.0,183.85347042857143,0.006102398706786076,0.006102398706786076,0.17196122002631864,709.629630807929,33.75689760210549
235.0,183.85347042857143,0.014618067122354325,0.014618067122354325,0.23349542372005624,1560.344905523197,38.6796338976045
240.0,183.85347042857143,0.02943615007631875,0.02943615007631875,0.2779109575442584,3040.6713926242433,42.232876603540674
245.0,183.85347042857143,0.04982803014777557,0.04982803014777557,0.29553561230742514,5077.82021176278,43.64284898459401
250.0,183.85347042857143,0.07090356650824678,0.07090356650824678,0.28981257012141626,7183.266294173854,43.1850056097133
255.0,183.85347042857143,0.0848133262918021,0.0848133262918021,0.27391058335912377,8572.85129655103,41.9128466687299
260.0,183.85347042857143,0.085282861459338,0.085282861459338,0.2597318731872545,8619.757859787866,40.778549854980355
265.0,183.85347042857143,0.07208768577746859,0.07208768577746859,0.248590920035599,7301.559809169112,39.88727360284792
270.0,183.85347042857143,0.051222651584721744,0.051222651584721744,0.23182311690340343,5217.142893313702,38.54584935227227
275.0,183.85347042857143,0.030596002112604496,0.030596002112604496,0.20068798477491692,3156.540611049189,36.05503878199335
280.0,183.85347042857143,0.015362749990247487,0.015362749990247487,0.1561466663045212,1634.738724025724,32.491733304361695
285.0,183.85347042857143,0.006484476253238427,0.006484476253238427,0.10956943783176307,747.7991776985189,28.765555026541044
290.0,183.85347042857143,0.0023008193645450373,0.0023008193645450373,0.07496079897582031,329.8518545180492,25.996863918065625
295.0,183.85347042857143,0.0006862650508307527,0.0006862650508307527,0.06094179752499377,168.5578785779922,24.875343801999502
300.0,183.85347042857143,0.0001720692153382345,0.0001720692153382345,0.06843155805136507,117.18971461228963,25.474524644109206
305.0,183.85347042857143,3.626745423684721e-05,3.626745423684721e-05,0.0925427647407671,103.62311867826104,27.403421179261368
310.0,183.85347042857143,6.4259265630307546e-06,6.4259265630307546e-06,0.12433365697035456,100.64195006364677,29.946692557628367
315.0,183.85347042857143,9.571203849607297e-07,9.571203849607297e-07,0.1517126689269421,100.09561632645757,32.13701351415537
320.0,183.85347042857143,1.1984893350572107e-07,1.1984893350572107e-07,0.16247480123713612,100.01197290845722,32.99798409897089
325.0,183.85347042857143,1.2619233503517958e-08,1.2619233503517958e-08,0.1502688160520813,100.001260661427,32.02150528416651
330.0,183.85347042857143,1.121007546065223e-09,1.121007546065223e-09,0.11890895245178837,100.00011198865386,29.512716196143067
335.0,183.85347042857143,1.0662463984783221e-10,1.0662463984783221e-10,0.08007898853894646,100.00001065180152,26.40631908311572
340.0,183.85347042857143,1.5039387591911425e-10,1.5039387591911425e-10,0.04591740414386703,100.0000150243482,23.673392331509362
345.0,183.85347042857143,7.659860284579844e-10,7.659860284579844e-10,0.023099539163515568,100.00007652200425,21.847963133081244
350.0,183.85347042857143,3.3967605622084918e-09,3.3967605622084918e-09,0.012655823536971584,100.00033933638016,21.012465882957727
355.0,183.85347042857143,1.2666976783262734e-08,1.2666976783262734e-08,0.013825188111615086,100.00126543098065,21.10601504892921
360.0,183.85347042857143,3.970859772285255e-08,3.970859772285255e-08,0.027421854802395035,100.00396688891252,22.193748384191604
365.0,183.85347042857143,1.046400183866683e-07,1.046400183866683e-07,0.05546418949639584,100.01045353783682,24.437135159711666
370.0,183.85347042857143,2.3179961861837573e-07,2.3179961861837573e-07,0.09686896588039924,100.02315678189997,27.749517270431937
375.0,183.85347042857143,4.316475491101738e-07,4.316475491101738e-07,0.14271258313007856,100.0431215901561,31.417006650406286
380.0,183.85347042857143,6.756900038701344e-07,6.756900038701344e-07,0.17683106471509402,100.06750143138663,34.14648517720752
385.0,183.85347042857143,8.891342936670038e-07,8.891342936670038e-07,0.1842033825794155,100.08882451593733,34.73627060635324
390.0,183.85347042857143,9.835328745745232e-07,9.835328745745232e-07,0.1613059291057926,100.09825493417,32.90447432846341
395.0,183.85347042857143,9.145596842399371e-07,9.145596842399371e-07,0.11874365905886379,100.09136451245557,29.499492724709103
400.0,183.85347042857143,7.148861402430478e-07,7.148861402430478e-07,0.0734811757593442,100.07141712541028,25.878494060747535
0.0,188.82248314285712,3.404390005014172e-08,3.404390005014172e-08,2.3226336127315357e-05,100.003400985615,20.001858106890186
5.0,188.82248314285712,4.62421613997364e-08,4.62421613997364e-08,4.017785361421702e-05,100.00461959192383,20.00321422828914
10.0,188.82248314285712,5.33920556885394e-08,5.33920556885394e-08,5.854631244842377e-05,100.00533386636329,20.004683704995873
15.0,188.82248314285712,5.8898217555597255e-08,5.8898217555597255e-08,7.262597048061176e-05,100.00588393193381,20.00581007763845
20.0,188.82248314285712,1.2501320031313177e-07,1.2501320031313177e-07,8.164290914924195e-05,100.01248881871128,20.00653143273194
25.0,188.82248314285712,7.413454094087814e-07,7.413454094087814e-07,0.00010950574455110751,100.07406040639994,20.008760459564087
30.0,188.82248314285712,5.099754518101707e-06,5.099754518101707e-06,0.0002632671426752876,100.50946547635836,20.021061371414024
35.0,188.82248314285712,3.0473722822429343e-05,3.0473722822429343e-05,0.0008956646081343322,103.0443249099607,20.071653168650748
40.0,188.82248314285712,0.00015363526257902767,0.00015363526257902767,0.0029543898395321755,115.34816273164486,20.236351187162573
45.0,188.82248314285712,0.000652147292788036,0.000652147292788036,0.008470070858339897,165.14951454952478,20.67760566866719
50.0,188.82248314285712,0.002331291588184806,0.002331291588184806,0.020754008687183557,332.89602965966213,21.660320694974686
55.0,188.82248314285712,0.007022424615848268,0.007022424615848268,0.04351940314003284,801.540219123242,23.481552251202626
60.0,188.82248314285712,0.017837911895302084,0.017837911895302084,0.07859364316588931,1882.0073983406783,26.287491453271144
65.0,188.82248314285712,0.038246697858274184,0.038246697858274184,0.12347809618253502,3920.845116041591,29.878247694602802
70.0,188.82248314285712,0.06930922944279337,0.06930922944279337,0.17118668437723794,7023.992021335058,33.69493475017904
75.0,188.82248314285712,0.10633001311095744,0.10633001311095744,0.2132763917850703,10722.368309784648,37.06211134280562
80.0,188.82248314285712,0.13839913351540617,0.13839913351540617,0.24359958734754966,13926.073438189076,39.48796698780397
85.0,188.82248314285712,0.1532824448709541,0.1532824448709541,0.2593794628528672,15412.916242608315,40.750357028229374
90.0,188.82248314285712,0.1450480788581661,0.1450480788581661,0.2595726134817831,14590.303077930792,40.765809078542645
95.0,188.82248314285712,0.1179898471903531,0.1179898471903531,0.2438141773158146,11887.185734316276,39.50513418526516
100.0,188.82248314285712,0.08331203866331911,0.08331203866331911,0.21388513290046018,8422.87266246558,37.11081063203682
105.0,188.82248314285712,0.051892177165925486,0.051892177165925486,0.1756270192539273,5284.028498875956,34.050161540314186
110.0,188.82248314285712,0.02930191522382595,0.02930191522382595,0.13825950156906677,3027.261330860212,31.06076012552534
115.0,188.82248314285712,0.015786309247200713,0.015786309247200713,0.11105187879243732,1677.0522937953513,28.884150303394986
120.0,188.82248314285712,0.009252106544790535,0.009252106544790535,0.09970523015282548,1024.2854438245745,27.97641841222604
125.0,188.82248314285712,0.008151972442858278,0.008151972442858278,0.10416703753921609,914.382047041542,28.333363003137286
130.0,188.82248314285712,0.01271983976073706,0.01271983976073706,0.118504815366568,1370.7119920976322,29.480385229325442
135.0,188.82248314285712,0.0243718702552962,0.0243718702552962,0.13349174176991657,2534.7498385040903,30.679339341593327
140.0,188.82248314285712,0.04352184957228533,0.04352184957228533,0.1413304302008355,4447.832772271305,31.30643441606684
145.0,188.82248314285712,0.06692027476613309,0.06692027476613309,0.1392524277086002,6785.335449136695,31.140194216688016
150.0,188.82248314285712,0.08700835207764401,0.08700835207764401,0.1290549031732528,8792.134372556637,30.324392253860225
155.0,188.82248314285712,0.0952485733163558,0.0952485733163558,0.11396074205817576,9615.332474303945,29.11685936465406
160.0,188.82248314285712,0.08769550622441794,0.08769550622441794,0.09653077694212267,8860.781071819352,27.72246215536981
165.0,188.82248314285712,0.0678872494960865,0.0678872494960865,0.0786231838847041,6881.936224659042,26.28985471077633
170.0,188.82248314285712,0.04418284248697901,0.04418284248697901,0.06163124848671658,4513.865964449204,24.930499878937326
175.0,188.82248314285712,0.02417476870967645,0.02417476870967645,0.04625764581123535,2515.0593940966774,23.70061166489883
180.0,188.82248314285712,0.01112015122375962,0.01112015122375962,0.03267646759554972,1210.903107253586,22.614117407643977
185.0,188.82248314285712,0.00430028987683214,0.00430028987683214,0.021163828011123813,529.5989586955309,21.693106240889904
190.0,188.82248314285712,0.0013980665986567755,0.0013980665986567755,0.012286006167439106,239.66685320581186,20.98288049339513
195.0,188.82248314285712,0.00038227008108507034,0.00038227008108507034,0.00649534507876166,138.18878110039853,20.519627606300933
200.0,188.82248314285712,8.911114683460401e-05,8.911114683460401e-05,0.0039920078906390466,108.90220356877694,20.319360631251122
205.0,188.82248314285712,2.5871897735612923e-05,2.5871897735612923e-05,0.005425836966873965,102.58460258378773,20.434066957349916
210.0,188.82248314285712,5.3611480547483817e-05,5.3611480547483817e-05,0.013035238452254046,105.35578690669364,21.042819076180322
215.0,188.82248314285712,0.00024434556345974103,0.00024434556345974103,0.031054636783877165,124.41012178962814,22.48437094271017
220.0,188.82248314285712,0.0009838731428432328,0.0009838731428432328,0.06399246870612282,198.28892697003897,25.119397496489825
225.0,188.82248314285712,0.0033350833872359477,0.0033350833872359477,0.1125089498204422,433.1748303848712,29.000715985635374
230.0,188.82248314285712,0.009503726355020448,0.009503726355020448,0.16956019457703814,1049.4222628665427,33.56481556616305
235.0,188.82248314285712,0.02276582081057543,0.02276582081057543,0.22150667865073392,2374.3054989764855,37.720534292058716
240.0,188.82248314285712,0.04584314144664046,0.04584314144664046,0.2556959165382323,4679.729830519382,40.45567332305858
245.0,188.82248314285712,0.07760095760496978,0.07760095760496978,0.26897394179122475,7852.335664736481,41.51791534329798
250.0,188.82248314285712,0.11042348337340843,0.11042348337340843,0.26905865342979896,11131.305989003502,41.524692274383916
255.0,188.82248314285712,0.13208620364912205,0.13208620364912205,0.2671027943799963,13295.411744547293,41.368223550399705
260.0,188.82248314285712,0.13281744624254116,0.13281744624254116,0.26802986831596876,13368.462879629862,41.4423894652775
265.0,188.82248314285712,0.11226760176830104,0.11226760176830104,0.26660746713377625,11315.533416653274,41.3285973707021
270.0,188.82248314285712,0.07977290688590895,0.07977290688590895,0.252075774737394,8069.313397902304,40.16606197899152
275.0,188.82248314285712,0.0476494665186595,0.0476494665186595,0.21771093355868645,4860.181705214084,37.41687468469492
280.0,188.82248314285712,0.02392557148174017,0.02392557148174017,0.16772201115685167,2490.164591025843,33.41776089254813
285.0,188.82248314285712,0.010098764628247273,0.010098764628247273,0.11560693961350353,1108.8665863619026,29.248555169080284
290.0,188.82248314285712,0.003583239475425078,0.003583239475425078,0.07561154867053624,457.9656235949653,26.0489238936429
295.0,188.82248314285712,0.0010687720154022432,0.0010687720154022432,0.054977928380763,206.7703243386841,24.39823427046104
300.0,188.82248314285712,0.0002679760480204421,0.0002679760480204421,0.052502662441611496,126.77080719724216,24.20021299532892
305.0,188.82248314285712,5.648180598329077e-05,5.648180598329077e-05,0.06202929996354585,105.64253241773075,24.962343997083668
310.0,188.82248314285712,1.0007439098212886e-05,1.0007439098212886e-05,0.07614758608213204,100.99974316591147,26.091806886570563
315.0,188.82248314285712,1.4905255630647799e-06,1.4905255630647799e-06,0.08779267890231265,100.14890350375018,27.02341431218501
320.0,188.82248314285712,1.866203621082916e-07,1.866203621082916e-07,0.09110652551513794,100.01864337417462,27.288522041211035
325.0,188.82248314285712,1.9642016857709424e-08,1.9642016857709424e-08,0.08322614335631075,100.00196223748408,26.65809146850486
330.0,188.82248314285712,1.7382860098942468e-09,1.7382860098942468e-09,0.06594970752210702,100.00017365477238,25.275976601768562
335.0,188.82248314285712,1.3202267377663182e-10,1.3202267377663182e-10,0.04491769723249701,100.00001318906511,23.59341577859976
340.0,188.82248314285712,2.530560183100702e-11,2.530560183100702e-11,0.026333776397415645,100.00000252802963,22.10670211179325
345.0,188.82248314285712,9.128886692130999e-11,9.128886692130999e-11,0.014113607315565256,100.0000091197578,21.12908858524522
350.0,188.82248314285712,4.031023281265689e-10,4.031023281265689e-10,0.009871547672788136,100.00004026992258,20.789723813823052
355.0,188.82248314285712,1.50315941406322e-09,1.50315941406322e-09,0.015212084641480378,100.00015016562547,21.21696677131843
360.0,188.82248314285712,4.712121061326967e-09,4.712121061326967e-09,0.03360983282054994,100.00047074089403,22.688786625643996
365.0,188.82248314285712,1.241737207971939e-08,1.241737207971939e-08,0.06907520518360596,100.00124049547077,25.526016414688478
370.0,188.82248314285712,2.7507087218042342e-08,2.7507087218042342e-08,0.12092292226121483,100.00274795801309,29.673833780897187
375.0,188.82248314285712,5.1222546661646256e-08,5.1222546661646256e-08,0.17824141941955918,100.0051171324115,34.25931355356474
380.0,188.82248314285712,8.018246095314097e-08,8.018246095314097e-08,0.2209030891277144,100.00801022784921,37.67224713021715
385.0,188.82248314285712,1.0551136671507281e-07,1.0551136671507281e-07,0.23014939358586664,100.01054058553484,38.41195148686933
390.0,188.82248314285712,1.1671341274845145e-07,1.1671341274845145e-07,0.2015682893459758,100.01165966993356,36.12546314767806
395.0,188.82248314285712,1.0852853490633315e-07,1.0852853490633315e-07,0.14840114765905663,100.01084200063714,31.87209181272453
400.0,188.82248314285712,8.483376947661877e-08,8.483376947661877e-08,0.09184481492305781,100.00847489357072,27.347585193844623
0.0,193.79149585714285,3.1593862170329676e-09,3.1593862170329676e-09,4.134009343790369e-06,100.00031562268308,20.000330720747503
5.0,193.79149585714285,4.32129710989593e-09,4.32129710989593e-09,7.159694427673904e-06,100.00043169758128,20.000572775554215
10.0,193.79149585714285,5.4146481866800996e-09,5.4146481866800996e-09,1.05062288009929e-05,100.00054092335385,20.00084049830408
15.0,193.79149585714285,1.1005956762395202e-08,1.1005956762395202e-08,1.36024601440677e-05,100.00109949508057,20.001088196811526
20.0,193.79149585714285,6.743228449041419e-08,6.743228449041419e-08,1.900947692134502e-05,100.00673648522059,20.001520758153706
25.0,193.79149585714285,5.416657808577759e-07,5.416657808577759e-07,4.450471816429444e-05,100.05411241150769,20.003560377453145
30.0,193.79149585714285,3.840781262887813e-06,3.840781262887813e-06,0.00016473058238671966,100.3836940481625,20.01317844659094
35.0,193.79149585714285,2.2994731032185843e-05,2.2994731032185843e-05,0.0006284819244857023,102.29717363011537,20.050278553958858
40.0,193.79149585714285,0.00011582821819633194,0.00011582821819633194,0.0021048698115332114,111.57123899781357,20.168389584922657
45.0,193.79149585714285,0.0004908245033965856,0.0004908245033965856,0.006015543132536432,149.0333678893189,20.481243450602914
50.0,193.79149585714285,0.001750072932989817,0.001750072932989817,0.014649386936488354,274.8322860056827,21.17195095491907
55.0,193.79149585714285,0.00525217997459903,0.00525217997459903,0.030533574146338237,624.6927794624431,22.44268593170706
60.0,193.79149585714285,0.01327264506363315,0.01327264506363315,0.054877072592856554,1425.9372418569517,24.390165807428524
65.0,193.79149585714285,0.02825853886324547,0.02825853886324547,0.0859629823317033,2923.0280324382225,26.877038586536266
70.0,193.79149585714285,0.05072643653024462,0.05072643653024462,0.11905946071244598,5167.571009371438,29.52475685699568
75.0,193.79149585714285,0.07684833610198542,0.07684833610198542,0.14834655781820066,7777.148776588344,31.867724625456052
80.0,193.79149585714285,0.09838249095919135,0.09838249095919135,0.16925334331904843,9928.410846823217,33.540267465523876
85.0,193.79149585714285,0.10662564991717999,0.10662564991717999,0.1792060053028017,10751.902426726281,34.336480424224135
90.0,193.79149585714285,0.09807742819678522,0.09807742819678522,0.17693387303863503,9897.935076858843,34.1547098430908
95.0,193.79149585714285,0.07685866661237235,0.07685866661237235,0.16228545772022512,7778.180794575998,32.982836617618005
100.0,193.79149585714285,0.05162816743116889,0.05162816743116889,0.13737740963350503,5257.653926373772,30.9901927706804
105.0,193.79149585714285,0.030043020210600898,0.030043020210600898,0.1074862023909425,3101.2977190390297,28.5988961912754
110.0,193.79149585714285,0.015456394548862693,0.015456394548862693,0.07990720755818441,1644.093815431383,26.392576604654753
115.0,193.79149585714285,0.007401250679709316,0.007401250679709316,0.0612162817609497,839.3849429029606,24.897302540875977
120.0,193.79149585714285,0.003989673549829431,0.003989673549829431,0.05480075800652014,498.5683876279602,24.38406064052161
125.0,193.79149585714285,0.003925137565366971,0.003925137565366971,0.05975654535789679,492.12124278016034,24.78052362863174
130.0,193.79149585714285,0.007240373666789888,0.007240373666789888,0.07128732494935879,823.3133293123097,25.7029859959487
135.0,193.79149585714285,0.0148310039275744,0.0148310039275744,0.0827553657284256,1581.6172923646825,26.620429258274047
140.0,193.79149585714285,0.027022281760856706,0.027022281760856706,0.08887636178385978,2799.525947909585,27.110108942708784
145.0,193.79149585714285,0.04185547885972054,0.04185547885972054,0.08796206577736437,4281.362338086082,27.03696526218915
150.0,193.79149585714285,0.05463675206540172,0.05463675206540172,0.08142533663497742,5558.211531333632,26.514026930798195
155.0,193.79149585714285,0.059994869965277794,0.059994869965277794,0.07157786027982233,6093.487509531252,25.726228822385785
160.0,193.79149585714285,0.05539211946937189,0.05539211946937189,0.06021179058483878,5633.672734990252,24.816943246787105
165.0,193.79149585714285,0.04299681082480914,0.04299681082480914,0.048601800297285974,4395.381401398433,23.88814402378288
170.0,193.79149585714285,0.028058516963417747,0.028058516963417747,0.03770605856327146,2903.045844645433,23.016484685061716
175.0,193.79149585714285,0.015393205595272425,0.015393205595272425,0.02801657348948767,1637.7812389677154,22.241325879159014
180.0,193.79149585714285,0.007099501644463443,0.007099501644463443,0.019625187461688714,809.2402142818979,21.570014996935097
185.0,193.79149585714285,0.002752712007633056,0.002752712007633056,0.012628180568355999,374.9959295625423,21.01025444546848
190.0,193.79149585714285,0.0008972992979782428,0.0008972992979782428,0.007306336114515189,189.64019986802646,20.584506889161215
195.0,193.79149585714285,0.0002460948240918112,0.0002460948240918112,0.003950043258408736,124.58487292677194,20.3160034606727
200.0,193.79149585714285,5.836691379161396e-05,5.836691379161396e-05,0.0028735192552641034,105.83085468778224,20.22988154042113
205.0,193.79149585714285,2.2662682567252337e-05,2.2662682567252337e-05,0.005029097759348587,102.26400198846851,20.402327820747885
210.0,193.79149585714285,6.85097659831573e-05,6.85097659831573e-05,0.012926774532619326,106.84412562171741,21.034141962609546
215.0,193.79149585714285,0.000320327242989239,0.000320327242989239,0.03082166908895465,132.00069157462497,22.46573352711637
220.0,193.79149585714285,0.001290791790464914,0.001290791790464914,0.06283879154925433,228.9500998674449,25.027103323940345
225.0,193.79149585714285,0.004375554518946982,0.004375554518946982,0.10894461608898867,537.1178964428035,28.715569287119095
230.0,193.79149585714285,0.01246868317576653,0.01246868317576653,0.16171935243182348,1345.6214492590764,32.937548194545876
235.0,193.79149585714285,0.029868264428853274,0.029868264428853274,0.20847966024230688,3083.839616442442,36.67837281938455
240.0,193.79149585714285,0.060145209919844456,0.060145209919844456,0.23918136158266673,6108.506470992461,39.134508926613336
245.0,193.79149585714285,0.10181077775021034,0.10181077775021034,0.25338836515611857,10270.896697246013,40.271069212489486
250.0,193.79149585714285,0.144873221556882,0.144873221556882,0.25895157407767105,14572.834833532514,40.716125926213685
255.0,193.79149585714285,0.1732942419605476,0.1732942419605476,0.26355541378674363,17412.094771858705,41.08443310293949
260.0,193.79149585714285,0.1742536164245478,0.1742536164245478,0.2675404973423987,17507.936280812326,41.4032397873919
265.0,193.79149585714285,0.14729266499750865,0.14729266499750865,0.2638975226330116,14814.537233251114,41.11180181064093
270.0,193.79149585714285,0.10466032821911388,0.10466032821911388,0.24421961429747954,10555.566789089477,39.537569143798365
275.0,193.79149585714285,0.06251506933216203,0.06251506933216203,0.205778171925689,6345.255426282986,36.46225375405512
280.0,193.79149585714285,0.03138983222228724,0.03138983222228724,0.15496688333295874,3235.8442390064947,32.3973506666367
285.0,193.79149585714285,0.013249360720025919,0.013249360720025919,0.10447949595117663,1423.6111359305894,28.358359676094132
290.0,193.79149585714285,0.004701132657052476,0.004701132657052476,0.06611813938480368,569.6431524395423,25.289451150784295
295.0,193.79149585714285,0.0014022057417673746,0.0014022057417673746,0.044909550015890004,240.08035360256073,23.5927640012712
300.0,193.79149585714285,0.0003515787590466451,0.0003515787590466451,0.038572822418189316,135.12271802875983,23.085825793455147
305.0,193.79149585714285,7.410289427693778e-05,7.410289427693778e-05,0.0411487594301811,107.40287913826609,23.29190075441449
310.0,193.79149585714285,1.3129535769435921e-05,1.3129535769435921e-05,0.04677405440619979,101.31164062336664,23.741924352495985
315.0,193.79149585714285,1.9555334159729443e-06,1.9555334159729443e-06,0.05118550297283047,100.19535778825569,24.09484023782644
320.0,193.79149585714285,2.448402571467116e-07,2.448402571467116e-07,0.05160039840244885,100.02445954168896,24.12803187219591
325.0,193.79149585714285,2.5769283183294143e-08,2.5769283183294143e-08,0.046727767947035724,100.00257435139001,23.73822143576286
330.0,193.79149585714285,2.2799800304869945e-09,2.2799800304869945e-09,0.03727797117874164,100.00022777000504,22.982237694299332
335.0,193.79149585714285,1.6984448554705693e-10,1.6984448554705693e-10,0.0258470052416156,100.0000169674641,22.067760419329247
340.0,193.79149585714285,1.2323187102617938e-11,1.2323187102617938e-11,0.015630744820088232,100.00000123108639,21.250459585607057
345.0,193.79149585714285,9.640718115068936e-12,9.640718115068936e-12,0.009099212424910455,100.00000096310774,20.727936993992838
350.0,193.79149585714285,4.0320454330514315e-11,4.0320454330514315e-11,0.00808186503640677,100.0000040280134,20.646549202912542
355.0,193.79149585714285,1.5027013565356685e-10,1.5027013565356685e-10,0.015250644962064816,100.00001501198655,21.220051596965185
360.0,193.79149585714285,4.71065896230987e-10,4.71065896230987e-10,0.03522224044724906,100.00004705948304,22.817779235779923
365.0,193.79149585714285,1.2413518474839633e-09,1.2413518474839633e-09,0.07281050484414142,100.00012401104956,25.824840387531314
370.0,193.79149585714285,2.749855065893515e-09,2.749855065893515e-09,0.12755683915863322,100.00027471052108,30.204547132690656
375.0,193.79149585714285,5.1206650238238215e-09,5.1206650238238215e-09,0.18804328503511494,100.00051155443587,35.043462802809195
380.0,193.79149585714285,8.015757709956203e-09,8.015757709956203e-09,0.2330609134858229,100.00080077419523,38.64487307886583
385.0,193.79149585714285,1.0547862227979588e-08,1.0547862227979588e-08,0.24282309597364635,100.00105373143657,39.42584767789171
390.0,193.79149585714285,1.1667719186617242e-08,1.1667719186617242e-08,0.21267344583900746,100.00116560514674,37.0138756671206
395.0,193.79149585714285,1.0849485412195012e-08,1.0849485412195012e-08,0.1565807781795304,100.00108386359268,32.52646225436243
400.0,193.79149585714285,8.480744213420965e-09,8.480744213420965e-09,0.09690928915645017,100.00084722634692,27.752743132516013
0.0,198.7605085714286,2.481194840168813e-10,2.481194840168813e-10,6.205016014944859e-07,100.00002478713645,20.00004964012812
5.0,198.7605085714286,3.590696638836791e-10,3.590696638836791e-10,1.0803943587005269e-06,100.00003587105942,20.000086431548695
10.0,198.7605085714286,7.285214046297061e-10,7.285214046297061e-10,1.6381402953047696e-06,100.00007277928832,20.000131051223626
15.0,198.7605085714286,4.520228643961013e-09,4.520228643961013e-09,2.5286618731957257e-06,100.00045157084153,20.000202292949854
20.0,198.7605085714286,4.214299156498343e-08,4.214299156498343e-08,6.064299502142123e-06,100.00421008485735,20.000485143960173
25.0,198.7605085714286,3.5462653654374547e-07,3.5462653654374547e-07,2.4475339926062408e-05,100.03542719100072,20.001958027194085
30.0,198.7605085714286,2.5238834732945826e-06,2.5238834732945826e-06,0.00010784810778117308,100.25213595898212,20.008627848622496
35.0,198.7605085714286,1.5110094948040418e-05,1.5110094948040418e-05,0.000422071042693113,101.50949848530924,20.03376568341545
40.0,198.7605085714286,7.606834230121057e-05,7.606834230121057e-05,0.0014086465233175676,107.59922739589094,20.112691721865406
45.0,198.7605085714286,0.00032203586816866784,0.00032203586816866784,0.0039917139581626725,132.1713832300499,20.319337116653013
50.0,198.7605085714286,0.001146622138603715,0.001146622138603715,0.00963012888412848,214.54755164651112,20.770410310730277
55.0,198.7605085714286,0.0034341845715474876,0.0034341845715474876,0.019887610970168557,443.075038697594,21.591008877613483
60.0,198.7605085714286,0.008653860071920679,0.008653860071920679,0.035443107370366364,964.5206211848758,22.83544858962931
65.0,198.7605085714286,0.018352999499251264,0.018352999499251264,0.05513271080880706,1933.4646499752012,24.410616864704565
70.0,198.7605085714286,0.03277077264106702,0.03277077264106702,0.07597202438636182,3373.8001868425954,26.077761950908943
75.0,198.7605085714286,0.04929233377666073,0.04929233377666073,0.09435351519625022,5024.304144288407,27.54828121570002
80.0,198.7605085714286,0.06250258910211158,0.06250258910211158,0.10737251866665634,6344.008651300946,28.58980149333251
85.0,198.7605085714286,0.06687661230639227,0.06687661230639227,0.11319118709578582,6780.973569408588,29.055294967662867
90.0,198.7605085714286,0.060467512713627825,0.060467512713627825,0.11072997278832496,6140.70452009142,28.858397823065996
95.0,198.7605085714286,0.04629751094930324,0.04629751094930324,0.099849745597496,4725.121343835393,27.98797964779968
100.0,198.7605085714286,0.030119353394092236,0.030119353394092236,0.0822338675582377,3108.9234040698143,26.578709404659016
105.0,198.7605085714286,0.016748546640273428,0.016748546640273428,0.06176725559925827,1773.1798093633154,24.94138044794066
110.0,198.7605085714286,0.008064839889765654,0.008064839889765654,0.0434360078092628,905.6775049875888,23.474880624741026
115.0,198.7605085714286,0.003519737757113831,0.003519737757113831,0.03135346014069299,451.6218019356717,22.50827681125544
120.0,198.7605085714286,0.0017675439137807593,0.0017675439137807593,0.027286045687834735,276.5776369866978,22.182883655026778
125.0,198.7605085714286,0.0019201849448928767,0.0019201849448928767,0.030286343666332573,291.8264759947984,22.422907493306607
130.0,198.7605085714286,0.003951078180271278,0.003951078180271278,0.03725130726925281,494.7127102091007,22.980104581540225
135.0,198.7605085714286,0.00838150355780949,0.00838150355780949,0.04425256516485273,937.312205425168,23.54020521318822
140.0,198.7605085714286,0.01542777577827469,0.01542777577827469,0.04829653645287741,1641.2348002496417,23.86372291623019
145.0,198.7605085714286,0.02399806713659448,0.02399806713659448,0.048443334445127266,2497.4069069457887,23.87546675561018
150.0,198.7605085714286,0.031413599611581966,0.031413599611581966,0.045433249828657096,3238.2186011970384,23.63465998629257
155.0,198.7605085714286,0.03457690021932337,0.03457690021932337,0.04046622307131163,3554.232331910405,23.23729784570493
160.0,198.7605085714286,0.03199680057682994,0.03199680057682994,0.03447789644662399,3296.4803776253107,22.75823171572992
165.0,198.7605085714286,0.024892048438431312,0.024892048438431312,0.028176424522889584,2586.715638999288,22.254113961831166
170.0,198.7605085714286,0.01627957797222314,0.01627957797222314,0.022128364854099723,1726.3298394250914,21.770269188327976
175.0,198.7605085714286,0.00895060538219176,0.00895060538219176,0.01663653292954147,994.1654776809568,21.33092263436332
180.0,198.7605085714286,0.004137021521978113,0.004137021521978113,0.011775817362260722,513.2884500456134,20.942065388980858
185.0,198.7605085714286,0.0016074941354944936,0.0016074941354944936,0.00764244573210897,260.5886641358999,20.611395658568718
190.0,198.7605085714286,0.0005251163804434754,0.0005251163804434754,0.004462498115165444,152.4591264063032,20.356999849213235
195.0,198.7605085714286,0.0001444296124872133,0.0001444296124872133,0.0024945249160771735,114.42851828747261,20.199561993286174
200.0,198.7605085714286,3.519127743048993e-05,3.519127743048993e-05,0.0020930889222723808,103.51560861530595,20.16744711378179
205.0,198.7605085714286,1.938302728443983e-05,1.938302728443983e-05,0.004214798188816232,101.93636442571554,20.337183855105298
210.0,198.7605085714286,7.480014423660122e-05,7.480014423660122e-05,0.011142961255327086,107.47253440923646,20.891436900426168
215.0,198.7605085714286,0.00035391558891340047,0.00035391558891340047,0.02658802300799146,135.3561673324487,22.12704184063932
220.0,198.7605085714286,0.0014266314380329066,0.0014266314380329066,0.05405033562730847,242.52048065948736,24.324026850184676
225.0,198.7605085714286,0.004836074266234521,0.004836074266234521,0.0934349258707661,583.1238191968287,27.474794069661286
230.0,198.7605085714286,0.013780994944854021,0.013780994944854021,0.13853925834076958,1476.7213949909167,31.083140667261567
235.0,198.7605085714286,0.03301185847626912,0.03301185847626912,0.17918949374693846,3397.884661779285,34.33515949975508
240.0,198.7605085714286,0.06647541115350701,0.06647541115350701,0.20787974674082835,6740.893574235351,36.63037973926627
245.0,198.7605085714286,0.11252622311679991,0.11252622311679991,0.224730933010751,11341.369689368312,37.978474640860085
250.0,198.7605085714286,0.16012093034549277,0.16012093034549277,0.23508136066244859,16096.080941514727,38.80650885299589
255.0,198.7605085714286,0.1915332243463885,0.1915332243463885,0.24231958623691954,19234.16911220421,39.38556689895356
260.0,198.7605085714286,0.19259357166296162,0.19259357166296162,0.24390892107954712,19340.097809129868,39.51271368636377
265.0,198.7605085714286,0.16279501690512685,0.16279501690512685,0.23394257753676,16363.222188822172,38.7154062029408
270.0,198.7605085714286,0.1156756848821491,0.1156756848821491,0.20849786732824782,11656.000919726695,36.679829386259826
275.0,198.7605085714286,0.06909469503365506,0.06909469503365506,0.1691964648517955,7002.560033862141,33.53571718814364
280.0,198.7605085714286,0.0346935692097314,0.0346935692097314,0.12334402546315296,3565.887564052167,29.867522037052236
285.0,198.7605085714286,0.014643837846886453,0.014643837846886453,0.08086565910608029,1562.9194009039566,26.469252728486424
290.0,198.7605085714286,0.005195920450132763,0.005195920450132763,0.04962269547967341,619.0724529682631,23.969815638373873
295.0,198.7605085714286,0.0015497859807158214,0.0015497859807158214,0.03213245871379427,254.82361947351055,22.570596697103543
300.0,198.7605085714286,0.00038858194256403944,0.00038858194256403944,0.025818773898865645,138.81933606214756,22.06550191190925
305.0,198.7605085714286,8.190212210949588e-05,8.190212210949588e-05,0.02588561095962318,108.18202199873863,22.070848876769855
310.0,198.7605085714286,1.4511401118548669e-05,1.4511401118548669e-05,0.02811464901320224,101.44968897174302,22.24917192105618
315.0,198.7605085714286,2.1613504576068393e-06,2.1613504576068393e-06,0.02987165533301748,100.21591891071492,22.389732426641398
320.0,198.7605085714286,2.706092844656704e-07,2.706092844656704e-07,0.029707361792571964,100.02703386751811,22.376588943405757
325.0,198.7605085714286,2.8481434533138285e-08,2.8481434533138285e-08,0.026927768187096992,100.00284529530985,22.15422145496776
330.0,198.7605085714286,2.5198995562200684e-09,2.5198995562200684e-09,0.021738809925353177,100.00025173796567,21.739104794028254
335.0,198.7605085714286,1.874384969526707e-10,1.874384969526707e-10,0.015367269067231975,100.00001872510585,21.229381525378557
340.0,198.7605085714286,1.1862320725096276e-11,1.1862320725096276e-11,0.009573546076615772,100.00000118504585,20.76588368612926
345.0,198.7605085714286,1.3808051743109263e-12,1.3808051743109263e-12,0.006008128588327626,100.00000013794244,20.48065028706621
350.0,198.7605085714286,3.4207914930977417e-12,3.4207914930977417e-12,0.006337241793863079,100.00000034173706,20.506979343509045
355.0,198.7605085714286,1.2656196862338541e-11,1.2656196862338541e-11,0.013267622180538336,100.00000126435407,21.061409774443067
360.0,198.7605085714286,3.9671671146960816e-11,3.9671671146960816e-11,0.031233304988044858,100.00000396319994,22.498664399043587
365.0,198.7605085714286,1.0454262738245916e-10,1.0454262738245916e-10,0.06472092462146468,100.00001044380848,25.177673969717176
370.0,198.7605085714286,2.3158387528034985e-10,2.3158387528034985e-10,0.11341830332010175,100.00002313522914,29.073464265608138
375.0,198.7605085714286,4.3124580085913237e-10,4.3124580085913237e-10,0.16720726271281755,100.0000430814555,33.3765810170254
380.0,198.7605085714286,6.750611174569507e-10,6.750611174569507e-10,0.20723876262442792,100.00006743860564,36.57910100995423
385.0,198.7605085714286,8.883067477866738e-10,8.883067477866738e-10,0.2159205129175052,100.00008874184411,37.273641033400416
390.0,198.7605085714286,9.826174688962544e-10,9.826174688962544e-10,0.18911204133490667,100.00009816348515,35.128963306792535
395.0,198.7605085714286,9.13708474126008e-10,9.13708474126008e-10,0.13923429665777962,100.00009127947656,31.13874373262237
400.0,198.7605085714286,7.142207727174403e-10,7.142207727174403e-10,0.0861737419865823,100.00007135065519,26.893899358926582
0.0,203.72952128571427,1.704413587315421e-11,1.704413587315421e-11,7.879004372233199e-08,100.00000170270917,20.0000063032035
5.0,203.72952128571427,3.571223269956581e-11,3.571223269956581e-11,1.4086175866973088e-07,100.00000356765204,20.000011268940693
10.0,203.72952128571427,2.201234737869952e-10,2.201234737869952e-10,2.472600619529577e-07,100.00002199033503,20.000019780804955
15.0,203.72952128571427,2.3608421056815047e-09,2.3608421056815047e-09,6.325239925304598e-07,100.00023584812635,20.0000506019194
20.0,203.72952128571427,2.3560850882583625e-08,2.3560850882583625e-08,2.813404081719635e-06,100.00235372900318,20.000225072326536
25.0,203.72952128571427,1.9939371842932484e-07,1.9939371842932484e-07,1.4367173955662193e-05,100.01991943247108,20.00114937391645
30.0,203.72952128571427,1.4196178317144635e-06,1.4196178317144635e-06,6.59568549461018e-05,100.14181982138828,20.00527654839569
35.0,203.72952128571427,8.49773744217652e-06,8.49773744217652e-06,0.00025824305148736706,100.84892397047344,20.02065944411899
40.0,203.72952128571427,4.276613343436022e-05,4.276613343436022e-05,0.0008560693347317916,104.27233673009259,20.068485546778543
45.0,203.72952128571427,0.00018095899667088178,0.00018095899667088178,0.002405388339295085,118.07780376742109,20.192431067143605
50.0,203.72952128571427,0.0006438300578211238,0.0006438300578211238,0.005749484660857617,164.31862277633027,20.45995877286861
55.0,203.72952128571427,0.0019262387015175709,0.0019262387015175709,0.01175790904187614,292.43124628160535,20.94063272335009
60.0,203.72952128571427,0.004846702047533117,0.004846702047533117,0.02074775828661736,584.1855345485584,21.659820662929388
65.0,203.72952128571427,0.01025761767360134,0.01025761767360134,0.031970975859849274,1124.7360055927738,22.557678068787943
70.0,203.72952128571427,0.018264185237346863,0.018264185237346863,0.043702659948034094,1924.5921052109516,23.496212795842727
75.0,203.72952128571427,0.027367101820050758,0.027367101820050758,0.053961874221749605,2833.9734718230707,24.31694993773997
80.0,203.72952128571427,0.03452207220235535,0.03452207220235535,0.06119567567718306,3548.7550130152995,24.895654054174646
85.0,203.72952128571427,0.03668022540892689,0.03668022540892689,0.06436019380116112,3764.3545183517963,25.148815504092887
90.0,203.72952128571427,0.032851577759349576,0.032851577759349576,0.06271795137573977,3381.8726181590227,25.01743611005918
95.0,203.72952128571427,0.024828150546745975,0.024828150546745975,0.05607224146431118,2580.332239619923,24.485779317144896
100.0,203.72952128571427,0.015861532439223492,0.015861532439223492,0.04541784422975097,1684.567090678427,23.633427538380076
105.0,203.72952128571427,0.00859221653901686,0.00859221653901686,0.03314397766764,958.3624322477843,22.6515182134112
110.0,203.72952128571427,0.003978000871720519,0.003978000871720519,0.02223779799243501,497.4022870848799,21.7790238393948
115.0,203.72952128571427,0.0016376255413554457,0.0016376255413554457,0.015015479163822546,263.59879158140905,21.201238333105803
120.0,203.72952128571427,0.0007846479262701883,0.0007846479262701883,0.012314835015874652,178.3863278343918,20.985186801269972
125.0,203.72952128571427,0.0009113164510916633,0.0009113164510916633,0.013469021958060321,191.04051346405714,21.077521756644824
130.0,203.72952128571427,0.0019892847628286093,0.0019892847628286093,0.01678942211441526,298.72954780657807,21.343153769153222
135.0,203.72952128571427,0.004290680575913425,0.004290680575913425,0.020308490997196258,528.6389895337512,21.6246792797757
140.0,203.72952128571427,0.007937359455890228,0.007937359455890228,0.02258465564960342,892.9422096434338,21.806772451968275
145.0,203.72952128571427,0.012376703567337761,0.012376703567337761,0.023141604224913882,1336.4326863770423,21.85132833799311
150.0,203.72952128571427,0.016230891170768827,0.016230891170768827,0.022241542320073568,1721.4660279598058,21.779323385605885
155.0,203.72952128571427,0.01789519657900487,0.01789519657900487,0.020338561549210675,1887.7301382425865,21.627084923936856
160.0,203.72952128571427,0.016586628128123202,0.016586628128123202,0.017800346861057127,1757.004149999508,21.42402774888457
165.0,203.72952128571427,0.01292410608481963,0.01292410608481963,0.014947881619865147,1391.118197873481,21.195830529589212
170.0,203.72952128571427,0.008465679323514733,0.008465679323514733,0.012063506981421876,945.7213644191218,20.96508055851375
175.0,203.72952128571427,0.004661667874763481,0.004661667874763481,0.009302940935588408,565.7006206888717,20.74423527484707
180.0,203.72952128571427,0.0021579368532657,0.0021579368532657,0.006724838064994734,315.5778916412434,20.53798704519958
185.0,203.72952128571427,0.0008397590854833648,0.0008397590854833648,0.00443361994428763,183.89193263978814,20.35468959554301
190.0,203.72952128571427,0.0002747401542506265,0.0002747401542506265,0.002623820276242623,127.44654140963759,20.20990562209941
195.0,203.72952128571427,7.576966177792793e-05,7.576966177792793e-05,0.0015130027417682578,107.569389211615,20.12104021934146
200.0,203.72952128571427,1.9238783746648938e-05,1.9238783746648938e-05,0.0014039506413789818,101.92195449629023,20.11231605131032
205.0,203.72952128571427,1.5426955016708254e-05,1.5426955016708254e-05,0.003052322684737545,101.54115280616915,20.244185814779005
210.0,203.72952128571427,6.921918696493876e-05,6.921918696493876e-05,0.00818191661934463,106.91499677779738,20.65455332954757
215.0,203.72952128571427,0.0003294700848746743,0.0003294700848746743,0.019550774165493525,132.91406147897996,21.564061933239483
220.0,203.72952128571427,0.0013283205496168707,0.0013283205496168707,0.03977233651026602,232.6992229067254,23.18178692082128
225.0,203.72952128571427,0.0045028367147504815,0.0045028367147504815,0.06891179387136345,549.833387803573,25.512943509709075
230.0,203.72952128571427,0.012831394907815461,0.012831394907815461,0.10278055579926199,1381.8563512907647,28.22244446394096
235.0,203.72952128571427,0.0307371271916232,0.0307371271916232,0.13456448344733854,3170.6390064431575,30.765158675787085
240.0,203.72952128571427,0.06189482392950736,0.06189482392950736,0.15939056466712673,6283.292910557785,32.75124517337014
245.0,203.72952128571427,0.10477243609981185,0.10477243609981185,0.17718026328444647,10566.766366371205,34.17442106275572
250.0,203.72952128571427,0.1490875591323606,0.1490875591323606,0.19017382499344018,14993.847157322823,35.213905999475216
255.0,203.72952128571427,0.17833534222503158,0.17833534222503158,0.19808452528643955,17915.700688280656,35.846762022915165
260.0,203.72952128571427,0.17932262473031782,0.17932262473031782,0.19699398339698299,18014.33021055875,35.75951867175864
265.0,203.72952128571427,0.15157738377442143,0.15157738377442143,0.18304618443319068,15242.580639064701,34.64369475465526
270.0,203.72952128571427,0.10770487951094884,0.10770487951094884,0.15631071825259407,10859.71746314379,32.504857460207525
275.0,203.72952128571427,0.06433362215253799,0.06433362215253799,0.12130571763432832,6526.928853038545,29.704457410746265
280.0,203.72952128571427,0.03230295714560028,0.03230295714560028,0.08492636497575476,3327.0654188454682,26.794109198060383
285.0,203.72952128571427,0.013634782387322155,0.013634782387322155,0.05376833546023084,1462.1147604934833,24.301466836818467
290.0,203.72952128571427,0.00483788781190412,0.00483788781190412,0.03189455785936402,583.3049924092215,22.551564628749123
295.0,203.72952128571427,0.0014429956691924236,0.0014429956691924236,0.019812736669076115,244.1552673523231,21.58501893352609
300.0,203.72952128571427,0.00036180612496512256,0.00036180612496512256,0.015190486886193177,136.14443188401575,21.215238950895454
305.0,203.72952128571427,7.625853436384338e-05,7.625853436384338e-05,0.014714837506019178,107.61822758294795,21.177187000481535
310.0,203.72952128571427,1.3511471394646638e-05,1.3511471394646638e-05,0.015704228014810927,101.3497959923252,21.256338241184874
315.0,203.72952128571427,2.0124193777893024e-06,2.0124193777893024e-06,0.016591588707522087,100.20104069584116,21.327327096601767
320.0,203.72952128571427,2.519625456603277e-07,2.519625456603277e-07,0.01655396286000126,100.02517105831147,21.324317028800102
325.0,203.72952128571427,2.6518877533417292e-08,2.6518877533417292e-08,0.015152547565575401,100.00264923586559,21.212203805246034
330.0,203.72952128571427,2.346259161004236e-09,2.346259161004236e-09,0.012400740120592503,100.00023439129018,20.9920592096474
335.0,203.72952128571427,1.7450283130335074e-10,1.7450283130335074e-10,0.008906402906714716,100.00001743283285,20.71251223253718
340.0,203.72952128571427,1.0920228445142135e-11,1.0920228445142135e-11,0.005671549709708153,100.00000109093082,20.45372397677665
345.0,203.72952128571427,6.276604570851572e-13,6.276604570851572e-13,0.003764246892541957,100.00000006270328,20.30113975140336
350.0,203.72952128571427,2.660957517541647e-13,2.660957517541647e-13,0.004440287900342825,100.00000002658297,20.355223032027425
355.0,203.72952128571427,8.987837549023424e-13,8.987837549023424e-13,0.0098308519859096,100.0000000897885,20.78646815887277
360.0,203.72952128571427,2.814598859617908e-12,2.814598859617908e-12,0.023365990025036573,100.00000028117843,21.869279202002925
365.0,203.72952128571427,7.416948741579513e-12,7.416948741579513e-12,0.04847763268559596,100.00000074095318,23.878210614847678
370.0,203.72952128571427,1.6430097577833534e-11,1.6430097577833534e-11,0.08496598529309875,100.00000164136675,26.7972788234479
375.0,203.72952128571427,3.059544008600992e-11,3.059544008600992e-11,0.12526377028209137,100.00000305648446,30.021101622567308
380.0,203.72952128571427,4.7893317294344826e-11,4.7893317294344826e-11,0.15525397547601186,100.0000047845424,32.42031803808095
385.0,203.72952128571427,6.3022378010992e-11,6.3022378010992e-11,0.1617581418807021,100.00000629593556,32.940651350456164
390.0,203.72952128571427,6.971340667791727e-11,6.971340667791727e-11,0.14167453801848232,100.00000696436933,31.333963041478583
395.0,203.72952128571427,6.482454511204105e-11,6.482454511204105e-11,0.10430837784502554,100.00000647597206,28.344670227602045
400.0,203.72952128571427,5.067156320775563e-11,5.067156320775563e-11,0.06455772885990309,100.00000506208916,25.164618308792246
0.0,208.69853399999997,1.285338778303776e-12,1.285338778303776e-12,8.609106537746996e-09,100.00000012840535,20.000000688728523
5.0,208.69853399999997,7.750096718195607e-12,7.750096718195607e-12,1.743342697631212e-08,100.00000077423466,20.000001394674157
10.0,208.69853399999997,9.446310224870334e-11,9.446310224870334e-11,4.8786883193791395e-08,100.00000943686392,20.000003902950656
15.0,208.69853399999997,1.1167203134852699e-09,1.1167203134852699e-09,2.4135986718877107e-07,100.00011156035931,20.000019308789376
20.0,208.69853399999997,1.1238161623643338e-08,1.1238161623643338e-08,1.4337761406056353e-06,100.0011226923462,20.00011470209125
25.0,208.69853399999997,9.517022370842187e-08,9.517022370842187e-08,7.753081179282758e-06,100.00950750534847,20.000620246494343
30.0,208.69853399999997,6.775810807192444e-07,6.775810807192444e-07,3.578662251458551e-05,100.06769034996385,20.002862929801168
35.0,208.69853399999997,4.0555446311712304e-06,4.0555446311712304e-06,0.00013959420533135613,100.40514890865401,20.01116753642651
40.0,208.69853399999997,2.0406570364476258e-05,2.0406570364476258e-05,0.0004600705785631787,102.03861637941118,20.036805646285053
45.0,208.69853399999997,8.63244930968094e-05,8.63244930968094e-05,0.0012838498490038957,108.62381686037126,20.10270798792031
50.0,208.69853399999997,0.00030701195566809744,0.00030701195566809744,0.003044610650490658,130.67049437124294,20.243568852039253
55.0,208.69853399999997,0.0009180211711210058,0.0009180211711210058,0.006171021067631578,191.7103149949885,20.493681685410525
60.0,208.69853399999997,0.002308084569752939,0.002308084569752939,0.010783037541855986,330.5776485183186,20.862643003348477
65.0,208.69853399999997,0.00487962689541424,0.00487962689541424,0.016448701653502023,587.4747268518826,21.315896132280162
70.0,208.69853399999997,0.008675681414907302,0.008675681414907302,0.022276727644278606,966.7005733492394,21.78213821154229
75.0,208.69853399999997,0.012973738894005956,0.012973738894005956,0.02731863872729604,1396.076515511195,22.185491098183682
80.0,208.69853399999997,0.01632136015644878,0.01632136015644878,0.03088436388420153,1730.5038796292333,22.470749110736122
85.0,208.69853399999997,0.017278031012797963,0.017278031012797963,0.03249333019681729,1826.0752981785165,22.599466415745383
90.0,208.69853399999997,0.015397251396957553,0.015397251396957553,0.031715647643662706,1638.1854145560594,22.537251811493014
95.0,208.69853399999997,0.011556918653146054,0.011556918653146054,0.028341127597734952,1254.5361734492908,22.267290207818796
100.0,208.69853399999997,0.007312438939873802,0.007312438939873802,0.022815013916713797,830.5126500933928,21.825201113337105
105.0,208.69853399999997,0.003906599687881922,0.003906599687881922,0.016382457359297827,490.269308819404,21.310596588743827
110.0,208.69853399999997,0.0017713666275506036,0.0017713666275506036,0.010622100421703792,276.9595260923053,20.849768033736304
115.0,208.69853399999997,0.0007066297981600984,0.0007066297981600984,0.0067190861856729,170.59231683619385,20.537526894853833
120.0,208.69853399999997,0.000330091686529449,0.000330091686529449,0.005049187677448164,132.97615948429194,20.403935014195852
125.0,208.69853399999997,0.0003979530854816512,0.0003979530854816512,0.005241855965924926,139.75551323961696,20.419348477273996
130.0,208.69853399999997,0.000893766977254651,0.000893766977254651,0.006501706984522208,189.28732102773964,20.520136558761777
135.0,208.69853399999997,0.0019422904623207567,0.0019422904623207567,0.007976024250986178,294.0348171858436,20.638081940078894
140.0,208.69853399999997,0.0036017529805407065,0.0036017529805407065,0.009065357276342919,459.8151227560166,20.725228582107434
145.0,208.69853399999997,0.005623896124913865,0.005623896124913865,0.009552267843215634,661.8272228788951,20.764181427457252
150.0,208.69853399999997,0.0073835640807487415,0.0073835640807487415,0.009485405561563683,837.6180516667993,20.758832444925094
155.0,208.69853399999997,0.008149340829539357,0.008149340829539357,0.008978994770191059,914.1191488709818,20.718319581615283
160.0,208.69853399999997,0.0075612613712477935,0.0075612613712477935,0.008135968601686576,855.3700109876546,20.650877488134928
165.0,208.69853399999997,0.005897647451803852,0.005897647451803852,0.00707322422753529,689.1749804352048,20.56585793820282
170.0,208.69853399999997,0.0038670112833155087,0.0038670112833155087,0.005904915846267558,486.31442720321934,20.472393267701406
175.0,208.69853399999997,0.0021314926722123297,0.0021314926722123297,0.00469339085005942,312.9361179540117,20.375471268004752
180.0,208.69853399999997,0.0009876518275909283,0.0009876518275909283,0.0034740804623247645,198.66641757633374,20.277926436985982
185.0,208.69853399999997,0.00038471310355214317,0.00038471310355214317,0.0023289945018212187,138.4328390448591,20.186319560145698
190.0,208.69853399999997,0.00012599102987313635,0.00012599102987313635,0.0013963567452567344,112.58650388432632,20.11170853962054
195.0,208.69853399999997,3.484836301954106e-05,3.484836301954106e-05,0.0008263435253598015,103.48135146565215,20.066107482028784
200.0,208.69853399999997,9.41436794168769e-06,9.41436794168769e-06,0.000824452448748459,100.9404953573746,20.065956195899876
205.0,208.69853399999997,1.0998850569805597e-05,1.0998850569805597e-05,0.0018798269711531358,101.09878517192358,20.15038615769225
210.0,208.69853399999997,5.411438174613065e-05,5.411438174613065e-05,0.005082252149234813,105.40602673643845,20.406580171938785
215.0,208.69853399999997,0.00025840514424009016,0.00025840514424009016,0.012168160072098437,125.81467390958501,20.973452805767874
220.0,208.69853399999997,0.0010419054704767533,0.0010419054704767533,0.02481583407410076,204.08635650062766,21.98526672592806
225.0,208.69853399999997,0.0035319356056661344,0.0035319356056661344,0.043216313765141144,452.84036700604685,23.45730510121129
230.0,208.69853399999997,0.010064691849291783,0.010064691849291783,0.0650978616476298,1105.4627157442492,25.207828931810383
235.0,208.69853399999997,0.024109593415958735,0.024109593415958735,0.08673564971548035,2508.5483822542774,26.93885197723843
240.0,208.69853399999997,0.04854907325210319,0.04854907325210319,0.10552020925635204,4950.052417885108,28.441616740508163
245.0,208.69853399999997,0.08218142248555833,0.08218142248555833,0.12116376130808958,8309.924106307277,29.693100904647167
250.0,208.69853399999997,0.11694132675053655,0.11694132675053655,0.13371507270263508,11782.4385423786,30.697205816210804
255.0,208.69853399999997,0.13988270817279427,0.13988270817279427,0.1409162616341431,14074.282546462147,31.273300930731445
260.0,208.69853399999997,0.14065711300387249,0.14065711300387249,0.1388286298569845,14151.645589086862,31.10629038855876
265.0,208.69853399999997,0.11889429585616317,0.11889429585616317,0.12538794510648468,11977.5401560307,30.031035608518774
270.0,208.69853399999997,0.08448157298178703,0.08448157298178703,0.1027301387818801,8539.709140880525,28.21841110255041
275.0,208.69853399999997,0.05046201824597749,0.05046201824597749,0.0760557027172803,5141.155622773152,26.084456217382424
280.0,208.69853399999997,0.025337799401614507,0.025337799401614507,0.05084119604157114,2631.2461602212893,24.06729568332569
285.0,208.69853399999997,0.01069485308906654,0.01069485308906654,0.03086299301824318,1168.4158235977472,22.469039441459454
290.0,208.69853399999997,0.003794743321887963,0.003794743321887963,0.017591477454192046,479.0948578566075,21.407318196335364
295.0,208.69853399999997,0.0011318572054735618,0.0011318572054735618,0.010466996000432788,213.0725348268088,20.837359680034623
300.0,208.69853399999997,0.0002837935541097256,0.0002837935541097256,0.007706843411614039,128.3509760555616,20.616547472929124
305.0,208.69853399999997,5.981568305454706e-05,5.981568305454706e-05,0.007314895980007267,105.97558673714926,20.58519167840058
310.0,208.69853399999997,1.0598130389725026e-05,1.0598130389725026e-05,0.007801623505145618,101.05875322593353,20.62412988041165
315.0,208.69853399999997,1.57850187736406e-06,1.57850187736406e-06,0.008320715258713815,100.15769233754867,20.665657220697106
320.0,208.69853399999997,1.9763442729659216e-07,1.9763442729659216e-07,0.008414172953522767,100.01974367928693,20.67313383628182
325.0,208.69853399999997,2.0800881931408778e-08,2.0800881931408778e-08,0.007810320740100019,100.00207800810495,20.624825659208003
330.0,208.69853399999997,1.8403590185317813e-09,1.8403590185317813e-09,0.0064742473513119125,100.00018385186596,20.517939788104954
335.0,208.69853399999997,1.3687537301278297e-10,1.3687537301278297e-10,0.004704434826815701,100.00001367384976,20.376354786145257
340.0,208.69853399999997,8.558158109919798e-12,8.558158109919798e-12,0.003041408492786222,100.00000085495999,20.243312679422896
345.0,208.69853399999997,4.529975832984755e-13,4.529975832984755e-13,0.002105023209405882,100.00000004525445,20.16840185675247
350.0,208.69853399999997,3.426002920488927e-14,3.426002920488927e-14,0.0026864129612416882,100.00000000342257,20.214913036899336
355.0,208.69853399999997,5.4399791487900625e-14,5.4399791487900625e-14,0.006162324391693865,100.00000000543454,20.49298595133551
360.0,208.69853399999997,1.6824283994045601e-13,1.6824283994045601e-13,0.014733786626574496,100.00000001680746,21.178702930125958
365.0,208.69853399999997,4.4329309257978747e-13,4.4329309257978747e-13,0.030591823707780574,100.00000004428497,22.447345896622444
370.0,208.69853399999997,9.819859795255015e-13,9.819859795255015e-13,0.05362297570446896,100.0000000981004,24.289838056357517
375.0,208.69853399999997,1.8286131696880053e-12,1.8286131696880053e-12,0.07905632049617338,100.00000018267846,26.32450563969387
380.0,208.69853399999997,2.8624641595193418e-12,2.8624641595193418e-12,0.09798386777009294,100.00000028596017,27.838709421607433
385.0,208.69853399999997,3.7666903949363325e-12,3.7666903949363325e-12,0.10208881230194264,100.00000037629238,28.16710498415541
390.0,208.69853399999997,4.166596493802538e-12,4.166596493802538e-12,0.0894136622903495,100.00000041624298,27.15309298322796
395.0,208.69853399999997,3.874401426954417e-12,3.874401426954417e-12,0.0658311336549603,100.00000038705271,25.26649069239682
400.0,208.69853399999997,3.028512987190023e-12,3.028512987190023e-12,0.04074369817472118,100.00000030254844,23.259495853977693
