artifact,calibration_diagnosis,chain_coverage,d1_delta,d1_first,d1_last,d1_trend,diamond_size_case,e_al_emax_gpa,final_settle_steps,initial_settle_steps,liggghts_commit,min_chain_length,mu_al_tool,mu_al_wall,mu_diamond_tool,mu_diamond_wall,mu_scale,mu_wall_scale,p95_mpa,participation_delta,participation_first,participation_last,participation_trend,particle_count_scale,particle_count_total,seed_index,stage_settle_steps,status,threshold_factor,time_step_seconds,top_velocity_cm_s,trend_score,zhang_stage_status
dia60al40-dem-artifacts-sizeC-pscale2-Emax72.581-mu0.654-wallmu0.019113-seed0-settle1-vel50,candidate_pass,1.0,-1.3320693107895196,1.3320693107895196,0.0,decreasing,C,72.581,50000,20000,3d5c00f20519e6bb6eb6756f51f1ad36564e649d,2,0.05232,0.000999992,0.05232,0.000999992,0.654,0.019113,522.993821,0.10006962459037583,0.5250113934188578,0.6250810180092337,increasing,2,151,0,20000,pass,0.05,2e-10,50.0,2,pass
dia60al40-dem-artifacts-sizeC-pscale2-Emax72.581-mu0.654-wallmu0.019113-seed0-settle1-vel50,candidate_pass,1.0,-0.9315084548039229,0.9315084548039229,0.0,decreasing,C,72.581,50000,20000,3d5c00f20519e6bb6eb6756f51f1ad36564e649d,3,0.05232,0.000999992,0.05232,0.000999992,0.654,0.019113,522.993821,0.10006962459037583,0.5250113934188578,0.6250810180092337,increasing,2,151,0,20000,pass,0.05,2e-10,50.0,2,pass
dia60al40-dem-artifacts-sizeC-pscale2-Emax72.581-mu0.654-wallmu0.019113-seed0-settle1-vel50,candidate_pass,1.0,-0.9312284788675309,0.9312284788675309,0.0,decreasing,C,72.581,50000,20000,3d5c00f20519e6bb6eb6756f51f1ad36564e649d,2,0.05232,0.000999992,0.05232,0.000999992,0.654,0.019113,522.993821,0.0334911450949088,0.6447420314709323,0.6782331765658411,increasing,2,151,0,20000,pass,0.25,2e-10,50.0,2,pass
dia60al40-dem-artifacts-sizeC-pscale2-Emax72.581-mu0.654-wallmu0.019113-seed0-settle1-vel50,candidate_pass,1.0,-0.9312284788675309,0.9312284788675309,0.0,decreasing,C,72.581,50000,20000,3d5c00f20519e6bb6eb6756f51f1ad36564e649d,3,0.05232,0.000999992,0.05232,0.000999992,0.654,0.019113,522.993821,0.0334911450949088,0.6447420314709323,0.6782331765658411,increasing,2,151,0,20000,pass,0.25,2e-10,50.0,2,pass
dia60al40-dem-artifacts-sizeC-pscale2-Emax72.581-mu0.654-wallmu0.019113-seed0-settle1-vel50,needs_d1_decrease,1.0,0.0,0.0,0.0,flat,C,72.581,50000,20000,3d5c00f20519e6bb6eb6756f51f1ad36564e649d,4,0.05232,0.000999992,0.05232,0.000999992,0.654,0.019113,522.993821,0.10006962459037583,0.5250113934188578,0.6250810180092337,increasing,2,151,0,20000,review,0.05,2e-10,50.0,1,pass
dia60al40-dem-artifacts-sizeC-pscale2-Emax72.581-mu0.654-wallmu0.019113-seed0-settle1-vel50,needs_participation_increase,1.0,-0.9312284788675309,0.9312284788675309,0.0,decreasing,C,72.581,50000,20000,3d5c00f20519e6bb6eb6756f51f1ad36564e649d,2,0.05232,0.000999992,0.05232,0.000999992,0.654,0.019113,522.993821,-0.009927210382885132,0.6447420314709323,0.6348148210880472,decreasing,2,151,0,20000,review,0.1,2e-10,50.0,1,pass
dia60al40-dem-artifacts-sizeC-pscale2-Emax72.581-mu0.654-wallmu0.019113-seed0-settle1-vel50,needs_participation_increase,1.0,-0.9312284788675309,0.9312284788675309,0.0,decreasing,C,72.581,50000,20000,3d5c00f20519e6bb6eb6756f51f1ad36564e649d,3,0.05232,0.000999992,0.05232,0.000999992,0.654,0.019113,522.993821,-0.009927210382885132,0.6447420314709323,0.6348148210880472,decreasing,2,151,0,20000,review,0.1,2e-10,50.0,1,pass
dia60al40-dem-artifacts-sizeC-pscale2-Emax72.581-mu0.654-wallmu0.019113-seed0-settle1-vel50,needs_d1_decrease,1.0,0.0,0.0,0.0,flat,C,72.581,50000,20000,3d5c00f20519e6bb6eb6756f51f1ad36564e649d,4,0.05232,0.000999992,0.05232,0.000999992,0.654,0.019113,522.993821,0.0334911450949088,0.6447420314709323,0.6782331765658411,increasing,2,151,0,20000,review,0.25,2e-10,50.0,1,pass
dia60al40-dem-artifacts-sizeC-pscale2-Emax72.581-mu0.654-wallmu0.019113-seed0-settle1-vel50,needs_physics_calibration,1.0,0.0,0.0,0.0,flat,C,72.581,50000,20000,3d5c00f20519e6bb6eb6756f51f1ad36564e649d,4,0.05232,0.000999992,0.05232,0.000999992,0.654,0.019113,522.993821,-0.009927210382885132,0.6447420314709323,0.6348148210880472,decreasing,2,151,0,20000,review,0.1,2e-10,50.0,0,pass
dia60al40-dem-artifacts-sizeC-pscale2-Emax72.581-mu0.654-wallmu0.019113-seed0-settle1-vel50,needs_physics_calibration,1.0,0.0,0.0,0.0,flat,C,72.581,50000,20000,3d5c00f20519e6bb6eb6756f51f1ad36564e649d,2,0.05232,0.000999992,0.05232,0.000999992,0.654,0.019113,522.993821,-0.17716629832954778,0.9135150415988552,0.7363487432693074,decreasing,2,151,0,20000,review,0.5,2e-10,50.0,0,pass
dia60al40-dem-artifacts-sizeC-pscale2-Emax72.581-mu0.654-wallmu0.019113-seed0-settle1-vel50,needs_physics_calibration,1.0,0.0,0.0,0.0,flat,C,72.581,50000,20000,3d5c00f20519e6bb6eb6756f51f1ad36564e649d,3,0.05232,0.000999992,0.05232,0.000999992,0.654,0.019113,522.993821,-0.17716629832954778,0.9135150415988552,0.7363487432693074,decreasing,2,151,0,20000,review,0.5,2e-10,50.0,0,pass
dia60al40-dem-artifacts-sizeC-pscale2-Emax72.581-mu0.654-wallmu0.019113-seed0-settle1-vel50,needs_physics_calibration,1.0,0.0,0.0,0.0,flat,C,72.581,50000,20000,3d5c00f20519e6bb6eb6756f51f1ad36564e649d,4,0.05232,0.000999992,0.05232,0.000999992,0.654,0.019113,522.993821,-0.17716629832954778,0.9135150415988552,0.7363487432693074,decreasing,2,151,0,20000,review,0.5,2e-10,50.0,0,pass
dia60al40-dem-artifacts-sizeC-pscale2-Emax72.581-mu0.654-wallmu0.019113-seed0-settle1-vel50,needs_physics_calibration,1.0,0.0,0.0,0.0,flat,C,72.581,50000,20000,3d5c00f20519e6bb6eb6756f51f1ad36564e649d,2,0.05232,0.000999992,0.05232,0.000999992,0.654,0.019113,522.993821,-0.12728061588956452,0.9135150415988552,0.7862344257092907,decreasing,2,151,0,20000,review,0.75,2e-10,50.0,0,pass
dia60al40-dem-artifacts-sizeC-pscale2-Emax72.581-mu0.654-wallmu0.019113-seed0-settle1-vel50,needs_physics_calibration,1.0,0.0,0.0,0.0,flat,C,72.581,50000,20000,3d5c00f20519e6bb6eb6756f51f1ad36564e649d,3,0.05232,0.000999992,0.05232,0.000999992,0.654,0.019113,522.993821,-0.12728061588956452,0.9135150415988552,0.7862344257092907,decreasing,2,151,0,20000,review,0.75,2e-10,50.0,0,pass
dia60al40-dem-artifacts-sizeC-pscale2-Emax72.581-mu0.654-wallmu0.019113-seed0-settle1-vel50,needs_physics_calibration,1.0,0.0,0.0,0.0,flat,C,72.581,50000,20000,3d5c00f20519e6bb6eb6756f51f1ad36564e649d,4,0.05232,0.000999992,0.05232,0.000999992,0.654,0.019113,522.993821,-0.12728061588956452,0.9135150415988552,0.7862344257092907,decreasing,2,151,0,20000,review,0.75,2e-10,50.0,0,pass
dia60al40-dem-artifacts-sizeC-pscale2-Emax72.581-mu0.654-wallmu0.019113-seed0-settle1-vel50,needs_physics_calibration,1.0,1.6884560738410004,0.0,1.6884560738410004,increasing,C,72.581,50000,20000,3d5c00f20519e6bb6eb6756f51f1ad36564e649d,2,0.05232,0.000999992,0.05232,0.000999992,0.654,0.019113,522.993821,-0.08335857751254527,0.9135150415988552,0.8301564640863099,decreasing,2,151,0,20000,review,1.0,2e-10,50.0,0,pass
dia60al40-dem-artifacts-sizeC-pscale2-Emax72.581-mu0.654-wallmu0.019113-seed0-settle1-vel50,needs_physics_calibration,1.0,0.9820093255203007,0.0,0.9820093255203007,increasing,C,72.581,50000,20000,3d5c00f20519e6bb6eb6756f51f1ad36564e649d,3,0.05232,0.000999992,0.05232,0.000999992,0.654,0.019113,522.993821,-0.08335857751254527,0.9135150415988552,0.8301564640863099,decreasing,2,151,0,20000,review,1.0,2e-10,50.0,0,pass
dia60al40-dem-artifacts-sizeC-pscale2-Emax72.581-mu0.654-wallmu0.019113-seed0-settle1-vel50,needs_physics_calibration,1.0,0.0,0.0,0.0,flat,C,72.581,50000,20000,3d5c00f20519e6bb6eb6756f51f1ad36564e649d,4,0.05232,0.000999992,0.05232,0.000999992,0.654,0.019113,522.993821,-0.08335857751254527,0.9135150415988552,0.8301564640863099,decreasing,2,151,0,20000,review,1.0,2e-10,50.0,0,pass
dia60al40-dem-artifacts-sizeC-pscale2-Emax72.581-mu0.654-wallmu0.019113-seed0-settle1-vel50,needs_physics_calibration,1.0,1.3273620901970191,0.0,1.3273620901970191,increasing,C,72.581,50000,20000,3d5c00f20519e6bb6eb6756f51f1ad36564e649d,2,0.05232,0.000999992,0.05232,0.000999992,0.654,0.019113,522.993821,-0.048298521694371654,0.9135150415988552,0.8652165199044836,decreasing,2,151,0,20000,review,1.25,2e-10,50.0,0,pass
dia60al40-dem-artifacts-sizeC-pscale2-Emax72.581-mu0.654-wallmu0.019113-seed0-settle1-vel50,needs_physics_calibration,1.0,0.9309612342645601,0.0,0.9309612342645601,increasing,C,72.581,50000,20000,3d5c00f20519e6bb6eb6756f51f1ad36564e649d,3,0.05232,0.000999992,0.05232,0.000999992,0.654,0.019113,522.993821,-0.048298521694371654,0.9135150415988552,0.8652165199044836,decreasing,2,151,0,20000,review,1.25,2e-10,50.0,0,pass
dia60al40-dem-artifacts-sizeC-pscale2-Emax72.581-mu0.654-wallmu0.019113-seed0-settle1-vel50,needs_physics_calibration,1.0,0.9309612342645601,0.0,0.9309612342645601,increasing,C,72.581,50000,20000,3d5c00f20519e6bb6eb6756f51f1ad36564e649d,4,0.05232,0.000999992,0.05232,0.000999992,0.654,0.019113,522.993821,-0.048298521694371654,0.9135150415988552,0.8652165199044836,decreasing,2,151,0,20000,review,1.25,2e-10,50.0,0,pass
dia60al40-dem-artifacts-sizeC-pscale2-Emax72.581-mu0.654-wallmu0.019113-seed0-settle1-vel50,needs_physics_calibration,1.0,0.9359695931377052,0.0,0.9359695931377052,increasing,C,72.581,50000,20000,3d5c00f20519e6bb6eb6756f51f1ad36564e649d,2,0.05232,0.000999992,0.05232,0.000999992,0.654,0.019113,522.993821,-0.09635363581563128,0.9808527985914732,0.884499162775842,decreasing,2,151,0,20000,review,1.5,2e-10,50.0,0,pass
dia60al40-dem-artifacts-sizeC-pscale2-Emax72.581-mu0.654-wallmu0.019113-seed0-settle1-vel50,needs_physics_calibration,1.0,0.9359695931377052,0.0,0.9359695931377052,increasing,C,72.581,50000,20000,3d5c00f20519e6bb6eb6756f51f1ad36564e649d,3,0.05232,0.000999992,0.05232,0.000999992,0.654,0.019113,522.993821,-0.09635363581563128,0.9808527985914732,0.884499162775842,decreasing,2,151,0,20000,review,1.5,2e-10,50.0,0,pass
dia60al40-dem-artifacts-sizeC-pscale2-Emax72.581-mu0.654-wallmu0.019113-seed0-settle1-vel50,needs_physics_calibration,1.0,0.9359695931377052,0.0,0.9359695931377052,increasing,C,72.581,50000,20000,3d5c00f20519e6bb6eb6756f51f1ad36564e649d,4,0.05232,0.000999992,0.05232,0.000999992,0.654,0.019113,522.993821,-0.09635363581563128,0.9808527985914732,0.884499162775842,decreasing,2,151,0,20000,review,1.5,2e-10,50.0,0,pass
dia60al40-dem-artifacts-sizeC-pscale2-Emax72.581-mu0.654-wallmu0.019113-seed0-settle1-vel50,needs_physics_calibration,1.0,0.8965993678963676,0.0,0.8965993678963676,increasing,C,72.581,50000,20000,3d5c00f20519e6bb6eb6756f51f1ad36564e649d,2,0.05232,0.000999992,0.05232,0.000999992,0.654,0.019113,522.993821,-0.0753619162028788,0.9808527985914732,0.9054908823885944,decreasing,2,151,0,20000,review,2.0,2e-10,50.0,0,pass
dia60al40-dem-artifacts-sizeC-pscale2-Emax72.581-mu0.654-wallmu0.019113-seed0-settle1-vel50,needs_physics_calibration,1.0,0.8965993678963676,0.0,0.8965993678963676,increasing,C,72.581,50000,20000,3d5c00f20519e6bb6eb6756f51f1ad36564e649d,3,0.05232,0.000999992,0.05232,0.000999992,0.654,0.019113,522.993821,-0.0753619162028788,0.9808527985914732,0.9054908823885944,decreasing,2,151,0,20000,review,2.0,2e-10,50.0,0,pass
dia60al40-dem-artifacts-sizeC-pscale2-Emax72.581-mu0.654-wallmu0.019113-seed0-settle1-vel50,needs_physics_calibration,1.0,0.8174711397962346,0.0,0.8174711397962346,increasing,C,72.581,50000,20000,3d5c00f20519e6bb6eb6756f51f1ad36564e649d,4,0.05232,0.000999992,0.05232,0.000999992,0.654,0.019113,522.993821,-0.0753619162028788,0.9808527985914732,0.9054908823885944,decreasing,2,151,0,20000,review,2.0,2e-10,50.0,0,pass
dia60al40-dem-artifacts-sizeC-pscale2-Emax72.581-mu0.654-wallmu0.019113-seed1-settle1-vel50,needs_participation_increase,1.0,-1.1697252769048032,1.1697252769048032,0.0,decreasing,C,72.581,50000,20000,3d5c00f20519e6bb6eb6756f51f1ad36564e649d,2,0.05232,0.000999992,0.05232,0.000999992,0.654,0.019113,567.106367,-0.016694162143973568,0.5318190877147273,0.5151249255707537,decreasing,2,151,1,20000,review,0.05,2e-10,50.0,1,pass
dia60al40-dem-artifacts-sizeC-pscale2-Emax72.581-mu0.654-wallmu0.019113-seed1-settle1-vel50,needs_participation_increase,1.0,-1.1697252769048032,1.1697252769048032,0.0,decreasing,C,72.581,50000,20000,3d5c00f20519e6bb6eb6756f51f1ad36564e649d,3,0.05232,0.000999992,0.05232,0.000999992,0.654,0.019113,567.106367,-0.016694162143973568,0.5318190877147273,0.5151249255707537,decreasing,2,151,1,20000,review,0.05,2e-10,50.0,1,pass
dia60al40-dem-artifacts-sizeC-pscale2-Emax72.581-mu0.654-wallmu0.019113-seed1-settle1-vel50,needs_participation_increase,1.0,-1.1785921284261889,1.1785921284261889,0.0,decreasing,C,72.581,50000,20000,3d5c00f20519e6bb6eb6756f51f1ad36564e649d,2,0.05232,0.000999992,0.05232,0.000999992,0.654,0.019113,567.106367,-0.04210020468458031,0.5670306501121191,0.5249304454275387,decreasing,2,151,1,20000,review,0.1,2e-10,50.0,1,pass
dia60al40-dem-artifacts-sizeC-pscale2-Emax72.581-mu0.654-wallmu0.019113-seed1-settle1-vel50,needs_participation_increase,1.0,-1.1785921284261889,1.1785921284261889,0.0,decreasing,C,72.581,50000,20000,3d5c00f20519e6bb6eb6756f51f1ad36564e649d,3,0.05232,0.000999992,0.05232,0.000999992,0.654,0.019113,567.106367,-0.04210020468458031,0.5670306501121191,0.5249304454275387,decreasing,2,151,1,20000,review,0.1,2e-10,50.0,1,pass
dia60al40-dem-artifacts-sizeC-pscale2-Emax72.581-mu0.654-wallmu0.019113-seed1-settle1-vel50,needs_participation_increase,1.0,-1.2256130910054797,1.2256130910054797,0.0,decreasing,C,72.581,50000,20000,3d5c00f20519e6bb6eb6756f51f1ad36564e649d,2,0.05232,0.000999992,0.05232,0.000999992,0.654,0.019113,567.106367,-0.08298992554003326,0.6373686462515129,0.5543787207114796,decreasing,2,151,1,20000,review,0.25,2e-10,50.0,1,pass
dia60al40-dem-artifacts-sizeC-pscale2-Emax72.581-mu0.654-wallmu0.019113-seed1-settle1-vel50,needs_participation_increase,1.0,-1.2256130910054797,1.2256130910054797,0.0,decreasing,C,72.581,50000,20000,3d5c00f20519e6bb6eb6756f51f1ad36564e649d,3,0.05232,0.000999992,0.05232,0.000999992,0.654,0.019113,567.106367,-0.08298992554003326,0.6373686462515129,0.5543787207114796,decreasing,2,151,1,20000,review,0.25,2e-10,50.0,1,pass
dia60al40-dem-artifacts-sizeC-pscale2-Emax72.581-mu0.654-wallmu0.019113-seed1-settle1-vel50,needs_participation_increase,1.0,-1.0960505183494398,1.0960505183494398,0.0,decreasing,C,72.581,50000,20000,3d5c00f20519e6bb6eb6756f51f1ad36564e649d,2,0.05232,0.000999992,0.05232,0.000999992,0.654,0.019113,567.106367,-0.13862359447389572,0.7508992712281493,0.6122756767542535,decreasing,2,151,1,20000,review,0.5,2e-10,50.0,1,pass
dia60al40-dem-artifacts-sizeC-pscale2-Emax72.581-mu0.654-wallmu0.019113-seed1-settle1-vel50,needs_participation_increase,1.0,-0.8204357804863123,0.8204357804863123,0.0,decreasing,C,72.581,50000,20000,3d5c00f20519e6bb6eb6756f51f1ad36564e649d,3,0.05232,0.000999992,0.05232,0.000999992,0.654,0.019113,567.106367,-0.13862359447389572,0.7508992712281493,0.6122756767542535,decreasing,2,151,1,20000,review,0.5,2e-10,50.0,1,pass
dia60al40-dem-artifacts-sizeC-pscale2-Emax72.581-mu0.654-wallmu0.019113-seed1-settle1-vel50,needs_participation_increase,0.8333333333333334,-1.1697252769048032,1.1697252769048032,0.0,decreasing,C,72.581,50000,20000,3d5c00f20519e6bb6eb6756f51f1ad36564e649d,4,0.05232,0.000999992,0.05232,0.000999992,0.654,0.019113,567.106367,-0.016694162143973568,0.5318190877147273,0.5151249255707537,decreasing,2,151,1,20000,review,0.05,2e-10,50.0,1,pass
dia60al40-dem-artifacts-sizeC-pscale2-Emax72.581-mu0.654-wallmu0.019113-seed1-settle1-vel50,needs_participation_increase,0.8333333333333334,-1.0489216533998476,1.0489216533998476,0.0,decreasing,C,72.581,50000,20000,3d5c00f20519e6bb6eb6756f51f1ad36564e649d,4,0.05232,0.000999992,0.05232,0.000999992,0.654,0.019113,567.106367,-0.04210020468458031,0.5670306501121191,0.5249304454275387,decreasing,2,151,1,20000,review,0.1,2e-10,50.0,1,pass
dia60al40-dem-artifacts-sizeC-pscale2-Emax72.581-mu0.654-wallmu0.019113-seed1-settle1-vel50,needs_physics_calibration,1.0,0.13850324739579745,0.85537742717683,0.9938806745726274,increasing,C,72.581,50000,20000,3d5c00f20519e6bb6eb6756f51f1ad36564e649d,2,0.05232,0.000999992,0.05232,0.000999992,0.654,0.019113,567.106367,-0.1921479692860657,0.858836656306527,0.6666886870204612,decreasing,2,151,1,20000,review,0.75,2e-10,50.0,0,pass
dia60al40-dem-artifacts-sizeC-pscale2-Emax72.581-mu0.654-wallmu0.019113-seed1-settle1-vel50,needs_physics_calibration,1.0,0.0,0.0,0.0,flat,C,72.581,50000,20000,3d5c00f20519e6bb6eb6756f51f1ad36564e649d,3,0.05232,0.000999992,0.05232,0.000999992,0.654,0.019113,567.106367,-0.1921479692860657,0.858836656306527,0.6666886870204612,decreasing,2,151,1,20000,review,0.75,2e-10,50.0,0,pass
dia60al40-dem-artifacts-sizeC-pscale2-Emax72.581-mu0.654-wallmu0.019113-seed1-settle1-vel50,needs_physics_calibration,1.0,1.3932057388573074,0.0,1.3932057388573074,increasing,C,72.581,50000,20000,3d5c00f20519e6bb6eb6756f51f1ad36564e649d,2,0.05232,0.000999992,0.05232,0.000999992,0.654,0.019113,567.106367,-0.19199219165031278,0.911504589558094,0.7195123979077812,decreasing,2,151,1,20000,review,1.0,2e-10,50.0,0,pass
dia60al40-dem-artifacts-sizeC-pscale2-Emax72.581-mu0.654-wallmu0.019113-seed1-settle1-vel50,needs_physics_calibration,1.0,0.0,0.0,0.0,flat,C,72.581,50000,20000,3d5c00f20519e6bb6eb6756f51f1ad36564e649d,3,0.05232,0.000999992,0.05232,0.000999992,0.654,0.019113,567.106367,-0.19199219165031278,0.911504589558094,0.7195123979077812,decreasing,2,151,1,20000,review,1.0,2e-10,50.0,0,pass
dia60al40-dem-artifacts-sizeC-pscale2-Emax72.581-mu0.654-wallmu0.019113-seed1-settle1-vel50,needs_physics_calibration,1.0,1.3821136917341765,0.0,1.3821136917341765,increasing,C,72.581,50000,20000,3d5c00f20519e6bb6eb6756f51f1ad36564e649d,2,0.05232,0.000999992,0.05232,0.000999992,0.654,0.019113,567.106367,-0.15988412849992717,0.911504589558094,0.7516204610581668,decreasing,2,151,1,20000,review,1.25,2e-10,50.0,0,pass
dia60al40-dem-artifacts-sizeC-pscale2-Emax72.581-mu0.654-wallmu0.019113-seed1-settle1-vel50,needs_physics_calibration,1.0,0.0,0.0,0.0,flat,C,72.581,50000,20000,3d5c00f20519e6bb6eb6756f51f1ad36564e649d,3,0.05232,0.000999992,0.05232,0.000999992,0.654,0.019113,567.106367,-0.15988412849992717,0.911504589558094,0.7516204610581668,decreasing,2,151,1,20000,review,1.25,2e-10,50.0,0,pass
dia60al40-dem-artifacts-sizeC-pscale2-Emax72.581-mu0.654-wallmu0.019113-seed1-settle1-vel50,needs_physics_calibration,1.0,0.8318238516266353,0.0,0.8318238516266353,increasing,C,72.581,50000,20000,3d5c00f20519e6bb6eb6756f51f1ad36564e649d,2,0.05232,0.000999992,0.05232,0.000999992,0.654,0.019113,567.106367,-0.17460626651076983,0.9543972252654584,0.7797909587546886,decreasing,2,151,1,20000,review,1.5,2e-10,50.0,0,pass
dia60al40-dem-artifacts-sizeC-pscale2-Emax72.581-mu0.654-wallmu0.019113-seed1-settle1-vel50,needs_physics_calibration,1.0,0.8318238516266353,0.0,0.8318238516266353,increasing,C,72.581,50000,20000,3d5c00f20519e6bb6eb6756f51f1ad36564e649d,3,0.05232,0.000999992,0.05232,0.000999992,0.654,0.019113,567.106367,-0.17460626651076983,0.9543972252654584,0.7797909587546886,decreasing,2,151,1,20000,review,1.5,2e-10,50.0,0,pass
dia60al40-dem-artifacts-sizeC-pscale2-Emax72.581-mu0.654-wallmu0.019113-seed1-settle1-vel50,needs_physics_calibration,1.0,1.3014777914220181,0.0,1.3014777914220181,increasing,C,72.581,50000,20000,3d5c00f20519e6bb6eb6756f51f1ad36564e649d,2,0.05232,0.000999992,0.05232,0.000999992,0.654,0.019113,567.106367,-0.18557808385479146,0.9998186342599645,0.8142405504051731,decreasing,2,151,1,20000,review,2.0,2e-10,50.0,0,pass
dia60al40-dem-artifacts-sizeC-pscale2-Emax72.581-mu0.654-wallmu0.019113-seed1-settle1-vel50,needs_physics_calibration,0.8333333333333334,0.0,0.0,0.0,flat,C,72.581,50000,20000,3d5c00f20519e6bb6eb6756f51f1ad36564e649d,4,0.05232,0.000999992,0.05232,0.000999992,0.654,0.019113,567.106367,-0.08298992554003326,0.6373686462515129,0.5543787207114796,decreasing,2,151,1,20000,review,0.25,2e-10,50.0,0,pass
dia60al40-dem-artifacts-sizeC-pscale2-Emax72.581-mu0.654-wallmu0.019113-seed1-settle1-vel50,needs_physics_calibration,0.8333333333333334,0.859672229841729,0.0,0.859672229841729,increasing,C,72.581,50000,20000,3d5c00f20519e6bb6eb6756f51f1ad36564e649d,3,0.05232,0.000999992,0.05232,0.000999992,0.654,0.019113,567.106367,-0.18557808385479146,0.9998186342599645,0.8142405504051731,decreasing,2,151,1,20000,review,2.0,2e-10,50.0,0,pass
dia60al40-dem-artifacts-sizeC-pscale2-Emax72.581-mu0.654-wallmu0.019113-seed1-settle1-vel50,needs_physics_calibration,0.6666666666666666,0.0,0.0,0.0,flat,C,72.581,50000,20000,3d5c00f20519e6bb6eb6756f51f1ad36564e649d,4,0.05232,0.000999992,0.05232,0.000999992,0.654,0.019113,567.106367,-0.13862359447389572,0.7508992712281493,0.6122756767542535,decreasing,2,151,1,20000,review,0.5,2e-10,50.0,0,pass
dia60al40-dem-artifacts-sizeC-pscale2-Emax72.581-mu0.654-wallmu0.019113-seed1-settle1-vel50,needs_physics_calibration,0.6666666666666666,0.0,0.0,0.0,flat,C,72.581,50000,20000,3d5c00f20519e6bb6eb6756f51f1ad36564e649d,4,0.05232,0.000999992,0.05232,0.000999992,0.654,0.019113,567.106367,-0.1921479692860657,0.858836656306527,0.6666886870204612,decreasing,2,151,1,20000,review,0.75,2e-10,50.0,0,pass
dia60al40-dem-artifacts-sizeC-pscale2-Emax72.581-mu0.654-wallmu0.019113-seed1-settle1-vel50,needs_physics_calibration,0.6666666666666666,0.0,0.0,0.0,flat,C,72.581,50000,20000,3d5c00f20519e6bb6eb6756f51f1ad36564e649d,4,0.05232,0.000999992,0.05232,0.000999992,0.654,0.019113,567.106367,-0.19199219165031278,0.911504589558094,0.7195123979077812,decreasing,2,151,1,20000,review,1.0,2e-10,50.0,0,pass
dia60al40-dem-artifacts-sizeC-pscale2-Emax72.581-mu0.654-wallmu0.019113-seed1-settle1-vel50,needs_physics_calibration,0.6666666666666666,0.0,0.0,0.0,flat,C,72.581,50000,20000,3d5c00f20519e6bb6eb6756f51f1ad36564e649d,4,0.05232,0.000999992,0.05232,0.000999992,0.654,0.019113,567.106367,-0.15988412849992717,0.911504589558094,0.7516204610581668,decreasing,2,151,1,20000,review,1.25,2e-10,50.0,0,pass
dia60al40-dem-artifacts-sizeC-pscale2-Emax72.581-mu0.654-wallmu0.019113-seed1-settle1-vel50,needs_physics_calibration,0.6666666666666666,0.5716242969254253,0.0,0.5716242969254253,increasing,C,72.581,50000,20000,3d5c00f20519e6bb6eb6756f51f1ad36564e649d,4,0.05232,0.000999992,0.05232,0.000999992,0.654,0.019113,567.106367,-0.17460626651076983,0.9543972252654584,0.7797909587546886,decreasing,2,151,1,20000,review,1.5,2e-10,50.0,0,pass
dia60al40-dem-artifacts-sizeC-pscale2-Emax72.581-mu0.654-wallmu0.019113-seed1-settle1-vel50,needs_physics_calibration,0.6666666666666666,0.6675157639495747,0.0,0.6675157639495747,increasing,C,72.581,50000,20000,3d5c00f20519e6bb6eb6756f51f1ad36564e649d,4,0.05232,0.000999992,0.05232,0.000999992,0.654,0.019113,567.106367,-0.18557808385479146,0.9998186342599645,0.8142405504051731,decreasing,2,151,1,20000,review,2.0,2e-10,50.0,0,pass
dia60al40-dem-artifacts-sizeC-pscale2-Emax72.581-mu0.654-wallmu0.019113-seed2-settle1-vel50,needs_participation_increase,1.0,-0.9435778828987346,0.9435778828987346,0.0,decreasing,C,72.581,50000,20000,3d5c00f20519e6bb6eb6756f51f1ad36564e649d,2,0.05232,0.000999992,0.05232,0.000999992,0.654,0.019113,608.187754,-0.24382403496566174,0.7049748602733931,0.4611508253077313,decreasing,2,151,2,20000,review,0.05,2e-10,50.0,1,review
dia60al40-dem-artifacts-sizeC-pscale2-Emax72.581-mu0.654-wallmu0.019113-seed2-settle1-vel50,needs_participation_increase,1.0,-0.9435778828987346,0.9435778828987346,0.0,decreasing,C,72.581,50000,20000,3d5c00f20519e6bb6eb6756f51f1ad36564e649d,2,0.05232,0.000999992,0.05232,0.000999992,0.654,0.019113,608.187754,-0.23120764749949868,0.7049748602733931,0.4737672127738944,decreasing,2,151,2,20000,review,0.1,2e-10,50.0,1,review
dia60al40-dem-artifacts-sizeC-pscale2-Emax72.581-mu0.654-wallmu0.019113-seed2-settle1-vel50,needs_physics_calibration,1.0,0.0,0.0,0.0,flat,C,72.581,50000,20000,3d5c00f20519e6bb6eb6756f51f1ad36564e649d,3,0.05232,0.000999992,0.05232,0.000999992,0.654,0.019113,608.187754,-0.24382403496566174,0.7049748602733931,0.4611508253077313,decreasing,2,151,2,20000,review,0.05,2e-10,50.0,0,review
dia60al40-dem-artifacts-sizeC-pscale2-Emax72.581-mu0.654-wallmu0.019113-seed2-settle1-vel50,needs_physics_calibration,1.0,0.0,0.0,0.0,flat,C,72.581,50000,20000,3d5c00f20519e6bb6eb6756f51f1ad36564e649d,4,0.05232,0.000999992,0.05232,0.000999992,0.654,0.019113,608.187754,-0.24382403496566174,0.7049748602733931,0.4611508253077313,decreasing,2,151,2,20000,review,0.05,2e-10,50.0,0,review
dia60al40-dem-artifacts-sizeC-pscale2-Emax72.581-mu0.654-wallmu0.019113-seed2-settle1-vel50,needs_physics_calibration,1.0,0.0,0.0,0.0,flat,C,72.581,50000,20000,3d5c00f20519e6bb6eb6756f51f1ad36564e649d,3,0.05232,0.000999992,0.05232,0.000999992,0.654,0.019113,608.187754,-0.23120764749949868,0.7049748602733931,0.4737672127738944,decreasing,2,151,2,20000,review,0.1,2e-10,50.0,0,review
dia60al40-dem-artifacts-sizeC-pscale2-Emax72.581-mu0.654-wallmu0.019113-seed2-settle1-vel50,needs_physics_calibration,1.0,0.0,0.0,0.0,flat,C,72.581,50000,20000,3d5c00f20519e6bb6eb6756f51f1ad36564e649d,4,0.05232,0.000999992,0.05232,0.000999992,0.654,0.019113,608.187754,-0.23120764749949868,0.7049748602733931,0.4737672127738944,decreasing,2,151,2,20000,review,0.1,2e-10,50.0,0,review
dia60al40-dem-artifacts-sizeC-pscale2-Emax72.581-mu0.654-wallmu0.019113-seed2-settle1-vel50,needs_physics_calibration,1.0,0.0,0.0,0.0,flat,C,72.581,50000,20000,3d5c00f20519e6bb6eb6756f51f1ad36564e649d,2,0.05232,0.000999992,0.05232,0.000999992,0.654,0.019113,608.187754,-0.27693720095641394,0.8016102279608932,0.5246730270044793,decreasing,2,151,2,20000,review,0.25,2e-10,50.0,0,review
dia60al40-dem-artifacts-sizeC-pscale2-Emax72.581-mu0.654-wallmu0.019113-seed2-settle1-vel50,needs_physics_calibration,1.0,0.0,0.0,0.0,flat,C,72.581,50000,20000,3d5c00f20519e6bb6eb6756f51f1ad36564e649d,3,0.05232,0.000999992,0.05232,0.000999992,0.654,0.019113,608.187754,-0.27693720095641394,0.8016102279608932,0.5246730270044793,decreasing,2,151,2,20000,review,0.25,2e-10,50.0,0,review
dia60al40-dem-artifacts-sizeC-pscale2-Emax72.581-mu0.654-wallmu0.019113-seed2-settle1-vel50,needs_physics_calibration,1.0,0.0,0.0,0.0,flat,C,72.581,50000,20000,3d5c00f20519e6bb6eb6756f51f1ad36564e649d,4,0.05232,0.000999992,0.05232,0.000999992,0.654,0.019113,608.187754,-0.27693720095641394,0.8016102279608932,0.5246730270044793,decreasing,2,151,2,20000,review,0.25,2e-10,50.0,0,review
dia60al40-dem-artifacts-sizeC-pscale2-Emax72.581-mu0.654-wallmu0.019113-seed2-settle1-vel50,needs_physics_calibration,1.0,0.0,0.0,0.0,flat,C,72.581,50000,20000,3d5c00f20519e6bb6eb6756f51f1ad36564e649d,2,0.05232,0.000999992,0.05232,0.000999992,0.654,0.019113,608.187754,-0.3122280170044677,0.8970925538258134,0.5848645368213458,decreasing,2,151,2,20000,review,0.5,2e-10,50.0,0,review
dia60al40-dem-artifacts-sizeC-pscale2-Emax72.581-mu0.654-wallmu0.019113-seed2-settle1-vel50,needs_physics_calibration,1.0,0.0,0.0,0.0,flat,C,72.581,50000,20000,3d5c00f20519e6bb6eb6756f51f1ad36564e649d,3,0.05232,0.000999992,0.05232,0.000999992,0.654,0.019113,608.187754,-0.3122280170044677,0.8970925538258134,0.5848645368213458,decreasing,2,151,2,20000,review,0.5,2e-10,50.0,0,review
dia60al40-dem-artifacts-sizeC-pscale2-Emax72.581-mu0.654-wallmu0.019113-seed2-settle1-vel50,needs_physics_calibration,1.0,0.0,0.0,0.0,flat,C,72.581,50000,20000,3d5c00f20519e6bb6eb6756f51f1ad36564e649d,4,0.05232,0.000999992,0.05232,0.000999992,0.654,0.019113,608.187754,-0.3122280170044677,0.8970925538258134,0.5848645368213458,decreasing,2,151,2,20000,review,0.5,2e-10,50.0,0,review
dia60al40-dem-artifacts-sizeC-pscale2-Emax72.581-mu0.654-wallmu0.019113-seed2-settle1-vel50,needs_physics_calibration,1.0,0.0,0.0,0.0,flat,C,72.581,50000,20000,3d5c00f20519e6bb6eb6756f51f1ad36564e649d,2,0.05232,0.000999992,0.05232,0.000999992,0.654,0.019113,608.187754,-0.25908958717932506,0.8970925538258134,0.6380029666464884,decreasing,2,151,2,20000,review,0.75,2e-10,50.0,0,review
dia60al40-dem-artifacts-sizeC-pscale2-Emax72.581-mu0.654-wallmu0.019113-seed2-settle1-vel50,needs_physics_calibration,1.0,0.0,0.0,0.0,flat,C,72.581,50000,20000,3d5c00f20519e6bb6eb6756f51f1ad36564e649d,3,0.05232,0.000999992,0.05232,0.000999992,0.654,0.019113,608.187754,-0.25908958717932506,0.8970925538258134,0.6380029666464884,decreasing,2,151,2,20000,review,0.75,2e-10,50.0,0,review
dia60al40-dem-artifacts-sizeC-pscale2-Emax72.581-mu0.654-wallmu0.019113-seed2-settle1-vel50,needs_physics_calibration,1.0,0.0,0.0,0.0,flat,C,72.581,50000,20000,3d5c00f20519e6bb6eb6756f51f1ad36564e649d,4,0.05232,0.000999992,0.05232,0.000999992,0.654,0.019113,608.187754,-0.25908958717932506,0.8970925538258134,0.6380029666464884,decreasing,2,151,2,20000,review,0.75,2e-10,50.0,0,review
dia60al40-dem-artifacts-sizeC-pscale2-Emax72.581-mu0.654-wallmu0.019113-seed2-settle1-vel50,needs_physics_calibration,1.0,1.3791006833908364,0.0,1.3791006833908364,increasing,C,72.581,50000,20000,3d5c00f20519e6bb6eb6756f51f1ad36564e649d,2,0.05232,0.000999992,0.05232,0.000999992,0.654,0.019113,608.187754,-0.2806033250546752,0.9608836658648257,0.6802803408101504,decreasing,2,151,2,20000,review,1.0,2e-10,50.0,0,review
dia60al40-dem-artifacts-sizeC-pscale2-Emax72.581-mu0.654-wallmu0.019113-seed2-settle1-vel50,needs_physics_calibration,1.0,0.9767192945720504,0.0,0.9767192945720504,increasing,C,72.581,50000,20000,3d5c00f20519e6bb6eb6756f51f1ad36564e649d,3,0.05232,0.000999992,0.05232,0.000999992,0.654,0.019113,608.187754,-0.2806033250546752,0.9608836658648257,0.6802803408101504,decreasing,2,151,2,20000,review,1.0,2e-10,50.0,0,review
dia60al40-dem-artifacts-sizeC-pscale2-Emax72.581-mu0.654-wallmu0.019113-seed2-settle1-vel50,needs_physics_calibration,1.0,0.0,0.0,0.0,flat,C,72.581,50000,20000,3d5c00f20519e6bb6eb6756f51f1ad36564e649d,4,0.05232,0.000999992,0.05232,0.000999992,0.654,0.019113,608.187754,-0.2806033250546752,0.9608836658648257,0.6802803408101504,decreasing,2,151,2,20000,review,1.0,2e-10,50.0,0,review
dia60al40-dem-artifacts-sizeC-pscale2-Emax72.581-mu0.654-wallmu0.019113-seed2-settle1-vel50,needs_physics_calibration,1.0,1.3810162685699452,0.0,1.3810162685699452,increasing,C,72.581,50000,20000,3d5c00f20519e6bb6eb6756f51f1ad36564e649d,2,0.05232,0.000999992,0.05232,0.000999992,0.654,0.019113,608.187754,-0.2351481224268599,0.9608836658648257,0.7257355434379658,decreasing,2,151,2,20000,review,1.25,2e-10,50.0,0,review
dia60al40-dem-artifacts-sizeC-pscale2-Emax72.581-mu0.654-wallmu0.019113-seed2-settle1-vel50,needs_physics_calibration,1.0,0.0,0.0,0.0,flat,C,72.581,50000,20000,3d5c00f20519e6bb6eb6756f51f1ad36564e649d,3,0.05232,0.000999992,0.05232,0.000999992,0.654,0.019113,608.187754,-0.2351481224268599,0.9608836658648257,0.7257355434379658,decreasing,2,151,2,20000,review,1.25,2e-10,50.0,0,review
dia60al40-dem-artifacts-sizeC-pscale2-Emax72.581-mu0.654-wallmu0.019113-seed2-settle1-vel50,needs_physics_calibration,1.0,0.0,0.0,0.0,flat,C,72.581,50000,20000,3d5c00f20519e6bb6eb6756f51f1ad36564e649d,4,0.05232,0.000999992,0.05232,0.000999992,0.654,0.019113,608.187754,-0.2351481224268599,0.9608836658648257,0.7257355434379658,decreasing,2,151,2,20000,review,1.25,2e-10,50.0,0,review
dia60al40-dem-artifacts-sizeC-pscale2-Emax72.581-mu0.654-wallmu0.019113-seed2-settle1-vel50,needs_physics_calibration,1.0,1.3685141853136158,0.0,1.3685141853136158,increasing,C,72.581,50000,20000,3d5c00f20519e6bb6eb6756f51f1ad36564e649d,2,0.05232,0.000999992,0.05232,0.000999992,0.654,0.019113,608.187754,-0.20840178987236935,0.9608836658648257,0.7524818759924563,decreasing,2,151,2,20000,review,1.5,2e-10,50.0,0,review
dia60al40-dem-artifacts-sizeC-pscale2-Emax72.581-mu0.654-wallmu0.019113-seed2-settle1-vel50,needs_physics_calibration,1.0,0.0,0.0,0.0,flat,C,72.581,50000,20000,3d5c00f20519e6bb6eb6756f51f1ad36564e649d,3,0.05232,0.000999992,0.05232,0.000999992,0.654,0.019113,608.187754,-0.20840178987236935,0.9608836658648257,0.7524818759924563,decreasing,2,151,2,20000,review,1.5,2e-10,50.0,0,review
dia60al40-dem-artifacts-sizeC-pscale2-Emax72.581-mu0.654-wallmu0.019113-seed2-settle1-vel50,needs_physics_calibration,1.0,0.0,0.0,0.0,flat,C,72.581,50000,20000,3d5c00f20519e6bb6eb6756f51f1ad36564e649d,4,0.05232,0.000999992,0.05232,0.000999992,0.654,0.019113,608.187754,-0.20840178987236935,0.9608836658648257,0.7524818759924563,decreasing,2,151,2,20000,review,1.5,2e-10,50.0,0,review
dia60al40-dem-artifacts-sizeC-pscale2-Emax72.581-mu0.654-wallmu0.019113-seed2-settle1-vel50,needs_physics_calibration,1.0,0.0,0.0,0.0,flat,C,72.581,50000,20000,3d5c00f20519e6bb6eb6756f51f1ad36564e649d,2,0.05232,0.000999992,0.05232,0.000999992,0.654,0.019113,608.187754,-0.1501608079079243,0.9968287703670354,0.8466679624591111,decreasing,2,151,2,20000,review,2.0,2e-10,50.0,0,review
dia60al40-dem-artifacts-sizeC-pscale2-Emax72.581-mu0.654-wallmu0.019113-seed2-settle1-vel50,needs_physics_calibration,1.0,0.0,0.0,0.0,flat,C,72.581,50000,20000,3d5c00f20519e6bb6eb6756f51f1ad36564e649d,3,0.05232,0.000999992,0.05232,0.000999992,0.654,0.019113,608.187754,-0.1501608079079243,0.9968287703670354,0.8466679624591111,decreasing,2,151,2,20000,review,2.0,2e-10,50.0,0,review
dia60al40-dem-artifacts-sizeC-pscale2-Emax72.581-mu0.654-wallmu0.019113-seed2-settle1-vel50,needs_physics_calibration,0.8333333333333334,0.0,0.0,0.0,flat,C,72.581,50000,20000,3d5c00f20519e6bb6eb6756f51f1ad36564e649d,4,0.05232,0.000999992,0.05232,0.000999992,0.654,0.019113,608.187754,-0.1501608079079243,0.9968287703670354,0.8466679624591111,decreasing,2,151,2,20000,review,2.0,2e-10,50.0,0,review
dia60al40-dem-artifacts-sizeC-pscale2-Emax72.581-mu0.654-wallmu0.019113-seed3-settle1-vel50,candidate_pass,1.0,-1.0841086488238634,1.0841086488238634,0.0,decreasing,C,72.581,50000,20000,3d5c00f20519e6bb6eb6756f51f1ad36564e649d,2,0.05232,0.000999992,0.05232,0.000999992,0.654,0.019113,577.420093,0.17778113411904845,0.431481906677959,0.6092630407970074,increasing,2,151,3,20000,pass,0.05,2e-10,50.0,2,pass
dia60al40-dem-artifacts-sizeC-pscale2-Emax72.581-mu0.654-wallmu0.019113-seed3-settle1-vel50,candidate_pass,1.0,-0.6896148828853276,0.6896148828853276,0.0,decreasing,C,72.581,50000,20000,3d5c00f20519e6bb6eb6756f51f1ad36564e649d,3,0.05232,0.000999992,0.05232,0.000999992,0.654,0.019113,577.420093,0.17778113411904845,0.431481906677959,0.6092630407970074,increasing,2,151,3,20000,pass,0.05,2e-10,50.0,2,pass
dia60al40-dem-artifacts-sizeC-pscale2-Emax72.581-mu0.654-wallmu0.019113-seed3-settle1-vel50,candidate_pass,1.0,-0.6896148828853276,0.6896148828853276,0.0,decreasing,C,72.581,50000,20000,3d5c00f20519e6bb6eb6756f51f1ad36564e649d,4,0.05232,0.000999992,0.05232,0.000999992,0.654,0.019113,577.420093,0.17778113411904845,0.431481906677959,0.6092630407970074,increasing,2,151,3,20000,pass,0.05,2e-10,50.0,2,pass
dia60al40-dem-artifacts-sizeC-pscale2-Emax72.581-mu0.654-wallmu0.019113-seed3-settle1-vel50,candidate_pass,1.0,-1.094475318543196,1.094475318543196,0.0,decreasing,C,72.581,50000,20000,3d5c00f20519e6bb6eb6756f51f1ad36564e649d,2,0.05232,0.000999992,0.05232,0.000999992,0.654,0.019113,577.420093,0.1580691512382234,0.4614967228158635,0.6195658740540869,increasing,2,151,3,20000,pass,0.1,2e-10,50.0,2,pass
dia60al40-dem-artifacts-sizeC-pscale2-Emax72.581-mu0.654-wallmu0.019113-seed3-settle1-vel50,candidate_pass,1.0,-0.7007559895524603,0.7007559895524603,0.0,decreasing,C,72.581,50000,20000,3d5c00f20519e6bb6eb6756f51f1ad36564e649d,3,0.05232,0.000999992,0.05232,0.000999992,0.654,0.019113,577.420093,0.1580691512382234,0.4614967228158635,0.6195658740540869,increasing,2,151,3,20000,pass,0.1,2e-10,50.0,2,pass
dia60al40-dem-artifacts-sizeC-pscale2-Emax72.581-mu0.654-wallmu0.019113-seed3-settle1-vel50,candidate_pass,1.0,-0.7007559895524603,0.7007559895524603,0.0,decreasing,C,72.581,50000,20000,3d5c00f20519e6bb6eb6756f51f1ad36564e649d,2,0.05232,0.000999992,0.05232,0.000999992,0.654,0.019113,577.420093,0.16443891634722307,0.49489484874039213,0.6593337650876152,increasing,2,151,3,20000,pass,0.25,2e-10,50.0,2,pass
dia60al40-dem-artifacts-sizeC-pscale2-Emax72.581-mu0.654-wallmu0.019113-seed3-settle1-vel50,candidate_pass,1.0,-0.7007559895524603,0.7007559895524603,0.0,decreasing,C,72.581,50000,20000,3d5c00f20519e6bb6eb6756f51f1ad36564e649d,3,0.05232,0.000999992,0.05232,0.000999992,0.654,0.019113,577.420093,0.16443891634722307,0.49489484874039213,0.6593337650876152,increasing,2,151,3,20000,pass,0.25,2e-10,50.0,2,pass
dia60al40-dem-artifacts-sizeC-pscale2-Emax72.581-mu0.654-wallmu0.019113-seed3-settle1-vel50,needs_d1_decrease,1.0,0.0,0.0,0.0,flat,C,72.581,50000,20000,3d5c00f20519e6bb6eb6756f51f1ad36564e649d,4,0.05232,0.000999992,0.05232,0.000999992,0.654,0.019113,577.420093,0.1580691512382234,0.4614967228158635,0.6195658740540869,increasing,2,151,3,20000,review,0.1,2e-10,50.0,1,pass
dia60al40-dem-artifacts-sizeC-pscale2-Emax72.581-mu0.654-wallmu0.019113-seed3-settle1-vel50,needs_d1_decrease,1.0,0.0,0.0,0.0,flat,C,72.581,50000,20000,3d5c00f20519e6bb6eb6756f51f1ad36564e649d,4,0.05232,0.000999992,0.05232,0.000999992,0.654,0.019113,577.420093,0.16443891634722307,0.49489484874039213,0.6593337650876152,increasing,2,151,3,20000,review,0.25,2e-10,50.0,1,pass
dia60al40-dem-artifacts-sizeC-pscale2-Emax72.581-mu0.654-wallmu0.019113-seed3-settle1-vel50,needs_d1_decrease,1.0,0.9256167223628604,0.6753524137603599,1.6009691361232203,increasing,C,72.581,50000,20000,3d5c00f20519e6bb6eb6756f51f1ad36564e649d,2,0.05232,0.000999992,0.05232,0.000999992,0.654,0.019113,577.420093,0.0028294177252755626,0.8713013037631767,0.8741307214884523,increasing,2,151,3,20000,review,1.5,2e-10,50.0,1,pass
dia60al40-dem-artifacts-sizeC-pscale2-Emax72.581-mu0.654-wallmu0.019113-seed3-settle1-vel50,needs_d1_decrease,1.0,1.3174801796889122,0.0,1.3174801796889122,increasing,C,72.581,50000,20000,3d5c00f20519e6bb6eb6756f51f1ad36564e649d,3,0.05232,0.000999992,0.05232,0.000999992,0.654,0.019113,577.420093,0.0028294177252755626,0.8713013037631767,0.8741307214884523,increasing,2,151,3,20000,review,1.5,2e-10,50.0,1,pass
dia60al40-dem-artifacts-sizeC-pscale2-Emax72.581-mu0.654-wallmu0.019113-seed3-settle1-vel50,needs_d1_decrease,1.0,1.035480623658783,0.0,1.035480623658783,increasing,C,72.581,50000,20000,3d5c00f20519e6bb6eb6756f51f1ad36564e649d,2,0.05232,0.000999992,0.05232,0.000999992,0.654,0.019113,577.420093,0.03245791288810851,0.8976212630752798,0.9300791759633883,increasing,2,151,3,20000,review,2.0,2e-10,50.0,1,pass
dia60al40-dem-artifacts-sizeC-pscale2-Emax72.581-mu0.654-wallmu0.019113-seed3-settle1-vel50,needs_d1_decrease,1.0,0.4011908321624055,0.0,0.4011908321624055,increasing,C,72.581,50000,20000,3d5c00f20519e6bb6eb6756f51f1ad36564e649d,3,0.05232,0.000999992,0.05232,0.000999992,0.654,0.019113,577.420093,0.03245791288810851,0.8976212630752798,0.9300791759633883,increasing,2,151,3,20000,review,2.0,2e-10,50.0,1,pass
dia60al40-dem-artifacts-sizeC-pscale2-Emax72.581-mu0.654-wallmu0.019113-seed3-settle1-vel50,needs_d1_decrease,0.8333333333333334,0.0,0.0,0.0,flat,C,72.581,50000,20000,3d5c00f20519e6bb6eb6756f51f1ad36564e649d,4,0.05232,0.000999992,0.05232,0.000999992,0.654,0.019113,577.420093,0.0028294177252755626,0.8713013037631767,0.8741307214884523,increasing,2,151,3,20000,review,1.5,2e-10,50.0,1,pass
dia60al40-dem-artifacts-sizeC-pscale2-Emax72.581-mu0.654-wallmu0.019113-seed3-settle1-vel50,needs_d1_decrease,0.8333333333333334,0.4011908321624055,0.0,0.4011908321624055,increasing,C,72.581,50000,20000,3d5c00f20519e6bb6eb6756f51f1ad36564e649d,4,0.05232,0.000999992,0.05232,0.000999992,0.654,0.019113,577.420093,0.03245791288810851,0.8976212630752798,0.9300791759633883,increasing,2,151,3,20000,review,2.0,2e-10,50.0,1,pass
dia60al40-dem-artifacts-sizeC-pscale2-Emax72.581-mu0.654-wallmu0.019113-seed3-settle1-vel50,needs_physics_calibration,1.0,0.31965278926915475,0.6753524137603599,0.9950052030295147,increasing,C,72.581,50000,20000,3d5c00f20519e6bb6eb6756f51f1ad36564e649d,2,0.05232,0.000999992,0.05232,0.000999992,0.654,0.019113,577.420093,-0.15330871200511453,0.8713013037631767,0.7179925917580622,decreasing,2,151,3,20000,review,0.5,2e-10,50.0,0,pass
dia60al40-dem-artifacts-sizeC-pscale2-Emax72.581-mu0.654-wallmu0.019113-seed3-settle1-vel50,needs_physics_calibration,1.0,0.0,0.0,0.0,flat,C,72.581,50000,20000,3d5c00f20519e6bb6eb6756f51f1ad36564e649d,3,0.05232,0.000999992,0.05232,0.000999992,0.654,0.019113,577.420093,-0.15330871200511453,0.8713013037631767,0.7179925917580622,decreasing,2,151,3,20000,review,0.5,2e-10,50.0,0,pass
dia60al40-dem-artifacts-sizeC-pscale2-Emax72.581-mu0.654-wallmu0.019113-seed3-settle1-vel50,needs_physics_calibration,1.0,0.0,0.0,0.0,flat,C,72.581,50000,20000,3d5c00f20519e6bb6eb6756f51f1ad36564e649d,4,0.05232,0.000999992,0.05232,0.000999992,0.654,0.019113,577.420093,-0.15330871200511453,0.8713013037631767,0.7179925917580622,decreasing,2,151,3,20000,review,0.5,2e-10,50.0,0,pass
dia60al40-dem-artifacts-sizeC-pscale2-Emax72.581-mu0.654-wallmu0.019113-seed3-settle1-vel50,needs_physics_calibration,1.0,0.7235074314186396,0.6753524137603599,1.3988598451789995,increasing,C,72.581,50000,20000,3d5c00f20519e6bb6eb6756f51f1ad36564e649d,2,0.05232,0.000999992,0.05232,0.000999992,0.654,0.019113,577.420093,-0.10308126206588397,0.8713013037631767,0.7682200416972927,decreasing,2,151,3,20000,review,0.75,2e-10,50.0,0,pass
dia60al40-dem-artifacts-sizeC-pscale2-Emax72.581-mu0.654-wallmu0.019113-seed3-settle1-vel50,needs_physics_calibration,1.0,0.0,0.0,0.0,flat,C,72.581,50000,20000,3d5c00f20519e6bb6eb6756f51f1ad36564e649d,3,0.05232,0.000999992,0.05232,0.000999992,0.654,0.019113,577.420093,-0.10308126206588397,0.8713013037631767,0.7682200416972927,decreasing,2,151,3,20000,review,0.75,2e-10,50.0,0,pass
dia60al40-dem-artifacts-sizeC-pscale2-Emax72.581-mu0.654-wallmu0.019113-seed3-settle1-vel50,needs_physics_calibration,1.0,0.0,0.0,0.0,flat,C,72.581,50000,20000,3d5c00f20519e6bb6eb6756f51f1ad36564e649d,4,0.05232,0.000999992,0.05232,0.000999992,0.654,0.019113,577.420093,-0.10308126206588397,0.8713013037631767,0.7682200416972927,decreasing,2,151,3,20000,review,0.75,2e-10,50.0,0,pass
dia60al40-dem-artifacts-sizeC-pscale2-Emax72.581-mu0.654-wallmu0.019113-seed3-settle1-vel50,needs_physics_calibration,1.0,0.31523824682431645,0.6753524137603599,0.9905906605846764,increasing,C,72.581,50000,20000,3d5c00f20519e6bb6eb6756f51f1ad36564e649d,2,0.05232,0.000999992,0.05232,0.000999992,0.654,0.019113,577.420093,-0.06158163424941543,0.8713013037631767,0.8097196695137613,decreasing,2,151,3,20000,review,1.0,2e-10,50.0,0,pass
dia60al40-dem-artifacts-sizeC-pscale2-Emax72.581-mu0.654-wallmu0.019113-seed3-settle1-vel50,needs_physics_calibration,1.0,0.0,0.0,0.0,flat,C,72.581,50000,20000,3d5c00f20519e6bb6eb6756f51f1ad36564e649d,3,0.05232,0.000999992,0.05232,0.000999992,0.654,0.019113,577.420093,-0.06158163424941543,0.8713013037631767,0.8097196695137613,decreasing,2,151,3,20000,review,1.0,2e-10,50.0,0,pass
dia60al40-dem-artifacts-sizeC-pscale2-Emax72.581-mu0.654-wallmu0.019113-seed3-settle1-vel50,needs_physics_calibration,1.0,0.0,0.0,0.0,flat,C,72.581,50000,20000,3d5c00f20519e6bb6eb6756f51f1ad36564e649d,4,0.05232,0.000999992,0.05232,0.000999992,0.654,0.019113,577.420093,-0.06158163424941543,0.8713013037631767,0.8097196695137613,decreasing,2,151,3,20000,review,1.0,2e-10,50.0,0,pass
dia60al40-dem-artifacts-sizeC-pscale2-Emax72.581-mu0.654-wallmu0.019113-seed3-settle1-vel50,needs_physics_calibration,1.0,1.1967175833629584,0.6753524137603599,1.8720699971233183,increasing,C,72.581,50000,20000,3d5c00f20519e6bb6eb6756f51f1ad36564e649d,2,0.05232,0.000999992,0.05232,0.000999992,0.654,0.019113,577.420093,-0.026722228191084274,0.8713013037631767,0.8445790755720924,decreasing,2,151,3,20000,review,1.25,2e-10,50.0,0,pass
dia60al40-dem-artifacts-sizeC-pscale2-Emax72.581-mu0.654-wallmu0.019113-seed3-settle1-vel50,needs_physics_calibration,1.0,1.3355242554347169,0.0,1.3355242554347169,increasing,C,72.581,50000,20000,3d5c00f20519e6bb6eb6756f51f1ad36564e649d,3,0.05232,0.000999992,0.05232,0.000999992,0.654,0.019113,577.420093,-0.026722228191084274,0.8713013037631767,0.8445790755720924,decreasing,2,151,3,20000,review,1.25,2e-10,50.0,0,pass
dia60al40-dem-artifacts-sizeC-pscale2-Emax72.581-mu0.654-wallmu0.019113-seed3-settle1-vel50,needs_physics_calibration,1.0,0.0,0.0,0.0,flat,C,72.581,50000,20000,3d5c00f20519e6bb6eb6756f51f1ad36564e649d,4,0.05232,0.000999992,0.05232,0.000999992,0.654,0.019113,577.420093,-0.026722228191084274,0.8713013037631767,0.8445790755720924,decreasing,2,151,3,20000,review,1.25,2e-10,50.0,0,pass
dia60al40-dem-artifacts-sizeC-pscale2-Emax72.581-mu0.654-wallmu0.019113-seed4-settle1-vel50,candidate_pass,1.0,-1.1624210112336713,1.1624210112336713,0.0,decreasing,C,72.581,50000,20000,3d5c00f20519e6bb6eb6756f51f1ad36564e649d,2,0.05232,0.000999992,0.05232,0.000999992,0.654,0.019113,549.861245,0.010448298499437292,0.6349072678836513,0.6453555663830886,increasing,2,151,4,20000,pass,0.05,2e-10,50.0,2,pass
dia60al40-dem-artifacts-sizeC-pscale2-Emax72.581-mu0.654-wallmu0.019113-seed4-settle1-vel50,candidate_pass,1.0,-0.665373131757026,0.665373131757026,0.0,decreasing,C,72.581,50000,20000,3d5c00f20519e6bb6eb6756f51f1ad36564e649d,3,0.05232,0.000999992,0.05232,0.000999992,0.654,0.019113,549.861245,0.010448298499437292,0.6349072678836513,0.6453555663830886,increasing,2,151,4,20000,pass,0.05,2e-10,50.0,2,pass
dia60al40-dem-artifacts-sizeC-pscale2-Emax72.581-mu0.654-wallmu0.019113-seed4-settle1-vel50,candidate_pass,1.0,-0.138028046690677,0.138028046690677,0.0,decreasing,C,72.581,50000,20000,3d5c00f20519e6bb6eb6756f51f1ad36564e649d,4,0.05232,0.000999992,0.05232,0.000999992,0.654,0.019113,549.861245,0.010448298499437292,0.6349072678836513,0.6453555663830886,increasing,2,151,4,20000,pass,0.05,2e-10,50.0,2,pass
dia60al40-dem-artifacts-sizeC-pscale2-Emax72.581-mu0.654-wallmu0.019113-seed4-settle1-vel50,needs_participation_increase,1.0,-0.9421836509446802,0.9421836509446802,0.0,decreasing,C,72.581,50000,20000,3d5c00f20519e6bb6eb6756f51f1ad36564e649d,2,0.05232,0.000999992,0.05232,0.000999992,0.654,0.019113,549.861245,-0.05625321250635151,0.7105252226172166,0.6542720101108651,decreasing,2,151,4,20000,review,0.1,2e-10,50.0,1,pass
dia60al40-dem-artifacts-sizeC-pscale2-Emax72.581-mu0.654-wallmu0.019113-seed4-settle1-vel50,needs_participation_increase,1.0,-0.6640798384738436,0.6640798384738436,0.0,decreasing,C,72.581,50000,20000,3d5c00f20519e6bb6eb6756f51f1ad36564e649d,3,0.05232,0.000999992,0.05232,0.000999992,0.654,0.019113,549.861245,-0.05625321250635151,0.7105252226172166,0.6542720101108651,decreasing,2,151,4,20000,review,0.1,2e-10,50.0,1,pass
dia60al40-dem-artifacts-sizeC-pscale2-Emax72.581-mu0.654-wallmu0.019113-seed4-settle1-vel50,needs_participation_increase,1.0,-0.13442495683452302,0.13442495683452302,0.0,decreasing,C,72.581,50000,20000,3d5c00f20519e6bb6eb6756f51f1ad36564e649d,4,0.05232,0.000999992,0.05232,0.000999992,0.654,0.019113,549.861245,-0.05625321250635151,0.7105252226172166,0.6542720101108651,decreasing,2,151,4,20000,review,0.1,2e-10,50.0,1,pass
dia60al40-dem-artifacts-sizeC-pscale2-Emax72.581-mu0.654-wallmu0.019113-seed4-settle1-vel50,needs_participation_increase,1.0,-0.687647129538608,0.687647129538608,0.0,decreasing,C,72.581,50000,20000,3d5c00f20519e6bb6eb6756f51f1ad36564e649d,2,0.05232,0.000999992,0.05232,0.000999992,0.654,0.019113,549.861245,-0.1510239541855235,0.8410241633449181,0.6900002091593946,decreasing,2,151,4,20000,review,0.25,2e-10,50.0,1,pass
dia60al40-dem-artifacts-sizeC-pscale2-Emax72.581-mu0.654-wallmu0.019113-seed4-settle1-vel50,needs_participation_increase,1.0,-0.1456988962705325,0.1456988962705325,0.0,decreasing,C,72.581,50000,20000,3d5c00f20519e6bb6eb6756f51f1ad36564e649d,3,0.05232,0.000999992,0.05232,0.000999992,0.654,0.019113,549.861245,-0.1510239541855235,0.8410241633449181,0.6900002091593946,decreasing,2,151,4,20000,review,0.25,2e-10,50.0,1,pass
dia60al40-dem-artifacts-sizeC-pscale2-Emax72.581-mu0.654-wallmu0.019113-seed4-settle1-vel50,needs_participation_increase,1.0,-0.1456988962705325,0.1456988962705325,0.0,decreasing,C,72.581,50000,20000,3d5c00f20519e6bb6eb6756f51f1ad36564e649d,4,0.05232,0.000999992,0.05232,0.000999992,0.654,0.019113,549.861245,-0.1510239541855235,0.8410241633449181,0.6900002091593946,decreasing,2,151,4,20000,review,0.25,2e-10,50.0,1,pass
dia60al40-dem-artifacts-sizeC-pscale2-Emax72.581-mu0.654-wallmu0.019113-seed4-settle1-vel50,needs_participation_increase,1.0,-0.1456988962705325,0.1456988962705325,0.0,decreasing,C,72.581,50000,20000,3d5c00f20519e6bb6eb6756f51f1ad36564e649d,2,0.05232,0.000999992,0.05232,0.000999992,0.654,0.019113,549.861245,-0.13642083398119853,0.8849599841384788,0.7485391501572802,decreasing,2,151,4,20000,review,0.5,2e-10,50.0,1,pass
dia60al40-dem-artifacts-sizeC-pscale2-Emax72.581-mu0.654-wallmu0.019113-seed4-settle1-vel50,needs_participation_increase,1.0,-0.1456988962705325,0.1456988962705325,0.0,decreasing,C,72.581,50000,20000,3d5c00f20519e6bb6eb6756f51f1ad36564e649d,3,0.05232,0.000999992,0.05232,0.000999992,0.654,0.019113,549.861245,-0.13642083398119853,0.8849599841384788,0.7485391501572802,decreasing,2,151,4,20000,review,0.5,2e-10,50.0,1,pass
dia60al40-dem-artifacts-sizeC-pscale2-Emax72.581-mu0.654-wallmu0.019113-seed4-settle1-vel50,needs_participation_increase,1.0,-0.1456988962705325,0.1456988962705325,0.0,decreasing,C,72.581,50000,20000,3d5c00f20519e6bb6eb6756f51f1ad36564e649d,4,0.05232,0.000999992,0.05232,0.000999992,0.654,0.019113,549.861245,-0.13642083398119853,0.8849599841384788,0.7485391501572802,decreasing,2,151,4,20000,review,0.5,2e-10,50.0,1,pass
dia60al40-dem-artifacts-sizeC-pscale2-Emax72.581-mu0.654-wallmu0.019113-seed4-settle1-vel50,needs_participation_increase,1.0,-0.1456988962705325,0.1456988962705325,0.0,decreasing,C,72.581,50000,20000,3d5c00f20519e6bb6eb6756f51f1ad36564e649d,2,0.05232,0.000999992,0.05232,0.000999992,0.654,0.019113,549.861245,-0.08610920340010808,0.8849599841384788,0.7988507807383707,decreasing,2,151,4,20000,review,0.75,2e-10,50.0,1,pass
dia60al40-dem-artifacts-sizeC-pscale2-Emax72.581-mu0.654-wallmu0.019113-seed4-settle1-vel50,needs_participation_increase,1.0,-0.1456988962705325,0.1456988962705325,0.0,decreasing,C,72.581,50000,20000,3d5c00f20519e6bb6eb6756f51f1ad36564e649d,3,0.05232,0.000999992,0.05232,0.000999992,0.654,0.019113,549.861245,-0.08610920340010808,0.8849599841384788,0.7988507807383707,decreasing,2,151,4,20000,review,0.75,2e-10,50.0,1,pass
dia60al40-dem-artifacts-sizeC-pscale2-Emax72.581-mu0.654-wallmu0.019113-seed4-settle1-vel50,needs_participation_increase,1.0,-0.1456988962705325,0.1456988962705325,0.0,decreasing,C,72.581,50000,20000,3d5c00f20519e6bb6eb6756f51f1ad36564e649d,4,0.05232,0.000999992,0.05232,0.000999992,0.654,0.019113,549.861245,-0.08610920340010808,0.8849599841384788,0.7988507807383707,decreasing,2,151,4,20000,review,0.75,2e-10,50.0,1,pass
dia60al40-dem-artifacts-sizeC-pscale2-Emax72.581-mu0.654-wallmu0.019113-seed4-settle1-vel50,needs_participation_increase,1.0,-0.1456988962705325,0.1456988962705325,0.0,decreasing,C,72.581,50000,20000,3d5c00f20519e6bb6eb6756f51f1ad36564e649d,4,0.05232,0.000999992,0.05232,0.000999992,0.654,0.019113,549.861245,-0.03626129057765892,0.8849599841384788,0.8486986935608198,decreasing,2,151,4,20000,review,1.0,2e-10,50.0,1,pass
dia60al40-dem-artifacts-sizeC-pscale2-Emax72.581-mu0.654-wallmu0.019113-seed4-settle1-vel50,needs_participation_increase,1.0,-0.21118390121396172,0.21118390121396172,0.0,decreasing,C,72.581,50000,20000,3d5c00f20519e6bb6eb6756f51f1ad36564e649d,3,0.05232,0.000999992,0.05232,0.000999992,0.654,0.019113,549.861245,-0.015245698229585436,0.896550652166118,0.8813049539365325,decreasing,2,151,4,20000,review,1.25,2e-10,50.0,1,pass
dia60al40-dem-artifacts-sizeC-pscale2-Emax72.581-mu0.654-wallmu0.019113-seed4-settle1-vel50,needs_participation_increase,1.0,-0.21118390121396172,0.21118390121396172,0.0,decreasing,C,72.581,50000,20000,3d5c00f20519e6bb6eb6756f51f1ad36564e649d,4,0.05232,0.000999992,0.05232,0.000999992,0.654,0.019113,549.861245,-0.015245698229585436,0.896550652166118,0.8813049539365325,decreasing,2,151,4,20000,review,1.25,2e-10,50.0,1,pass
dia60al40-dem-artifacts-sizeC-pscale2-Emax72.581-mu0.654-wallmu0.019113-seed4-settle1-vel50,needs_physics_calibration,1.0,1.2323883038672143,0.1456988962705325,1.3780872001377469,increasing,C,72.581,50000,20000,3d5c00f20519e6bb6eb6756f51f1ad36564e649d,2,0.05232,0.000999992,0.05232,0.000999992,0.654,0.019113,549.861245,-0.03626129057765892,0.8849599841384788,0.8486986935608198,decreasing,2,151,4,20000,review,1.0,2e-10,50.0,0,pass
dia60al40-dem-artifacts-sizeC-pscale2-Emax72.581-mu0.654-wallmu0.019113-seed4-settle1-vel50,needs_physics_calibration,1.0,0.8319456408807582,0.1456988962705325,0.9776445371512906,increasing,C,72.581,50000,20000,3d5c00f20519e6bb6eb6756f51f1ad36564e649d,3,0.05232,0.000999992,0.05232,0.000999992,0.654,0.019113,549.861245,-0.03626129057765892,0.8849599841384788,0.8486986935608198,decreasing,2,151,4,20000,review,1.0,2e-10,50.0,0,pass
dia60al40-dem-artifacts-sizeC-pscale2-Emax72.581-mu0.654-wallmu0.019113-seed4-settle1-vel50,needs_physics_calibration,1.0,1.172739098200465,0.21118390121396172,1.3839229994144269,increasing,C,72.581,50000,20000,3d5c00f20519e6bb6eb6756f51f1ad36564e649d,2,0.05232,0.000999992,0.05232,0.000999992,0.654,0.019113,549.861245,-0.015245698229585436,0.896550652166118,0.8813049539365325,decreasing,2,151,4,20000,review,1.25,2e-10,50.0,0,pass
dia60al40-dem-artifacts-sizeC-pscale2-Emax72.581-mu0.654-wallmu0.019113-seed4-settle1-vel50,needs_physics_calibration,1.0,1.098570370469612,0.6823448019735548,1.7809151724431667,increasing,C,72.581,50000,20000,3d5c00f20519e6bb6eb6756f51f1ad36564e649d,2,0.05232,0.000999992,0.05232,0.000999992,0.654,0.019113,549.861245,-0.03375480869734959,0.9487863626816256,0.915031553984276,decreasing,2,151,4,20000,review,1.5,2e-10,50.0,0,pass
dia60al40-dem-artifacts-sizeC-pscale2-Emax72.581-mu0.654-wallmu0.019113-seed4-settle1-vel50,needs_physics_calibration,1.0,0.9053619841533296,0.0,0.9053619841533296,increasing,C,72.581,50000,20000,3d5c00f20519e6bb6eb6756f51f1ad36564e649d,3,0.05232,0.000999992,0.05232,0.000999992,0.654,0.019113,549.861245,-0.03375480869734959,0.9487863626816256,0.915031553984276,decreasing,2,151,4,20000,review,1.5,2e-10,50.0,0,pass
dia60al40-dem-artifacts-sizeC-pscale2-Emax72.581-mu0.654-wallmu0.019113-seed4-settle1-vel50,needs_physics_calibration,1.0,0.9053619841533296,0.0,0.9053619841533296,increasing,C,72.581,50000,20000,3d5c00f20519e6bb6eb6756f51f1ad36564e649d,4,0.05232,0.000999992,0.05232,0.000999992,0.654,0.019113,549.861245,-0.03375480869734959,0.9487863626816256,0.915031553984276,decreasing,2,151,4,20000,review,1.5,2e-10,50.0,0,pass
dia60al40-dem-artifacts-sizeC-pscale2-Emax72.581-mu0.654-wallmu0.019113-seed4-settle1-vel50,needs_physics_calibration,1.0,1.3121177380681275,0.0,1.3121177380681275,increasing,C,72.581,50000,20000,3d5c00f20519e6bb6eb6756f51f1ad36564e649d,2,0.05232,0.000999992,0.05232,0.000999992,0.654,0.019113,549.861245,-0.03516146725432012,0.9815232668108286,0.9463617995565085,decreasing,2,151,4,20000,review,2.0,2e-10,50.0,0,pass
dia60al40-dem-artifacts-sizeC-pscale2-Emax72.581-mu0.654-wallmu0.019113-seed4-settle1-vel50,needs_physics_calibration,1.0,0.0,0.0,0.0,flat,C,72.581,50000,20000,3d5c00f20519e6bb6eb6756f51f1ad36564e649d,3,0.05232,0.000999992,0.05232,0.000999992,0.654,0.019113,549.861245,-0.03516146725432012,0.9815232668108286,0.9463617995565085,decreasing,2,151,4,20000,review,2.0,2e-10,50.0,0,pass
dia60al40-dem-artifacts-sizeC-pscale2-Emax72.581-mu0.654-wallmu0.019113-seed4-settle1-vel50,needs_physics_calibration,1.0,0.0,0.0,0.0,flat,C,72.581,50000,20000,3d5c00f20519e6bb6eb6756f51f1ad36564e649d,4,0.05232,0.000999992,0.05232,0.000999992,0.654,0.019113,549.861245,-0.03516146725432012,0.9815232668108286,0.9463617995565085,decreasing,2,151,4,20000,review,2.0,2e-10,50.0,0,pass
dia60al40-dem-artifacts-sizeC-pscale2-Emax72.581-mu0.654-wallmu1-seed0-settle1-vel50,needs_participation_increase,1.0,-0.7382616437436021,0.7382616437436021,0.0,decreasing,C,72.581,50000,20000,3d5c00f20519e6bb6eb6756f51f1ad36564e649d,2,0.05232,0.05232,0.05232,0.05232,0.654,1.0,573.482648,-0.32279779295512645,0.868825149772449,0.5460273568173225,decreasing,2,151,0,20000,review,0.05,2e-10,50.0,1,pass
dia60al40-dem-artifacts-sizeC-pscale2-Emax72.581-mu0.654-wallmu1-seed0-settle1-vel50,needs_participation_increase,1.0,-0.7382616437436021,0.7382616437436021,0.0,decreasing,C,72.581,50000,20000,3d5c00f20519e6bb6eb6756f51f1ad36564e649d,2,0.05232,0.05232,0.05232,0.05232,0.654,1.0,573.482648,-0.3144358293619147,0.868825149772449,0.5543893204105342,decreasing,2,151,0,20000,review,0.1,2e-10,50.0,1,pass
dia60al40-dem-artifacts-sizeC-pscale2-Emax72.581-mu0.654-wallmu1-seed0-settle1-vel50,needs_participation_increase,1.0,-0.7382616437436021,0.7382616437436021,0.0,decreasing,C,72.581,50000,20000,3d5c00f20519e6bb6eb6756f51f1ad36564e649d,2,0.05232,0.05232,0.05232,0.05232,0.654,1.0,573.482648,-0.27591636745874726,0.868825149772449,0.5929087823137017,decreasing,2,151,0,20000,review,0.25,2e-10,50.0,1,pass
dia60al40-dem-artifacts-sizeC-pscale2-Emax72.581-mu0.654-wallmu1-seed0-settle1-vel50,needs_participation_increase,1.0,-0.525466359524693,0.525466359524693,0.0,decreasing,C,72.581,50000,20000,3d5c00f20519e6bb6eb6756f51f1ad36564e649d,2,0.05232,0.05232,0.05232,0.05232,0.654,1.0,573.482648,-0.029775582094273112,0.9049242694326226,0.8751486873383495,decreasing,2,151,0,20000,review,1.5,2e-10,50.0,1,pass
dia60al40-dem-artifacts-sizeC-pscale2-Emax72.581-mu0.654-wallmu1-seed0-settle1-vel50,needs_participation_increase,1.0,-0.4306904039879092,0.4306904039879092,0.0,decreasing,C,72.581,50000,20000,3d5c00f20519e6bb6eb6756f51f1ad36564e649d,2,0.05232,0.05232,0.05232,0.05232,0.654,1.0,573.482648,-0.0006248880260791845,0.9317472715970917,0.9311223835710125,decreasing,2,151,0,20000,review,2.0,2e-10,50.0,1,pass
dia60al40-dem-artifacts-sizeC-pscale2-Emax72.581-mu0.654-wallmu1-seed0-settle1-vel50,needs_physics_calibration,1.0,0.0,0.0,0.0,flat,C,72.581,50000,20000,3d5c00f20519e6bb6eb6756f51f1ad36564e649d,3,0.05232,0.05232,0.05232,0.05232,0.654,1.0,573.482648,-0.32279779295512645,0.868825149772449,0.5460273568173225,decreasing,2,151,0,20000,review,0.05,2e-10,50.0,0,pass
dia60al40-dem-artifacts-sizeC-pscale2-Emax72.581-mu0.654-wallmu1-seed0-settle1-vel50,needs_physics_calibration,1.0,0.0,0.0,0.0,flat,C,72.581,50000,20000,3d5c00f20519e6bb6eb6756f51f1ad36564e649d,4,0.05232,0.05232,0.05232,0.05232,0.654,1.0,573.482648,-0.32279779295512645,0.868825149772449,0.5460273568173225,decreasing,2,151,0,20000,review,0.05,2e-10,50.0,0,pass
dia60al40-dem-artifacts-sizeC-pscale2-Emax72.581-mu0.654-wallmu1-seed0-settle1-vel50,needs_physics_calibration,1.0,0.0,0.0,0.0,flat,C,72.581,50000,20000,3d5c00f20519e6bb6eb6756f51f1ad36564e649d,3,0.05232,0.05232,0.05232,0.05232,0.654,1.0,573.482648,-0.3144358293619147,0.868825149772449,0.5543893204105342,decreasing,2,151,0,20000,review,0.1,2e-10,50.0,0,pass
dia60al40-dem-artifacts-sizeC-pscale2-Emax72.581-mu0.654-wallmu1-seed0-settle1-vel50,needs_physics_calibration,1.0,0.0,0.0,0.0,flat,C,72.581,50000,20000,3d5c00f20519e6bb6eb6756f51f1ad36564e649d,4,0.05232,0.05232,0.05232,0.05232,0.654,1.0,573.482648,-0.3144358293619147,0.868825149772449,0.5543893204105342,decreasing,2,151,0,20000,review,0.1,2e-10,50.0,0,pass
dia60al40-dem-artifacts-sizeC-pscale2-Emax72.581-mu0.654-wallmu1-seed0-settle1-vel50,needs_physics_calibration,1.0,0.0,0.0,0.0,flat,C,72.581,50000,20000,3d5c00f20519e6bb6eb6756f51f1ad36564e649d,3,0.05232,0.05232,0.05232,0.05232,0.654,1.0,573.482648,-0.27591636745874726,0.868825149772449,0.5929087823137017,decreasing,2,151,0,20000,review,0.25,2e-10,50.0,0,pass
dia60al40-dem-artifacts-sizeC-pscale2-Emax72.581-mu0.654-wallmu1-seed0-settle1-vel50,needs_physics_calibration,1.0,0.0,0.0,0.0,flat,C,72.581,50000,20000,3d5c00f20519e6bb6eb6756f51f1ad36564e649d,4,0.05232,0.05232,0.05232,0.05232,0.654,1.0,573.482648,-0.27591636745874726,0.868825149772449,0.5929087823137017,decreasing,2,151,0,20000,review,0.25,2e-10,50.0,0,pass
dia60al40-dem-artifacts-sizeC-pscale2-Emax72.581-mu0.654-wallmu1-seed0-settle1-vel50,needs_physics_calibration,1.0,0.2581998929942493,0.7382616437436021,0.9964615367378514,increasing,C,72.581,50000,20000,3d5c00f20519e6bb6eb6756f51f1ad36564e649d,2,0.05232,0.05232,0.05232,0.05232,0.654,1.0,573.482648,-0.20575038404881052,0.868825149772449,0.6630747657236384,decreasing,2,151,0,20000,review,0.5,2e-10,50.0,0,pass
dia60al40-dem-artifacts-sizeC-pscale2-Emax72.581-mu0.654-wallmu1-seed0-settle1-vel50,needs_physics_calibration,1.0,0.2554074359013552,0.7382616437436021,0.9936690796449573,increasing,C,72.581,50000,20000,3d5c00f20519e6bb6eb6756f51f1ad36564e649d,2,0.05232,0.05232,0.05232,0.05232,0.654,1.0,573.482648,-0.13037410883403666,0.868825149772449,0.7384510409384123,decreasing,2,151,0,20000,review,0.75,2e-10,50.0,0,pass
dia60al40-dem-artifacts-sizeC-pscale2-Emax72.581-mu0.654-wallmu1-seed0-settle1-vel50,needs_physics_calibration,1.0,1.211174708527642,0.7382616437436021,1.9494363522712441,increasing,C,72.581,50000,20000,3d5c00f20519e6bb6eb6756f51f1ad36564e649d,2,0.05232,0.05232,0.05232,0.05232,0.654,1.0,573.482648,-0.07388620443651683,0.868825149772449,0.7949389453359321,decreasing,2,151,0,20000,review,1.0,2e-10,50.0,0,pass
dia60al40-dem-artifacts-sizeC-pscale2-Emax72.581-mu0.654-wallmu1-seed0-settle1-vel50,needs_physics_calibration,1.0,0.24707141657674603,0.7382616437436021,0.9853330603203482,increasing,C,72.581,50000,20000,3d5c00f20519e6bb6eb6756f51f1ad36564e649d,2,0.05232,0.05232,0.05232,0.05232,0.654,1.0,573.482648,-0.02045202758357223,0.868825149772449,0.8483731221888767,decreasing,2,151,0,20000,review,1.25,2e-10,50.0,0,pass
dia60al40-dem-artifacts-sizeC-pscale2-Emax72.581-mu0.654-wallmu1-seed0-settle1-vel50,needs_physics_calibration,0.8333333333333334,0.0,0.0,0.0,flat,C,72.581,50000,20000,3d5c00f20519e6bb6eb6756f51f1ad36564e649d,3,0.05232,0.05232,0.05232,0.05232,0.654,1.0,573.482648,-0.20575038404881052,0.868825149772449,0.6630747657236384,decreasing,2,151,0,20000,review,0.5,2e-10,50.0,0,pass
dia60al40-dem-artifacts-sizeC-pscale2-Emax72.581-mu0.654-wallmu1-seed0-settle1-vel50,needs_physics_calibration,0.8333333333333334,0.0,0.0,0.0,flat,C,72.581,50000,20000,3d5c00f20519e6bb6eb6756f51f1ad36564e649d,4,0.05232,0.05232,0.05232,0.05232,0.654,1.0,573.482648,-0.20575038404881052,0.868825149772449,0.6630747657236384,decreasing,2,151,0,20000,review,0.5,2e-10,50.0,0,pass
dia60al40-dem-artifacts-sizeC-pscale2-Emax72.581-mu0.654-wallmu1-seed0-settle1-vel50,needs_physics_calibration,0.8333333333333334,0.0,0.0,0.0,flat,C,72.581,50000,20000,3d5c00f20519e6bb6eb6756f51f1ad36564e649d,3,0.05232,0.05232,0.05232,0.05232,0.654,1.0,573.482648,-0.13037410883403666,0.868825149772449,0.7384510409384123,decreasing,2,151,0,20000,review,0.75,2e-10,50.0,0,pass
dia60al40-dem-artifacts-sizeC-pscale2-Emax72.581-mu0.654-wallmu1-seed0-settle1-vel50,needs_physics_calibration,0.8333333333333334,0.0,0.0,0.0,flat,C,72.581,50000,20000,3d5c00f20519e6bb6eb6756f51f1ad36564e649d,4,0.05232,0.05232,0.05232,0.05232,0.654,1.0,573.482648,-0.13037410883403666,0.868825149772449,0.7384510409384123,decreasing,2,151,0,20000,review,0.75,2e-10,50.0,0,pass
dia60al40-dem-artifacts-sizeC-pscale2-Emax72.581-mu0.654-wallmu1-seed0-settle1-vel50,needs_physics_calibration,0.8333333333333334,0.0,0.0,0.0,flat,C,72.581,50000,20000,3d5c00f20519e6bb6eb6756f51f1ad36564e649d,3,0.05232,0.05232,0.05232,0.05232,0.654,1.0,573.482648,-0.07388620443651683,0.868825149772449,0.7949389453359321,decreasing,2,151,0,20000,review,1.0,2e-10,50.0,0,pass
dia60al40-dem-artifacts-sizeC-pscale2-Emax72.581-mu0.654-wallmu1-seed0-settle1-vel50,needs_physics_calibration,0.8333333333333334,0.0,0.0,0.0,flat,C,72.581,50000,20000,3d5c00f20519e6bb6eb6756f51f1ad36564e649d,4,0.05232,0.05232,0.05232,0.05232,0.654,1.0,573.482648,-0.07388620443651683,0.868825149772449,0.7949389453359321,decreasing,2,151,0,20000,review,1.0,2e-10,50.0,0,pass
dia60al40-dem-artifacts-sizeC-pscale2-Emax72.581-mu0.654-wallmu1-seed0-settle1-vel50,needs_physics_calibration,0.8333333333333334,0.0,0.0,0.0,flat,C,72.581,50000,20000,3d5c00f20519e6bb6eb6756f51f1ad36564e649d,3,0.05232,0.05232,0.05232,0.05232,0.654,1.0,573.482648,-0.02045202758357223,0.868825149772449,0.8483731221888767,decreasing,2,151,0,20000,review,1.25,2e-10,50.0,0,pass
dia60al40-dem-artifacts-sizeC-pscale2-Emax72.581-mu0.654-wallmu1-seed0-settle1-vel50,needs_physics_calibration,0.8333333333333334,0.0,0.0,0.0,flat,C,72.581,50000,20000,3d5c00f20519e6bb6eb6756f51f1ad36564e649d,4,0.05232,0.05232,0.05232,0.05232,0.654,1.0,573.482648,-0.02045202758357223,0.868825149772449,0.8483731221888767,decreasing,2,151,0,20000,review,1.25,2e-10,50.0,0,pass
dia60al40-dem-artifacts-sizeC-pscale2-Emax72.581-mu0.654-wallmu1-seed0-settle1-vel50,needs_physics_calibration,0.8333333333333334,0.0,0.0,0.0,flat,C,72.581,50000,20000,3d5c00f20519e6bb6eb6756f51f1ad36564e649d,3,0.05232,0.05232,0.05232,0.05232,0.654,1.0,573.482648,-0.029775582094273112,0.9049242694326226,0.8751486873383495,decreasing,2,151,0,20000,review,1.5,2e-10,50.0,0,pass
dia60al40-dem-artifacts-sizeC-pscale2-Emax72.581-mu0.654-wallmu1-seed0-settle1-vel50,needs_physics_calibration,0.8333333333333334,0.0,0.0,0.0,flat,C,72.581,50000,20000,3d5c00f20519e6bb6eb6756f51f1ad36564e649d,4,0.05232,0.05232,0.05232,0.05232,0.654,1.0,573.482648,-0.029775582094273112,0.9049242694326226,0.8751486873383495,decreasing,2,151,0,20000,review,1.5,2e-10,50.0,0,pass
dia60al40-dem-artifacts-sizeC-pscale2-Emax72.581-mu0.654-wallmu1-seed0-settle1-vel50,needs_physics_calibration,0.8333333333333334,0.0,0.0,0.0,flat,C,72.581,50000,20000,3d5c00f20519e6bb6eb6756f51f1ad36564e649d,3,0.05232,0.05232,0.05232,0.05232,0.654,1.0,573.482648,-0.0006248880260791845,0.9317472715970917,0.9311223835710125,decreasing,2,151,0,20000,review,2.0,2e-10,50.0,0,pass
dia60al40-dem-artifacts-sizeC-pscale2-Emax72.581-mu0.654-wallmu1-seed0-settle1-vel50,needs_physics_calibration,0.6666666666666666,0.0,0.0,0.0,flat,C,72.581,50000,20000,3d5c00f20519e6bb6eb6756f51f1ad36564e649d,4,0.05232,0.05232,0.05232,0.05232,0.654,1.0,573.482648,-0.0006248880260791845,0.9317472715970917,0.9311223835710125,decreasing,2,151,0,20000,review,2.0,2e-10,50.0,0,pass
dia60al40-dem-artifacts-sizeC-pscale2-Emax72.581-mu0.654-wallmu1-seed1-settle1-vel50,candidate_pass,1.0,-1.3596051962097315,1.3596051962097315,0.0,decreasing,C,72.581,50000,20000,3d5c00f20519e6bb6eb6756f51f1ad36564e649d,2,0.05232,0.05232,0.05232,0.05232,0.654,1.0,543.867388,0.07825351613442055,0.49198541198235546,0.570238928116776,increasing,2,151,1,20000,pass,0.05,2e-10,50.0,2,pass
dia60al40-dem-artifacts-sizeC-pscale2-Emax72.581-mu0.654-wallmu1-seed1-settle1-vel50,candidate_pass,1.0,-1.3586283788251257,1.3586283788251257,0.0,decreasing,C,72.581,50000,20000,3d5c00f20519e6bb6eb6756f51f1ad36564e649d,2,0.05232,0.05232,0.05232,0.05232,0.654,1.0,543.867388,0.07019626276512203,0.5080526690270005,0.5782489317921226,increasing,2,151,1,20000,pass,0.1,2e-10,50.0,2,pass
dia60al40-dem-artifacts-sizeC-pscale2-Emax72.581-mu0.654-wallmu1-seed1-settle1-vel50,candidate_pass,1.0,-1.011570972007107,1.011570972007107,0.0,decreasing,C,72.581,50000,20000,3d5c00f20519e6bb6eb6756f51f1ad36564e649d,2,0.05232,0.05232,0.05232,0.05232,0.654,1.0,543.867388,0.020415775863416474,0.6556027824173498,0.6760185582807663,increasing,2,151,1,20000,pass,0.5,2e-10,50.0,2,pass
dia60al40-dem-artifacts-sizeC-pscale2-Emax72.581-mu0.654-wallmu1-seed1-settle1-vel50,candidate_pass,0.8333333333333334,-0.6563126169445563,0.6563126169445563,0.0,decreasing,C,72.581,50000,20000,3d5c00f20519e6bb6eb6756f51f1ad36564e649d,3,0.05232,0.05232,0.05232,0.05232,0.654,1.0,543.867388,0.03396803873912191,0.7101157148221059,0.7440837535612278,increasing,2,151,1,20000,pass,0.75,2e-10,50.0,2,pass
dia60al40-dem-artifacts-sizeC-pscale2-Emax72.581-mu0.654-wallmu1-seed1-settle1-vel50,candidate_pass,0.6666666666666666,-0.6563126169445563,0.6563126169445563,0.0,decreasing,C,72.581,50000,20000,3d5c00f20519e6bb6eb6756f51f1ad36564e649d,4,0.05232,0.05232,0.05232,0.05232,0.654,1.0,543.867388,0.03396803873912191,0.7101157148221059,0.7440837535612278,increasing,2,151,1,20000,pass,0.75,2e-10,50.0,2,pass
dia60al40-dem-artifacts-sizeC-pscale2-Emax72.581-mu0.654-wallmu1-seed1-settle1-vel50,candidate_pass,0.6666666666666666,-0.6641828872831071,0.6641828872831071,0.0,decreasing,C,72.581,50000,20000,3d5c00f20519e6bb6eb6756f51f1ad36564e649d,3,0.05232,0.05232,0.05232,0.05232,0.654,1.0,543.867388,0.03895772769610417,0.7503869321457431,0.7893446598418473,increasing,2,151,1,20000,pass,1.0,2e-10,50.0,2,pass
dia60al40-dem-artifacts-sizeC-pscale2-Emax72.581-mu0.654-wallmu1-seed1-settle1-vel50,needs_d1_decrease,1.0,0.0,0.0,0.0,flat,C,72.581,50000,20000,3d5c00f20519e6bb6eb6756f51f1ad36564e649d,3,0.05232,0.05232,0.05232,0.05232,0.654,1.0,543.867388,0.07825351613442055,0.49198541198235546,0.570238928116776,increasing,2,151,1,20000,review,0.05,2e-10,50.0,1,pass
dia60al40-dem-artifacts-sizeC-pscale2-Emax72.581-mu0.654-wallmu1-seed1-settle1-vel50,needs_d1_decrease,1.0,0.0,0.0,0.0,flat,C,72.581,50000,20000,3d5c00f20519e6bb6eb6756f51f1ad36564e649d,4,0.05232,0.05232,0.05232,0.05232,0.654,1.0,543.867388,0.07825351613442055,0.49198541198235546,0.570238928116776,increasing,2,151,1,20000,review,0.05,2e-10,50.0,1,pass
dia60al40-dem-artifacts-sizeC-pscale2-Emax72.581-mu0.654-wallmu1-seed1-settle1-vel50,needs_d1_decrease,1.0,0.0,0.0,0.0,flat,C,72.581,50000,20000,3d5c00f20519e6bb6eb6756f51f1ad36564e649d,3,0.05232,0.05232,0.05232,0.05232,0.654,1.0,543.867388,0.07019626276512203,0.5080526690270005,0.5782489317921226,increasing,2,151,1,20000,review,0.1,2e-10,50.0,1,pass
dia60al40-dem-artifacts-sizeC-pscale2-Emax72.581-mu0.654-wallmu1-seed1-settle1-vel50,needs_participation_increase,1.0,-1.0228691958759488,1.0228691958759488,0.0,decreasing,C,72.581,50000,20000,3d5c00f20519e6bb6eb6756f51f1ad36564e649d,2,0.05232,0.05232,0.05232,0.05232,0.654,1.0,543.867388,-0.001075051894098289,0.6231732180813077,0.6220981661872094,decreasing,2,151,1,20000,review,0.25,2e-10,50.0,1,pass
dia60al40-dem-artifacts-sizeC-pscale2-Emax72.581-mu0.654-wallmu1-seed1-settle1-vel50,needs_d1_decrease,1.0,0.2752484445783101,0.7187587433576176,0.9940071879359277,increasing,C,72.581,50000,20000,3d5c00f20519e6bb6eb6756f51f1ad36564e649d,2,0.05232,0.05232,0.05232,0.05232,0.654,1.0,543.867388,0.03396803873912191,0.7101157148221059,0.7440837535612278,increasing,2,151,1,20000,review,0.75,2e-10,50.0,1,pass
dia60al40-dem-artifacts-sizeC-pscale2-Emax72.581-mu0.654-wallmu1-seed1-settle1-vel50,needs_d1_decrease,1.0,0.5462531716031523,0.8484829457482851,1.3947361173514374,increasing,C,72.581,50000,20000,3d5c00f20519e6bb6eb6756f51f1ad36564e649d,2,0.05232,0.05232,0.05232,0.05232,0.654,1.0,543.867388,0.03895772769610417,0.7503869321457431,0.7893446598418473,increasing,2,151,1,20000,review,1.0,2e-10,50.0,1,pass
dia60al40-dem-artifacts-sizeC-pscale2-Emax72.581-mu0.654-wallmu1-seed1-settle1-vel50,needs_d1_decrease,0.8333333333333334,0.0,0.0,0.0,flat,C,72.581,50000,20000,3d5c00f20519e6bb6eb6756f51f1ad36564e649d,4,0.05232,0.05232,0.05232,0.05232,0.654,1.0,543.867388,0.07019626276512203,0.5080526690270005,0.5782489317921226,increasing,2,151,1,20000,review,0.1,2e-10,50.0,1,pass
dia60al40-dem-artifacts-sizeC-pscale2-Emax72.581-mu0.654-wallmu1-seed1-settle1-vel50,needs_d1_decrease,0.8333333333333334,0.0,0.0,0.0,flat,C,72.581,50000,20000,3d5c00f20519e6bb6eb6756f51f1ad36564e649d,3,0.05232,0.05232,0.05232,0.05232,0.654,1.0,543.867388,0.020415775863416474,0.6556027824173498,0.6760185582807663,increasing,2,151,1,20000,review,0.5,2e-10,50.0,1,pass
dia60al40-dem-artifacts-sizeC-pscale2-Emax72.581-mu0.654-wallmu1-seed1-settle1-vel50,needs_d1_decrease,0.6666666666666666,0.0,0.0,0.0,flat,C,72.581,50000,20000,3d5c00f20519e6bb6eb6756f51f1ad36564e649d,4,0.05232,0.05232,0.05232,0.05232,0.654,1.0,543.867388,0.020415775863416474,0.6556027824173498,0.6760185582807663,increasing,2,151,1,20000,review,0.5,2e-10,50.0,1,pass
dia60al40-dem-artifacts-sizeC-pscale2-Emax72.581-mu0.654-wallmu1-seed1-settle1-vel50,needs_d1_decrease,0.6666666666666666,0.0,0.0,0.0,flat,C,72.581,50000,20000,3d5c00f20519e6bb6eb6756f51f1ad36564e649d,4,0.05232,0.05232,0.05232,0.05232,0.654,1.0,543.867388,0.03895772769610417,0.7503869321457431,0.7893446598418473,increasing,2,151,1,20000,review,1.0,2e-10,50.0,1,pass
dia60al40-dem-artifacts-sizeC-pscale2-Emax72.581-mu0.654-wallmu1-seed1-settle1-vel50,needs_physics_calibration,1.0,1.4832586155098764,0.41670217236009566,1.899960787869972,increasing,C,72.581,50000,20000,3d5c00f20519e6bb6eb6756f51f1ad36564e649d,2,0.05232,0.05232,0.05232,0.05232,0.654,1.0,543.867388,-0.010683663079463668,0.829400287328393,0.8187166242489293,decreasing,2,151,1,20000,review,1.25,2e-10,50.0,0,pass
dia60al40-dem-artifacts-sizeC-pscale2-Emax72.581-mu0.654-wallmu1-seed1-settle1-vel50,needs_physics_calibration,1.0,1.5499137650711783,0.28476832666900737,1.8346820917401856,increasing,C,72.581,50000,20000,3d5c00f20519e6bb6eb6756f51f1ad36564e649d,2,0.05232,0.05232,0.05232,0.05232,0.654,1.0,543.867388,-0.0558688022569479,0.9040021140585698,0.8481333118016219,decreasing,2,151,1,20000,review,1.5,2e-10,50.0,0,pass
dia60al40-dem-artifacts-sizeC-pscale2-Emax72.581-mu0.654-wallmu1-seed1-settle1-vel50,needs_physics_calibration,1.0,0.047512095272432886,0.17927197181556295,0.22678406708799584,increasing,C,72.581,50000,20000,3d5c00f20519e6bb6eb6756f51f1ad36564e649d,2,0.05232,0.05232,0.05232,0.05232,0.654,1.0,543.867388,-0.07479267561053016,0.9735488502875345,0.8987561746770043,decreasing,2,151,1,20000,review,2.0,2e-10,50.0,0,pass
dia60al40-dem-artifacts-sizeC-pscale2-Emax72.581-mu0.654-wallmu1-seed1-settle1-vel50,needs_physics_calibration,0.8333333333333334,0.0,0.0,0.0,flat,C,72.581,50000,20000,3d5c00f20519e6bb6eb6756f51f1ad36564e649d,3,0.05232,0.05232,0.05232,0.05232,0.654,1.0,543.867388,-0.001075051894098289,0.6231732180813077,0.6220981661872094,decreasing,2,151,1,20000,review,0.25,2e-10,50.0,0,pass
dia60al40-dem-artifacts-sizeC-pscale2-Emax72.581-mu0.654-wallmu1-seed1-settle1-vel50,needs_physics_calibration,0.6666666666666666,0.0,0.0,0.0,flat,C,72.581,50000,20000,3d5c00f20519e6bb6eb6756f51f1ad36564e649d,4,0.05232,0.05232,0.05232,0.05232,0.654,1.0,543.867388,-0.001075051894098289,0.6231732180813077,0.6220981661872094,decreasing,2,151,1,20000,review,0.25,2e-10,50.0,0,pass
dia60al40-dem-artifacts-sizeC-pscale2-Emax72.581-mu0.654-wallmu1-seed1-settle1-vel50,needs_physics_calibration,0.6666666666666666,0.9657359776450739,0.0,0.9657359776450739,increasing,C,72.581,50000,20000,3d5c00f20519e6bb6eb6756f51f1ad36564e649d,3,0.05232,0.05232,0.05232,0.05232,0.654,1.0,543.867388,-0.010683663079463668,0.829400287328393,0.8187166242489293,decreasing,2,151,1,20000,review,1.25,2e-10,50.0,0,pass
dia60al40-dem-artifacts-sizeC-pscale2-Emax72.581-mu0.654-wallmu1-seed1-settle1-vel50,needs_physics_calibration,0.6666666666666666,0.0,0.0,0.0,flat,C,72.581,50000,20000,3d5c00f20519e6bb6eb6756f51f1ad36564e649d,4,0.05232,0.05232,0.05232,0.05232,0.654,1.0,543.867388,-0.010683663079463668,0.829400287328393,0.8187166242489293,decreasing,2,151,1,20000,review,1.25,2e-10,50.0,0,pass
dia60al40-dem-artifacts-sizeC-pscale2-Emax72.581-mu0.654-wallmu1-seed1-settle1-vel50,needs_physics_calibration,0.6666666666666666,1.320248704678939,0.0,1.320248704678939,increasing,C,72.581,50000,20000,3d5c00f20519e6bb6eb6756f51f1ad36564e649d,3,0.05232,0.05232,0.05232,0.05232,0.654,1.0,543.867388,-0.0558688022569479,0.9040021140585698,0.8481333118016219,decreasing,2,151,1,20000,review,1.5,2e-10,50.0,0,pass
dia60al40-dem-artifacts-sizeC-pscale2-Emax72.581-mu0.654-wallmu1-seed1-settle1-vel50,needs_physics_calibration,0.6666666666666666,0.0,0.0,0.0,flat,C,72.581,50000,20000,3d5c00f20519e6bb6eb6756f51f1ad36564e649d,4,0.05232,0.05232,0.05232,0.05232,0.654,1.0,543.867388,-0.0558688022569479,0.9040021140585698,0.8481333118016219,decreasing,2,151,1,20000,review,1.5,2e-10,50.0,0,pass
dia60al40-dem-artifacts-sizeC-pscale2-Emax72.581-mu0.654-wallmu1-seed1-settle1-vel50,needs_physics_calibration,0.6666666666666666,0.22678406708799584,0.0,0.22678406708799584,increasing,C,72.581,50000,20000,3d5c00f20519e6bb6eb6756f51f1ad36564e649d,3,0.05232,0.05232,0.05232,0.05232,0.654,1.0,543.867388,-0.07479267561053016,0.9735488502875345,0.8987561746770043,decreasing,2,151,1,20000,review,2.0,2e-10,50.0,0,pass
dia60al40-dem-artifacts-sizeC-pscale2-Emax72.581-mu0.654-wallmu1-seed1-settle1-vel50,needs_physics_calibration,0.5,0.22678406708799584,0.0,0.22678406708799584,increasing,C,72.581,50000,20000,3d5c00f20519e6bb6eb6756f51f1ad36564e649d,4,0.05232,0.05232,0.05232,0.05232,0.654,1.0,543.867388,-0.07479267561053016,0.9735488502875345,0.8987561746770043,decreasing,2,151,1,20000,review,2.0,2e-10,50.0,0,pass
dia60al40-dem-artifacts-sizeC-pscale2-Emax72.581-mu0.654-wallmu1-seed2-settle1-vel50,candidate_pass,1.0,-1.1592771855944781,1.1592771855944781,0.0,decreasing,C,72.581,50000,20000,3d5c00f20519e6bb6eb6756f51f1ad36564e649d,2,0.05232,0.05232,0.05232,0.05232,0.654,1.0,607.731725,0.06487962528872526,0.4735352928888752,0.5384149181776005,increasing,2,151,2,20000,pass,0.05,2e-10,50.0,2,pass
dia60al40-dem-artifacts-sizeC-pscale2-Emax72.581-mu0.654-wallmu1-seed2-settle1-vel50,candidate_pass,1.0,-0.6775065305680036,0.6775065305680036,0.0,decreasing,C,72.581,50000,20000,3d5c00f20519e6bb6eb6756f51f1ad36564e649d,3,0.05232,0.05232,0.05232,0.05232,0.654,1.0,607.731725,0.06487962528872526,0.4735352928888752,0.5384149181776005,increasing,2,151,2,20000,pass,0.05,2e-10,50.0,2,pass
dia60al40-dem-artifacts-sizeC-pscale2-Emax72.581-mu0.654-wallmu1-seed2-settle1-vel50,candidate_pass,1.0,-0.6775065305680036,0.6775065305680036,0.0,decreasing,C,72.581,50000,20000,3d5c00f20519e6bb6eb6756f51f1ad36564e649d,4,0.05232,0.05232,0.05232,0.05232,0.654,1.0,607.731725,0.06487962528872526,0.4735352928888752,0.5384149181776005,increasing,2,151,2,20000,pass,0.05,2e-10,50.0,2,pass
dia60al40-dem-artifacts-sizeC-pscale2-Emax72.581-mu0.654-wallmu1-seed2-settle1-vel50,candidate_pass,1.0,-0.9859505699627173,0.9859505699627173,0.0,decreasing,C,72.581,50000,20000,3d5c00f20519e6bb6eb6756f51f1ad36564e649d,2,0.05232,0.05232,0.05232,0.05232,0.654,1.0,607.731725,0.0207481907085435,0.5247256297114097,0.5454738204199532,increasing,2,151,2,20000,pass,0.1,2e-10,50.0,2,pass
dia60al40-dem-artifacts-sizeC-pscale2-Emax72.581-mu0.654-wallmu1-seed2-settle1-vel50,candidate_pass,1.0,-0.6830330218236078,0.6830330218236078,0.0,decreasing,C,72.581,50000,20000,3d5c00f20519e6bb6eb6756f51f1ad36564e649d,3,0.05232,0.05232,0.05232,0.05232,0.654,1.0,607.731725,0.0207481907085435,0.5247256297114097,0.5454738204199532,increasing,2,151,2,20000,pass,0.1,2e-10,50.0,2,pass
dia60al40-dem-artifacts-sizeC-pscale2-Emax72.581-mu0.654-wallmu1-seed2-settle1-vel50,candidate_pass,1.0,-0.6830330218236078,0.6830330218236078,0.0,decreasing,C,72.581,50000,20000,3d5c00f20519e6bb6eb6756f51f1ad36564e649d,4,0.05232,0.05232,0.05232,0.05232,0.654,1.0,607.731725,0.0207481907085435,0.5247256297114097,0.5454738204199532,increasing,2,151,2,20000,pass,0.1,2e-10,50.0,2,pass
dia60al40-dem-artifacts-sizeC-pscale2-Emax72.581-mu0.654-wallmu1-seed2-settle1-vel50,needs_participation_increase,1.0,-0.7872626235172642,0.7872626235172642,0.0,decreasing,C,72.581,50000,20000,3d5c00f20519e6bb6eb6756f51f1ad36564e649d,2,0.05232,0.05232,0.05232,0.05232,0.654,1.0,607.731725,-0.06728722908674534,0.6558767129171665,0.5885894838304212,decreasing,2,151,2,20000,review,0.25,2e-10,50.0,1,pass
dia60al40-dem-artifacts-sizeC-pscale2-Emax72.581-mu0.654-wallmu1-seed2-settle1-vel50,needs_participation_increase,1.0,-0.10708490931640299,0.10708490931640299,0.0,decreasing,C,72.581,50000,20000,3d5c00f20519e6bb6eb6756f51f1ad36564e649d,3,0.05232,0.05232,0.05232,0.05232,0.654,1.0,607.731725,-0.06728722908674534,0.6558767129171665,0.5885894838304212,decreasing,2,151,2,20000,review,0.25,2e-10,50.0,1,pass
dia60al40-dem-artifacts-sizeC-pscale2-Emax72.581-mu0.654-wallmu1-seed2-settle1-vel50,needs_participation_increase,1.0,-0.10708490931640299,0.10708490931640299,0.0,decreasing,C,72.581,50000,20000,3d5c00f20519e6bb6eb6756f51f1ad36564e649d,4,0.05232,0.05232,0.05232,0.05232,0.654,1.0,607.731725,-0.06728722908674534,0.6558767129171665,0.5885894838304212,decreasing,2,151,2,20000,review,0.25,2e-10,50.0,1,pass
dia60al40-dem-artifacts-sizeC-pscale2-Emax72.581-mu0.654-wallmu1-seed2-settle1-vel50,needs_participation_increase,1.0,-0.4910492865763156,0.4910492865763156,0.0,decreasing,C,72.581,50000,20000,3d5c00f20519e6bb6eb6756f51f1ad36564e649d,2,0.05232,0.05232,0.05232,0.05232,0.654,1.0,607.731725,-0.16328511246148714,0.8095963357960019,0.6463112233345147,decreasing,2,151,2,20000,review,0.5,2e-10,50.0,1,pass
dia60al40-dem-artifacts-sizeC-pscale2-Emax72.581-mu0.654-wallmu1-seed2-settle1-vel50,needs_participation_increase,1.0,-0.14235993528557309,0.14235993528557309,0.0,decreasing,C,72.581,50000,20000,3d5c00f20519e6bb6eb6756f51f1ad36564e649d,3,0.05232,0.05232,0.05232,0.05232,0.654,1.0,607.731725,-0.16328511246148714,0.8095963357960019,0.6463112233345147,decreasing,2,151,2,20000,review,0.5,2e-10,50.0,1,pass
dia60al40-dem-artifacts-sizeC-pscale2-Emax72.581-mu0.654-wallmu1-seed2-settle1-vel50,needs_participation_increase,1.0,-0.14235993528557309,0.14235993528557309,0.0,decreasing,C,72.581,50000,20000,3d5c00f20519e6bb6eb6756f51f1ad36564e649d,3,0.05232,0.05232,0.05232,0.05232,0.654,1.0,607.731725,-0.09477140750644075,0.8095963357960019,0.7148249282895611,decreasing,2,151,2,20000,review,0.75,2e-10,50.0,1,pass
dia60al40-dem-artifacts-sizeC-pscale2-Emax72.581-mu0.654-wallmu1-seed2-settle1-vel50,needs_participation_increase,0.8333333333333334,-0.14235993528557309,0.14235993528557309,0.0,decreasing,C,72.581,50000,20000,3d5c00f20519e6bb6eb6756f51f1ad36564e649d,4,0.05232,0.05232,0.05232,0.05232,0.654,1.0,607.731725,-0.16328511246148714,0.8095963357960019,0.6463112233345147,decreasing,2,151,2,20000,review,0.5,2e-10,50.0,1,pass
dia60al40-dem-artifacts-sizeC-pscale2-Emax72.581-mu0.654-wallmu1-seed2-settle1-vel50,needs_participation_increase,0.8333333333333334,-0.14235993528557309,0.14235993528557309,0.0,decreasing,C,72.581,50000,20000,3d5c00f20519e6bb6eb6756f51f1ad36564e649d,4,0.05232,0.05232,0.05232,0.05232,0.654,1.0,607.731725,-0.09477140750644075,0.8095963357960019,0.7148249282895611,decreasing,2,151,2,20000,review,0.75,2e-10,50.0,1,pass
dia60al40-dem-artifacts-sizeC-pscale2-Emax72.581-mu0.654-wallmu1-seed2-settle1-vel50,needs_participation_increase,0.8333333333333334,-0.18604817767163576,0.18604817767163576,0.0,decreasing,C,72.581,50000,20000,3d5c00f20519e6bb6eb6756f51f1ad36564e649d,4,0.05232,0.05232,0.05232,0.05232,0.654,1.0,607.731725,-0.06786752825448161,0.8300380108274588,0.7621704825729771,decreasing,2,151,2,20000,review,1.0,2e-10,50.0,1,pass
dia60al40-dem-artifacts-sizeC-pscale2-Emax72.581-mu0.654-wallmu1-seed2-settle1-vel50,needs_participation_increase,0.8333333333333334,-0.6771681162251576,0.6771681162251576,0.0,decreasing,C,72.581,50000,20000,3d5c00f20519e6bb6eb6756f51f1ad36564e649d,3,0.05232,0.05232,0.05232,0.05232,0.654,1.0,607.731725,-0.03449086126417933,0.8622810120784774,0.8277901508142981,decreasing,2,151,2,20000,review,1.5,2e-10,50.0,1,pass
dia60al40-dem-artifacts-sizeC-pscale2-Emax72.581-mu0.654-wallmu1-seed2-settle1-vel50,needs_physics_calibration,1.0,0.5027640818918637,0.4910492865763156,0.9938133684681794,increasing,C,72.581,50000,20000,3d5c00f20519e6bb6eb6756f51f1ad36564e649d,2,0.05232,0.05232,0.05232,0.05232,0.654,1.0,607.731725,-0.09477140750644075,0.8095963357960019,0.7148249282895611,decreasing,2,151,2,20000,review,0.75,2e-10,50.0,0,pass
dia60al40-dem-artifacts-sizeC-pscale2-Emax72.581-mu0.654-wallmu1-seed2-settle1-vel50,needs_physics_calibration,1.0,1.1775511514887786,0.500169211726854,1.6777203632156326,increasing,C,72.581,50000,20000,3d5c00f20519e6bb6eb6756f51f1ad36564e649d,2,0.05232,0.05232,0.05232,0.05232,0.654,1.0,607.731725,-0.06786752825448161,0.8300380108274588,0.7621704825729771,decreasing,2,151,2,20000,review,1.0,2e-10,50.0,0,pass
dia60al40-dem-artifacts-sizeC-pscale2-Emax72.581-mu0.654-wallmu1-seed2-settle1-vel50,needs_physics_calibration,1.0,0.8357128651935798,0.500169211726854,1.3358820769204338,increasing,C,72.581,50000,20000,3d5c00f20519e6bb6eb6756f51f1ad36564e649d,2,0.05232,0.05232,0.05232,0.05232,0.654,1.0,607.731725,-0.03537094171951238,0.8300380108274588,0.7946670691079464,decreasing,2,151,2,20000,review,1.25,2e-10,50.0,0,pass
dia60al40-dem-artifacts-sizeC-pscale2-Emax72.581-mu0.654-wallmu1-seed2-settle1-vel50,needs_physics_calibration,1.0,0.6440536818247626,0.7211949945972544,1.365248676422017,increasing,C,72.581,50000,20000,3d5c00f20519e6bb6eb6756f51f1ad36564e649d,2,0.05232,0.05232,0.05232,0.05232,0.654,1.0,607.731725,-0.03449086126417933,0.8622810120784774,0.8277901508142981,decreasing,2,151,2,20000,review,1.5,2e-10,50.0,0,pass
dia60al40-dem-artifacts-sizeC-pscale2-Emax72.581-mu0.654-wallmu1-seed2-settle1-vel50,needs_physics_calibration,1.0,0.26905045409714845,0.6044794977109453,0.8735299518080938,increasing,C,72.581,50000,20000,3d5c00f20519e6bb6eb6756f51f1ad36564e649d,2,0.05232,0.05232,0.05232,0.05232,0.654,1.0,607.731725,-0.052315447099563706,0.9232766773521921,0.8709612302526284,decreasing,2,151,2,20000,review,2.0,2e-10,50.0,0,pass
dia60al40-dem-artifacts-sizeC-pscale2-Emax72.581-mu0.654-wallmu1-seed2-settle1-vel50,needs_physics_calibration,0.8333333333333334,0.7857877235146977,0.18604817767163576,0.9718359011863335,increasing,C,72.581,50000,20000,3d5c00f20519e6bb6eb6756f51f1ad36564e649d,3,0.05232,0.05232,0.05232,0.05232,0.654,1.0,607.731725,-0.06786752825448161,0.8300380108274588,0.7621704825729771,decreasing,2,151,2,20000,review,1.0,2e-10,50.0,0,pass
dia60al40-dem-artifacts-sizeC-pscale2-Emax72.581-mu0.654-wallmu1-seed2-settle1-vel50,needs_physics_calibration,0.8333333333333334,1.149833899248798,0.18604817767163576,1.3358820769204338,increasing,C,72.581,50000,20000,3d5c00f20519e6bb6eb6756f51f1ad36564e649d,3,0.05232,0.05232,0.05232,0.05232,0.654,1.0,607.731725,-0.03537094171951238,0.8300380108274588,0.7946670691079464,decreasing,2,151,2,20000,review,1.25,2e-10,50.0,0,pass
dia60al40-dem-artifacts-sizeC-pscale2-Emax72.581-mu0.654-wallmu1-seed2-settle1-vel50,needs_physics_calibration,0.8333333333333334,0.7715735750614456,0.18604817767163576,0.9576217527330814,increasing,C,72.581,50000,20000,3d5c00f20519e6bb6eb6756f51f1ad36564e649d,4,0.05232,0.05232,0.05232,0.05232,0.654,1.0,607.731725,-0.03537094171951238,0.8300380108274588,0.7946670691079464,decreasing,2,151,2,20000,review,1.25,2e-10,50.0,0,pass
dia60al40-dem-artifacts-sizeC-pscale2-Emax72.581-mu0.654-wallmu1-seed2-settle1-vel50,needs_physics_calibration,0.8333333333333334,0.0,0.0,0.0,flat,C,72.581,50000,20000,3d5c00f20519e6bb6eb6756f51f1ad36564e649d,4,0.05232,0.05232,0.05232,0.05232,0.654,1.0,607.731725,-0.03449086126417933,0.8622810120784774,0.8277901508142981,decreasing,2,151,2,20000,review,1.5,2e-10,50.0,0,pass
dia60al40-dem-artifacts-sizeC-pscale2-Emax72.581-mu0.654-wallmu1-seed2-settle1-vel50,needs_physics_calibration,0.8333333333333334,0.8735299518080938,0.0,0.8735299518080938,increasing,C,72.581,50000,20000,3d5c00f20519e6bb6eb6756f51f1ad36564e649d,3,0.05232,0.05232,0.05232,0.05232,0.654,1.0,607.731725,-0.052315447099563706,0.9232766773521921,0.8709612302526284,decreasing,2,151,2,20000,review,2.0,2e-10,50.0,0,pass
dia60al40-dem-artifacts-sizeC-pscale2-Emax72.581-mu0.654-wallmu1-seed2-settle1-vel50,needs_physics_calibration,0.6666666666666666,0.8735299518080938,0.0,0.8735299518080938,increasing,C,72.581,50000,20000,3d5c00f20519e6bb6eb6756f51f1ad36564e649d,4,0.05232,0.05232,0.05232,0.05232,0.654,1.0,607.731725,-0.052315447099563706,0.9232766773521921,0.8709612302526284,decreasing,2,151,2,20000,review,2.0,2e-10,50.0,0,pass
dia60al40-dem-artifacts-sizeC-pscale2-Emax72.581-mu0.654-wallmu1-seed3-settle1-vel50,candidate_pass,1.0,-0.9572758432836078,0.9572758432836078,0.0,decreasing,C,72.581,50000,20000,3d5c00f20519e6bb6eb6756f51f1ad36564e649d,2,0.05232,0.05232,0.05232,0.05232,0.654,1.0,575.954583,0.06339079276246518,0.5218179820866032,0.5852087748490684,increasing,2,151,3,20000,pass,0.05,2e-10,50.0,2,pass
dia60al40-dem-artifacts-sizeC-pscale2-Emax72.581-mu0.654-wallmu1-seed3-settle1-vel50,candidate_pass,1.0,-0.9572758432836078,0.9572758432836078,0.0,decreasing,C,72.581,50000,20000,3d5c00f20519e6bb6eb6756f51f1ad36564e649d,2,0.05232,0.05232,0.05232,0.05232,0.654,1.0,575.954583,0.07262512989278813,0.5218179820866032,0.5944431119793914,increasing,2,151,3,20000,pass,0.1,2e-10,50.0,2,pass
dia60al40-dem-artifacts-sizeC-pscale2-Emax72.581-mu0.654-wallmu1-seed3-settle1-vel50,needs_participation_increase,1.0,-0.20849466069728656,0.20849466069728656,0.0,decreasing,C,72.581,50000,20000,3d5c00f20519e6bb6eb6756f51f1ad36564e649d,2,0.05232,0.05232,0.05232,0.05232,0.654,1.0,575.954583,-0.32893749886219414,0.9583408985800728,0.6294033997178786,decreasing,2,151,3,20000,review,0.25,2e-10,50.0,1,pass
dia60al40-dem-artifacts-sizeC-pscale2-Emax72.581-mu0.654-wallmu1-seed3-settle1-vel50,needs_participation_increase,1.0,-0.20849466069728656,0.20849466069728656,0.0,decreasing,C,72.581,50000,20000,3d5c00f20519e6bb6eb6756f51f1ad36564e649d,2,0.05232,0.05232,0.05232,0.05232,0.654,1.0,575.954583,-0.26060864250710103,0.9583408985800728,0.6977322560729717,decreasing,2,151,3,20000,review,0.5,2e-10,50.0,1,pass
dia60al40-dem-artifacts-sizeC-pscale2-Emax72.581-mu0.654-wallmu1-seed3-settle1-vel50,needs_d1_decrease,0.8333333333333334,0.0,0.0,0.0,flat,C,72.581,50000,20000,3d5c00f20519e6bb6eb6756f51f1ad36564e649d,3,0.05232,0.05232,0.05232,0.05232,0.654,1.0,575.954583,0.06339079276246518,0.5218179820866032,0.5852087748490684,increasing,2,151,3,20000,review,0.05,2e-10,50.0,1,pass
dia60al40-dem-artifacts-sizeC-pscale2-Emax72.581-mu0.654-wallmu1-seed3-settle1-vel50,needs_d1_decrease,0.8333333333333334,0.0,0.0,0.0,flat,C,72.581,50000,20000,3d5c00f20519e6bb6eb6756f51f1ad36564e649d,4,0.05232,0.05232,0.05232,0.05232,0.654,1.0,575.954583,0.06339079276246518,0.5218179820866032,0.5852087748490684,increasing,2,151,3,20000,review,0.05,2e-10,50.0,1,pass
dia60al40-dem-artifacts-sizeC-pscale2-Emax72.581-mu0.654-wallmu1-seed3-settle1-vel50,needs_d1_decrease,0.8333333333333334,0.0,0.0,0.0,flat,C,72.581,50000,20000,3d5c00f20519e6bb6eb6756f51f1ad36564e649d,3,0.05232,0.05232,0.05232,0.05232,0.654,1.0,575.954583,0.07262512989278813,0.5218179820866032,0.5944431119793914,increasing,2,151,3,20000,review,0.1,2e-10,50.0,1,pass
dia60al40-dem-artifacts-sizeC-pscale2-Emax72.581-mu0.654-wallmu1-seed3-settle1-vel50,needs_d1_decrease,0.8333333333333334,0.0,0.0,0.0,flat,C,72.581,50000,20000,3d5c00f20519e6bb6eb6756f51f1ad36564e649d,4,0.05232,0.05232,0.05232,0.05232,0.654,1.0,575.954583,0.07262512989278813,0.5218179820866032,0.5944431119793914,increasing,2,151,3,20000,review,0.1,2e-10,50.0,1,pass
dia60al40-dem-artifacts-sizeC-pscale2-Emax72.581-mu0.654-wallmu1-seed3-settle1-vel50,needs_physics_calibration,1.0,0.7843866021354167,0.20849466069728656,0.9928812628327032,increasing,C,72.581,50000,20000,3d5c00f20519e6bb6eb6756f51f1ad36564e649d,2,0.05232,0.05232,0.05232,0.05232,0.654,1.0,575.954583,-0.1964385068881852,0.9583408985800728,0.7619023916918876,decreasing,2,151,3,20000,review,0.75,2e-10,50.0,0,pass
dia60al40-dem-artifacts-sizeC-pscale2-Emax72.581-mu0.654-wallmu1-seed3-settle1-vel50,needs_physics_calibration,1.0,1.4882732688576257,0.20849466069728656,1.6967679295549123,increasing,C,72.581,50000,20000,3d5c00f20519e6bb6eb6756f51f1ad36564e649d,2,0.05232,0.05232,0.05232,0.05232,0.654,1.0,575.954583,-0.14883262376302042,0.9583408985800728,0.8095082748170523,decreasing,2,151,3,20000,review,1.0,2e-10,50.0,0,pass
dia60al40-dem-artifacts-sizeC-pscale2-Emax72.581-mu0.654-wallmu1-seed3-settle1-vel50,needs_physics_calibration,1.0,1.3898890516849853,0.20849466069728656,1.598383712382272,increasing,C,72.581,50000,20000,3d5c00f20519e6bb6eb6756f51f1ad36564e649d,2,0.05232,0.05232,0.05232,0.05232,0.654,1.0,575.954583,-0.1090744877746771,0.9583408985800728,0.8492664108053957,decreasing,2,151,3,20000,review,1.25,2e-10,50.0,0,pass
dia60al40-dem-artifacts-sizeC-pscale2-Emax72.581-mu0.654-wallmu1-seed3-settle1-vel50,needs_physics_calibration,1.0,1.3472194253391774,0.20849466069728656,1.555714086036464,increasing,C,72.581,50000,20000,3d5c00f20519e6bb6eb6756f51f1ad36564e649d,2,0.05232,0.05232,0.05232,0.05232,0.654,1.0,575.954583,-0.08980457846431322,0.9583408985800728,0.8685363201157595,decreasing,2,151,3,20000,review,1.5,2e-10,50.0,0,pass
dia60al40-dem-artifacts-sizeC-pscale2-Emax72.581-mu0.654-wallmu1-seed3-settle1-vel50,needs_physics_calibration,1.0,1.0384011086773601,0.20849466069728656,1.2468957693746467,increasing,C,72.581,50000,20000,3d5c00f20519e6bb6eb6756f51f1ad36564e649d,2,0.05232,0.05232,0.05232,0.05232,0.654,1.0,575.954583,-0.055178098452369984,0.9583408985800728,0.9031628001277028,decreasing,2,151,3,20000,review,2.0,2e-10,50.0,0,pass
dia60al40-dem-artifacts-sizeC-pscale2-Emax72.581-mu0.654-wallmu1-seed3-settle1-vel50,needs_physics_calibration,0.8333333333333334,0.0,0.0,0.0,flat,C,72.581,50000,20000,3d5c00f20519e6bb6eb6756f51f1ad36564e649d,3,0.05232,0.05232,0.05232,0.05232,0.654,1.0,575.954583,-0.32893749886219414,0.9583408985800728,0.6294033997178786,decreasing,2,151,3,20000,review,0.25,2e-10,50.0,0,pass
dia60al40-dem-artifacts-sizeC-pscale2-Emax72.581-mu0.654-wallmu1-seed3-settle1-vel50,needs_physics_calibration,0.8333333333333334,0.0,0.0,0.0,flat,C,72.581,50000,20000,3d5c00f20519e6bb6eb6756f51f1ad36564e649d,4,0.05232,0.05232,0.05232,0.05232,0.654,1.0,575.954583,-0.32893749886219414,0.9583408985800728,0.6294033997178786,decreasing,2,151,3,20000,review,0.25,2e-10,50.0,0,pass
dia60al40-dem-artifacts-sizeC-pscale2-Emax72.581-mu0.654-wallmu1-seed3-settle1-vel50,needs_physics_calibration,0.8333333333333334,0.0,0.0,0.0,flat,C,72.581,50000,20000,3d5c00f20519e6bb6eb6756f51f1ad36564e649d,3,0.05232,0.05232,0.05232,0.05232,0.654,1.0,575.954583,-0.26060864250710103,0.9583408985800728,0.6977322560729717,decreasing,2,151,3,20000,review,0.5,2e-10,50.0,0,pass
dia60al40-dem-artifacts-sizeC-pscale2-Emax72.581-mu0.654-wallmu1-seed3-settle1-vel50,needs_physics_calibration,0.8333333333333334,0.0,0.0,0.0,flat,C,72.581,50000,20000,3d5c00f20519e6bb6eb6756f51f1ad36564e649d,4,0.05232,0.05232,0.05232,0.05232,0.654,1.0,575.954583,-0.26060864250710103,0.9583408985800728,0.6977322560729717,decreasing,2,151,3,20000,review,0.5,2e-10,50.0,0,pass
dia60al40-dem-artifacts-sizeC-pscale2-Emax72.581-mu0.654-wallmu1-seed3-settle1-vel50,needs_physics_calibration,0.8333333333333334,0.0,0.0,0.0,flat,C,72.581,50000,20000,3d5c00f20519e6bb6eb6756f51f1ad36564e649d,3,0.05232,0.05232,0.05232,0.05232,0.654,1.0,575.954583,-0.1964385068881852,0.9583408985800728,0.7619023916918876,decreasing,2,151,3,20000,review,0.75,2e-10,50.0,0,pass
dia60al40-dem-artifacts-sizeC-pscale2-Emax72.581-mu0.654-wallmu1-seed3-settle1-vel50,needs_physics_calibration,0.8333333333333334,0.0,0.0,0.0,flat,C,72.581,50000,20000,3d5c00f20519e6bb6eb6756f51f1ad36564e649d,4,0.05232,0.05232,0.05232,0.05232,0.654,1.0,575.954583,-0.1964385068881852,0.9583408985800728,0.7619023916918876,decreasing,2,151,3,20000,review,0.75,2e-10,50.0,0,pass
dia60al40-dem-artifacts-sizeC-pscale2-Emax72.581-mu0.654-wallmu1-seed3-settle1-vel50,needs_physics_calibration,0.8333333333333334,0.0,0.0,0.0,flat,C,72.581,50000,20000,3d5c00f20519e6bb6eb6756f51f1ad36564e649d,3,0.05232,0.05232,0.05232,0.05232,0.654,1.0,575.954583,-0.14883262376302042,0.9583408985800728,0.8095082748170523,decreasing,2,151,3,20000,review,1.0,2e-10,50.0,0,pass
dia60al40-dem-artifacts-sizeC-pscale2-Emax72.581-mu0.654-wallmu1-seed3-settle1-vel50,needs_physics_calibration,0.8333333333333334,0.0,0.0,0.0,flat,C,72.581,50000,20000,3d5c00f20519e6bb6eb6756f51f1ad36564e649d,4,0.05232,0.05232,0.05232,0.05232,0.654,1.0,575.954583,-0.14883262376302042,0.9583408985800728,0.8095082748170523,decreasing,2,151,3,20000,review,1.0,2e-10,50.0,0,pass
dia60al40-dem-artifacts-sizeC-pscale2-Emax72.581-mu0.654-wallmu1-seed3-settle1-vel50,needs_physics_calibration,0.8333333333333334,1.3109092046467872,0.0,1.3109092046467872,increasing,C,72.581,50000,20000,3d5c00f20519e6bb6eb6756f51f1ad36564e649d,3,0.05232,0.05232,0.05232,0.05232,0.654,1.0,575.954583,-0.1090744877746771,0.9583408985800728,0.8492664108053957,decreasing,2,151,3,20000,review,1.25,2e-10,50.0,0,pass
dia60al40-dem-artifacts-sizeC-pscale2-Emax72.581-mu0.654-wallmu1-seed3-settle1-vel50,needs_physics_calibration,0.8333333333333334,0.930189073083597,0.0,0.930189073083597,increasing,C,72.581,50000,20000,3d5c00f20519e6bb6eb6756f51f1ad36564e649d,4,0.05232,0.05232,0.05232,0.05232,0.654,1.0,575.954583,-0.1090744877746771,0.9583408985800728,0.8492664108053957,decreasing,2,151,3,20000,review,1.25,2e-10,50.0,0,pass
dia60al40-dem-artifacts-sizeC-pscale2-Emax72.581-mu0.654-wallmu1-seed3-settle1-vel50,needs_physics_calibration,0.8333333333333334,1.273956685089656,0.0,1.273956685089656,increasing,C,72.581,50000,20000,3d5c00f20519e6bb6eb6756f51f1ad36564e649d,3,0.05232,0.05232,0.05232,0.05232,0.654,1.0,575.954583,-0.08980457846431322,0.9583408985800728,0.8685363201157595,decreasing,2,151,3,20000,review,1.5,2e-10,50.0,0,pass
dia60al40-dem-artifacts-sizeC-pscale2-Emax72.581-mu0.654-wallmu1-seed3-settle1-vel50,needs_physics_calibration,0.8333333333333334,0.9092555457363704,0.0,0.9092555457363704,increasing,C,72.581,50000,20000,3d5c00f20519e6bb6eb6756f51f1ad36564e649d,4,0.05232,0.05232,0.05232,0.05232,0.654,1.0,575.954583,-0.08980457846431322,0.9583408985800728,0.8685363201157595,decreasing,2,151,3,20000,review,1.5,2e-10,50.0,0,pass
dia60al40-dem-artifacts-sizeC-pscale2-Emax72.581-mu0.654-wallmu1-seed3-settle1-vel50,needs_physics_calibration,0.8333333333333334,0.8855802483223257,0.0,0.8855802483223257,increasing,C,72.581,50000,20000,3d5c00f20519e6bb6eb6756f51f1ad36564e649d,3,0.05232,0.05232,0.05232,0.05232,0.654,1.0,575.954583,-0.055178098452369984,0.9583408985800728,0.9031628001277028,decreasing,2,151,3,20000,review,2.0,2e-10,50.0,0,pass
dia60al40-dem-artifacts-sizeC-pscale2-Emax72.581-mu0.654-wallmu1-seed3-settle1-vel50,needs_physics_calibration,0.8333333333333334,0.0,0.0,0.0,flat,C,72.581,50000,20000,3d5c00f20519e6bb6eb6756f51f1ad36564e649d,4,0.05232,0.05232,0.05232,0.05232,0.654,1.0,575.954583,-0.055178098452369984,0.9583408985800728,0.9031628001277028,decreasing,2,151,3,20000,review,2.0,2e-10,50.0,0,pass
dia60al40-dem-artifacts-sizeC-pscale2-Emax72.581-mu0.654-wallmu1-seed4-settle1-vel50,candidate_pass,1.0,-1.074754705880277,1.074754705880277,0.0,decreasing,C,72.581,50000,20000,3d5c00f20519e6bb6eb6756f51f1ad36564e649d,2,0.05232,0.05232,0.05232,0.05232,0.654,1.0,570.019337,0.30219516622292464,0.36802310516499537,0.67021827138792,increasing,2,151,4,20000,pass,0.05,2e-10,50.0,2,pass
dia60al40-dem-artifacts-sizeC-pscale2-Emax72.581-mu0.654-wallmu1-seed4-settle1-vel50,candidate_pass,1.0,-0.7560462994508987,0.7560462994508987,0.0,decreasing,C,72.581,50000,20000,3d5c00f20519e6bb6eb6756f51f1ad36564e649d,3,0.05232,0.05232,0.05232,0.05232,0.654,1.0,570.019337,0.30219516622292464,0.36802310516499537,0.67021827138792,increasing,2,151,4,20000,pass,0.05,2e-10,50.0,2,pass
dia60al40-dem-artifacts-sizeC-pscale2-Emax72.581-mu0.654-wallmu1-seed4-settle1-vel50,candidate_pass,1.0,-0.9626894099441035,0.9626894099441035,0.0,decreasing,C,72.581,50000,20000,3d5c00f20519e6bb6eb6756f51f1ad36564e649d,4,0.05232,0.05232,0.05232,0.05232,0.654,1.0,570.019337,0.30219516622292464,0.36802310516499537,0.67021827138792,increasing,2,151,4,20000,pass,0.05,2e-10,50.0,2,pass
dia60al40-dem-artifacts-sizeC-pscale2-Emax72.581-mu0.654-wallmu1-seed4-settle1-vel50,candidate_pass,1.0,-1.079592401582239,1.079592401582239,0.0,decreasing,C,72.581,50000,20000,3d5c00f20519e6bb6eb6756f51f1ad36564e649d,2,0.05232,0.05232,0.05232,0.05232,0.654,1.0,570.019337,0.30228419147928137,0.3889941274180119,0.6912783188972933,increasing,2,151,4,20000,pass,0.1,2e-10,50.0,2,pass
dia60al40-dem-artifacts-sizeC-pscale2-Emax72.581-mu0.654-wallmu1-seed4-settle1-vel50,candidate_pass,1.0,-0.7613175137398633,0.7613175137398633,0.0,decreasing,C,72.581,50000,20000,3d5c00f20519e6bb6eb6756f51f1ad36564e649d,3,0.05232,0.05232,0.05232,0.05232,0.654,1.0,570.019337,0.30228419147928137,0.3889941274180119,0.6912783188972933,increasing,2,151,4,20000,pass,0.1,2e-10,50.0,2,pass
dia60al40-dem-artifacts-sizeC-pscale2-Emax72.581-mu0.654-wallmu1-seed4-settle1-vel50,candidate_pass,1.0,-0.6577621086655223,0.6577621086655223,0.0,decreasing,C,72.581,50000,20000,3d5c00f20519e6bb6eb6756f51f1ad36564e649d,4,0.05232,0.05232,0.05232,0.05232,0.654,1.0,570.019337,0.30228419147928137,0.3889941274180119,0.6912783188972933,increasing,2,151,4,20000,pass,0.1,2e-10,50.0,2,pass
dia60al40-dem-artifacts-sizeC-pscale2-Emax72.581-mu0.654-wallmu1-seed4-settle1-vel50,candidate_pass,1.0,-0.9177793368541382,0.9177793368541382,0.0,decreasing,C,72.581,50000,20000,3d5c00f20519e6bb6eb6756f51f1ad36564e649d,2,0.05232,0.05232,0.05232,0.05232,0.654,1.0,570.019337,0.2867599850874613,0.4343397332810736,0.7210997183685349,increasing,2,151,4,20000,pass,0.25,2e-10,50.0,2,pass
dia60al40-dem-artifacts-sizeC-pscale2-Emax72.581-mu0.654-wallmu1-seed4-settle1-vel50,candidate_pass,1.0,-0.7716440083048757,0.7716440083048757,0.0,decreasing,C,72.581,50000,20000,3d5c00f20519e6bb6eb6756f51f1ad36564e649d,3,0.05232,0.05232,0.05232,0.05232,0.654,1.0,570.019337,0.2867599850874613,0.4343397332810736,0.7210997183685349,increasing,2,151,4,20000,pass,0.25,2e-10,50.0,2,pass
dia60al40-dem-artifacts-sizeC-pscale2-Emax72.581-mu0.654-wallmu1-seed4-settle1-vel50,candidate_pass,1.0,-0.740017873449199,0.740017873449199,0.0,decreasing,C,72.581,50000,20000,3d5c00f20519e6bb6eb6756f51f1ad36564e649d,2,0.05232,0.05232,0.05232,0.05232,0.654,1.0,570.019337,0.2765752089082879,0.5022093014684957,0.7787845103767836,increasing,2,151,4,20000,pass,0.5,2e-10,50.0,2,pass
dia60al40-dem-artifacts-sizeC-pscale2-Emax72.581-mu0.654-wallmu1-seed4-settle1-vel50,candidate_pass,1.0,-0.5116201961670073,0.5116201961670073,0.0,decreasing,C,72.581,50000,20000,3d5c00f20519e6bb6eb6756f51f1ad36564e649d,3,0.05232,0.05232,0.05232,0.05232,0.654,1.0,570.019337,0.2765752089082879,0.5022093014684957,0.7787845103767836,increasing,2,151,4,20000,pass,0.5,2e-10,50.0,2,pass
dia60al40-dem-artifacts-sizeC-pscale2-Emax72.581-mu0.654-wallmu1-seed4-settle1-vel50,candidate_pass,1.0,-0.5059155602963195,0.5059155602963195,0.0,decreasing,C,72.581,50000,20000,3d5c00f20519e6bb6eb6756f51f1ad36564e649d,3,0.05232,0.05232,0.05232,0.05232,0.654,1.0,570.019337,0.30256337608523387,0.5190269696301477,0.8215903457153816,increasing,2,151,4,20000,pass,0.75,2e-10,50.0,2,pass
dia60al40-dem-artifacts-sizeC-pscale2-Emax72.581-mu0.654-wallmu1-seed4-settle1-vel50,candidate_pass,1.0,-0.09082556368266184,0.09082556368266184,0.0,decreasing,C,72.581,50000,20000,3d5c00f20519e6bb6eb6756f51f1ad36564e649d,2,0.05232,0.05232,0.05232,0.05232,0.654,1.0,570.019337,0.24957332184976777,0.6068894308302695,0.8564627526800372,increasing,2,151,4,20000,pass,1.0,2e-10,50.0,2,pass
dia60al40-dem-artifacts-sizeC-pscale2-Emax72.581-mu0.654-wallmu1-seed4-settle1-vel50,candidate_pass,1.0,-0.09082556368266184,0.09082556368266184,0.0,decreasing,C,72.581,50000,20000,3d5c00f20519e6bb6eb6756f51f1ad36564e649d,3,0.05232,0.05232,0.05232,0.05232,0.654,1.0,570.019337,0.24957332184976777,0.6068894308302695,0.8564627526800372,increasing,2,151,4,20000,pass,1.0,2e-10,50.0,2,pass
dia60al40-dem-artifacts-sizeC-pscale2-Emax72.581-mu0.654-wallmu1-seed4-settle1-vel50,candidate_pass,1.0,-0.17517034456262345,0.17517034456262345,0.0,decreasing,C,72.581,50000,20000,3d5c00f20519e6bb6eb6756f51f1ad36564e649d,3,0.05232,0.05232,0.05232,0.05232,0.654,1.0,570.019337,0.25611929729858185,0.6394748219988695,0.8955941192974514,increasing,2,151,4,20000,pass,1.25,2e-10,50.0,2,pass
dia60al40-dem-artifacts-sizeC-pscale2-Emax72.581-mu0.654-wallmu1-seed4-settle1-vel50,needs_d1_decrease,1.0,0.0,0.0,0.0,flat,C,72.581,50000,20000,3d5c00f20519e6bb6eb6756f51f1ad36564e649d,4,0.05232,0.05232,0.05232,0.05232,0.654,1.0,570.019337,0.2867599850874613,0.4343397332810736,0.7210997183685349,increasing,2,151,4,20000,review,0.25,2e-10,50.0,1,pass
dia60al40-dem-artifacts-sizeC-pscale2-Emax72.581-mu0.654-wallmu1-seed4-settle1-vel50,needs_d1_decrease,1.0,0.0,0.0,0.0,flat,C,72.581,50000,20000,3d5c00f20519e6bb6eb6756f51f1ad36564e649d,4,0.05232,0.05232,0.05232,0.05232,0.654,1.0,570.019337,0.2765752089082879,0.5022093014684957,0.7787845103767836,increasing,2,151,4,20000,review,0.5,2e-10,50.0,1,pass
dia60al40-dem-artifacts-sizeC-pscale2-Emax72.581-mu0.654-wallmu1-seed4-settle1-vel50,needs_d1_decrease,1.0,0.2603900808406988,0.7322838156540382,0.992673896494737,increasing,C,72.581,50000,20000,3d5c00f20519e6bb6eb6756f51f1ad36564e649d,2,0.05232,0.05232,0.05232,0.05232,0.654,1.0,570.019337,0.30256337608523387,0.5190269696301477,0.8215903457153816,increasing,2,151,4,20000,review,0.75,2e-10,50.0,1,pass
dia60al40-dem-artifacts-sizeC-pscale2-Emax72.581-mu0.654-wallmu1-seed4-settle1-vel50,needs_d1_decrease,1.0,0.0,0.0,0.0,flat,C,72.581,50000,20000,3d5c00f20519e6bb6eb6756f51f1ad36564e649d,4,0.05232,0.05232,0.05232,0.05232,0.654,1.0,570.019337,0.30256337608523387,0.5190269696301477,0.8215903457153816,increasing,2,151,4,20000,review,0.75,2e-10,50.0,1,pass
dia60al40-dem-artifacts-sizeC-pscale2-Emax72.581-mu0.654-wallmu1-seed4-settle1-vel50,needs_d1_decrease,1.0,0.0,0.0,0.0,flat,C,72.581,50000,20000,3d5c00f20519e6bb6eb6756f51f1ad36564e649d,4,0.05232,0.05232,0.05232,0.05232,0.654,1.0,570.019337,0.24957332184976777,0.6068894308302695,0.8564627526800372,increasing,2,151,4,20000,review,1.0,2e-10,50.0,1,pass
dia60al40-dem-artifacts-sizeC-pscale2-Emax72.581-mu0.654-wallmu1-seed4-settle1-vel50,needs_d1_decrease,1.0,1.7260298986618763,0.17517034456262345,1.9012002432244997,increasing,C,72.581,50000,20000,3d5c00f20519e6bb6eb6756f51f1ad36564e649d,2,0.05232,0.05232,0.05232,0.05232,0.654,1.0,570.019337,0.25611929729858185,0.6394748219988695,0.8955941192974514,increasing,2,151,4,20000,review,1.25,2e-10,50.0,1,pass
dia60al40-dem-artifacts-sizeC-pscale2-Emax72.581-mu0.654-wallmu1-seed4-settle1-vel50,needs_d1_decrease,1.0,0.0,0.0,0.0,flat,C,72.581,50000,20000,3d5c00f20519e6bb6eb6756f51f1ad36564e649d,4,0.05232,0.05232,0.05232,0.05232,0.654,1.0,570.019337,0.25611929729858185,0.6394748219988695,0.8955941192974514,increasing,2,151,4,20000,review,1.25,2e-10,50.0,1,pass
dia60al40-dem-artifacts-sizeC-pscale2-Emax72.581-mu0.654-wallmu1-seed4-settle1-vel50,needs_d1_decrease,1.0,1.3951162407107822,0.22935602742365324,1.6244722681344355,increasing,C,72.581,50000,20000,3d5c00f20519e6bb6eb6756f51f1ad36564e649d,2,0.05232,0.05232,0.05232,0.05232,0.654,1.0,570.019337,0.18909536862423237,0.733883218557196,0.9229785871814283,increasing,2,151,4,20000,review,1.5,2e-10,50.0,1,pass
dia60al40-dem-artifacts-sizeC-pscale2-Emax72.581-mu0.654-wallmu1-seed4-settle1-vel50,needs_d1_decrease,1.0,0.0,0.0,0.0,flat,C,72.581,50000,20000,3d5c00f20519e6bb6eb6756f51f1ad36564e649d,3,0.05232,0.05232,0.05232,0.05232,0.654,1.0,570.019337,0.18909536862423237,0.733883218557196,0.9229785871814283,increasing,2,151,4,20000,review,1.5,2e-10,50.0,1,pass
dia60al40-dem-artifacts-sizeC-pscale2-Emax72.581-mu0.654-wallmu1-seed4-settle1-vel50,needs_d1_decrease,1.0,0.38165822888022327,0.46344160174538596,0.8450998306256092,increasing,C,72.581,50000,20000,3d5c00f20519e6bb6eb6756f51f1ad36564e649d,2,0.05232,0.05232,0.05232,0.05232,0.654,1.0,570.019337,0.13651133122450443,0.8231955984344136,0.959706929658918,increasing,2,151,4,20000,review,2.0,2e-10,50.0,1,pass
dia60al40-dem-artifacts-sizeC-pscale2-Emax72.581-mu0.654-wallmu1-seed4-settle1-vel50,needs_d1_decrease,0.8333333333333334,0.0,0.0,0.0,flat,C,72.581,50000,20000,3d5c00f20519e6bb6eb6756f51f1ad36564e649d,4,0.05232,0.05232,0.05232,0.05232,0.654,1.0,570.019337,0.18909536862423237,0.733883218557196,0.9229785871814283,increasing,2,151,4,20000,review,1.5,2e-10,50.0,1,pass
dia60al40-dem-artifacts-sizeC-pscale2-Emax72.581-mu0.654-wallmu1-seed4-settle1-vel50,needs_d1_decrease,0.8333333333333334,0.6526322521550092,0.0,0.6526322521550092,increasing,C,72.581,50000,20000,3d5c00f20519e6bb6eb6756f51f1ad36564e649d,3,0.05232,0.05232,0.05232,0.05232,0.654,1.0,570.019337,0.13651133122450443,0.8231955984344136,0.959706929658918,increasing,2,151,4,20000,review,2.0,2e-10,50.0,1,pass
dia60al40-dem-artifacts-sizeC-pscale2-Emax72.581-mu0.654-wallmu1-seed4-settle1-vel50,needs_d1_decrease,0.8333333333333334,0.4457259264365957,0.0,0.4457259264365957,increasing,C,72.581,50000,20000,3d5c00f20519e6bb6eb6756f51f1ad36564e649d,4,0.05232,0.05232,0.05232,0.05232,0.654,1.0,570.019337,0.13651133122450443,0.8231955984344136,0.959706929658918,increasing,2,151,4,20000,review,2.0,2e-10,50.0,1,pass
