% Model,Untitled.mph
% Version,COMSOL 6.4.0.293
% Date,"Jul 13 2026, 18:18"
% Dimension,2
% Nodes,1735
% Expressions,6
% Description,"温度, 温度, 电流密度模, 体积损耗密度，电磁, 插值, 插值"
% Length unit,µm
% x,y,V (V),T (K),ec.normJ (A/m^2),ec.Qh (W/m^3),sigma_map(x;y) (S/m),k_map(x;y) (W/(m*K))
5.186259706787365,5.426382487173998,1.5342480613175172E-4,293.1519573751168,2750333.764590417,7.565139360302556E7,100000,30.62073373640326
0,8.02686669230769,2.2707132815454894E-4,293.152779633534,2679166.72876458,7.182696375267194E7,100000,27.97275093199961
0,0,0,293.15,2114151.7439665655,6.519050691118543E7,68563.190441,24.0499215021
8.000000000000005,0,0,293.15,2811742.4807730056,7.906087279212014E7,100000,28.298467513660004
5.938915658854948,12.072654868809938,3.370625698783446E-4,293.1539499422358,2787913.0096993274,7.772477587507762E7,99999.99999999999,36.09307883248402
0,16.05373338461538,4.506575558890162E-4,293.1550039648757,2829287.4854215216,8.004868869238351E7,100000,31.505693120554714
16.00000000000001,0,0,293.15,2702898.146858704,7.305659077648766E7,100000,32.488520792
11.992382875081873,7.0323908747523625,1.9318681279181985E-4,293.152471368352,2747158.796659001,7.54695059939531E7,100000,37.64947431821452
6.232368637569322,19.99334721429732,5.606878944002664E-4,293.15595491468133,2869650.9580560313,8.234902975785905E7,100000,40.26749490671539
0,24.08060007692307,6.814238205171083E-4,293.15691885641286,2923111.4523029383,8.544581267542143E7,100000,33.207702411281105
20.293026314858164,6.458845537494772,1.7121962515850357E-4,293.15226739033807,2659495.286432945,7.072915994515115E7,100000.00000000001,42.41725535059093
24.000000000000018,0,0,293.15,2594673.2321192217,6.732329338547729E7,100000.00000000001,35.31048362008001
12.227913066815365,15.895463929317732,4.3828391832327157E-4,293.15492002507654,2803066.8707383056,7.85722511875912E7,99999.99999999999,44.98766353667349
17.909591394349174,12.354629053811198,3.3249490517358026E-4,293.15396618962825,2723448.7285340093,7.417185871869557E7,100000,46.978645219710025
6.403027924054784,27.957076102359533,7.930903599881076E-4,293.1577690884637,2974774.80939411,8.849286471800427E7,100000,41.53928571170997
0,32.10746676923076,9.200216957563177E-4,293.1586755513892,3020871.115577972,9.1256717133664E7,100000,33.45630500706148
28.18673843817782,6.499489998111091,1.6439057308061559E-4,293.15225210536204,2536494.7516903984,6.433811421952353E7,100000,45.656853579541064
31.99999999999998,0,0,293.15,2461596.1166261677,6.059455847337095E7,100000,37.233029956479996
12.824355175690831,23.900554923758232,6.654774156136166E-4,293.1568222994792,2911167.5311653665,8.474918105351321E7,100000,48.01192999302796
24.508192909026207,12.959739535262415,3.3691175406684874E-4,293.15407137976604,2637539.2653000006,6.95661961805685E7,100000,50.975534109039764
20.024894971644326,19.71192060314356,5.301601514272693E-4,293.1557771101255,2792046.4497196553,7.795572388738492E7,100000,52.244382785034986
6.43752006579382,36.02918676995293,0.0010373841869807526,293.1594809041416,3077004.3197862166,9.467984027797903E7,100000,41.6539591221524
0,40.13433346153845,0.0011655786010802075,293.1603012530355,3090333.4841750334,9.550212503638403E7,100000,33.30829469338518
36.079036183708666,6.518038130995055,1.557001222752789E-4,293.15224354317974,2389394.3632679037,5.70921600281418E7,100000,48.49974944490719
39.999999999999986,0,0,293.15,2322889.9960552906,5.395818163829865E7,100000,38.80463948079999
12.826180457785403,31.964821123238274,9.055104661705093E-4,293.1586145535288,3056104.058372639,9.339777965674584E7,100000,48.34679566031354
32.24754597945243,13.062228920793599,3.2135031671566187E-4,293.1540417666882,2481079.2258779956,6.155815902980793E7,100000,54.34308087290213
19.22500064229744,27.88531255792267,7.66696229431113E-4,293.15767494815094,2979865.060288158,8.879634110546903E7,100000.00000000001,51.893779018001446
28.396483729661323,19.67812201097979,5.015168544790541E-4,293.15567331217363,2646067.654569855,7.001736603943421E7,100000,55.03048031287528
25.094538290625593,25.343325225123557,6.697651506277976E-4,293.157033009707,2857539.6338258483,8.165652393986186E7,100000,53.18991092900917
6.4253962786353656,44.079793981717316,0.001287631532423095,293.1610488201242,3129204.033038271,9.792011379164807E7,100000,41.12362355399801
0,48.16120015384614,0.0014142511198744021,293.16177593746636,3093016.4203931647,9.56684421851428E7,100000,33.02501977380897
44.06386554488637,6.509263783674769,1.4686222099145925E-4,293.1522534044416,2249966.436810461,5.062351066461628E7,100000,50.59669215396446
47.999999999999986,0,0,293.15,2206434.115992643,4.868351515566491E7,100000,39.2707331475
12.850945117364668,40.01229514733019,0.0011565733692386895,293.1602856294275,3182934.2221628428,1.01311723154009E8,100000,47.99351568452795
40.16879030761144,13.050955492788795,3.0127784635173107E-4,293.1540200965217,2293023.439898045,5.258010741003821E7,99999.99999999999,57.58893906428293
19.216233821510862,36.004501238106116,0.0010168031048999708,293.1594752556091,3217167.851245818,1.0350243936687078E8,100000,51.08882157327826
36.256775150526806,19.695754646533068,4.6782741956011433E-4,293.15560990367203,2383736.4525785977,5.682847086921383E7,100000,57.44894905471323
25.5806020865615,32.14599617307708,8.674373205374688E-4,293.1586056510486,3143592.228577992,9.882372307621069E7,100000.00000000001,50.81126413446594
32.246955076692615,27.295763135022547,6.798193617142864E-4,293.1574145910611,2705435.5962142474,7.390649494040947E7,99063.92404523595,51.67086815075499
6.444906228122773,52.13248823476659,0.0015387668743808414,293.16245112180883,3093176.9806280304,9.567861542804675E7,100000,40.42560085939015
0,56.18806684615383,0.0016595867545222028,293.1630695540956,3005513.1732014124,9.033198773562367E7,100000,33.089060169302336
6.4583788802537825,60.17647280047237,0.0017825733969685403,293.1636489352941,2957952.667482285,8.749564409536266E7,100000,40.66970604850888
0,64.21493353846152,0.0018942750821932955,293.16414478392414,2829953.3740560873,8.008686774884224E7,100000,33.812313902494026
6.470479800168133,68.21560090842215,0.0020116176454496697,293.1646127464214,2740089.606211685,7.508122944001156E7,99999.99999999999,42.46801031028269
0,72.24180023076921,0.0021120372861981426,293.16498757512056,2588065.460125049,6.698098990110005E7,100000,35.12882709616009
52.037271645583644,6.492378778725289,1.400862737149027E-4,293.15228687533227,2150933.7028802307,4.626518733555762E7,100000,50.84247830608705
56,0,0,293.15,2124207.5268105622,4.51225782258912E7,100000,38.52552406652
12.87858786397839,48.06107223682411,0.0014149932143623105,293.1618022035745,3221443.512234021,1.0377898905716892E8,100000,46.83153231053382
48.11081517669027,12.997528096895753,2.843634598651262E-4,293.15404631870956,2153518.157541526,4.6376483398537226E7,100000,59.58034987501831
19.252158638937544,44.03363313692529,0.0012822208122979706,293.16113052119675,3385550.233678901,1.1462407737089385E8,100000,50.27083202781254
44.2581510856549,19.523785878047153,4.3218730590423115E-4,293.1555756989755,2114806.3070696685,4.472638682559724E7,99999.99999999999,60.2582031151204
25.557406753037373,40.08507006598159,0.0011313226312335781,293.16040406911605,3525025.2441177224,1.2639336659003842E8,98316.55097950077,49.33009344544826
40.776934365215574,26.155198879171078,5.852852329312404E-4,293.1571072636954,2024274.6470319566,4.3525271714108944E7,94176.14306634571,53.20324152503971
31.75043650966827,36.03017301822449,9.46724866052442E-4,293.1595233638318,3015242.3139001764,1.094505788775553E8,83083.98160553927,46.70524401884316
38.419014444662075,33.60467859855845,7.889831776249292E-4,293.15894236603526,1886270.7217247367,6.18814329829208E7,57604.17095741699,45.55718736903245
12.897190514396021,56.1270329150384,0.0016719042846319021,293.16312630125464,3136658.4913380854,9.838781375492746E7,100000,46.12320472471257
6.477787861496221,76.25006395436502,0.0022204103258229996,293.16534667330774,2469445.5926685357,6.098167065229716E7,100000,45.1374664987572
0,80.2686669230769,0.0023087074987997096,293.16561498584326,2308882.894215008,5.330941836228133E7,100000,36.62808671028781
6.482153072474435,84.28017854271422,0.002406056171002711,293.1658815522756,2176544.2885606666,4.737345458384058E7,100000,47.29436524156575
0,88.2955336153846,0.0024823892440535987,293.1660620680144,2018770.1387459326,4.075433704211908E7,100000,37.49234479459382
12.923008420131586,64.17636849554465,0.001915989682417577,293.1642151040192,2942340.108745334,8.657429789443496E7,100000,47.238114558726664
12.944990347361674,72.21903542603549,0.002139802041723149,293.1650647236995,2674023.343249197,7.150413389778754E7,100000,50.256406450696936
56.04670083431437,12.96723161455231,2.7406619294601935E-4,293.15412017522016,2093478.3510224863,4.382692666694332E7,100000,59.7935053923747
60.013840491325446,6.482322919563852,1.3557767729435404E-4,293.15232935512216,2089396.7494241977,4.365584086144677E7,99999.99999999999,49.46092460652596
64,0,0,293.15,2064505.2320691433,4.262181972706457E7,100000,37.030543245880004
19.29045254286355,52.102623025638216,0.0015562592961875334,293.16259356408676,3382353.8358204938,1.1440699708664773E8,100000,49.78145804195259
52.095556213111635,19.44205291202712,4.1270237209236406E-4,293.1556459898507,2031942.8022414707,4.129027616439568E7,100000,62.758338442200035
25.642618289392146,48.104008076020236,0.0014255691101423306,293.1620408688671,3609934.73491109,1.3436523847261146E8,97000.81112139334,50.723139387943725
48.622991344972945,25.93347408709214,5.458126524456585E-4,293.1571255766408,1757707.4644642796,3.2323273398650263E7,95608.88525612497,56.75630773818548
31.90239117215392,44.192108753536274,0.0012676827873868571,293.1614138697659,2730107.6053610216,1.1622387789936703E8,64180.499592318454,47.9538925544583
45.59364258527431,32.43489661127506,6.930217873676501E-4,293.15870116893774,1395858.1193134629,3.478548207180794E7,56072.482109154305,47.982518809043825
38.34262905821226,41.16818909177545,0.0010997105216277515,293.16085124166403,1521754.1982033781,7.682634143130364E7,30164.03155308792,44.77259061861227
43.43099383632767,38.10592361167183,9.083420076220654E-4,293.16015427689666,1216520.139597856,5.575614082081604E7,26545.189489584136,44.30811922830364
19.34456982817795,60.1443096081517,0.0018209587873365678,293.1638029181608,3218049.132405626,1.0355988964910442E8,100000,50.36629502616382
6.484495926326883,92.3082691285676,0.0025679452886146173,293.16625442516664,1885181.4738059521,3.553912442364558E7,100000,47.196545125821046
0,96.32240030769228,0.0026329942694037337,293.1663597961847,1735882.9960159922,3.0132925230812773E7,100000,37.36176806935988
6.485336376836145,100.33562275109601,0.0027069343422320914,293.16648757130275,1609295.605041764,2.5898363160099905E7,100000,45.382562363120606
0,104.34926699999997,0.0027614777292725733,293.166521057616,1467907.1221088541,2.1547532091893356E7,99999.99999999999,36.5778688528
12.957845343977032,80.2580422995454,0.0023391462554027947,293.1657010305844,2369668.6469351877,5.615330123781886E7,100000,53.44533153510729
12.965183675959238,88.29155461548113,0.002512828257377663,293.166160961752,2060846.819025288,4.247095650558594E7,100000,54.26522880048259
19.388911270298482,68.1824910192721,0.0020648267274227766,293.1647635081443,2944982.9579470917,8.672946997710273E7,100000,52.11661800772357
19.421472055808877,76.22264449575609,0.0022813793036679238,293.1655094691442,2616928.8311156766,6.848319344954295E7,100000,54.257236444758426
60.018206440099824,19.432149997863025,4.047491351156216E-4,293.1557632277656,2067919.6517273218,4.276480052037295E7,100000,64.33249229259974
64.01495747449415,12.958112756527731,2.67486711681136E-4,293.15419011151965,2067919.486630393,4.276311381737781E7,100000,58.51179342640514
68.00305925506682,6.478814993787581,1.3198157152829952E-4,293.1523521956506,2038974.9295658737,4.1574196839173995E7,100000,47.65024673608462
72.00000000000001,0,0,293.15,2008074.988378564,4.032365159334672E7,100000,35.980413151659995
25.711251755097987,56.159134608935226,0.0017209600272307189,293.1633935031528,3460188.1644283175,1.2427538946900845E8,96356.39691133547,53.766138489508556
56.21182807512122,25.867823314905866,5.379744457559544E-4,293.1572480590385,1897216.3722041536,3.6731580503592215E7,98098.53066368705,61.66071331451429
32.05584586936905,52.22416101268298,0.001613522981187977,293.1629622996779,2521489.32778391,1.0777205925799799E8,59067.07974267052,55.490057233020586
52.823157100631285,32.28645225890656,6.746922596737019E-4,293.1587867306368,1530664.8894672983,3.680197869760055E7,63761.60333730859,54.029158819831025
38.39961445113531,48.452138168787044,0.0015045275406060795,293.1624660367401,1358930.4831451746,8.100718342494173E7,22853.36199302152,52.70593052564802
49.488838238324504,38.523717528849176,9.173202359187398E-4,293.1603603701569,1199388.3239348254,6.463684752404195E7,22342.80355902095,47.55866029276624
45.31084485516523,44.79813622790103,0.0013572305397605946,293.16185219815935,902719.6756205646,8.62658977421721E7,9490.74963123357,48.171380183915126
25.786820075985457,64.1746557734864,0.001993311583453936,293.1644547940877,3151232.572087539,1.0396980815024956E8,95525.01171498816,55.54990852231743
6.48530776293111,108.36257499631503,0.00282446857351768,293.1665847070622,1351889.2102526075,1.8276057339376513E7,100000,42.955535594139455
0,112.37613369230766,0.002868989933274001,293.1665449228026,1212218.57397116,1.4694740506215155E7,100000,35.37362433478652
6.485477123680083,116.38968735173701,0.002921723786447923,293.16654078507867,1106293.2312545266,1.2238850995863212E7,100000,40.92400862832597
0,120.40300038461534,0.0029561351105238548,293.16642588314676,958430.1527925531,9185904.43139033,100000,33.852236773418184
12.968796824140824,96.32116676131095,0.0026619139031096683,293.1664739749986,1769587.7213502887,3.13145142294862E7,100000,51.705601345490756
12.969599616512312,104.34884167646857,0.00278860651783576,293.16665079731274,1507045.9958105579,2.271194545654468E7,100000,47.41709836549682
19.439071680620433,84.2651761518203,0.002468703372159792,293.166073361067,2275467.7800901723,5.177775322299705E7,100000.00000000001,55.37905001901998
19.44817779757805,92.30290545828284,0.0026280219169983626,293.1664806098165,1951577.146841554,3.808691819060561E7,100000,53.03728485571535
25.853972424870058,72.1927672078776,0.002232961436687912,293.1653017394396,2765829.1627651257,8.123549784791042E7,94173.71329391933,54.198102095691304
25.898493016988407,80.22811210851764,0.0024373579649220813,293.1659840008969,2387401.244829059,6.110621176508826E7,93277.99077148286,51.748581942788554
64.05168622067558,25.901854614360353,5.3903448241629E-4,293.157374817358,2066417.0354017655,4.318492607138423E7,99033.99775625799,65.54663478614121
68.00793782615838,19.432416972784427,3.9774695018309647E-4,293.1558245561824,2083571.0794994899,4.34127932431379E7,100000,64.21832751807732
72.00477087658568,12.956001964406362,2.6060687396555816E-4,293.154195349918,2023730.0754287045,4.095486304824947E7,100000,57.36885599670156
75.99999999999999,6.477870020307598,1.2815083453134238E-4,293.1523325680478,1979954.170086166,3.920219494562996E7,99999.99999999999,47.046005611478314
80,0,0,293.15,1947020.3635328512,3.7908883497763634E7,100000,36.0031097524
32.13576769271395,60.214252322404135,0.0019390856007424461,293.1641470513203,2362831.000461281,9.810799161606562E7,56955.47617025779,61.99368291557597
60.34924213369777,32.32917773199791,6.893752653838103E-4,293.15893722937085,1931288.3954369873,5.318174903221003E7,70211.0426314092,61.66196406479754
38.43968194296219,56.322793804404284,0.0019604500781748176,293.1638156264025,1570847.635915786,1.1367334260213356E8,21748.179146683015,64.56373466084712
56.772685529148184,38.71683154123612,9.879519141453564E-4,293.1605398409054,1769718.223293795,1.2980032105609852E8,24177.102786282045,55.19299097777671
44.628114718317654,52.61043685392432,0.0020991609258989613,293.16341288951867,1171839.472905451,1.5827656787254876E8,8717.518662819652,60.54613889286811
53.36303231079701,45.12317643097839,0.0016659955368928305,293.1620847584188,1501887.0741561807,2.6335180349118817E8,8614.654034864978,52.62208364577257
50.098560720624945,50.29449204046791,0.0022933153253900866,293.16312284355837,1190794.4190227129,1.993885464047758E8,7118.814031976597,56.46790287791473
32.233984312920875,68.19690537009119,0.0022237319014066855,293.16508890563324,2126449.645108902,8.569550087327398E7,52779.658267838946,59.89246832183557
6.486248633356059,124.41746306004198,0.002998941318668945,293.166350029378,861242.6540362729,7417419.518395043,100000,39.07614639153664
0,128.42986707692305,0.0030224784777657648,293.1661554597201,687515.469565277,4726930.768014046,100000,31.725262643872668
6.488124468953515,132.4455533292683,0.0030553135505374343,293.16600165268727,611064.1094133504,3734304.060377221,100000,36.6750466270293
0,136.45673376923074,0.0030664045819820073,293.1657132988081,347963.6655370151,1483042.8881579367,81703.81722725838,29.069265854676534
12.96922589493014,112.37549629417417,0.0028951398675895646,293.1666872167241,1272323.0266856828,1.6188066915890768E7,100000,43.96316855707958
12.971173254102652,120.40333562550165,0.002982785873436287,293.1665770751387,1055162.3126321284,1.1133699463057047E7,100000,42.14897798637029
19.451925635471785,100.33472471733097,0.002762641340124988,293.16674651989837,1667046.5840848715,2.7790793068020362E7,100000,47.869317504308505
19.450933943074002,108.36271380985345,0.0028765799683021062,293.16687080076326,1432168.730164488,2.051119451637253E7,100000,42.440080572125105
25.92050404199084,88.27355557377587,0.002607969773802652,293.166511548693,2050967.4765783118,4.485059176253113E7,93809.02521013444,49.02740775077671
25.929931897079907,96.31583320513799,0.0027492910512116465,293.16688646326133,1762419.3579495547,3.245755703580305E7,95719.31349681532,44.779217223242064
32.31823647533152,76.20629482081385,0.0024584649202785357,293.16588746972064,1812983.296204555,6.812304086269115E7,48254.246785139985,51.92294673240509
32.37373570293937,84.23882932736869,0.002638815752873409,293.1665625063096,1490683.83077615,4.6886607838987045E7,47414.75414401352,45.024199087757886
68.10787299453534,32.368532084085494,7.003485414464092E-4,293.1590204878925,2140713.7829819545,6.6585532229911685E7,68842.24482131889,64.80745811275959
72.02084621404984,25.907031611876132,5.287895787294143E-4,293.15738264628857,2069487.2551893843,4.385006435359866E7,97756.31436342928,65.10796345571303
76.0026707037948,19.433057002415634,3.857109471258262E-4,293.15576844589174,2011147.5664871011,4.04479101986155E7,100000.00000000001,63.07616985986815
80,12.955740040615195,2.5217024594226684E-4,293.15411499678936,1948391.1537002882,3.79624347131552E7,100000,57.20736622823164
84,6.477870020307598,1.2410234712598712E-4,293.1522711632577,1914637.685835399,3.665838685904593E7,100000,47.709324933894045
88.00000000000001,0,0,293.15,1887725.5285667889,3.563507680312401E7,100000,36.766964396860004
38.54578428430111,64.25356190392952,0.002367546199180385,293.1648735611945,1897657.4646658236,1.660910459864752E8,21803.74203815532,68.47443023064977
64.43983995442447,38.794926153319174,0.0010718081173092299,293.16067119370103,2388336.147590891,2.2248901923133835E8,25732.294900227746,62.0390350730217
44.77820574700872,60.324496758403825,0.0027532511110657507,293.1645999256363,1639286.3204876583,2.236902161720284E8,12017.805920509476,69.99573086973466
60.855086937908595,45.30007348845647,0.0019779003440482707,293.16225421973644,2390148.9765103427,4.917840121655795E8,11617.551651522539,57.60915384686255
50.664987825363866,56.66314972262159,0.003050838512981043,293.16424406407356,1581162.6037758004,1.7915876505336228E8,14000.40089830255,63.62363586877077
57.07280160918036,52.393348084547064,0.002996892571607939,293.1636675109758,2067835.2023551764,2.6383498314952144E8,16303.701135353853,57.59064787223468
38.68351825937224,72.21662350486282,0.0026872870446136322,293.1657809813109,1942789.9696738336,1.8232315754440013E8,20820.379329633084,58.83553109007212
6.492393191362233,140.48024251452082,0.0030927945023688373,293.165467474256,342538.18838401936,1592224.8655668152,73729.41236671834,33.37544735713564
0,144.48360046153843,0.0031001312521327083,293.1650565438042,120437.17258802477,496287.5246454417,29241.25902828519,26.228200992463808
6.508349427567222,148.52633858141687,0.003130312831555983,293.1646873090701,129556.75866743391,789519.029099722,21302.94132430931,28.933061030414198
0,152.51046715384612,0.0031453478571586307,293.1641111883757,51593.15120945204,360794.2397810877,7427.691554087884,23.466196781813945
12.971078054822584,128.42898116047746,0.0030511873317678223,293.16631706349364,845728.638685919,7152632.8026644,100000,41.168891161887906
12.97926888139524,136.45953105002033,0.0030994608771004553,293.165894649746,618244.9179737739,3999244.125129981,95705.9366869612,39.41881379284991
19.447114374400375,116.3871305918978,0.002972983335278676,293.16684572881564,1240686.6810112118,1.539306398976314E7,100000,39.57649321681216
19.44538567224691,124.40659312639669,0.003052756562708028,293.1666706328743,1073774.7945011454,1.1530276612121334E7,99999.99999999999,39.20997151791059
25.930935737647985,104.35034320956989,0.0028675932181935824,293.1671103273247,1533942.3934461263,2.396976454431148E7,98173.6154162343,39.22365162579005
25.923277504710384,112.37810271869266,0.0029693611107073823,293.167178254155,1364901.629870131,1.870936165544562E7,99599.45698789765,34.88262983341132
32.399014937051184,92.28583184293207,0.0027729247856436066,293.16707998966666,1250634.2848439717,2.972297887096634E7,52702.174841798136,41.80408055287706
32.40591850421078,100.331616425289,0.0028794353841206845,293.16741884669136,1107062.7481841987,1.9811765117277488E7,61952.24570565549,38.77375521844255
38.78417793856925,80.22320315067516,0.002892600042466834,293.16660769815644,1687976.0601518173,1.4951337960848013E8,19180.42835846375,46.84477511337698
38.845958934505255,88.25450231737878,0.002986949019364395,293.1672995621545,1298583.403370001,9.3404495703255E7,18213.066330269005,42.20035932378088
72.16057395782893,38.82265332761541,0.0011038595829997054,293.1607245064472,2492878.6236777883,2.562905209109937E8,24360.10064266111,60.459504476876354
76.04952243290931,32.37557807962853,6.840798444006173E-4,293.1589756830958,2010721.0280643853,6.48482352681658E7,62358.17942273258,60.48011189074065
80.00385207770414,25.910329077707257,5.047959142745858E-4,293.1572540436542,1886122.6895188296,3.721573087922675E7,95620.91150754859,60.917839590706194
84,19.4336100609228,3.706003096706782E-4,293.15561253548344,1882442.332860157,3.543747563425369E7,100000.00000000001,61.37323214821766
88,12.955740040615195,2.4387560638744777E-4,293.15398205725546,1871305.6380269302,3.501788419483875E7,100000,57.267829104256684
92,6.477870020307598,1.2052036266966258E-4,293.15219032165845,1858017.727769431,3.452230067415602E7,100000,48.229772760740275
95.99999999999997,0,0,293.15,1838392.1969904967,3.3796858903021105E7,100000,37.19456744232
44.98968412524456,68.25975404869995,0.003200500778115366,293.1656215473047,2005673.815307727,2.3845957320386636E8,16927.26603133793,65.96934446101284
68.52842937491836,45.225080078067755,0.0021293242273785237,293.1623447294491,2901630.9576766263,6.174672595628678E8,13645.574523517897,58.77063034118618
51.256095695446135,64.2669991829965,0.003542996451458433,293.1653667733344,2087452.4520637847,1.4741715363223767E8,29572.936867805885,65.46334206122002
64.95373284898322,51.54707864259032,0.003120342524146276,293.1636626275377,2914978.8611964625,3.537005763274407E8,24063.857355893095,56.3882174749125
57.37953744607491,60.57296429221907,0.003637530617667416,293.16505258911064,2320346.6374491514,1.2854552079171567E8,41905.42376035412,59.53225052512594
62.6569051716447,57.197931283551554,0.003579924101870731,293.1646586664585,2828000.355404302,1.8396520079910558E8,43477.37919311573,55.63852946925213
45.15932955799518,76.23237982304008,0.0034712122325359536,293.1665747010109,2001521.4200394917,2.1397598707336947E8,18799.939309613503,53.63986709201776
6.53943731254968,156.60104342805158,0.0032044014333484114,293.1635672534037,58986.290818383066,792581.9142265863,4433.74590954835,24.438470463755962
0,160.5373338461538,0.003270702494231155,293.1628037415745,30300.74935677437,758260.926959923,1229.5158615753598,21.410563309367706
12.999922094339192,144.50342873938058,0.003137032876516689,293.16526947994504,323351.23357869085,2383644.7502113576,43893.07958621093,35.503532291303145
13.023321442674174,152.5786866208132,0.0031982086093117986,293.16435256658445,137898.14505993176,1736185.7402782787,10977.765307418047,29.282189306512226
19.47974422433612,140.449490552966,0.0031609049861494845,293.1658527101919,633603.4051559293,6290198.613554191,63954.17852262782,38.523756049157335
19.453996225507016,132.4233873000755,0.003114114739365134,293.16634654657565,887229.1360312764,7888838.7620212585,100000,39.79979294873121
25.91136258949537,120.39609348541808,0.003058356415938862,293.1670897478919,1226610.0692397854,1.5262499124428988E7,98698.19545950745,33.420047871714026
25.906789320414898,128.39713189787147,0.003134396934784149,293.16685639238204,1101875.437255588,1.289356523135776E7,94520.16995089216,34.60501497822178
32.399669317450794,108.36877767907879,0.002975078689213578,293.1675839529283,1077224.617621284,1.6394605698750587E7,70791.61405577393,34.32548663319364
32.378723020289335,116.39516048276505,0.0030693054152369347,293.16758548983984,1105871.2861377604,1.6800392159858707E7,72843.83500276423,30.71940337311238
38.87193590906068,96.30240486117404,0.0030218904344458974,293.16776867333374,911119.254935074,4.293914236725546E7,19392.580968310645,42.762186204657276
38.87363435168017,104.35142138206868,0.0030609469032916365,293.16802046706295,663350.4291443655,1.9841219401416387E7,22228.28473357084,41.45863221605302
45.248338269542266,84.25043707479904,0.0036058321072037075,293.16744441941165,1653844.3456138785,1.820239362334467E8,15090.893183155305,46.20873455485623
45.31263171404792,92.27568838339697,0.0036065612818440116,293.1680744792371,1165896.2874982369,1.4204064129351705E8,9578.042711871232,49.832780773633765
76.21041427325578,45.2558061001982,0.0021318377849601678,293.1624222479283,2729751.618499855,5.874072065988368E8,12698.082912213154,53.70099980058216
80.05670803445426,38.84415523439256,0.0010466141205922993,293.16068603640684,2053467.0796315914,1.9734778169007143E8,21461.550930842637,52.155474780420555
84.007077627184,32.385998331394575,6.41507292032734E-4,293.15881653142065,1631861.0796655416,4.746476535234203E7,56210.30370402866,52.415528399395775
88,25.911480081230387,4.8013252175169266E-4,293.1570433226407,1659278.9029540375,2.900976079419892E7,94952.16062579198,56.28974179703173
92,19.4336100609228,3.587600726306092E-4,293.15542532135436,1800604.4632711355,3.2422513817332506E7,100000,59.696528591278316
96,12.955740040615195,2.3761516373003178E-4,293.1538458538542,1825098.7025013648,3.3309925313673403E7,100000.00000000001,56.68868870671589
99.99999999999999,6.4778700203076,1.1769728679809236E-4,293.1521142981339,1816042.514399824,3.2980113885801192E7,100000,47.82134632453918
103.99999999999999,0,0,293.15,1797726.955016585,3.231822227382514E7,100000,36.78595936096
51.49420128201639,72.28805395856676,0.003834511580150277,293.1664454811344,2391138.538625076,1.3485134471972492E8,42401.17750728122,58.015995647140926
72.56218811989643,51.63033064234766,0.003209316982461029,293.1638200766927,3113624.2828404754,3.6415133875300616E8,26656.595058125793,53.30648526751787
57.87954639357584,68.4054590815187,0.003957110290787689,293.1662532029031,2965818.491056508,1.1672111513863648E8,75364.66917735945,56.90235114037341
69.03708544877638,57.938209296421135,0.003718598550774397,293.16496665160224,3351708.899842005,1.8993941556873587E8,59151.24615988537,52.06059746972243
64.74688798123863,64.51089839807906,0.003961862284318229,293.16597109090384,3591421.993807047,1.347951657018871E8,95728.05618629628,52.656008724313956
51.60859978294493,80.29640404375284,0.004039364119934812,293.16746091368174,2253350.640338469,1.268448335477665E8,40030.23904458219,51.381521504718535
6.52866264293838,164.63976312505696,0.003488639454036785,293.16206296691297,37079.10980942854,2374926.70076235,580.5748754451938,21.468248810804653
0,168.5642005384615,0.0039045006179176463,293.16113959168973,31863.05695385506,4974783.844435607,205.58596698560757,20.374010895183698
6.503573374402482,172.79458359286716,0.004854646335936242,293.1601993862718,40219.74741654309,1.1321555740804061E7,143.1084937421381,20.32895724777406
0,176.5910672307692,0.00596905795227337,293.15919881610193,35840.42910771131,1.1869536520910053E7,108.30699607452449,20.073582636482037
12.977507133659682,160.5988601413699,0.0033614256060126853,293.16305064843567,60716.61752742756,2078983.819123892,1784.8181931140955,23.907195601857936
19.521581730054766,148.47661904580877,0.003228093891258533,293.1651233388474,306089.7635440908,5044705.849945851,18633.657666280546,33.595269550303094
19.481235944783474,156.42915270176914,0.003368934782010864,293.16405254077296,132685.9794480336,4430725.649905915,3991.8656368782263,27.109976698899768
25.98006891997703,144.339157042509,0.0032974955213528304,293.16590760358326,569233.2050378864,1.4814569132634567E7,22015.81801482641,34.1237877623766
25.92437963949723,136.37563555414985,0.0032022760163887116,293.16647719195674,920646.7062304317,1.382294741224358E7,61547.94138749115,35.793922538531156
32.35156290840749,124.40202801254128,0.0031667045001138455,293.1674411704585,1137009.0073669448,2.0520885871166974E7,63218.24515233037,30.155724660922733
32.340231361040395,132.3691874625551,0.0032773102461210704,293.16716638831855,1093942.1730250304,2.9620015617907878E7,40677.41807918178,32.22720060442233
38.851131751898656,112.3923882585053,0.0031370133644756646,293.16809985425084,660170.0241894494,1.7808781149941064E7,24541.831497286763,35.74600238019719
38.80492629035831,120.4218085368544,0.0032603506825108863,293.1680377698797,834285.5717347244,2.9357673372968707E7,23890.440577572434,31.71884768031833
45.33702479037714,100.32285572432647,0.003492688787296746,293.168418975969,738268.2249474247,8.562176742718963E7,6428.279074821835,54.04720242287883
45.32936905623772,108.37602550483892,0.003429418746031906,293.1685563880547,481123.2722967496,3.9568111326272E7,5884.677620160778,49.519306892012736
51.70598742171321,88.2893553163048,0.004194589112757986,293.16826629781616,1637239.6037420006,1.0959976415839793E8,24464.346262501767,54.88182008495064
51.772984153287204,96.30526490176544,0.004299933929157694,293.1687440054291,1022255.4087935727,1.016758772671343E8,10330.246629011277,63.77561985942514
80.25036104480466,51.72595268586708,0.0031515809125722623,293.16394239991376,2741413.3360521407,3.588507987635131E8,20994.51597184621,50.2011307963248
84.0659217466715,45.31534475804425,0.0018922300566958942,293.1624313634964,2068856.5199376692,4.302045496453397E8,9955.601828984145,47.78359841762943
88.01168590855127,38.86160498204611,9.103604886762502E-4,293.16054686056174,1506236.660523033,1.0493949530705096E8,21696.02007440958,45.37720478474363
92.00299972360438,32.38782610179688,6.003711092959417E-4,293.15859057754693,1416360.9555173395,3.222352396303801E7,62483.38568042445,47.83706486002547
96,25.91148008123039,4.7039259098804104E-4,293.15682510088567,1686659.7350859472,2.8956380016662985E7,98322.32899693442,54.288516554374326
99.99999999999999,19.433610060922803,3.522470100290438E-4,293.15525653283504,1804522.261025008,3.256353076694833E7,99999.99999999999,58.74319789216353
104,12.955740040615202,2.3290400995454826E-4,293.1537290752565,1799617.8500731064,3.2386300678198244E7,100000,55.7657430577541
108,6.477870020307603,1.1520377995231987E-4,293.152050798075,1779349.0818356478,3.166083367592076E7,100000,46.93728923462161
112,0,0,293.15,1758409.3016704672,3.0920032784345094E7,100000,36.19691624224
57.93023377164444,76.42616583194122,0.004198201684475228,293.1674031388256,3373220.282119132,1.3557461541331875E8,83931.71480917755,53.43948394613057
76.52487868350985,58.10501931750182,0.0037743985495939133,293.16516801883637,3352116.934808705,2.0454368062098727E8,54941.843096600955,50.00603706922623
64.21157243842973,72.7145517442003,0.004237825522226825,293.1672719358534,4034321.092315089,1.6332131858790702E8,99688.57541714836,51.930690797673925
72.8944212647525,64.63349221715173,0.004078544827085854,293.1662992041557,4169362.7524614152,1.7391667100259688E8,100000,48.93968508554588
69.80313483753402,70.10901997675474,0.004254128801061461,293.16715181975036,4378449.986518153,1.9171358160665643E8,100000,49.450216903150576
58.0487075564984,84.36274790140585,0.004425711033293102,293.1683801360131,2986595.567730004,1.384800533429605E8,64420.47422031637,55.175667386104486
6.5781593289771125,180.70602075544025,0.007386707111569913,293.1581627689373,34607.15546474894,1.1711131424410703E7,102.28283296878385,20.0503593714691
0,184.6179339230769,0.008580480370420791,293.1570613134534,32217.013919060988,1.0352238504461547E7,100.26660999048282,20.007732037600537
6.470926793548354,188.33241256858207,0.009819185964117296,293.1560496364666,30619.563959237654,9367580.152885275,100.08661390229275,20.004988303187805
0,192.64480061538455,0.011038699569703827,293.1547876412503,29360.58706432902,8619689.624656798,100.0102762952303,20.000683194438437
13.119151407941741,168.70881909142628,0.004101046415162652,293.16133690828974,43805.256027866686,7861032.922485981,246.23757717107742,21.025409624802624
13.82543176555079,177.17179890396906,0.0065422672307915136,293.1592426567939,39698.48075236067,1.4316398970568458E7,110.20670305288908,20.187733833329958
19.465519781545872,164.41206333332127,0.003831401402285807,293.16254944964317,59119.37424918602,6556452.18262773,533.416156855415,22.417923264516173
26.006498894681993,152.2351315093856,0.003479123774222981,293.1650487088052,291921.1969512778,1.4674138625223773E7,5859.228798140427,28.99010326760602
25.891346628463797,160.27059850391922,0.0039396454963124454,293.16374134560607,123680.37627240426,1.5454627948924625E7,990.838137312738,23.90969685040349
32.48030755119802,148.0685777611804,0.003745967467864724,293.1660741189709,552575.857222625,5.325715701090235E7,5780.167852761879,30.070833114090522
32.37350543018233,140.26807683931466,0.0034391387898575587,293.1667372051015,883218.021038218,4.255545286837452E7,18519.15395250665,32.937446149738754
38.75377011927798,128.4242340895232,0.0034477611938612076,293.1678537276769,1021146.0205306414,5.748174479508304E7,18348.56015210829,32.927835673995475
38.72788040638035,136.34234775171487,0.0037589448362529408,293.1675389932789,1054182.4082339345,1.0961450731262128E8,10216.0367330262,35.59953210794402
45.28989945917353,116.43020844130102,0.003551842146825156,293.1685488355956,500209.47215035005,4.237590665567041E7,5950.429962139539,40.93944146105316
45.19110168182721,124.48201283686168,0.003897359009417073,293.16841648086705,760430.2970952922,1.0880488696112986E8,5332.363854702117,38.574831833959756
51.79774554276813,104.35011201985714,0.00434158038577269,293.16895356899084,545846.0685116601,9.014141762567435E7,3323.7884228334347,65.23876204968234
51.79375081437657,112.4086146375607,0.0044638835840767966,293.16897532984166,446472.48477107746,1.142077943241896E8,1757.6939477958329,54.28704224491213
58.16503845187787,92.32717198403661,0.004666395722342693,293.1690297987791,1892048.4748701185,1.1346289548048578E8,31562.111817196546,64.68250046830622
58.23993247738827,100.33943762849215,0.005006964707706279,293.1693481538416,995786.1384340991,9.939310544093089E7,9981.592575480869,70.88965279998332
84.27639486514391,58.250839901227096,0.003714900238671572,293.16524760886335,2751322.481163314,2.1992306327526653E8,34424.163503596785,53.46427941220794
88.09699022712613,51.79116577797881,0.002775498153519186,293.1639338804264,2296450.505593168,4.305443918249242E8,12324.624904616401,53.23840186256399
92.04143835697896,45.32894643985308,0.0013911539712520061,293.1622703574774,1724332.6388905512,2.5105629155803946E8,11952.617019492121,48.03461079552984
96.00680099274673,38.863667349358806,7.858848971715116E-4,293.1602887627508,1394253.1063712637,5.510624145245761E7,35487.207419163875,44.81500876562843
100.00134726347743,32.388547301493965,5.90067661733755E-4,293.15832805912964,1703000.7290508247,3.3314031330523055E7,87192.28216731818,48.51752185928529
104,25.911480081230405,4.6763557200456713E-4,293.1566150170116,1832143.3880828635,3.3569050071840145E7,100000,55.6398659742297
108,19.433610060922806,3.4657196431235235E-4,293.1551006742984,1803881.4245679642,3.2539939654064503E7,100000,59.317481442846606
112,12.955740040615202,2.2800223463994372E-4,293.1536198494304,1766134.2941674206,3.1192309434467424E7,100000,55.62479619772318
116,6.477870020307602,1.1258042187631879E-4,293.1519905345608,1738130.8901617255,3.021100314762548E7,100000.00000000001,46.57086439130469
119.99999999999999,0,0,293.15,1718780.3677276701,2.954206277501805E7,100000,35.72330493039999
64.32465653875333,80.50582104845115,0.00451607735650572,293.16841261769855,4585638.737162386,2.126730415727119E8,98892.06884804169,53.27649996432282
80.53963638878,64.8200045793028,0.00415646917816937,293.1664720333169,4022626.561533291,1.9857289279251146E8,81511.9764722497,49.935161411163854
70.45299035912181,76.7013601074084,0.00453976160001843,293.168282940325,4947154.03731816,2.4474615958152428E8,100000,50.19649769389584
76.66803166392707,71.99397573731731,0.004459921161982299,293.16775523342045,5064720.921524485,2.5653361580156878E8,100000,48.1211169355705
64.50730238740806,88.38869497796739,0.00480790352437776,293.1692896549726,3907822.2390503623,2.137295161936629E8,71461.51501125308,59.30703087086527
7.254091339081503,196.6301452217652,0.012245426861291516,293.1536415766196,27889.924720663676,7778424.487868412,100.00236190055512,20.00035817820326
0,200.67166730769225,0.01331598917168407,293.15242195697897,27573.85053046312,7603327.915769224,100.00015908484615,20.000032972061536
5.50341009778837,203.5331613729263,0.014114004628285487,293.15156791445463,26964.58692800313,7270924.625099467,100.00006772601922,20.000015239747178
0,208.69853399999997,0.0154982447030624,293.15,26993.28404906737,7286459.58553407,100.00000128399999,20.000000688699995
12.669024040361046,184.72832831337698,0.008949582464470142,293.15715025165287,32087.18537720108,1.0255148119230835E7,100.39992599474768,20.021388946402556
12.4143941973273,190.63033810931805,0.01069968068735222,293.15545395909857,28956.251907486287,8381476.954690503,100.03857179527714,20.003674980005517
19.774344628938426,172.36905454893017,0.005546374336130338,293.16068849288786,49926.671747318374,1.7319452174887557E7,143.97634949212556,20.590804791405215
17.899110531511663,182.50578327115323,0.00865968576056473,293.1578965600161,33281.40295210106,1.0945419923441332E7,101.20540015244535,20.05051537598053
20.25448366812825,178.36276341189298,0.007603709988911962,293.15912182442935,38039.01160429594,1.3843055941374382E7,104.52866359149104,20.139800853879418
26.62582881914723,169.0059637558752,0.005756069709154327,293.1618593527108,64755.889691401455,2.6190029996175963E7,160.51727286824192,20.901871631773087
32.68243206026096,155.82414448297118,0.004456680888755451,293.16504596284636,315391.94885015575,7.606258037182663E7,1315.1955364990208,25.505155774345965
32.84832123915862,163.05526907752645,0.005982560095942006,293.16365931873344,163700.81794460007,8.459715702946053E7,320.23345925380175,22.229090802391884
39.06994285176202,151.64739469743898,0.005679588583160787,293.1662357312951,650729.3122740863,3.46092149365326E8,1252.4072907542698,29.79507077217747
38.76868957776299,144.09681239427752,0.0043582915268695005,293.1670340545997,873564.7495655017,1.9795427439864764E8,3869.8369858169576,34.739037478233286
45.10826371214489,132.48628340301357,0.004566488533877723,293.16815759741945,1080122.567839595,3.268101643181679E8,3628.8397934571362,43.84997660372153
44.916078108511044,140.35246873687103,0.005772801498378389,293.16772157892615,1143732.9899126934,6.490314509331485E8,2063.58163367975,45.664350052794816
51.71871269035275,120.48224178794077,0.005160263295767433,293.1688411927696,694442.9882618025,3.1968715293820244E8,1550.1253083362283,46.8370228548067
51.59961394257406,128.6117173475711,0.006599572615628389,293.16853822097806,1044944.5736167822,6.58097443465905E8,1665.8549763563908,52.36025369672199
58.271802980974805,108.37597532573523,0.005711434732416798,293.1694044836183,584909.3455352628,1.4100905037588355E8,2435.1688535237486,63.91897944019342
58.22936708184387,116.42999079120494,0.0072895889513480625,293.16921650979657,537786.6560347847,2.5118614301387596E8,1155.9207248490359,52.88893744875782
64.63959918686275,96.37052887350437,0.0052265183199040515,293.16979817626606,2519514.860214648,2.2258971602634057E8,28525.847708556725,65.81005569683283
64.73490940132376,104.38100454002068,0.006080870708292865,293.16994650859846,1449064.304790126,2.933474140163087E8,7178.956769991062,64.43009790460509
88.33224757387373,64.73165836533607,0.004114124525739491,293.1663707704873,2855165.198953453,2.0115117196899733E8,40534.004952652765,58.12629562647772
92.14048521787572,58.26955191496548,0.0033170237506848503,293.1651144294719,2515637.830683041,4.0247068900749093E8,15828.4983711167,63.46831857385907
96.07021254871317,51.797411099530024,0.001880811208924549,293.16367382461385,2202171.9840408904,4.2009005231164175E8,11619.608450224756,60.30432216255702
100.02432023477421,45.33297314206641,0.001025276919390807,293.16188353772645,1639857.2440805705,9.484244044145896E7,28412.118540262047,52.04791775773854
104.00395765161936,38.86385107906831,7.34701224672825E-4,293.15989115484746,1903905.1614299128,4.67311849485991E7,77751.56984880356,48.564856782056175
108.00053004812837,32.3887322716624,5.881244980686743E-4,293.1580076717366,1951724.7143614388,3.810959236741055E7,100000,52.68079614353081
112,25.911480081230412,4.597685639172495E-4,293.1563814103411,1839022.4704716804,3.382020956932992E7,100000,58.591118173670914
116,19.433610060922806,3.3833927344325936E-4,293.1549290999415,1760319.730833371,3.0987311633526206E7,100000.00000000001,60.649770319379606
119.99999999999999,12.955740040615202,2.222191597693567E-4,293.1534984237309,1713203.4188450386,2.9350737851032138E7,100000,55.87130339524822
124,6.477870020307602,1.100721871589103E-4,293.1519212704207,1693523.1102663076,2.8680376402959015E7,100000,45.75933668526332
128,0,0,293.15,1695792.5036042454,2.875721092545479E7,100000,34.24802415408
70.78569936110598,84.45499813903186,0.004885429044080931,293.16942204782384,5555307.621195036,3.087941692501469E8,100000,52.976336778256375
84.54205680675702,71.20498199016686,0.0045301450374387155,293.16766675329717,4469257.419833575,2.5646080414092574E8,77905.09255490948,50.236972309391696
76.9248473149808,80.42979399869505,0.004892770030133181,293.1692553461498,5720283.509994258,3.309734956144846E8,99046.28118834145,48.80280490268698
82.36324616311856,76.86660191292236,0.004827350094135524,293.1687831794656,5545229.876590842,3.4373357102823865E8,89484.5643737258,47.71151429579997
71.02483764445265,92.38460608867598,0.005328139945542656,293.17024434827437,4728803.5621834975,4.083613382808525E8,54767.12115395268,56.87633871644443
15.718290738932405,196.20411520801312,0.012352178773193065,293.1538428305921,26223.095214281566,6875509.478441168,100.01463680932751,20.000709759836937
12.262959149860352,202.96692633517438,0.014023129418171307,293.1517599338526,25953.102183832005,6735544.118866995,100.00138031369353,20.000053614446475
7.999999999999998,208.69853399999997,0.0154982447030624,293.15,26435.024504102603,6988105.542327021,100.0000597182,20.00000289968
18.95673000245559,188.83589330972126,0.010587228859915958,293.1560990374631,28127.75637350372,7903428.047491387,100.11095703521529,20.00636755909318
25.35565233131667,176.55291879709603,0.007922477433201526,293.1598224515505,42675.37123708784,1.6866603068461794E7,108.02657217819286,20.214126555347494
23.675293410772632,183.06989326951464,0.009530995781318703,293.15791907634633,31364.689019811263,9717118.439138867,101.23946515262486,20.041404226054706
30.869950202282443,174.71835323331476,0.008837524430860982,293.16060228425374,51689.81252712729,2.2428538037478905E7,119.18688257223532,20.283923138227166
34.31836277230489,169.8667868953766,0.008754289625231943,293.1621058175911,83606.35906664391,4.3713056431343146E7,160.08068767980168,20.75156734925358
38.49995532222258,166.02993833051698,0.009467876222767211,293.16334941391784,160744.34918913557,7.959340424960308E7,325.374937192146,21.900749787776064
39.92466201175729,159.49469851368343,0.008441746731415086,293.1649331932187,298560.6774203792,1.9164128332543373E8,469.18112715902555,24.6748020536132
45.33209368358486,154.55187205009904,0.009650388880283077,293.16609588893317,597866.0374184817,2.6887064624137276E8,1360.7671243797722,33.09578478714434
45.22945169265417,147.8457234642665,0.007966966282926986,293.1670429991904,894258.6263960538,5.948240824767271E8,1353.0420465740074,40.84185731529957
51.5058765428273,136.70681536381892,0.008473579134657122,293.1680548296046,1294450.925782761,7.565804229589008E8,2274.0228092368993,60.64482648406179
51.041271645934735,144.241806761345,0.009716229378011735,293.1674239954202,1156527.27974574,4.2361016597553086E8,3225.4313374512662,57.89105984288644
58.14546390653523,124.52135568879042,0.008910484011789664,293.1687926564443,757220.7644500524,2.931639433880648E8,2017.965372795494,53.52611212823796
57.952454198993635,132.88326763739246,0.009942213752563442,293.1682112410578,986182.9109435207,1.9440901701167706E8,5030.460901198946,67.25909405739985
64.76333150279667,112.38805476118294,0.007914227598409521,293.16972334200415,977626.5455541379,3.3200203170940065E8,2884.8022747897703,54.18880828582858
64.68314059602716,120.40370254601976,0.009523672992344202,293.16915419936896,686979.3374950938,1.0891549900789833E8,4335.770633585175,50.138652035919044
71.15177732205795,100.424979418792,0.006202328786192121,293.17060253071986,3565408.15683681,6.982277497235155E8,18266.503421212154,57.42228070673364
71.29461979221735,108.47757494099302,0.007956059610581484,293.1703957191963,2469379.261161382,7.462864032613348E8,8181.595856086585,51.72614164661581
92.33626098314858,71.11816203327639,0.004558754520115363,293.1674189537296,2650424.460247409,2.1635830276803622E8,32486.60919385804,55.84629346047382
96.15994264117884,64.72586759702287,0.0037530267834446096,293.1660968649023,2249858.9542559176,3.50241234106612E8,14519.619557923115,67.24164254779778
100.09512131850919,58.25482682290278,0.0022719777270650272,293.1647455174662,2272771.1988390926,4.880026364234403E8,10623.151948520032,70.74935153183475
104.04362477539989,51.79327127682121,0.0012528967703311703,293.16315011475336,2070336.0064183446,1.5192468687799153E8,28226.542833869786,62.756760713613865
108.01336538786974,45.33132040487951,8.846541655565455E-4,293.16130190780717,2085876.5173345953,5.8205269008148886E7,74858.81026714596,53.71979948809092
112.00208485241869,38.86291246307393,7.11392703404229E-4,293.15937671956675,2087353.3250353613,4.3590760717440896E7,100000,52.1305423879503
116.00019824788903,32.388608913263546,5.716545278859532E-4,293.15762936198547,1887494.8709555117,3.562744182816145E7,100000,56.39091555324446
119.99999999999999,25.911480081230412,4.452776136697403E-4,293.1561120245561,1757745.4923884135,3.0896940787389208E7,100000,60.78270076010542
124,19.433610060922806,3.277269847564422E-4,293.15473159218294,1679228.3029119826,2.8198207801656093E7,100000.00000000001,60.75420052592886
128,12.955740040615197,2.1660558692080206E-4,293.1533559647369,1641521.2923710477,2.694619470819586E7,100000,53.99813657465261
131.99999999999997,6.4778700203075985,1.0940823087828549E-4,293.15183325037736,1653433.3461066354,2.7340192321480688E7,100000,42.828688168986844
136,0,0,293.15,1733177.4454932294,3.15031829246027E7,95418.8395701,31.603897387860002
77.47591163678213,88.32394621263563,0.005389203476026789,293.1704689801639,6195976.997712665,5.394742466461736E8,71164.01398660328,50.18749755486812
88.77503201819361,77.40707492187289,0.005024207757565075,293.168831600587,4300134.494997232,3.557855540766359E8,51998.42217358723,47.94999752792185
84.53497918051197,84.20861681104373,0.005424916451605178,293.1702145806402,6143388.826212341,6.058352909619281E8,62317.18268979061,46.213433203949975
77.54260734566985,96.41153110421543,0.006284073103534393,293.17118807803337,6096410.80175368,1.2016990666747715E9,31049.698273314334,50.98615841819959
23.533425325033317,195.73852462252634,0.012585402637044345,293.1541108557433,23207.698926416666,5367750.591646312,100.34751983832592,20.002399406598936
19.888144419836355,202.4228636495735,0.014011857457386501,293.1519750342408,23857.065344880277,5690103.963736433,100.02784847837523,20.000288920398432
16,208.69853399999997,0.0154982447030624,293.15,24772.251209269805,6136453.021043579,100.00313786779998,20.000038387459995
27.241807450452303,189.06755114580307,0.011417831909017155,293.15626523278064,24102.93908851701,5660088.050256149,102.65955393962234,20.013959925261318
30.977640122565962,181.7889717491604,0.010503397244051362,293.1585990478384,32612.887126556823,9415450.539859576,113.01352501469805,20.082285095910205
36.760313039350656,176.5955260305629,0.010905601992202823,293.1604199946277,53920.563508386025,1.423031079072755E7,204.6439867612738,20.383341882348706
40.80836859967809,170.7967619734506,0.011003787261750294,293.16226932857217,105140.43960631017,2.355825760681429E7,472.31690543409155,21.32716152982768
44.40552007337844,165.2151376099928,0.010978865043778393,293.16388283677543,193882.86624956658,3.357470103748285E7,1120.7766050319196,23.96010690264166
46.27665751241079,160.08507105828136,0.010739741695828515,293.16509246541636,401836.8725850185,8.135126213753393E7,1993.1736301553478,28.570247515217886
50.2851062811849,157.66386241251683,0.01106078858096596,293.16562899476133,529907.3535119321,6.17601715552943E7,4555.889943840155,35.56685298951344
52.24711498072552,152.18213768442334,0.010840550357371062,293.16647479511397,773912.9229858012,8.95032944400018E7,6752.21333464272,47.49708300394627
55.479965627779166,147.07343911203202,0.010799866512184961,293.1670361989775,1016463.0957722999,1.0655740133302043E8,9697.832206223295,62.711922927701316
58.83318841956126,141.66972345134488,0.010720913982656502,293.1674759938672,989155.3194505953,7.460840536684252E7,13489.8700384657,73.7051323711571
64.7038988167997,128.2832259785522,0.01027177458300007,293.16847818777546,782092.571112399,5.8485304540037096E7,10526.625098021568,60.29191272166903
64.72304951673222,135.73973228166543,0.010688575562646135,293.1678486900245,1137413.7703425586,5.589548962534633E7,23298.59229825904,73.2704547464657
71.2519030593053,116.38873753515347,0.009470153218461173,293.1696936474522,1593360.3496495502,2.195466382275876E8,11573.055594786236,46.87408130754536
71.07335235198228,123.97226410938863,0.010177943071561392,293.1688826863251,1429966.9607686594,9.374752979604737E7,21825.346053496727,50.373078077941415
77.66573490483867,104.53768314762902,0.00794974103911675,293.17107492451106,4622304.317535513,1.2622096034047327E9,16955.533077471922,49.543474563326406
78.40468826768675,112.86966711821901,0.009383795782339577,293.17021951254645,3340488.694192104,3.7030312441687375E8,30147.68981655003,47.32805097465075
96.39676034142923,77.64967712823369,0.0053314003869147225,293.16850874332346,2602751.269572141,3.7685097493509364E8,17988.18384019498,47.938255468181275
100.1902566072979,71.17979586390395,0.004362309273155471,293.16702367591455,1551979.1345091306,2.705442809151591E8,8938.726943558899,58.367350644507205
104.1123819269655,64.69187646642713,0.002686820968795259,293.1656433367407,1897670.6049751993,4.6520942565081054E8,7763.531698691905,67.24963595313774
108.05993741768854,58.23444180812474,0.001476423033087107,293.16414301744885,2024641.867681168,1.828173144514157E8,22428.294614641087,65.3039967432644
112.02511265935767,51.783363321158646,0.00102225318484365,293.16244656067573,2085225.7760632446,6.855570875356847E7,63452.30321532173,57.36961111891373
116.00709810301817,45.326871603133846,8.258166964211874E-4,293.1606027897735,2067882.8501455814,4.310460430411362E7,99340.8798031003,52.377411359797954
120.00109739670624,38.86134453202712,6.776091454938449E-4,293.1588148844771,1908613.8841792673,3.642912785906699E7,100000,53.71077855590506
124.00010051720503,32.38835194322285,5.463933661860148E-4,293.15722705217854,1746551.6289560217,3.050482850411649E7,100000,57.43923354907589
128,25.911480081230412,4.270532296871096E-4,293.1558209758867,1637727.354025191,2.6821628093562856E7,100000,59.629813752828845
131.99999999999997,19.433610060922803,3.168047916506814E-4,293.1545109262508,1567038.5510601995,2.4556187806207787E7,100000,57.34012084645166
136,12.955740040615195,2.1391455405292986E-4,293.1531846345695,1542189.4834088802,2.3783856197621558E7,100000.00000000001,49.0954461479265
140,6.4778700203075985,1.154478901261914E-4,293.1517147499356,1588622.1484401673,2.5252335664451662E7,100000,38.00971463592916
143.99999999999997,0,0,293.15,1081705.8700279724,2.429775972916944E7,48184.345369940194,28.279273164420015
83.8656324406549,92.24308697770401,0.00633717122953027,293.17134551384385,7443649.587188959,1.5313614297399395E9,36368.34319413849,46.92606797396423
92.75266153553217,84.30321490968913,0.006044840351932945,293.17008486995616,5055337.942037911,9.865705076041368E8,26073.53672388587,43.575264367585696
89.5395265058796,89.83555307074116,0.0066253140483655045,293.1710857305445,6607600.12788712,1.543889054041408E9,28308.390704442056,44.53671091929161
84.07135717895804,100.55557243689695,0.007990032648129307,293.1714663216499,6843507.588610396,1.7083746784519246E9,27522.374434987472,48.14557502710124
31.58218332133633,195.66941923261444,0.012979202181791572,293.15433622655013,19071.349037193675,3350458.6957411207,108.61004825601161,20.021767920448365
27.81311361408339,202.23159267179537,0.014125656993288471,293.1521204099109,21087.063456594766,4399389.538582561,101.0925819787921,20.004146433059034
23.999999999999993,208.69853399999994,0.0154982447030624,293.15,22478.327523263495,5048830.7871806575,100.07830542699999,20.00051913762
35.355295515120346,189.09047659947964,0.012264941460049106,293.1565946108048,20267.29108666834,2965461.430092921,138.66717146016398,20.082025125194097
39.2332745549794,182.91472983139784,0.011995484052964906,293.15872608836156,32836.45188850929,4093656.142011922,264.2962982080979,20.316200264749714
43.91536479260309,176.6324685683286,0.011881444973516578,293.1608804621869,75295.12585157403,6536588.204308418,868.7068253508941,21.282743740898933
48.04676203820436,170.33933218001425,0.011718440086586283,293.16282466785964,196998.00812362446,1.369122330878467E7,2836.144992211526,24.043620940065747
51.46528475122049,163.56260009833076,0.011505208420395402,293.1645227831562,434831.8341697146,2.741748068576622E7,6902.150380589234,30.389859691241014
56.11999902162337,157.99224287060537,0.011411523124339034,293.16559145541873,884574.5563170002,4.3928522115715325E7,17817.696541915167,43.35242179369033
60.09792279209222,149.9423795221553,0.01117916259045997,293.16661984347326,1229309.9933844868,5.3983599012453355E7,28029.25512409306,64.57983828871163
65.70733806835543,143.4755212087295,0.011019634611387885,293.16714855844015,1871951.4359841489,6.6308215398676164E7,52933.34039679204,76.14535831754803
70.4371589792983,138.84946195083967,0.010874150412507928,293.1674695974166,2664250.1235308596,9.660904386599734E7,73495.6982617804,73.09108028553527
72.06807574097434,131.84724298251052,0.01060335144449154,293.1680899707289,2260589.1545255682,9.164474276171073E7,55801.266464758504,62.49183548269786
77.21892189268684,120.34955501613318,0.009998122880440634,293.16930626256794,2897292.290154019,1.8735761238051903E8,44822.29535511933,48.18352122921001
76.7171244121347,126.4073426275647,0.010344486452438071,293.1686096139382,3163545.717017217,1.563669487403253E8,64004.38454379116,53.472775368852794
84.28583609782204,108.23026503278743,0.009144768296072412,293.1706765710769,5250116.8957749335,5.675061980631591E8,48614.99524582922,50.07044855726151
84.74807412270856,113.96650661569092,0.009628940526868768,293.169939419601,5396951.502604213,3.601560139286939E8,80876.47122448731,52.246924116531865
82.39774595714474,118.0682997817596,0.009876245880848296,293.16951173297565,4518351.727623476,2.7390698316472626E8,74561.91053141045,51.284350287289065
100.15763427829711,84.30225865729935,0.006952155302816544,293.1693929228707,2994455.2615928245,8.33105173066373E8,10777.073438095627,41.70857242429731
104.16882691235354,77.58422186898538,0.005662069951944322,293.1678939045746,1510974.7105708253,4.382295845353256E8,5225.910281445759,46.167687328191796
108.11078593885438,71.0935540485091,0.0034688352430420695,293.1664838814575,1404071.2424834424,4.557002151609657E8,4337.419507732589,53.34538708984348
112.06658071391246,64.64661586627483,0.0017980242540353568,293.16500232614544,1524701.410925487,1.899157996822194E8,12246.33173793501,56.91098980646603
116.0338154125787,58.211477933504874,0.001173938761387342,293.1633843578361,1834588.1554124467,8.14165854678811E7,41368.51412154741,53.64638534148259
120.01335916619648,51.77251990478167,9.236507781163493E-4,293.1616373025024,1937539.1048983124,4.234832138825436E7,88718.50127800739,49.613087591255926
124.00359532121568,45.322358617851535,7.713765917287665E-4,293.15988330616386,1859816.0611299088,3.45965129088135E7,100000,49.53108788852916
128.0005643040569,38.859956370659454,6.381002677259827E-4,293.15827117791883,1714161.5827076493,2.938379469377063E7,100000,52.12817335788866
132.0000569114047,32.38814047091886,5.179094066367265E-4,293.15683230303506,1590793.096006821,2.5306384886278357E7,100000,54.38514405923981
136,25.91148008123041,4.0802614976447743E-4,293.1555201569982,1495772.79391351,2.237337607339731E7,100000,54.22601549392419
140,19.433610060922803,3.0785187809156847E-4,293.15426423600996,1411770.4357063007,1.9930994041157488E7,100000,49.98041338094376
144,12.955740040615195,2.180326603438203E-4,293.15297358697944,1303826.8521014515,1.7800173869134616E7,95511.6013514297,41.28420866755252
148,6.477870020307602,1.2813081752236204E-4,293.15155737237774,740975.70031224,1.1514680033884853E7,47693.13775410869,31.87986594763717
151.99999999999994,0,0,293.15,357839.98514849483,9057580.234222628,14137.563336140132,24.85971645486002
89.97315885758272,96.73809646997408,0.008036590204745479,293.17134388738174,7328811.040566311,1.686776904943959E9,31982.727938545806,46.96864704382946
96.56891496042853,91.68231943895937,0.007988029821787028,293.17056889916256,5830123.3392253695,1.3524155637361064E9,25311.113790951877,44.29345190047671
91.09517342718014,105.17277188907192,0.009145563683090415,293.1705323507427,5915251.204141679,4.5421548648670465E8,77137.65768872028,53.17858061184774
39.63597208725383,195.72473388995212,0.01321538938677326,293.154629009244,21511.111638300958,2380856.4781282707,194.40887675166053,20.139230640194594
35.81653494864016,202.20741220842936,0.01418271892030727,293.152265779021,21378.409330416038,3893914.448951815,117.43718956113891,20.03404023753838
31.999999999999993,208.69853399999997,0.0154982447030624,293.15,21552.847799794312,4553672.979110346,102.0267377348,20.006184772439997
43.46089555413423,189.37745374795014,0.012709300654038769,293.1569832905493,41504.143908289385,2948295.616252472,584.4388024532801,20.524261686579255
47.52063674189188,182.8799990063499,0.012393418915798295,293.1593410167124,107493.58509604157,5948566.477165647,1943.6417997118813,21.68620143211993
51.796373983939404,176.452016760051,0.012139536562174175,293.16149525631755,286780.0420503292,1.380391478488505E7,5961.071556121373,24.6701235479311
55.70088934396522,170.06395672849084,0.011909352214282916,293.1632736424781,635950.0104657143,2.72133255666849E7,14865.819410479322,30.42471585210228
59.39250384768713,163.70829637760892,0.011700293761197272,293.1646387957932,1263537.7338919665,4.847619396905413E7,32945.63578012376,40.30812573127142
63.81385253187761,157.38510956351206,0.01150515187167628,293.1656226196964,2507462.856350937,8.918409188688983E7,70509.29066987493,55.312427904591125
68.47483749637276,150.4289689489969,0.011275250891841814,293.16638281391283,3159197.112191427,1.1082677887837239E8,90082.17023545587,69.33373698182227
72.97250215190874,144.2560913079677,0.011063201185304294,293.16690308696235,3445165.0501532597,1.1872235484253784E8,99999.99999999999,73.18810580269793
76.68818038299078,138.07869353216535,0.010831316506294429,293.1674128985539,3697044.0219344106,1.3753891576079643E8,99400.44733509631,68.14737080378842
80.13376572688236,131.59998039739796,0.01056405545503921,293.16799723209493,4190981.2941484717,1.7565604058003294E8,100000,60.16614364914853
83.46725761475773,124.39319564133802,0.010224577094794742,293.16872346643913,4690441.7322293315,2.312260773923306E8,95189.30340715553,55.75048692517464
89.72642829432931,112.29451783518792,0.00958178327233663,293.1698484142817,5839229.423146546,3.4675499125008327E8,98558.11745525507,57.12414316962171
88.14978788788376,118.76257451741682,0.009938856329012964,293.1691963471851,5314974.1979681365,2.84091615548169E8,99443.57536178951,58.4933258647901
94.87977593051819,110.51824612670958,0.009567838653625213,293.16960631585664,5646493.904205745,3.1904951812066865E8,100000,60.87620815363882
104.20269746702976,90.32562797543608,0.008577419187905527,293.16930394781343,3382777.8122663465,5.053121769700823E8,22701.42696895865,44.07184406107148
108.08236107399469,83.85237530166064,0.007754108511560775,293.1683048893755,1722187.8751694795,4.461471732527328E8,6691.342994789564,42.52164792588167
112.06250774400301,77.42108251461819,0.005518312848230288,293.16717229779687,1366420.6995881058,7.104668590200975E8,2635.4471524968103,44.34142599004247
116.05483888232118,71.01876342839495,0.002545183155491611,293.16580197195907,1361417.670459695,3.4965464984188193E8,5340.183901027634,45.86763285355997
120.03334882753313,64.6100851337463,0.0014300589637744505,293.1642133102621,1378071.9991688018,1.0191850430278374E8,18667.811875585645,44.91051431309371
124.01655977642304,58.19448984462602,0.0010352078046612524,293.16251650013925,1582562.6573973633,4.832787735250276E7,51846.93819370441,43.23483342374419
128.00620308324727,51.76546267641507,8.49902585411899E-4,293.1608113831052,1664381.596424413,3.1319981563930143E7,88456.69355974453,43.30709723770638
132.00156935990168,45.32003292341201,7.168694732920337E-4,293.1592193133934,1631930.6644308642,2.686395956911413E7,99139.84448757638,45.22061292933024
136.00024391739595,38.85942563113849,5.979809096149441E-4,293.1577783797538,1509665.9201371258,2.295035989626095E7,99311.24505796922,46.90094568547604
140.0000275714248,32.38808896105283,4.8969019705642E-4,293.1564561893629,1454251.1753139049,2.1149560633335236E7,99999.85117026191,46.822136106003846
144,25.911480081230412,3.8923555142198683E-4,293.15520867573855,1240939.6035411258,1.6426841083784252E7,93754.04075546157,44.318066435262274
156,6.477870020307607,1.3285424747583278E-4,293.15137565803997,174193.1539098871,2693955.8481664485,11264.328964442842,26.044127474467842
160,0,0,293.15,64514.21657512655,1664776.0792543425,2500.13225473,22.0652663178
148,19.433610060922803,3.02123070682218E-4,293.15398536893787,853716.9043519433,1.0514475663920416E7,69318.26527259068,39.36117623036424
151.99999999999997,12.955740040615202,2.2173080020604485E-4,293.1527213627325,418784.9090894289,5183721.025602058,33834.00641466994,32.39814908432215
97.09572516466903,100.0213426207884,0.009023217476521324,293.1702629623885,5615172.2079961775,4.475481434292977E8,70457.40048943792,51.40329138641499
102.25904712721196,96.24695571802928,0.009026565805164963,293.1696488813822,4739516.252686639,3.935248244877722E8,57176.42644760494,49.083849207365425
97.55896429975856,106.37634272070196,0.009408267962888333,293.16970885472386,5674053.259690071,3.221435598440448E8,100000,58.415017722692156
47.74133946118252,195.77915669438437,0.013246721639898354,293.1550850162169,95275.22901872627,8125332.094421521,1117.3670562090645,20.7426168546047
43.8585423255759,202.22456097266974,0.014066119673905376,293.15248273357116,46156.68994141428,7498498.7582803145,284.5020675133489,20.19685320089937
39.99999999999999,208.69853399999997,0.0154982447030624,293.15,29753.558525147455,7366487.710868306,120.3861637940001,20.036805646299996
51.68655535243076,189.33105725246708,0.012797641140018303,293.1576691326807,224728.1371290344,1.2920767329564542E7,3909.313013199287,22.205652979665356
55.73887510892478,182.87469750090634,0.012480892923385707,293.1600471512515,518059.163697235,2.4750484109369695E7,10844.641098843409,25.55137609173565
59.78122048789711,176.4287098668958,0.012214138680895577,293.1620309056256,1128060.0401720938,4.826144065745526E7,26368.600393975157,31.882759967024388
63.69161567510073,170.00777460544302,0.01197337767150526,293.1635556962899,2461733.7154708127,9.776903872551225E7,61987.962811620215,41.38643983417246
67.57037488755282,163.50181892190403,0.011744409345878037,293.1646982850168,3421152.7453265884,1.2790832268069081E8,91510.41727701771,52.924609273302345
71.94789412276155,156.97175049242034,0.01151636631825788,293.1655338115764,3659497.319483382,1.3392063530050223E8,100000,64.63141296600172
76.3095153112409,150.54296159919633,0.011287149870371783,293.16616234042164,3638699.920581533,1.3240319158529621E8,100000,71.24530222464544
80.34216838653937,144.17286118147692,0.011053341090431462,293.16670603114443,3719755.7785334736,1.3836654040661007E8,99999.99999999999,71.2851827826887
84.1755019724923,137.7465578507027,0.010804946083641435,293.16724643068204,3950620.5311663174,1.5607495145491907E8,100000,67.33182072507385
87.90946597927078,131.11348351563188,0.010531366896144083,293.1678243686502,4309280.338164406,1.8570132887184024E8,100000,64.24813529652543
91.74576175021453,124.45889169929093,0.010242780711621172,293.1683746072078,4722441.584977135,2.2302307067938414E8,100000.00000000001,64.83916459231521
95.30306501031372,117.12002139500798,0.009917849024275003,293.1689122443786,5131752.570570395,2.6336292363622335E8,100000,65.80866722305319
100.99319427491984,111.471686042321,0.009739104646263924,293.16892007256587,5082610.306603162,2.5833411007552207E8,100000,65.03111862614132
108.42872656324269,96.2498853760962,0.009294501350183157,293.1686627039484,3629081.3043195438,2.0706303580657148E8,63618.16067147753,52.13024855206762
111.92263147983597,89.90098880416735,0.008968929642307645,293.16806187067124,1938617.60702393,1.9334500204862285E8,19460.315184028015,49.4997035207894
115.91020990356485,83.61542649446501,0.007971301045256769,293.167292380433,1365828.2274050717,3.9351296350210685E8,4763.259980749856,47.85139721083007
120.02788611501573,77.34850020860293,0.004727880858120116,293.1663454842869,1436607.7454711522,8.872497707338076E8,2333.4777158542533,44.782384592217625
124.00476355697246,70.96416526119643,0.002053507964317103,293.1649282692986,1149750.4646702812,2.046006827620466E8,6463.02654246494,40.10887223942681
128.0087231656527,64.58690193628871,0.0012458588983091181,293.1632719924996,1026056.0333221831,5.6762237926546566E7,18594.245573715176,36.653499818544276
132.00509239826258,58.18594124330082,9.461221146415165E-4,293.161597444401,1075480.8643134965,2.742479888463895E7,42201.69810695845,36.310991655280695
136.0017229172608,51.7630863884782,7.868822984037803E-4,293.16004442725074,1093445.988705665,1.8553885307251528E7,64444.06444870674,37.695678945342614
140.00046959492968,45.319951434508596,6.673528366904747E-4,293.1586408476763,1051963.29905242,1.5600371702804318E7,70939.45870918698,38.749286074399926
144.00014443245263,38.85963665055171,5.623140121560691E-4,293.1573380120298,860785.9642594269,1.1792177092584988E7,62855.0475696578,38.08082618457042
148.00003495536367,32.38815241622083,4.6317787179658425E-4,293.15609234020627,652512.9321006705,8555522.865748683,49766.32106756161,36.17483466016557
151.99999999999997,25.91148008123041,3.74955673243846E-4,293.15488124737067,391369.98219819815,4603304.384260404,33274.513331541624,33.3227536962301
164,6.477870020307602,1.3034254595163032E-4,293.1512019966747,30214.440412140528,462565.8570256549,1973.7433667512894,22.200805452966762
168,0,0,293.15,11370.113532294927,271477.22739097173,476.3140129688001,20.68239181656
160,12.955740040615204,2.2018060119992532E-4,293.1524505288997,71097.96302816209,817462.182954497,6184.093479946082,25.13593367240352
156,19.433610060922806,2.965190163457261E-4,293.1536784424342,190761.05168260264,2113472.7188736224,17218.277906984786,29.43602878964577
105.11909231585237,103.91156948799379,0.009504568921144098,293.16892867568407,4719974.372048637,2.2485936443081513E8,99500.62290053029,58.381927427857036
55.85541164525687,195.7787037653383,0.013251955346429629,293.155764636512,459241.0419855178,3.636672262966884E7,5799.953373414676,22.38716109267102
51.92994621441291,202.24093090028484,0.01398407189974669,293.1528407838296,217261.58651089153,3.138861665819709E7,1504.2726461557706,20.7778035350122
47.999999999999986,208.69853399999997,0.0154982447030624,293.15,99283.70534711606,3.0967071924897764E7,318.51823366880075,20.187224506360003
59.8353000266891,189.31851772995313,0.012828699438578868,293.158467491292,931513.5709765637,5.0693655821717024E7,17118.075016014656,26.008485026241782
63.851525790665775,182.8631709415178,0.012520615647154053,293.16071308379514,1969802.0124183923,9.058247967806004E7,42836.12378779165,32.81949643448516
67.84255819024804,176.41042963129084,0.012259777292013191,293.1624260152233,3492338.1962957024,1.4726784512736383E8,82828.76088769037,42.45919890754874
71.86111014663064,169.94877880466154,0.012011228733654405,293.1636825766115,4031580.397545229,1.625369727965809E8,100000,53.536113990823594
75.88137997944217,163.44305479288911,0.01176607709735262,293.1646172127916,3841853.935736232,1.4759866677452233E8,100000.00000000001,63.949483386975196
80.03044116966748,156.95511581737944,0.0115257147208869,293.16533336992376,3728098.9160960964,1.3898753860614708E8,100000,71.33578017935723
84.09306488010877,150.47457957864705,0.011287289839566986,293.16592574007785,3705010.7686342304,1.372716337538113E8,100000,74.26478711473531
88.0860891972625,144.0379645104124,0.011048844539232765,293.1664592520311,3787224.2474971027,1.4343086358620808E8,100000,73.17042217750112
92.01269788968467,137.549582899582,0.010804073276387731,293.1669806394206,3962463.228447328,1.5701140904096684E8,100000,70.46464615785341
95.9210729775329,130.93389027302655,0.010550622725446724,293.16748356484914,4192583.733708034,1.7578008192570788E8,100000,69.85789239041027
99.72392103152818,124.43018485332435,0.010304083710259981,293.1678952359211,4405041.6828252105,1.940503075858891E8,100000.00000000001,71.24535701366443
103.67739069872503,118.08260002388296,0.010081141339652976,293.1681462502689,4532829.890988877,2.0546970878048888E8,100000,70.2265978789245
108.62443352942212,112.04167656822727,0.009920651295685272,293.168093709847,4448864.966603293,1.9792496413590443E8,100000,65.6555973133589
112.41803714861874,100.87383757617307,0.00959642124414402,293.16803422365723,4079011.6758505045,1.7738836666683036E8,93878.219601333,58.82306774111237
115.33414084336968,95.7069673684972,0.009477910684593258,293.1676454419922,2539156.5740907225,1.2818404536641066E8,50302.15407961187,58.79486697008202
119.55606972458645,89.63414067932463,0.009122998933030561,293.1670033153159,1257479.018569078,1.2564005944860338E8,12639.287780468207,60.24882098254266
123.7476537785539,83.47637087569694,0.007700718183356722,293.1663131200101,1159330.553781706,4.9266815977881604E8,2767.585727070142,55.05189258727733
127.89780299693798,77.24429992080294,0.0038554791130692256,293.1653104465438,1060576.6893636268,5.928083182981522E8,1924.4149486010226,44.59226156082581
131.96827230677528,70.93413030980128,0.0017521883838390422,293.16382464594375,703025.9227790878,9.393119077978243E7,5270.848809369033,35.68058098863451
135.98957852894137,64.57419033251354,0.0011259832039607646,293.1621971273442,560485.7523948953,2.5324652719467103E7,12432.087788438539,31.94998918232798
139.99596426585984,58.183007668060384,8.780531507132493E-4,293.16069839390724,501065.6309649378,1.1244030990680993E7,22338.89152537484,32.226825335415356
143.99823942143982,51.76354561518669,7.367197390884E-4,293.1593774459211,433074.4449476924,6773780.07006161,27690.10179822313,32.791870412668175
147.9995961295147,45.320641155972105,6.283653242741106E-4,293.1581487974216,346651.03593360784,4678854.1136791045,25683.42497262819,31.564022339507982
152.00007827551977,38.85993253317463,5.312822927683139E-4,293.1569382661562,243400.63464178992,3111236.7603558428,19042.476762931594,29.400945416364692
156.0000424485162,32.38820185968394,4.410803948738163E-4,293.1557316143439,141999.76671897303,1690361.8891610124,11929.550899377433,27.22232001993716
160,25.911480081230412,3.593842970179443E-4,293.15453966720537,64946.09735751044,687022.6497361854,6141.79803851118,25.097704653693935
171.99999999999997,6.477870020307605,1.0371302857830837E-4,293.1510639987943,5203.444478763995,74542.61159384491,363.6005191682738,20.712578246036784
175.99999999999994,0,0,293.15,3025.7718984253715,44126.06523712612,207.61783160619848,20.31350836002
168,12.955740040615202,2.0183000096135348E-4,293.1521957206832,12662.635321111484,146795.77936626403,1093.5459910775696,21.675303286008376
164,19.433610060922806,2.8303095668002267E-4,293.1533618551811,31590.986172020504,327413.1057667467,3050.2658677033837,23.292974683249522
113.05730649209558,107.08828254878213,0.009831938287362922,293.1678172466556,4221477.43684395,1.7821783250703344E8,100000,62.071949552289645
63.932398262202184,195.77178437050253,0.013265090672381435,293.156588241861,1658788.530338006,1.271751922453047E8,21639.42390935248,25.440683964068427
59.95987022591095,202.23750490033603,0.013968141599944488,293.1533922859733,839640.1606031529,1.1651643858593722E8,6054.91385265869,22.005781606979323
56,208.69853399999997,0.0154982447030624,293.15,434917.75192815234,1.4609269578926337E8,1294.8378169960072,20.567473948980002
67.91755098072005,189.3057132847481,0.012857977374626397,293.15921918319253,2916858.594421947,1.548161122800901E8,54958.045245444104,31.747125893119946
71.92347078476236,182.84319397281251,0.01256074616956771,293.1611961262495,4327570.552801586,2.0024618649210024E8,93531.81986992947,41.0917885070832
75.9366591295724,176.37323872196234,0.012289905485511234,293.16262067394024,4310793.027011822,1.8583049400483647E8,99999.99999999999,52.13436268727008
79.92490544567517,169.89012233542363,0.012024532596363944,293.16366531639846,4041934.3948372374,1.633723761528014E8,100000,62.972663466893984
83.95936975872662,163.39784491389335,0.011769928498300934,293.16446072383934,3820537.5022076913,1.4596535111463168E8,100000,71.76747773005788
88.00160692680993,156.90850276499214,0.011526046938179936,293.16509851381346,3688318.5091933627,1.360374274136199E8,100000,77.02960159280507
92.02179294783137,150.4459049879938,0.011290891107044348,293.1656449537572,3655564.6644645254,1.3363181800575273E8,100000,78.15251746552987
96.0103404521333,143.98533938076918,0.011060478881980118,293.16614717637066,3712242.7354052966,1.3780748082552737E8,100000,75.95118918742486
99.9795938421286,137.52386093734412,0.010833589291434078,293.16661295973546,3828092.790134425,1.465434017883219E8,100000.00000000001,73.48005643270358
103.91693647886557,131.13991631144154,0.010615396208212368,293.16700352890257,3956215.079076839,1.5651801302105471E8,100000,72.86290700323877
107.89853557248064,125.00010349945242,0.010418850779109251,293.1672563966156,4041232.5384553126,1.6331789760961154E8,100000,72.47964500321346
112.32901906015506,118.6827992961473,0.010242142776082914,293.167337664748,4040609.8175457916,1.6326643998414218E8,100000,68.93914797924789
116.5705983347848,113.0131220102365,0.010113816374099714,293.1672202869457,3940217.1209126464,1.5525328677934173E8,100000.00000000001,64.14130342038135
118.65860958869058,101.40582010195853,0.009776816185374312,293.1672222020234,3297593.885815405,1.3271149229193372E8,81948.79977462854,63.958809842328385
123.01533002834753,95.53774423666904,0.009631481517628772,293.1666532118533,1498986.3667079334,7.76633341923884E7,28961.405089933683,68.77559936291856
127.35548962626534,89.5172499002859,0.009130388886504725,293.16602377708955,759200.7875513163,9.809841535266942E7,5894.441119292708,67.30264516598781
131.6451231522068,83.41150664737894,0.00709335635853055,293.16523740233697,699344.7450480498,4.014327760603532E8,1232.6881936257098,54.957335587840156
135.91252279232958,77.26148611028947,0.003194330639939694,293.1640296279599,514008.30405279127,2.2498879523419037E8,1187.9395835680027,41.1524705298579
139.94926197334735,70.92622421038472,0.0015413994686737811,293.1625118217433,299183.7746941663,3.169708309777395E7,2831.080586102933,33.82452348690348
143.97566018533016,64.57077683740658,0.0010335040884484482,293.16109176234346,206136.4285200912,7914729.682584981,5376.903831086021,33.57875436060456
147.98790232958845,58.18313872848148,8.19751065103132E-4,293.15990401716016,160309.15708025038,3202920.6976844934,8026.326865328702,33.83564120126508
151.99481244035374,51.76494024891955,6.921060774099948E-4,293.1588252624003,114894.05382117075,1640567.5248918217,8046.718689390655,31.11924750627958
155.99827737618784,45.32116316358059,5.913633299831571E-4,293.15772290568816,73487.23638674106,926800.254790959,5827.359046589337,26.923700052674352
159.9997003568478,38.859969068972546,4.985747273008387E-4,293.1565525150135,39479.008089873685,466189.57507615886,3345.324379108429,23.877695405753162
163.9999761522747,32.38818714684897,4.091452293989695E-4,293.1553575012436,24179.58851890713,279342.51087662857,2094.3630063993046,22.447439890516804
168,25.91148008123041,3.195529764673634E-4,293.1541858104038,14251.648746553883,186235.79665266097,1099.5587880025162,21.612096719005876
179.99999999999997,6.477870020307607,5.717745051751727E-5,293.15096935590617,3802.776300949572,25720.518430150627,563.1051677388822,20.80750782289404
183.99999999999997,0,0,293.15,7443.751414695238,72326.76886017913,766.1531876277968,20.751464037779996
176,12.955740040615206,1.2250766048833435E-4,293.1519840733492,6046.987195390787,79800.6907577211,465.9352702032831,20.84949052943125
171.99999999999997,19.433610060922806,2.208949837350603E-4,293.15305800311694,9680.216400601335,170545.24278889928,557.4419962736712,21.083308420822863
121.51379781847446,107.36601702823249,0.010027359434701415,293.1668447100229,3614535.474607188,1.3400675754853918E8,97513.92105217505,63.13640211233521
71.96638060076806,195.76119089933408,0.01328461973167498,293.15735682163927,3849023.647803663,2.8259555805161905E8,52432.99830990556,28.943807765682255
67.98353250572238,202.23282553597448,0.01397056930137386,293.15408488150655,2564666.581352921,3.518800740459525E8,18707.234741700548,23.806778095368717
63.999999999999986,208.69853399999997,0.0154982447030624,293.15,1515052.3112887817,5.145519452644393E8,4460.95311185202,21.225245506500002
75.95956581691546,189.29048874254053,0.012899613202058112,293.1597399247746,5079041.252199208,2.627071320748134E8,98210.49233610356,37.02481620169564
79.95812494298539,182.8186400059573,0.012587454352270917,293.1614256653109,4759399.0579043105,2.2652074296932212E8,99999.99999999999,47.36272724067578
83.95621641158893,176.33926422121564,0.012290651156259427,293.1626387528168,4308908.921719776,1.8566707107449856E8,100000,58.13619072794611
87.96108220949549,169.8531574300497,0.012014995635052187,293.16354218281776,3938304.53906146,1.5510284395798683E8,100000,68.51407042234182
91.97353681347495,163.36209227895074,0.011760467468348626,293.164243778389,3674270.613406858,1.3500353797503144E8,100000,76.74423805901081
95.99214088517483,156.90027861888225,0.011524704193911987,293.1648179708321,3530529.087139567,1.2464711156779896E8,100000,80.75348267897952
99.99539194560441,150.4477675205646,0.011302273898917761,293.16531982966575,3497167.819333667,1.2230208282572143E8,100000,80.40460734941267
103.98441206938926,144.00965175207452,0.011089739251493836,293.16577343898615,3543846.0908262837,1.2558846703815006E8,100000.00000000001,76.97761885294818
107.97178322443044,137.62242820404884,0.010887356950181925,293.16616383220725,3627318.7733745,1.3157470380196716E8,99999.99999999999,74.12742249069582
112.00108401285267,131.34352925349054,0.010699416882137457,293.16644753476925,3700868.8665723824,1.3696501056292257E8,100000,72.84045583665339
116.16925882262083,125.16130336325432,0.010530863519479806,293.1665880425957,3724554.2021943685,1.3872377991820112E8,100000,70.56061681775543
120.42441187648437,119.1727020085355,0.010389201884954027,293.1665682135429,3674846.031649126,1.3504524936051536E8,100000,65.60099346113094
124.80479018091393,113.20160261912109,0.010272018177830767,293.1663799200191,3552511.2360709603,1.2620409756934106E8,99999.99999999999,61.11308128702518
126.31499663368818,101.43545011940064,0.009938257337256456,293.1663239502299,1894749.2590760419,7.15454260044958E7,50193.412786139415,67.7757225596588
130.83320031180457,95.48824254003533,0.009723467659152612,293.1657265480989,700494.3713376685,4.19702445829586E7,11710.353011505858,69.89078012803071
135.24753798163866,89.47215254963747,0.008975685059528282,293.1649899764357,346458.30517416605,6.4903648468804725E7,1850.5568500696675,61.56343156456558
139.58175168058034,83.38408636940211,0.006186713689340012,293.1639503839619,287789.5399597312,1.8619563343582723E8,445.6576379557583,47.14270077170369
143.8079525301993,77.20157290289241,0.0026562496710700457,293.16255584408833,179344.14131758132,5.787396250091407E7,558.4278614144515,40.67487259962058
147.9444726936782,70.94418865712944,0.0013622445904328273,293.16121448054037,93305.35728225979,8156420.155099259,1070.4641765466097,43.50009642446162
151.96352755629516,64.57153868161167,9.359591259826516E-4,293.16016192178773,52325.34202676761,1701060.407641121,1612.5906393660173,46.17654722196482
155.9810400669951,58.184043835982536,7.48438456852702E-4,293.15926628785996,32928.82384178111,590692.2191264647,1836.87606119701,41.804633276982365
159.99145046883106,51.765892782880805,6.300875398262265E-4,293.15835046130974,19413.178413227826,270838.693288077,1391.7024536724684,33.07181865484265
163.9966115182355,45.32143539308216,5.291540455907598E-4,293.15730177596214,14865.924041232813,219361.07753846372,1010.6448330505855,25.49030621309343
167.99902055608513,38.859884168509375,4.2364299559368644E-4,293.1561324959864,11983.906786415659,233814.69605343576,626.21193710245,22.0347339769245
171.99983925719536,32.388144424245574,3.0257273653242015E-4,293.1549504326808,10792.381106292914,264091.75810917834,443.9595556706401,21.02347118154775
176,25.911480081230412,1.8597746540469136E-4,293.1538264597643,10424.877476074573,192833.6394265511,582.4029154768178,20.981179178446585
188,6.4778700203076065,4.453480873854331E-5,293.15091284578233,18520.184040148513,89410.74531847802,3839.8656431869463,22.530996339834214
191.99999999999994,0,0,293.15,36304.915361050145,305371.2426014491,4316.44507690195,21.97010278245999
184,12.955740040615215,7.804329559633158E-5,293.1518234992042,9951.205335571307,41446.50116512417,2400.8838211697007,22.239527802781737
179.99999999999997,19.43361006092281,1.1775669215744211E-4,293.1527847644275,7771.909063600936,55476.296373819,1097.3407121137486,21.446039043149298
129.61183820739382,107.36361664031561,0.010184712324343705,293.16597315894865,2315005.5196162765,7.917300578071852E7,67712.60047596518,60.52802966930073
79.98362452935937,195.75190677315203,0.01330087107734358,293.1578401797354,5737517.384094264,3.910527285348063E8,84182.9539071126,31.582511362142622
75.99107379747261,202.22631592252887,0.013973367553012329,293.15471123481734,4837840.160868946,6.535276902338077E8,35845.36648562892,25.436938630663317
71.99999999999999,208.69853399999997,0.0154982447030624,293.15,3560544.6250201617,1.2091668426968632E9,10484.509502134053,21.94347936618001
83.97924297988301,189.27638076215132,0.012910010010066074,293.15995035582836,5300783.784867735,2.8119605464286965E8,99969.86630606711,39.91545212959338
87.97696108143407,182.79885680874446,0.012564270638673937,293.1614367132892,4708105.320687744,2.2166261016552317E8,100000,49.79674087758202
91.97607699255745,176.3190776301809,0.012256426571700995,293.16251648899544,4120778.6917026117,1.698091790703398E8,100000,60.39516464189836
95.98040139263028,169.83401211487518,0.011984673579134408,293.16332752208126,3672886.451819662,1.349031917618421E8,100000,70.66805857552377
99.98422435481335,163.36299936477388,0.011743945831189097,293.16396230921845,3392776.2763696467,1.1511150076647757E8,100000,78.30125990180464
103.9868893672767,156.90040382159813,0.011526050978489506,293.16449055967587,3274228.7277071006,1.0720690738585667E8,100000,80.75870956291965
107.9802446871127,150.4563966761166,0.011324125281078344,293.164950736972,3276862.58341475,1.0737856230363816E8,100000,78.9581928351969
111.96979802236906,144.0482282753762,0.011134143848755334,293.16534945377134,3344680.2052450143,1.1186886670840275E8,100000,75.32729906626857
115.9858076732067,137.7041394452277,0.01095577841603704,293.1656606161495,3425400.091269245,1.1733379219120125E8,99999.99999999999,72.76095560735462
120.07893655483579,131.45185013120286,0.010791595654778283,293.16584959113675,3476538.0733229336,1.2086348674554689E8,100000,70.96223897898595
124.28356585891657,125.31683599069744,0.010645499933832176,293.16589917605785,3466740.851657214,1.2018339743845451E8,100000.00000000001,66.94517374223652
128.6143913332696,119.28304495910935,0.01052011869351731,293.1658032998159,3379447.1757704816,1.1420921145554392E8,99999.99999999999,59.749314489224
133.10697088639435,113.32260949284661,0.010415461136399747,293.1655374671731,2481439.8976083384,8.14174739819699E7,75638.28664377834,52.930062215318706
134.24022015189686,101.4349938084294,0.010051388259547663,293.16543222441175,715803.8021008637,2.8335230807620153E7,18090.828276909506,60.99418264132965
138.7612278449998,95.47168404077972,0.009703983320636265,293.16473181067386,273859.58308397833,2.1936652673402682E7,3422.4146406274454,56.159234197055774
143.19259686584527,89.45563541071067,0.008410572224601813,293.16375706717866,161771.74354343856,5.153702748847563E7,513.1787782966509,47.612447046677744
147.5306116250184,83.36641723348184,0.004806117618426667,293.16246446666577,111145.75152844469,6.4571196785101615E7,192.06435839616827,45.242659845010564
151.76963203238765,77.19211902267891,0.002031725266904053,293.161199532826,52431.253377875866,1.1284279006162426E7,244.9632554774437,54.54853584339418
155.91398408134273,70.93446014571362,0.0010642089905883963,293.1602367936996,24922.455666841382,1800798.6404182229,351.35444347037213,66.14639521931338
159.95426367028023,64.57294508888279,7.325145810701374E-4,293.1594703857836,16793.114475979357,715417.2883382499,400.02824931236546,65.87337066072224
163.975973333381,58.18443986350268,5.765166652684769E-4,293.1587289915822,16243.153068516878,583572.1962115775,456.931950375797,50.97493980775058
167.98865791791158,51.76612423391014,4.646029819293358E-4,293.1578660484265,12767.396489481325,406426.77328062785,401.604463682522,34.836884262824526
171.9951763960836,45.32167816328774,3.5408384894324675E-4,293.1568101242345,9964.234001372037,279469.20745450654,356.8420063828094,25.19774952566787
175.9983979668234,38.85991179778006,2.440681800180793E-4,293.1556442897451,9803.825503966002,192927.42893716323,516.3325609393856,21.99053053765958
179.99970959071948,32.388116336908354,1.686691547214135E-4,293.15451297901217,8891.744145788456,72140.35279588908,1101.2448538398037,21.702425175125295
184,25.91148008123042,1.2381266135310263E-4,293.153480695105,14061.302940357238,61031.705139015954,3264.368756979737,22.94608780842279
196,6.477870020307607,3.987134657350302E-5,293.15088061959545,76739.25373621323,343500.1884385809,17150.149716282944,25.60594524476362
199.99999999999994,0,0,293.15,119450.83160747903,886573.7516365862,16095.388474599897,23.74086496069999
192,12.955740040615217,6.815251004756356E-5,293.1517093396416,47221.74676418745,165328.69642313482,13492.663315735032,26.049732391387362
188,19.43361006092281,9.379482494850688E-5,293.1525560460032,26602.42554911537,90913.27226919013,7797.349597055814,24.83705999382342
137.66215150197124,107.39314342772055,0.010298578203133096,293.16509182077175,794902.0244988394,2.6301036535183918E7,24025.661492070416,48.77322525296896
87.9920564264053,195.74595011426803,0.013271054389367256,293.1579350352254,5750113.169667881,3.899988481230081E8,84780.37026129662,32.146905794471195
83.99576387528298,202.2225084609345,0.013960981345027726,293.1550150345972,6075319.982006535,8.149585777268214E8,45324.54531786165,26.269800332323587
79.99999999999999,208.69853399999997,0.0154982447030624,293.15,5603420.389852069,1.9139488374208546E9,16405.038796300094,22.470749110700012
91.98943404743844,189.26832034916046,0.012843954981302167,293.1598781181338,5193979.900301171,2.7236670776175565E8,99070.92466249004,39.674202414771024
95.98827089625593,182.789556090513,0.012487851079751531,293.16126040890816,4417288.264403061,1.9513285869874588E8,100000,48.74390066052343
99.98830786830256,176.31118893352854,0.012189919736596324,293.16226767542054,3711543.0383918597,1.3775884387849578E8,100000,58.873021948109916
103.98913161148202,169.83539530729607,0.01194090186389208,293.1630220838758,3229362.455504637,1.0429365143929516E8,100000,68.35774245512472
107.98914875948296,163.36541104510385,0.01172744852536732,293.16361524973627,3001859.2867338047,9.011544567431553E7,100000,74.70878826874257
111.98463403206614,156.90689639539502,0.011536770729379338,293.16411052624744,2977052.117139317,8.862966504714248E7,100000,75.86150416747851
115.97172555118095,150.47056077243906,0.01135991179093135,293.1645338985791,3059607.868129157,9.361218183077906E7,100000,73.496814334705
119.96152332050443,144.0757084269534,0.011192746908777279,293.1648763859076,3172213.51155407,1.006293895943839E8,100000,70.68378837513531
123.98603776406532,137.7400353247917,0.011034708198430646,293.16510987205953,3267891.3116565174,1.0679120876517986E8,100000,68.7799878418556
128.10390339847592,131.49868224662845,0.010888107563182951,293.1652128351006,3309522.7160692126,1.0952962116695063E8,100000,66.00501639023092
132.35206318749525,125.36886766241105,0.010755466717706129,293.1651798448122,3280438.3345964053,1.0761469757703538E8,100000,59.26121318359038
136.73202677659424,119.33069024695776,0.01063712635179903,293.16499749631953,2582830.3603681917,7.957835931044747E7,83853.05507275664,49.14492829504356
141.216092611751,113.35752308354306,0.010516516550682163,293.1646418798446,815440.634751874,2.5265901614444673E7,26318.436492443736,40.25002768841329
142.23736060799783,101.44012928730055,0.010059777822941122,293.1644522404249,245084.99182094308,1.2200682274070501E7,4931.830834242765,44.86274900535633
146.73784047811577,95.46806672961937,0.009232597193951883,293.1635477647255,145556.31524386702,2.757202717798513E7,772.0814935703676,40.54184984077484
151.1638868703031,89.45035865701765,0.006247465914410486,293.1623485950127,111820.19315675639,7.173830458789003E7,175.22995335960158,42.1983312633329
155.50218139791082,83.36142804671458,0.002472824542382447,293.1611495514058,66147.05273053994,2.509677806513804E7,175.00164165659245,57.22232905219213
159.74479634906055,77.18692231522364,9.82229831762496E-4,293.16023541379496,35143.47627763611,4210868.131856691,297.9469246298958,79.59682996001835
163.90234706926339,70.9344517588652,5.655949528727597E-4,293.15953434930947,26357.672659094984,1228936.3035064435,575.600702119732,89.12223637570717
167.9479158856357,64.57236681236772,4.238925870331376E-4,293.1588964277312,20549.72462928882,507220.49936297775,850.939927415251,75.87561334162292
171.9728092710656,58.184233240817264,3.5116799532861103E-4,293.1581863296929,15049.775232423834,228538.3087785952,1001.219954843281,51.88245725896602
204,6.4778700203076065,3.5474561571930125E-5,293.1508512631317,228965.66101006957,967798.6688032778,54191.56375700643,29.26973079174471
207.99999999999997,0,0,293.15,287525.0194014955,1774028.9791594988,46618.38484645986,25.6173869727
175.9867493402967,51.76618793639795,2.911104046430633E-4,293.1572926588303,10926.338271813142,114424.39937308802,1046.8959891172005,33.958293625317246
179.99425739150055,45.32208014781224,2.3103797140331146E-4,293.15621824089754,9838.485876677767,75820.18409314676,1286.932706342225,25.65104670813805
183.9980566800998,38.86011999735634,1.7907949028316548E-4,293.15510814863046,17147.615311694128,98297.51753622516,3006.808021388952,24.131887728743948
187.99964298405402,32.38812497822497,1.4058650300614352E-4,293.1540845240818,33620.24903765393,145879.4399399227,7758.367804200067,25.570317059366943
192,25.91148008123042,1.1159117313303288E-4,293.1531794447729,63474.15254175221,225855.59595787953,17843.854126247435,28.396639321946257
199.99999999999997,12.955740040615213,6.293077589965801E-5,293.15162183395364,162243.41394993092,561540.981955504,46883.01475400176,31.609160082009968
196,19.43361006092281,8.708630426075416E-5,293.1523755733205,109332.56886567843,361310.11556876637,33086.016182568426,31.11134290407369
145.74567172154602,107.40899598094764,0.010299951120056593,293.16409656561115,237812.63854020182,9934538.111957228,5707.888787646388,34.48266715400775
95.99709741052608,195.74348910354254,0.013175844030989285,293.1576588566104,4462596.585209618,3.2886378393915397E8,60570.39327217994,30.66901955434957
91.99852167604348,202.22101525544315,0.013915781329647778,293.15488704114233,5167698.2188988915,7.157674340164531E8,37345.16964717971,25.929873483058987
87.99999999999999,208.69853399999997,0.0154982447030624,293.15,5652203.106638204,1.968009575670065E9,16233.413680080112,22.562137653180017
99.99604629618271,189.2657457787058,0.012711998355963183,293.15954899970006,4164692.696354279,2.154693336479312E8,80518.96605424816,36.56668358428016
103.99557733902654,182.7877428813083,0.012366049575934346,293.1609089652698,3656089.8800906274,1.4353883916222265E8,93151.65491330835,44.15479493022946
107.99541186756346,176.31027548554468,0.012103321763838508,293.16189046463666,3014538.128307885,9.091546021076548E7,100000,53.265211995750626
111.99459902861099,169.8354809132264,0.011896796164439503,293.16261766007347,2614623.333120355,6.83728338914726E7,99999.99999999999,61.776399692345514
115.99134004945684,163.3672592363329,0.011722903508192844,293.16318914171075,2586443.73695832,6.690066303824464E7,99999.99999999999,66.37216836200746
119.982063328868,156.9123801140751,0.01156430009094325,293.1636628860783,2732254.1790132425,7.465261067745446E7,100000,65.95696265481716
123.96448440778828,150.48078872749525,0.011412585109600486,293.16404987098434,2909513.631708838,8.465271855546275E7,100000.00000000001,63.410879175329775
127.9494206909661,144.0869154361913,0.011265443863488793,293.16432999965906,3068283.006858319,9.414364469394296E7,100000,61.939916428822265
131.9371317253151,137.7154396666833,0.011121275985255344,293.16448698007963,3188424.5779201253,1.0166062144382061E8,100000,60.79769024327344
136.09987315174195,131.49966679602053,0.010985984615437698,293.16449506596746,3175353.3466525734,1.0084048754493727E8,100000,56.31094554657779
140.3860947363914,125.37594789072324,0.010859271217002961,293.1643582299902,2481358.485781764,7.779354973763381E7,79178.9104006989,47.00025519154761
144.79042474015088,119.34007499172778,0.010725084536427587,293.1640645510816,770605.4103224641,2.3624621406111527E7,25138.004918145423,36.18806645873999
149.27592150688983,113.36667166178519,0.01050240346753673,293.16361380053553,251879.67418115024,1.0377345694577573E7,6144.564561562162,28.87953728978499
150.25461563986605,101.44453471534213,0.009556596633796948,293.1633111828592,157425.33824843852,2.6608749940320585E7,932.8991816131901,31.45596413971246
154.73167815289816,95.46806688172325,0.0065140293625016235,293.16224684326374,162411.44535534942,1.2244352123308457E8,217.14211282254874,34.31284787123736
159.1489620035601,89.44867463078323,0.002275591600994772,293.16110345620774,119851.78293678748,5.088040139791092E7,287.36635301318273,48.963968795386
163.4856921918678,83.35825664446378,8.397410539950292E-4,293.1602037102122,76424.2809759741,6914435.638035558,845.4699384534605,74.16315984251445
167.73243667896142,77.18326748075664,4.837158074187848E-4,293.1595262676224,52796.579517061975,1307597.945944077,2133.895765198484,93.2347171781458
171.87790717278824,70.91440214484173,3.753850067378028E-4,293.15893531651386,37089.377743232064,362598.9879750835,3811.338307475653,90.70314289888061
175.9428570108037,64.56988384884274,3.2452309879098116E-4,293.15831184768854,27463.764322848332,160453.91569035358,4716.749426801922,69.29923563768023
179.97060494256627,58.182867204876544,2.8589057945060725E-4,293.1575520300448,23655.160609639093,118561.69268547045,4737.896237585889,46.06458711345997
212,6.4778700203076065,2.974397456597576E-5,293.15080833152564,377657.33648708794,1494706.06283029,95527.66438457661,32.23779942133297
215.99999999999997,0,0,293.15,401052.668663862,1851417.1525314588,86971.05908175991,27.257404597699992
208,12.955740040615213,5.742617667362041E-5,293.1515349874503,350334.3586372854,1288212.8945797873,95282.57323637925,36.73762167357882
183.98583862556833,51.76603460055306,2.454244601282801E-4,293.1566116629596,30950.51149872554,172006.27840274482,5576.155773694222,33.3361172572341
187.99391321104977,45.322411147513684,2.0285020069603065E-4,293.1555824576488,47093.204428488614,263257.96604845865,8427.527333772103,29.233706939408524
191.99798640768432,38.860365847199226,1.6466105508250778E-4,293.1545973414605,78024.29085042041,376402.50849173166,16175.933987130904,29.952675592914314
195.9996414612898,32.38816457425099,1.333069949480241E-4,293.15371537594746,130606.39429506268,530573.8784042675,32151.96750284202,32.99758397012699
199.99999999999997,25.91148008123042,1.0706723839786063E-4,293.15293543842057,211444.7677342716,752373.7876904402,59424.503807447036,36.74801165056638
204,19.43361006092281,8.265259120348396E-5,293.15222559024954,315737.9959067769,1091813.3561756746,91310.30197071178,38.637045939943825
153.78490634768363,107.41491989400592,0.009744709604293052,293.1629869878737,210704.7732748378,3.792899887483711E7,1172.1293493046867,25.783652062340902
103.99946978070413,195.74288009126437,0.013041515282574344,293.15709651364864,2273765.424748345,1.810114713152521E8,28567.447382531656,27.581814066375873
99.99974838347043,202.22070494752543,0.01383726895508206,293.15441040649597,2948633.8164769127,4.2935059145650905E8,20271.219853200226,24.52779933394373
95.99999999999997,208.69853399999997,0.0154982447030624,293.15,3913656.31471781,1.4185773892954416E9,10797.314687786095,22.178872388900015
107.99920458430408,189.2650403778252,0.01255397482515244,293.15901171050996,1912918.606682662,9.920424809679489E7,36886.41528978653,31.813323223428267
111.9990180380543,182.78719381929756,0.012227522032375442,293.16039693514176,1874067.9326847733,6.28427889887755E7,55943.80002162058,38.43763927045532
115.99862441501199,176.31000368753666,0.012019007158730962,293.1613795634435,1868368.65045059,4.187697965676553E7,83409.78185242822,46.52543280544314
119.99693378798672,169.83582953963136,0.011873949962934867,293.16209808332724,1966196.5700384025,3.881618096429636E7,99679.78542074583,52.886519015939946
123.99197287460964,163.3690788985185,0.01174425593141015,293.16265909730765,2324004.9610170815,5.401170021884205E7,100000,54.61615742734835
127.98040129748489,156.9166770783881,0.011614898170108271,293.16310946722933,2629317.085515023,6.91334252404613E7,100000,52.87423574195514
131.96025993099337,150.48745650797562,0.01148413688917223,293.16344604917003,2853509.1763852215,8.142518733763744E7,100000.00000000001,51.27915623006618
135.93922167785882,144.09029639529348,0.011353154997937024,293.1636477483742,3058527.793171204,9.354766249661253E7,100000,51.07212950404778
139.91129655175226,137.70393849011361,0.011217020752661427,293.1637111865985,3281834.6464027814,1.0771141430772972E8,100000,49.52061273479101
144.09556098027676,131.48878609593444,0.011081791740155217,293.163601501045,2106294.533303415,6.923079756804226E7,64105.073987725445,43.48572273971826
148.40166320883372,125.36424678376845,0.010942114257065219,293.1633454160538,767449.9906825455,2.534290472619467E7,23241.86582233162,34.7137249218244
152.82983510138263,119.33954674514568,0.010711926728963457,293.16296791298686,254134.6128630036,1.0979204568163782E7,5903.808516019836,27.23810952545431
157.31268835762128,113.36871284041152,0.009922511294465365,293.16250121699886,221830.97463815624,4.2095348785460055E7,1171.081407020177,23.439479385141848
158.26756112154726,101.44634006648198,0.006420035019671154,293.16212305728396,246638.29064831173,2.0599530284164917E8,296.9453463530468,27.30191834032701
162.72988063317723,95.4675147563823,0.002032138640311663,293.1610582687904,202492.2194746204,7.707273759506549E7,542.3332451834084,36.54837375418524
167.14086815975344,89.44636392763488,7.575290416849584E-4,293.16015205885986,140517.38456159228,9588637.688326547,2068.3351975621304,55.55283548199344
171.47747041203942,83.35453042636844,4.5858237701011385E-4,293.1594677392563,110557.90987399696,2056272.5236110082,5988.656824309099,77.05224668048801
219.99999999999997,6.477870020307605,2.538030538487587E-5,293.1507487028188,380277.89695955365,1446429.7241371975,100000,33.98054937194564
224,0,0,293.15,371980.90078911046,1383713.4968348315,100000,28.216592531779998
175.72574347930433,77.17704090243483,3.6791375437648325E-4,293.15888858057815,87549.40440747117,633090.8773984268,12159.072069804182,84.73880949908369
179.87343407186145,70.90847950595739,3.2551983437927615E-4,293.158306784364,77634.10838702637,339162.69898631354,17797.506820057068,73.86318020041467
183.93776980989318,64.56524848023979,2.9423691234100544E-4,293.15763425742347,83713.55625706998,329430.3552850423,21280.358341362375,56.00635020148095
187.9694060198918,58.18125313790821,2.628233953076643E-4,293.1568217085127,97401.12052963465,424552.52201079746,22351.010032266684,42.540323525880986
216,12.955740040615211,5.1865476694399136E-5,293.1514331035312,376182.65016328805,1415165.1326926446,99999.99999999999,39.66289461510831
212,19.43361006092281,7.816066669784242E-5,293.1520812854776,369181.03186902497,1362954.2062952865,100000,43.69801847011572
191.98603698386452,51.7657454831966,2.276095294113782E-4,293.1559121876596,123126.81372300106,609134.0429754019,24889.778689284834,36.809056916271025
195.99422758921386,45.322555547836366,1.9134743017738495E-4,293.1550074272907,165514.4122287008,816926.3952089836,33534.84901822397,36.36645965426897
199.99815172390828,38.860596452856356,1.5832713325907068E-4,293.15417165171624,234511.3998495045,1035209.9600946394,53125.81347964639,38.841253805153194
203.99968603757193,32.38823985588444,1.297623557913142E-4,293.1534171083163,349563.92120479996,1365192.6568049963,89510.67513283902,42.171634721251515
208,25.91148008123042,1.0393498832449317E-4,293.1527299956584,370307.07590182434,1371284.450009716,100000,44.37057920442609
161.80699871549214,107.41622666094236,0.006375865246330994,293.16187989038986,286883.28010865283,2.5177139494003788E8,328.1782676187165,23.143817935867265
111.99999588620838,195.74279504530443,0.012888327149331193,293.1564360759216,820431.5208843211,6.749710349728934E7,9973.191946001729,24.73174983497766
107.99999995927134,202.22066404320626,0.013733201840999036,293.1538112833022,1183684.7343290837,1.8328686230583593E8,7651.396298399098,22.715122844902226
103.99999999999999,208.69853399999997,0.0154982447030624,293.15,1796201.8749724284,6.889270242572646E8,4683.17977073804,21.413517493620006
115.9999767948286,189.2649290386164,0.012410325929629292,293.15838708748333,658239.8581672023,3.123073240111753E7,13874.703536636693,28.3546401928166
119.99993943588672,182.7870687337393,0.01214184828156399,293.1597878191786,723603.0376758064,1.9212523757033806E7,27254.343469481693,34.5762186605617
123.99949923796514,176.30994190919776,0.01199389517048901,293.16076363838624,1087604.6961684271,1.98756308202816E7,59606.28393618972,41.51665238591023
127.99753765175022,169.83617726315836,0.011897439997949637,293.1614678326087,1807650.8169614642,3.458255910331937E7,94523.50992607755,45.13954112789008
131.99190233055228,163.37039753787352,0.011800724227551697,293.1620014758602,2390853.5318021737,5.7171134263384245E7,100000,44.400950327723145
135.97952031938414,156.91949263147634,0.011689315821205295,293.16239844499506,2644891.327065198,6.995598785891408E7,99999.99999999999,42.31916837427255
139.95925349512765,150.49168898154036,0.011575282880578472,293.1626528915863,2852720.208375927,8.13811287049221E7,100000,41.549335589016785
143.94058175636135,144.093483456742,0.011461049735516128,293.16275114786754,3061202.5665282407,9.709181049807315E7,96526.18764805899,41.897520108601434
147.94856753388905,137.73204026174287,0.011334947413620013,293.1626881572808,1913718.1171693879,6.925598102252088E7,52893.91450469866,39.752024555135336
152.059612738674,131.4452812513823,0.011192575899795146,293.16248107281467,732506.763026511,2.8605777420853168E7,18765.58904965303,34.32249707034028
156.43492535445884,125.36441574536067,0.010966547005085205,293.1621541013438,230728.34377220483,1.1164817460031645E7,4786.966714803218,28.285863371101616
160.86318614114634,119.34020473034637,0.010187137548772457,293.1618142195484,173135.51986116648,3.229853912000929E7,930.1914709740404,24.098888902036922
165.33559741804112,113.36783927478828,0.006552490564376943,293.16142053510293,247401.66767501776,2.1840660979614103E8,281.1684224604781,22.42901826583424
166.27556514441127,101.4458417722751,0.0019087912870537453,293.1609611925491,256846.51850551926,8.796783048408878E7,760.8047183138643,27.412067340221842
170.7293777096066,95.46596142459958,7.230151513181964E-4,293.16006557691645,189850.76072776734,1.1068881712011008E7,3295.018595907506,38.22919146530767
227.99999999999997,6.477870020307602,2.2652966717050637E-5,293.15067915438107,349324.7028329871,1220290.377703042,100000,34.04081917247675
232,0,0,293.15,333820.85695817455,1114369.550409775,100000,28.2236774247
175.1387085127948,89.44532226188828,4.5294784001677764E-4,293.1593582023807,174964.29452478167,2777278.0438632956,11134.043635585635,53.7591111951337
179.48456382574122,83.36026056794442,3.7136907050413343E-4,293.1587691619727,175502.1794520795,1084602.3781947743,28466.063315702286,65.42152950612648
224,12.955740040615204,4.731294029704275E-5,293.1513150949905,363396.6968215227,1320588.476241081,100000,39.94228477359823
183.783351607435,77.22266554798381,3.3334986808362385E-4,293.15820057910173,207606.11761086562,822282.0947879854,52462.309042310204,65.88735399776554
187.87812186430605,70.91034785709373,3.048619468818842E-4,293.15758967695893,238652.995294154,844305.5248813549,67464.29562561803,58.38437297620208
191.93613591039158,64.56356064331827,2.770543945669392E-4,293.15688757009343,262595.80187970813,971916.0398130111,70981.98095058725,49.49974297471112
195.97035391016811,58.18197783660053,2.475114726690497E-4,293.15610730515965,281384.2746491542,1180465.4075596922,67081.87822530176,44.19252751462012
219.99999999999997,19.43361006092281,7.324564062145947E-5,293.15192786771655,372359.57184482185,1386523.859635292,100000,44.99006123292303
216,25.91148008123042,9.972139331266955E-5,293.1525378007722,378848.85589436936,1435266.1276472707,99999.99999999999,47.783247946630446
199.9873488206106,51.7664261432893,2.155054728804741E-4,293.155308141504,329201.655338544,1466931.2695312921,73887.82482469302,43.325684254601015
203.99506744806706,45.32304801455541,1.8338935223440844E-4,293.1545433388265,390096.40313753043,1675932.5686678982,90807.36228007278,44.813056406402175
207.99846600979447,38.86097046933338,1.5402672930606585E-4,293.1538303435939,402013.8012397193,1652892.9797509322,97779.52910731432,46.80410441642425
211.99974587763583,32.38837369735162,1.2646813926505687E-4,293.1531657961064,388077.25620582985,1506057.8914304087,100000,48.161349439757295
169.8191032139661,107.41467563466047,0.0019381441006741148,293.1607281666198,245212.80967772947,8.15796242931654E7,744.5765743931532,23.306803905223507
119.99999999999999,195.74279395938473,0.012770599341959394,293.15589007598214,255566.49021510236,2.0329188271985143E7,3213.941026332564,23.51967314100384
116,202.2206639796923,0.013621081800004974,293.1533231734042,347619.9293417121,5.806488851531902E7,2081.9457466343197,21.548274235972187
112,208.69853399999994,0.0154982447030624,293.15,589657.0969798033,2.40765772525418E8,1444.1264238968195,20.724871578180007
124,189.26492393907714,0.012377553629307455,293.15783068550985,369177.076446621,1.6899983594946247E7,8069.222840083562,27.944925592173615
128,182.78705391876952,0.012185551057504544,293.1591946305685,806451.3376799412,2.705181822735646E7,24047.012638644344,34.48702738135268
131.9995555586178,176.30995063532382,0.012072007838485423,293.16012645791875,1651539.5679771628,4.602999311412835E7,59278.279489533794,39.72767453653814
135.99758484127202,169.8363738424095,0.011981283739155522,293.16077728782926,2433494.4665775984,6.0972771484526396E7,97174.29924416395,41.041564621749906
139.99178444508377,163.37098098823026,0.011883671625460097,293.1612351258171,2541798.693777296,6.4613911319572546E7,100000,39.41203854855061
143.97914789624613,156.9203980375646,0.01178152588966131,293.16153460301484,2612467.766584601,6.825210237547146E7,99999.99999999999,38.597581529037306
147.95975575182055,150.4922648500638,0.011688259430888375,293.16167678144626,2694372.528478212,7.57601637828561E7,95828.58443103806,38.97076620750294
151.94277571461708,144.08894197788456,0.011602920077065822,293.16165540331593,1808785.4933695176,6.128751417511618E7,53405.2435870689,39.039668046973844
155.98336101576672,137.7390260570985,0.011493276263622024,293.16148989614527,763982.9772385912,3.073461608820787E7,19001.339676355125,36.92970160124755
160.15534280769302,131.49242265443914,0.011298359382321597,293.16124133310615,241865.87273035676,1.2253098564673118E7,4812.53681195007,33.23848413850407
164.4787655331283,125.37289924387926,0.010630418791912807,293.1609952854786,153888.11309112885,2.4076243192409832E7,989.3211595757585,29.843391574194552
168.88700922534267,119.3384282139226,0.007300855383388782,293.16076945629896,225060.12041224222,1.913182539246973E8,266.7186863698267,26.32947695232642
173.34845817898278,113.36426789504353,0.002219702987396871,293.1603308540661,260985.7096645869,1.03438277210535E8,667.8435571069084,24.035597355230735
174.27990963690993,101.44403729211012,7.261984469828219E-4,293.15991261216556,229125.7028289916,1.303970156175588E7,4066.6760706342425,28.005575022638283
178.72941710858169,95.4646987069887,4.575371897459206E-4,293.1591945189171,259546.24765887123,3988905.819425458,16983.7922020752,37.075844412474375
236,6.477870020307602,2.0406264064438987E-5,293.1506075043481,310123.58455549815,961831.6512356964,100000.00000000001,33.64096797715744
239.99999999999997,0,0,293.15,287086.19943587296,909622.8919148864,90635.89295930006,28.1263184716
232,12.955740040615202,4.291161719218427E-5,293.15118670816537,337034.1206316215,1135924.996759088,100000,38.95055784256983
183.139109146785,89.44647797590072,3.792608879579816E-4,293.15858665607624,282987.59189543803,1598704.7756367428,50163.81138739019,47.85015212889022
187.48599960721162,83.36383904831759,3.4395726851161197E-4,293.15802629100017,316882.20357874356,1188286.8833683021,84560.80110839878,54.974732121142544
227.99999999999997,19.433610060922806,6.78449983947377E-5,293.15176055243904,362651.89180094516,1315185.4245811345,100000,43.36258333633424
191.73445012463313,77.1879477652846,3.165782703107405E-4,293.1574585546732,346195.3761314501,1198857.161497282,100000,55.78110778028724
195.89789214781385,70.93645105407053,2.900966001608837E-4,293.15684942542276,357681.5423051587,1279438.9811409824,99999.99999999999,52.78454518203623
199.94414500280516,64.57396545318494,2.630919213304687E-4,293.15619294577874,367660.9833403555,1351855.1995363769,99998.25761111417,49.58922280542101
203.97400626285105,58.18648309690162,2.34840588725999E-4,293.1555075653218,384375.7822616331,1490433.9189081565,99133.95061696018,48.60028747461143
224,25.911480081230412,9.44798840630521E-5,293.1523414437329,381273.4602899695,1453717.4881086338,100000,46.778781824592556
219.99978321394448,32.38850496712457,1.2187208763237796E-4,293.15293407774374,390811.88794995955,1527344.1874534276,100000.00000000001,49.31714126337741
207.9892614592878,51.768541218495386,2.0579518743300398E-4,293.15482890590357,399370.22459773166,1594989.4368945484,100000,49.28272325464162
211.9960274883397,45.32411967224232,1.7730298999590202E-4,293.1541739190764,397795.1030635261,1582411.6968828214,100000,50.15760648075037
215.99876520851834,38.861426297433475,1.494409215699791E-4,293.1535432932988,395321.89913757105,1562798.0067508558,99999.99999999999,50.33429604827401
177.8248318887637,107.41145227780498,7.797117426387966E-4,293.15967306077056,255744.73145411155,1.6670600679156194E7,3961.7200551027995,24.40595022849718
244,6.477870020307602,1.831715882630067E-5,293.1505394370301,258936.27160245032,670770.8808445596,100000,34.44023276335519
247.99999999999994,0,0,293.15,216438.5053238829,654060.4398352812,71622.89559960013,28.934964784499993
128,195.74279395938473,0.012838071732794597,293.155576487054,399490.8835166193,3.2444765666442115E7,4919.511669332743,24.32211859909593
124,202.22066397969232,0.01360168675216189,293.15306805635464,221253.81431400057,3.7970692092234485E7,1289.560954305464,21.458616393264062
119.99999999999996,208.69853399999994,0.0154982447030624,293.15,181731.83149758683,7.684922649507166E7,429.7615948430084,20.40393501420001
131.99999999999997,189.26492393907714,0.012495304119214387,293.15743397156643,808702.9674376765,3.886270562110865E7,16831.361494437253,29.613601031184178
136,182.78705391876952,0.012310361028806631,293.15869908052167,1623903.045233268,5.535155115238896E7,47650.537460173866,35.86642249714316
139.99953132617603,176.30994843203763,0.012187292335177196,293.1595397124801,2732478.1235507787,7.818197699694555E7,95503.17303260685,39.829640327996884
143.99757724156274,169.83632675817026,0.012077419091225387,293.16009392790596,2605932.7229451225,6.790952255522801E7,100000,40.92366193296411
147.99185666048416,163.37085662542466,0.01197277179799684,293.1604482549226,2469502.0740189366,6.098715819317302E7,100000,40.903539426524986
151.9794429008692,156.91967843766608,0.011881646644606636,293.16063858772117,2341178.625574649,5.481892764070066E7,100000,41.39379693819532
155.96178188154957,150.48947395830325,0.011814103741271351,293.1606727035941,1911747.474208815,4.453756600809738E7,82073.34898290098,42.679536791488545
159.9512769432398,144.08430451722754,0.011743641319614943,293.16057038839887,869683.8136526686,2.2986604358422294E7,32915.033039913986,44.0454972286987
163.9658446394961,137.700220139535,0.011611149300865998,293.16039964404575,323393.5835630371,1.1423570467144877E7,9214.54002069359,45.08708635050238
168.19210035041854,131.49659926501735,0.011177640250988318,293.1602180808738,184484.5340259179,1.8428775670147587E7,1889.7816759988903,44.15283959400649
172.50085831905696,125.36827086623862,0.008874822794302866,293.16008249716134,245271.7386918521,1.7039983899831453E8,363.77962411730294,38.95740140409446
176.89908775693655,119.33171989858437,0.003084485736715194,293.1598428310006,250111.19509377144,1.5439205420519924E8,415.3359709753676,31.123992429201845
181.3540850378308,113.35882575655846,9.309408632451993E-4,293.15936841883087,239185.02132512836,2.23175138532897E7,2588.4654592140446,26.087680167675952
182.28155817705795,101.44212004169958,4.7245194455098407E-4,293.15898859211626,300479.2483619221,5007495.043515147,18137.829882311864,28.856078753969623
186.7285839701844,95.46439285264171,3.8855763482879623E-4,293.15836915072015,329150.5595961723,1829321.182602118,59278.134760726905,37.0183051877679
239.99999999999997,12.9557400406152,3.7966376222123146E-5,293.1510544863059,296387.9444289713,878461.5033568064,100000,38.84623725878574
236,19.433610060922806,6.116991633482445E-5,293.1515792003397,340266.20929068705,1157827.1141165914,100000.00000000001,41.91704829339965
191.1364614348753,89.44781537335372,3.5482760513298696E-4,293.1578124320782,358624.0237584216,1288545.1640428386,99994.03194644304,46.25755635728091
195.4774541194829,83.36385368260842,3.278998553490962E-4,293.1572830524921,347285.7678603257,1206092.7281271107,100000.00000000001,52.65880786172753
232,25.911480081230412,8.773385300066791E-5,293.1521298164344,381287.5839527711,1453900.0852991482,100000,44.165818753156714
199.74878233727662,77.21020076186564,3.023355185448659E-4,293.1567494931605,337760.3451597228,1140838.1908749978,100000.00000000001,54.84858980209449
203.87456343228828,70.92296790433751,2.7702935696040333E-4,293.1561971198787,339346.57078677206,1151569.3305792676,100000.00000000001,54.071452193384424
207.94753113991038,64.58233541960904,2.5144742563520706E-4,293.15562003388624,348987.6579900628,1217924.2354909156,100000,52.805157332892286
211.97761916383146,58.192017256576484,2.2535958421591505E-4,293.1550336659843,361992.07139169,1310388.9088889554,100000,52.50979161444008
227.9997797704904,32.38851013782692,1.1620889281067417E-4,293.15270096228295,402873.9515321528,1623134.8895618764,100000.00000000001,46.70194733187768
223.99892122868104,38.86157414727274,1.4469135031594733E-4,293.15328119935447,400876.44964739244,1607025.9783826557,100000.00000000001,49.206306400155654
215.99068037231368,51.770659253984746,1.9893866090698006E-4,293.15444876845373,374716.7404046944,1404128.217494923,100000,52.21779288593269
219.99666925969146,45.324965467856096,1.7218662827692266E-4,293.1538647983129,387941.2727652331,1504990.7878008354,100000,51.18720721589708
185.82641114880892,107.40795687722607,5.046263733146918E-4,293.158765499716,284566.96542797354,6023815.547629607,13584.343120928143,25.927625252636116
252,6.4778700203075985,1.6224045109518398E-5,293.15047916855065,176667.59082408927,385187.83546839125,81033.1395623695,36.533492628716196
255.99999999999994,0,0,293.15,141943.00762792677,378654.04573358473,53209.40919026016,29.89070573503999
248,12.955740040615197,3.249144442986963E-5,293.1509281011103,220999.1730245933,528838.530636303,92358.27857108299,41.09927258824177
260,6.4778700203076,1.4210587411473486E-5,293.150428433914,100514.25360443753,188574.73286202675,53578.526046207575,38.113963855948974
263.99999999999994,0,0,293.15,75895.58384408573,183006.79138884062,31475.073171300155,29.784051165520008
136,195.74279395938473,0.012938492669038936,293.15546015654087,1094719.8953228015,8.313635845803642E7,14418.169408734471,25.495731646908848
131.99999999999997,202.22066397969235,0.01367069715630165,293.15303907656676,613793.8415713914,9.76603904681084E7,3860.3788433313644,21.986665661007127
127.99999999999994,208.69853399999997,0.0154982447030624,293.15,329193.25845655677,1.3635669837022808E8,794.7459791245992,20.479821326200003
140,189.26492393907714,0.012597818852861755,293.1571611957688,1826895.7503058577,7.926619718045248E7,42110.675644663446,30.93279367700129
144,182.78705391876952,0.012415679327657747,293.15828041249614,2894126.9155446403,8.968234572989964E7,93475.66934574425,36.26492067637923
147.99950882809807,176.30989138618747,0.012279325086681678,293.1590005188088,2771353.10961507,7.680412689004806E7,100000,39.97306574073212
151.9975037854387,169.8359568698516,0.012157794842083694,293.15945727469233,2467760.2122977288,6.089895046735939E7,99999.99999999999,42.50414656901244
155.99193549958528,163.36990158519305,0.012053595195253683,293.1597238875742,2211661.0437085535,4.8915412458525635E7,100000,44.663356132830124
159.98022090223165,156.91765115818038,0.011971955776319966,293.15983410133987,1926702.121150965,3.714041171058312E7,100000,47.308281420339426
163.96419893679686,150.48428646626783,0.011910693296184998,293.15981104430216,1105110.1631337295,1.9844371752120074E7,61549.50964174944,52.3183008742056
167.96489470192887,144.08071025786066,0.01181992858642167,293.1597072116837,404646.2491249018,8914536.30820331,18417.466386976477,60.512459781919574
172.03136822392514,137.73714202243357,0.01157047746394769,293.15959035708534,218148.5800122272,1.1731527683729544E7,4153.724395120908,65.78614682224946
176.21194919959063,131.49235246057566,0.010338548086466436,293.15949485737525,244916.35463886723,8.421507839486076E7,720.3028856690726,62.12182096836077
180.51033783312766,125.35904950063475,0.005097819543903787,293.1593638510922,263051.3588313759,2.440211398690698E8,285.474923315293,49.11064647280069
184.90320520083515,119.32419404245893,0.001319888421144431,293.15904041126356,203420.18037612105,3.598686902942205E7,1155.1818251792454,34.429994209182695
189.35488622869386,113.3539796786798,5.737080974625373E-4,293.1585410182219,242699.79469648367,8024315.06466828,7459.738956115531,27.190995508574932
190.28085548822182,101.4408442505744,3.994106665456281E-4,293.1581551392972,326512.17014406953,2098735.589055508,50909.55586850126,30.99658479880193
194.72579368314155,95.46496659393847,3.6362953370750904E-4,293.15760165741494,341421.0639424626,1183345.7339533141,99002.25861829687,39.888649150473334
244,19.433610060922806,5.250203631168544E-5,293.1513915601125,273147.61865586916,821270.8083728394,90855.42420383188,42.44699289024941
239.99999999999997,25.91148008123041,7.78833011722421E-5,293.1518996612803,335824.2878831921,1258998.7058068656,89601.38740701642,41.975669127649105
199.13102160535126,89.44966818887414,3.3748978042596203E-4,293.15710052222363,336208.4154166504,1130374.5205241942,99999.99999999999,49.60020963549786
203.46988740858953,83.36707798943777,3.130628150524016E-4,293.15662443195515,319293.91098826576,1019496.6413807785,100000,55.94814219143482
235.99974147318116,32.38837231552406,1.0846855470148996E-4,293.1524514868291,386714.3213495112,1679284.9662300565,89069.5763191163,42.724571884142584
207.7190788073208,77.19592720609627,2.895008471480516E-4,293.1561493169679,312839.25487375143,978689.1566590016,100000,57.929122896519175
211.8995872675059,70.9579357258062,2.6623605522746544E-4,293.15566192762344,315366.9418285234,994564.8213874261,100000,57.33812048973976
215.9476462796334,64.58832782376832,2.4273187958928277E-4,293.1551643760877,325676.4335213213,1060652.3416630647,100000,56.04129691262289
219.9779515513812,58.195003558310844,2.188999032656568E-4,293.1546568180049,342218.9627431962,1171143.2261996015,100000,54.267470793931615
231.99889545383368,38.86121647147117,1.3979792169238655E-4,293.1530210802784,412535.49152534734,1807829.407061156,94143.8986468996,44.929167804510904
227.99687779292083,45.324870779473834,1.684996363466436E-4,293.1535858776401,398580.40861846204,1588689.4192861004,100000,47.82309192955996
223.991033256883,51.77148320961309,1.9440020944772203E-4,293.1541326736722,365649.55576650734,1337018.3607001116,100000.00000000001,51.17227995246495
193.82518429161698,107.40550236559895,4.1581561939277144E-4,293.15796078385875,293384.22714715765,2623211.457121946,32996.729519939545,27.992838412810936
256,12.955740040615197,2.755195921253718E-5,293.1508182435933,124333.15933209659,234752.74621175017,65853.79427065839,43.97839402790719
252,19.433610060922806,4.348082600040058E-5,293.15121583354113,146521.37219419805,351017.6423206472,61164.94827527605,44.733321292944765
268,6.477870020307598,1.3278259937414755E-5,293.1503862376289,51475.680238618836,87194.51266030401,30390.988889914563,37.24728739408774
272,0,0,293.15,45086.60541746024,111636.76703267696,18212.920198580003,28.53629388566
263.99999999999994,12.955740040615195,2.425841666985918E-5,293.15072882823284,60453.87562435036,93140.62439547696,39239.490806736394,44.97562172949264
275.99999999999994,6.477870020307595,1.3773344596775797E-5,293.15035191837956,49216.37334197849,82002.19867445371,29540.81173421495,35.444785197959
279.99999999999994,0,0,293.15,63479.34147098442,170180.00489613097,23679.107760299925,27.441340131700013
144,195.74279395938473,0.013003543325292246,293.1554151963258,2340819.418637252,1.6897092301984918E8,32435.865151360525,25.803427699500684
140,202.22066397969235,0.013718394063127677,293.1531532828977,1568259.4484551821,2.3896368467116097E8,10301.637539117291,22.43137233021164
135.99999999999997,208.69853399999997,0.0154982447030624,293.15,962148.8566065052,3.902899587425501E8,2371.908783000006,20.655511268500003
148,189.26492393907714,0.01267445661431973,293.156899874343,3001559.1140150377,1.180219749547927E8,76374.64259823157,30.301007555415854
151.99999999999997,182.78705391876952,0.012491769903930762,293.1578570638621,2981749.9619394946,8.89177038361885E7,100000,34.90133492449602
155.9994962560533,176.30979921485863,0.012342829666703315,293.1584769537526,2571762.404690859,6.6139681166234195E7,100000,39.12918198110182
159.99739563719217,169.8354040303177,0.01221711331698033,293.1588668332451,2199633.267622884,4.8383933311902165E7,100000,43.382988841860474
163.99197764043896,163.3683450862895,0.012116486581947576,293.15908474390216,1876344.335785811,3.520693420320415E7,100000,47.83713756702409
167.98120787526656,156.91460837500915,0.012039452211919007,293.15916547495226,1278813.1847725871,2.083706040493192E7,78496.30118451586,54.8701745964126
171.96631484245873,150.4784012901704,0.011961216557627925,293.15914931400556,503969.2642724572,8340101.854147232,30485.464033979235,67.87025724212369
175.96175120934916,144.06465764710904,0.011803296067882189,293.15909134091316,223073.83496688245,7020330.517165757,7204.631427621637,84.16852628311428
180.03496633245626,137.72341356912708,0.011177362919881416,293.1590230596153,188348.46396683878,2.7535474937057007E7,1297.9346112418682,88.91592009869412
184.21351267581392,131.47933765765774,0.007898529273592319,293.1589327035127,249264.92262043676,2.1662613838549104E8,291.13785587506754,74.09036324477371
188.50965233104992,125.34955910860451,0.002279238347829237,293.15871250584,225282.50111985128,1.0015391652922446E8,515.615366079734,50.4897341729064
192.9017007756895,119.31878566219626,7.375385618050228E-4,293.15830775771207,172333.7741584759,1.0847974518434001E7,2808.453050105331,33.04792975197798
197.35261435246383,113.3510893338108,4.4833274280408106E-4,293.1577774082111,217121.7040665866,3150052.0897584395,15123.518271560088,27.85787353914162
198.27799509556505,101.44028143148249,3.6991821295316026E-4,293.15741234640296,308804.33111557836,1105351.9647483693,86684.68254678253,34.881402046879316
202.7209204190929,95.46585509507584,3.4471287986660015E-4,293.15692958171024,317936.9300906419,1010978.8104013543,100000,44.93623124853767
248,25.911480081230412,6.554743576088168E-5,293.15166422257556,166780.9147122192,578770.9829425345,48063.43357392456,41.30169824415245
243.99969243254475,32.38821655575007,9.67593543038394E-5,293.1521823862874,195713.94139571072,937877.9404710871,40850.38108279819,38.45470582207576
207.12333268656803,89.45111736606401,3.2178520643954064E-4,293.1564922533227,298396.95655287436,890412.5609886894,100000,54.354923392235385
211.4563412528974,83.3655733626436,3.000188883699393E-4,293.1560729043071,286234.32731680933,819304.3468101133,100000,59.52616831054268
239.99876140245377,38.86071099092494,1.3364635252039817E-4,293.1527462362914,246361.23553294945,1268286.622015407,47862.82219619223,38.584397188496524
215.70558651667906,77.19458251002538,2.7888978101006044E-4,293.15565360576323,283312.0869621988,802659.1846758946,100000,60.81149258899291
219.86076306878033,70.92899348615607,2.5797607584302585E-4,293.15522927534465,288960.4522864858,834982.997295299,100000.00000000001,59.899035315636034
223.94275833121338,64.58902809440174,2.369653041235842E-4,293.15479684544783,303469.6330333979,920944.1499789112,100000,56.92362770075727
227.975353704956,58.19477483832921,2.1547394835171884E-4,293.1543433970233,329296.05112709,1084395.7011482874,100000,51.73789861882175
235.99684664701908,45.324322867951004,1.668840992627618E-4,293.15331295237814,355489.99409254716,1582420.96770656,79875.72652423124,41.269620127933216
231.9906442460633,51.7712562926533,1.9276520918654733E-4,293.1538503978746,366933.17064500204,1351107.5140100021,99660.79401851747,45.9113177189571
201.821971439276,107.40416638365757,3.7638723783105254E-4,293.1572416894744,258515.76422203603,1217385.6413837664,55032.319551075576,31.352194368799157
260,19.4336100609228,3.6518203812052466E-5,293.15106795565754,69192.61568400094,125412.00398776156,38180.65587244342,46.90910465144261
256,25.91148008123041,5.3468623229290146E-5,293.151449362837,75827.72685320406,205883.7121637781,27931.566202556623,41.76699329927632
271.99999999999994,12.955740040615186,2.33163701020799E-5,293.15065770068617,40418.81178354739,55234.43027390997,29579.141346176202,43.50402637199542
267.99999999999994,19.433610060922792,3.258619127336176E-5,293.1509506764058,34205.141184782646,47329.27381465531,24724.58710385134,46.72150491449022
283.9999999999999,6.477870020307597,1.3713910561932028E-5,293.15032591589494,110551.03870149089,181662.48232286333,67284.9177648294,35.03174678675967
287.99999999999994,0,0,293.15,134311.83038957184,325578.3542494843,55438.554695079714,27.656856417079993
279.99999999999994,12.955740040615188,2.3763254612560107E-5,293.1506025970996,76998.85606957108,106102.41556753054,55886.14674242591,42.421318700899754
291.9999998598201,6.477864601944932,1.2265508118467E-5,293.15030636159923,168802.15639387243,285308.6586002328,100000,36.580689199078726
295.99999999999994,0,0,293.15,186570.69171411687,356587.9532238038,97673.18165055996,28.800897687739987
151.99999999999997,195.74279395938473,0.013048302437167534,293.1552764433646,3287633.371771011,2.2822786143252432E8,47368.35067273007,25.129528159657255
147.99999999999997,202.22066397969235,0.013751136426176072,293.15326347616696,2817398.834160648,4.1932011963978696E8,18948.06361805214,22.39200741595927
143.99999999999997,208.69853399999994,0.0154982447030624,293.15,2117855.44405751,8.44016248236062E8,5314.24802854406,20.756390858420012
156,189.26492393907714,0.012724043717403826,293.1565365753822,3224132.1161591862,1.1469452715758677E8,90660.8585489776,28.544717110943214
160,182.78705391876952,0.012529580299678782,293.1573745130156,2714963.677871689,7.374365346184058E7,100000,32.44397135514151
163.9995153572974,176.30973810591647,0.0123753096943572,293.15794118369337,2268834.2346625845,5.147785678033247E7,100000,36.91197467764771
167.99745101176205,169.83501205244445,0.012252501294910935,293.15830983006526,1865200.2749905668,3.479104292858774E7,100000,42.17405934531922
171.9923480592134,163.36703112331728,0.012157327783701946,293.1585267492378,1223710.2223489704,1.8757731082678143E7,79838.25015447488,49.309594665595846
175.98262395937078,156.91176150041272,0.012074780954228584,293.15862589162043,491405.2430590936,7267724.480435062,33242.24646567337,62.419622648810154
179.96979554450164,150.47461290635263,0.011956315947853324,293.1586436345115,197096.39696339206,4212303.8663245775,9288.243344780329,83.20490164971305
183.96065827753773,144.0550210424682,0.0115997718166921,293.15861377536265,144226.58776368754,1.0885888861222127E7,1941.4079803388613,98.94808034359478
188.02031228077354,137.7032393103894,0.009856952473888,293.1585421814585,181877.22759137405,8.896954546545523E7,378.7699646000533,91.4175266244776
192.20017420519275,131.46365909105856,0.004317694806021872,293.1583776626003,186923.84623150752,1.5143917527669346E8,233.41207471621013,67.25790786450246
196.50340325955722,125.3439523520866,0.001157224624237366,293.15804326230676,142380.74763301664,2.1689131464348864E7,940.1651108370974,43.610177093190195
200.89748569943967,119.31637475361138,5.260584280208326E-4,293.1575731712182,128318.78581598731,3559926.9597030818,4730.852608342783,31.253114833270548
205.3487350691814,113.34956415166965,3.924686725457682E-4,293.15707412759406,166253.9623923504,1279361.9437597098,21721.317261427797,30.38536665430961
206.2731222757127,101.43960981698575,3.492864630951907E-4,293.1567730506643,286903.12525169627,841737.962945261,97970.40431538888,40.049338789764846
210.71385743693907,95.46563069966787,3.281430612729264E-4,293.1563617379168,275562.76544729207,759351.9936768152,100000,50.190299275318836
251.99968237462835,32.38817406076903,8.081519111919346E-5,293.1519108836159,84339.1526361037,390247.8895360466,18237.369816028775,35.51719823940522
247.99873571903993,38.860587798776905,1.2245581878720096E-4,293.1524524356674,103412.97338316764,649858.6843462887,16461.660386853982,32.34577559451953
215.11331365372718,89.45015320268867,3.0832273028553065E-4,293.1559802105439,259073.19691704618,671191.0420573809,99999.99999999999,58.04899024584984
219.44368723724529,83.3626079907595,2.893587177672636E-4,293.15560905991566,251447.0014588261,632256.7958198455,100000,61.69240612243385
243.99690983641662,45.324165128273755,1.645367092425025E-4,293.1530265964963,149934.99907588304,814702.7962089634,27598.00475083626,33.137378479077874
223.6877307795177,77.1847711600988,2.7089416084855527E-4,293.15524056058007,252421.87711174716,637168.4182101238,100000,62.40350809753726
227.84545845614173,70.91841843538548,2.5267972589726044E-4,293.1548710937754,261786.06565104364,685320.9006218301,100000.00000000001,60.149405160517354
231.93177481875634,64.58008868387367,2.344997696732693E-4,293.15448748835234,282448.7616103033,797781.0491212569,100000,53.98619572400003
235.97275265503995,58.19239699498268,2.1596645564682498E-4,293.1540637402188,312939.84556310344,1005581.219217265,97398.96318140859,45.403595649238916
239.99043645790957,51.770800664678156,1.9466457625159897E-4,293.15357562078333,246092.18478130354,999295.4241617626,60612.35597964054,37.71895280176961
209.81727450654898,107.40277457040034,3.52029782714573E-4,293.156627199264,214384.58725096847,688334.9116635503,66839.19033421089,36.33931109538242
263.99999999999994,25.91148008123039,4.4645645548478656E-5,293.1512723012841,32050.146674727308,61118.97997272299,16814.25869204247,42.17628657542656
259.99976517666755,32.38823939840804,6.45841588467066E-5,293.1516661326741,32657.456402982996,113040.57638664522,9438.80559846753,34.28245739467622
275.99999999999994,19.433610060922785,3.229197340192017E-5,293.1508596815175,48398.855066579206,63686.54371205776,36784.383033038575,46.02864651445534
271.99999999999994,25.91148008123038,4.098860266830643E-5,293.15113320954237,25986.478882940286,36753.850512686,18375.605715752754,42.22106465148227
288.00000185739583,12.955698710530674,2.3424326523633247E-5,293.1505609825824,152990.32655823228,237237.0817163967,98669.32516823523,44.32608148137775
283.9999999999999,19.43361006092279,3.317897000150771E-5,293.15079103361717,134051.10504101097,195982.19425904859,91690.98008424246,48.079159878273906
299.99999980682634,6.477832370902846,1.1443732405039696E-5,293.1502895053925,174024.5174553739,302863.9553717515,100000.00000000001,39.26435969405541
303.9999999999999,0,0,293.15,173828.85437706238,302165.4804184321,100000,30.714733589739968
296.0000104297879,12.955474418555923,2.2861285344514578E-5,293.15052728327123,169834.7757969806,288440.78547977743,100000,47.9244096466353
308.00027855394205,6.4769727160517085,1.10427437522367E-5,293.1502728568416,170624.55443018803,291128.4389284787,100000,43.12094745187955
311.99999999999994,0,0,293.15,167446.52975258743,280383.41824100557,100000,33.50416690343998
160,195.74279395938476,0.01307374815085951,293.1549188267373,3176173.7568885847,2.1812434131080592E8,46258.7290747587,24.008500979652073
156,202.22066397969235,0.01377370300191109,293.15318023455296,3322913.2110262737,4.8691321909624606E8,22699.095256814664,22.058657812158938
151.99999999999994,208.69853399999997,0.0154982447030624,293.15,3057325.641530163,1.2011076290388737E9,7782.184905486043,20.742627299580008
164,189.26492393907714,0.012735477619985726,293.15602572840356,2559831.2218677704,9.426325300836754E7,69531.1462654834,26.353556111675
168,182.78705391876952,0.012531468328465906,293.1568131454153,2029728.6799985245,5.0937200784290515E7,80925.7089836787,29.459617719440114
171.99957051611835,176.3097182099809,0.012381380519415066,293.15738033027907,1503416.2265132314,2.958693819535837E7,76395.48390996213,33.61928469146735
175.99778586634326,169.8348532461085,0.012269099239857315,293.15777516714616,851848.8501266205,1.3871684487905027E7,52313.679779017955,39.07907064652479
179.99334012887024,163.36635465465238,0.012177305308842944,293.1580305198958,348471.54201320076,4989666.227517785,24341.133693137363,48.10696481117191
183.98457806470336,156.91009991242333,0.01207283342004236,293.15816358397984,153518.12051214298,2716347.9134502737,8694.58435642695,63.89856000830371
187.97352773406658,150.47344458582762,0.011834775299887428,293.15819761236884,100286.94079164014,4655028.053540816,2184.273331502042,81.51331097446217
191.96905894928943,144.059754756098,0.010834851873021816,293.15815262927316,103658.06624523859,2.585827785219835E7,417.293981075904,87.81855364674526
195.97556799113454,137.66119579525022,0.00700262272174323,293.15801817109883,120393.56345021528,9.526365013365833E7,152.54429990967546,73.43013240671326
200.19052803964482,131.46057295340464,0.002252291989978238,293.15772946884084,114897.45798830928,4.563409188111678E7,291.0594932677928,52.534346934841004
204.49760869207296,125.343744603957,7.430199370646716E-4,293.1573180344671,91804.36335285589,6426070.17260804,1327.916168534867,39.32606808200396
208.8925417607494,119.31512667518223,4.362561455105381E-4,293.1568832922976,85375.14085646378,1279462.3448252163,5779.884968722439,34.42994653562109
213.34415334113132,113.34760881362455,3.6110837794876426E-4,293.15648396130473,112109.1704914928,549749.271228064,22916.876401804577,35.71846477785391
214.26657654751324,101.43756692407482,3.3202306900491016E-4,293.1562367670753,248528.45269396217,618098.3067154664,100000,45.49681452118899
218.7053848287271,95.46303819369018,3.142466462752143E-4,293.15588044847846,231750.50172547987,537084.888586377,100000,54.34779769353279
255.99909957132078,38.86083249147571,1.0284468234888502E-4,293.1521569323809,37087.546250174324,257290.42982499473,5357.561090470396,28.432872027622462
251.997692562835,45.324389818512124,1.5760444838120257E-4,293.1527195091246,51010.74687082856,368941.64306062035,7060.777358773904,26.895831877726675
223.10353857868685,89.44656770427362,2.975053568396273E-4,293.15554189909426,219821.76118013778,483216.58117798594,100000,60.67999338100242
227.43356584373367,83.35713915135325,2.8139784399397634E-4,293.15521344363475,217415.88326952478,472697.21796080313,100000,63.76609886442534
247.99181161359374,51.77066541722405,1.970949145242595E-4,293.1532850872812,91691.85051908466,435405.29554525204,19312.237842544462,29.789179890683446
231.68026840596315,77.1789071510953,2.6575606544220945E-4,293.1548910858218,221412.62252095962,490236.6735896236,100000,63.486686729787586
235.84531666748728,70.91655510827101,2.506230509048727E-4,293.1545644582108,232687.6821321108,541437.0326158523,100000,58.279834678749374
239.93451194247803,64.57936129654573,2.3599070164795257E-4,293.15420900288103,260902.85789559633,680877.794054384,99977.7655593934,48.03686100129341
243.97354067059132,58.190300602562466,2.2031160994045573E-4,293.1537898218432,175681.87793419263,571917.5859830845,53978.50884635334,37.119856613199666
217.81130445310794,107.39969976862331,3.337470234472241E-4,293.15611978176975,158435.38751458368,394452.45248212013,63658.925746767745,41.53182571923471
267.9999088939616,32.38826431226831,5.351238170298397E-5,293.15146404789016,15909.651104711318,33578.622086423165,7548.893280139156,34.22031340096353
263.99973091619,38.86078661138101,7.938917952053554E-5,293.15188776428727,14175.232182503873,73056.88029212957,2756.304922884841,27.106228811835106
279.99999951149795,25.911468167770312,4.192895210732777E-5,293.1510270107282,69213.42530288186,101525.77895234358,47186.06393202366,44.2778598405909
275.99994347627535,32.38805204104795,5.1469156546159666E-5,293.1513042512343,30963.59676837976,54364.53963178777,17636.878368339418,35.99601821395299
292.0000363995839,19.433027773938036,3.376558417119313E-5,293.1507385938055,165907.55508301125,275253.9882322854,99999.99999999999,52.969947238400984
287.99999999999994,25.91148008123039,4.387534356245765E-5,293.15094826871996,162003.20313532648,270665.6680472219,96975.08777261725,50.52180622441117
304.000416713094,12.95402377931004,2.239956345021039E-5,293.15049602439126,172966.81429544507,299176.20010825805,100000,52.555155272541434
300.0004992966471,19.430810561828807,3.386354382463988E-5,293.15069380745587,175522.25824950196,308080.7348199418,100000,58.74682079520529
316.00112417187796,6.474469471102386,1.0634162234033115E-5,293.1502558154861,164789.85288870605,271556.9807299394,100000.00000000001,47.75106478020657
320,0,0,293.15,160245.91033769873,256787.51780899568,100000,36.7491587071
312.0018384840284,12.950149592117704,2.1772754319733504E-5,293.1504648982914,170111.4808974887,289379.2324810932,100000,58.12091212379962
324.00253418934363,6.4703476859828974,1.0101854465233464E-5,293.15023931447666,156741.08910851242,245677.6989642355,100000.00000000001,51.82553666636502
328,0,0,293.15,151147.03257711823,228454.2551920466,100000,38.797835250359995
168,195.74279395938476,0.01308532258437844,293.1543490760126,1976519.1201239396,1.3717261980237958E8,28486.26572526422,22.814851043311283
163.99999999999997,202.22066397969235,0.013788382794428062,293.15282291696116,2560575.188061167,3.7325918896476865E8,17582.265327246958,21.579578110447855
159.99999999999997,208.69853399999997,0.0154982447030624,293.15,2976626.8981114193,1.157652025105633E9,7653.700109880055,20.650877488100008
171.99999999999997,189.26492393907714,0.012736410875806034,293.15539460075956,1358672.053867718,5.264371998392174E7,35070.417689026006,24.284316356499236
176,182.78705391876952,0.012528606280522306,293.15618974738214,853574.6745526274,2.1748585021368954E7,33501.59585692311,26.472426570396703
179.99964691882064,176.30969354183256,0.012387580220319593,293.1567969565667,441418.8405824955,8268058.3665992925,23567.015806809548,29.582711005826308
183.9982608666967,169.8347086226357,0.012280753054875524,293.1572449512341,215466.71780500686,3400358.6148648243,13655.10264876078,33.961882450994146
187.99453262800682,163.36599577203577,0.012177633899038308,293.1575443273414,91926.97596827301,1508037.8117058387,5610.677937938314,41.893822434083695
191.9862326381598,156.90949819886512,0.011992379221412837,293.1576939365123,54047.61191830548,1859100.9124793701,1581.4344093123163,54.18681726205437
195.97451594827908,150.4738821266088,0.011324235257008555,293.1577087395492,57393.38027090853,9220654.560448593,358.6315204882307,63.715686594343616
199.9736520584872,144.06809210175314,0.008845682448601054,293.1575974679676,67649.69832459783,3.5447763395082876E7,129.29223955313657,63.368750494682835
203.98705113220748,137.68528265295436,0.004476336712640753,293.15735780772906,79453.77179924055,4.8249035327539176E7,130.92111371180502,56.534731600808364
208.18969238895417,131.46832132470288,0.0014362295845396467,293.1570119246663,73868.9920913148,1.6445803250596203E7,332.4312505250682,50.899822353009284
212.48990422771575,125.34146223332056,5.780581321607349E-4,293.1566591168326,59333.08365532323,2524937.571366379,1408.1522834115701,46.363158449775646
216.8886695001866,119.31305102591604,3.9074532198153563E-4,293.156331044233,54393.82238677438,538722.015943759,5544.1994225626695,41.56559974227971
221.33881449522121,113.34339470618596,3.400792633049937E-4,293.15601041539935,73600.8597121752,263304.31228427525,20599.675239724427,40.74896990301073
222.25923294907668,101.4332693229963,3.177020229363872E-4,293.1557820763628,195464.93245819677,400830.8220511318,95330.5394001924,50.03616748569947
226.69756680259067,95.45796455528864,3.033195708750125E-4,293.15546488023136,186569.79823512232,348095.4096341441,100000,58.3936937642838
259.9990730212028,45.32385914469409,1.3790265160159234E-4,293.152406222298,15410.488371026886,153847.11968606338,1544.4834024397826,23.66497190820075
255.99435863848626,51.7695673785646,1.9682300428546258E-4,293.15296754637035,26723.19278358872,164578.79093347292,4343.165768700236,24.55849920632315
231.0970953263537,89.4409399226501,2.895596793345343E-4,293.15516424026913,184472.19295571683,340303.11818147777,100000,64.47546625643918
235.4304127630299,83.35152908592516,2.7618563425848853E-4,293.1548751731112,186379.32921258148,347381.4209924132,99999.99999999999,66.70960311308512
251.9770432751972,58.18830227631072,2.2553913090750106E-4,293.1534955301552,59358.70838848515,205544.66541937212,17146.995704706304,29.973094018415768
239.68100203407312,77.17407657347735,2.6345425909284244E-4,293.154588655276,189023.80423309308,357314.99013149505,100000,63.6133292507547
243.845725919102,70.91021445583759,2.5189755387758085E-4,293.1542858564183,195451.39727233932,382072.4555375204,100000,53.83509841648708
247.93915898171443,64.57731974901215,2.4086938777482714E-4,293.1539337543226,132398.20255253927,320704.5492399311,54660.446924773154,40.51567532609216
225.80419898366418,107.39382751930059,3.1955257037788806E-4,293.1556915527595,108971.82544132996,213579.08351336265,55607.07093552102,45.717254943835364
271.99983861553847,38.85974710421835,6.621362021710842E-5,293.1516596142016,13411.98195298491,36294.26355910277,4962.074088850334,27.92158156313843
267.9993869204942,45.321192158190634,1.0229352669468054E-4,293.15211169614116,10151.85517687902,83818.95808195251,1243.802622611958,23.23885996830293
283.9997775058363,32.38739364947883,5.370771039267379E-5,293.15118387147453,108230.562223176,201954.79467158052,58008.5083034669,41.83031474016564
279.99893134821815,38.85764717098619,6.569782924682861E-5,293.1514772163251,41613.44785231155,97396.5299481979,17784.085577743575,31.841366680583064
296.00050414170505,25.90808984002899,4.52829359549419E-5,293.150886774365,181572.41862657003,329686.4044517659,100000,58.311173471080245
292.0000480430335,32.383487602829895,5.666085104031119E-5,293.15109507531,193102.65224913586,372935.48483789986,99999.99999999999,51.194342008381426
308.00222587095567,19.425784485367164,3.3366085944709607E-5,293.150650893414,176500.77567466014,311525.30445948296,100000,64.95921607320048
304.0022971768024,25.901066690432188,4.5381495973570995E-5,293.1508319842287,185486.89132130283,344054.66406469274,100000,65.76901144066515
320.00474310960874,12.94292075498307,2.0853985945253725E-5,293.15043438680254,163552.0840632487,267492.88180463744,100000,63.583588052748105
316.00585476102157,19.416182482796447,3.2265520971179455E-5,293.15060859444833,171862.91337397162,295368.82059680443,100000,71.00335544751916
332.0059367097534,6.461755957424486,9.438551755261595E-6,293.1502245819836,146686.0633536972,215168.02993504354,99999.99999999999,53.22761393240801
335.99999999999994,0,0,293.15,140301.03411263434,196843.8025898278,100000,38.53389106252001
328.0102587775037,12.928582893003863,1.9637891304521307E-5,293.15040616783057,154361.85519653806,238275.90831236684,100000,66.73225368512685
340.0111878648943,6.448285191952673,8.669250160354062E-6,293.15021170958886,135058.06905190196,182406.83652429565,100000,51.56184993481451
343.9999999999999,0,0,293.15,128109.5768342762,164120.63751692654,100000,36.31827961052004
176,195.74279395938476,0.013096983244228656,293.1537038283855,817953.0705246897,5.7854436727831304E7,11566.344894763353,21.771737960837655
171.99999999999997,202.22066397969235,0.013801274246189222,293.1523150952507,1310889.1659111844,1.9152054888155606E8,8979.75603145727,21.094701205433044
167.99999999999997,208.69853399999997,0.0154982447030624,293.15,1837803.508774519,7.074000947543212E8,4774.586484958043,20.509779135900004
179.99999999999997,189.26492393907716,0.012745570301807384,293.1547334516933,430361.9398263919,1.7070427333087284E7,10851.390510183293,22.521150549118314
184,182.78705391876952,0.012540225980323715,293.1555491126546,231551.81950623263,6072958.308040712,8829.2447698205,23.713322182705657
187.9997126884706,176.30963783515213,0.01240466390527356,293.1561921801903,107165.97844061545,2106178.986196138,5456.160875529712,25.452022930281405
191.9985755211029,169.83448245768662,0.012295916622682264,293.1566771262971,44774.41714973843,823083.6979063904,2443.832837204572,28.1981662677901
195.99505152645247,163.36576160506587,0.012142237982984432,293.15699560518266,22849.548867740126,669700.9400803881,785.1430342178456,33.26918725435723
199.98631887242422,156.90969859050224,0.011651110133507088,293.1571321800911,26053.706096902042,2969219.5649876595,229.71489192157517,39.90849707507913
203.97184918466257,150.4745465353499,0.009975958963130874,293.1570966426553,42479.657660200624,1.4453629262389705E7,124.90876152041041,46.41545856270256
207.97143383929077,144.07270517454003,0.006825165243277284,293.156920319377,51884.16100071313,2.580192165480188E7,104.38621716581788,53.78490758930963
212.02245738006172,137.7230965393138,0.00331554439379261,293.15667261694745,59920.77471896711,2.7684898592294037E7,129.72333868830492,60.588044222601866
216.1619689071781,131.44844454446778,0.0011177052923011558,293.1564166720459,54637.124643825526,9072605.386121215,329.6266554929093,62.83535447972836
220.48990134638984,125.3407251655497,5.010680547053282E-4,293.1561634598566,42136.2227795836,1357571.3055988958,1317.7020328649035,56.71198167394976
224.88522254436884,119.30834084049489,3.634258775588269E-4,293.1558996950925,38575.36836507609,289816.98077588505,5179.356764752302,46.65941958737182
229.3317508944028,113.33584821583327,3.2550863969906674E-4,293.1556107241097,55030.28759821345,150463.05371320687,20148.131302700236,43.83884686447385
230.2523121242754,101.42637216446633,3.068853163937682E-4,293.1553885936093,140144.67530454966,214916.36540996865,91389.9922084905,54.68982270346921
234.6925440203978,95.4504903903875,2.956756049544687E-4,293.15510653064143,150953.2371953597,227896.79696743292,99999.99999999999,63.63518007514727
263.995528316282,51.76515489259884,1.8118387808621294E-4,293.15263461694525,12011.905740546777,126780.8931239649,1148.7017159161187,22.34149780706809
259.97979291664797,58.182772886099016,2.2775301345199847E-4,293.1531669610877,17064.40335151506,62483.92179173542,4662.966626776019,25.121906257192023
239.0962511337259,89.43336247993842,2.843545187995842E-4,293.15484000006455,158343.63214845344,250748.5011681309,100000,68.84816276108143
243.43400023574907,83.34385401193028,2.7333955406695225E-4,293.15457951399617,158068.26948908964,249891.36022538596,100000,67.87004745047402
255.93914015532866,64.56658362451601,2.454570478227845E-4,293.15363532358475,43458.39889274953,94006.71223244739,20092.40328682144,33.26081847424981
247.68615466751484,77.16555011078403,2.634779012802337E-4,293.15431081741514,148502.296852374,220613.96872971882,100000,59.99544497870006
251.8500678280713,70.90130896228028,2.554169988153629E-4,293.1540084865729,104737.94144637599,168077.87448862617,65308.18631027538,46.69546429628854
233.79629416570984,107.38487025870684,3.098973858271514E-4,293.1553192833139,81916.44271778522,117630.70725406906,57048.8528320741,50.022066075214276
275.99749734002467,45.316765419817955,8.597504292383704E-5,293.15185471043884,19672.54673180424,78294.09905520598,4945.441689579195,25.32134890837222
271.99366058081733,51.75773749790723,1.347211246123151E-4,293.1523128632443,15939.137671588578,169084.86043284682,1518.3048095871693,22.712286411950426
287.9981564044468,38.853120817406754,6.842871656788152E-5,293.15134161269316,149842.9402162339,337900.4343793685,66454.1948171642,40.815692211308914
283.99487013460134,45.31123793846041,8.419808374908703E-5,293.1516501548144,69163.16301775361,209976.2739580368,22789.40155726172,31.699265345093057
300.00162351502644,32.374782692113335,5.7871443798094217E-5,293.15102352054095,199733.91320896952,398940.1353634403,100000,61.017621114280075
295.99872690086505,38.844125318275914,7.107271983006264E-5,293.1512406525485,224875.7792861777,505707.022612151,100000,52.24386029945732
312.00525016170604,25.888666461904887,4.4373535643222516E-5,293.15077873513127,182516.40073001033,333123.33401237434,100000.00000000001,72.29307741599449
308.0031374675573,32.35999487229602,5.728395628984762E-5,293.15095782663826,197136.26781769947,388630.43577077147,100000,68.74333525307226
324.01045017965413,19.396496389088878,3.0622383038510645E-5,293.15056820655906,163594.09217082104,267630.5631236821,100000.00000000001,75.24717341001309
320.0052687591845,25.863608106779534,4.2454811419417216E-5,293.1507269027489,174958.68212669602,306106.3201625677,100000,77.07911636172771
336.0194857000616,12.904552990549583,1.8175272475016865E-5,293.15038137781886,143281.2659037698,205295.28705075965,99999.99999999999,66.65035677435934
332.01513712855507,19.361631273932183,2.8542216731820576E-5,293.1505315041749,152962.65699082855,233975.98638684102,100000,76.45195710061942
344.0345015396066,12.87610444096043,1.65385909195533E-5,293.1503595899872,130898.63835331342,171344.5853882919,100000.00000000001,63.34914111492149
348.01031114075454,6.433615976023826,7.829444317412978E-6,293.15019968284565,122317.64150261095,149616.0688071365,100000.00000000001,47.9967987587225
351.99999999999994,0,0,293.15,114994.27258628623,132236.82816270346,100000,34.03949365146001
183.99999999999997,195.74279395938476,0.013129631427724333,293.15312320073735,230339.2190303559,1.697098112125847E7,3126.5955514222546,20.947584887292223
179.99999999999994,202.22066397969235,0.013827277913306702,293.15184598738466,419504.22084578825,6.165152523444355E7,2856.133630099976,20.660686783826723
175.99999999999997,208.69853399999997,0.0154982447030624,293.15,759113.1052537315,2.8801309136932164E8,2000.8217787840194,20.355962301799998
188,189.26492393907714,0.01278539814742474,293.15412141417033,110967.74605555517,4784292.98868071,2574.607317627091,21.221367641316814
192,182.78705391876952,0.012595736794581818,293.154925442069,50874.89913352463,1600313.0623074677,1620.3318131923745,21.665374772206757
195.9997375694281,176.3095452920381,0.012486133396456984,293.1555657446814,24476.472219557483,782815.2419178559,769.480090169165,22.393046640629382
199.99849298600992,169.83423140804277,0.012389313657606328,293.15604784945225,13128.493819515345,569043.3962880508,304.7066061847588,23.722150038300782
203.99441585882582,163.36566924877704,0.01208253751903684,293.1563548415343,14310.373160561443,1242221.8711111825,165.39274538616675,26.836990589768508
207.98457819080133,156.91036456519848,0.011018237633906884,293.1564705509581,24957.824643118398,5543542.560695005,112.40326273357334,33.166774182311855
211.96826143364913,150.4748765599536,0.008856267806208752,293.1564296470064,37920.87034607127,1.4152759472026734E7,101.62665164454712,44.708970197492086
215.95891646603417,144.06537687344738,0.005868927323388193,293.1563069300599,47963.367456905,2.257218342771857E7,101.95975928638309,61.89646469507702
220.0197385282155,137.71900342861974,0.0028101494971280376,293.1561534081007,52967.737278697394,2.1677548483271904E7,129.45445910437118,75.03895971474732
224.19210803115823,131.46835351777113,9.479941360693304E-4,293.15597972382284,46723.88666463719,6374447.6258160025,343.27296513411005,72.66515977825907
228.49114120403377,125.33680018624716,4.515449523734894E-4,293.15577574179474,39305.016634260784,985190.4820201225,1584.9781138653,58.89555599071999
232.87886469109964,119.29972626759951,3.4623876851606964E-4,293.15552967903835,42412.40029584098,254037.2107489433,7147.583377088119,47.34609429966212
237.32255186991597,113.32557390399316,3.1724565114226843E-4,293.1552578893016,62242.40564920931,138504.9996302975,28003.134623433925,47.098792107291075
238.2465252905697,101.41606041740958,3.0033616132615E-4,293.1550486735236,112920.17327094126,133422.22268547912,95621.9280741783,60.02152358614047
242.6908528446033,95.43886538646076,2.909697424897749E-4,293.15479629244095,136730.88806080792,186991.2186727733,100000,67.58751729761705
267.9803663240421,58.17299461312699,2.1205384667272197E-4,293.1528145356311,15943.672267447177,122305.70676933287,2109.463156073926,23.282792529767406
263.94239181245223,64.55393235450774,2.4443530340727526E-4,293.1532982123233,19204.622149130308,42683.71929989117,8655.282787150833,27.90922921103878
247.10015565409756,89.4204626587193,2.8113313655057145E-4,293.15455140101136,141324.79328720729,199771.14510295316,100000,69.44273213583593
251.4418904949931,83.32961493940343,2.7185802825968044E-4,293.1543022433744,128525.87006466622,165258.90012672349,100000,64.05524443078967
259.85562532978196,70.8862556028557,2.568532787112128E-4,293.15370604319133,42677.21546850613,54615.56654205336,33354.910681403075,38.4118323357926
255.6943379344862,77.15038590445667,2.643911622668257E-4,293.1540304840876,89500.74957514576,95688.38863677724,83759.80657509086,52.40296105409897
241.78785912829304,107.372559619138,3.0519815122901744E-4,293.1549952025437,88356.58357041473,105944.53183505636,73707.0282136411,54.59145832373344
279.98969420649934,51.749949910167736,1.1139205945586877E-4,293.1520313335946,34540.42395043624,177548.75589598995,6723.6755963312025,26.309702940577605
275.97868212294003,58.16277357331371,1.6888918991370635E-4,293.1524719944386,32795.64246636652,336063.21250196215,3203.065164882985,24.63346708297455
291.99332247161493,45.30308355067553,8.580112795510547E-5,293.15149920162725,201088.09897934596,534711.0496444877,75636.2335563622,42.739486498523895
287.98560510079096,51.742277181306854,1.0504781092937812E-4,293.15181114513274,116964.75874996469,402819.2457664514,33970.23861279687,35.33432753276336
303.99948624288845,38.828873485026314,7.122229127249151E-5,293.15115656255216,218145.44631527716,475883.03693451843,100000,62.4035969588058
299.99275966200446,45.288964322169626,8.65758753049478E-5,293.151384010835,247175.86181876113,610967.0401337441,99999.99999999999,55.001889463359
316.00260572656407,32.339217347129114,5.527442311168396E-5,293.15089408926195,189516.78685554306,359168.56154097035,100000,73.89230973878756
311.9930994597266,38.80188810707998,6.926179170997053E-5,293.1510783370276,208811.23517498546,436026.52089701034,100000.00000000001,68.46301491247176
327.9974777116547,25.815739638281812,3.983072195464374E-5,293.15067829605624,164489.7858700928,270569.59123827604,100000,78.69759471428021
323.9777631874182,32.27424225272813,5.216603253152765E-5,293.1508328232626,178606.96130927975,319006.2339901938,100000,75.82674425362718
340.0233582698107,19.31102549323389,2.6144328548236918E-5,293.1504993054061,140853.11801881314,198396.1443185138,100000.00000000001,74.54125660555589
335.98089583624375,25.73932689503327,3.670408345788733E-5,293.1506347358845,152332.1294962165,232051.16443834998,100000,77.53429828743414
348.050690596001,19.23179678804029,2.351050839896634E-5,293.1504706614649,127833.0790295863,163413.02105297596,100000,69.91132583378129
352.0499523270381,12.847646753000168,1.4791092837559156E-5,293.15033937220136,117643.33596144053,138399.5922101197,100000,58.94565907410571
356.0069025963892,6.447258923282582,6.978174256799021E-6,293.15018815379693,108857.57601076223,118499.74345634786,100000,45.00432460046168
359.9999999999999,0,0,293.15,101388.30979091309,102795.89580206915,100000,32.84890746230001
364.0105247110611,6.456829761444561,6.101985921701832E-6,293.15017604617765,95049.48016344167,90344.11576145841,100000,43.51292500910066
367.99999999999994,0,0,293.15,87879.94407615758,77228.85318686072,100000,32.90258452706
191.99999999999994,195.74279395938476,0.013263266842489138,293.1526577529709,55318.152138743724,4840796.796915378,632.6228052144712,20.405210906219963
187.99999999999997,202.22066397969235,0.013917887070259061,293.15150101816994,114653.15439205943,1.7807034059856135E7,738.9747835165559,20.325798464813165
183.99999999999997,208.69853399999997,0.0154982447030624,293.15,218729.1634341229,7.912490675053568E7,604.7955475112067,20.20464093548
196,189.26492393907714,0.012984643275729736,293.1535908351362,30088.67278758691,2197270.352712967,413.07737648259666,20.46347621600197
199.99999999999997,182.78705391876952,0.012914767809741002,293.15434803040586,22169.294979945014,2112126.8184542474,234.5171847936399,20.593379487843716
203.99974897785202,176.30941918591742,0.012970780181936063,293.15495214624985,21574.187594187486,2820568.3956856686,165.75254895782564,21.033408675005717
207.99810364008522,169.83399555388033,0.01291972540766312,293.1554077489652,18333.93595235245,2754949.415454221,122.12351643695332,22.22219576226549
211.99304902943175,163.36559454989606,0.012351401383030683,293.1557059491134,21826.00302047991,4496421.447234313,106.0054559455891,25.926754642638542
215.98241561915518,156.91067272073812,0.01093887643880005,293.15585025873247,32777.4904226553,1.0548830141119609E7,101.85763431556144,35.59277123451209
219.9673201882464,150.47460727374263,0.008593699199146864,293.1558849027249,44380.9110855736,1.9556106622894477E7,100.72971152545493,53.02926125337583
223.9581417676319,144.0617582387498,0.005498662512188169,293.1558530402574,52341.87723203416,2.6653073734628763E7,102.83324819420356,71.74914055736996
227.96667733829813,137.66618490635165,0.0023752452597825993,293.1557714091355,56802.84025837755,2.1543383279539194E7,149.9094013427031,77.43808864253286
232.1820165786511,131.45193688856705,7.725413775603106E-4,293.15562993864927,53046.797699310955,5092554.729486824,553.5612706116034,68.47541884841247
236.4856935604865,125.32735343792108,4.1279413841189405E-4,293.15543384126255,51631.78890927307,920494.422605703,2945.679001971068,55.515198048413076
240.8697009089721,119.29024781648694,3.363251986954066E-4,293.155196270255,62021.85943491411,297707.38500042976,13024.946131841758,48.90006626580156
245.31102154936457,113.31351966018687,3.1373085887618216E-4,293.15494770704527,88445.00700643477,172311.2004960634,45432.35599985613,51.01638957727434
246.24194575889157,101.39992236416862,2.9701564770597515E-4,293.1547499481548,121823.11041239329,148522.17460652965,100000,62.89385859077125
250.69204151891267,95.41877424356973,2.879245066889971E-4,293.15451237983785,136061.48443297364,185166.33959872168,100000,66.85320002985304
271.9519281026914,64.54627509852835,2.2824680474740138E-4,293.15293416818787,30010.070112775644,150405.1146756196,6010.860625494515,26.191880793356038
267.8702309770254,70.8748602098721,2.5169387142823853E-4,293.15336395570284,41345.56992365861,75289.72075125288,22737.68228107333,32.482911468301886
255.10735319047438,89.39705518344654,2.78559938028072E-4,293.1542723525581,130756.23707445443,171018.61299114852,100000,64.69504353346991
259.452042452113,83.30502757593128,2.7000839821903665E-4,293.15401677713834,103276.0758997714,109112.45482526056,97817.00573871749,55.747165316202675
263.70513788761724,77.12890453201395,2.624173508159046E-4,293.1537231177336,65637.76486647484,68007.0497255101,63354.848986614445,43.373171549372394
249.77859105874072,107.35512978360819,3.036999910256296E-4,293.15470502861086,120853.82751765107,155150.22565051037,94251.3307424183,56.54207148652302
283.97349837020033,58.15351506369764,1.3898932934328087E-4,293.15217905433246,80851.94224771771,522066.8575772033,12561.958745610273,30.63042225841735
279.9495301703641,64.53309785720165,1.9675341224018692E-4,293.15258763333145,67269.51311703218,532260.9151021532,8529.63037342415,28.926422699489162
295.9809699217199,51.72939120042827,1.0374443143956954E-4,293.1516472114744,265209.1956453678,747283.4003402778,94138.15587440872,47.476808894640506
291.96290868920966,58.13961652346933,1.2663492339636182E-4,293.15195229826764,193080.6273790237,776559.9741008306,48012.26931862478,40.96555793239482
307.98020809036507,45.25658568582771,8.475937348393865E-5,293.1512857324297,234645.96373226692,550595.4496335742,100000,62.88306026935708
303.96291477921926,51.695072884732035,1.0221123785767102E-4,293.15151832392536,268551.36153806106,721213.3736548452,99999.99999999999,57.76946974359708
319.96140837871604,38.73808957046064,6.574426771243302E-5,293.1510030067243,196505.30922645004,386147.2337066152,100000.00000000001,70.6046655392305
315.94224611694773,45.19235614383831,8.084331879614451E-5,293.15119436204844,219743.68701107914,482880.0597043229,100000,65.27315417326237
327.8937868183706,38.61073979738197,6.113558205829307E-5,293.1509324159089,182158.18505866046,331818.5891693561,100000,69.33742128355546
331.93234827772966,32.166998583565764,4.830966619446065E-5,293.15077671342914,165786.25639911988,274851.8887326373,100000,74.72947492924544
343.9704168233507,25.64401963848933,3.325829395862516E-5,293.15059715877754,139372.95035355698,194248.3199694842,99999.99999999999,73.6340188326268
339.8806104621454,32.03827104373804,4.4015853907147205E-5,293.15072826473846,152214.12574219867,231691.82326337346,100000,71.2153376853448
352.0045719442189,25.53962792160675,2.9605077374239877E-5,293.1505650306729,126111.54623621177,159041.23441634866,100000,68.4813897002973
356.1909164277114,19.125762852977953,2.0691652231416373E-5,293.15044392205635,114002.90982984773,129966.6916030718,100000,64.86560182918923
360.0218626336315,12.89410894429623,1.3067267334697037E-5,293.15032103320567,103856.06817557581,107860.94850466769,100000.00000000001,55.43950390775506
368.0319957182689,12.897344379381485,1.1274663848161996E-5,293.1503020535675,89463.42534614819,80037.473244049,100000,52.771161374056284
372.051494910238,6.457967942315908,5.242845361374535E-6,293.1501641291257,81425.67475121465,66301.66688027309,100000,42.443372945779394
375.99999999999994,0,0,293.15,75530.34778387795,57048.383656846905,100000,32.49710073998001
379.9967422314135,6.1900077081472995,4.325971537905734E-6,293.1501482033059,69105.46493721865,47757.057494629385,100000,39.34038063286338
383.9999999999999,0,0,293.15,66957.21268210163,45353.36065074196,98867.79336688004,29.99741517702005
199.99999999999994,195.74279395938473,0.013804889290564238,293.15229675357887,22379.256472037494,3363233.053284867,149.21673019760894,20.20536395810346
195.99999999999997,202.22066397969232,0.014242197679046843,293.1512624864088,31086.8627739871,5320653.332611258,182.02923909167785,20.141718251087024
191.99999999999994,208.69853399999997,0.0154982447030624,293.15,56560.31615879601,1.691823046564902E7,189.44442916860166,20.093468116559997
204,189.26492393907714,0.013814535141246325,293.1531474427795,24719.18109765981,4441368.3778237095,137.7059119514145,20.407271407107064
208,182.78705391876952,0.014012890219240166,293.1538429900825,25638.713021564166,4962471.1859809095,132.50730653756477,20.786150880494315
211.99981120837353,176.309295616749,0.014126604884254578,293.1544067892721,25188.21077620772,4680896.074282699,135.572832531096,21.592119882236886
215.99785571477923,169.83382417334775,0.013932297771342072,293.1548473548659,27277.07052041289,5667860.167646508,131.28824782964816,23.931084493438814
219.99208346291542,163.36549348430947,0.013186929099808689,293.1551620616147,34350.275096991485,1.0032286579538504E7,117.65072368321658,30.414990561850114
223.981772242209,156.91035043376792,0.011590939273547145,293.15536167151066,47381.939248715935,2.035741433452448E7,110.34667276406437,43.85669363994544
227.97008477928694,150.47384827206236,0.00888582937816784,293.15547144335096,58375.58929769784,3.2736405594438564E7,104.13490624448106,59.66102099444013
231.96964020538948,144.0637605506889,0.005191103534925589,293.15550237269537,65598.68412140048,3.9718308452822946E7,108.40159349920954,69.67583028602134
235.9743442347967,137.65974421265756,0.0018376738402886524,293.15545265593755,72437.50034693014,2.312555699948265E7,227.92469995347003,68.17024219692168
240.18861491000658,131.45090082023887,6.252056639792191E-4,293.15531732078927,68414.87223480763,4069027.2945954283,1157.9843184878112,60.457509141181724
244.4817511465859,125.3234338213337,3.863036711973188E-4,293.15512499861535,76958.80131815355,972121.4417741947,6182.012811586042,54.70934868243685
248.8571631723514,119.28205452292607,3.307784167439519E-4,293.1549019832205,96735.19816402024,377330.06229316886,24917.97119585173,51.646579038640986
253.29511788323225,113.29857829918342,3.1274443401142906E-4,293.1546646645193,129099.25124417007,228941.90214018617,72870.27313691378,51.52723764545616
254.24034780873535,101.37409495753813,2.947923969713943E-4,293.15446729950503,140144.64985117235,196428.1385555569,100000,60.71707011359356
258.7008157231648,95.38549125207864,2.8498733096195104E-4,293.1542282293213,142284.9797725165,202469.57137153475,100000,61.07705143606622
275.86844768312557,70.85028665932718,2.3689417143732297E-4,293.1530018683136,74552.08636780926,249246.83425596674,22317.586969370397,31.2364859081727
271.71598047356787,77.09979828934436,2.546817444504021E-4,293.1533809577595,98681.18064571645,167429.17115102144,58198.52116982625,37.60965317931366
263.1244806101564,89.3596185073713,2.7500926411063944E-4,293.1539791329394,133565.46747340052,178414.06390819777,100000,56.39478990703808
267.46951825416085,83.26897540838436,2.653975493426256E-4,293.15370381357155,119274.35035841975,150553.2225143168,94496.17503065684,47.14333431768177
257.7684632886709,107.32926074411604,3.027001746032205E-4,293.1544206050976,153680.153187783,236293.15799921434,100000.00000000001,53.529014750283125
287.930379019532,64.5097649379011,1.6690147188492112E-4,293.1522995064609,157891.73984030282,1123820.0852044907,22211.3855886448,36.541433481734096
283.8615780444447,70.82498494507125,2.1522361705006353E-4,293.15267078988177,150243.2044378682,768644.4501141268,29457.450598780993,35.42695924776722
299.94114546168186,58.10868989875863,1.2229935588036142E-4,293.15177911092604,310481.2746177385,967753.5019982491,99649.39883587162,51.94437413781554
295.9082821299841,64.48359329394837,1.4902175562271085E-4,293.1520739635536,272374.50575513154,1298622.904027228,57248.869999255076,45.64243313089167
311.91811768896247,51.62576471871045,9.786403413603028E-5,293.15140714443396,250094.80465746063,625485.7587031891,100000,61.594976401425406
307.89962514432165,58.05048611792774,1.1738013178555947E-4,293.15163966227095,288794.19531375787,834039.7499366453,100000,57.95899568697183
323.8863169335975,45.10326480496849,7.548513767871904E-5,293.1511082091766,202920.64032877982,411773.1798179121,100000,63.46260542071803
319.8462183431748,51.528346010772516,9.156589078565242E-5,293.1513045294118,229758.41887200988,527898.7934504896,100000,59.81349934607829
331.7475996451981,44.867253520759846,6.91167854967073E-5,293.15102851487717,185010.30691668228,342291.3073872511,100000.00000000001,60.202284959417504
335.8003949927765,38.42498793986635,5.5880476892887715E-5,293.1508701467919,166984.69365030844,278840.15391500894,100000,66.09447524150151
343.71607123670196,38.246839486714485,5.0383203767020254E-5,293.15081984114425,152194.0890622404,231630.76176271946,100000,61.519594726743144
347.82954118452494,31.924564327608305,3.952485856214481E-5,293.15068896277216,138851.19912130476,192796.60158883242,100000,66.13237513683843
355.70853355875505,31.804451986108095,3.493270318846516E-5,293.1506577563128,126431.52967463776,159849.45368671333,100000,61.065906492068564
360.25293305183004,25.46985352146146,2.5762423912301276E-5,293.15053691706686,112293.82557034434,126099.08586449998,100000,62.9610929565338
364.0955599434329,19.369439423320514,1.8225166823966756E-5,293.150425141555,100061.51799746005,100123.34883931196,100000,60.60809021987239
371.9670045679753,19.376191843208513,1.550763479983612E-5,293.15040397657555,84679.11703787983,71707.25707157092,100000,55.61179036601688
376.0519865468488,12.811557401815486,9.514487018096238E-6,293.15028343491986,74794.63285628178,55943.19269614713,100000,49.08349592430281
383.9558952854721,11.941803046037492,7.607555425813265E-6,293.15025489624753,61080.62936530234,37309.05543359837,99999.99999999999,42.09777570296841
387.9225959381623,5.926675886269012,3.7560794766081904E-6,293.15013460670025,54145.736119263056,31468.165644256835,93190.04767459408,33.26863997506711
391.99999999999994,0,0,293.15,39381.108671273214,27369.407822646244,56670.47261182032,25.97641728468003
394.58425614117454,5.2302979160724075,3.2152280809321517E-6,293.15011503987574,29105.905732803403,15638.459537478488,54172.42335836218,27.445519034042498
399.9999999999999,0,0,293.15,13470.52098921582,9088.451700953143,19965.976667200455,22.45291149300004
207.99999999999997,195.74279395938473,0.014799742978867875,293.15201925977885,19235.96245888413,2459113.5473174313,151.08674895480047,20.73756007093607
203.99999999999997,202.22066397969232,0.014854506549457415,293.1510941425759,14774.447864171487,1850028.2358485637,118.10102685901084,20.243751340774622
199.99999999999994,208.69853399999997,0.0154982447030624,293.15,18458.02334794904,3120561.6265748367,109.40495357400034,20.0659561959
212,189.26492393907714,0.014939325930639595,293.1527898094395,24547.952860486224,2604096.904671228,233.27379524938877,21.61831246673358
216,182.78705391876952,0.015031214415139162,293.1534336726017,26545.383639848762,2168343.940714107,327.11269027331224,22.765489202742035
219.99991044376418,176.30922352597128,0.015004317008211665,293.1539785655985,26982.407512225273,2115654.027113782,345.15964499390856,24.913322975352603
223.9980589791862,169.83380017201492,0.0147910516616878,293.1544215232407,37930.02574871964,4463672.129080572,323.69188874481057,30.90246145569859
227.9924569455968,163.36542299017947,0.014169884898839939,293.1547528248161,51914.93619580972,1.1998735506667957E7,225.58827901289806,42.20785167696993
231.98332638319891,156.90966368896758,0.012617938521421663,293.1549905610752,69588.72967071061,3.162086683315906E7,153.3598697663936,55.04270452606551
235.97547321084414,150.47339694535833,0.009343143868951612,293.1551517457472,83730.42088865222,6.0514513845627286E7,115.93035255593328,62.40703633848681
239.98021968409014,144.06494183243626,0.00461096375312279,293.15522254886224,89165.7080578378,6.328163273857352E7,125.79759719834657,62.006999197840436
244.00492367707534,137.6771318140484,0.0013528349701839267,293.1551807121532,98639.69379917406,2.1684933586456463E7,449.97859225760345,59.465454802009525
248.19734781084807,131.45853467953853,5.305981387975597E-4,293.15504364904433,102454.66076355464,3929541.162701893,2705.2697406694365,57.45504600625342
252.4729830686309,125.32196927147494,3.69033936756995E-4,293.1548531014089,120173.71961492073,1119742.6934368212,13030.844559130926,54.27877830714275
256.83632230402793,119.27344647410911,3.274110130149043E-4,293.15462710840796,143418.32837107734,452373.77880735166,45608.22043432887,49.75035487141088
261.2698668940302,113.27878615042196,3.1236170679244286E-4,293.1543760778122,174397.12247437556,305651.5616767628,99942.7630929994,47.89430502313214
262.24982200862235,101.33485208889113,2.9211554936818155E-4,293.1541747183729,158581.62589285176,251487.8777888449,100000,55.455445658426925
266.73691348928276,95.33908638393329,2.808524160244011E-4,293.1539250702463,157884.4542190956,249276.8002026324,100000,54.460970512168025
279.72874647162257,77.06788016964731,2.415445484308839E-4,293.1530347587455,162337.59791145488,392345.97946226463,67216.0250666602,37.48881450951649
275.5072426115347,83.2290163184892,2.566363855738448E-4,293.1533672344317,172665.99534938464,312404.1203568419,95441.56125577992,42.56810203901747
271.17394354629334,89.31213940463212,2.691276160490449E-4,293.15366100452087,159704.62551709052,255068.08371506174,100000,49.47986521847963
265.75864379696617,107.29219123005697,3.0053303840450784E-4,293.1541172852222,178838.5970303174,319832.63547904574,99999.99999999999,49.55335545699563
291.8497494535026,70.80231621925681,1.915924980917826E-4,293.15239918964767,261589.0417312267,1590366.3715941503,43121.9254565578,41.8993108270414
287.7469483202461,77.04707634280817,2.253654819076741E-4,293.1527311025988,244870.71871034006,776825.8139077165,77255.79540077172,41.783610590750875
303.8780955528766,64.45015129626687,1.4012494844640384E-4,293.15189563449763,327963.2514946643,1111162.4216138523,96819.90436899902,52.64796784384462
299.8348346145391,70.79011882383148,1.7153435342060942E-4,293.1521799599636,352934.25623584265,1915596.5348144798,65133.62002393499,47.41336902543043
315.82335639180843,57.948689543386884,1.0996680150613196E-4,293.1515184807343,264590.91579329845,700098.3133507287,100000,58.06681072027266
311.8170467452148,64.37214465950747,1.3138005841871602E-4,293.151748178264,306307.80066053534,938405.3418848845,100000,55.27442475231556
327.7703690379643,51.445543956007576,8.414208786338362E-5,293.1512090462783,208312.74192649862,433948.9047783126,100000.00000000001,55.48101691047818
323.71467951661,57.82328874827418,1.0094485331120467E-4,293.1514059734314,238714.83360053002,569861.427123724,100000.00000000001,53.65284136081346
335.5023409470996,51.000501171204476,7.582073256791432E-5,293.1511189652876,186395.2564083489,347435.0156625071,100000,52.28064618678173
339.595367716703,44.562471980249896,6.23605532477037E-5,293.1509612320064,167439.2421663973,280360.1491640653,100000,56.670864668176684
347.4986732447134,44.2664494609904,5.5611253330758396E-5,293.15091049863344,151416.41182251507,229271.03050572122,100000,54.2970392993588
351.6825662465326,38.25002217842007,4.500488070624499E-5,293.15078514659496,139051.94332846795,193354.54026054914,100000.00000000001,57.158205168669504
363.2090711485889,31.834920150243807,3.0572438066495925E-5,293.15063526172986,115142.86691716067,132586.19785267717,100000,55.45671280286331
359.1867170285701,37.607960516721306,3.915927555645912E-5,293.1507500884663,129006.2389779756,166430.35815397513,100000,53.91013990248428
368.1086472611802,26.453374998597475,2.2891815530690432E-5,293.15052964336616,98968.38434465931,97950.14230888554,100000,55.92286615656196
368.02052026819183,31.966159500547473,2.771309054953762E-5,293.15062404429904,102939.4396732343,112695.20744305631,94028.59617986431,51.017094837300434
374.9092605442885,25.22863071702579,1.8615371261141036E-5,293.15049122762423,82199.81575924055,68380.60062113647,98818.12260452744,50.995933292588
380.308786567725,20.006029491802217,1.3214991927284003E-5,293.15039546302586,66734.82235678924,44596.36403723735,99873.83645938967,48.791118120408655
387.5982234594443,17.981711087492503,1.0280946337514814E-5,293.15035185273837,45730.68827941906,24167.243684373574,86542.0886270765,40.50832825522435
392.9986847677105,12.197947001785291,6.7750982616736395E-6,293.1502493219695,31672.080354971888,14801.677468591663,67774.24648297782,32.61242751777876
399.9999999999999,8.026866692307731,4.575508399556922E-6,293.1501689293495,12525.566735877595,5908.07294429464,26556.11885233111,24.87634658649216
215.99999999999997,195.74279395938473,0.015329184783041716,293.1518179272122,17672.018232692648,492775.70217800856,635.1051114568909,22.816387229047788
211.99999999999994,202.22066397969232,0.015320719890057078,293.15097810374914,10869.227626896187,427800.0104566288,277.12822995965763,21.129895355089246
207.99999999999997,208.69853399999997,0.0154982447030624,293.15,7674.0926001436665,430797.5185854982,136.8313011059998,20.30410256622
219.99999999999997,189.26492393907714,0.015342957699461373,293.1525280794742,20375.413475290206,377668.99137170194,1110.189972125221,25.111179625154364
224,182.78705391876952,0.015330659748977736,293.15314696585784,29922.478433749202,511771.0442030255,1756.6482931636608,28.009769315667267
227.99995631993937,176.3092330470439,0.015277338060943736,293.15369241666036,42660.20575464384,988236.8014697026,1852.7574259543292,33.52979301990417
231.99845327652588,169.83398220061684,0.015132700507434082,293.1541352958266,57021.22861129148,2601590.211336333,1256.2459662757649,44.737292073045985
235.99395204160658,163.3653629217135,0.01471038997237173,293.15446955308767,73588.00599081397,9203276.847138772,588.8512666413412,58.88257571200757
239.98627718681163,156.90866431313935,0.01338703778475789,293.15472972068966,101364.13832163945,3.891648586741681E7,265.4715047853795,66.17291675080959
243.98040217831527,150.47211552443568,0.009528186418158233,293.15492980375944,128313.23761724068,1.1508248278394806E8,143.18017717528878,62.11879941230183
247.98773445057986,144.06576087177055,0.0037179738361475217,293.155019328607,129486.98591205453,9.312033645035863E7,181.74773442608753,55.500804083891914
252.04496828052058,137.71587480829402,0.001020299329343897,293.15495932911614,137293.3443699011,1.886965370644299E7,1001.2900945366658,53.76238190466524
256.19601508125993,131.46216020576873,4.7001350773831437E-4,293.15480225276946,149562.20077272624,3917335.196680548,5788.654537538354,52.57076698353517
260.4538669251037,125.32001381928963,3.566277905208787E-4,293.1545880668469,168553.9773271522,1173383.1799760417,24404.800671985693,48.15309734234426
264.7980093303501,119.2637511026516,3.2509859765175085E-4,293.1543325793027,188045.4870239078,473794.3016504708,75008.12940388266,43.80819943046796
269.22158592168216,113.25588641836912,3.1046982847908147E-4,293.1540608182035,199787.37725410683,399415.01790880715,100000,44.86513247809746
270.2937479449142,101.28898796562379,2.8802342566568243E-4,293.15386178329226,178725.11049927477,319427.6037477168,100000,51.5597891567303
274.8407379671025,95.28947184581914,2.748184620919897E-4,293.15360456296617,183533.964024044,336855.2386348276,100000,50.8053513024472
283.5737726320855,83.20656500908278,2.446644694855458E-4,293.1530457753731,228656.38211810935,526648.1309429134,99338.96567049314,44.12660569757938
279.2839701045147,89.27872897990692,2.606473344538631E-4,293.15333560331925,199443.0763536346,397807.9875651773,100000,47.65780754109733
273.74807277700125,107.24688053214923,2.96650872542854E-4,293.15379828835677,198311.5122090953,393276.9844901992,100000,49.27384508723626
295.75990942721455,77.04903106292693,2.0822973280991693E-4,293.15248086008995,320159.6345389554,1257169.4008474562,81783.17248005513,45.67675259697089
291.64912251142715,83.21995248433409,2.3163389892581377E-4,293.1527722129233,272544.8215054244,743332.3394410923,99999.99999999999,47.45890137737044
307.8132996769945,70.79043524021536,1.570812467658756E-4,293.1519995949155,363752.7368618378,1500939.349393544,88470.78622575595,50.54790963321245
303.7665432409925,77.09095951552898,1.9255414685373038E-4,293.1522712043375,372167.8968040827,1764909.2094364495,78809.96914905541,47.473409402359465
319.6991506275303,64.21652241961583,1.2041265671710839E-4,293.15161734406144,278324.5139233453,774658.0492427746,100000,53.366816399428785
315.7695424614888,70.7402111868805,1.4353648799671136E-4,293.1518451249156,314620.1026606262,1077950.476690175,91911.74971750134,51.11086931894217
331.5144246873792,57.65958361650202,9.122021898795355E-5,293.1512995147337,212467.29198248507,451430.86943078524,100000,48.990174140957265
327.5749446806308,64.06260106415245,1.0831044457915557E-4,293.15149321721634,245332.14729696224,601966.8028363097,100000,47.97006177853263
339.0819152701992,56.90326545365909,8.101073376918551E-5,293.1511963021042,183662.2609588137,337418.6349195423,100000,47.665171148149284
343.30218629726943,50.56204532883137,6.762601563062481E-5,293.1510465518606,165971.33792639914,275472.13291144936,100000.00000000001,51.54718398287457
349.84523399285536,50.01911330713515,6.083182385886204E-5,293.1509993437141,149978.67156019635,227286.53290402907,98969.40590824629,53.47348016653871
355.44211140324654,45.07618367877834,5.03297953761549E-5,293.1508950594477,136363.5529975025,189802.93741607174,97979.84000473075,53.80819591706417
362.51130202543686,43.09683862938821,4.272113522616232E-5,293.1508421970557,98409.47871382724,130649.05467991214,74134.39821577104,51.949451156185646
367.8719289287105,37.22844716696889,3.267847495167072E-5,293.1507207510671,87781.62573313569,105358.0726909209,73140.92667093489,47.444217735665795
373.5789539933649,32.107786407349124,2.433358670482515E-5,293.15061152369736,72993.14007960331,72379.72586321693,73620.1976464493,45.47717054728229
380.5829103311969,28.199770844171624,1.7873479623954268E-5,293.1505273815467,50124.409122912,37007.53365245595,67909.84657772446,42.666295381816205
387.0989396010791,24.508392914341982,1.3553978599022423E-5,293.15045662214385,33215.506211270265,18480.065449164355,59702.49235042789,39.29094310796717
393.53483517114427,20.486721675570138,1.0406804465845928E-5,293.1503867175077,19762.51494190015,8758.771441410036,44591.32927194756,33.487944700812925
399.9999999999999,16.053733384615416,8.118717496129946E-6,293.15031232469187,9459.446338672538,3831.6885932164805,23358.121783873692,26.724265423244688
223.99999999999997,195.74279395938473,0.015433134756808709,293.1516887962418,23424.995996439746,138222.2231969423,4010.0311156261123,27.53286209533675
219.99999999999994,202.22066397969232,0.015448817708616792,293.15090850808105,10870.061548403659,82590.74679850643,1456.8148062421142,23.528631890189754
215.99999999999997,208.69853399999997,0.0154982447030624,293.15,6863.584128987181,91569.53386570608,514.6901042787961,21.175815589819997
227.99999999999997,189.26492393907714,0.015417686172409817,293.152361760011,40320.04021493813,222786.79218468163,7324.494672130197,31.695508826553034
232,182.78705391876952,0.015393125874737066,293.1529724515387,60068.828516737725,417714.4452686117,8663.273361772908,36.08431885503757
235.99983819559162,176.30945303362122,0.015346349188795516,293.1535144527674,80830.81519896079,949371.0939000378,6920.849217135573,45.059543243537156
239.99868812087368,169.83423942973457,0.01523574458980305,293.15394637425464,95937.51246462578,2524592.9657785622,3680.160754571443,60.054172203098766
243.99538587508107,163.36526364632098,0.014896608360554625,293.1542818854477,113537.85820896701,9439220.10679367,1372.8210631773507,70.33299992704384
247.9890151698755,156.907697133171,0.013647101627217112,293.1545675785781,153210.08902728662,5.21219057763614E7,451.9365584948091,66.41768809843857
251.9833319671865,150.47033653872163,0.009068274627807871,293.15480499615654,196357.07430201033,2.1283155187063298E8,181.56536925945286,54.867670030911654
255.98939584011663,144.0641312648659,0.0027671942126664775,293.1548756927441,176994.5848008246,1.0374464959610747E8,307.4496464428602,46.82577278215177
260.0229132483984,137.69366330520603,7.95121973628467E-4,293.15475841084873,175951.74619046156,1.5300915739305759E7,2050.1209904858556,44.84530392398876
264.18578640308834,131.46385254532325,4.2759557827055705E-4,293.15454781261724,195136.00039074084,3569765.485148557,10802.404706921887,42.249481761772635
268.41825083819015,125.31774810337228,3.467019806422154E-4,293.15428569995953,207121.93876749356,1073352.3993359273,40210.21978154996,39.71223126562467
272.7205554252361,119.25632278392416,3.2207743047486716E-4,293.15400395533356,219510.69013919096,490099.6042224942,98830.77816435134,41.22624519618706
277.0999062799441,113.24055919629927,3.066288637466157E-4,293.15373989452064,217002.20325658598,470912.8091270502,100000,47.15339421603034
278.4451998450069,101.21450408927744,2.8217847798547917E-4,293.15354378100386,200620.29693226563,402493.57379535603,99999.99999999999,52.54153767499428
283.09037515452843,95.26444750162456,2.669995717304462E-4,293.1532934198819,212652.53223644127,452234.2802699201,100000.00000000001,52.735956300365935
287.45709273983704,89.30894506027668,2.505770083860108E-4,293.15304141550956,236902.96760121375,561274.4905669732,100000,50.53044778928932
281.6829075038632,107.19354695781402,2.912054372295444E-4,293.1534962813967,213535.0495851317,455979.6019879545,100000,53.49922005855144
299.6790729589565,83.27845026145616,2.1958087043830418E-4,293.15254356481023,304554.11461468,929255.465407129,99893.7365776155,48.79911827378518
295.6355863281477,89.38323912624314,2.4049729217334435E-4,293.1527934777046,265729.5799702375,706176.6658548628,99999.99999999999,53.021602547144106
311.80603973743683,77.28090518953852,1.7755509703735174E-4,293.1520934036126,346905.5789062363,1867606.265733348,64470.26167864267,47.81650982124
307.6972445276998,83.34103700715755,2.101926159313203E-4,293.1523435791991,320720.5944216687,1148265.0520077457,89636.6248746069,47.80268343544247
323.49533396942957,70.35219931549346,1.2879236350359484E-4,293.15170093457226,249445.76756438776,741051.622728526,83974.868071118,47.71424437938154
319.66885047758655,77.00427965954451,1.5934447947303315E-4,293.15192736138016,252404.0647983494,1346465.1361764797,47448.66994903869,45.87638149648342
329.97132785014287,69.76761170029269,1.1608664402696064E-4,293.15157823612685,171674.71088692357,474627.4507430759,62137.146013285135,42.93430110896734
335.4422986717708,64.72230130571437,9.778673574527436E-5,293.1513886131729,174599.76331586094,381669.9776887057,79912.93797377821,42.93356872073092
342.6088438659643,62.617679058554394,8.491502726739983E-5,293.151256192943,112771.83103577622,212216.7483607643,59950.17990216189,45.26386239324624
347.7669785367049,56.9962422164991,7.147813644672815E-5,293.15112099679806,121382.33750220678,198978.64879146023,74079.337281308,52.40362355012497
355.2162204823424,53.19464585057655,5.996556553610134E-5,293.15102570653335,87120.6313666567,125991.46526089318,60254.898676601595,59.753068424236695
361.94743836871703,49.19812159212681,5.009331763648836E-5,293.15094617067047,60553.44782167873,84058.52546065494,43622.86106830064,58.668965999461086
368.14208441417827,45.14520652996336,4.087344964704703E-5,293.1508663458838,41953.26548116643,57363.46998956549,30685.295200924284,49.86362252824438
374.15885617101713,40.485880878405595,3.137835151885324E-5,293.15076733739767,31581.094240319322,39292.94898834239,25386.883308411543,40.596162254719836
380.5018664931585,36.15190138553523,2.332435118248114E-5,293.15066928502006,23481.784840592376,22472.425882246593,24541.107441165976,35.688179070739416
387.04667760391385,32.21587631486896,1.7626833082670177E-5,293.1505855111122,16615.745124437974,11187.149508842214,24680.97485978533,33.27286029156273
393.5222044730508,28.160248072146437,1.376951422515835E-5,293.15051072799855,10406.763868245307,5082.324616112577,21313.340317909922,30.527750960829234
399.99999999999983,24.080600076923076,1.1377247041342638E-5,293.1504427785651,5268.3007328158965,2099.1566540671643,13222.36728586675,26.434783198811516
231.99999999999997,195.74279395938476,0.015451759296421784,293.1516073723981,66374.62096995913,217014.23043697022,20311.273165969204,33.628884287116314
227.99999999999997,202.2206639796923,0.015470320397391242,293.1508708224838,36268.44265193752,134352.6107863726,9803.743185742438,27.898129045846613
224,208.69853399999997,0.0154982447030624,293.15,17927.87595277357,102661.97553353007,3130.8956490500045,23.16289742614001
236,189.26492393907714,0.015432784170236026,293.15225450871213,100509.37926502312,358196.3596229632,28213.75537473153,38.16979957791111
239.99999999999997,182.78705391876952,0.015407481922193654,293.15285344244154,130387.18852165883,639622.217299805,26609.48056007287,43.141307762305296
243.99976531232087,176.30961184017553,0.015363696880562472,293.1533787295579,159852.5559597769,1434941.6600138096,17849.212251414807,52.48715609125742
247.9987841543999,169.83439029842538,0.015259794465010579,293.1538000154156,169191.1645231193,3739038.108623916,7698.968479137347,62.99210687345245
251.99601975841,163.36496981224096,0.014916324610626598,293.1541496202176,171606.4128800361,1.3345020024628228E7,2227.988408075083,64.28044142979628
255.99006279935733,156.90706400365858,0.013485962188618894,293.15447732678155,221205.88096937773,8.456875272743176E7,580.6432233852632,53.54280960877899
259.9844876621332,150.4698034861274,0.007815990705300214,293.1547418937635,265625.86870321515,3.244280600898077E8,217.54950429196296,41.36959392939725
263.99340429628296,144.06679156292586,0.001975364771494471,293.1547279333062,205900.44673646355,7.895335595571963E7,542.0210810902134,35.368709214446916
268.0473770881317,137.72308427245585,6.425564931364275E-4,293.1545130615876,207704.09150648664,1.1788771470654005E7,3735.222838004393,33.874351778494436
272.1732503883333,131.467024393609,3.960025467776379E-4,293.1542330342608,222267.33360095913,2836354.262033174,17618.125147264338,33.74962204135277
276.35491767490976,125.31066139173056,3.383172392168099E-4,293.15394102985596,223272.0945246628,849523.4677540786,58999.85418854451,36.87617166307905
280.5542896432936,119.25968859353532,3.1749417288504805E-4,293.15367909227365,229007.94926000308,525359.3903484204,99985.72782032879,44.312990872382336
284.73448064624944,113.27439909788104,3.014371095921118E-4,293.1534563023888,224849.73254192635,505579.8166952431,100000,52.82930973157892
287.0412190525855,101.0173392685696,2.744417555693533E-4,293.1532401484223,220643.8651539509,486850.9487239684,100000,57.19665549371039
291.4729955561401,95.47057232800668,2.5873169581068517E-4,293.1530234102948,236704.7634282202,560325.8597678103,100000,56.68365179341726
289.04335716391284,107.17452798123412,2.8529772580513545E-4,293.1532499525957,222675.1852695177,495846.5797067764,100000,58.651397551979905
303.5556206492677,89.57526254615902,2.3259155901657685E-4,293.15258767371455,280685.2402980972,787961.7185643595,99999.99999999999,52.17621484352666
299.9879351209645,95.44299465734164,2.5044990247869104E-4,293.15278633397287,251235.4569169938,631224.4978041787,100000,57.67766040275888
310.18703456218054,89.23118933399988,2.267830137498902E-4,293.15242037675137,289373.94074566814,849353.3920140803,98619.83006468126,48.92220756433315
315.83350599253805,84.3952739027012,2.0482523343141873E-4,293.15218434401805,250216.9151287841,1219792.5744248868,51556.10202385981,44.473452563001445
323.14242071782945,82.40562017029387,1.807201618377875E-4,293.1519842212422,160444.71850369935,1049840.2012446544,24528.488757770858,39.93065191252802
327.9714390782422,76.76964515109448,1.4058820350372402E-4,293.15176438026305,127709.91441543239,579319.0610681154,28189.350865348388,39.64636586258649
335.3726228506408,72.93131166500872,1.1488938561653236E-4,293.1515494571365,77044.43211149685,231028.67999695873,25695.01409865144,36.634231599493745
341.99461141564535,69.08149959217212,9.707317541833597E-5,293.15137119909997,55050.73233320207,127750.8248529103,23724.37899196196,39.17246910708915
348.3453860576676,65.02054314049579,8.304449475379841E-5,293.15123181289886,44427.52494120717,85918.12582249811,22977.75419134212,48.71881515241903
354.77989952691814,60.862737128645264,7.128213936045183E-5,293.1511297090831,37107.26147765327,64383.34613329068,21396.717699086144,61.88688735686785
361.4589040879711,56.790434460687294,6.118314415339141E-5,293.1510522721814,28965.547746104334,48577.24020645224,17280.396315347767,69.2734936643585
367.9686178643708,52.68330674472842,5.171889735634291E-5,293.15098323721423,20390.62356309855,34582.99917296357,12031.84091300507,62.96495475532725
374.25069666888567,48.31559733966414,4.158057982011894E-5,293.15090601733306,13689.810670849984,22947.238054890444,8173.143798830489,47.92604888526566
380.6285071033314,44.17653660314878,3.176578307355176E-5,293.15082060659955,9084.29016005165,13142.079090663254,6291.8401822761,35.10708263462033
387.0485315236627,40.16943986183443,2.3845372709050772E-5,293.15073204126196,6630.699351426293,6942.257960336491,6361.543793455156,28.913995169771976
393.52313170341034,36.14975837304659,1.8349291807868125E-5,293.15064960786884,4741.337465891123,3426.7805613603687,6599.13301474144,26.43326323246663
399.9999999999999,32.10746676923077,1.5032887908224085E-5,293.15057640782555,2550.11780594169,1295.1732381511795,5029.674739849225,24.31599017112859
239.99999999999997,195.74279395938473,0.015455142044498818,293.1515387945279,184767.80655240137,544802.0346379196,62668.40662421536,38.15115412101904
236,202.22066397969232,0.015474481368603394,293.1508409300263,119423.80196699593,376735.0998259304,37861.63302981359,32.26519254716998
231.99999999999991,208.69853399999997,0.0154982447030624,293.15,68738.1739805878,299675.0696873151,15766.969823439786,25.90023814995999
244,189.26492393907714,0.015434612775836786,293.152158049039,235696.39443667527,759815.6611326053,73126.51418142581,41.19312432446815
248,182.78705391876952,0.015408248642169317,293.1527308409746,248771.49934793144,1098699.2108329015,56361.980769561815,44.3930306717331
251.99982828619466,176.3095719242717,0.015362990514366159,293.15323234968696,258839.94744058605,2254859.485960263,29766.86968063336,49.90595008273024
255.99899224198592,169.8341881867143,0.015247343539247718,293.1536537910961,245308.22669071218,5811407.312264149,10428.041770075173,52.4946883947915
259.99584432029343,163.36448083780982,0.014824640584400616,293.15403750526457,230011.25403536845,2.166386504196284E7,2473.7145393260375,46.52061258036195
263.9889088040123,156.90650225553904,0.01287821238602581,293.15442167636814,286108.52693777846,1.5657137599031156E8,529.0643161060308,36.3945990485468
267.9829351892448,150.46998036524232,0.005904660375682929,293.1546516805376,299563.1924838873,3.5609163301673895E8,254.2190918971676,29.354726200293154
271.9943527364767,144.06966693343068,0.001380690437201189,293.15448444396685,203145.6972754371,4.4598105270794146E7,929.6027225544398,26.78098087917877
276.04901663226053,137.72443887201632,5.346184012430429E-4,293.1541755259696,216508.67491628797,7894217.001238496,6075.486954321698,27.495789360302798
280.1567629472225,131.4470858414839,3.71771632673303E-4,293.15386764233335,230117.52330387422,2051634.032891662,26049.519319736908,31.617975927148905
284.2485536969008,125.26430284054297,3.29904405646296E-4,293.1536061279043,229673.9339040964,670002.7050470709,78999.03496540549,40.096084808472824
288.26210739056694,119.30027854352255,3.1163236549731666E-4,293.1533964024389,232793.53704391225,542342.5536347178,99963.41907309233,49.85044938422589
291.80511684007473,113.50954545027177,2.9620971235581797E-4,293.1532295401139,225984.56366328188,510699.24010705156,100000,57.007250448349645
295.6111202898815,102.39078066779435,2.6972527509233174E-4,293.1530020777496,230372.57222936666,530739.8889493473,100000,61.00312565371075
295.1756517736109,108.91337432890109,2.838311465225636E-4,293.153087114731,223669.25135045877,500283.3655252075,100000,60.689573877466536
302.9770031037122,101.31140539720616,2.6157947675809195E-4,293.1527950938963,233384.1755112443,544688.9893351188,100000,59.19821681568173
308.1698290372682,96.10015216361985,2.461498648704812E-4,293.1525944414511,250064.6996910984,625368.1827522755,99999.99999999999,53.851331014075654
315.6911403429736,92.70762170698778,2.345496355838916E-4,293.15236267936797,230753.96988054505,629963.798738066,84531.92662493444,45.448474039163386
322.64181158205986,88.7962642513863,2.160333587684144E-4,293.1521324041601,125309.48510964213,576941.5783953856,27233.995723995893,37.68656468316356
328.79714377387705,84.52161852663336,1.8158695345487383E-4,293.1519133769646,73439.96974754249,529453.1417831142,10189.291711857199,33.32481792472898
335.1437266965795,80.59566778574562,1.4513165191783756E-4,293.15170542607547,40619.390400083284,232230.49231703804,7126.077950235688,30.682228059092257
341.74258808761374,76.61911391357246,1.197223250379703E-4,293.1515069043616,26538.194408945415,104153.505238152,6786.322955764391,31.422428426321233
348.2703115989478,72.70033508637711,1.0375963974369852E-4,293.15134369284897,21634.601073929935,75087.64528827759,6266.965769213522,38.58253324763547
354.72470127037394,68.65353963474105,9.176437533693589E-5,293.151225344854,18890.98156184611,65657.98385389903,5469.318123478616,53.6198556058413
361.1672067264492,64.52101746887188,8.173660935514053E-5,293.15114197778917,16136.82854780696,57164.00809961309,4598.848535873615,70.11439181534223
367.7021334344173,60.46355757543477,7.319942265646781E-5,293.1510774806548,13424.197106457153,50647.280437088746,3589.7463414574127,73.28709317083543
374.20193722614727,56.348807069049585,6.410067683719153E-5,293.1510169933271,9090.553209811724,36303.43843871256,2287.971461414352,60.970379957428804
380.62286296619783,52.19651123011389,5.298391869803094E-5,293.15095042958416,6020.030376843599,23823.468145277187,1524.8875103463758,43.445731451652044
387.06495067524895,48.16639932273368,4.065224158388505E-5,293.15087510099346,4549.062666632321,14930.998286467575,1396.4504796085546,31.129444964708522
393.527341421525,44.158686182580134,2.972669754924775E-5,293.15079529468767,3008.6377272425634,6708.88118589961,1384.6402302746972,25.051733875042533
399.9999999999999,40.13433346153845,2.1881950665531843E-5,293.150719568038,1436.3439085642588,1765.5309469453487,1208.4041313596906,22.55043754274674
248,195.74279395938473,0.01545420468796369,293.151461263612,321865.3990262668,1036134.0097733093,100000,39.728052289103495
244,202.22066397969232,0.015475484993524219,293.1508030596888,295700.04474745377,943884.0779299573,92664.48976074187,35.04945917714329
239.99999999999991,208.69853399999997,0.0154982447030624,293.15,194755.4557190122,780471.2439391775,48600.52417889965,28.441616740499995
252,189.26492393907714,0.015431143089354985,293.1520427826219,337589.4771536812,1140254.9152246972,100000.00000000001,41.408800467198766
256,182.78705391876952,0.015403410270067336,293.1525739761999,337199.1312498266,1486186.5228966412,76565.38851209647,42.14917390196266
259.999828055778,176.3095588952854,0.015351946526459076,293.1530491145783,330478.2700629945,3300595.7666980973,33187.08778877631,41.91024221464102
263.99879985196446,169.8340130786407,0.015202430778656345,293.15348114421664,276845.7291980163,8442672.114364764,9189.716355463182,38.22158746721715
267.99421483607483,163.36375795455248,0.014587050695122986,293.15391032850357,242710.73900246876,3.386822493436447E7,1759.2907153451927,31.643849801430758
271.98443185366716,156.90514761755767,0.01156539615314301,293.15431923410864,309938.93917485245,2.7212796238104206E8,361.6146600948554,25.82840864248971
275.97518570850616,150.46836221756757,0.0039158277613424025,293.15439149483615,281196.5965275318,2.5222194070184374E8,321.6792880487683,23.070818516437253
279.9810667556529,144.0650365266841,9.796852988970004E-4,293.15409853480463,181117.02922556782,2.2481921170938518E7,1482.196009489997,23.157706545094836
284.03463760094485,137.69531142444308,4.625677688652072E-4,293.1537775325747,204953.39677436196,4845718.142393132,8833.940819743475,26.83552215960277
288.1776339636162,131.34226050405093,3.529531810431373E-4,293.15351290418533,213335.85848168828,1371463.249066367,33403.974066080234,34.35676079170929
292.3148035652962,125.39261138813757,3.2160996524655954E-4,293.1533095014211,216018.23215653465,548937.5489693917,85098.66997252726,43.717116642317556
295.9641002917858,119.15081530312366,3.042602025127919E-4,293.1531510643825,226670.26269829329,513806.1897503387,100000,52.471328459658444
297.7098379292916,113.30375588564216,2.9078464676438937E-4,293.1530566950407,219828.05301597225,483248.04386216076,100000,57.70027099136804
301.99857609343417,108.31176433248916,2.7722660425148516E-4,293.15289763161337,218738.24391402464,478476.1613624877,100000,59.13721888411528
309.05909422867177,104.34943687599662,2.6449632019592443E-4,293.1526821150093,217666.52212640122,473791.3729318509,100000,55.148610424106515
315.5284321508194,100.36000762492901,2.535006589688545E-4,293.1524841892138,212876.45118860833,475708.7403215658,95273.44737430454,47.38968084257552
322.264141995089,96.5103655473938,2.4330219712549877E-4,293.1522774922642,101780.26282156589,268348.9661617205,38618.42920738864,37.81623118904174
328.8204922814215,92.45371175872006,2.283933103927615E-4,293.15206445332143,48496.35008664865,222404.30721830114,10592.621592482896,30.397290363776253
335.2187747698161,88.47523502817484,2.0330055392644335E-4,293.1518548099491,23523.206635683822,198213.59854620273,2811.18258359917,26.2385158449715
341.6837828007208,84.49318121761445,1.745278661670405E-4,293.1516520030331,14612.912362236066,153481.18165298624,1420.0668811210153,25.254846661568223
348.1871970460102,80.4992874964409,1.6138816204207382E-4,293.15146977941123,15190.82393418654,186722.10458515494,1247.5385697744587,28.733017601191502
354.66838318074565,76.47577039069542,1.5655392111509327E-4,293.15132796812276,16890.984617168073,250886.75676977358,1140.7163440670317,39.166297249475065
361.1315746033085,72.40947631294956,1.5264451226761433E-4,293.1512295109449,17976.143401748708,301884.0533863358,1070.9599105968127,55.43691812699229
367.5961628990126,68.33170827204829,1.4735763828297764E-4,293.151159900503,15895.195986797937,285209.46641760366,885.9778067776591,67.75767595423461
374.087564536812,64.2673470332609,1.4277194204912356E-4,293.15110374395425,11089.148013216743,213251.80389405994,577.6230816068254,66.4875623047527
380.5797478861998,60.166522491095435,1.3532605785837416E-4,293.15104957211224,7459.294419475226,154020.392085198,362.7944671610375,52.227429435623485
387.05929720629325,56.1780833634933,1.182872981359006E-4,293.15099162748265,5758.428039398382,112919.65699199292,295.40665484383334,37.110339276787535
393.52875684364545,52.173812297288606,8.68195412220151E-5,293.1509264524932,4328.448412089198,63603.63375235035,296.7437700608298,27.476030816241746
399.9999999999999,48.16120015384615,5.206587716041557E-5,293.1508592842104,2138.855795344424,15862.70235714066,292.103223852993,22.782014724626396
256,195.74279395938476,0.015451977463638661,293.151376519796,354467.4090314564,1256477.909990607,100000,40.46600831678446
252,202.22066397969232,0.01547538298439037,293.15075848942473,346397.0843007303,1199966.9730447615,100000,36.55141988961589
247.99999999999994,208.69853399999997,0.0154982447030624,293.15,342707.36846324155,1265095.8862157061,92879.69642523985,30.295563851560015
260,189.26492393907716,0.015427064238334376,293.15191316546475,364122.28019047604,1326747.3862560156,100000,41.43890357873597
263.99999999999994,182.78705391876954,0.015396376237197596,293.1523960646437,350640.88098673505,1826553.8519741234,67397.0667899186,39.757631178012446
267.99967039788675,176.30947002690826,0.01532868062016435,293.1528434683109,305844.47598396713,4052482.121420937,23211.01047460826,35.43042387501297
271.9974927703157,169.83336757293208,0.015103610629834298,293.15328160619134,243118.86437086228,1.1303831526417686E7,5327.355679186411,29.401757649110696
275.98918162191814,163.3613971689771,0.01405532191391766,293.15372294290063,222075.353499278,5.683404355562672E7,869.5397635612999,24.28185323099032
279.97258427269776,156.9000584363831,0.009212773989461855,293.15403813300424,255490.03137871277,2.942955582935628E8,223.23758666575074,21.74333991104676
283.9525570939278,150.4577307650972,0.0024992766222429,293.15392822993044,210904.71793911522,1.0638135591541994E8,422.91493163302056,21.604648450414473
287.9399768447616,144.0368806618876,7.445361386075616E-4,293.15364012801496,145660.55142934792,1.0913910759565076E7,1978.606663679075,23.416719082972147
291.95025933960244,137.61936084981588,4.1807519659842267E-4,293.15339514249064,165078.64848002107,2710280.9355221526,10177.492553148726,28.44057187232383
295.9634622122772,131.1684956431891,3.3923951977522186E-4,293.153210695473,167926.18918806512,846754.6457368458,33421.24476736687,36.269999537869474
300.05622883838345,124.27102969249856,3.1105972712969E-4,293.1530556485125,184585.81944694175,423494.7145117877,80830.27725947804,44.97412168308125
303.6057446475521,116.6332800134251,2.92468243143365E-4,293.15291964364775,201668.06041089568,407109.3803819171,100000,51.75028103681535
309.685797274565,111.95058327149094,2.793153749829726E-4,293.15273230402687,195217.69847134454,381155.5435633121,100000,50.54521608508818
315.81117720211677,108.170426700021,2.6950248807055714E-4,293.1525547866265,161005.40434468343,302821.5974026732,85615.58796892827,45.615251391038704
322.2130256207894,104.3313769355804,2.619853249011949E-4,293.152370710085,83161.18242722447,172297.1098305317,40193.542195632,38.03898866097802
328.693408825466,100.40928828029382,2.576704492638393E-4,293.1521793151974,38608.22050552251,118817.3090980143,12604.992445384785,30.039857458490427
335.1984757751985,96.39160520929666,2.608363217466686E-4,293.15198166514125,18244.53000811751,127578.07653609525,2655.450612811588,24.68883990087963
341.6690272910996,92.395625671039,2.8718554242040066E-4,293.1517876450924,14702.634983254315,314240.85029072204,696.6130827772922,22.660124590137865
348.14139560736885,88.3743093635468,3.5397074017876924E-4,293.15160463438247,17206.27508676857,925548.6560128381,324.1612389217192,23.242680846805197
354.6167971656455,84.33392672383668,4.235365326958601E-4,293.1514465533662,19084.729212290113,1546879.1056856767,240.0626935629614,27.7295980819373
361.09061060375296,80.29902198642105,4.6967144634266976E-4,293.1513276015043,22383.579526210815,2138365.3059236105,238.86059483204704,38.41167395877563
367.56928241804195,76.26462006964434,4.837833743748087E-4,293.1512447346668,22308.799149317736,2170710.2781055816,232.98244007620755,51.36801652880632
374.05117870329514,72.23820280079741,4.7890734607647817E-4,293.1511841685488,17552.675884480992,1589688.163221,195.47423407874933,57.81851149372688
380.5398819865628,68.2019037445371,4.5913226718547606E-4,293.15113349628285,11808.338330830122,926644.346788294,150.96886606065615,52.80490026453281
387.04204249666776,64.19885014261767,4.15747786189433E-4,293.1510846925299,8130.836456750799,520595.7046386663,127.06064256335345,41.37280368419752
393.5244885313366,60.19499988155695,3.309859685108989E-4,293.1510327874135,5906.0784981872675,294767.00350345153,118.3870095142466,30.790807327203485
399.9999999999999,56.18806684615384,2.0975157266793718E-4,293.15097850866204,4127.750573274007,143003.90306268772,119.31651987922906,24.246278380876806
263.99999999999994,195.74279395938478,0.015449615370961541,293.1512975256325,369919.90307827824,1368462.7819013912,100000,40.26877117275159
260,202.22066397969235,0.015474373966505172,293.1507171971013,366148.3395569658,1340652.039952309,100000,36.89918887282034
255.99999999999994,208.69853399999994,0.0154982447030624,293.15,361482.35003044066,1306697.0348471368,100000.00000000001,31.239898822280054
268,189.2649239390772,0.015423674521410219,293.1517906324766,347168.4646413915,1356278.7190800735,88955.41176352637,40.589778152742404
272,182.78705391876952,0.015384129177795221,293.1522308993687,278234.24725743016,2000321.5629739212,38799.530507304764,36.91400754931019
275.9989311989029,176.30909407798518,0.015279729702194211,293.15264961165593,220005.88485604074,4531135.007468151,10788.80556562537,30.705963547650356
279.99377288018775,169.8316399959905,0.014877136846993008,293.15306363344547,166133.1838904357,1.423514332250081E7,1970.02266928407,24.98581125872133
283.978097883997,163.35607456275386,0.012861598282883574,293.1534286785591,177998.42862336166,9.574794683514808E7,334.6110176695265,22.174725196879788
287.9476658140282,156.88787245131002,0.006442528434426172,293.15355793024696,182485.3864843452,1.9200438562858853E8,173.85527322812402,21.898175700588187
291.90350237015923,150.4311410647415,0.00173016991903553,293.1533968189776,136744.89284306203,3.969137924754098E7,472.40617041987065,23.045728376546432
295.8481386426817,143.97901957359633,6.249850315462172E-4,293.15320411363194,103806.21538141569,5416991.01164996,2008.2435420222907,25.262634802738418
299.7624974293794,137.49962238682596,3.936397490713948E-4,293.15306021519604,113149.52956460534,1472418.531520822,8759.412756438369,29.558720894413785
303.5193501373858,130.88608903780573,3.2979233695655595E-4,293.152950374485,109597.09592323999,487093.2635492881,24732.2814983727,34.8524519838557
307.0219104734516,124.26979847059069,3.0492884202430406E-4,293.1528496755455,118944.17170250126,276544.80488064646,51189.33364829847,40.035181270161864
310.35378429247305,118.56946659734558,2.910298046971109E-4,293.1527466248369,140879.37033008534,269981.5618250762,73524.20213799393,43.38981681694621
316.04147638344654,115.85032666136887,2.836983968271946E-4,293.1525873896425,93813.98275426753,172087.80173110883,51155.30175233115,39.82833735602309
322.34709476440037,112.1811328828631,2.781292601069071E-4,293.15241273422174,54619.64262797734,110461.96687240167,27077.88479673323,35.302254042728464
328.7459963396548,108.32987864313048,2.8003028943350376E-4,293.15223740547714,35501.10943961281,123794.57366474158,10306.935685334982,29.961789431730093
335.1764414143755,104.3855674008424,3.044394705542376E-4,293.15206348494917,25085.683550903017,246325.81676618996,2602.2671064027313,25.22480488409805
341.6521429018329,100.37284824599611,4.0694945741769523E-4,293.15189247729046,25104.886870803446,985054.0435038088,645.0886871984156,22.737616977321892
348.1285315436552,96.35450891083214,7.061083366614661E-4,293.1517267286631,23038.708513918926,2392558.0338404765,223.76946466290147,21.919570937204895
354.6046874616617,92.32763554408542,0.001026240812277916,293.15157173631815,21952.744110094794,2499342.2224786994,193.80345603507632,23.251402901326585
361.08655385364506,88.30070417931368,0.0011808463403485301,293.1514403599011,24661.880657923084,2599881.360531904,237.39865175175655,28.094430626367437
367.569266859929,84.28247600238674,0.0012294321606260749,293.15134135250577,22876.426003059543,2268799.618732466,234.55390531294324,36.20123892296147
374.0530808559466,80.26255369983207,0.0012084011338583606,293.1512696306532,20643.008550580114,2038817.6457749307,211.45727497508946,44.416643046699086
380.5390075559391,76.24360701653926,0.0011301865245118116,293.1512146309026,15742.645188026601,1527722.9451520916,162.72760038288985,46.07947309957024
387.0303985794385,72.22992510660194,9.971639461211041E-4,293.15116735119756,10977.201113604067,982335.4810780869,122.72887705476455,40.2595392459828
393.5185047414381,68.2215350415864,8.181228646320619E-4,293.1511219433741,7998.903754084622,604006.1289165432,105.9951019634368,32.03268829516366
399.99999999999983,64.21493353846154,5.987100328502628E-4,293.151076382399,6334.282578338839,394172.4757060944,101.80826516852669,25.46676822371738
271.99999999999994,195.74279395938478,0.015447199209573286,293.15122488388687,317230.12140170793,1169948.299720437,86053.49822090467,37.174421254486454
268,202.22066397969235,0.015472761898414305,293.15068046944316,374790.14285458816,1405063.7485897064,100000,34.6155943912459
263.9999999999999,208.69853399999997,0.0154982447030624,293.15,386883.9607544803,1496939.4261728788,100000,30.246086564520052
276,189.26492393907714,0.015416657610581417,293.1516808578499,219321.81844210767,1090780.729752349,44152.42091016312,36.53088092152151
279.9993983692583,182.78684773947842,0.015355263508516306,293.1520870508638,155829.65460013683,1751702.6122646446,13936.677684259017,31.966836423847838
283.9963540127984,176.30815837531347,0.015160932228229973,293.152468784426,129667.79257979529,5144670.948433821,3306.5182223220067,26.589752209506795
287.9859102978243,169.82854240772133,0.0142878505311822,293.1528107349218,121265.83762156095,2.520171200764604E7,584.4659343084667,23.63930484182937
291.96021751222935,163.3481182038962,0.010595998388275614,293.15302648473374,120555.84268342341,9.647229830781241E7,151.0350390406526,23.925781316062356
295.90829476602,156.87039129362472,0.004605905927417309,293.1530299013018,113291.31972078436,8.313041419487187E7,154.61823436074766,26.04737816591319
299.82393957498647,150.3952359265432,0.0014128377185100406,293.15292722590766,88244.6454015051,1.9083474118535776E7,409.0973942497897,27.990479200180065
303.71128083182646,143.91915927995248,5.854558876695238E-4,293.15283646631974,66175.46657801808,3065459.2204028084,1432.4048653215393,28.80862000818126
307.58377299571333,137.43489024854043,3.878137194813128E-4,293.15276706867286,66116.60488706386,851562.7173425169,5173.04663656745,29.52869885536322
311.05007945629166,130.9534679268974,3.2776287510284365E-4,293.1527081495548,60685.84669913672,293735.13871611573,12603.105945650748,30.99230565001883
315.5854230828433,124.09467579911802,3.0206644040973784E-4,293.15260118577584,51696.82257581745,131644.40329027147,20349.530346734227,32.75154701556798
322.4655816842812,120.13567471737468,2.967586120732023E-4,293.1524121603316,35209.541019416945,99437.06119492697,12548.353740175304,31.030952812396865
328.8509840880977,116.27875187183153,3.048403949628162E-4,293.1522442139746,29572.380972002604,156836.63567861004,5674.958698935391,29.62055798879999
335.2333022357842,112.36013780709126,3.528293327057957E-4,293.1520901360498,28239.443028607522,464340.62214580853,1733.3721494734134,28.16067797354398
341.67225740759244,108.38063224762966,5.390387572028251E-4,293.1519493061539,38216.160737625214,2724872.0989252026,551.5319116013908,26.442034256635285
348.1395068297175,104.37190810156069,0.0010313716974441956,293.1518136166808,34169.86163317675,4015459.6497115754,291.8379336163336,24.2195262088001
354.60947046548426,100.35383362068075,0.0014056722831813243,293.1516779047951,25302.979881935953,1507202.0570577893,431.77224941672904,23.51521408353756
361.08830710915794,96.32978923532418,0.0015362625363170644,293.15155109238736,23614.491517405622,665171.2491383224,838.8745166105608,25.254682247052212
367.56972849160525,92.30883147001474,0.0015770907174322906,293.1514453867234,23033.764264093934,470309.7214572555,1128.967933467805,29.571478264687034
374.05504946821975,88.29321130412512,0.00158312383935371,293.15136330907694,19788.06359216492,391585.89539932244,1000.3705653980586,34.79979399746315
380.54066180460967,84.2769427550018,0.0015653921587189467,293.15130009421256,14529.089433000636,347179.2252032357,608.4281195170605,37.72328967103163
387.0278336588488,80.26243053307583,0.00150862373364663,293.15124896726024,12556.407727618875,465068.20499252155,341.99287656582504,35.970871900925715
393.51512881769895,76.25086321467475,0.0013740428993030383,293.15120419174815,10032.324374252168,573248.451314098,176.3425032598726,30.762033441125272
399.99999999999983,72.24180023076924,0.001139754780967663,293.15116205831845,8131.190687006121,576529.35493914,114.76446021727718,25.39054658456997
279.99999999999994,195.74279395938476,0.015441488699681606,293.1511489489442,138997.6508567337,590052.7864324792,32754.50048236652,31.40390386172596
276,202.22066397969235,0.015470223228394671,293.1506392583492,227172.97093926533,870812.7500193263,59270.01591849299,30.23973804436642
271.99999999999994,208.69853399999997,0.0154982447030624,293.15,317646.0373569377,1423314.0425333355,70902.87733636047,27.364829148520055
283.99999999999994,189.26492393907714,0.015396088901313618,293.15157590269246,102538.8889740875,792116.2826431538,13308.25126476145,30.000814460817164
287.99777011139605,182.78635485944812,0.015276745722960628,293.1519530728003,84543.00758258557,1956553.7723314306,3680.5662693863455,26.87526610362744
291.98976190233924,176.306358827707,0.014804620324640737,293.1522845563191,79710.65803650247,8569104.998477729,743.078152620335,24.98230249528487
295.97146421045636,169.82439076597302,0.01276160430431014,293.15252595530615,79978.29412047064,3.742875807915104E7,171.43899608733315,26.622140650750236
299.94294440396675,163.3388806495444,0.008205744966498804,293.15262363102215,75543.00424523964,5.246019884094749E7,108.84374745939739,31.85274823752685
303.85418669660316,156.85364275780444,0.0038146518153948307,293.15261759117624,71446.46688766523,3.792328289842197E7,134.6505574460866,37.65109641775416
307.71147139134064,150.36704059440788,0.0014056489230184126,293.1525825347864,58303.74988391792,1.2533903194067083E7,272.42957939897764,38.318827513324464
311.5397866483319,143.86275091509114,6.228786923451944E-4,293.15255086375277,43238.296784464845,2505307.1889603683,746.4680959798426,33.70333089138554
315.31234931967083,137.37419220837884,4.077694085271645E-4,293.1525163193914,36961.193335318334,644448.232539718,2141.415734987806,29.39770147944398
317.60380230596957,131.596281194222,3.401750682678628E-4,293.1525011994007,37064.48541763706,278101.61200526485,4949.2012134973465,28.17462491716418
322.9488471146776,128.13788445391964,3.3277943582014083E-4,293.15236505218223,24594.486375091292,163207.62958849684,3740.6323567542927,27.99277699592717
329.13303447060434,124.18169547952039,3.477318045647225E-4,293.1522118039213,20820.999678249642,220224.90956091648,1986.668294197147,30.15090556104033
335.39386615896416,120.29590674900065,4.311977545871184E-4,293.1520755659139,26095.096450593162,835952.0657834454,817.5366754445171,34.010559720585086
341.74947914322274,116.36197440620433,7.273811292126238E-4,293.15196096213714,39500.44022707304,4181858.1623379453,381.13554308543553,36.3315317227624
348.17657569599805,112.37957482772968,0.0012792576644563433,293.1518568425229,41716.81256615719,4086117.749227173,437.69139925648614,34.00487957206701
354.62126941844275,108.37919935336453,0.0015491082812476903,293.1517504385981,29882.0757312507,830612.9990720823,1076.356832292315,29.477770804504505
361.0924767842904,104.35900197910769,0.0016321029618759175,293.15164043047776,26687.460654469865,266478.7991121477,2701.047753116962,27.52404651585562
367.572833168866,100.33800007262307,0.0016577867808979553,293.15153974880826,26678.97286241112,152763.29384536293,4700.245074868515,29.421899030614338
374.0564810657313,96.3218030018081,0.0016655719053275738,293.15145666816676,24697.03382675529,112147.24858853233,5486.315887268938,32.25154392850612
380.54151593156803,92.30683016572624,0.0016653294769573936,293.1513891511618,19951.96279723303,92811.53913709713,4323.954425257936,33.43267737828338
387.0276345174303,88.2926893957053,0.0016566230920493032,293.1513332576615,13553.567593525115,83831.62563632934,2217.913964703843,31.733582142585224
393.514100011963,84.27988740453702,0.0016304526422659044,293.1512858801714,8816.560925381837,100131.87376758398,780.0811353033067,28.248229992409083
399.9999999999999,80.26866692307692,0.0015555988617085576,293.15124370865203,7995.961516937273,224669.3828599466,286.81122479413847,24.421782804412413
288,195.74279395938473,0.01542413692176695,293.15106794872025,55258.57844379558,357825.6790125799,8547.588495882812,25.909351458141945
283.99999999999994,202.22066397969235,0.015465432221794986,293.1505886458249,79777.84438837727,356815.57056089205,17840.96453143063,25.513250064425804
279.99999999999994,208.69853399999997,0.0154982447030624,293.15,130502.93709526527,670185.9037168315,25412.46160220033,24.067295683300035
291.99999999999994,189.26492393907714,0.015331725012504122,293.15147536627404,47378.63655208609,821741.2086547391,2746.401326442854,25.31938635846559
295.9929314948655,182.78507201840037,0.01500117899127523,293.15182821216854,47477.37391134331,3603885.3815268516,625.967665729254,25.110477415047423
299.97776498606197,176.30392171764345,0.013667478301865538,293.152106818299,51729.44442402734,1.6011435589667156E7,167.60456653164582,28.121078708567428
303.9510540652212,169.82112382822595,0.010506769198247667,293.1522715800204,54474.32514629319,2.747729062099946E7,108.04102362866934,37.26909189120477
307.89569856817707,163.33434610665847,0.006777873649639201,293.152336202336,51092.844037530835,2.5439575956433933E7,102.63555433520513,49.381663921553525
311.74149628725223,156.85471946572216,0.0036642431066043605,293.1523528354144,48285.857539126686,2.0184330844106648E7,115.60686320493794,54.70976452574724
315.58542363369673,150.34652095807564,0.0016705519564096875,293.15234949723595,39918.54899765153,9732735.517260795,164.17772483431824,49.168486552288364
319.2990743099561,143.76295733406525,7.796026713196112E-4,293.1523366101012,30602.959046901902,2978423.764160017,316.82641911458114,37.29875905115051
323.14696193133597,136.50929469306223,4.6304266727156243E-4,293.15230365847,23618.995411591266,683333.4289971717,818.1743542828425,29.758892757431063
329.6537087649928,131.91951171654873,4.669859974580853E-4,293.152163827126,18254.027163584695,602585.0528785255,554.4140287774763,32.033350439133805
335.6648371065517,128.15723812427743,5.961509249599686E-4,293.15204624416765,20134.85135620316,1306543.7542573998,315.21867706433255,40.88973046399667
341.9103304691872,124.2898188892232,9.841591098534834E-4,293.15194926913233,28772.211235839222,3299951.6724294294,251.07139255926748,50.67986069488084
348.2552430979156,120.36362121911758,0.0014411954309771363,293.1518672670206,34510.4364891221,2102420.7090757075,577.892630686685,51.99422648184393
354.6541381198856,116.39655050131489,0.0016133238619416236,293.1517875430621,29729.882288486795,451020.99157773965,1979.995971742322,44.673610314858486
361.1039270195345,112.38986281356917,0.001664832821616059,293.1517007080343,33893.70991404223,178054.41025121883,6544.244846045111,36.01709462152484
367.5776366588274,108.36898742198144,0.0016809433942739282,293.15161131169606,35521.538983481085,91419.73445771518,13897.095580853134,33.46973721243439
374.0587104551618,104.35055738454277,0.0016863506415231901,293.15153327543845,32385.74106832143,55175.75672872391,19084.72856944987,34.8308413597593
380.54241379483614,100.33519121285252,0.0016877651768100806,293.15146927416384,27890.991436059383,41119.93936567325,18992.225491140493,34.570965157055184
387.02781222661105,96.32123778059065,0.001686691247997549,293.1514147586729,20201.849599910904,32203.84259013479,12779.146707101767,31.18072251848474
393.51392730588736,92.30802055513425,0.0016821732286011436,293.1513669944184,12703.040687445464,28353.291043287372,5753.226332967756,26.911084189881
399.9999999999999,88.29553361538461,0.001668945921039535,293.15132481048266,7443.4381212142425,32580.105467999936,1733.3630832574029,23.389507489636117
295.99852511767705,195.74207785827193,0.015361150325280569,293.15099563211567,22540.555709723514,380209.69212791766,1340.4125240104238,23.090419443087935
291.99999999999994,202.22066397969235,0.015451174400704747,293.15053785849904,24551.246467682864,165260.5162317935,3654.5743999937663,22.543049935874237
287.99999999999994,208.69853399999994,0.0154982447030624,293.15,42156.458923270904,267316.12628546014,6648.232441542099,21.832006694380027
299.99436308784686,189.26297619663058,0.015067179119826241,293.1513924970631,26503.67154253535,1872773.8728120553,376.0387178252933,24.101678914296414
303.98260787290246,182.7825903188713,0.014014266904884392,293.1517244637389,37814.120727471185,9090345.914520683,157.52109226716058,27.692719394525877
307.9622549328729,176.30193270384817,0.011735845031562912,293.1519595084764,39731.78543728099,1.4728305702205746E7,107.21268266471061,37.16560520467771
311.914858739892,169.82265007045234,0.008864140963474142,293.1520903213111,39111.463974805454,1.5209009302893767E7,100.60873971663783,53.12041778449156
315.76986272029785,163.3505071418263,0.006086640019523241,293.15215321165783,37461.698719896194,1.3927862826225406E7,100.77085572208182,67.09471934649319
319.59584055046264,156.88537392512626,0.0037774662253427763,293.15217952078933,34160.825788257454,1.1168052264437458E7,104.5518153075028,66.29136092893187
323.3129074633825,150.45792385924258,0.0021401394861702027,293.15218350079084,28826.786971960304,7088729.411110069,117.29106734850893,52.04020231484565
326.89701686331864,144.02706137054108,0.001177355759309776,293.15216529415085,22116.681765612742,3346536.67454803,146.50005863374986,38.482926894666896
330.20086847824535,138.55004363664165,7.970905910016631E-4,293.15212383570235,17553.61774605249,1648160.2553455194,187.9498662291355,34.81668337606197
335.85670811092683,136.02447349833943,9.647377382183166E-4,293.1520207197902,14644.903281834248,1451888.5071610406,148.0965628067655,43.237647350315676
342.0713110136247,132.20448820567063,0.0012561837045955183,293.15193234295975,16711.734325727277,1533411.2865765549,183.36171222718244,58.82373947271077
348.3698826010543,128.3215371815892,0.0015459727459587195,293.1518618923961,20149.944014833378,701196.5528084994,581.4557765546133,69.98081089746375
354.71605125583756,124.39642569392402,0.0016500317045330289,293.1517985998755,23130.81664866235,216127.50902292682,2512.737550432186,65.90089451808738
361.13204924119236,120.41415600742842,0.001681249357402554,293.1517320238756,32982.370065084375,108311.98468316726,10162.835206452386,50.62369805430205
367.58765131403237,116.40185597048969,0.0016911018451507811,293.15165818335873,40842.853608844685,62737.554829233675,26715.071365388427,40.33407736155825
374.0629638565465,112.38080974947177,0.0016943476945005097,293.1515870905568,42953.4163039191,39255.53449860802,47065.961897483205,38.52040401644576
380.54400464308884,108.36369739528921,0.0016952679894276714,293.15152867863793,38686.44752355677,26399.632275071814,56728.20350502915,38.59582273966095
387.0282170925672,104.3490117769748,0.0016951836706215143,293.1514807183626,28701.498398882333,18422.150633421796,44773.82750478571,34.51053781655156
393.5139461089061,100.33547753569155,0.0016940420238862233,293.1514387814703,18733.49050472994,13877.559158675218,25379.3306208135,28.360575313554364
399.9999999999999,96.32240030769229,0.001690824514173795,293.1514012384362,10644.705454596007,11592.302839696777,9875.783066851125,23.56872626628807
303.9951228477717,195.74053761749602,0.015075721545246971,293.15094393974147,17922.852300647268,1374048.6186313499,235.09481972896575,22.787363770604983
299.9991723395159,202.22018177351313,0.015390805894637044,293.1505002395451,9099.642708141182,176370.17018763837,469.75216225200637,21.473574664614244
295.99999999999994,208.69853399999997,0.0154982447030624,293.15,10961.654649790493,113222.37555184537,1061.282230727211,20.793197238580007
307.98400873958974,189.25958976239494,0.014162110366330244,293.15133052713765,24901.97505917677,4790146.273146568,129.50517708111772,25.453796808867363
311.9636258907257,182.77787159643174,0.012448877385822956,293.1516391315386,28771.53856023429,7972460.479571473,103.84941061697349,32.27203153832105
315.9367783731006,176.2974004878279,0.01022627444455136,293.1518445676226,31005.51798276711,9585481.957473518,100.31321941265402,46.15562943355365
319.80735411137636,169.8342788641254,0.00788960005982593,293.15196132033776,31342.034607126672,9820903.973948719,100.04145707759119,63.31447752908945
323.61505721789297,163.3905146592034,0.005712737917539425,293.15202226558034,29439.324246938584,8651240.704297839,100.18618583319103,69.87739958237574
327.30546012356,156.9915877144831,0.003894379524086007,293.152049718866,25712.751866606366,6545493.09915723,101.01585149273888,60.83907482455239
330.919513304105,150.70795261524947,0.0025467837651502803,293.15204855304415,20615.269540851437,4125330.2320041866,103.05395668934717,46.85476374409887
335.25273711796,144.12734239957382,0.001674303227159965,293.15200857181463,14297.605254828082,1915714.8579012896,106.81057723579241,40.990966824045294
342.1642980292104,140.13226156925532,0.0015956261982050374,293.15191454534005,8995.044739550998,585163.4177469478,138.7558252064581,54.25205658061332
348.4790339337992,136.28644782568995,0.001643243729160336,293.15184854806324,8764.988222926622,182773.53481891938,422.1195716682517,70.95724933934706
354.8197668710877,132.36208633903806,0.0016800306054338234,293.1517933687291,12316.251289229462,74519.11789643952,2065.098104250744,76.72958578050385
361.1790719001103,128.42698395438825,0.0016935939435598444,293.15173962326026,23455.152583097526,53339.2943331833,10397.876207051806,64.95241751009928
367.61092056583584,124.42948459292545,0.0016981393519226943,293.1516805417553,38004.875797847424,42542.06806041306,34063.22031583582,49.02935013282269
374.07184564104773,120.41302397044632,0.00169939042182754,293.15161921314024,49961.88833201721,34195.35534793528,73067.57532794132,41.516310150460235
380.54756216627953,116.39343134760179,0.0016993388743503691,293.15156644964196,49038.809694689415,24949.095049099047,96589.92709355037,40.91808337101136
387.02927956282224,112.37716560806945,0.001699010823966306,293.1515252214895,39476.47265789833,16731.127380283455,93268.95210150782,38.45357118198465
393.51408895205594,108.36271868403185,0.0016984638247510458,293.15149174734165,29367.528133168584,11377.207696226353,75853.89870824503,32.095574557923385
399.99999999999983,104.34926699999998,0.001697157738411416,293.1514632716419,15875.870818970734,7309.693213096832,34536.79110070028,25.423893161200112
311.98784059292103,195.7375452371517,0.014350673975636758,293.15090490018173,16001.455979309036,2348658.5313217994,109.03613959232918,23.26455108696662
307.9972540701771,202.219171134081,0.015148505689198679,293.1504759823583,9721.953564819782,678093.7488744339,139.47453285048508,21.514335805029834
303.9999999999999,208.69853399999997,0.0154982447030624,293.15,5936.1209343171695,172308.79163323253,204.50664600800528,20.5914628373
315.967745089836,189.25414636752302,0.01300606723618008,293.15127364003234,21435.964005063124,4537679.582490916,101.27044033685335,26.816418031877458
319.9366007396199,182.76974671579555,0.011234372760871733,293.151557634101,25316.689195084753,6402767.544481457,100.1173398241831,34.979889140787115
323.8652836397331,176.29089984593296,0.00924227088579403,293.1517434584668,27218.887145332395,7408618.733883674,100.01509322069582,46.994455075854425
327.6813891908224,169.8502913526975,0.007243914435512832,293.15185185762016,27000.744937534288,7290683.500655022,100.00601327782174,56.46674694036859
331.34597871818,163.42079349771652,0.00539618386247455,293.15191135173353,24810.590001887944,6153547.384993955,100.04022805372631,55.897187479211105
335.0034338030392,157.08134538637478,0.003832069053645254,293.15193434743287,20802.232496221222,4316500.532612796,100.25537464027472,46.109400542996944
337.3135878971692,151.37432151023432,0.0027402950750992088,293.1519438402963,16436.66899090207,2650556.8808058864,101.92883938462268,41.63500871430517
342.5842800442295,147.9719924527727,0.0022096504656566062,293.1518846829674,12156.086451256146,1287765.9723223776,114.7579672389977,43.33590631578327
348.7424830316601,144.17733641601683,0.0018332865239553268,293.1518242797861,9055.70118789534,336955.2253893501,243.82534510884327,55.637812062115735
354.9614578110747,140.29294672579786,0.001726320927685427,293.1517746181821,8594.077412348377,63769.84262987506,1176.903678763783,67.30294520309575
361.24800575040825,136.41966823123653,0.0017089169674978008,293.1517282668992,15707.747526317587,35791.95624407137,6940.540842605209,64.95073336996052
367.64714967105607,132.44998250675437,0.0017055736381106233,293.1516795804669,29214.63289694142,31244.85261363127,27375.137763531264,53.6590662729546
374.08949543600664,128.4426836469378,0.001704418802429145,293.1516289927597,52319.75393123078,36989.13498385292,74059.88415986927,44.12124591066554
380.55534076007274,124.42429973159841,0.0017034709433912498,293.15158379671,58540.94144867722,34275.94943420059,100000,41.40812450627808
387.031966289152,120.40639230962834,0.0017024921460584812,293.1515492431285,49385.87775986761,24390.184230704228,100000,40.227253667513416
393.5146596625494,116.39038001416861,0.0017014965779865324,293.1515237998685,40228.69391502946,16188.779409517667,100000,35.407746453230125
399.9999999999999,112.37613369230768,0.0017003735690380116,293.15150505162006,28713.144574266338,9673.587855644984,85241.38191608849,28.37713738996628
319.97492305482257,195.73280593257186,0.013633735274766107,293.1508621837435,17596.98513103048,3088483.6060047112,100.26357652724965,23.44369676417079
315.99309904371825,202.21729753811155,0.014767664390731822,293.150455311664,12668.236004364278,1578077.0205854233,101.69850670564709,21.64943940422398
311.99999999999994,208.69853399999997,0.0154982447030624,293.15,8759.16641437161,717149.8551058173,106.98328870540013,20.640740816520005
323.9495250202194,189.24634321128553,0.012139960866930187,293.151204953499,21751.84526407075,4729137.689365941,100.05612337671643,26.537162722039223
327.8808671863377,182.76197189486066,0.010396126875224029,293.15146472653595,24452.889265060057,5979613.894793522,100.00539853401047,32.25356294199502
331.7438796820028,176.2869358024103,0.0085356296196953,293.15163709251186,25509.343194733996,6507662.5606750995,100.00067572697868,38.671527511195706
335.4338102145072,169.8622199524998,0.0067011852085288965,293.15174179664217,24917.48156548791,6208717.582030449,100.00671954873928,41.057111816190236
339.03672175925857,163.34880192104058,0.004962102402291268,293.1518018383577,22726.522692509985,5157528.072766283,100.150149853853,38.013758647725574
342.8254598792923,156.21724395907313,0.003328005296093458,293.1518293658691,18788.770294689642,3413198.2022123863,103.44467837096212,35.30594103483936
349.207114310085,151.80344886248253,0.0023030164285711553,293.1517799783817,17012.576442410023,1941579.5131125476,149.24546015890465,38.45583015875979
355.19077645640533,148.0851025678805,0.0018518463687873037,293.1517370799848,15519.414827314766,467111.7677763659,516.1015693459685,46.34419378754154
361.37998378371867,144.32788105329772,0.0017419307493494846,293.15169656429845,18929.180893764973,117505.28366828019,3079.1225010805606,50.99555009356621
367.6843608334677,140.46811588669578,0.0017176563105730373,293.15165584331385,28306.599991090072,55021.979080173944,14624.545813880066,49.02599528971417
374.1192887244793,136.46348616339552,0.0017108325863551142,293.15161500470646,44351.52893203966,40642.41477566514,48427.49266216555,44.140681549476874
380.5687154231685,132.45403944451263,0.0017083414689497577,293.1515794324245,63028.04205563903,40270.62791488716,98777.43499291381,41.473082623065686
387.0378037787188,128.4362706844878,0.0017066447302173631,293.1515531960319,56364.52945764983,31770.227485813517,100000,40.08016792518277
393.5161829878661,124.41888680610657,0.001705064509126339,293.1515360071389,48919.76997571604,23932.317145546116,100000,36.72454907835192
399.99999999999983,120.40300038461534,0.0017034345779233533,293.1515264809214,42996.01455516558,18488.29106466527,100000,30.616927717990905
327.9543531651041,195.7259226857307,0.013103129472395602,293.15080575414277,20157.857305085345,4062995.017259009,100.01236492713018,22.753292653688103
323.98554283281936,202.21423291169492,0.01444925525065581,293.1504296540483,16823.845283890376,2828348.7374228556,100.0738163246315,21.52903818436957
319.99999999999994,208.69853399999997,0.0154982447030624,293.15,13792.718035886595,1898642.1447535295,100.19743679300001,20.673133836300003
331.91267730531155,189.23809409900116,0.011511579490193683,293.15111661565294,22912.02029310241,5249732.373630788,100.0011518665466,24.465063036902123
335.80932472035323,182.75606825729648,0.009755043110675791,293.15135219780024,24659.244131601958,6080972.964195765,100.0001653620342,26.90325572517845
339.48963776672224,176.31464805887126,0.007937167770074414,293.15151528914436,25261.75952486668,6381513.56386143,100.00338166688744,28.621689131748905
343.05516126912744,169.9315983029491,0.006133133171405315,293.15162027612797,24775.673002769367,6132701.487953935,100.09429850533108,28.62572371097153
346.55576829401616,163.57949417905616,0.004408260316259728,293.1516848928509,23492.762809917036,5425262.475116745,101.7335319828091,27.548733683243814
349.8405902500153,158.22265372557115,0.00307534339454523,293.1517122213465,21852.262117296465,4183351.628615354,114.16125794166763,28.93952471299329
355.36002648325206,155.7242125785815,0.0022700740192242983,293.15167015720914,23708.506816103705,2678846.5247878158,210.41015599182722,30.748299514404724
361.49501699118406,152.1793808029051,0.0018500054638457316,293.1516364454213,25750.059944382916,657666.7360528001,1009.8165241209234,34.754955816435455
367.7881146278054,148.3780741359239,0.001747979387037668,293.1516048785266,30356.26778156895,180827.45656926095,5140.404666131857,37.906793325626786
374.1570231453057,144.46732893393116,0.001722718198193045,293.151575256385,41433.80726485717,84672.65872590356,20357.12247065175,39.722669833235386
380.5914952711975,140.47611203321716,0.001714651794496607,293.151551143361,56055.3205720825,53382.52478243314,58932.07635371463,40.15870005738981
387.0472881727717,136.46605614929615,0.0017114646691707045,293.1515353551268,58360.847494310954,36097.46433089913,94724.8514871918,38.98904251511601
393.51943098040323,132.44786703796908,0.0017092279558672916,293.1515279014836,53760.03244121621,28911.33237266335,100000,35.77867496214258
399.9999999999999,128.42986707692307,0.0017072101757511357,293.15152816753795,49915.80750076641,24918.62709775477,100000.00000000001,30.838702757609116
335.922905905296,195.7140591858932,0.012698541419877194,293.1507368111406,22490.78186611504,5058396.035574633,100.00014614076882,21.617791783197422
331.9739579766953,202.2088478914479,0.014208918237348983,293.1503966404591,20211.275950580628,4084912.109326555,100.00152106870861,21.082506166539673
327.99999999999994,208.69853399999997,0.0154982447030624,293.15,18055.93735766238,3259862.657211916,100.00941514380001,20.560694136540004
339.8516688406657,189.22474850144715,0.011006820937692745,293.15101417235,24396.274884485505,5951847.1071199225,100.00002751473365,22.079882696558375
343.6149065544944,182.74982946329132,0.009193141111342522,293.15122784864667,25676.901964177523,6592998.666531909,100.00139836137406,22.70249606521642
347.0896590357606,176.31337040808197,0.007324465026337115,293.15138574903654,26305.793263062267,6916718.248827877,100.04732007857393,23.001895123004974
350.3774610687173,170.01655770868774,0.00546921835701232,293.15149774739433,26527.77940096463,6986908.287728984,100.72427129443935,22.766318632412652
354.764550532431,163.68407782826077,0.0035319386254353538,293.1515621954931,27372.372250132445,6644834.502548903,112.77855441063343,23.388987312789347
361.5354414798955,159.91880980960852,0.0022807445298987056,293.1515365108192,30660.222953613265,3521884.2772793304,267.89451902725295,25.094860951233922
367.8834290965126,156.25073959149037,0.0018589907053861885,293.15151761387943,33346.96792402639,843616.2304885673,1321.5339735563778,28.232395514375586
374.22181074802916,152.43165716210083,0.0017569565149856564,293.15150380421727,39856.71397441654,269846.14226131374,5958.370261719439,32.05193224530459
380.6100556126441,148.50201505264303,0.0017285517499625645,293.1514950865556,48754.4239314585,121357.96592828578,19755.01753867148,35.5467572966875
387.05997600427145,144.49558440339658,0.0017185089759279729,293.1514925718316,55225.36761689622,64861.03755817243,47190.67055829301,36.233171282800576
393.52414931350773,140.47792723676125,0.001714088639256329,293.1514968616545,52873.230963202885,35635.319146348826,78556.10187406595,33.55069090185315
399.99999999999983,136.45673376923074,0.0017113777624090032,293.1515085414717,45446.77219799172,24221.68837904034,85371.41024773568,29.23679450857182
343.8682358307085,195.68644517330912,0.01235735096500882,293.1506656878919,24675.05712301258,6088598.6609042315,100.0000077632205,20.731424968424168
339.9636409231147,202.19835618683024,0.014016970925901083,293.1503601754079,22980.08461356144,5280849.692416142,100.00001241416383,20.55225428388584
335.99999999999994,208.69853399999997,0.0154982447030624,293.15,21350.1839998194,4558299.018588371,100.00011110039998,20.349746364759998
347.74017275720144,189.17272603518984,0.01054323555676098,293.1509138068745,26199.22938441114,6863991.180993178,100.00024531315302,20.924794879198533
351.3772447024592,182.66678273159576,0.008613472477317986,293.15111005518185,27458.796380670992,7538760.815594934,100.01460250490835,21.102889901459733
354.28932206314164,176.12765160432562,0.006630239091021078,293.1512739717823,28439.147738394473,8063465.4497498525,100.30289377324304,21.18029937340185
356.5103052178268,170.46315392945274,0.004905859143022938,293.15139199982497,29410.434942647284,8368525.706834252,103.36290970650923,21.447081313213406
361.724112019315,167.51066575410073,0.0035490921697423406,293.1513886037878,33637.83666719368,9001441.957128407,125.70817229154876,21.839287903831153
367.98551375667876,164.16378230231265,0.0023678832017948958,293.1513832559796,33976.398638100276,4479017.313361578,259.0661881602112,23.023181755696005
374.2812807520983,160.4189741212425,0.0019027995621300634,293.15139004090867,37098.297159246016,1214266.2464460374,1139.3867483225001,25.696872457660152
380.6355745072933,156.53038402686076,0.0017761830820776814,293.15140256901617,43677.10577355649,414666.5646523033,4665.864497429516,28.94487954522762
387.07783773730375,152.52480720583793,0.0017380673552920697,293.15141861736794,48665.52976961691,179209.4317183907,13416.941474914187,30.853799142714024
393.52722471920754,148.51404208417495,0.0017239893501714806,293.15143811895115,45455.41313287778,79625.22920205566,26221.39673715975,29.968058402314977
399.99999999999983,144.48360046153843,0.0017175454013351507,293.15146381546657,36602.3508132442,36952.82527327289,36423.95988047202,26.88501511522428
351.7901693337467,195.63029746639324,0.01203746819059831,293.15060289136073,26856.694336594315,7212817.579220276,100.00005263475622,20.797707259814473
347.92975405865633,202.17682286692886,0.013848395204315439,293.1503268179411,25416.19593478041,6459831.519840777,100.0000010897005,20.38384099182505
343.9999999999999,208.69853399999997,0.0154982447030624,293.15,24063.65122005228,5790593.131594725,100.0000020724,20.18338402132
355.60720779672926,189.05202175412165,0.010070502527401754,293.1508274621693,28337.714924185188,8030117.706949483,100.00181234873776,21.396555696538936
358.9817553277202,182.32920217073942,0.007944681122894289,293.1510171808168,29890.79577329887,8925861.718879767,100.09809181842333,21.820502593110422
361.3921816212299,174.9754628535345,0.005594725981638256,293.1512051534709,31783.951858446846,9903569.51809846,102.01554376805747,21.557184347293017
368.1344075992547,172.44898209454308,0.004134072869583575,293.1511912268943,37251.868764152474,1.1848756141196573E7,117.1372949925203,22.67877935822976
374.3544924194195,168.4343585739904,0.002641138457491998,293.15122775601026,39265.966595760096,7187637.912430477,215.71659073558098,23.416085013077588
380.68756020427503,164.55411211505708,0.0020114398031213713,293.15126377431665,36888.24807883752,1999909.671000325,682.6941660402196,24.51016903664203
387.09824732633194,160.55935634757958,0.0018193820613867505,293.15130373364997,40308.261309728136,681147.0499552527,2434.541897910796,25.673214938599298
393.5387883353205,156.54468493000343,0.0017577826972859855,293.1513440724613,39919.54945429793,264477.10087125626,6154.809831780484,25.715498228313976
399.99999999999994,152.51046715384615,0.0017342371884844843,293.1513878644648,31964.867212103258,100244.4706534741,10385.691947021707,24.25797390436743
359.7099543556224,195.54853260791648,0.011721822038813145,293.15055311859504,29080.56093162787,8456768.317552706,100.00030563653307,22.615549451066716
355.8826303996479,202.1446490819189,0.013689069049257962,293.1503010533231,27698.920654247162,7672301.74892291,100.00000639401709,21.08526179073908
351.99999999999994,208.69853399999997,0.0154982447030624,293.15,26479.592997501273,7011688.453881311,100.00000004199997,20.326142202659998
363.5115694019066,188.80936684351238,0.009559521114705568,293.15076045764135,30732.29910105769,9443793.01522629,100.01031176950823,24.679004885567398
367.6280071226074,181.2820851845651,0.006945639847651114,293.1509523990364,33489.47744629156,1.113698632627246E7,100.71196804392456,25.18187722631765
374.29831596567226,176.44500193755613,0.00481253625837923,293.1510279135668,38632.03863239337,1.359080968879868E7,109.86094650705161,26.082026297774522
380.7403611970749,172.57431565983066,0.0032019486050440357,293.15108313293354,43288.59531516606,1.1549785811415175E7,162.69371002640528,25.50618416942362
387.14178208460265,168.5827718947469,0.002275973627287793,293.15114540931836,39213.761047683634,4471226.068992579,345.7953581493107,23.986137989459152
393.559062551629,164.56940288632128,0.0019303370582923996,293.1512088806268,33394.98059607064,1296034.6681871915,870.2890669230568,23.007871856012386
399.9999999999999,160.53733384615384,0.0018054067599058393,293.15127371283506,27869.797014464642,419480.09643338365,1904.3686625896987,22.17218856470183
367.60544530027056,195.54278397956966,0.011445216131500525,293.1505146819589,31239.593675444088,9758999.240967402,100.0013716734008,27.790096118711947
363.85290084617725,202.1129721392602,0.01353803920464937,293.150284221454,29865.837625011336,8919681.239071023,100.0000334271622,23.790059040811613
359.9999999999999,208.69853399999997,0.0154982447030624,293.15,28722.539710161804,8249842.910811496,100.00000016799999,21.178702930099984
371.4521434289382,189.03823491244538,0.009219059106138613,293.15069808657046,33056.72684995886,1.0923911136931464E7,100.03301757950884,31.03182781421773
374.8796434476078,183.17162243750965,0.007065478261256861,293.1508423770131,35350.958190567595,1.2399893348028857E7,100.78327886957348,30.83822294335775
380.96647420990683,180.58192972800464,0.005811899712557522,293.15087918243734,38381.196134581754,1.4223519552421207E7,103.59229610807601,31.28840453261651
387.19771909105816,176.61292824649252,0.0041705695768506626,293.1509573960588,42005.70756525197,1.4511712250083765E7,121.62656087405946,27.83211129769876
393.5831585336988,172.6042337629614,0.002917801704158524,293.1510393728533,42224.24584405505,9859112.038768854,181.8345370739519,23.979864231275158
399.9999999999999,168.5642005384615,0.0022316812079615665,293.1511222153304,31290.79598761687,3385722.703672845,290.8811299087132,21.606049106362548
375.3326681700973,195.63481740145414,0.011240912237629914,293.1504870357864,33091.02148970164,1.0949779654745204E7,100.00350473754382,34.6548804581744
371.76110998241774,202.11840384832576,0.013413246816839556,293.1502736587195,31804.669744687097,1.0115361508992568E7,100.00011225126,28.794051835661406
367.99999999999994,208.69853399999997,0.0154982447030624,293.15,30776.389311063675,9471861.510003967,100.0000007658,23.552841192479992
379.94031311447634,188.80611706923642,0.00878126605531815,293.1506679789879,35144.25700156013,1.2341205854772596E7,100.08170788855475,37.619919982361345
387.19601358917856,184.65361471307693,0.007064226055336934,293.1507573378545,37406.414559296965,1.3882882450021788E7,100.79772763469454,34.49146650765031
393.61210887291315,180.6215579372872,0.005468731028143832,293.15084973076637,39029.41958638037,1.4562547843906524E7,104.63299787388884,28.285395115611397
399.99999999999983,176.5910672307692,0.004057424599693801,293.1509445016506,38957.21459428092,1.300634267048213E7,116.7241206309878,23.28252048038709
381.79592879795894,196.16289393825434,0.01126748207854235,293.1504584172175,34240.379172247776,1.1723461902302451E7,100.00501948346516,37.924708261762746
379.4390141271112,202.14140797347588,0.01332049005858875,293.15026650939177,33343.90099700524,1.1118134158419134E7,100.000238036383,33.451488534801825
375.99999999999994,208.69853399999997,0.0154982447030624,293.15,32531.328808701972,1.058287380594224E7,100.00000203359998,26.627346396080004
387.7097118713745,192.67001931173718,0.009942174675107078,293.1505490444711,35480.619360294695,1.2584550087725954E7,100.03378682036633,37.90521581879363
393.74975437534226,188.6291359857036,0.00840842100892071,293.1506505088908,36566.83295463049,1.3352434574118368E7,100.14238720765758,32.83506993550436
399.99999999999983,184.6179339230769,0.006909707541251115,293.1507507478639,37338.962923060724,1.3857883215908034E7,100.61733705127949,26.10450808106333
387.686625573735,201.554814867332,0.013043255940438907,293.150281205868,34515.27031701746,1.1913010387446465E7,100.00044796271196,33.847171184856535
383.9999999999999,208.69853399999997,0.0154982447030624,293.15,33856.61135611569,1.1462701691184698E7,100.0000035824,28.101425871680018
393.98068017333065,196.56690713334163,0.01125385677071062,293.15043487103827,35408.8793834688,1.2537237108557837E7,100.00537602249132,32.60956861259664
399.99999999999994,192.64480061538458,0.009834026653884543,293.1505440953275,35997.87929569874,1.2955111504618198E7,100.02607457215267,27.65924514665248
394.73538177250265,203.23493848174712,0.01359379076978729,293.15021763561623,34940.369394477464,1.2208284280966343E7,100.00014976319775,28.786250731272407
391.99999999999994,208.69853399999997,0.0154982447030624,293.15,34664.033332883395,1.2015951857843546E7,100.0000040456,26.398452066880044
399.9999999999999,200.67166730769227,0.012687259597530675,293.1503048740213,35188.50000036809,1.238227046557452E7,100.00045855084613,26.22879126265425
399.9999999999999,208.69853399999997,0.0154982447030624,293.15,34927.35503271289,1.219921575548156E7,100.00000302499998,23.259495854000054
