x_um,y_um,voltage_v,jx_a_m2,jy_a_m2,jmag_a_m2,joule_w_m3,temperature_k
0.0,0.0,0.0,-0.0,-12631413.401217425,12631413.401217425,2289590066.9516397,293.15
5.0,0.0,0.0,-0.0,-17300695.255767886,17300695.255767886,2944909583.080761,293.15
10.0,0.0,0.0,-0.0,-16782747.522826783,16782747.522826783,2771219810.820782,293.15
14.999999999999996,0.0,0.0,-0.0,-16394247.040915135,16394247.040915135,2644403984.411966,293.15
20.0,0.0,0.0,-0.0,-15992001.10128412,15992001.10128412,2516230804.0147085,293.15
24.999999999999993,0.0,0.0,-0.0,-15532192.543640386,15532192.543640386,2373615579.7819924,293.15
29.999999999999993,0.0,0.0,-0.0,-15013339.841625707,15013339.841625707,2217683082.443389,293.15
35.0,0.0,0.0,-0.0,-14463355.864595104,14463355.864595104,2058178307.7384844,293.15
40.0,0.0,0.0,-0.0,-13931553.68750157,13931553.68750157,1909606826.494158,293.15
44.999999999999986,0.0,0.0,-0.0,-13469369.138803322,13469369.138803322,1785004696.9805703,293.15
49.999999999999986,0.0,0.0,-0.0,-13105705.843018794,13105705.843018794,1689918205.815865,293.15
54.999999999999986,0.0,0.0,-0.0,-12836367.751520874,12836367.751520874,1621172224.1073735,293.15
59.999999999999986,0.0,0.0,-0.0,-12630823.323200889,12630823.323200889,1569669333.0559165,293.15
65.0,0.0,0.0,-0.0,-12448696.868333582,12448696.868333582,1524728914.775404,293.15
70.0,0.0,0.0,-0.0,-12256749.77697162,12256749.77697162,1478071669.0373228,293.15
75.0,0.0,0.0,-0.0,-12039978.47706831,12039978.47706831,1426252024.3301253,293.15
80.0,0.0,0.0,-0.0,-11803987.940836484,11803987.940836484,1370889237.761013,293.15
84.99999999999999,0.0,0.0,-0.0,-11568631.648316825,11568631.648316825,1316766711.797895,293.15
89.99999999999997,0.0,0.0,-0.0,-11355573.995209621,11355573.995209621,1268711965.6718557,293.15
94.99999999999997,0.0,0.0,-0.0,-11175579.952840528,11175579.952840528,1228810723.2890475,293.15
99.99999999999997,0.0,0.0,-0.0,-11023218.744291801,11023218.744291801,1195533373.2865674,293.15
104.99999999999997,0.0,0.0,-0.0,-10882919.324994566,10882919.324994566,1165294434.4355206,293.15
109.99999999999997,0.0,0.0,-0.0,-10739979.617068488,10739979.617068488,1134884767.6321826,293.15
114.99999999999997,0.0,0.0,-0.0,-10588894.120885141,10588894.120885141,1103179198.660632,293.15
119.99999999999997,0.0,0.0,-0.0,-10437786.660689995,10437786.660689995,1071918298.44225,293.15
125.0,0.0,0.0,-0.0,-10313071.546097087,10313071.546097087,1046455859.2052612,293.15
130.0,0.0,0.0,-0.0,-10272770.258338664,10272770.258338664,1038293186.04734,293.15
134.99999999999997,0.0,0.0,-0.0,-10449690.85063598,10449690.85063598,1074364716.6252563,293.15
140.0,0.0,0.0,-0.0,-8631451.447870346,8631451.447870346,950803611.283052,293.15
145.0,0.0,0.0,-0.0,-5081877.273941034,5081877.273941034,620392171.0202067,293.15
150.0,0.0,0.0,-0.0,-2430373.012482624,2430373.012482624,311131069.93442976,293.15
154.99999999999997,0.0,0.0,-0.0,-975931.2648083708,975931.2648083708,127916757.69768935,293.15
160.0,0.0,0.0,-0.0,-333980.93166369613,333980.93166369613,43896026.90519089,293.15
165.0,0.0,0.0,-0.0,-100548.00127651538,100548.00127651538,12733321.747607876,293.15
169.99999999999997,0.0,0.0,-0.0,-30372.911217489695,30372.911217489695,3323851.299598973,293.15
174.99999999999997,0.0,0.0,-0.0,-14733.924214470655,14733.924214470655,1179858.6117616617,293.15
179.99999999999994,0.0,0.0,-0.0,-18078.389833550737,18078.389833550737,1024189.0332149744,293.15
185.0,0.0,0.0,-0.0,-41483.893303190824,41483.893303190824,1925822.877079284,293.15
189.99999999999994,0.0,0.0,-0.0,-110413.92260970687,110413.92260970687,4635343.637896419,293.15
194.99999999999997,0.0,0.0,-0.0,-274347.2723948233,274347.2723948233,10717505.459494058,293.15
199.99999999999994,0.0,0.0,-0.0,-594931.1624598504,594931.1624598504,21635992.64832761,293.15
205.0,0.0,0.0,-0.0,-1097193.1203733364,1097193.1203733364,36578675.51217293,293.15
209.99999999999994,0.0,0.0,-0.0,-1677247.0389090155,1677247.0389090155,49328290.63949789,293.15
214.99999999999997,0.0,0.0,-0.0,-2169040.8913980364,2169040.8913980364,55294654.888682656,293.15
219.99999999999994,0.0,0.0,-0.0,-2311277.2189966426,2311277.2189966426,52559222.25447726,293.15
225.0,0.0,0.0,-0.0,-2136155.2098271423,2136155.2098271423,44896290.771772966,293.15
229.99999999999994,0.0,0.0,-0.0,-1995135.2289830155,1995135.2289830155,39164224.1163415,293.15
234.99999999999997,0.0,0.0,-0.0,-1867517.3261285473,1867517.3261285473,34314220.06394717,293.15
239.99999999999994,0.0,0.0,-0.0,-1598752.0460256916,1598752.0460256916,27746413.960937362,293.15
245.0,0.0,0.0,-0.0,-1300322.7900914592,1300322.7900914592,21339990.14630199,293.15
250.0,0.0,0.0,-0.0,-1043662.4244775528,1043662.4244775528,15900192.467941873,293.15
254.99999999999997,0.0,0.0,-0.0,-792385.0349765746,792385.0349765746,11044838.690860694,293.15
260.0,0.0,0.0,-0.0,-553893.5659669967,553893.5659669967,7132622.402392148,293.15
265.0,0.0,0.0,-0.0,-357915.04577759554,357915.04577759554,4381863.389730134,293.15
269.99999999999994,0.0,0.0,-0.0,-238394.7643796801,238394.7643796801,2920089.170188198,293.15
274.9999999999999,0.0,0.0,-0.0,-219191.804329777,219191.804329777,2812224.7855491377,293.15
280.0,0.0,0.0,-0.0,-318922.7736179332,318922.7736179332,4226205.23461322,293.15
285.0,0.0,0.0,-0.0,-531793.030680675,531793.030680675,6909157.33667365,293.15
290.0,0.0,0.0,-0.0,-789800.6151429883,789800.6151429883,9362903.782954862,293.15
294.9999999999999,0.0,0.0,-0.0,-1061494.8394992433,1061494.8394992433,11418249.247331707,293.15
300.0,0.0,0.0,-0.0,-1043717.4049378136,1043717.4049378136,10717924.767473167,293.15
305.0,0.0,0.0,-0.0,-1017040.4170111215,1017040.4170111215,10177035.203836229,293.15
309.99999999999994,0.0,0.0,-0.0,-995059.0400991924,995059.0400991924,9741874.981779687,293.15
314.9999999999999,0.0,0.0,-0.0,-971311.9566011202,971311.9566011202,9282443.668524554,293.15
320.0,0.0,0.0,-0.0,-943560.0532667857,943560.0532667857,8759593.34894088,293.15
325.0,0.0,0.0,-0.0,-911268.1829955875,911268.1829955875,8170286.144661848,293.15
330.0,0.0,0.0,-0.0,-874634.4317821441,874634.4317821441,7526585.391095873,293.15
334.9999999999999,0.0,0.0,-0.0,-834162.2897418875,834162.2897418875,6846142.869362948,293.15
339.99999999999994,0.0,0.0,-0.0,-790453.1987516053,790453.1987516053,6147480.718292602,293.15
345.0,0.0,0.0,-0.0,-744106.6928098209,744106.6928098209,5447726.2280603405,293.15
349.99999999999994,0.0,0.0,-0.0,-695688.0526538128,695688.0526538128,4761830.615190619,293.15
354.9999999999999,0.0,0.0,-0.0,-645751.9704752791,645751.9704752791,4102762.0797349107,293.15
359.9999999999999,0.0,0.0,-0.0,-594921.9086943915,594921.9086943915,3482288.735103016,293.15
365.0,0.0,0.0,-0.0,-544025.4661984013,544025.4661984013,2911945.9681772483,293.15
370.0,0.0,0.0,-0.0,-494280.1412771443,494280.1412771443,2403760.4039992755,293.15
374.9999999999999,0.0,0.0,-0.0,-447532.7245983596,447532.7245983596,1970581.7097493017,293.15
379.9999999999999,0.0,0.0,-0.0,-406671.340793441,406671.340793441,1627166.4754871388,293.15
385.0,0.0,0.0,-0.0,-371548.9388879259,371548.9388879259,1377739.7873176085,293.15
389.99999999999994,0.0,0.0,-0.0,-249057.33067240226,249057.33067240226,899768.2705095093,293.15
394.99999999999994,0.0,0.0,-0.0,-140468.61393569215,140468.61393569215,486147.89014679164,293.15
399.9999999999999,0.0,0.0,-0.0,-67833.97597293284,67833.97597293284,226750.80624751543,293.15
0.0,4.9690127142857135,0.0009154424318117549,1115373.6978564686,-17259320.43204816,17295323.07480797,2943080970.9161263,293.2194616820183
5.0,4.9690127142857135,0.0008596737469189315,815055.7359602143,-17002238.501569714,17021763.41972186,2850715997.5117016,293.21992490113337
10.0,4.9690127142857135,0.0008339368582157335,450415.27044449106,-16718823.655166822,16724889.7852397,2752145445.0670714,293.22017772615334
14.999999999999996,4.9690127142857135,0.0008146322198744824,392922.90224214364,-16401034.846860722,16405740.838348204,2648113199.987454,293.2200829151608
20.0,4.9690127142857135,0.0007946445679915191,428355.97573654045,-16020426.773878498,16026152.465865044,2526989241.419605,293.2197449137127
24.999999999999993,4.9690127142857135,0.0007717966223008283,486298.02422215167,-15561349.826169351,15568946.469841281,2384862273.9653907,293.2193394938044
29.999999999999993,4.9690127142857135,0.0007460147655693039,531106.3047670923,-15028713.14224335,15038094.713719599,2225002402.6646934,293.2190316284681
35.0,4.9690127142857135,0.0007186859918241191,537540.9153981082,-14454377.29638485,14464369.093118886,2058466688.6694858,293.2189526438857
40.0,4.9690127142857135,0.0006922606740294931,493913.2678290605,-13897174.988618812,13905949.193795793,1902594028.6409266,293.21919628968965
44.999999999999986,4.9690127142857135,0.000669294665041213,410364.8439300362,-13420717.201563511,13426989.592215987,1773789816.5613751,293.21979824696507
49.999999999999986,4.9690127142857135,0.0006512241896364895,314539.19415669766,-13059126.005842919,13062913.417042293,1678900464.5544524,293.2207041680195
54.999999999999986,4.9690127142857135,0.0006378407456255433,235969.72787672107,-12804865.05331676,12807039.109260464,1613772551.0100143,293.22176199162067
59.999999999999986,4.9690127142857135,0.0006276272168488174,192634.15475160186,-12619259.018637069,12620729.222078646,1567161488.645065,293.2227540283021
65.0,4.9690127142857135,0.0006185773301503831,185877.6207291186,-12453546.512204953,12454933.609680142,1526257062.1845684,293.22344988316735
70.0,4.9690127142857135,0.0006090394547759055,203092.68827595317,-12269008.51100374,12270689.323877178,1481435589.481935,293.2236584927696
75.0,4.9690127142857135,0.0005982680613227878,224977.9320298833,-12049469.353929881,12051569.473773772,1428999477.7657228,293.223276121817
80.0,4.9690127142857135,0.0005865416615729172,234212.8384904391,-11803674.737498457,11805998.177298395,1371356206.4167209,293.22232166088133
84.99999999999999,4.9690127142857135,0.0005748467774737439,222817.4597082903,-11557620.095244328,11559767.726314675,1314749663.225556,293.2209348435748
89.99999999999997,4.9690127142857135,0.0005642599156020882,195307.88721932736,-11339246.465189664,11340928.338065026,1265441476.9882698,293.21932941024284
94.99999999999997,4.9690127142857135,0.0005553159887518111,165147.7467470267,-11161934.258566169,11163155.923429929,1226080074.0526023,293.21772075884354
99.99999999999997,4.9690127142857135,0.0005477451409273855,145423.43807374264,-11017262.37045054,11018222.094135089,1194449786.310309,293.2162556373754
104.99999999999997,4.9690127142857135,0.0005407736449444369,140741.88243558316,-10884223.156938093,10885133.072567323,1165768559.074345,293.2149715080188
109.99999999999997,4.9690127142857135,0.0005336709526838272,146101.49775401797,-10744002.184457155,10744995.513599161,1135945066.4499784,293.21380447215495
114.99999999999997,4.9690127142857135,0.0005261634951690351,150160.06424123244,-10588904.96719182,10589969.61511753,1103403305.7496846,293.21264098270274
119.99999999999997,4.9690127142857135,0.000518654946259704,137056.58810088655,-10424753.54647477,10425654.464496708,1069427892.0744426,293.21137516118256
125.0,4.9690127142857135,0.0005124578363589464,81996.8601349446,-10271386.16265073,10271713.44943797,1038079568.6857393,293.20992480127956
130.0,4.9690127142857135,0.0005104552602462095,-67886.30612706237,-10165501.370022345,10165728.043504104,1016767900.4398316,293.2082077955951
134.99999999999997,4.9690127142857135,0.0005192464669716527,-458744.4008187438,-10168523.970551398,10178866.644423677,1019397823.3361874,293.20612531668473
140.0,4.9690127142857135,0.0005563297003280839,-973022.3985289986,-10375068.69292738,10420596.094801916,1068390403.3796562,293.2035736979078
145.0,4.9690127142857135,0.0006165487068245525,-573908.533735163,-6941028.739862148,6964714.7086356925,750182870.2240725,293.200444667274
150.0,4.9690127142857135,0.0006465404538092001,-133388.19814550062,-3280577.7411008533,3283288.4014065657,361105785.8410052,293.1968472718871
154.99999999999997,4.9690127142857135,0.0006619626210460543,-20073.759191296256,-1313522.176457079,1313675.5550182897,145880283.5079284,293.1930575832416
160.0,4.9690127142857135,0.0006637870827125137,8917.36364014439,-447578.48010549607,447667.30417558586,49495828.35723751,293.189374505351
165.0,4.9690127142857135,0.000639578014331013,13513.839953343017,-131679.22891900825,132370.8547943585,14172921.529903963,293.18606950890046
169.99999999999997,4.9690127142857135,0.0005526884908619559,9146.165885783837,-36723.565363496215,37845.37757001844,3623131.39240618,293.1833043619692
174.99999999999997,4.9690127142857135,0.0004044238790154167,6528.994085739168,-16905.60531887754,18122.56204208659,1319317.6056570418,293.18111536783664
179.99999999999994,4.9690127142857135,0.0002861182956716914,8384.645339946825,-23468.59678362143,24921.42276173048,1238715.7487654085,293.1794721617203
185.0,4.9690127142857135,0.00023445639777643318,11189.185820441327,-58325.542754814596,59389.11362335752,2297997.8113645297,293.1783217536684
189.99999999999994,4.9690127142857135,0.0002120231839373811,16754.196177325946,-157962.52603365536,158848.5527805701,5506402.006374363,293.177574537139
194.99999999999997,4.9690127142857135,0.00019729601887957864,33690.37160747496,-390905.31343480817,392354.4382450839,12747252.07818228,293.17708025457483
199.99999999999994,4.9690127142857135,0.00018366878904817462,78250.12349861609,-840087.4832622759,843723.9248483436,25889134.30600196,293.1766499371013
205.0,4.9690127142857135,0.00016837211038035855,186198.08978554886,-1540613.0865110029,1551824.2203834641,44709390.6875441,293.1761118737818
209.99999999999994,4.9690127142857135,0.00014853345653941506,353825.8625932495,-2360962.9578957553,2387328.8063431336,62796972.65368503,293.17535616389983
214.99999999999997,4.9690127142857135,0.00012874805224756376,336857.9766508261,-2428805.762277367,2452054.389140875,59156851.4045836,293.17435181337595
219.99999999999994,4.9690127142857135,0.00011484765887433243,226022.28274376426,-2259613.812709134,2270889.83768095,50738425.518677436,293.17314223218204
225.0,4.9690127142857135,0.00010614582397318734,157091.35678973017,-2119314.886620033,2125129.003855371,44434004.0123147,293.17180362184234
229.99999999999994,4.9690127142857135,9.913852319535942e-05,133486.50596371247,-1988516.9914154632,1992992.3412854364,39080140.127461426,293.17041146316933
234.99999999999997,4.9690127142857135,9.279717337681609e-05,114887.08267650528,-1855651.409537594,1859204.4523087766,34009414.41430818,293.1690250500646
239.99999999999994,4.9690127142857135,8.764981492770889e-05,99136.3264788079,-1716818.534002448,1719678.4263117414,29096405.371386662,293.16768724347423
245.0,4.9690127142857135,8.28835407289353e-05,107070.85348163695,-1571781.42172933,1575424.0715942993,24419670.893715926,293.1664302831297
250.0,4.9690127142857135,7.69427295795452e-05,106852.41202193665,-1221546.6241306092,1226211.0719120887,17288835.218401078,293.1652773924345
254.99999999999997,4.9690127142857135,7.039606244451795e-05,83404.70721332877,-907087.2086177857,910913.5794483181,11655529.725096652,293.16423898184104
260.0,4.9690127142857135,6.503515328027454e-05,45176.58005519577,-626904.6709074238,628530.3411857131,7369363.090668061,293.1633082039005
265.0,4.9690127142857135,6.183069578752906e-05,11462.542126171455,-404740.6604796441,404902.94160143216,4465223.427708009,293.162470275615
269.99999999999994,4.9690127142857135,6.18620995738733e-05,-7460.791620023043,-277717.7284266427,277817.9261567761,3018633.8374225018,293.16171782161564
274.9999999999999,4.9690127142857135,6.47964145409364e-05,-12440.521474742736,-277874.8972705462,278153.2403328786,3098128.074473817,293.16105828065645
280.0,4.9690127142857135,6.692529689138181e-05,-3085.7380918301747,-434672.6346387907,434683.5873177166,4935849.70841819,293.16050385438956
285.0,4.9690127142857135,6.561568944417275e-05,46477.76696027115,-752483.9162530253,753917.9179732389,8487619.066353299,293.1600516288212
290.0,4.9690127142857135,5.987125310849567e-05,112897.94801690911,-1089285.2009832712,1095120.174112227,11799630.6080729,293.1596764698754
294.9999999999999,4.9690127142857135,5.4325894642481834e-05,80088.02555922816,-1054598.4008296747,1057635.0404891483,11005670.712563086,293.1593446270896
300.0,4.9690127142857135,5.1862450552572856e-05,37890.270117747685,-1032409.3117156161,1033104.3797635881,10501062.85784598,293.1590299538057
305.0,4.9690127142857135,5.0536867630707065e-05,24178.403353946138,-1014721.622176134,1015009.6382303524,10136433.723224116,293.15871624709337
309.99999999999994,4.9690127142857135,4.944461021717824e-05,22722.530118200804,-995930.984410418,996190.1621094623,9764035.500445994,293.15839570539407
314.9999999999999,4.9690127142857135,4.8264614618886985e-05,25589.91203430611,-973289.6237294623,973625.9729780024,9326724.62843464,293.1580683343913
320.0,4.9690127142857135,4.688561901374763e-05,29835.82744595846,-945801.9876713003,946272.464189024,8810027.376872484,293.157742415196
325.0,4.9690127142857135,4.528103187429114e-05,34249.22894972291,-913412.2982281635,914054.175767556,8220320.05104717,293.1574311607078
330.0,4.9690127142857135,4.346069611877534e-05,38314.016392399244,-876529.9126462727,877366.8854110003,7573686.602994686,293.15714512311087
334.9999999999999,4.9690127142857135,4.1449630235051215e-05,41829.761723299554,-835760.7655276452,836806.898968444,6889621.39447302,293.15688591122364
339.99999999999994,4.9690127142857135,3.9277719946445386e-05,44748.74061480283,-791755.6116107696,793019.1664163956,6187457.379571509,293.1566459317182
345.0,4.9690127142857135,3.697475617357093e-05,47088.92158310739,-745129.9577477031,746616.3810612205,5484535.8709360175,293.15641346818734
349.99999999999994,4.9690127142857135,3.456882778813465e-05,48872.58657903787,-696437.3985244915,698150.112642322,4795594.766282724,293.1561785353333
354.9999999999999,4.9690127142857135,3.2087497515667145e-05,50070.82505039094,-646193.4370443807,648130.4232949236,4133040.568621386,293.1559357384567
359.9999999999999,4.9690127142857135,2.9561745283095553e-05,50548.02931316463,-594954.6889350971,597098.1369534682,3507811.801893002,293.15568468647405
365.0,4.9690127142857135,2.7032694584350683e-05,50009.02218844867,-543457.0193065349,545753.0889823604,2930469.8513434576,293.15543041678353
370.0,4.9690127142857135,2.4560843064250686e-05,47947.36598468929,-492799.7089912171,495126.7545656344,2412001.877499571,293.15518272601093
374.9999999999999,4.9690127142857135,2.2237957985881754e-05,43532.92434868422,-444626.0735611303,446752.1245531306,1963713.4090938466,293.15495172843396
379.9999999999999,4.9690127142857135,2.0207550629382264e-05,35106.035361464434,-401203.3281267959,402736.32095804054,1595829.3548407515,293.1547420765655
385.0,4.9690127142857135,1.8727354449735312e-05,19620.15718571311,-365284.0134718912,365810.55351933854,1316610.4987326246,293.154551535538
389.99999999999994,4.9690127142857135,1.8245534910810953e-05,10856.676454631823,-294651.4279884307,294851.37177781947,983610.6965162299,293.15437630569033
394.99999999999994,4.9690127142857135,1.747891069739365e-05,6947.831428143531,-162791.32299274765,162939.5200781044,512599.85393088736,293.15422164279687
399.9999999999999,4.9690127142857135,1.6882113742218303e-05,3032.5284670779674,-77900.58782119903,77959.59089035794,235361.6302134573,293.15411421113953
0.0,9.938025428571427,0.00171523565333557,510977.3524642056,-16349521.61893555,16357504.547539404,2632564085.113909,293.2796706080331
5.0,9.938025428571427,0.0016896867857123597,537147.0712707657,-16729789.28046735,16738410.209605182,2756596920.106896,293.27987439882037
10.0,9.938025428571427,0.0016615209462084934,597477.7208248039,-16688849.007350052,16699540.736709222,2743809198.873247,293.27969594759736
14.999999999999996,9.938025428571427,0.0016299390136298793,694068.5965478328,-16469865.690873437,16484483.828501388,2673594618.1712494,293.27906476645546
20.0,9.938025428571427,0.00159211408655371,834481.1087621389,-16126351.720093282,16147927.99466967,2565538055.366747,293.2781311502483
24.999999999999993,9.938025428571427,0.0015464909027536654,985567.5289051023,-15663157.903607165,15694134.537060773,2423369263.1547427,293.27711630462574
29.999999999999993,9.938025428571427,0.0014935573336632,1100112.114972838,-15085270.348856753,15125330.679479597,2250891748.982524,293.27625859325826
35.0,9.938025428571427,0.0014364796912563816,1124525.4944119402,-14428476.900745133,14472232.145143274,2060705324.8646307,293.2758010297046
40.0,9.938025428571427,0.0013811047842220059,1027254.0306834056,-13783049.48916467,13821277.222612888,1879495147.0877407,293.27596049431736
44.999999999999986,9.938025428571427,0.001333754288188041,832855.210121527,-13258618.022692252,13284750.643978471,1736407555.360948,293.27685069626716
49.999999999999986,9.938025428571427,0.0012978192632098532,612035.4309516533,-12906542.152246296,12921045.534183782,1642631574.7612245,293.2784010755992
54.999999999999986,9.938025428571427,0.0012725507450928757,437140.93040408316,-12705555.772157481,12713073.572997162,1590178851.8775458,293.28033449330655
59.999999999999986,9.938025428571427,0.0012541051701694449,349141.25950977555,-12588047.000323053,12592887.949213011,1560254812.4750252,293.28221808126966
65.0,9.938025428571427,0.0012376366191418982,348079.84512300655,-12476989.033509903,12481843.410366403,1532859368.2878747,293.28356326808
70.0,9.938025428571427,0.0012192971856571442,401572.9074042553,-12315835.908922574,12322381.057874644,1493943325.4859757,293.28395476818315
75.0,9.938025428571427,0.0011974793284014727,462449.8873868595,-12084891.2644129,12093736.261843456,1439016717.85331,293.28319014952035
80.0,9.938025428571427,0.0011730521969184583,488801.0439841033,-11803618.346972547,11813734.910754807,1373154155.8502629,293.28136112741964
84.99999999999999,9.938025428571427,0.0011485992240030623,461549.9979952298,-11519269.57056045,11528512.472990144,1307649645.05305,293.2788045887828
89.99999999999997,9.938025428571427,0.0011268971971189353,393233.5906633111,-11282364.887455743,11289215.65524019,1253927397.0749493,293.2759539214562
94.99999999999997,9.938025428571427,0.0011092758649367312,319988.61211129633,-11116051.56606925,11120656.236544296,1216762130.567242,293.2731809412452
99.99999999999997,9.938025428571427,0.0010948983359078057,275989.9989776397,-10999817.06121742,11003278.868582105,1191212089.9194276,293.2706849439253
104.99999999999997,9.938025428571427,0.0010816768650389673,271566.66770184174,-10892620.006403675,10896004.729207505,1168098372.4967282,293.2684573893562
109.99999999999997,9.938025428571427,0.0010677416691376215,293487.967921815,-10762717.178225087,10766717.98858762,1140542645.06176,293.26633755858995
114.99999999999997,9.938025428571427,0.0010523280682467858,317270.10823057353,-10597858.138632635,10602606.163022308,1106038162.722697,293.26413277110953
119.99999999999997,9.938025428571427,0.0010360146583145641,315550.9953578929,-10401069.648381058,10405855.191244256,1065369865.876193,293.26171330888315
125.0,9.938025428571427,0.0010207729687109965,257645.47219966777,-10182804.90692273,10186063.860088184,1020839913.1246976,293.2590069373738
130.0,9.938025428571427,0.0010102501110945974,102224.708072177,-9950670.803384973,9951195.874279562,974306056.4602313,293.255933069956
134.99999999999997,9.938025428571427,0.0010105504979037788,-208268.538402787,-9686349.7909011,9688588.548172444,923561623.1593062,293.2523708199967
140.0,9.938025428571427,0.001031076964934876,-737248.2563787042,-9270135.518400624,9299405.761716511,850854398.2517674,293.2481881297547
145.0,9.938025428571427,0.0010842753235416492,-676449.0560403365,-7549292.663695191,7579538.44554798,659454480.6731431,293.24329198486066
150.0,9.938025428571427,0.001109997413583144,-149095.9979194935,-3428163.2966120164,3431403.969927379,289512541.8362301,293.23773900126696
154.99999999999997,9.938025428571427,0.001121535492252659,-10511.49454125144,-1341559.6969239318,1341600.8765382208,110570853.9782166,293.23183651516905
160.0,9.938025428571427,0.0011165605829784287,25202.990148802524,-450298.6889277276,451003.43675239437,36285927.249445885,293.22593675846235
165.0,9.938025428571427,0.001075838697412803,29814.080993060907,-130448.02488730104,133811.68343032946,10531216.037168806,293.2204066555481
169.99999999999997,9.938025428571427,0.0009383362379465442,20040.666863348855,-35048.50138519965,40373.577717067266,3120048.3275847016,293.21551942582084
174.99999999999997,9.938025428571427,0.0006859558181785529,15034.68703778212,-15872.209671488348,21862.49880914215,1456172.3891493615,293.21139598417903
179.99999999999994,9.938025428571427,0.0004727900938730963,21847.952582749753,-23521.23422679606,32102.671097743314,1402136.3577251825,293.2080515438313
185.0,9.938025428571427,0.0003838397638975104,28763.87462065292,-60856.70815362457,67311.9559252892,1931149.327975248,293.205448528306
189.99999999999994,9.938025428571427,0.000348185523807454,39188.83777633222,-167365.01113400207,171891.86123299823,4219868.95675041,293.20348151523575
194.99999999999997,9.938025428571427,0.0003269537022635704,70782.15095673144,-418379.6060991109,424324.8846034236,9907166.9412859,293.20194806782115
199.99999999999994,9.938025428571427,0.0003086004571208807,151568.80656943526,-911134.3712330548,923655.2092459269,21068706.717842683,293.2005841904419
205.0,9.938025428571427,0.00028890997249016604,348768.92462069064,-1711336.7105370965,1746514.5575153397,39446080.71360389,293.19914404159215
209.99999999999994,9.938025428571427,0.00026275963806217514,475346.3822443312,-2221709.8517951802,2271992.264220223,50787700.444413796,293.19746003790283
214.99999999999997,9.938025428571427,0.00024137533426573293,381986.4276762909,-2221176.3251619297,2253783.019367381,49976870.50803643,293.19547213413125
219.99999999999994,9.938025428571427,0.00022456099529454606,307572.81921934354,-2179414.399754999,2201010.7144178054,47663855.151272215,293.19321443827937
225.0,9.938025428571427,0.00021061805234379857,269416.71036213875,-2093090.9320717237,2110358.977459341,43818501.857244745,293.19076792612054
229.99999999999994,9.938025428571427,0.0001976193242583322,262029.43398308358,-1983940.8911388165,2001169.8787974438,39401501.0734492,293.18821670902116
234.99999999999997,9.938025428571427,0.00018441510894549022,270014.6178674171,-1849679.0517051695,1869283.4156914307,34379151.87514287,293.1856284443627
239.99999999999994,9.938025428571427,0.00017061786247159048,282110.7157246789,-1675836.474278512,1699415.8833107697,28414773.50994053,293.1830646443901
245.0,9.938025428571427,0.00015620403737302233,287445.9620487275,-1468836.725646429,1496698.5360137965,22040097.957598995,293.18059736088225
250.0,9.938025428571427,0.00014187326626671773,253176.13029938136,-1177666.1795154226,1204572.8634365879,15508462.227287238,293.17830332894704
254.99999999999997,9.938025428571427,0.00012870101063094518,176004.1922100341,-838906.870107864,857171.0520016872,9754984.096472813,293.1762370814766
260.0,9.938025428571427,0.00011812293159897997,96311.37142723404,-565016.0554883397,573165.7903484795,5824523.546070617,293.17441200539474
265.0,9.938025428571427,0.00011134569178715459,32313.32304181386,-360370.6249201972,361816.4426216394,3353157.740207946,293.1728102584447
269.99999999999994,9.938025428571427,0.00010971064316350992,-2959.2901140453105,-253329.97301904342,253347.2569968113,2232955.8948503723,293.17140927543056
274.9999999999999,9.938025428571427,0.00011239207417824455,-15394.536025369047,-273255.5826501409,273688.8839337549,2384718.670232256,293.17019973066243
280.0,9.938025428571427,0.00011469196482133138,-5648.375740064842,-455109.13822526735,455144.18797195074,3992563.774802814,293.16917936105386
285.0,9.938025428571427,0.00011349852619758345,58930.98354585122,-834794.6979829635,836872.1817590478,7528453.69342911,293.16833047059407
290.0,9.938025428571427,0.00010825344026338287,86922.68953822747,-958115.9841026242,962050.8265936364,9106277.630231969,293.16760965053146
294.9999999999999,9.938025428571427,0.0001048062572437607,56523.40338145707,-1003559.985996014,1005150.5064527115,9940472.869469551,293.1669639615687
300.0,9.938025428571427,0.00010260109992523717,39629.64402684028,-1016655.4404888407,1017427.5371549822,10184784.129178524,293.1663498900848
305.0,9.938025428571427,0.00010084329284107667,36252.2544350808,-1013492.1469812132,1014140.3048613219,10119077.895002116,293.1657412227687
309.99999999999994,9.938025428571427,9.897587448172909e-05,41175.2254119555,-1000606.0701568055,1001452.8979549519,9867472.119195428,293.16512780922045
314.9999999999999,9.938025428571427,9.672577029988112e-05,49818.32443021279,-980053.6832051518,981319.054850673,9474696.701016381,293.1645126793361
320.0,9.938025428571427,9.399404203870781e-05,59506.23834267564,-952885.4032096539,954741.6320930601,8968433.123530496,293.16390955494495
325.0,9.938025428571427,9.077514646561356e-05,68842.76430886317,-919993.5955735473,922565.7386300607,8374126.11303667,293.1633373767056
330.0,9.938025428571427,8.71097656078215e-05,77170.29065452947,-882264.1282556242,885632.6810627311,7717064.340378987,293.162811067229
334.9999999999999,9.938025428571427,8.305811740016061e-05,84248.9159380199,-840555.2623748449,844766.8488658725,7021316.946036175,293.16233377612645
339.99999999999994,9.938025428571427,7.86848740140195e-05,90069.12723290369,-795646.1441933127,800727.9403456474,6308336.021380197,293.1618962026681
345.0,9.938025428571427,7.405120467687025e-05,94727.48254574221,-748194.5883176369,754167.3805842121,5596033.9582986105,293.16148255215415
349.99999999999994,9.938025428571427,6.921212575944528e-05,98323.36585639999,-698718.9767410662,705603.0702395038,4898530.047906441,293.16107753172275
354.9999999999999,9.938025428571427,6.421886809123025e-05,100853.77484597315,-647617.3981558911,655423.3580632355,4226575.996120573,293.16067017877276
359.9999999999999,9.938025428571427,5.912674827484797e-05,102099.71319190483,-595243.1913298235,603936.0961710949,3588614.6642132252,293.16025582943666
365.0,9.938025428571427,5.400889677203977e-05,101521.87883374834,-542058.5970061615,551483.6484160001,2992334.452010505,293.1598389269706
370.0,9.938025428571427,4.897456039147314e-05,98218.44519475938,-488866.29136320925,498635.2512685943,2446306.1579283937,293.1594339390722
374.9999999999999,9.938025428571427,4.418705225256383e-05,91028.71621957305,-437027.23692798696,446406.8021362291,1960678.8306553902,293.159059494745
379.9999999999999,9.938025428571427,3.987168876951583e-05,78850.34107221011,-388324.60086674703,396249.1286116882,1544832.8398614964,293.1587284350141
385.0,9.938025428571427,3.630201814534282e-05,61987.718533911495,-343552.2852763386,349099.7707928697,1199068.461344621,293.1584427370948
389.99999999999994,9.938025428571427,3.3672916916124684e-05,42884.72265090424,-280419.04009981186,283679.2863205646,840856.5684887969,293.1581983047298
394.99999999999994,9.938025428571427,3.174768891067001e-05,17566.52357631863,-149380.410298461,150409.7394834986,405663.03293116274,293.15799794756464
399.9999999999999,9.938025428571427,3.0471409697068358e-05,6961.976617430151,-70279.66645307685,70623.65492650022,179923.69569277792,293.1578674693461
0.0,14.907038142857138,0.0025402620477513525,359551.75986318244,-16782088.641666602,16785939.849909384,2772274165.1716237,293.3326942053241
5.0,14.907038142857138,0.0025222844597581934,477831.3144928075,-16873343.33572207,16880107.76299329,2803465928.8531504,293.33248107800387
10.0,14.907038142857138,0.0024924789163020718,708727.9947314789,-16834717.41299276,16849629.246539455,2793351260.8689084,293.3318147245785
14.999999999999996,14.907038142857138,0.0024514116602850455,951934.1366681688,-16661688.42543617,16688859.750949668,2740300453.9046245,293.33069182770345
20.0,14.907038142857138,0.002397285502635255,1230064.2260644177,-16350477.68730512,16396681.93883464,2645189544.358448,293.3292349638821
24.999999999999993,14.907038142857138,0.0023284052376786038,1520927.3382782137,-15878242.505465977,15950918.626546513,2503319323.039044,293.3276404401004
29.999999999999993,14.907038142857138,0.0022451927688074335,1758135.4250287896,-15219758.447701529,15320968.87860305,2309496526.9869742,293.326187459386
35.0,14.907038142857138,0.002152591695175725,1831691.3171217153,-14391350.91307069,14507448.920618666,2070746580.9405665,293.32524112989137
40.0,14.907038142857138,0.002062023637095262,1656521.9956220193,-13549423.131701278,13650308.872837318,1833284259.8428473,293.3251799606611
44.999999999999986,14.907038142857138,0.001986939495613523,1281440.0641924597,-12926292.960718334,12989655.051017864,1660122322.2270334,293.3262345135802
49.999999999999986,14.907038142857138,0.001933879630676016,864173.865096447,-12604735.746458042,12634324.663675258,1570539697.3039725,293.3283344543188
54.999999999999986,14.907038142857138,0.0019005221091038783,552491.019745712,-12523800.374295266,12535981.100101337,1546185193.522896,293.3310689915729
59.999999999999986,14.907038142857138,0.0018786305287014449,419784.36083212757,-12550463.886397481,12557482.33816662,1551493658.1518543,293.3337702632714
65.0,14.907038142857138,0.0018585436730206655,456401.69555683085,-12549907.711480903,12558203.93505357,1551671971.7867718,293.33568402906224
70.0,14.907038142857138,0.0018329903591457618,592760.4482531667,-12431592.4474423,12445716.360592416,1523998891.005651,293.3361909168666
75.0,14.907038142857138,0.0017992676281953488,734021.0475919066,-12170019.566229675,12192135.298655484,1462528708.1523283,293.3350268053647
80.0,14.907038142857138,0.0017595882543865711,796329.1161361691,-11806599.80854911,11833424.656473631,1377735194.3551202,293.3323842919878
84.99999999999999,14.907038142857138,0.001719634716581732,740840.4732491729,-11434061.195783801,11458036.482562488,1291710691.145245,293.3288035161092
89.99999999999997,14.907038142857138,0.0016855042070616538,596026.9654084645,-11155764.210574828,11171675.042957356,1227952144.70186,293.3249215217891
94.99999999999997,14.907038142857138,0.0016600320200408855,445944.4949414309,-11020708.856225172,11029727.566275084,1196945630.7110362,293.32122777830267
99.99999999999997,14.907038142857138,0.0016409097575675108,367470.2902239295,-10973445.97325012,10979597.030038787,1186090028.5603156,293.31791908762034
104.99999999999997,14.907038142857138,0.0016232849910184925,376372.3490644942,-10923442.06521357,10929924.185337136,1175382314.332729,293.3148947362716
109.99999999999997,14.907038142857138,0.0016032725226610613,439036.59148219606,-10815956.446777418,10824863.370373148,1152894851.1857793,293.31188736168525
114.99999999999997,14.907038142857138,0.001579381331870273,509566.299018232,-10638346.22428998,10650543.094178814,1116062100.7429452,293.3086537763162
119.99999999999997,14.907038142857138,0.0015523158927592381,549537.5451952667,-10398596.630071262,10413107.28786123,1066855348.2965137,293.30508503020724
125.0,14.907038142857138,0.0015244275773507463,529604.377591975,-10107921.63642103,10121786.433470773,1007996889.3323176,293.3011642481207
130.0,14.907038142857138,0.0014993554550000406,425492.05058967223,-9767629.427966323,9776892.559867308,940473446.334201,293.29686120714655
134.99999999999997,14.907038142857138,0.001481878372291779,217573.29590271166,-9354192.001317406,9356721.976023467,861375079.367451,293.292087920874
140.0,14.907038142857138,0.0014775981254097695,-99781.69808606527,-8801876.557555357,8802442.122599585,762344390.6544199,293.2867344299027
145.0,14.907038142857138,0.0014918565421003856,-203556.3885599079,-7989706.184393948,7992298.800487032,628475391.032288,293.2807256523944
150.0,14.907038142857138,0.0014979537642657603,-12110.531425519279,-3559941.3703438304,3559961.9696363215,263391953.7767899,293.274070163168
154.99999999999997,14.907038142857138,0.0014944147164205022,43488.032107864456,-1366747.4400938458,1367439.1298846526,96318638.06937383,293.2670214696137
160.0,14.907038142857138,0.0014751860606336722,52846.32984347168,-451045.45293329115,454130.74680065736,30667182.43506081,293.2598648810316
165.0,14.907038142857138,0.0014145450185128242,49144.34367845813,-127801.71977733268,136924.9651949208,9191170.663524663,293.25291887249074
169.99999999999997,14.907038142857138,0.0012303168176658105,31802.732005592003,-32878.64051453224,45742.96410491287,3377063.3479879396,293.2464582929451
174.99999999999997,14.907038142857138,0.0008928578222404801,24550.775399296377,-14933.167116756626,28735.693011369633,2054880.323656525,293.24065312045684
179.99999999999994,14.907038142857138,0.0006093569349090876,37726.20141959315,-24110.685499950112,44772.66385674653,2072368.1629500536,293.23559052594214
185.0,14.907038142857138,0.0004964526896009958,48236.50622825103,-65967.94717558933,81722.27718113002,2123636.2402348467,293.23131132159523
189.99999999999994,14.907038142857138,0.0004534626478303492,61207.47891253059,-185136.2632277224,194991.7727411913,4072149.263546135,293.22778271489705
194.99999999999997,14.907038142857138,0.00042982561390378946,99996.07574075069,-467075.8994438447,477660.03706069704,9544633.66753706,293.22484900224975
199.99999999999994,14.907038142857138,0.0004109459474574114,195027.99065049106,-1026014.828453061,1044386.1093210367,20863828.652445238,293.2222553049964
205.0,14.907038142857138,0.00039190949058577395,399727.5604224557,-1949334.459676314,1989896.2179578198,40562713.69760007,293.2197334553864
209.99999999999994,14.907038142857138,0.00036932754655989665,424203.7033020931,-2121910.8106026715,2163897.934295353,46070019.63470069,293.21707619738186
214.99999999999997,14.907038142857138,0.00034948912025556465,378891.30443965085,-2157993.4701888696,2191003.0666244584,47231400.51311886,293.214180794998
219.99999999999994,14.907038142857138,0.00033143841611593157,353313.8720996672,-2143225.9041211386,2172152.841840079,46422188.87903743,293.21103367406073
225.0,14.907038142857138,0.00031415773304559793,351353.4267137001,-2089411.4940880514,2118747.1822024267,44167531.62002458,293.20767198305134
229.99999999999994,14.907038142857138,0.00029630307344456156,375389.8516336332,-2004166.2952788244,2039019.3917275944,40906051.88324984,293.204143425513
234.99999999999997,14.907038142857138,0.0002766187478822346,421082.0356177932,-1882798.3522467562,1929310.6841416508,36622601.50526055,293.2004953926168
239.99999999999994,14.907038142857138,0.00025419486988278225,477618.3985436128,-1710924.2877856975,1776339.2843604966,31045359.528236404,293.19679971409033
245.0,14.907038142857138,0.00022885690802787334,501127.7464301277,-1485881.9406989622,1568111.6541679844,24193506.502389427,293.1931754594684
250.0,14.907038142857138,0.00020408209523976948,386818.50583490694,-1075691.8301811116,1143127.932461953,15275505.117904449,293.1897673264232
254.99999999999997,14.907038142857138,0.00018289814866692339,251117.93664378187,-731682.7486031896,773576.0225780972,8877211.668850623,293.18669036562574
260.0,14.907038142857138,0.00016622010347111228,137282.38300045938,-476481.8818789815,495864.33269718086,4904526.326035046,293.1839904459067
265.0,14.907038142857138,0.00015506634930440705,53107.03655884129,-299687.5523422527,304356.67622208083,2632181.6738145985,293.18165278162815
269.99999999999994,14.907038142857138,0.00015088250334258023,6541.890150494043,-219950.2416307292,220047.5065074751,1746770.2811018631,293.17963922828733
274.9999999999999,14.907038142857138,0.00015266773021522584,-15519.062908478469,-263419.1950091552,263875.94360386214,2048733.575874046,293.1779193118531
280.0,14.907038142857138,0.00015552344947111508,-21176.998161421467,-475309.79097910353,475781.3180986912,3774046.8586378507,293.1764716664512
285.0,14.907038142857138,0.00015625622288958663,4343.862272932603,-858461.6876217864,858472.677639709,7250998.375110907,293.1752621617562
290.0,14.907038142857138,0.00015508906324382182,21962.816478530884,-941182.0753772508,941438.2955452251,8720242.725428527,293.1742310700853
294.9999999999999,14.907038142857138,0.00015405994124173354,21911.36494513141,-992537.3919437866,992779.2213379231,9697286.136913834,293.1733082259101
300.0,14.907038142857138,0.00015289792674930868,28019.66327459026,-1016959.4159483762,1017345.3470754578,10183138.69620956,293.1724344183548
305.0,14.907038142857138,0.00015125797491427452,40128.308401178576,-1021865.315474522,1022652.9245569996,10289668.467593804,293.17157372240916
309.99999999999994,14.907038142857138,0.00014888509590919082,55953.760448086854,-1012852.7372248062,1014397.1069616002,10124203.279437726,293.17071356890824
314.9999999999999,14.907038142857138,0.00014566259886946583,73014.83219322415,-993351.8864038453,996031.6942458622,9760929.34092281,293.16985887606694
320.0,14.907038142857138,0.0001415836126898684,89523.69525846993,-965621.6235860666,969762.6575351944,9252855.209909547,293.16902561473233
325.0,14.907038142857138,0.00013671022934361884,104432.83157885115,-931352.7760307789,937189.5271138143,8641710.362622613,293.16823418909405
330.0,14.907038142857138,0.0001311403295319833,117260.03392560285,-891928.5709663669,899603.5189250534,7962457.803602683,293.167501312808
334.9999999999999,14.907038142857138,0.00012498422595105856,127910.93454158415,-848510.4675866454,858097.442473411,7244660.99240836,293.1668328164842
339.99999999999994,14.907038142857138,0.00011834923607782488,136537.01335285584,-802047.6988238579,813586.4227013403,6512567.497735193,293.16622214563483
345.0,14.907038142857138,0.00011133052461577298,143415.38706909004,-753258.2643324358,766789.4013569114,5784915.977580692,293.1656550258627
349.99999999999994,14.907038142857138,0.00010400769737091588,148826.45391520715,-702606.4306954553,718195.7322621619,5074935.1018747855,293.16511542765556
354.9999999999999,14.907038142857138,9.644787922425226e-05,152905.323716224,-650298.2622700398,668032.8344716274,4390767.800870139,293.1645891104899
359.9999999999999,14.907038142857138,8.871716499929348e-05,155452.63431671742,-596332.0676643209,616260.8671989577,3736577.842727473,293.16406652880806
365.0,14.907038142857138,8.090261579258052e-05,155726.6558765298,-540667.7907401155,562647.7150884774,3114712.5429981938,293.1635478356829
370.0,14.907038142857138,7.31444994116405e-05,152327.79871012326,-483596.343983883,507019.9031344331,2529268.1118128076,293.1630466110338
374.9999999999999,14.907038142857138,6.56698359215682e-05,143451.5120272243,-426330.73709272395,449818.00063239154,1990758.205301033,293.16258567606053
379.9999999999999,14.907038142857138,5.879934820891808e-05,128001.68000632111,-371564.11816360225,392994.05083427916,1519556.3327236152,293.16218560229726
385.0,14.907038142857138,5.286966792093609e-05,109580.5859934496,-320746.6155038853,338948.81056564435,1130350.3709166578,293.1618555538489
389.99999999999994,14.907038142857138,4.784128960957312e-05,71811.72020432445,-240639.88175068857,251126.41407802876,720163.4647484155,293.16159434983865
394.99999999999994,14.907038142857138,4.453483742810847e-05,26682.999281805023,-125401.13094460646,128208.525819694,324344.3454813949,293.16140082548
399.9999999999999,14.907038142857138,4.248995250886668e-05,10102.263896764298,-58307.73920839085,59176.41580421703,139483.33601001202,293.1612871320912
0.0,19.876050857142854,0.0033830438899897937,329599.05846424727,-17124528.55949953,17127700.193676192,2886309889.869092,293.38069141130427
5.0,19.876050857142854,0.0033665639370665814,484844.464499379,-17145173.137165576,17152027.170516603,2894514734.349561,293.3802206281436
10.0,19.876050857142854,0.003334559443539856,807820.908875134,-17113328.13121123,17132383.79056813,2887888637.766175,293.37930268009984
14.999999999999996,19.876050857142854,0.003285781846179068,1175307.2672886571,-16989985.466969445,17030588.75495426,2853672805.889945,293.3779667672247
20.0,19.876050857142854,0.00321702871681099,1613071.6562195697,-16733638.398750719,16811206.20979481,2780626154.2530704,293.3762689876893
24.999999999999993,19.876050857142854,0.003124474680557111,2109279.1844806466,-16277274.597932464,16413370.37340536,2650576797.4107065,293.37434086202154
29.999999999999993,19.876050857142854,0.0030061007983629255,2577788.7604481806,-15522070.362983396,15734664.383039774,2435902048.1840405,293.3724680401565
35.0,19.876050857142854,0.002866695804512293,2784508.9788770773,-14367578.109127413,14634916.842104854,2107295165.4279382,293.3711220459053
40.0,19.876050857142854,0.002727649900475218,2483232.349164257,-13099702.737795485,13332991.2142228,1749041195.2777386,293.37086683459836
44.999999999999986,19.876050857142854,0.0026183725695958673,1771687.9357813215,-12296121.330013854,12423102.58768778,1518465733.4125755,293.37208914083686
49.999999999999986,19.876050857142854,0.0025504811068970856,1012033.5868200448,-12065280.743762346,12107650.945028698,1442330000.115275,293.374730824329
54.999999999999986,19.876050857142854,0.002517169210913863,491076.4429378548,-12235775.63840669,12245626.221073186,1475390052.382364,293.37822876587495
59.999999999999986,19.876050857142854,0.0025013734626033,323195.7214274622,-12539764.119269904,12543928.397486886,1548146250.8170378,293.3816664191311
65.0,19.876050857142854,0.0024848496387711166,466214.58342975285,-12739130.38770493,12747658.572175115,1598842553.9709847,293.38405306131875
70.0,19.876050857142854,0.002454752004260325,779106.7121562089,-12688836.439557,12712732.887100097,1590093625.5557468,293.3846280146836
75.0,19.876050857142854,0.0024069389675554958,1083569.161185907,-12355736.272993492,12403158.50801078,1513594149.6783648,293.3831067304125
80.0,19.876050857142854,0.002346395088141734,1220198.3439702122,-11818587.448024517,11881409.565587338,1388931367.9196372,293.37976872124136
84.99999999999999,19.876050857142854,0.0022849191331584745,1108352.0702440208,-11255775.690669294,11310213.557235602,1258596336.3720312,293.375315488957
89.99999999999997,19.876050857142854,0.002235559881117332,804024.1968126266,-10887691.868878642,10917338.922132365,1172677084.336542,293.3705541988146
94.99999999999997,19.876050857142854,0.002204516713477212,501176.9399738227,-10838658.483189132,10850239.4462228,1158306510.9299276,293.36606300163015
99.99999999999997,19.876050857142854,0.00218544218711995,372653.98322052293,-10949782.040852228,10956121.47310261,1181023475.196301,293.36199846156467
104.99999999999997,19.876050857142854,0.0021672513151551596,428080.15958377934,-11011035.561334498,11019353.735859567,1194695154.1415234,293.3581424478973
109.99999999999997,19.876050857142854,0.002142634171161572,576816.9395896752,-10938453.824303608,10953651.895519586,1180491115.2013147,293.35413566664636
114.99999999999997,19.876050857142854,0.002109569621196192,732043.3553595438,-10740205.856170718,10765124.676800072,1140205103.838807,293.34972854597197
119.99999999999997,19.876050857142854,0.0020694298356256175,842688.2995760067,-10446419.75119899,10480353.485855458,1080679005.9466743,293.34487356686446
125.0,19.876050857142854,0.0020253007912385914,884702.2821110128,-10082042.485320752,10120784.495471934,1007797339.498668,293.3396372941511
130.0,19.876050857142854,0.0019809596074145163,851283.136064946,-9656829.451428233,9694278.623586196,924646750.9713733,293.33406572462235
134.99999999999997,19.876050857142854,0.0019401724776320968,751499.1199832154,-9159196.181821367,9189974.190628974,830947214.0853678,293.3281300392431
140.0,19.876050857142854,0.0019058096954161947,618781.2181723319,-8549588.78873458,8571951.857798716,722943403.3123051,293.321758558816
145.0,19.876050857142854,0.0018782943558148637,484866.4097386354,-7733589.588829754,7748774.313641403,590759721.1570734,293.3148877410802
150.0,19.876050857142854,0.0018573230544423312,223728.72250465193,-3517350.848726682,3524459.0413724305,249356958.73792776,293.3074987483377
154.99999999999997,19.876050857142854,0.0018326472289959634,125773.6741737482,-1336092.62043101,1341999.4439214075,89173949.41531786,293.29976818052086
160.0,19.876050857142854,0.0017940267688671208,85647.96131250374,-435220.14335368347,443567.52186988277,28018216.613979083,293.2918708144647
165.0,19.876050857142854,0.0017086839125005193,67148.42195800408,-120826.48845209515,138231.51190345292,8950791.851510167,293.2839969708143
169.99999999999997,19.876050857142854,0.001474329961140203,41536.74897555904,-30058.19267406986,51271.790121762984,4031059.7018572874,293.27633326522806
174.99999999999997,19.876050857142854,0.0010613178654470708,32941.627446738064,-14135.6954502013,35846.46014184006,2877528.9784942158,293.269042056203
179.99999999999994,19.876050857142854,0.0007245611790350176,51754.87117862642,-25215.527342298228,57570.73483868696,2933658.2542959824,293.26227615728726
185.0,19.876050857142854,0.0005957185271654203,64078.96529527466,-72613.16507327784,96844.13010230465,2535854.28769739,293.2561921798981
189.99999999999994,19.876050857142854,0.0005484656507465954,76688.80507616744,-206559.84796467467,220336.43279131103,4447328.282671882,293.25089727357204
194.99999999999997,19.876050857142854,0.0005243159843096499,113212.17478476292,-521429.0974835323,533577.8295825144,10300394.563688742,293.2463554606308
199.99999999999994,19.876050857142854,0.0005068356336551715,197503.40314643827,-1141783.3769359167,1158739.3469204411,22544364.893761065,293.24237371570433
205.0,19.876050857142854,0.000490610837208018,331999.59663696797,-2015855.817764092,2043012.0925193871,41066408.9001985,293.23868637593546
209.99999999999994,19.876050857142854,0.0004736356739914747,347735.6312800434,-2107353.4248259044,2135850.7734360094,44883494.80009855,293.2350526020459
214.99999999999997,19.876050857142854,0.0004558372740800137,360803.4335364003,-2145032.5097609675,2175165.185815342,46551034.84526029,293.23131682986224
219.99999999999994,19.876050857142854,0.00043755533063783466,375729.7614625041,-2145601.769898287,2178251.548522193,46683231.9846914,293.2274000172332
225.0,19.876050857142854,0.0004182642979337633,407614.50323835027,-2116774.4701563725,2155663.178874668,45720046.11902413,293.22327040023055
229.99999999999994,19.876050857142854,0.00039679388031399964,467362.0997326666,-2060068.0927427842,2112417.543717013,43904029.755676195,293.2189143247907
234.99999999999997,19.876050857142854,0.0003715280879604966,561439.2705866197,-1965799.6950344164,2044402.7234266344,41122333.829663604,293.2143404801855
239.99999999999994,19.876050857142854,0.0003406499532553377,676567.2548226083,-1798504.8155193557,1921552.1907417742,36328646.87741537,293.20961948115684
245.0,19.876050857142854,0.0003038713624782358,627585.6647678803,-1402515.143211462,1536526.1122283638,26561644.580272514,293.2049105000954
250.0,19.876050857142854,0.00026888651583185843,431153.0696323547,-916556.6444877122,1012901.3041792258,15343492.85606994,293.20042624373303
254.99999999999997,19.876050857142854,0.00023833586438554407,275742.7988009972,-597374.6564652317,657944.2007325247,8458777.831131747,293.1963495242804
260.0,19.876050857142854,0.00021412331570911378,151982.28393658833,-374937.0993542212,404569.4539912015,4341691.338068908,293.19277014094564
265.0,19.876050857142854,0.00019736068341370653,64342.55051466232,-232482.23467720606,241221.7926457711,2159173.142620694,293.18968556492325
269.99999999999994,19.876050857142854,0.0001898567784970916,15125.421931397908,-180515.4267589955,181147.999399897,1426258.8315250888,293.18704737326425
274.9999999999999,19.876050857142854,0.0001906788767052674,-15203.132483432259,-241486.3588522225,241964.45348235176,1848385.359965712,293.1848076986456
280.0,19.876050857142854,0.00019473518076320646,-47501.56997373463,-467198.6281771304,469607.2372957663,3715347.3580317535,293.1829298820875
285.0,19.876050857142854,0.00019881266700797997,-70531.73480323885,-863424.811568702,866300.8316092065,7383840.64414021,293.1813663444646
290.0,19.876050857142854,0.00020178835424353034,-46322.08635233892,-952920.1573856393,954045.3668646503,8955357.059818521,293.18004167891576
294.9999999999999,19.876050857142854,0.00020344487564321386,-18784.31036907906,-1008115.289067464,1008290.2788223331,10002671.651096238,293.1788669211113
300.0,19.876050857142854,0.00020366678528043825,10483.47904527582,-1036538.3647808343,1036591.3780248312,10572070.173180008,293.17776466797125
305.0,19.876050857142854,0.00020239652773868628,40333.482193261974,-1043984.9779921796,1044763.8125716099,10739426.642128495,293.1766863004735
309.99999999999994,19.876050857142854,0.00019963343706111205,69511.94372797068,-1035458.0784630824,1037788.6791516371,10596506.536435686,293.1756141011009
314.9999999999999,19.876050857142854,0.0001954453333658892,96756.7252663668,-1014777.8148221986,1019380.143685165,10223914.108117726,293.17455289975385
320.0,19.876050857142854,0.00018995776453447537,121121.11188630972,-984815.6346396852,992235.938663452,9686675.669008985,293.17351945682
325.0,19.876050857142854,0.00018333322217725824,142079.10739322603,-947803.6117921165,958393.5304893481,9037173.070481362,293.1725343808273
330.0,19.876050857142854,0.00017574985379515277,159499.18744246502,-905537.5613646767,919477.1698291873,8318150.111190599,293.1716156380279
334.9999999999999,19.876050857142854,0.00016738330343301174,173572.75522746288,-859472.7167560157,876824.2995065881,7564321.980297947,293.17077280324577
339.99999999999994,19.876050857142854,0.00015839257827240648,184731.00903968257,-810747.1697244428,831526.6194879235,6802948.233028113,293.17000472220576
345.0,19.876050857142854,0.00014891020252904349,193552.4676766878,-760161.3267469284,784415.5789027814,6053928.3059978,293.1693019268504
349.99999999999994,19.876050857142854,0.0001390373315047377,200645.2777185858,-708129.752927843,736006.9798938163,5329773.076461711,293.1686505707377
354.9999999999999,19.876050857142854,0.0001288456747571849,206469.5070668375,-654616.665154361,686405.5912113768,4635605.587012417,293.168034919976
359.9999999999999,19.876050857142854,0.00011839038079805395,211050.75457297117,-599098.0439532683,635185.7108550637,3969595.84153685,293.16744040160944
365.0,19.876050857142854,0.00010774059929988779,213558.92769820773,-540666.7666038896,581315.7215399505,3324826.5179023733,293.16686023525517
370.0,19.876050857142854,9.703448802823317e-05,211846.8998523306,-478518.1575986482,523315.14035870216,2694458.209936265,293.16630252223206
374.9999999999999,19.876050857142854,8.655590931465473e-05,202366.62712171368,-413166.1280546968,460063.5838059005,2082478.7047992293,293.16578992201187
379.9999999999999,19.876050857142854,7.67978253160618e-05,183780.10959253574,-353559.4524574758,398471.3479083214,1562208.6943194603,293.1653490604024
385.0,19.876050857142854,6.817789835540116e-05,153681.24069267712,-304787.4391766054,341340.4558804501,1146358.303436812,293.1649976113205
389.99999999999994,19.876050857142854,6.14297012467941e-05,76251.52653520642,-181828.54543605883,197169.76247473192,573684.7925643082,293.16473975183135
394.99999999999994,19.876050857142854,5.674131233277521e-05,28694.16605146196,-94771.20919061535,99019.88313889412,252130.73035556913,293.16457138982975
399.9999999999999,19.876050857142854,5.393024600582383e-05,10615.067226667885,-44128.082768773296,45386.86308916254,107345.42192980717,293.1644879103335
0.0,24.845063571428565,0.004242102050517392,318518.49230171705,-17446578.994510274,17449486.314548783,2995781577.578598,293.4254460506229
5.0,24.845063571428565,0.004226176125902306,488962.3286068092,-17468843.93438449,17475685.75371732,3004784331.9671907,293.4249211601765
10.0,24.845063571428565,0.004193205817656711,862953.8959924709,-17482305.91637083,17503591.33378585,3014388212.233543,293.4240436623379
14.999999999999996,24.845063571428565,0.004139880736303059,1329270.7582841704,-17449643.44278909,17500200.485403065,3013220412.6493406,293.4228539146708
20.0,24.845063571428565,0.004060278741828294,1938358.100035294,-17314344.334877238,17422507.048948724,2986524972.1979547,293.42134578252484
24.999999999999993,24.845063571428565,0.003946044926299529,2724986.7330682124,-16971454.50096897,17188828.365361545,2906948935.3252296,293.4195705145174
29.999999999999993,24.845063571428565,0.0037877800685214725,3655996.651688604,-16218736.492446413,16625694.7201785,2719596391.195577,293.4177586747799
35.0,24.845063571428565,0.003580445261130669,4239046.422768278,-14616162.838590264,15218466.765695272,2278697380.7659135,293.4163937673052
40.0,24.845063571428565,0.0033638754262446447,3715141.010123742,-12993759.18634328,13514438.5942511,1796970184.4736457,293.4161836498818
44.999999999999986,24.845063571428565,0.003208931160118295,2309451.272249951,-11923183.378351217,12144787.649551047,1451191426.389586,293.4176768469908
49.999999999999986,24.845063571428565,0.0031329302990196497,924145.5668661204,-11726336.750401624,11762696.060537226,1361314916.6096883,293.42084359135714
54.999999999999986,24.845063571428565,0.003116516603431683,80948.23462285931,-12157458.745092634,12157728.231677081,1454285637.2178147,293.4249798836337
59.999999999999986,24.845063571428565,0.0031248354755573637,-80450.8689796835,-12803363.12538777,12803615.882353658,1612909967.3531067,293.4289675329192
65.0,24.845063571428565,0.003124561690329651,308253.24458590156,-13330385.60341368,13333949.16738835,1749292535.687958,293.4316829778154
70.0,24.845063571428565,0.0030940101510987736,973778.4943698565,-13523061.226373337,13558076.17209533,1808593608.6932192,293.43233137223297
75.0,24.845063571428565,0.0030271838408926655,1598876.7082957511,-13276430.268181073,13372359.828923434,1759385308.7740765,293.4306374767713
80.0,24.845063571428565,0.0029341224802691985,1889472.7398925803,-12618429.179308282,12759108.988797607,1601716122.5482483,293.4268995276626
84.99999999999999,24.845063571428565,0.0028382365669034075,1665966.8669388164,-11752206.287673093,11869700.848368542,1386195229.3466797,293.4218735026358
89.99999999999997,24.845063571428565,0.002767525793575317,1010559.1068717202,-11036000.027692096,11082171.552529825,1208355130.1649916,293.41645451904316
94.99999999999997,24.845063571428565,0.0027371806562162355,384239.1241476451,-10776676.03127219,10783523.820510726,1144105983.0360491,293.41125411725113
99.99999999999997,24.845063571428565,0.0027291018811605523,196161.51163278156,-10975371.926230937,10977124.771894699,1185555948.7408574,293.40634865558604
104.99999999999997,24.845063571428565,0.0027175645050529574,387630.3594765483,-11230810.578831447,11237498.100252576,1242464861.9862614,293.4014073981822
109.99999999999997,24.845063571428565,0.0026903388452128975,708187.8411552105,-11185064.637416966,11207461.842966748,1235831869.5336065,293.39604559357156
114.99999999999997,24.845063571428565,0.0026467457209374363,998551.0120419591,-10936423.107347311,10981914.883414924,1186590861.6880505,293.3900955173466
119.99999999999997,24.845063571428565,0.0025904837440087016,1203621.9767613907,-10563961.77314329,10632308.978174765,1112243894.419285,293.3836281013971
125.0,24.845063571428565,0.0025263835232612972,1314301.2253194866,-10116247.384713778,10201267.02226761,1023889486.9580745,293.37681658103156
130.0,24.845063571428565,0.002459053621476753,1342619.0536736757,-9617554.849541027,9710818.050361037,927804525.4981833,293.36979303610195
134.99999999999997,24.845063571428565,0.0023921216178939297,1317951.8820424916,-9074790.8768978,9169995.999061663,827338329.4637483,293.36259305602755
140.0,24.845063571428565,0.002327258433272504,1316989.7591429078,-8485080.373197244,8586678.692329438,725429608.0128275,293.3551803067427
145.0,24.845063571428565,0.002260422641979639,1106279.3290517447,-7370073.783731797,7452639.903519954,573553031.9901156,293.3474882853154
150.0,24.845063571428565,0.0022111474641711743,441682.66623344674,-3245224.207895159,3275143.3155145817,233636967.27079234,293.3394745027372
154.99999999999997,24.845063571428565,0.0021626434496444104,201363.7360773476,-1227078.049340897,1243490.2063873638,83066605.16500466,293.3312365010165
160.0,24.845063571428565,0.0021012017939202386,112321.62068791462,-395816.59986736986,411444.9260891734,26158377.277413186,293.3228181830827
165.0,24.845063571428565,0.0019862404825055783,78606.71750955832,-107913.30525987606,133507.6682806598,9042646.494548963,293.3142471155511
169.99999999999997,24.845063571428565,0.0016958818818461007,46685.05837626081,-26289.639647809046,53578.35223676194,4680421.668613039,293.30557593039623
174.99999999999997,24.845063571428565,0.0012125997478576328,38243.43541928507,-13239.535442607754,40470.305798265166,3628334.9094326836,293.2969198619117
179.99999999999994,24.845063571428565,0.0008347960553172476,60291.224840089315,-26419.111569867917,65825.5364494611,3661603.1446933257,293.28847957367805
185.0,24.845063571428565,0.0006947643762541826,72584.7355187047,-79359.72187510459,107547.70702536742,2982093.847127219,293.2805365743623
189.99999999999994,24.845063571428565,0.000644592144714596,83369.59064613398,-226722.89360135456,241565.22748002264,5122874.19003139,293.2733692130371
194.99999999999997,24.845063571428565,0.0006203755564818676,112610.34963391082,-566795.2020115993,577873.5950604088,11671031.177324552,293.2671012329054
199.99999999999994,24.845063571428565,0.000604590579764423,168781.79314499194,-1219722.2989329684,1231344.7040579515,24862524.66824425,293.2616334020872
205.0,24.845063571428565,0.0005922457543585059,258337.13975457163,-2087413.974097724,2103339.0542266425,43527469.93694275,293.256719722038
209.99999999999994,24.845063571428565,0.0005787568657889658,295827.5783177249,-2141423.136398638,2161760.1636621743,45979037.07540965,293.2520912674848
214.99999999999997,24.845063571428565,0.0005626629965267334,340880.0018466396,-2168722.82636506,2195349.146094037,47418963.015139125,293.2475397376223
219.99999999999994,24.845063571428565,0.0005446688656043019,381396.78371487104,-2177010.9567917036,2210167.462573634,48061266.91877947,293.24291876023636
225.0,24.845063571428565,0.0005245233181552463,436357.01257076056,-2171672.035911117,2215077.171111204,48275032.53349159,293.23812359054165
229.99999999999994,24.845063571428565,0.0005010331643472258,525428.967057119,-2153067.77517948,2216252.7933290973,48326288.77147078,293.2330730697845
234.99999999999997,24.845063571428565,0.00047198042144953444,681024.2856404841,-2110707.4084450076,2217854.783726106,48396178.11908613,293.22772585104894
239.99999999999994,24.845063571428565,0.00043293073578317743,794454.2563813473,-1895706.8346417183,2055446.9023523238,43815919.984928325,293.22212903078037
245.0,24.845063571428565,0.0003882383973761192,573562.093471674,-1190979.8991104232,1321895.0772102464,27095835.80066153,293.2164531798363
250.0,24.845063571428565,0.00034253578557938663,389516.97379157017,-743766.3321719203,839590.274922366,15568283.769668918,293.21095949613965
254.99999999999997,24.845063571428565,0.0003008029624002301,247553.4778371486,-462965.8988184721,524995.3788921036,8309670.967440259,293.2058978148294
260.0,24.845063571428565,0.0002666785441113311,138714.83594147975,-278645.20149488334,311263.4800717806,4026964.250056858,293.20141666279125
265.0,24.845063571428565,0.00024220270866779205,63259.021596860446,-169957.3850807089,181348.32934676963,1869332.0015623241,293.1975420926898
269.99999999999994,24.845063571428565,0.00023013278892620336,20353.27439545517,-140472.8983365823,141939.74406661608,1219990.3022199087,293.194227236309
274.9999999999999,24.845063571428565,0.00022967597690861996,-12293.898134663808,-208077.74449304715,208440.6094902318,1701786.146367156,293.19141579245775
280.0,24.845063571428565,0.00023502702679149137,-61784.469338127696,-423907.21750911744,428386.0988731033,3620130.7923072106,293.1890639320843
285.0,24.845063571428565,0.00024206360021987916,-143170.86270954696,-876662.3012856091,888276.2444332147,8005254.883250227,293.1871165215752
290.0,24.845063571428565,0.0002497905107987895,-121830.9479869529,-997355.8636441618,1004769.3758434278,9932935.888336353,293.18548381752447
294.9999999999999,24.845063571428565,0.00025424669501857445,-61188.622193369425,-1050134.4330944587,1051915.574110652,10886959.890085557,293.1840557544509
300.0,24.845063571428565,0.00025590937301812644,-7627.724790286776,-1076834.5803345242,1076861.595373197,11409447.919344904,293.18273297909684
305.0,24.845063571428565,0.0002550094674976031,41201.89969077397,-1081880.776447284,1082665.0502275885,11532755.571914772,293.1814498499881
309.99999999999994,24.845063571428565,0.00025178918304904905,84979.91347605728,-1070066.6106988788,1073435.6697198877,11336967.401211558,293.18017956956913
314.9999999999999,24.845063571428565,0.0002465114761499974,123343.4216414166,-1045370.9677265037,1052622.4678523915,10901597.014692195,293.1789245942897
320.0,24.845063571428565,0.0002394548408849074,156082.82853559603,-1010972.376936502,1022950.1436005144,10295650.418594833,293.1777021507335
325.0,24.845063571428565,0.0002309031932964378,183219.58239236946,-969443.5537110056,986605.4019737869,9577051.675187113,293.176533679192
330.0,24.845063571428565,0.00022113288264567044,205043.50202532712,-922898.4061218313,945401.6637096779,8793820.108026657,293.17543903036733
334.9999999999999,24.845063571428565,0.0002103988430939051,222113.866792073,-873062.7913633512,900873.5801900805,7984956.488091186,293.1744322195582
339.99999999999994,24.845063571428565,0.00019892149596646315,235232.92527856445,-821283.9498133006,854307.8223661814,7180813.023965091,293.1735186752996
345.0,24.845063571428565,0.00018687555056604865,245396.83682298215,-768492.2558214468,806721.7331770983,6403130.701516399,293.17269540570464
349.99999999999994,24.845063571428565,0.00017438181228416493,253717.00699089706,-715116.2827788406,758790.89183506,5664858.562381269,293.171952437538
354.9999999999999,24.845063571428565,0.00016150384986695894,261261.31334721623,-660915.8200808426,710680.7969018475,4969286.244449369,293.1712734404465
359.9999999999999,24.845063571428565,0.0001482556809494433,268696.33325448947,-604740.6861378804,661746.9433060662,4308526.22294625,293.17063804153076
365.0,24.845063571428565,0.00013463421654151,275559.2535531766,-544337.1408933215,610111.3219525594,3662376.7762632603,293.17002966170077
370.0,24.845063571428565,0.00012069975559412566,279038.2575162205,-476603.808667622,552280.3088959191,3000986.0102296136,293.16944637005554
374.9999999999999,24.845063571428565,0.00010673039078988795,267635.7909486573,-409861.33061627595,489505.08366232284,2357541.0613425714,293.16890604424424
379.9999999999999,24.845063571428565,9.393617649925993e-05,228557.9910553128,-341615.1112138421,411022.67514686607,1714176.7962576388,293.16843907312455
385.0,24.845063571428565,8.31595211293988e-05,129130.15255392581,-212415.22774428307,248585.64977941866,894227.2184047899,293.1680725972485
389.99999999999994,24.845063571428565,7.494383163923795e-05,61208.468494013934,-124570.68189672996,138796.00643966303,433803.57609830494,293.16781887212903
394.99999999999994,24.845063571428565,6.91505626715222e-05,22896.462100846857,-66171.30906663818,70020.64067350475,194393.84072749523,293.167673360481
399.9999999999999,24.845063571428565,6.57169729594687e-05,8373.530466856286,-31420.488479889667,32517.120241408982,85317.6326652837,293.16761716507176
0.0,29.814076285714275,0.005116889346880026,285345.1507371305,-17746639.606505748,17748933.465936698,3099483833.7649245,293.4679822571878
5.0,29.814076285714275,0.005102622089343169,449338.95870589995,-17801208.91569091,17806879.130265485,3119754891.3550954,293.46755369136423
10.0,29.814076285714275,0.005071955451009436,826902.4062467542,-17896838.219995294,17915931.0632225,3158083569.041655,293.4669543573149
14.999999999999996,29.814076285714275,0.005019931848718494,1342227.9140792948,-18010669.822770305,18060614.697129846,3209296982.5395894,293.46625767940674
20.0,29.814076285714275,0.0049377326596015065,2088297.0425665714,-18100075.90098811,18220146.326512385,3266243614.299793,293.46544922056455
24.999999999999993,29.814076285714275,0.004811102144461837,3198097.044262629,-18070398.534398798,18351215.9786899,3313405171.6764684,293.4645261008582
29.999999999999993,29.814076285714275,0.004617922955175244,4918483.6036903635,-17690725.096559193,18361732.908464827,3317204029.99378,293.46359941535553
35.0,29.814076285714275,0.0043192537840928006,5736536.464531639,-15891403.330214927,16895104.33268961,2932293194.083858,293.4629772103679
40.0,29.814076285714275,0.004018972992541349,4039812.1178862965,-11996053.20702646,12658016.214779897,2013374039.9706833,293.463324855908
44.999999999999986,29.814076285714275,0.003803301565631613,2298000.290546683,-10852477.242534865,11093109.015739897,1597069773.2463322,293.465303494091
49.999999999999986,29.814076285714275,0.0037158474349919153,635269.8079651386,-11728930.28208606,11746121.627624474,1665061254.899606,293.46889693356525
54.999999999999986,29.814076285714275,0.0037253805524692495,-518097.740758356,-13830846.344903084,13840546.805863485,2107291023.7491348,293.4733644934813
59.999999999999986,29.814076285714275,0.003773774945716674,-799471.7463220947,-16089247.237197416,16109097.79388132,2690509162.1526437,293.47756222367764
65.0,29.814076285714275,0.0038096267497649927,-238039.1357199438,-17525924.898506183,17527541.361474898,3162119895.414806,293.480417839772
70.0,29.814076285714275,0.00379867726765859,765627.5688948291,-17655871.94388643,17672464.448207777,3342139044.4210696,293.481222998941
75.0,29.814076285714275,0.0037263539836138843,1703125.9801285295,-16522792.58714505,16610337.533656687,3160013622.2165236,293.47972449915034
80.0,29.814076285714275,0.003600417788667668,2176401.3777563986,-14525943.257650338,14688081.919759886,2667408643.6637936,293.4761442317471
84.99999999999999,29.814076285714275,0.0034528563824455967,2021686.1029450533,-12377774.33510011,12541790.629312234,2052309483.8308418,293.47113001977846
89.99999999999997,29.814076285714275,0.003332320370166522,1369028.2098767972,-11038643.905350855,11123214.351462351,1576980700.927612,293.4654919799899
94.99999999999997,29.814076285714275,0.003275505517819804,506569.38589027256,-11385728.767099591,11396992.23921296,1416385567.469686,293.4597287113503
99.99999999999997,29.814076285714275,0.00327617744002907,-78666.08494314435,-11838040.804468488,11838302.17730487,1378871182.8321612,293.45375627997834
104.99999999999997,29.814076285714275,0.0032833721263141186,219687.00998849497,-11748048.601157356,11750102.481149388,1358401528.3904061,293.44720491141516
109.99999999999997,29.814076285714275,0.0032542087390302205,869379.9573358938,-11632063.95866532,11664507.42417776,1338682729.1811326,293.43983713733525
114.99999999999997,29.814076285714275,0.003196434130580529,1349296.96125058,-11254930.18252904,11335521.85403227,1264235233.8724368,293.43171142982436
119.99999999999997,29.814076285714275,0.0031192790429051625,1657781.018318907,-10755826.984511223,10882832.904415939,1165275927.4492164,293.42309269332713
125.0,29.814076285714275,0.0030306560287486385,1825243.8893645455,-10200800.519083608,10362810.74254466,1056574161.9252568,293.4142812478768
130.0,29.814076285714275,0.002936754653968708,1886285.2618075842,-9621807.116151106,9804960.187034344,945881043.5043219,293.4054913262608
134.99999999999997,29.814076285714275,0.00284202750256788,1876955.1342944773,-9036752.007947775,9229617.946009604,838131765.3800833,293.39681044975435
140.0,29.814076285714275,0.0027490591405392602,1949915.3209309643,-8471570.14651935,8693081.761159226,743519531.2591908,293.38822095705206
145.0,29.814076285714275,0.0026470359704747837,1438152.3414789597,-6369867.425774549,6530198.555882133,518606411.25326025,293.37963346833044
150.0,29.814076285714275,0.0025712945944153655,566934.0173636483,-2806080.0813561305,2862778.3014106615,211280771.3935061,293.37098919241384
154.99999999999997,29.814076285714275,0.002498486125131678,245271.00832989454,-1055987.2779687527,1084097.319782232,75188585.80121447,293.36228513428614
160.0,29.814076285714275,0.0024118107342730455,125902.62316296126,-336901.8653032082,359658.64005205774,23938904.61532496,293.3534176803535
165.0,29.814076285714275,0.002261668945448554,81701.69073063001,-89948.15283401668,121514.75822506145,8971236.423619753,293.344234216636
169.99999999999997,29.814076285714275,0.0019072883505748953,46982.114784589656,-21609.002603321896,51713.326165919076,5063291.15925054,293.3346353490798
174.99999999999997,29.814076285714275,0.0013575706171046903,40118.26306214102,-12052.652404444827,41889.63429185696,4119349.861462592,293.32466967357425
179.99999999999994,29.814076285714275,0.0009500660452677983,62745.417194361224,-27423.007338954936,68476.3368646923,4082070.1692873407,293.3145709060092
185.0,29.814076285714275,0.0008023870730856727,74204.43341649309,-85523.87295257628,113228.22432358093,3409231.819749287,293.30474148403016
189.99999999999994,29.814076285714275,0.0007495116701270991,84450.77276683123,-243789.53923149285,258002.46599522757,6047548.531026433,293.29563758356466
194.99999999999997,29.814076285714275,0.0007244057815960553,110063.40217956423,-599576.9466333528,609595.3308823116,13504283.727247993,293.2875586524525
199.99999999999994,29.814076285714275,0.0007088592532353603,151007.9276488132,-1257566.7589045374,1266600.7845072781,27539705.410189774,293.28051895165174
205.0,29.814076285714275,0.0006980585687534032,224084.03415277117,-2188765.3184507475,2200206.1888866196,47629016.81107842,293.27430785244064
209.99999999999994,29.814076285714275,0.0006864508498200831,266930.68713996897,-2201872.284555761,2217993.1355240536,48402216.30260254,293.26863689207056
214.99999999999997,29.814076285714275,0.0006713655000394063,325436.16713502863,-2211189.7860630085,2235009.8364143525,49147760.17109029,293.26325112844347
219.99999999999994,29.814076285714275,0.0006539072331065803,372798.82951621414,-2221878.812253688,2252936.8441282413,49939350.25757464,293.2579444835092
225.0,29.814076285714275,0.0006340856170877849,431409.29800866835,-2239671.02826796,2280842.0149741177,51184122.43186173,293.25254960138017
229.99999999999994,29.814076285714275,0.0006107663033057134,527948.9015328247,-2269530.021157147,2330128.0135570397,53420065.350274555,293.2469272192311
234.99999999999997,29.814076285714275,0.0005812907269345024,715316.263043607,-2301646.431449002,2410239.334916057,57156442.83021782,293.24098356416647
239.99999999999994,29.814076285714275,0.0005392346770013527,639106.1716827526,-1647816.0829310534,1767414.6490988536,43704045.03379427,293.23471626536667
245.0,29.814076285714275,0.0004904097696117768,445234.7701843654,-992421.1887437451,1087719.5486193455,27302908.82356252,293.228264712641
250.0,29.814076285714275,0.00043480612135630384,299967.86462105653,-588546.045260125,660580.9316023658,15899648.723905612,293.2218931685597
254.99999999999997,29.814076285714275,0.00037932223156333423,190503.6725089502,-348278.10027580016,396975.16845656437,8439950.894097527,293.215900984845
260.0,29.814076285714275,0.00033110779763083435,109086.29882291253,-200421.6124889034,228185.54586900093,3962831.133365106,293.2105051673023
265.0,29.814076285714275,0.00029493929047041565,53670.53328871344,-120063.4126643252,131513.30428553204,1754341.3066265192,293.20578188082635
269.99999999999994,29.814076285714275,0.00027577714817980073,22310.725120920168,-105683.1895034996,108012.52241779129,1128664.2682548866,293.20170590597826
274.9999999999999,29.814076285714275,0.0002730018784321578,-6054.715110861761,-170588.53800050425,170695.95446941085,1620980.0346522832,293.1982289307107
280.0,29.814076285714275,0.0002792007249400652,-58440.97429757534,-361448.268027952,366142.319238375,3532203.645724303,293.1953144043114
285.0,29.814076285714275,0.00028865202730380014,-164586.4753450905,-763449.9479296881,780989.456305502,7914126.967630442,293.1929103577529
290.0,29.814076285714275,0.0003009058335858353,-191554.75334525408,-1065130.1469942182,1082217.840162084,11523230.005034538,293.1909169483965
294.9999999999999,29.814076285714275,0.00030780750263832555,-97770.46111898357,-1117909.761156108,1122177.0346765814,12389894.43136098,293.1892008722309
300.0,29.814076285714275,0.00031068287969773366,-21066.117705177996,-1138517.1798425915,1138712.0575948497,12757708.987658452,293.1876367048944
305.0,29.814076285714275,0.00030991411440884335,47059.50762714628,-1136428.6016042444,1137402.5513433174,12728383.41139283,293.18613695311984
309.99999999999994,29.814076285714275,0.00030597692893501903,105795.48447391,-1117397.4501104767,1122394.6480843823,12394700.21243016,293.18466105618324
314.9999999999999,29.814076285714275,0.00029933456596145235,155484.72504761114,-1085547.1739173443,1096625.8097104337,11832098.563903738,293.18320601409965
320.0,29.814076285714275,0.0002904284564302579,196577.96900747882,-1044171.2469102953,1062514.230856842,11107449.917653233,293.1817891352716
325.0,29.814076285714275,0.00027967676906070447,229607.24354837163,-996037.835752424,1022159.8977362856,10279749.443205487,293.18043424006294
330.0,29.814076285714275,0.00026746773207542076,255282.6341460738,-943509.0593715971,977434.6875432825,9399837.535392134,293.17916472190524
334.9999999999999,29.814076285714275,0.0002541485056460971,274557.4602979267,-888572.0812691153,930022.657044534,8510046.055997333,293.17799983886437
339.99999999999994,29.814076285714275,0.00024001198604562809,288653.4731691605,-832821.0670268779,881425.9794539793,7643927.2755285,293.1769519529529
345.0,29.814076285714275,0.00022528315832918104,299062.1651447447,-777400.2442992324,832940.1649924013,6826097.10214217,293.17602517647515
349.99999999999994,29.814076285714275,0.00021010576953115362,307555.0131091063,-722917.1144740117,785620.2902725807,6072537.923048138,293.175214223113
354.9999999999999,29.814076285714275,0.0001945276570182704,316161.055677998,-669165.2462155758,740094.5479262621,5389137.475606752,293.1745021370594
359.9999999999999,29.814076285714275,0.00017848966396335383,326906.9423924567,-614559.4912352696,696097.3475396516,4767435.329076734,293.1738608946569
365.0,29.814076285714275,0.00016183696277902474,340901.6823619247,-555246.7316084702,651546.5370939202,4176723.583301945,293.1732602992761
370.0,29.814076285714275,0.00014439949572716136,345489.3020584331,-491986.83851723664,601177.1012863087,3555901.421902933,293.1726829775764
374.9999999999999,29.814076285714275,0.00012728803257318143,275077.03344070964,-368110.1991919078,459535.08361783146,2461548.648842727,293.17213613763346
379.9999999999999,29.814076285714275,0.00011180978125082224,162102.771430721,-225062.39655669985,277363.28316733957,1310296.7997762314,293.17165029036926
385.0,29.814076285714275,9.922611603264405e-05,85504.93789059398,-138592.54097862836,162846.51306855518,672727.051041778,293.17126272920547
389.99999999999994,29.814076285714275,8.976385718693415e-05,38844.545084716265,-82553.27571760176,91235.64004568024,337004.35286648467,293.1709974417178
394.99999999999994,29.814076285714275,8.324188856689412e-05,13935.450686701619,-45900.588802645776,47969.37396163372,166120.5141549471,293.17085454664897
399.9999999999999,29.814076285714275,7.953866848515499e-05,4940.951326000002,-22941.610418216147,23467.64770033641,81223.72736301589,293.1708085771463
0.0,34.78308899999998,0.006005767607328861,210056.25584137603,-17992805.195302106,17994031.300036926,3185677409.7809343,293.508612337563
5.0,34.78308899999998,0.005995264794536792,339694.5645872847,-18093021.259946354,18096209.843778916,3221959670.967673,293.5083580550397
10.0,34.78308899999998,0.005971798150870133,654791.1139078052,-18293393.14195592,18305108.14087184,3296776080.2321844,293.5081831814086
14.999999999999996,34.78308899999998,0.005929785683146012,1127292.634109118,-18595819.91317258,18629957.244343385,3414825918.767722,293.50824171128284
20.0,34.78308899999998,0.005859068887459221,1878999.5545373184,-19003419.456628326,19096088.352605395,3587845089.237761,293.50858830548236
24.999999999999993,34.78308899999998,0.00574188572769228,3131800.6034302893,-19515013.910590794,19764714.593188502,3843491699.857909,293.5092255282573
29.999999999999993,34.78308899999998,0.005545888827116192,5125069.804841291,-19993388.51389863,20639814.068256274,4191373990.3914003,293.51010435780273
35.0,34.78308899999998,0.005229378747208151,4134780.869802603,-13145800.74462382,13780728.937855128,2979835196.136623,293.51112784021257
40.0,34.78308899999998,0.004886478855449335,2589920.6766115716,-9380356.558515193,9731329.728049459,2150546536.0936713,293.51284555492816
44.999999999999986,34.78308899999998,0.004631592280569752,1217527.4101931113,-8481354.36355221,8568298.829681285,1921114621.8560627,293.5156359252348
49.999999999999986,34.78308899999998,0.0045626631096854315,-85047.74950840152,-9783554.592230154,9783924.242288683,2407604278.140437,293.5194704477302
54.999999999999986,34.78308899999998,0.004653333150468475,-1062570.3306927874,-12548506.635923272,12593413.933460576,3628765364.954769,293.5238192030321
59.999999999999986,34.78308899999998,0.004809769947670759,-1350241.6928031105,-15547441.60681609,15605963.384115057,5205600286.889537,293.5278184204722
65.0,34.78308899999998,0.004946663035328482,-899804.0017791364,-17589868.61586424,17612868.169749737,6535163730.199037,293.5306604327825
70.0,34.78308899999998,0.005002433414772285,36051.908856494636,-18061488.936700013,18061524.917643834,7117650802.458338,293.53181540899675
75.0,34.78308899999998,0.004938668168023917,1071273.4220556605,-16962777.105445188,16996571.23874749,6744929610.752113,293.5310528773241
80.0,34.78308899999998,0.0047482130944245925,1828831.9251199935,-14695358.801290747,14808720.286000796,5535329200.390813,293.52843267548303
84.99999999999999,34.78308899999998,0.0044694904958012625,2080972.6945624733,-12032002.538018806,12210631.942303624,3944499184.4808307,293.5242971183632
89.99999999999997,34.78308899999998,0.004188665390411122,1891966.2035349964,-10089861.12489798,10265711.550352763,2621004011.858743,293.5190887675521
94.99999999999997,34.78308899999998,0.003991237066280124,1429023.8898316463,-9780155.597209439,9884004.895958757,1904166876.3035831,293.51294766778557
99.99999999999997,34.78308899999998,0.003905569386553292,799011.9590181388,-11434512.240476536,11462394.614052586,1717339511.534814,293.50560873595396
104.99999999999997,34.78308899999998,0.003885088562396905,592330.6726054318,-13064623.8524756,13078044.6563079,1682792177.974144,293.49681144762286
109.99999999999997,34.78308899999998,0.003846336319292749,1198250.179517725,-12336985.522770619,12395039.946759595,1511613334.0423794,293.4866563834293
114.99999999999997,34.78308899999998,0.0037652635444451327,1869357.545101749,-11693899.563722067,11842372.42438558,1379819513.2838554,293.4756027016879
119.99999999999997,34.78308899999998,0.003659400564782574,2251218.716794604,-11002924.447110252,11230865.153658591,1240998562.1371298,293.46418199543166
125.0,34.78308899999998,0.0035401416727656723,2441293.054146294,-10309024.4433558,10594144.45577982,1104273457.6316235,293.4528451798474
130.0,34.78308899999998,0.0034152712593679448,2499453.424049539,-9632046.186535623,9951059.298313342,974279312.7643793,293.44188420475155
134.99999999999997,34.78308899999998,0.0032901963303607184,2461060.307350823,-8979085.456112115,9310252.062354801,852840332.5600537,293.43142050511807
140.0,34.78308899999998,0.0031691652286328625,2472981.801495246,-8334535.208343241,8693682.541342294,743622304.3028237,293.42143597665137
145.0,34.78308899999998,0.003042898150211194,1492720.6626124175,-5232929.888593056,5441669.798464493,443671631.54323137,293.41181327637827
150.0,34.78308899999998,0.0029418487173412475,606440.4865006707,-2300932.059938546,2379508.018082774,181765249.8825796,293.4024764419754
154.99999999999997,34.78308899999998,0.0028450281986276975,257241.4149109538,-858819.2760181441,896517.5371434286,64826215.47488607,293.39330294747737
160.0,34.78308899999998,0.0027309717600377446,127907.4059331419,-269350.1909196978,298177.51397619373,20981285.941791974,293.3840182419251
165.0,34.78308899999998,0.0025382438763231433,78852.40469324104,-69513.10016831565,105117.89962188622,8573506.104152512,293.37426697238396
169.99999999999997,34.78308899999998,0.002109136704184198,44364.751378015826,-16353.74382396385,47282.9366885454,5155684.676188633,293.363779588772
174.99999999999997,34.78308899999998,0.001498393956324273,40025.5500712126,-10538.954384053977,41389.78398122316,4350893.135605721,293.3525214508716
179.99999999999994,34.78308899999998,0.0010759363332571762,61661.71953233948,-28416.44975321752,67894.49368146162,4221292.3295595795,293.3407499337302
185.0,34.78308899999998,0.0009244795855965277,72880.266731136,-91974.16998403252,117348.9719727158,3859886.1187138227,293.32899052564585
189.99999999999994,34.78308899999998,0.0008683106792040425,86136.29441560351,-260645.18396055288,274509.3316036487,7231955.242905979,293.3178840715119
194.99999999999997,34.78308899999998,0.0008404595547175259,116784.77400073214,-629432.1884124817,640174.6349615298,15766663.206056515,293.30791379324114
199.99999999999994,34.78308899999998,0.0008226455976476778,165651.85086960832,-1287835.7995775924,1298445.833437107,30735914.20897394,293.29921807086725
205.0,34.78308899999998,0.0008097658082778936,240965.8438620195,-2224978.2903467147,2237988.590324429,51261574.861939736,293.2916327472317
209.99999999999994,34.78308899999998,0.000797579493332784,273542.08538244234,-2268452.398819864,2284885.4584392123,51365760.22345996,293.2848587664073
214.99999999999997,34.78308899999998,0.0007824115997396493,320997.4637466981,-2252302.1683302335,2275061.412181413,50925007.47006885,293.2786018824107
219.99999999999994,34.78308899999998,0.0007654797469581142,353092.0527878602,-2259731.2484984114,2287150.9161360855,51467668.741617,293.2726072371255
225.0,34.78308899999998,0.0007471023944608633,389001.119992286,-2295752.3469484607,2328476.0488084513,53344346.95009066,293.26666022894733
229.99999999999994,34.78308899999998,0.0007265796349588856,463837.6537812025,-2373154.032449679,2418058.1942536915,57527877.36211996,293.2605790524799
234.99999999999997,34.78308899999998,0.0007007186290827431,559625.411573151,-2303606.288963051,2370608.051920127,60053487.72629345,293.2542228865933
239.99999999999994,34.78308899999998,0.0006657981510410528,436691.87554521475,-1455235.2231695063,1519345.0394562786,42207377.72783645,293.24752621735587
245.0,34.78308899999998,0.000619565399832628,310268.9534060692,-832221.9246223127,888177.9975150047,26680376.6953638,293.2405558030268
250.0,34.78308899999998,0.0005591421234519248,206793.14295858846,-460708.26541542803,504990.60367177497,15816409.646784734,293.2335238144084
254.99999999999997,34.78308899999998,0.0004892089298625864,130617.62386293923,-257075.33614175604,288355.1492794903,8667665.931696499,293.22673500318325
260.0,34.78308899999998,0.00042075245516368836,76787.24877002813,-142636.56600375564,161992.1959077471,4169194.503506819,293.22046226359885
265.0,34.78308899999998,0.00036521277264976607,41423.945274089936,-84859.17531767937,94429.9892918952,1849994.0543245487,293.2148474416908
269.99999999999994,34.78308899999998,0.0003334036319575806,22406.40577245613,-79517.31293693281,82613.8612845935,1189098.3867959406,293.209913341587
274.9999999999999,34.78308899999998,0.00032553573024289345,2425.2092116979866,-136727.46634391727,136748.9732778551,1655961.1048798226,293.20564599541297
280.0,34.78308899999998,0.00033122087018249373,-41840.08039679402,-297276.8377367262,300206.77970751765,3514888.322469245,293.2020399144008
285.0,34.78308899999998,0.00034212083414978,-132925.61939550025,-639152.8096107678,652828.8706276827,7704168.833957135,293.1990644297541
290.0,34.78308899999998,0.00035564341565445513,-232240.17200970542,-1168535.9591535772,1191390.6938238475,13965396.146669837,293.19661838622386
294.9999999999999,34.78308899999998,0.00036534485135075056,-134120.84205082332,-1217459.7487728272,1224825.146767659,14760227.154791202,293.1945452161964
300.0,34.78308899999998,0.00036905549985953747,-26031.79551841062,-1222615.3330576073,1222892.4347650027,14713682.125947593,293.1926898794936
305.0,34.78308899999998,0.0003679480309025916,62190.74080300504,-1207709.6490117486,1209309.838113338,14388649.207943732,293.19093850361037
309.99999999999994,34.78308899999998,0.00036283642577923696,135546.0056955008,-1177389.014632603,1185165.6472567606,13819838.31686509,293.18923152595744
314.9999999999999,34.78308899999998,0.00035439343033304155,196115.80858553096,-1135131.327162464,1151948.149997548,13056017.272144957,293.1875557826465
320.0,34.78308899999998,0.00034322484492068387,245037.43641335354,-1084044.1021427382,1111393.2520195018,12152912.299244808,293.18592657917156
325.0,34.78308899999998,0.0003298896866917062,283257.9203378903,-1026973.1716608758,1065321.0524275512,11166212.065853858,293.1843711889393
330.0,34.78308899999998,0.00031489905288689484,311843.24210090056,-966498.1573844514,1015561.3698204262,10147456.4967527,293.1829189930956
334.9999999999999,34.78308899999998,0.00029870536248161614,332115.87504800677,-904885.3486723418,963907.9046780189,9141467.851253795,293.1815962400743
339.99999999999994,34.78308899999998,0.00028168746538209416,345715.77955333394,-844032.0727392328,912090.7520881105,8185042.850138006,293.1804228361234
345.0,34.78308899999998,0.00026413378452628275,354619.66434007126,-785382.1264823907,861730.9272241927,7306143.745073117,293.17941021354596
349.99999999999994,34.78308899999998,0.00024622549894808704,361281.22331257287,-729995.720440201,814504.6802684667,6527276.664495332,293.17855769318413
354.9999999999999,34.78308899999998,0.00022800566219502547,368947.3948598345,-678258.0080159376,772111.4593189292,5865497.430814982,293.17784630007634
359.9999999999999,34.78308899999998,0.0002093307594621036,381908.84274953976,-629027.1388488867,735886.8836843808,5328033.871973461,293.177237130818
365.0,34.78308899999998,0.0001898147779200715,397372.26750910317,-578199.2071464099,701583.2396302404,4842875.045371152,293.1766820566018
370.0,34.78308899999998,0.00016959353271119327,306722.86664133216,-416304.04775715026,517095.71367365256,3408785.904947514,293.17614318784763
374.9999999999999,34.78308899999998,0.00015007191474425275,175125.66961150523,-240252.467246274,297304.9750253097,1834302.1845158704,293.17561092606246
379.9999999999999,34.78308899999998,0.00013265569352848117,94041.95305091636,-144592.84139898795,172484.72024345704,977366.3171733902,293.1751098908818
385.0,34.78308899999998,0.00011867167977965648,45520.13143648212,-90385.26846143456,101200.68735359561,530220.5869596874,293.1746856411102
389.99999999999994,34.78308899999998,0.0001087033332009331,18496.178545831102,-57368.08328238566,60276.07817612224,310192.3300993804,293.17437810461604
394.99999999999994,34.78308899999998,0.00010262156152600987,5609.400177776267,-35244.339512383194,35687.93686974033,196815.05786950857,293.17420065210854
399.9999999999999,34.78308899999998,9.989310800398297e-05,1699.6158937587552,-19444.001525930875,19518.142573685633,120342.10310064655,293.17413498961304
0.0,39.75210171428571,0.00690501890250247,86155.19097995503,-18139993.03983929,18140197.634048827,3237642417.850118,293.547251944503
5.0,39.75210171428571,0.006900711142953472,150613.89296913522,-18285915.362775758,18286535.625955887,3290089601.1889663,293.5472005781373
10.0,39.75210171428571,0.0068899575132055565,327219.8261253853,-18589154.216540895,18592033.974284515,3400937582.161664,293.54751041902347
14.999999999999996,39.75210171428571,0.006867989160340934,636601.9570623692,-19077096.79930712,19087715.534915894,3584699545.860844,293.54844660500606
20.0,39.75210171428571,0.00682629731749932,1174799.710553327,-19804053.115477804,19838867.76407823,3872385791.870652,293.55018110843184
24.999999999999993,39.75210171428571,0.006750509189285601,2214263.2777975155,-20878114.03305061,20995204.39149063,4336956503.693564,293.55275784061735
29.999999999999993,39.75210171428571,0.006604870989719568,2968534.3522630436,-19199947.18426393,19428076.79826004,4350671765.143339,293.5559279084371
35.0,39.75210171428571,0.0064027377421312795,1995667.5124495619,-11770199.069001045,11938185.580068676,3050944322.302191,293.55930337645975
40.0,39.75210171428571,0.006170659845708082,910210.5627675251,-7690699.16770065,7744374.536180766,2318966334.996193,293.5629606796159
44.999999999999986,39.75210171428571,0.006045037885829947,-54501.65009220433,-6656988.630931306,6657211.733316842,2453848645.6841516,293.5668300386336
49.999999999999986,39.75210171428571,0.006201330838246885,-974282.4482447088,-8095582.0662934035,8153997.5031299265,3897549979.6052885,293.57085809871865
54.999999999999986,39.75210171428571,0.006625522309713567,-1703029.8161538916,-11048220.40434135,11178706.752465317,6707449323.923784,293.57488330979055
59.999999999999986,39.75210171428571,0.007130407758891604,-1858849.122365818,-14049462.319514168,14171898.656396348,9855133909.381456,293.5785100651982
65.0,39.75210171428571,0.0075525778244777035,-1351665.0388068724,-15997461.313324546,16054462.52131937,12171713815.6939,293.58133307372185
70.0,39.75210171428571,0.007779168288088476,-356097.3579064487,-16450560.126904376,16454413.809589332,13032017900.238144,293.583069449816
75.0,39.75210171428571,0.007726786884043344,827485.584163379,-15486597.89931647,15508689.399401598,12357003797.641815,293.58353636061094
80.0,39.75210171428571,0.007347073958006325,1858974.696307015,-13496065.758717516,13623493.600583412,10399955246.722706,293.5825976397774
84.99999999999999,39.75210171428571,0.006668062021520435,2480201.3601789684,-11164600.527730128,11436769.811919162,7679557732.542628,293.5801170822093
89.99999999999997,39.75210171428571,0.005867040483952404,2761388.307722462,-9456011.623664094,9850960.420836985,5072544081.393041,293.575877756025
94.99999999999997,39.75210171428571,0.005200990420017984,2944393.7800758174,-9168612.159182267,9629792.503354061,3350357882.966697,293.56949884600897
99.99999999999997,39.75210171428571,0.004785834648886239,2886924.3497740016,-10417646.770586094,10810258.851573395,2466320493.0283575,293.5606117015158
104.99999999999997,39.75210171428571,0.004581737766920352,2468651.0820190976,-12993654.9179391,13226084.314385608,2130408609.5643597,293.5492728194602
109.99999999999997,39.75210171428571,0.00448026149740234,2231609.2410552045,-13326248.488088898,13511808.856369108,1796270917.424264,293.53599431883333
114.99999999999997,39.75210171428571,0.004358576842814831,2675090.250568585,-12180166.35982462,12470467.529394815,1530066562.951287,293.52160347471533
119.99999999999997,39.75210171428571,0.0042127524723454815,3034073.4344784953,-11252910.655467007,11654767.257467264,1336447992.894069,293.5069364639077
125.0,39.75210171428571,0.004055169499366982,3187626.19067119,-10400535.714358032,10878056.070690658,1164253196.0013015,293.49263722391026
130.0,39.75210171428571,0.0038939898532783625,3207982.009175211,-9618564.50322796,10139424.622430444,1011513013.8310013,293.47910605600225
134.99999999999997,39.75210171428571,0.0037343712984494607,3166424.843807125,-8879663.952054286,9427336.749734323,874425660.8260483,293.46650893317883
140.0,39.75210171428571,0.00357734736889765,2829888.2794772238,-7871699.4381273,8364921.97922588,718603107.604307,293.4548317591325
145.0,39.75210171428571,0.0034389854128963468,1351020.5361138703,-4132967.898117833,4348181.244598015,357928999.560239,293.44395942509396
150.0,39.75210171428571,0.003317392050207722,576550.5399983912,-1812184.7252200567,1901689.7758292044,148629563.96976715,293.4338035897954
154.99999999999997,39.75210171428571,0.0031981510844979015,247351.32000660282,-667728.0863730136,712069.8510963481,53154755.567830145,293.4241145613281
160.0,39.75210171428571,0.003053840054853553,123953.34966231104,-203414.19418715296,238205.3049143027,17641569.857726827,293.4144245824311
165.0,39.75210171428571,0.0028064563032712134,73821.51125885373,-49024.02953963775,88616.99045242026,8013233.5119427005,293.40415187582266
169.99999999999997,39.75210171428571,0.0022882224976492394,41324.85261340314,-10862.404646266308,42728.62364058454,5122828.779613466,293.3928338140785
174.99999999999997,39.75210171428571,0.001627932132899974,40310.028878774094,-8800.820450405736,41259.57911573846,4468020.874511394,293.3803223945913
179.99999999999994,39.75210171428571,0.0012129120556738234,60713.10142134099,-30174.18480888639,67797.95065545024,4209759.810103566,293.36687592398886
185.0,39.75210171428571,0.0010627847113820375,73481.7769030699,-101109.64067326733,124990.92356611248,4408166.352893008,293.353146261764
189.99999999999994,39.75210171428571,0.0010021774698096052,94947.63965308489,-283691.4718486787,299158.662711548,8697483.286148205,293.33997797737504
194.99999999999997,39.75210171428571,0.0009690004944278201,141332.89914622714,-671898.3072985318,686602.0126184527,18434868.233330794,293.3280520329543
199.99999999999994,39.75210171428571,0.000946004380580504,216721.30919410137,-1343518.0219491331,1360885.3005161444,34410370.215837486,293.3176371653757
205.0,39.75210171428571,0.0009280741399223441,320966.9575134232,-2257673.5303518004,2280374.8721354096,54379052.12105351,293.3086212098477
209.99999999999994,39.75210171428571,0.0009118902260498397,328742.77666013566,-2310405.5533263893,2333676.4201678936,53582889.40417026,293.30070148815645
214.99999999999997,39.75210171428571,0.0008951998622563305,334103.2685011273,-2270126.59782881,2294580.5203114892,51802588.02881084,293.29355185839154
219.99999999999994,39.75210171428571,0.000878479899199727,329617.9315178229,-2269344.9639013046,2293158.2034308715,51738387.30955781,293.2868781285423
225.0,39.75210171428571,0.0008622380691045482,318689.4468999626,-2310964.398042142,2332835.059018036,53544259.85447205,293.28043015871367
229.99999999999994,39.75210171428571,0.0008466109545097307,323009.1047326826,-2411475.8188901357,2433012.6400888385,58241638.32689766,293.2739949293154
234.99999999999997,39.75210171428571,0.00082993715863128,323930.677883526,-2195509.4954404803,2219277.5916147563,57768470.411056414,293.26739228317865
239.99999999999994,39.75210171428571,0.0008079942828503814,257061.48258279773,-1347369.3628083274,1371672.2661270746,39766215.77511865,293.26049374220497
245.0,39.75210171428571,0.0007747159758498669,192932.83955730664,-733895.9863479158,758832.2603561513,24834208.440175544,293.2532742890571
250.0,39.75210171428571,0.0007234235578275953,131080.43164885946,-372993.1709717944,395355.5174179887,14631315.587359838,293.2458510087347
254.99999999999997,39.75210171428571,0.0006500061192132873,82583.62396036928,-188847.62980919273,206115.2159132789,8271017.364971783,293.23847628380435
260.0,39.75210171428571,0.0005600100662289089,49984.37172532478,-99994.96012886942,111791.90251511795,4359993.088246564,293.2314382473829
265.0,39.75210171428571,0.0004727690779908871,30567.32646361068,-61139.624933407424,68355.06699675371,2170133.361917612,293.2249404569933
269.99999999999994,39.75210171428571,0.00041571296737903755,22390.56946768576,-62051.634711173116,65967.74190023581,1481433.121130237,293.21907686414266
274.9999999999999,39.75210171428571,0.00039529808899751496,12611.608384781026,-111237.36277373122,111950.00465790863,1897219.1448101203,293.21389906019414
280.0,39.75210171428571,0.00039630880544133564,-16246.96812570799,-244871.40445098272,245409.79746349683,3668430.984165525,293.20946173344834
285.0,39.75210171428571,0.00040535637625537955,-78194.65323390054,-534511.4053300367,540200.7462251979,7610315.038458254,293.20577871155245
290.0,39.75210171428571,0.00041703523434851884,-187538.89831817965,-1077665.7544317113,1093862.110440464,14715809.771025673,293.20276182157556
294.9999999999999,39.75210171428571,0.0004287989620539909,-151514.6804209307,-1347246.7664133552,1355739.852624499,18084128.226716127,293.2002372146865
300.0,39.75210171428571,0.0004321867023906119,-11376.443769507368,-1326526.8674245677,1326575.649358934,17314457.74884995,293.1980195538453
305.0,39.75210171428571,0.00042993660643094166,92005.53788198248,-1294215.1718291682,1297481.379440089,16563309.626986474,293.19596627175645
309.99999999999994,39.75210171428571,0.00042298614860241366,177924.0052840334,-1249170.1319798382,1261777.702405158,15664284.04231701,293.19399372719147
314.9999999999999,39.75210171428571,0.0004121442059025383,248251.13644281615,-1193435.915725131,1218982.326240964,14619740.721208274,293.1920717572921
320.0,39.75210171428571,0.00039816103495813205,304065.8189756954,-1129826.7251460012,1170027.5428909773,13469051.805993268,293.19020797605936
325.0,39.75210171428571,0.0003817376240049688,346424.7023517023,-1061270.5287827041,1116380.4054452882,12262224.502062632,293.18843126718696
330.0,39.75210171428571,0.0003635185647229618,376613.8230839716,-990610.9906694342,1059786.8212867165,11050498.806466311,293.1867788243544
334.9999999999999,39.75210171428571,0.00034407624169657163,396264.56663210306,-920448.468467762,1002123.2408605127,9880686.527481064,293.1852868815628
339.99999999999994,39.75210171428571,0.0003238921080597515,407416.07926115603,-853066.974231268,945362.9589552488,8793100.084583472,293.18398495590407
345.0,39.75210171428571,0.00030333463377045603,412391.78203767544,-790140.79440452,891285.2836631016,7815887.94361696,293.1828923759559
349.99999999999994,39.75210171428571,0.000282652929855984,414015.23444239714,-733470.7178923542,842251.6894348854,6979569.46971818,293.18201187653756
354.9999999999999,39.75210171428571,0.0002619331103262163,416503.88881212514,-684874.9023823575,801579.1422616153,6321755.115456781,293.1813191964261
359.9999999999999,39.75210171428571,0.00024100254097477147,426345.63313182996,-643136.9634090483,771618.9166898336,5858016.422683567,293.18076078322144
365.0,39.75210171428571,0.00021929854701303333,341468.70762398647,-494392.51989094773,600853.4280592204,4472566.003870296,293.1802690688312
370.0,39.75210171428571,0.00019800677108176767,182361.22893528925,-273507.5870972733,328727.87837139936,2428292.794777283,293.1797864497513
374.9999999999999,39.75210171428571,0.00017764848664548642,92273.65708724056,-155313.22677117246,180656.09926688691,1329938.2513335894,293.1792848511623
379.9999999999999,39.75210171428571,0.00015978955036392622,42918.30732202461,-94783.75911432791,104047.7875556741,773257.8972751414,293.1787759603221
385.0,39.75210171428571,0.00014649143193825516,16658.77741371053,-63638.015700003394,65782.30694611912,525281.9260940719,293.1783057556881
389.99999999999994,39.75210171428571,0.00013923667773440255,3878.1181977028027,-45642.21018904976,45806.67147585328,438491.74751522904,293.1779289306796
394.99999999999994,39.75210171428571,0.00013825422184750465,-600.4431481683698,-32233.228373513855,32238.820439856063,399093.0654111288,293.1776803362624
399.9999999999999,39.75210171428571,0.00014158005890232213,-843.9650593395229,-20041.190721097802,20058.9531765943,312009.54367406236,293.1775649163284
0.0,44.72111442857142,0.0078085247283691765,-79979.69534639244,-18143061.65147129,18143237.93705952,3238727768.635025,293.5837141271648
5.0,44.72111442857142,0.007812523713136496,-106682.95497147721,-18323436.81740378,18323747.380224105,3303493405.637512,293.5838785648363
10.0,44.72111442857142,0.007819193023866324,-131487.00957843137,-18702493.85482537,18702956.05575409,3441639358.051956,293.5846696320484
14.999999999999996,44.72111442857142,0.00782567241409434,-80076.98096872824,-19322313.326622892,19322479.256427467,3673419712.2693205,293.58644520654855
20.0,44.72111442857142,0.007827200721963197,89144.04791350236,-20261871.172949243,20262067.270899825,4039358120.827641,293.58947950560145
24.999999999999993,44.72111442857142,0.007816758009302989,459287.0230980124,-21664368.029158704,21669235.950361058,4619894410.920828,293.5938366633652
29.999999999999993,44.72111442857142,0.007781272019653396,332274.23862762825,-18866553.954438794,18869479.70362208,4462584319.586375,293.5990846653938
35.0,44.72111442857142,0.007774430920118591,-423540.6765292162,-11067812.805561228,11075913.822507827,3100880936.9654307,293.6045909459855
40.0,44.72111442857142,0.00789008387824076,-1044683.2303009916,-6725615.2696577385,6806266.510145298,2531317254.0189314,293.6100379752812
44.999999999999986,44.72111442857142,0.008354618528342878,-1412007.7016583858,-5213674.654154614,5401496.935935152,2980555657.8344026,293.61500738730115
49.999999999999986,44.72111442857142,0.009356175732600239,-1801901.9697121019,-5987267.038981519,6252536.869505599,4885453172.174082,293.6194012753972
54.999999999999986,44.72111442857142,0.01064326461718105,-2173914.4731409806,-8383114.152174615,8660398.77978619,8204535119.967756,293.62333456262473
59.999999999999986,44.72111442857142,0.011773170995862604,-2122449.3240380124,-11253725.53876177,11452123.367956193,11758895652.052845,293.626851225529
65.0,44.72111442857142,0.012577400480859134,-1549066.9898602178,-13528236.316612208,13616636.382645313,14453091553.04969,293.6299445239847
70.0,44.72111442857142,0.013000458803720347,-525190.2523213832,-14452342.998493887,14461882.413684903,15590317973.074778,293.6325388139843
75.0,44.72111442857142,0.01297530339973968,765022.0228654994,-13769256.782324845,13790492.777020985,15007519637.088047,293.6344602533691
80.0,44.72111442857142,0.012386868575246974,2042829.1925590795,-11835738.286645748,12010739.023887897,13094996779.24416,293.635365896901
84.99999999999999,44.72111442857142,0.011090556065609943,3018406.9333859035,-9629512.042270657,10091495.557534954,10640936656.332373,293.6346502149736
89.99999999999997,44.72111442857142,0.009181324680027756,3772096.5584897012,-8444109.899884153,9248335.22575233,8373621756.018484,293.63144797863504
94.99999999999997,44.72111442857142,0.007337162012591408,4744479.263472979,-8841175.93471,10033766.759797655,6378145591.179598,293.6249354715283
99.99999999999997,44.72111442857142,0.006126332339034967,5480527.100049292,-10200645.37987766,11579695.309480045,4462197334.866234,293.6147975961214
104.99999999999997,44.72111442857142,0.005483493874853885,5298876.260860946,-12114795.62986246,13222948.339203712,3102469193.073901,293.60143291751103
109.99999999999997,44.72111442857142,0.005170702282713639,4710365.224686416,-14322324.420096222,15077019.511309909,2410913990.43454,293.5856386733868
114.99999999999997,44.72111442857142,0.004975731574526806,3929845.9553633025,-12752241.104634061,13344037.710663287,1751940586.8308246,293.5683467845104
119.99999999999997,44.72111442857142,0.004777717687177309,4019820.1776057985,-11428941.3651613,12115265.370126309,1444144714.9957273,293.55060417740367
125.0,44.72111442857142,0.004573749556766226,4065510.4161502463,-10422513.199479867,11187365.924879644,1231403942.7484787,293.5332688033553
130.0,44.72111442857142,0.004371166645562284,4010899.648786626,-9562544.362823946,10369646.603602879,1057968566.696651,293.51691917161753
134.99999999999997,44.72111442857142,0.004172659591887564,3854396.2278276943,-8857092.168669825,9659422.962341214,918009592.0098324,293.50183480495986
140.0,44.72111442857142,0.003985727022779515,2495707.741633363,-6184354.533340435,6668942.804200459,595167864.7411432,293.48806554346857
145.0,44.72111442857142,0.0038332107259581062,1153480.423000169,-3194832.6047676257,3396685.5107193748,286958980.4867003,293.4755983977484
150.0,44.72111442857142,0.0036941357519228194,506598.59980178106,-1386265.866951817,1475931.9751251403,118937930.72049671,293.4643322262719
154.99999999999997,44.72111442857142,0.0035520809621895424,226291.65429602837,-499848.2517410512,548685.873312425,42456555.298011,293.45391381322816
160.0,44.72111442857142,0.003369780539197409,118561.02059563604,-144434.11358803703,186863.3960213739,14736189.353417564,293.44369216576314
165.0,44.72111442857142,0.0030435308024386633,68883.52938660535,-29746.972041303823,75032.14622001315,7661584.2491631955,293.43288287895183
169.99999999999997,44.72111442857142,0.0024169967015524423,40022.72261633296,-5401.628014481713,40385.590386061755,5259757.402985707,293.42083652966704
174.99999999999997,44.72111442857142,0.001731709685607908,44049.715290296925,-7236.304623132486,44640.1335320022,4726574.769079015,293.4072426507928
179.99999999999994,44.72111442857142,0.0013550717745112037,63714.11819171315,-34312.10951643151,72365.80488335069,4197527.745187667,293.39228127489923
185.0,44.72111442857142,0.001212649633720609,80928.84467816577,-116989.39539823812,142253.2830432675,5124112.92480884,293.37668318630165
189.99999999999994,44.72111442857142,0.0011467893696007505,117736.24445955007,-321684.2448372696,342553.0274803645,10472529.397190576,293.3615009830498
194.99999999999997,44.72111442857142,0.0011058520827649243,194122.88019551313,-743751.5101519627,768667.6794745091,21562001.24206591,293.347635166277
199.99999999999994,44.72111442857142,0.0010747875122829383,323540.3717622303,-1453636.8348179385,1489207.31253226,38856573.30306773,293.3354994714548
205.0,44.72111442857142,0.0010482367856882832,471831.86026696383,-2379737.635945293,2426061.9366161027,58420083.74093365,293.32504453952936
209.99999999999994,44.72111442857142,0.001027188184725487,402194.2739564338,-2302596.41543084,2337458.125049152,53756691.44170474,293.31597528525873
214.99999999999997,44.72111442857142,0.0010080173582926399,361803.58192856045,-2248941.754640815,2277858.8296168055,51050319.32897463,293.3079439008323
219.99999999999994,44.72111442857142,0.0009910078265326309,312507.3430911593,-2237081.540279824,2258803.8111679032,50199787.22432467,293.30062420071806
225.0,44.72111442857142,0.000976766623983524,247751.1148859255,-2268012.161604613,2281503.841792437,51213830.70573178,293.2937361245466
229.99999999999994,44.72111442857142,0.0009662327150440383,159373.15717988912,-2352434.6335192053,2357827.0734322574,54697660.70492249,293.287039513473
234.99999999999997,44.72111442857142,0.000960829308265535,110447.45895475049,-2184128.9862403804,2186919.767555498,54493057.513234615,293.2803204667292
239.99999999999994,44.72111442857142,0.0009534422495139518,101442.6169745148,-1325624.467111236,1329500.2190081002,36960817.310975775,293.2733940766361
245.0,44.72111442857142,0.0009392697265116973,91805.37560180509,-703497.7141224492,709462.6563568373,22458598.717059795,293.2661457558486
250.0,44.72111442857142,0.0009118083745919682,72006.04926516708,-337546.46116008837,345141.25307253073,12808528.270449162,293.2585790136302
254.99999999999997,44.72111442857142,0.0008605779012904516,49920.59169103358,-153807.2861909001,161705.74127158363,7147423.901160298,293.25084832833835
260.0,44.72111442857142,0.000773122083942053,32328.60375617688,-72637.4066523993,79506.8013820825,4011879.046038169,293.2432076881829
265.0,44.72111442857142,0.0006520417457284071,22734.15636218873,-44290.72807611254,49784.64079425089,2427951.5281792586,293.2359002718805
269.99999999999994,44.72111442857142,0.0005467706520010503,23295.144154473182,-50881.7284359461,55960.82584993767,2068868.0446244872,293.2291009132021
274.9999999999999,44.72111442857142,0.0004956243282747947,24745.19897749196,-95834.70326258361,98977.85217847032,2527697.0939152767,293.222949870052
280.0,44.72111442857142,0.0004818780667954953,13338.01840246576,-212006.1531669479,212425.30855703584,4228328.877200939,293.2175837437194
285.0,44.72111442857142,0.00048292143342360525,-20446.140597646765,-466917.5077110693,467364.957685592,8030432.621695337,293.21307975841336
290.0,44.72111442857142,0.0004895180629446447,-99456.7873229629,-960375.489717346,965511.6435312612,15043993.299162071,293.2093799540089
294.9999999999999,44.72111442857142,0.0004992345775825161,-113680.1431637826,-1474232.0922662725,1478608.6151573476,21510540.21082378,293.2063068240131
300.0,44.72111442857142,0.000500886077261023,26671.13803112367,-1441886.9642960127,1442133.6163513581,20462366.243437726,293.20365161390265
305.0,44.72111442857142,0.0004965674637794037,139068.06119510444,-1393296.6992582574,1400219.8462414823,19290225.766074438,293.20124495529956
309.99999999999994,44.72111442857142,0.0004869792711415125,235700.6866789439,-1331508.3448620846,1352209.0393642152,17990056.29434162,293.19897596643466
314.9999999999999,44.72111442857142,0.00047299739511150933,314719.5897702327,-1259518.1714462214,1298242.8295154865,16582756.27861763,293.19678964756474
320.0,44.72111442857142,0.00045550731216448926,376383.7340344358,-1180495.2262277107,1239045.477128309,15104951.883230789,293.19467592840203
325.0,44.72111442857142,0.00043535902170806576,421610.87126642745,-1097645.2376999569,1175831.9584938278,13603021.125467211,293.1926576792225
330.0,44.72111442857142,0.0004133462250378465,451792.56373227184,-1014232.9494228159,1110308.514035033,12129200.994013986,293.19077794166526
334.9999999999999,44.72111442857142,0.0003901797653348386,468807.4683390409,-933264.9240862152,1044396.4098464289,10731874.694417061,293.18908581736184
339.99999999999994,44.72111442857142,0.00036646547820394244,475215.8773911836,-857701.6134319514,980551.9811863342,9459890.202045443,293.1876245086062
345.0,44.72111442857142,0.0003426581775957202,473474.72800587845,-788720.6625890234,919923.1498636768,8326221.281791201,293.18642331539974
349.99999999999994,44.72111442857142,0.0003191180054033546,465894.73448032344,-728971.223995325,865134.0641945231,7363964.354781997,293.18548721687614
354.9999999999999,44.72111442857142,0.0002960687041476879,458721.3097711769,-686113.8282089692,825334.7353030472,6702010.430496438,293.18478377674137
359.9999999999999,44.72111442857142,0.0002732458744262369,385579.29748808034,-582681.2325996845,698705.097645129,5529566.736660149,293.1842446721155
365.0,44.72111442857142,0.00025168003386836076,193330.8068620476,-325771.0261924154,378818.6404975206,3036054.8840263058,293.1837887840591
370.0,44.72111442857142,0.00023167366114818189,88099.26998947072,-181070.53214612766,201365.38675839873,1706304.3353873927,293.1833478641258
374.9999999999999,44.72111442857142,0.00021399973748829036,35190.13363961645,-105594.05771864703,111303.41652915702,1061106.6476251394,293.18288108483614
379.9999999999999,44.72111442857142,0.00020103864541008584,10032.179633751226,-68831.34816807677,69558.60204776155,820953.114073754,293.18238383425796
385.0,44.72111442857142,0.00019669890060860772,-1239.8404359721667,-51513.10963727294,51528.02799262139,844689.5748468557,293.18188945644863
389.99999999999994,44.72111442857142,0.00020504759904558945,-5271.41359567703,-41789.20430531825,42120.36796810206,1024569.3826082496,293.18145466019087
394.99999999999994,44.72111442857142,0.000227640253578046,-4788.410680459088,-32757.176195960867,33105.308776357306,1166942.075277162,293.1811334035235
399.9999999999999,44.72111442857142,0.00025686797402598154,-2827.150703108674,-22241.853732304106,22420.812620137076,1022641.780310507,293.180961555776
0.0,49.69012714285713,0.008708080982947078,-272359.406164012,-17967983.90395676,17970048.002689786,3177191025.546469,293.6177722141518
5.0,49.69012714285713,0.008721698953255278,-405351.25328032207,-18164731.41424228,18169253.616758622,3248022483.649605,293.61816487589965
10.0,49.69012714285713,0.00874861610827511,-665466.1887368386,-18578046.041153297,18589960.73033947,3400179130.4372697,293.6193901645243
14.999999999999996,49.69012714285713,0.008788245572128962,-913111.1869628908,-19251742.3284926,19273384.620310735,3654776546.3729434,293.62182858671406
20.0,49.69012714285713,0.0088399272269714,-1152740.2083372911,-20262470.529103138,20295233.97082898,4052592883.649999,293.62578363707496
24.999999999999993,49.69012714285713,0.008903519592962691,-1533842.1066343063,-21733225.344482165,21787284.26128705,4670367464.187008,293.6312828652465
29.999999999999993,49.69012714285713,0.00899331143763483,-2463809.7109459657,-18338989.404991716,18503753.42162098,4444048555.060726,293.63776473368387
35.0,49.69012714285713,0.009228548090541718,-3231794.119176845,-10607796.235097792,11089176.443456067,3329699191.553036,293.644532042243
40.0,49.69012714285713,0.00988272807044846,-3427225.411654727,-6361752.042685176,7226185.928614135,3292418445.82936,293.65114844951063
44.999999999999986,49.69012714285713,0.011424862846330562,-2936516.028393235,-4731807.418415068,5568943.151979399,4027629737.6219974,293.657090307491
49.999999999999986,49.69012714285713,0.013758797007763845,-2962721.1493383427,-5585148.8271096805,6322310.023219468,5924750552.661009,293.66225472964794
54.999999999999986,49.69012714285713,0.01588824855612116,-3336690.0114056035,-8764679.59761583,9378331.870918043,9241283227.8811,293.6668181542635
59.999999999999986,49.69012714285713,0.017322094606782516,-3166743.449144687,-12990078.136618942,13370504.630273541,12863675539.28563,293.67098890862655
65.0,49.69012714285713,0.01820424297227429,-2370357.917376661,-16696905.86773366,16864319.20394147,15804932731.156738,293.6749412800692
70.0,49.69012714285713,0.01866092048904171,-980304.2103231777,-18547887.728034247,18573775.478252687,17236493006.643627,293.67867134802526
75.0,49.69012714285713,0.018702054030657837,863641.4191441159,-17938585.625706505,17959363.316990536,16964154289.277706,293.68193751852584
80.0,49.69012714285713,0.018199242732614553,2858921.228209338,-15228635.497231716,15494669.073479816,15457685113.679966,293.684158549035
84.99999999999999,49.69012714285713,0.01683121172418174,4463644.950236508,-11663697.000412352,12488632.990011357,13689567882.344044,293.68439975243245
89.99999999999997,49.69012714285713,0.014217210937092821,5269882.10702848,-9018756.904241694,10445555.682671275,12166692467.167154,293.6815690519752
94.99999999999997,49.69012714285713,0.010858583522149705,6365241.219084437,-8785613.260846747,10849114.993689474,10920914570.298,293.6749034525079
99.99999999999997,49.69012714285713,0.008214597188268958,7888222.625518556,-10232009.107411526,12919677.494577613,8547491427.545018,293.6642027345102
104.99999999999997,49.69012714285713,0.006753049696743826,8118381.222348007,-11775137.057360336,14302516.086024633,5454106504.02933,293.64990499780305
109.99999999999997,49.69012714285713,0.006014593986648385,7142469.984121006,-13070334.861751925,14894580.587327635,3444573288.827797,293.6328542454088
114.99999999999997,49.69012714285713,0.005625897806506102,6209371.5998995975,-13979282.859803626,15296295.137713548,2469242669.9253006,293.6139109095867
119.99999999999997,49.69012714285713,0.00534856357143173,5349362.950785977,-12428811.186154513,13531113.460477713,1801407323.76017,293.5939947937168
125.0,49.69012714285713,0.005090961511427504,5042456.277575,-11045009.468297211,12141606.132058088,1450431201.2962654,293.57408315858356
130.0,49.69012714285713,0.00484431794367423,4763701.4102362795,-10110236.684400758,11176302.4717699,1228969617.540985,293.55494507145045
134.99999999999997,49.69012714285713,0.004614591370403876,3541906.5565755228,-7823633.221334659,8588034.631828403,883086779.7152817,293.5370520207026
140.0,49.69012714285713,0.004413287390627997,1943817.4104344873,-4786430.394598217,5166076.07836372,503846247.3844062,293.5206877726375
145.0,49.69012714285713,0.004241610079054659,924401.7340354517,-2441323.469948392,2610474.832441142,240348749.5324084,293.5060221895125
150.0,49.69012714285713,0.004081913150658082,418365.5103925587,-1040943.9563048312,1121870.7681607453,98102847.12152359,293.4930301652909
154.99999999999997,49.69012714285713,0.003910168515282565,200288.21104382208,-362575.54199310864,414217.8063950548,34757487.15545251,293.48133178523915
160.0,49.69012714285713,0.0036695295588939835,113094.74006551442,-94854.17295799739,147606.6880531907,13169799.578209097,293.4701820715172
165.0,49.69012714285713,0.003215360774477858,64634.61316498538,-13225.567138726035,65973.84970674556,7986170.147160074,293.458689691293
169.99999999999997,49.69012714285713,0.0024641739132655683,43509.454464947805,-302.3557165823639,43510.505016797,6053654.8346257685,293.4460581520424
174.99999999999997,49.69012714285713,0.0018012996199086207,56082.5842903956,-6887.076545372173,56503.87671683371,5452467.20210345,293.4317595025316
179.99999999999994,49.69012714285713,0.0014907102714469761,75869.50664460496,-44182.42305881546,87796.74564494919,4391238.649795957,293.4157570910193
185.0,49.69012714285713,0.0013620083110513497,102465.85908911785,-147450.70318705126,179557.68474010474,6146540.475844593,293.3987129929611
189.99999999999994,49.69012714285713,0.001292166126160711,164741.62894977568,-389581.5115037071,422981.7471411014,12699805.627952656,293.3818182353234
194.99999999999997,49.69012714285713,0.0012431547156888654,289026.46579968795,-868699.9459357492,915519.4667517627,25367210.360164683,293.3662011767687
199.99999999999994,49.69012714285713,0.0012032602832760494,502922.19769384724,-1645360.6315282246,1720506.4210040504,44299028.80638611,293.352453317607
205.0,49.69012714285713,0.0011666589208656742,625374.3994331864,-2347165.0397861917,2429048.5510711665,58052007.61673356,293.3406190727075
209.99999999999994,49.69012714285713,0.0011407228433327307,479586.5515937908,-2245960.991915075,2296594.008020088,51893541.156424806,293.3304385030333
214.99999999999997,49.69012714285713,0.001118700265706295,399212.11802117573,-2186478.8983439305,2222624.639492292,48604569.60021767,293.32155925249845
219.99999999999994,49.69012714285713,0.0011008016315306132,310665.7125838799,-2162556.0261823554,2184756.680125471,46962477.99173684,293.3136332621827
225.0,49.69012714285713,0.0010876336944479071,204051.24951222798,-2172229.0469399206,2181791.9114335855,46835105.992392324,293.3063547281792
229.99999999999994,49.69012714285713,0.0010803965065793904,63291.0330651158,-2216633.2922773063,2217536.675525025,48382296.13077846,293.2994580466684
234.99999999999997,49.69012714285713,0.0010813045911413955,-74752.58119783639,-2264866.371935898,2266099.6516309287,51276301.501574345,293.29270001863716
239.99999999999994,49.69012714285713,0.001087982981476695,-56856.23938896878,-1373803.1756512031,1374979.1988924001,34258230.01982663,293.28584878734443
245.0,49.69012714285713,0.001091776019918859,-5250.7334705940875,-726606.6009878418,726625.5726308316,20203615.849470507,293.27871269981927
250.0,49.69012714285713,0.0010900251090391535,18220.481552748584,-345988.4045041249,346467.8368901275,11097360.865061134,293.2711844453689
254.99999999999997,49.69012714285713,0.0010746558189836269,25742.343199027928,-154502.04909365595,156631.8977970803,6035895.107336764,293.26329943686386
260.0,49.69012714285713,0.0010256549640571704,24536.311207913845,-69519.6540178994,73722.53971791826,3566393.7747974414,293.2552382225237
265.0,49.69012714285713,0.0009110144381249541,20417.555771870473,-39098.39263316267,44108.51267266207,2535172.2435364584,293.2472525274087
269.99999999999994,49.69012714285713,0.0007552457152377194,25137.691902862214,-44799.44578549391,51370.1654356946,2746931.637668441,293.239591834555
274.9999999999999,49.69012714285713,0.000645060473387993,39376.54481099448,-90193.83883864895,98414.63735494042,3830410.1303737247,293.23249399023655
280.0,49.69012714285713,0.0005969684138832324,48936.987845885764,-201303.0716916183,207166.009402868,5722103.076829632,293.22618559349775
285.0,49.69012714285713,0.0005787455827707415,47083.82860589027,-438766.0196582876,441285.06310883176,9516407.467142506,293.2208140670475
290.0,49.69012714285713,0.000573582115222033,16601.650952742784,-890054.9022539072,890209.7190216298,16142300.032144347,293.2163643443332
294.9999999999999,49.69012714285713,0.0005753085222595737,-18996.803315732803,-1624151.757175439,1624262.8509180043,25957178.0280004,293.2126726746661
300.0,49.69012714285713,0.0005754817955536063,69057.35560900034,-1573291.4651043823,1574806.3222294992,24400523.94925556,293.20952116524916
305.0,49.69012714285713,0.0005684027866986736,201700.0905524811,-1505413.233777923,1518865.3432620624,22697780.827376727,293.20672134143877
309.99999999999994,49.69012714285713,0.0005553117864983581,310873.44640331966,-1423922.3179280185,1457462.5440031653,20899681.011000894,293.20413634764446
314.9999999999999,49.69012714285713,0.0005373154420583417,398328.35774644435,-1332546.2984843138,1390807.3619984994,19031753.955465175,293.20168088883986
320.0,49.69012714285713,0.0005154789507237137,464935.552152479,-1234943.481735774,1319564.500407997,17131922.438394386,293.199315551564
325.0,49.69012714285713,0.0004908218868430938,511656.57582162484,-1134575.2983064733,1244609.8019494836,15240923.619872404,293.19704330076405
330.0,49.69012714285713,0.00046431329314155123,539975.3967489627,-1035440.8477848805,1167780.4495519146,13417365.582145164,293.19490377962995
334.9999999999999,49.69012714285713,0.0004368243471681975,551825.8063766499,-940743.4484107104,1090646.5771783795,11703423.863306114,293.1929585733715
339.99999999999994,49.69012714285713,0.00040913071250388625,551064.533892473,-855835.2277885579,1017902.7741577391,10194300.908553759,293.19127060576574
345.0,49.69012714285713,0.0003817178937789502,540324.3704027851,-778183.087759049,947374.9750364815,8830568.6259489,293.1898857773889
349.99999999999994,49.69012714285713,0.00035509827546360774,515986.1673638167,-727106.8838015076,891586.3084314046,7821168.347582879,293.1888154235422
354.9999999999999,49.69012714285713,0.00033011927704256855,428625.6877488426,-640376.9074297443,770585.8574925,6465174.814245974,293.1880224117843
359.9999999999999,49.69012714285713,0.0003076662635583462,207171.97277276058,-376598.01076692407,429821.2279729349,3615157.5022389637,293.18743001178586
365.0,49.69012714285713,0.00028891544096339703,83120.21226897456,-218876.4829013411,234127.92327037896,2121422.737459797,293.18695219069866
370.0,49.69012714285713,0.000274971170003484,23560.02691375106,-129813.4262398977,131934.0763423841,1447359.7519460886,293.18651777516845
374.9999999999999,49.69012714285713,0.00026900442322605055,-1458.0225339944743,-82406.55540315933,82419.45281985076,1276513.1578820313,293.18607968680874
379.9999999999999,49.69012714285713,0.00027775591367268154,-10038.18728098717,-58556.54103461068,59410.72042843966,1488277.8016750088,293.185618573187
385.0,49.69012714285713,0.00031202386868903935,-11764.931665160513,-46880.64864549001,48334.344254451,2056285.7218750163,293.18514698997336
389.99999999999994,49.69012714285713,0.00038300452013996733,-10539.209015818611,-39584.475889550675,40963.46735970395,2796716.1692062123,293.1847071491608
394.99999999999994,49.69012714285713,0.0004905567184518167,-7263.452414081398,-32090.719845803065,32902.46253995958,3161720.479127553,293.1843567402814
399.9999999999999,49.69012714285713,0.0005986125387365808,-4472.967950866048,-23967.037209361326,24380.85960101459,2825694.8078239486,293.18415381558316
0.0,54.65913985714283,0.00959418753774602,-471036.0473915085,-17598589.757910736,17604892.400272794,3049380387.731887,293.6491055820988
5.0,54.65913985714283,0.009617739340115596,-712964.2582182593,-17792134.907290265,17806414.08573645,3119591942.4196124,293.64972888626164
10.0,54.65913985714283,0.009665483963567846,-1211761.220273871,-18196433.97455305,18236736.95169254,3272194575.822383,293.6513117385914
14.999999999999996,54.65913985714283,0.009738915462142983,-1754062.32034412,-18848303.953885783,18929746.34171619,3525611398.7070403,293.6541662595941
20.0,54.65913985714283,0.009840890195602258,-2376960.0834337366,-19808727.592027023,19950830.259750344,3916217466.7735496,293.65853992002604
24.999999999999993,54.65913985714283,0.009976611470486356,-3446880.4965907475,-21168453.379554126,21447246.99443111,4525722897.693395,293.66440683615355
29.999999999999993,54.65913985714283,0.010185578245261333,-5222422.009122595,-17482930.394056175,18246274.87474584,4384788087.572582,293.6712208668954
35.0,54.65913985714283,0.010675692139712825,-6231710.2471318655,-10072051.382190794,11844004.037896128,3889469596.380205,293.6784372005071
40.0,54.65913985714283,0.011941704301385412,-5973008.424707474,-6160308.173429719,8580572.616862552,4712876748.389805,293.68568698298475
44.999999999999986,54.65913985714283,0.014561683356472888,-4965139.8478570655,-4913006.221873894,6985001.348958329,5584786441.293776,293.69247005860194
49.999999999999986,54.65913985714283,0.01771814360868569,-5422737.260452769,-6665313.311855356,8592582.902777199,7211709006.289375,293.6987042398804
54.999999999999986,54.65913985714283,0.019945179950547308,-5852678.583653289,-10828000.377050003,12308510.82661704,8904837049.027557,293.70440535847075
59.999999999999986,54.65913985714283,0.021214573095972394,-5233398.028688536,-15993850.320218017,16828300.6566979,10672165489.130781,293.7098011105922
65.0,54.65913985714283,0.021949702470296865,-3996768.7734432397,-20527164.076631535,20912642.72293971,12341779536.267843,293.71505785849797
70.0,54.65913985714283,0.02236094126688595,-2184436.363977846,-22957067.172438376,23060760.94555677,13308556155.408138,293.7200731500076
75.0,54.65913985714283,0.022505322916261308,263080.4057426435,-22675498.71915167,22677024.792995546,13540289652.906929,293.7244299138102
80.0,54.65913985714283,0.02229053692302914,3221055.3149896995,-19884503.902062174,20143701.06940006,13311969626.590136,293.7273083738241
84.99999999999999,54.65913985714283,0.021431291184730923,6076029.901362324,-15730632.778710768,16863301.781706296,13589383406.714731,293.72770911325483
89.99999999999997,54.65913985714283,0.019339398521473865,7595750.122919619,-11735676.154481195,13979324.544937497,14834476223.050714,293.7247800094824
94.99999999999997,54.65913985714283,0.015570912794843291,7797942.018225578,-9435553.503774516,12240815.726176076,14974352727.066357,293.7179833622822
99.99999999999997,54.65913985714283,0.01141871816095866,8912827.080337062,-9888934.17599606,13312757.25389645,13531184634.406221,293.7073622742086
104.99999999999997,54.65913985714283,0.008654666956160028,9629814.368399004,-11224355.806286061,14789167.929127436,9381550487.006636,293.6931862973181
109.99999999999997,54.65913985714283,0.007220546408572784,8599128.41528507,-12216564.78946325,14939526.925499227,5589414552.500451,293.67611205070733
114.99999999999997,54.65913985714283,0.006465886448229762,7030061.997183542,-12652730.361604696,14474576.238623276,3541103407.93324,293.6568362347933
119.99999999999997,54.65913985714283,0.006012896103326474,5805158.191601502,-12356679.467231017,13652376.682666158,2509752277.8805532,293.63601069800774
125.0,54.65913985714283,0.005671405406313725,4928278.757889477,-11148036.524671292,12188791.977504162,1889256668.1187057,293.6143998328167
130.0,54.65913985714283,0.005375924538146788,3814809.5008506905,-8979783.482122812,9756499.521528529,1356544892.9391315,293.5927865467857
134.99999999999997,54.65913985714283,0.005118852180839742,2478069.2034621504,-6301351.846219746,6771104.936936405,869144978.6211578,293.57186627644575
140.0,54.65913985714283,0.004898459348307904,1367243.9966094152,-3768604.4755892404,4008956.951589246,481021672.0520733,293.5522476505938
145.0,54.65913985714283,0.0047029386681779264,675550.4918613107,-1890013.3938195813,2007117.1106518598,225751758.45630977,293.5344577253742
150.0,54.65913985714283,0.004513691586477461,324261.7326530965,-787089.0428324079,851266.6048953313,89920796.50380498,293.5187776886405
154.99999999999997,54.65913985714283,0.0042939796413999955,172695.69799306887,-260706.32536664515,312716.4725298178,31466045.90159515,293.50499528542616
160.0,54.65913985714283,0.0039489141718006444,105723.23039518723,-57370.28935863198,120286.12366473117,13536834.260382451,293.4923985367007
165.0,54.65913985714283,0.00328864273865992,62396.70440642741,-2416.1189374547703,62443.46524259369,9358691.957520181,293.4800341099078
169.99999999999997,54.65913985714283,0.002426762389478587,57614.49522810748,4129.839266518589,57762.32018155866,8194086.954205711,293.466959187144
174.99999999999997,54.65913985714283,0.0018505125006413763,81778.99512511755,-10052.326783800101,82394.49810176833,6676729.775954726,293.4524051397592
179.99999999999994,54.65913985714283,0.00160930656716552,104629.93730450909,-65151.62769107382,123256.47395225048,5056131.672502109,293.43602585749863
185.0,54.65913985714283,0.0014965885046804629,149970.34098363537,-204435.81455436297,253545.07577007634,7726102.450095457,293.418235807813
189.99999999999994,54.65913985714283,0.0014261128275027326,254318.36963859745,-510547.40576178243,570382.7545304297,15755151.269272922,293.4002035030426
194.99999999999997,54.65913985714283,0.001371412039637746,457032.70682372793,-1085638.8640376278,1177917.9250760789,30649852.560915884,293.38323419800986
199.99999999999994,54.65913985714283,0.0013235002122902848,768337.2641328842,-1965776.3450842362,2110596.7853543092,51289433.11315801,293.3681237715278
205.0,54.65913985714283,0.0012814986441927736,731078.5307248266,-2235581.828061018,2352084.592025426,54431553.14519633,293.35505450880635
209.99999999999994,54.65913985714283,0.0012503923592178021,561884.569923656,-2147200.742572497,2219501.137377986,48468055.500860184,293.34384151984557
214.99999999999997,54.65913985714283,0.001225310187200408,444691.6489606501,-2088896.208363441,2135705.5115278657,44877389.841392756,293.334155449646
219.99999999999994,54.65913985714283,0.001205923194321737,326668.88165180065,-2054849.74701182,2080653.7532790455,42593613.04758441,293.3256436187818
225.0,54.65913985714283,0.001192643299035228,194008.99033000102,-2042143.8642737332,2051338.8434677783,41401841.672941245,293.31798354250327
229.99999999999994,54.65913985714283,0.001186522295288737,33822.13385562383,-2047703.1465786456,2047982.4494479033,41266469.39101796,293.31088983888554
234.99999999999997,54.65913985714283,0.0011892610856496656,-183704.1266905537,-2064718.512499691,2072874.7530958245,42275716.48649839,293.30409726452666
239.99999999999994,54.65913985714283,0.0012048927079577924,-213498.31215054973,-1486349.3988575311,1501604.4967884445,32057396.814502805,293.2973429170688
245.0,54.65913985714283,0.0012201119066520105,-103233.00750825691,-797559.8185543901,804213.1048495241,18489847.612695362,293.2903777623402
250.0,54.65913985714283,0.0012348888062164863,-37221.31910426427,-388677.6045172319,390455.76810839307,9838064.281111442,293.2830052519938
254.99999999999997,54.65913985714283,0.0012445244415731742,617.8535446809927,-180635.21529374045,180636.27195892477,5138314.45268061,293.27514371348207
260.0,54.65913985714283,0.0012338999083375817,19840.936072068416,-87613.49068580483,89831.99037295966,3116300.6619319455,293.266870633095
265.0,54.65913985714283,0.001166650059701833,26428.378873099624,-52379.26567620268,58668.95842469272,2769063.5360715054,293.25840283018715
269.99999999999994,54.65913985714283,0.0010178063424746988,32576.691797089476,-51294.37749369841,60764.743156772995,3465179.0384541075,293.25003816001043
274.9999999999999,54.65913985714283,0.0008559191389861967,55062.95385631584,-93756.23091624615,108729.75546281357,5594378.345682965,293.24210996781113
280.0,54.65913985714283,0.0007529748278426625,91024.26339289895,-208779.1916100696,227759.0116231935,8770382.840712529,293.2349383542737
285.0,54.65913985714283,0.0006995036585929346,128458.99842185278,-446244.31284168444,464365.9128522384,13267116.022078311,293.2287390120541
290.0,54.65913985714283,0.0006726452395818232,151555.14749433237,-873182.1653702047,886237.0205834488,19814446.49857331,293.22354154733637
294.9999999999999,54.65913985714283,0.0006606431922092008,126676.26903382933,-1547395.8610338941,1552572.326135294,28841415.072721414,293.2192081439037
300.0,54.65913985714283,0.0006572401831286404,144673.78451867713,-1724801.4071226742,1730858.2836094103,29475954.295796435,293.2155297009517
305.0,54.65913985714283,0.0006461758137573331,287511.4994833775,-1630974.2476056155,1656121.9335205618,26985437.946698815,293.2123108995761
309.99999999999994,54.65913985714283,0.0006284890331803027,407496.28654965403,-1526099.2492477554,1579567.0742663385,24548275.999474235,293.20939666407895
314.9999999999999,54.65913985714283,0.0006054261851023677,502527.2377242685,-1411724.281370161,1498498.9393606128,22093154.644267675,293.2066720604861
320.0,54.65913985714283,0.0005782363094078758,573127.8174231455,-1292122.9336551423,1413526.5016198987,19658608.02485401,293.2040607406036
325.0,54.65913985714283,0.0005481134033600532,619877.0961935233,-1170286.8706331165,1324318.305378872,17255582.20247114,293.20153078417235
330.0,54.65913985714283,0.0005162485997885235,644423.149045385,-1052266.5214478092,1233914.9189411087,14980119.681223156,293.1991025748544
334.9999999999999,54.65913985714283,0.0004836710884555147,647299.99020282,-938553.7540273173,1140122.9874515033,12789343.647282405,293.196843269583
339.99999999999994,54.65913985714283,0.0004515186007682415,636768.7771745789,-846802.4213545257,1059504.0426521723,11044602.473343665,293.1948416650944
345.0,54.65913985714283,0.0004199942107380568,601405.283597998,-787766.4077687985,991092.4418784281,9664361.82323264,293.1931740091569
349.99999999999994,54.65913985714283,0.0003913780724084417,449062.39956787496,-643346.0791353082,784570.7209961584,7215347.809507605,293.19187183365744
354.9999999999999,54.65913985714283,0.00036649407092789705,215818.1212662423,-400962.71990192065,455355.42625298374,4130462.195198036,293.19090410024654
359.9999999999999,54.65913985714283,0.0003476821739046874,77188.58425597336,-251742.4552745495,263310.35172795627,2585238.825585729,293.1901918700395
365.0,54.65913985714283,0.00033724089480115894,8906.701639796263,-161624.59473283787,161869.82101878792,2020492.4536530783,293.18964487065654
370.0,54.65913985714283,0.0003407014974192571,-18634.329984282896,-108333.29148193118,109924.24799502705,2116580.848587462,293.1891882075815
374.9999999999999,54.65913985714283,0.0003704163419318541,-25333.304206483015,-76486.24402093001,80572.46320206093,2766648.7008762206,293.18876920774585
379.9999999999999,54.65913985714283,0.00045043208922343025,-22936.376713162248,-57018.13490110897,61458.48260679035,3938450.745623738,293.18835698823835
385.0,54.65913985714283,0.0006134921353097943,-17987.895651023908,-44826.22252070066,48300.668892133326,5372409.281622466,293.18794469386773
389.99999999999994,54.65913985714283,0.0008714478047448162,-13228.034072029026,-37101.31716762882,39388.94033842177,6471796.296906359,293.1875530788687
394.99999999999994,54.65913985714283,0.001174316272216327,-8551.339612070866,-31851.482050034523,32979.42264419806,6710168.822753131,293.187228171332
399.9999999999999,54.65913985714283,0.0014076599566173245,-5858.111924303503,-27729.21756211418,28341.25935671752,6295808.695984611,293.18703181053047
0.0,59.62815257142855,0.010457033308158213,-657050.7293860926,-17038042.00424812,17050706.466287844,2860418699.9439926,293.6773526406999
5.0,59.62815257142855,0.010489885844627518,-999490.356011889,-17211388.664465867,17240385.16771203,2924413506.5904346,293.67818215841965
10.0,59.62815257142855,0.010556982343759402,-1715089.672930468,-17570310.10729638,17653819.12937691,3066353343.258282,293.68002860184447
14.999999999999996,59.62815257142855,0.010661394811920565,-2515412.6838408676,-18140124.565548413,18313694.881799262,3299869774.2446675,293.68307474555104
20.0,59.62815257142855,0.010808523612143489,-3458510.6073750304,-18960616.484894168,19273460.33042759,3654805259.970303,293.6874678639641
24.999999999999993,59.62815257142855,0.011007245872658068,-5105733.460083854,-20087226.471309885,20725954.295884967,4226432380.030614,293.6931729390053
29.999999999999993,59.62815257142855,0.011319096958151875,-7674823.169734208,-16165994.53108686,17895314.746207155,4278087990.9212418,293.69981928346715
35.0,59.62815257142855,0.012049310263639309,-8921730.683176415,-9250971.222921822,12852149.507006958,4638897385.884939,293.707132922758
40.0,59.62815257142855,0.013865736536980481,-8095407.821617305,-5767044.147793001,9939538.52051976,6070695381.780839,293.71481721634973
44.999999999999986,59.62815257142855,0.017105226593728314,-7337762.128249321,-5052893.471815233,8909235.965462077,6885067210.07426,293.7224420582741
49.999999999999986,59.62815257142855,0.020334868898625423,-8741764.66776935,-7280937.437898558,11376752.589436645,7592028292.4623375,293.7299033930957
54.999999999999986,59.62815257142855,0.02231687907682794,-9149551.44847966,-11538772.713005118,14726084.592680017,7171464177.151037,293.73710174575297
59.999999999999986,59.62815257142855,0.023410173955670507,-8187503.109750504,-16933915.21046599,18809377.754923888,7391459981.429234,293.74425980218683
65.0,59.62815257142855,0.024055432329775323,-6659426.704633816,-21842943.3403389,22835545.489513613,8118618682.9810505,293.75132675970633
70.0,59.62815257142855,0.02446395735751808,-4835756.90886519,-25043658.07965608,25506261.091982115,8965418687.445852,293.75790931435597
75.0,59.62815257142855,0.02473275651360083,-2201668.650717775,-25551500.394116085,25646179.388713397,9537966298.05726,293.76325385551365
80.0,59.62815257142855,0.024788459477190855,1674009.4086892905,-23220026.647291068,23280290.913158443,9826948774.537138,293.7662810527137
84.99999999999999,59.62815257142855,0.02442425668429451,5766290.2967016855,-18965963.82825614,19823165.43139759,10546131815.394703,293.76612000179193
89.99999999999997,59.62815257142855,0.023215567727205913,8641863.043804297,-14503303.865038674,16882761.02625149,13113346311.375853,293.7625609398882
94.99999999999997,59.62815257142855,0.020383254259209727,8921974.662032146,-10878703.89780193,14069393.3901215,16098555519.237328,293.75560626623064
99.99999999999997,59.62815257142855,0.01584073292376419,8430696.013880273,-9273612.21583188,12533017.147043364,16071413752.491955,293.7452791264671
104.99999999999997,59.62815257142855,0.011616044612480447,8933836.501723606,-10019881.373606011,13424286.103203617,13368498249.711115,293.73183682874463
109.99999999999997,59.62815257142855,0.009104867959431794,8250500.338067012,-11029699.996801324,13774071.215435289,8665577346.077011,293.7155544123541
114.99999999999997,59.62815257142855,0.007785960703203509,6588098.40164353,-11639868.809077732,13374961.175355937,5545358998.532676,293.69691514595587
119.99999999999997,59.62815257142855,0.007029190680006436,5039174.879630318,-11423994.197613895,12486029.268531015,3844674565.1139107,293.6762263883646
125.0,59.62815257142855,0.0065228963891348374,3775659.19537111,-10135044.130897516,10815485.282447137,2719801749.288193,293.6538138597591
130.0,59.62815257142855,0.006136927111064381,2652192.1203652956,-7951205.417010777,8381872.739837398,1828852373.032279,293.63019179477453
134.99999999999997,59.62815257142855,0.005821188026295917,1660887.2726035945,-5400980.076661775,5650586.900561218,1105243722.4108365,293.6060694369793
140.0,59.62815257142855,0.005552586265583908,917790.3940422195,-3129903.241724012,3261691.817132736,581381766.6596019,293.58240290302075
145.0,59.62815257142855,0.005311418095921545,465814.31787136936,-1532993.514574658,1602202.2639048826,262509484.17289257,293.56037980059114
150.0,59.62815257142855,0.005068438092693643,241531.49904854433,-621912.5485383722,667167.6573861551,100437426.8314168,293.540997798189
154.99999999999997,59.62815257142855,0.004757488547387894,146361.2779635785,-194418.26985184476,243351.77693889276,34106764.45663101,293.524459516564
160.0,59.62815257142855,0.004211690646424073,94368.72593860124,-35206.0779997651,100722.01528663123,15691645.146438994,293.5100783160382
165.0,59.62815257142855,0.003273936101414618,67951.48057497709,1744.5567934327355,67973.87138259083,12376367.021834606,293.49673120493776
169.99999999999997,59.62815257142855,0.0023617268037853197,89975.40118532644,5283.40415319381,90130.3898688252,12194487.7154004,293.48327694686714
174.99999999999997,59.62815257142855,0.0019011590822958285,124509.14995966428,-22018.476840543564,126441.06036432834,8236953.090748329,293.46873224990105
179.99999999999994,59.62815257142855,0.0017097280740932099,159873.2697695483,-104784.71700089435,191152.55505424007,6543082.06963784,293.45246894697704
185.0,59.62815257142855,0.0016101857702606466,238841.14642471576,-301144.02356406226,384360.2686982943,10213434.862827366,293.4345799277251
189.99999999999994,59.62815257142855,0.0015419021136540332,408307.60276343056,-707993.581366741,817294.3225857643,20086820.20939892,293.41604962399447
194.99999999999997,59.62815257142855,0.0014853908688797159,732693.9892744565,-1422582.702056683,1600181.872822527,37831659.158501506,293.398241684439
199.99999999999994,59.62815257142855,0.0014318763296926067,965592.574648157,-2098097.60318594,2309628.23257559,52484251.9948973,293.38213125469747
205.0,59.62815257142855,0.0013888316114149001,777641.3056054667,-2077309.035130567,2218093.511919383,48406597.33503781,293.3680605700672
209.99999999999994,59.62815257142855,0.00135411219913206,625363.093449819,-2018735.5830311126,2113379.3679425125,43944019.551388346,293.3559461006249
214.99999999999997,59.62815257142855,0.0013262953020699182,490990.7722447654,-1967355.1905437578,2027697.8039611762,40453054.01068549,293.34550867652655
219.99999999999994,59.62815257142855,0.0013050131219075835,357128.3110247637,-1926066.584211389,1958895.8924228537,37754399.224122025,293.336413313917
225.0,59.62815257142855,0.0012905824709674419,211153.55919550062,-1894019.2101825161,1905753.025473482,35733708.352843605,293.32833733510944
229.99999999999994,59.62815257142855,0.0012838977659880334,40856.29025405357,-1867391.8364576753,1867838.7262614758,34326032.04956824,293.3209886378397
234.99999999999997,59.62815257142855,0.0012864968419420365,-175338.08031031978,-1839068.2740010319,1847407.794409248,33579203.92587602,293.3140933893537
239.99999999999994,59.62815257142855,0.0013014315740190654,-333497.61106570205,-1668718.937228912,1701717.8226876864,30403544.792238656,293.307377073679
245.0,59.62815257142855,0.00132208430270821,-210018.4098891329,-917358.2940046595,941091.9041578772,17400236.737919185,293.30056287436406
250.0,59.62815257142855,0.0013433691761966385,-97855.69238512224,-464688.1730807979,474879.8108293732,9045346.815162655,293.29340063828175
254.99999999999997,59.62815257142855,0.001361977519043349,-27615.354498346045,-227656.02876844237,229324.82473270787,4502812.920817955,293.2857149087143
260.0,59.62815257142855,0.001367401044371708,13934.583573420607,-119170.39493771335,119982.31390073797,2575117.3373265546,293.27746496786546
265.0,59.62815257142855,0.0013366430563299357,37553.07004485802,-80001.57167996772,88376.94575543457,2576729.433336022,293.2687803919487
269.99999999999994,59.62815257142855,0.0012414819951543773,53707.88495562101,-80049.46478589944,96397.37402499706,4144191.7787736114,293.2599558489894
274.9999999999999,59.62815257142855,0.001093197060711326,80645.87427070276,-119710.37128796097,144341.019917373,7319693.324646044,293.2514006886654
280.0,59.62815257142855,0.0009535097396525992,135032.72555268966,-232808.3234833157,269134.82207492244,12515025.917415446,293.24353116373356
285.0,59.62815257142855,0.0008560672531008697,214468.9617690261,-472337.4078330044,518748.0721898501,19433767.642291054,293.2366291575157
290.0,59.62815257142855,0.0007960883974324006,295109.1112816052,-886379.7447469541,934215.4138415263,27277982.31709147,293.2307611854891
294.9999999999999,59.62815257142855,0.0007623205610855138,319385.8957646723,-1487008.9432764705,1520921.742824925,35056402.56584607,293.225817036848
300.0,59.62815257142855,0.0007468929979858154,318311.3892634262,-1927309.2787991462,1953418.3363222783,37543553.199976146,293.22161036383704
305.0,59.62815257142855,0.0007304894221591712,399170.80031977675,-1767446.5875892744,1811961.5801139113,32302997.401437152,293.21795565249676
309.99999999999994,59.62815257142855,0.0007069759179538377,528764.6203694569,-1637658.7636586602,1720906.2292706328,29137968.265087653,293.2146938030289
314.9999999999999,59.62815257142855,0.0006776129601222255,630854.6151507285,-1496064.064300607,1623633.342213883,25937061.69888638,293.2116886912652
320.0,59.62815257142855,0.0006438904564387649,704876.6648837983,-1351509.4876088467,1524279.8325092522,22859896.506332006,293.2088286894935
325.0,59.62815257142855,0.0006071252936338457,750026.4881938637,-1202229.8780132367,1417002.6155869092,19755414.963416174,293.20603986631806
330.0,59.62815257142855,0.0005688878076193785,770272.3572960166,-1064837.8400050316,1314229.4814532748,16993673.240440484,293.20330829321335
334.9999999999999,59.62815257142855,0.000530098057904244,756016.5515152094,-958998.9655564566,1221163.396971635,14672104.42592347,293.20069272611494
339.99999999999994,59.62815257142855,0.0004932861524678576,700917.3820348694,-881632.483779105,1126304.1387179259,12481196.270435108,293.19830746168606
345.0,59.62815257142855,0.0004600063197007571,433770.69710990926,-605428.7499839959,744782.5111926303,7802780.429408718,293.196274073197
349.99999999999994,59.62815257142855,0.0004312698593764979,210406.73438471238,-393225.2749668047,445978.82320482226,4576734.838858335,293.1946640517317
354.9999999999999,59.62815257142855,0.0004107976006201635,69299.60046755584,-264774.66860388895,273693.36813167774,3061715.9982265346,293.19346398011356
359.9999999999999,59.62815257142855,0.0004024811474945289,-4958.446805509557,-186783.8979323325,186849.70088688683,2775861.8862464,293.19259331794626
365.0,59.62815257142855,0.00041480454990533796,-37084.242377758455,-138379.5879116854,143262.52609576657,3493958.378011577,293.19195262849985
370.0,59.62815257142855,0.00046664598164021607,-45190.53702749881,-105166.94185910713,114465.14883068365,5232987.81153958,293.191457705011
374.9999999999999,59.62815257142855,0.0005982495242249745,-40642.80002425261,-79429.64381756395,89223.90661026037,7932943.213675287,293.19104758774233
379.9999999999999,59.62815257142855,0.0008782794173470363,-30763.410198182537,-58842.6267906632,66399.11245375886,10666365.854502423,293.19068143967525
385.0,59.62815257142855,0.0013547018299695163,-21625.514575448262,-45208.28683453297,50114.38994107713,12202625.471659683,293.19033753910674
389.99999999999994,59.62815257142855,0.0019462271145295436,-15206.051005238141,-38900.34143965317,41766.73977335916,12649952.503845436,293.19001749116916
394.99999999999994,59.62815257142855,0.0024754275327898536,-9623.375590779582,-36250.17676910399,37505.79519957548,12192156.868129842,293.18974985194785
399.9999999999999,59.62815257142855,0.002793974325497509,-6711.560278924276,-34501.748422664794,35148.480558887415,11538190.395449556,293.18958582588573
0.0,64.59716528571427,0.011287432484658879,-815580.750831886,-16306289.549382018,16326672.987152426,2622649422.995154,293.70225848710794
5.0,64.59716528571427,0.011328211522200473,-1241933.6525093701,-16447360.69490831,16494183.005703859,2676741734.8301964,293.7032425224927
10.0,64.59716528571427,0.011411625849909816,-2134741.3204124253,-16735899.125388715,16871497.86000825,2800606774.8502803,293.7052599031837
14.999999999999996,64.59716528571427,0.011541685654241716,-3135752.3337513,-17184365.21362188,17468123.840119883,3002184490.815287,293.70836694835725
20.0,64.59716528571427,0.011725201083284946,-4311994.908581478,-17810169.860365923,18324722.38662074,3303844972.6862884,293.71262807954605
24.999999999999993,64.59716528571427,0.011972885145099863,-6417440.114082751,-18632823.41405047,19706994.849469714,3821075851.391914,293.71805506184717
29.999999999999993,64.59716528571427,0.012366945094693221,-9471078.348691544,-14324580.25418915,17172504.900152437,4065401930.9831834,293.7245177100482
35.0,64.59716528571427,0.013299945783155763,-10766960.658963501,-8052137.379840132,13444863.636924192,5210183407.281046,293.73201381053144
40.0,64.59716528571427,0.015521139676463683,-9542189.864759665,-5046075.34464865,10794269.952108528,6834542815.662303,293.7402772438601
44.999999999999986,64.59716528571427,0.018988817221509663,-9637151.302179836,-4848334.0083614085,10788003.887547515,7735982089.026086,293.74896841808356
49.999999999999986,64.59716528571427,0.022031980707262408,-12061343.923749954,-7282830.118618848,14089557.543927409,7790240399.189426,293.7579176010321
54.999999999999986,64.59716528571427,0.023799503081381894,-12592866.37755554,-11728099.062845174,17208387.23503393,6376680429.6729765,293.7669825248868
59.999999999999986,64.59716528571427,0.02478807489037739,-11515661.376816118,-17582006.0964941,21017549.698350906,5982764821.79243,293.77631983445326
65.0,64.59716528571427,0.025384694813010963,-10332565.76704308,-23583664.41921201,25747837.63286302,6684484826.987206,293.7855992684736
70.0,64.59716528571427,0.025846962200836793,-8633028.789141664,-26062269.952593166,27454892.116997827,7416249562.213598,293.79404398666696
75.0,64.59716528571427,0.02624799769192513,-6962267.7735279035,-28884717.570793636,29711951.832466673,8685747847.523876,293.8006114485743
80.0,64.59716528571427,0.026543188978189584,-2718448.329406075,-27742129.4591952,27875001.49328062,9129840315.927254,293.80386212197243
84.99999999999999,64.59716528571427,0.026572643360517262,2614011.4719080837,-22619917.595422525,22770457.351554725,9054493774.964384,293.80294613396484
89.99999999999997,64.59716528571427,0.026079226025433472,6637203.219957227,-17023425.225697067,18271548.182841808,10220547688.604748,293.7982642942803
94.99999999999997,64.59716528571427,0.024507435656488784,8210279.838901561,-12412093.946755325,14881826.876299618,13472993187.467852,293.79061118381793
99.99999999999997,64.59716528571427,0.021002722391922742,7258249.905931615,-9148836.37478465,11678330.304865463,15427456614.814163,293.7802819248626
104.99999999999997,64.59716528571427,0.01616255962705584,6616820.013116314,-8415722.863208808,10705451.807201415,14815209469.818968,293.767471236849
109.99999999999997,64.59716528571427,0.012309070157391423,6335329.8555604955,-9519028.059972273,11434522.271843964,12289012946.79259,293.7523152854667
114.99999999999997,64.59716528571427,0.010110470272889685,5154424.932205996,-10562873.792092899,11753399.47119257,9098598874.659576,293.7348036833008
119.99999999999997,64.59716528571427,0.008858563329590768,3847743.256013111,-10683609.945333393,11355379.765918046,6788210268.790017,293.71480835025085
125.0,64.59716528571427,0.008051674855423954,2758706.036209438,-9508421.074600006,9900531.82036783,4866167822.534774,293.6921149437709
130.0,64.59716528571427,0.007466590983987738,1849806.291501491,-7323856.402523032,7553850.403658793,3169735464.2725167,293.66679237802805
134.99999999999997,64.59716528571427,0.0070072729419637155,1120455.0647639567,-4845256.7322800495,4973120.987253412,1825258758.4738905,293.63935304345586
140.0,64.59716528571427,0.006626133047721574,609880.0268708403,-2741387.8880466763,2808409.0157783274,917240766.2231494,293.6110193527302
145.0,64.59716528571427,0.006286394248818579,315692.4824181825,-1317802.0294145823,1355088.1639895414,397731719.0193471,293.58390422568834
150.0,64.59716528571427,0.005931149520620558,179749.70029657855,-524545.2366838646,554488.6473900448,144968169.1170818,293.5601481897848
154.99999999999997,64.59716528571427,0.005424982762276253,122725.64424274705,-157603.41737463992,199750.89717686444,45813125.89623682,293.54051766061787
160.0,64.59716528571427,0.004498952005156943,86161.43736970458,-29724.84062894276,91144.71701656422,20713631.165374126,293.52421572393143
165.0,64.59716528571427,0.003241441919876567,92477.42368300536,-1080.2628767323458,92483.73294222572,19585861.879957538,293.50980802160996
169.99999999999997,64.59716528571427,0.0023466517597902784,146378.9768912335,-5318.178347020985,146475.55392165272,18406188.711199284,293.49591101893196
174.99999999999997,64.59716528571427,0.0019650988432704285,193253.317906184,-51686.49521346159,200045.8414194102,11161226.610336676,293.4813662399679
179.99999999999994,64.59716528571427,0.0017988354263832778,255522.9288206789,-174249.56578788994,309281.22854509926,9510599.271253604,293.4653465849922
185.0,64.59716528571427,0.0017068812770337969,385108.71001486044,-453569.08037412004,595007.2513850019,14261432.064556208,293.44767107421455
189.99999999999994,64.59716528571427,0.0016411625069832738,651864.114724819,-1010475.8381905765,1202492.512921773,26881636.0407231,293.4290804359097
194.99999999999997,64.59716528571427,0.0015837117834777198,1091528.2137212225,-1898916.5824557317,2190278.0710391086,47200148.25974735,293.4108826956073
199.99999999999994,64.59716528571427,0.0015320096856111512,957696.391436587,-1939283.5435537368,2162869.1685973513,46026224.60280878,293.39415802466294
205.0,64.59716528571427,0.001487942144334061,809948.7081609744,-1923612.3266344788,2087175.434176951,42861045.624819346,293.3793808265471
209.99999999999994,64.59716528571427,0.0014510148147950537,671156.9802709465,-1883166.2449605083,1999191.5361778312,39323635.48150157,293.3665571336383
214.99999999999997,64.59716528571427,0.0014208264463069665,536786.3356317169,-1835847.0857833377,1912713.8030819194,35995220.359686844,293.355464322611
219.99999999999994,64.59716528571427,0.001397336181231882,399550.3654177237,-1788156.3784481173,1832251.0003517866,33030472.602407884,293.3458015313628
225.0,64.59716528571427,0.001380871409765194,252320.10384914317,-1740541.5280525116,1758735.4109364531,30433077.256767083,293.33726645960445
229.99999999999994,64.59716528571427,0.0013721041708469677,88432.51396516367,-1688755.7561025864,1691069.5767164098,28136353.09712703,293.3295805663132
234.99999999999997,64.59716528571427,0.0013720281583686777,-97536.15260518463,-1622851.4698041724,1625779.8725874866,26005687.406124648,293.322480360212
239.99999999999994,64.59716528571427,0.0013818577861074862,-301315.02250188135,-1517540.6093355028,1547165.2283346076,23551482.250617728,293.3156994117686
245.0,64.59716528571427,0.0014021596606188659,-308157.0880763628,-1077293.603104168,1120500.9139759163,16554975.199864924,293.3089616310467
250.0,64.59716528571427,0.0014231560136852882,-160149.25944509907,-573645.9103201892,595581.5777270921,8553767.140679207,293.30199613438344
254.99999999999997,64.59716528571427,0.0014414110463404244,-57248.86134108186,-298930.4392500987,304363.0063511454,4149693.6296817698,293.29456962880386
260.0,64.59716528571427,0.0014492208081205466,10066.09814162336,-167498.77010620985,167800.96638246675,2248652.907189245,293.28653798463387
265.0,64.59716528571427,0.0014332405240897277,54736.859301333694,-119907.39243223134,131810.11541634856,2211554.6945986785,293.27791473161875
269.99999999999994,64.59716528571427,0.0013784041829925922,90953.1839957784,-128089.87735706515,157097.09851018226,4071456.685444679,293.2689313219368
274.9999999999999,64.59716528571427,0.001280734659312191,135397.78048045354,-186401.92482284378,230387.14490330007,8451861.922432842,293.2600260592448
280.0,64.59716528571427,0.0011592737986829637,203342.46813517253,-308515.0650971457,369499.26216326834,15635373.20509559,293.2516974939725
285.0,64.59716528571427,0.001044053145189714,303685.5779989002,-533032.5445634453,613472.5942112715,25215053.55842528,293.24429133947
290.0,64.59716528571427,0.0009524745875559708,427931.8020471319,-904794.0796852474,1000888.5821292895,35880925.74892309,293.2379014099551
294.9999999999999,64.59716528571427,0.0008882694936079522,524706.1739365244,-1418448.3041725825,1512386.2471528829,44475839.57817167,293.23243653674683
300.0,64.59716528571427,0.0008487766693429161,567402.8010101131,-1962789.233315096,2043156.2625046046,48096652.72068795,293.22773708377184
305.0,64.59716528571427,0.0008218251050683732,575366.9179698739,-1968145.8545561,2050523.151564135,41368922.262482114,293.22364299274193
309.99999999999994,64.59716528571427,0.0007912399775459288,677196.9282809193,-1760879.2617721928,1886608.4528095636,35019376.105838984,293.2200090090919
314.9999999999999,64.59716528571427,0.0007541054122402812,786903.1158993037,-1583327.1508232884,1768089.7546069955,30757672.465626426,293.21669473871214
320.0,64.59716528571427,0.0007125496659559984,865140.9789338936,-1415562.6895698637,1659001.7002803108,27079367.422088336,293.213565912853
325.0,64.59716528571427,0.0006675913143468919,904772.1085472414,-1270074.7335073997,1559391.6753333376,23925183.401514467,293.2105125593334
330.0,64.59716528571427,0.0006220724551012743,886146.6483463958,-1144472.2596185652,1447436.5738822464,20613129.75696625,293.20748084620476
334.9999999999999,64.59716528571427,0.0005789766495122523,692239.7209253826,-888599.053401574,1126412.051130946,14956542.300109543,293.2045047709744
339.99999999999994,64.59716528571427,0.0005391354611927548,399907.929545805,-569986.264113195,696283.486369833,8702527.53294033,293.2017111550002
345.0,64.59716528571427,0.0005060160525973934,190146.0001236963,-370927.14668533776,416824.24295039126,5066995.660426228,293.1992707980015
349.99999999999994,64.59716528571427,0.00048277339137040454,58730.20901635179,-257774.58182007732,264380.3557067357,3537458.9852409805,293.19730913815624
354.9999999999999,64.59716528571427,0.00047580612100808805,-15540.534271143231,-194996.98899661974,195615.27016871772,3613201.946442616,293.19584193184716
359.9999999999999,64.59716528571427,0.0004976878612252141,-51248.52374143888,-159304.91959572982,167345.35724984657,5343139.817250504,293.1947894414404
365.0,64.59716528571427,0.0005751876581568771,-62840.31823975083,-133848.3687769494,147865.7885405661,9149700.100100612,293.19403954737385
370.0,64.59716528571427,0.0007649669458150712,-59591.08407671593,-109017.39620503923,124241.25714417384,15156621.165253578,293.19349409290976
374.9999999999999,64.59716528571427,0.0011699002785866388,-47613.36203934171,-82862.85827266156,95568.2244566918,21202031.833295338,293.19308042344437
379.9999999999999,64.59716528571427,0.0018883670074011974,-34068.05952184379,-61430.08812491596,70244.49022249953,23688273.305492334,293.19274705083285
385.0,64.59716528571427,0.0028322079900652422,-24156.0497780378,-50043.95608321079,55568.98668625666,23046069.554799046,293.1924604038435
389.99999999999994,64.59716528571427,0.003720736179973828,-16654.222754264018,-45501.60632752593,48453.68215041859,21022451.17680095,293.1922076214873
394.99999999999994,64.59716528571427,0.004347894191393046,-9750.776844693442,-43124.4485596154,44213.071739542414,18574576.81352234,293.192001282885
399.9999999999999,64.59716528571427,0.004662434758279559,-6386.017055637467,-41451.37792691232,41940.40946240995,17048523.466882758,293.19187670879967
0.0,69.56617799999997,0.012077556510032283,-937444.4556816895,-15435209.095419079,15463650.342878172,2352712689.149854,293.72375187680586
5.0,69.56617799999997,0.012124428732816368,-1426437.4450831225,-15537687.620760033,15603027.282711994,2395314748.0457273,293.7248314418565
10.0,69.56617799999997,0.012220200254540596,-2447526.6377252224,-15743536.632760614,15932649.884731978,2497588454.9270134,293.7269522187089
14.999999999999996,69.56617799999997,0.01236918139658889,-3583025.6719782306,-16053458.58811315,16448452.985199517,2661919810.3467965,293.73009900692745
20.0,69.56617799999997,0.012578502821738419,-4897992.050183244,-16465306.69355952,17178377.415711712,2903415112.0125446,293.73431134076
24.999999999999993,69.56617799999997,0.012858980601607214,-7352746.593853513,-16968654.66425198,18493191.276468884,3364872214.4535656,293.7396818300882
29.999999999999993,69.56617799999997,0.01331377748112377,-10398369.11009243,-12162367.718554491,16001539.571899349,3717891752.4349566,293.7462894117996
35.0,69.56617799999997,0.014393574892066888,-11534930.26846316,-6563574.054246067,13271590.735999953,5320913656.296118,293.75434374937805
40.0,69.56617799999997,0.01685546606097269,-10213979.764364468,-4019972.673240131,10976591.58939806,6925194168.193749,293.76358398921263
44.999999999999986,69.56617799999997,0.0203604518714404,-11258673.120972853,-4183186.31314636,12010693.908988426,8025498031.230762,293.77371752293004
49.999999999999986,69.56617799999997,0.023221634888621334,-14511476.862463579,-6761363.660881629,16009341.000943992,7832517266.968037,293.78444948289643
54.999999999999986,69.56617799999997,0.024867801131815158,-15407099.532047436,-11652412.113297014,19317283.040027324,6180901703.078822,293.79558960258413
59.999999999999986,69.56617799999997,0.025815430708243457,-15038415.063050542,-18699852.42567737,23996633.271163214,5988382039.621026,293.80722115020285
65.0,69.56617799999997,0.02645732145412303,-12386016.644262629,-21726398.27099977,25008994.184933804,6153713939.435928,293.8187110353566
70.0,69.56617799999997,0.02705403237266972,-11460056.366343133,-24763175.172537293,27286402.044709545,7325502154.081921,293.8292184426491
75.0,69.56617799999997,0.027603327090757343,-10269471.521123197,-27987610.349955037,29812218.609557908,8744469093.187952,293.8374113666273
80.0,69.56617799999997,0.02808097952478204,-8108748.459740058,-31523275.99453543,32549481.270997092,10423966241.859438,293.8416964756027
84.99999999999999,69.56617799999997,0.02841420193673135,-2922811.306289075,-27210275.768333927,27366803.491108563,10051849089.060207,293.8407567607714
89.99999999999997,69.56617799999997,0.028479686412568248,1678599.9930772707,-19941243.441781882,20011768.735950552,9482625007.053051,293.83509762433505
94.99999999999997,69.56617799999997,0.028010221820154994,4401680.522233355,-13979234.718747534,14655845.070880251,10493657393.685005,293.8261470573875
99.99999999999997,69.56617799999997,0.02629404548091812,4863512.265905589,-9634883.872229114,10792809.587496428,12738012192.54164,293.8149220326356
104.99999999999997,69.56617799999997,0.022604697907260864,4046553.3253758564,-7324906.80675312,8368324.416675574,13880503183.809631,293.8018682971411
109.99999999999997,69.56617799999997,0.018141962180430935,3731258.790984203,-7736838.616075563,8589584.619554948,15158445011.905405,293.7872808927757
114.99999999999997,69.56617799999997,0.014813202002658066,3346125.2927605966,-9258926.783419218,9845012.93323528,15480189127.238523,293.7707413544668
119.99999999999997,69.56617799999997,0.012710196505365394,2654049.2672323976,-9885924.637729099,10235989.61780228,13681258202.513672,293.7513034177215
125.0,69.56617799999997,0.011290868337749225,1957934.2463607376,-8940573.436251981,9152451.031395184,10371328735.27724,293.72823436884033
130.0,69.56617799999997,0.010246354686424696,1318108.2798846464,-6839726.496861056,6965577.362240956,6728171861.801262,293.70133043223143
134.99999999999997,69.56617799999997,0.009433110630364637,788331.773494467,-4449634.537206057,4518928.468099257,3755475942.879173,293.67087244806135
140.0,69.56617799999997,0.00877282724166261,422928.88801590586,-2473291.792680108,2509191.33109796,1814143183.3843384,293.6380704849266
145.0,69.56617799999997,0.008194523673773838,224395.2900622045,-1173079.9009662175,1194349.0696831523,754418866.9773123,293.605794859765
150.0,69.56617799999997,0.0075666284914919345,143054.0412447068,-462059.02177713625,483697.2176083778,258944156.59688264,293.57747166507033
154.99999999999997,69.56617799999997,0.006585308144238092,108124.31348653663,-141276.79082926858,177904.46535697678,75062093.02923192,293.55458181848184
160.0,69.56617799999997,0.00496032201864135,97901.30799561478,-39412.82424949421,105536.89791998695,36786086.33012314,293.5362191621662
165.0,69.56617799999997,0.0032989220986943783,151493.92234293383,-18445.58229141817,152612.73869804037,38609914.998247385,293.5205975639164
169.99999999999997,69.56617799999997,0.002407810968549931,236436.53965627367,-38060.89619906833,239480.4148654101,29883286.80724765,293.50607189901604
174.99999999999997,69.56617799999997,0.002046767071957277,307775.2600362576,-109550.04670776462,326690.7152400561,17846732.107047416,293.49132495284283
179.99999999999994,69.56617799999997,0.0018847239101360135,407698.22899890883,-284868.73681590403,497361.0792411641,15045329.879458584,293.4753915327804
185.0,69.56617799999997,0.0017947371568671762,591330.0140984976,-673259.2307085387,896074.3146123444,20450792.74736572,293.4579041330345
189.99999999999994,69.56617799999997,0.0017316478907066525,968202.3657016562,-1418474.975818282,1717407.0798657374,36156455.5602209,293.4393990271688
194.99999999999997,69.56617799999997,0.0016741056817115266,1070450.693235744,-1801875.7815004655,2095858.06260987,43218390.37905926,293.4210811408168
199.99999999999994,69.56617799999997,0.001624602821383078,941049.8812855751,-1814707.5215463736,2044196.240047559,41114027.58985033,293.4040606144599
205.0,69.56617799999997,0.001580000693582969,833410.8196456905,-1794384.3521328152,1978481.4372345281,38513129.73014748,293.38887489590854
209.99999999999994,69.56617799999997,0.001541261739418509,712584.4129821525,-1754385.0571709801,1893579.5400378464,35278649.98652994,293.3755751578326
214.99999999999997,69.56617799999997,0.0015087422522847538,585411.8191812971,-1704705.9381439681,1802423.183822396,31963798.374555275,293.3639730085617
219.99999999999994,69.56617799999997,0.0014827205575003793,451843.21664607694,-1650171.2530719424,1710914.2166964707,28800585.89722701,293.3538024231221
225.0,69.56617799999997,0.0014635579306201461,309938.1504440718,-1591183.2294604112,1621087.8220555345,25855797.59046954,293.34479845570223
229.99999999999994,69.56617799999997,0.001451726742455972,157816.9694102581,-1524063.7345913767,1532212.9300232565,23098463.862206377,293.33671922219753
234.99999999999997,69.56617799999997,0.0014477762336791203,-5184.03207753343,-1440736.547819146,1440745.8743339893,20423003.978598915,293.3293327703052
239.99999999999994,69.56617799999997,0.0014522451456637255,-177887.52326096958,-1328565.2995379956,1340421.473294279,17677775.154732842,293.32239644834596
245.0,69.56617799999997,0.0014655649860052173,-308490.13129438186,-1177037.2078033595,1216791.991122375,14567248.800257899,293.31564859891796
250.0,69.56617799999997,0.0014830941587931636,-209226.28706060722,-707486.9872255906,737776.0339633639,8106074.145402103,293.30881677667077
254.99999999999997,69.56617799999997,0.0014972338788406224,-78890.78481363333,-397424.2285735155,405178.6931537305,3976317.219588395,293.30164065002316
260.0,69.56617799999997,0.0015025150541857209,16866.016721174245,-240828.17370198775,241418.04358554832,2182857.76598861,293.2939111239878
265.0,69.56617799999997,0.0014908136034098528,89355.62020763998,-181006.7929641929,201861.05608034995,2135192.179591685,293.2855427506584
269.99999999999994,69.56617799999997,0.0014549257988724208,153879.20034543905,-194468.0321787567,247985.12826060702,3845900.9928914686,293.27667337248147
274.9999999999999,69.56617799999997,0.0013930039107733574,230214.96634088305,-282242.5328188574,364224.900383455,8195023.196876053,293.2677106292119
280.0,69.56617799999997,0.0013103819476191709,330438.55299606494,-452698.55174400617,560469.1035706195,16481146.81122897,293.259193858889
285.0,69.56617799999997,0.0012167941613171363,451326.5128079903,-700291.5285810549,833128.9493024542,28288864.353073634,293.2515215195458
290.0,69.56617799999997,0.0011234269598734991,577810.6254493898,-1015628.0430260868,1168488.5282548622,40891259.08596899,293.2448093137039
294.9999999999999,69.56617799999997,0.0010409118159270501,686245.566472396,-1391364.2131422057,1551395.2917022307,51108866.45494673,293.2389728309116
300.0,69.56617799999997,0.0009753164047619689,749033.6775069115,-1772158.5705534127,1923953.598511524,55831439.48758179,293.23386916687673
305.0,69.56617799999997,0.0009260842576563308,812249.436748396,-2055181.579612061,2209868.881330929,55217176.23149633,293.22936774300587
309.99999999999994,69.56617799999997,0.000881972546755199,911198.4266781135,-2084383.6036771224,2274848.9136772794,50915494.77518475,293.2253517161988
314.9999999999999,69.56617799999997,0.0008349644149885193,974031.1026961152,-1867750.8487905792,2106473.313901066,43657290.22470671,293.22169732618033
320.0,69.56617799999997,0.0007845694364855875,1016187.7137684755,-1673909.4984566292,1958216.1470678677,37728201.89025596,293.2182695072853
325.0,69.56617799999997,0.0007333456436116718,882486.3680233117,-1322104.091122986,1589572.7153896147,28718250.094619863,293.21493929030936
330.0,69.56617799999997,0.0006826257518032175,617062.5930395524,-902488.3046751663,1093275.5296832323,18570897.004592966,293.2116207130981
334.9999999999999,69.56617799999997,0.0006359009951171707,360720.7292571796,-574892.0756166219,678690.1672505792,10803985.03917818,293.20831481580706
339.99999999999994,69.56617799999997,0.0005966319583950949,170875.22965607437,-364065.70219075686,402171.82847840677,6205040.326371307,293.2051388060896
345.0,69.56617799999997,0.0005692731794491217,49320.78397038324,-244927.49897354847,249843.99029172343,4182571.511421425,293.2022950946002
349.99999999999994,69.56617799999997,0.0005630434530449038,-21795.381928322506,-187321.71831354016,188585.43110574243,4415946.2116630245,293.19996485134914
354.9999999999999,69.56617799999997,0.0005967791597767179,-59009.089937433455,-162599.97756202766,172976.372370379,7306079.475752833,293.1982054167842
359.9999999999999,69.56617799999997,0.0007094919391094368,-74084.65853060437,-149148.1276160194,166534.3826390234,14135915.985076778,293.19694747959363
365.0,69.56617799999997,0.0009805743813773532,-73925.12530154941,-132470.50021987222,151701.54112385592,25679143.335307855,293.19606876517366
370.0,69.56617799999997,0.0015478851686592577,-62910.94434173485,-107491.36529486909,124547.90456255716,37861259.54379677,293.1954550429359
374.9999999999999,69.56617799999997,0.0025412173459800334,-47761.05199645998,-82041.39808615418,94931.0754586683,42869981.207901776,293.195018744393
379.9999999999999,69.56617799999997,0.003857106298002424,-35149.35738145395,-65780.27720023323,74582.31823206285,40266053.56003986,293.1946962538549
385.0,69.56617799999997,0.0051272847895347294,-25085.0888631037,-57527.98829530543,62759.311026927375,34056436.22542234,293.1944435511834
389.99999999999994,69.56617799999997,0.006061624335931204,-16012.986167333824,-52499.68208536588,54887.451617466366,27527951.957998306,293.19423750074753
394.99999999999994,69.56617799999997,0.006614436390224425,-8345.659376702686,-48694.83397479512,49404.82654827164,22743693.366318554,293.1940788376317
399.9999999999999,69.56617799999997,0.006852008146937542,-4944.871513339067,-46035.54635159473,46300.35941732266,20266715.484438356,293.19398768856337
0.0,74.53519071428569,0.012821387489514797,-1019267.5889760667,-14462916.392608972,14498788.121685702,2068274889.8012319,293.7419252741245
5.0,74.53519071428569,0.0128723508689636,-1548350.3431522676,-14525921.357971223,14608209.33869392,2099610907.330715,293.7430574805165
10.0,74.53519071428569,0.012976222523830024,-2647315.819299841,-14648387.17470963,14885681.975217419,2180129669.3644724,293.7452543034677
14.999999999999996,74.53519071428569,0.013137082450893584,-3853049.255531406,-14821885.263576401,15314511.788894037,2307550242.273575,293.7484949669851
20.0,74.53519071428569,0.013361527449383164,-5221519.096261125,-15030074.280123608,15911234.852727577,2490878963.1688056,293.7528566442835
24.999999999999993,74.53519071428569,0.013659234360519697,-7892193.802996849,-15243205.66432993,17165140.31253814,2898942280.0419755,293.758536668878
29.999999999999993,74.53519071428569,0.014150746829682849,-10554113.882904088,-10075823.543254025,14591488.612478882,3262067495.812642,293.7657754250377
35.0,74.53519071428569,0.015302737980955099,-11426555.959350526,-5013879.486418527,12478187.712825028,4966305894.383057,293.7749226088516
40.0,74.53519071428569,0.017855002334842145,-10143394.604596576,-2808373.657355969,10524990.104693204,6486503035.633001,293.7856792987282
44.999999999999986,74.53519071428569,0.021339522881512633,-11735525.078755045,-3065533.2634348404,12129305.135221642,7726300566.772687,293.79765820546015
49.999999999999986,74.53519071428569,0.02411908425628452,-15497605.679893102,-5659212.125889665,16498559.44303234,7620141814.063676,293.81035202193317
54.999999999999986,74.53519071428569,0.025749037187930035,-17158327.287223574,-11021727.813301977,20393299.86260182,6279710098.604869,293.8234935288767
59.999999999999986,74.53519071428569,0.02675234994080456,-17948326.09965588,-18783261.82688735,25979864.02268095,6640772463.73539,293.83717544012563
65.0,74.53519071428569,0.027543869797895623,-15555829.056006743,-22139349.93148957,27057986.492136676,7203371346.029047,293.85071486311256
70.0,74.53519071428569,0.028307932846405235,-14855437.27457527,-25657583.249938603,29647859.869581994,8648316027.862715,293.86333701417476
75.0,74.53519071428569,0.02902941352535315,-13680473.160400316,-29444090.843652867,32467057.63542049,10371240771.118183,293.8737153357174
80.0,74.53519071428569,0.029675980162445267,-12320374.569167217,-33334921.063562796,35538832.167623974,12426566767.987835,293.8800896553384
84.99999999999999,74.53519071428569,0.030261450982269872,-9439192.660293255,-31645183.140836023,33022961.31625973,13329518467.302958,293.880631007522
89.99999999999997,74.53519071428569,0.030848641014084792,-5218519.365255988,-23424902.81739299,23999146.159183618,12426064069.002628,293.8750294264237
94.99999999999997,74.53519071428569,0.031405762986559456,-1748812.6631875883,-16220582.786163699,16314584.017182766,11925031802.602087,293.8647010915839
99.99999999999997,74.53519071428569,0.03164499466049316,539680.0456954942,-10701367.83587575,10714967.480605712,12099920679.747469,293.85127180280006
104.99999999999997,74.53519071428569,0.030827677166530586,1341960.8480550724,-7198247.098284502,7322268.788133494,12894382148.241045,293.8360525199101
109.99999999999997,74.53519071428569,0.028364765419326227,1510134.7753643834,-6066339.362405087,6251478.249152771,14717966022.694614,293.81981820860085
114.99999999999997,74.53519071428569,0.025047339581448953,1679179.0744649884,-6663512.207958363,6871829.254989623,17894510556.016598,293.8023260487595
119.99999999999997,74.53519071428569,0.021897402011919313,1665270.8063704048,-7300698.5220583975,7488212.454820924,19263794746.222202,293.7822361388346
125.0,74.53519071428569,0.019232663281695397,1400446.311348485,-6933611.717498385,7073628.582276601,17051198280.610132,293.7584574469861
130.0,74.53519071428569,0.01704684055907244,999897.0241656294,-5532621.706589902,5622250.172943662,12316396084.70244,293.73060375503957
134.99999999999997,74.53519071428569,0.015272858851455063,610538.4929300894,-3694801.7530698897,3744905.505595258,7282551438.260837,293.69858385525777
140.0,74.53519071428569,0.013824510437305725,332837.013855216,-2076486.070617413,2102991.8875878244,3555770590.498008,293.6630490457802
145.0,74.53519071428569,0.01255300666078929,189388.30374278929,-990011.9037053839,1007964.0365970054,1439810601.10537,293.6268142987056
150.0,74.53519071428569,0.011096640910399873,138177.50169741805,-399249.7224178691,422484.74863133876,475805668.73647547,293.594283808946
154.99999999999997,74.53519071428569,0.00880931541697694,121161.59594910608,-143476.57763009713,187791.535116415,151286914.8330829,293.5680080886169
160.0,74.53519071428569,0.005813776372113956,152713.82984136647,-68446.7096760087,167351.32473419403,94891844.58861442,293.5473299516186
165.0,74.53519071428569,0.0035503042148023745,266001.7122006909,-62539.10241512452,273254.5520656309,90223255.85997689,293.53022249721624
169.99999999999997,74.53519071428569,0.002546970979784782,385927.97447691916,-101843.61138491846,399139.7282453601,56868204.383056246,293.5147815898346
174.99999999999997,74.53519071428569,0.0021501334405241578,492087.34791059676,-203973.98186054645,532686.9092156586,32516059.565915633,293.49952492834393
179.99999999999994,74.53519071428569,0.0019738435311333832,627920.331023803,-438285.6964996883,765753.4158391062,24811801.91424136,293.48337527759134
185.0,74.53519071428569,0.0018800859709921065,852470.1928450386,-944761.1525353149,1272508.9646164044,29350024.18577921,293.4658544299328
189.99999999999994,74.53519071428569,0.0018167996165639085,1173033.1415760007,-1714082.7990319044,2077037.9373455627,42445701.03430853,293.4473740081269
194.99999999999997,74.53519071428569,0.0017627826568345063,1044438.3600728041,-1748921.140629943,2037050.9674855731,40827110.409558214,293.42904450163405
199.99999999999994,74.53519071428569,0.001712355780556628,965141.3929917942,-1722876.7301670637,1974791.668965943,38369613.58444197,293.411941278365
205.0,74.53519071428569,0.001666268517535327,869897.3266486498,-1684589.3750197475,1895933.2059278595,35366405.22249139,293.39659113027824
209.99999999999994,74.53519071428569,0.001625366047891763,760279.6161324584,-1635164.0846443349,1803271.1050802271,31993879.167348605,293.3830374457274
214.99999999999997,74.53519071428569,0.001590240555922081,640354.2791461569,-1578360.3587195657,1703312.955624465,28545243.50896779,293.37109387310494
219.99999999999994,74.53519071428569,0.0015613306199771474,512369.52197947307,-1516584.4385317217,1600796.953473504,25212583.58028918,293.3605172427542
225.0,74.53519071428569,0.0015390036037241338,377646.0763885332,-1449855.9255539738,1498231.8792081631,22085280.530606225,293.35108603083495
229.99999999999994,74.53519071428569,0.001523566012338294,237946.8087446721,-1375379.134544184,1395810.3193239698,19168920.765749015,293.3426116686695
234.99999999999997,74.53519071428569,0.0015152089228496666,96750.68927545751,-1287109.2755294016,1290740.4785738678,16391651.529998966,293.3349101971579
239.99999999999994,74.53519071428569,0.0015138909434107483,-39249.94784444258,-1175401.6241293382,1176056.7743147768,13608223.342836553,293.32777122968884
245.0,74.53519071428569,0.0015191339176341108,-156879.95538188468,-1026361.7860967708,1038282.1564297325,10606586.389024101,293.3209491222157
250.0,74.53519071428569,0.0015295789389489368,-195064.86244643354,-869609.9193806258,891219.228050217,7814729.47248269,293.3141753195088
254.99999999999997,74.53519071428569,0.0015386404038787542,-75147.90584070327,-527744.0217939704,533067.5006896574,3998783.481655545,293.3071807823081
260.0,74.53519071428569,0.001540327133217961,49185.279308260106,-346823.6422236079,350293.92016688036,2355461.3130845786,293.2997295483359
265.0,74.53519071428569,0.0015290441646602817,159961.60563370754,-275656.84656701295,318707.408662214,2441562.1689912174,293.29167988149516
269.99999999999994,74.53519071428569,0.0015012471497970604,267503.85465422244,-293100.22771638277,396819.9286102738,4181428.945627943,293.28308841616274
274.9999999999999,74.53519071428569,0.0014568465309440632,391597.84261407214,-402645.6952232049,561669.3210615776,8089759.36884728,293.2742946026731
280.0,74.53519071428569,0.0013991838428854542,540766.2795434948,-617350.0709834747,820700.4808300129,15257941.932120807,293.265824821959
285.0,74.53519071428569,0.0013323402296101215,701677.7077390252,-927279.4563814516,1162840.829935453,26444779.865636967,293.2581058585318
290.0,74.53519071428569,0.0012597101699486728,830657.0155878778,-1267957.1034366337,1515818.6876077158,39636055.683009185,293.25127472772425
294.9999999999999,74.53519071428569,0.001186702868622201,881521.3278189932,-1555081.976285388,1787556.93737778,50266338.69116463,293.2452479159537
300.0,74.53519071428569,0.0011187665385214906,870621.4688672605,-1751622.6023572977,1956058.1492229565,56280161.00796709,293.2398825421706
305.0,74.53519071428569,0.0010565432317388736,843991.5133557951,-1841366.6065442814,2025574.647924141,57578132.62441977,293.23506294827405
309.99999999999994,74.53519071428569,0.000998386550108335,828637.8885162472,-1831337.259829017,2010083.806591834,56043672.07530177,293.230701672133
314.9999999999999,74.53519071428569,0.0009397229665354476,802866.9200446086,-1673783.0765498476,1856379.562117238,50459410.47247781,293.22670613944655
320.0,74.53519071428569,0.0008789032175638906,697041.9842697134,-1367118.3060743425,1534561.8236611513,40003897.442751266,293.2229616478047
325.0,74.53519071428569,0.0008193725465050991,514815.441109976,-987583.9001353147,1113713.1130644635,27307165.00107972,293.2193436852515
330.0,74.53519071428569,0.0007637074136388388,320942.8947520365,-643427.5675700614,719029.4683814724,16514070.080192443,293.2157524204341
334.9999999999999,74.53519071428569,0.0007151783196046675,159822.79277913037,-393338.2757569135,424568.39763122104,9265342.699210163,293.2121611870705
339.99999999999994,74.53519071428569,0.0006802124998688888,47329.53328291378,-245211.96106760614,249737.84369093852,5626296.78293479,293.20866253295594
345.0,74.53519071428569,0.0006717831598813705,-21771.62104281937,-174779.54835251137,176130.33243919114,5256853.500372913,293.2054615405266
349.99999999999994,74.53519071428569,0.0007177101004035037,-60174.831564909,-150003.16718424464,161622.8960239533,8758318.58798127,293.20277606226523
354.9999999999999,74.53519071428569,0.0008768450710684506,-78211.82199608066,-144119.36581983426,163974.02448027497,18530389.10228322,293.2007094402953
359.9999999999999,74.53519071428569,0.0012655604933899875,-81446.44781955105,-136970.36082241387,159356.21608912878,36548233.82263861,293.1992181953794
365.0,74.53519071428569,0.0020682397939204033,-73123.7043735666,-118962.38560823712,139639.26858486357,56393196.664070055,293.19818022804424
370.0,74.53519071428569,0.003414998452088171,-59558.44289931316,-97195.5523254939,113992.03267092208,65336716.80724657,293.1974680414605
374.9999999999999,74.53519071428569,0.005111974481190137,-47231.230497681565,-82205.4952247919,94807.87192780149,61473046.8668003,293.19697875048894
379.9999999999999,74.53519071428569,0.006698070018057167,-36054.8821074425,-73315.1175312277,81701.04639721152,49992831.472162165,293.1966356238661
385.0,74.53519071428569,0.007856528128400035,-24669.526947412418,-66188.77441966372,70636.6719132933,37176014.35074495,293.1963851437448
389.99999999999994,74.53519071428569,0.008566248382190634,-14337.472494768303,-59494.88049978281,61198.071237757766,27614988.499465194,293.19619708623804
394.99999999999994,74.53519071428569,0.00893100517435182,-6433.679531392866,-53376.311576274216,53762.65311347802,21758334.8289981,293.1960638293916
399.9999999999999,74.53519071428569,0.009058490581540872,-3159.8580159602557,-48297.831758327295,48401.08733527292,18598503.10825923,293.1959932559805
0.0,79.50420342857142,0.013514884818842788,-1062673.4452609534,-13428397.245657098,13470379.632305613,1785272534.8115523,293.756999934205
5.0,79.50420342857142,0.013568018491105836,-1610758.7799604577,-13455428.972161897,13551498.539722957,1806839174.2127235,293.758168688489
10.0,79.50420342857142,0.013675960696838834,-2741656.3197095804,-13502836.025097301,13778362.025149032,1867841566.779978,293.7604502085743
14.999999999999996,79.50420342857142,0.013842184123076794,-3962347.2879144265,-13556049.670008738,14123267.280830836,1962525050.6566358,293.76386261123645
20.0,79.50420342857142,0.014072195425630277,-5316701.33580969,-13589960.569423508,14592955.196692897,2095228297.495893,293.76856208515744
24.999999999999993,79.50420342857142,0.014373854256657763,-8008815.777742589,-13564763.15808931,15752584.857631324,2441453787.7057376,293.77487285216284
29.999999999999993,79.50420342857142,0.014873077003404536,-10211550.36582426,-8379633.36034862,13209618.31877186,2748927299.9457536,293.7831855808788
35.0,79.50420342857142,0.016008898643235285,-10834676.279763104,-3640658.7485653423,11429987.148320274,4322445004.448873,293.7939323813389
40.0,79.50420342857142,0.018516495672991115,-9525398.89454417,-1595756.1329122998,9658139.662269877,5759477847.849262,293.8066791380131
44.999999999999986,79.50420342857142,0.021986603503990218,-10994379.220181035,-1711558.103936382,11126805.722232183,6985952467.287483,293.8206901732927
49.999999999999986,79.50420342857142,0.024821864218458584,-14843526.554309428,-4043425.6409711493,15384393.763894374,7157202292.0329685,293.8351720350092
54.999999999999986,79.50420342857142,0.02654880811462997,-17241382.59898917,-9356567.21304049,19616590.527838185,6280931957.748711,293.8498385627786
59.999999999999986,79.50420342857142,0.027682116044914672,-20257813.501372162,-18132473.044780873,27187599.867882438,7570324546.49066,293.86504127535727
65.0,79.50420342857142,0.028657535680034874,-19217734.75490829,-22506597.795201253,29595071.775972567,8617546745.136421,293.8803392283904
70.0,79.50420342857142,0.0296038895204055,-18719526.459763624,-26287031.984715704,32271174.776311707,10246473083.984516,293.8951754426496
75.0,79.50420342857142,0.030529488326011236,-17899229.362676222,-30797537.774292015,35621212.005441844,12484243679.18463,293.90841779383356
80.0,79.50420342857142,0.03139381245667312,-17917305.436891582,-36662037.70493186,40806063.799351074,16383031307.487234,293.9181774603676
84.99999999999999,79.50420342857142,0.032321218869700394,-16353147.171435617,-34888465.852953404,38530902.818170875,19567306936.0565,293.92179684003787
89.99999999999997,79.50420342857142,0.033584443207849625,-12895446.494674878,-27323102.75870268,30213316.346598707,21100141259.274815,293.91770638269105
94.99999999999997,79.50420342857142,0.035350782636194705,-8585374.214060046,-19316752.725855608,21138722.43697091,21003119166.56478,293.90627270214185
99.99999999999997,79.50420342857142,0.03768592417823903,-4476270.115305302,-12501527.807447175,13278749.6273388,18370298196.6749,293.8892511389124
104.99999999999997,79.50420342857142,0.04009072733115356,-1619043.3115328925,-8307320.414662697,8463620.603293309,15376190653.68781,293.8692241077509
109.99999999999997,79.50420342857142,0.04121816247790811,-66132.48377908242,-6754021.40931051,6754345.172023378,15472154961.880146,293.84832375872975
114.99999999999997,79.50420342857142,0.04031868504139898,732805.683225898,-6381244.148597165,6423183.093558343,17581159239.63404,293.82690951368033
119.99999999999997,79.50420342857142,0.03804427971997736,995730.8829711378,-5892066.594089495,5975611.160415968,18211450397.407036,293.8040532143194
125.0,79.50420342857142,0.03515717234090873,923135.8322819661,-4906419.918249483,4992508.0049047675,16001305348.468292,293.77898754820694
130.0,79.50420342857142,0.03202092237481091,713694.0018739519,-3624828.8110889345,3694420.528041072,11937401689.273254,293.7511924263965
134.99999999999997,79.50420342857142,0.028812863086142528,484637.78774918267,-2374227.01492556,2423185.4455894944,7611096013.811427,293.71990505886384
140.0,79.50420342857142,0.025636136782455115,306435.51786325034,-1383759.5460201572,1417283.7428722696,4157927378.978423,293.6846293556066
145.0,79.50420342857142,0.02236586505637165,210274.12319401483,-723771.969461428,753698.2623458051,1945528062.9027233,293.6469871755498
150.0,79.50420342857142,0.018316602493858854,178076.62911754992,-347029.4317546905,390052.19181777816,803895764.8863773,293.6114300421128
154.99999999999997,79.50420342857142,0.012802375921610999,185722.72609050662,-173256.03400512465,253989.3389606624,376398122.24090147,293.58184283578584
160.0,79.50420342857142,0.007302815584295996,275083.41076178965,-125233.77127992832,302248.87153690564,285581002.2449318,293.55853029915426
165.0,79.50420342857142,0.004062213867598862,456782.8771017229,-140585.36491533837,477927.6531460661,222764791.2827531,293.53955602373566
169.99999999999997,79.50420342857142,0.002775016016664884,619548.3697533093,-203095.8424481682,651987.8094594365,120118746.48141807,293.52282137334913
174.99999999999997,79.50420342857142,0.002282860494053364,759272.6907161004,-336911.7051438841,830665.1045579239,62854264.52819517,293.50667731336665
179.99999999999994,79.50420342857142,0.002072047714095517,911520.9024419086,-618233.8119803315,1101400.6545595673,41266201.37726352,293.48994715543506
185.0,79.50420342857142,0.001967704470574711,1130204.4873098594,-1199926.64787995,1648388.9539267593,40224778.117072195,293.47210248211366
189.99999999999994,79.50420342857142,0.0019019938751412121,1197905.611817192,-1730497.5258150538,2104661.3840889335,43582216.9506754,293.4535058726058
194.99999999999997,79.50420342857142,0.0018479139093929918,1061711.2621119143,-1693478.0025007154,1998774.2616536482,39307221.80771685,293.4351857359201
199.99999999999994,79.50420342857142,0.0017958227489300207,1004982.9535354769,-1643137.6034550425,1926107.9722551566,36501113.257308014,293.4181198928711
205.0,79.50420342857142,0.001747415614039444,920579.8698069053,-1585794.7071734043,1833633.5920769128,33080340.102205303,293.4027616241863
209.99999999999994,79.50420342857142,0.0017037647619493302,818155.0795064862,-1523230.3759852916,1729048.4413244636,29414344.470913168,293.38911298766175
214.99999999999997,79.50420342857142,0.0016656001060887955,703256.5730191125,-1456925.5346109413,1617776.8143028764,25750286.56402089,293.37697171633494
219.99999999999994,79.50420342857142,0.001633439104647419,579551.249094458,-1387889.0200398176,1504033.105444834,22256642.19679939,293.36610472895177
225.0,79.50420342857142,0.0016076449811793497,450268.3406118025,-1316181.1580370527,1391069.5235426098,19038929.44846398,293.3563280053213
229.99999999999994,79.50420342857142,0.0015884122705862387,319555.0040461593,-1240317.16837703,1280820.8613158027,16140672.950869605,293.3475085177322
234.99999999999997,79.50420342857142,0.0015756894807747337,193554.1262869812,-1156630.1864071435,1172713.344304967,13530959.269178966,293.3395150728814
239.99999999999994,79.50420342857142,0.0015690568579575406,81243.99478079501,-1059108.8399721242,1062220.3733665817,11101306.835704518,293.3321703246146
245.0,79.50420342857142,0.0015675650812966542,-4593.557530491611,-940447.9918873387,940459.2102880984,8702114.24798805,293.3252416259345
250.0,79.50420342857142,0.0015695162137105898,-46827.50370095697,-795970.0709539166,797346.3293683907,6255166.168775473,293.3184636733186
254.99999999999997,79.50420342857142,0.00157224783166675,-2461.2036678248337,-666957.2139955168,666961.7551435435,4376699.359150555,293.3115687549787
260.0,79.50420342857142,0.0015697623340773723,129934.98547989517,-521029.152645036,536986.4787475237,3167390.0254183756,293.3043182579765
265.0,79.50420342857142,0.0015577415504110788,284696.27084382914,-442367.8767191542,526062.0733196755,3464142.5203262353,293.296552397295
269.99999999999994,79.50420342857142,0.0015335414795095508,459064.3934811915,-473797.4881493373,659715.224273986,5638279.797430218,293.2882796122917
274.9999999999999,79.50420342857142,0.0014972962741274037,661483.3018325118,-616039.6842193343,903916.5067285247,9953461.468799876,293.2797686929964
280.0,79.50420342857142,0.0014516400394632063,884793.1372772675,-872369.7227913635,1242532.8281442022,16709151.024325015,293.2714950641639
285.0,79.50420342857142,0.0013999687818432598,1072825.5282373868,-1199646.3332585485,1609380.6072332638,25483693.930797677,293.26388204277737
290.0,79.50420342857142,0.0013443574866394675,1119607.9003744174,-1477806.2429953036,1854031.5915368611,33820429.038059905,293.2570849007399
294.9999999999999,79.50420342857142,0.001288007991805818,1087929.6229227346,-1763788.2514796057,2072327.1605830698,42253383.436198995,293.2510269229676
300.0,79.50420342857142,0.001235564524347194,1004374.9533376059,-2026687.198261018,2261908.4964885325,50576733.2219093,293.2455583917423
305.0,79.50420342857142,0.001187093919543408,814185.7677701133,-1950798.897233964,2113886.1847054726,52385664.4334528,293.2405592060812
309.99999999999994,79.50420342857142,0.0011385519767348603,693799.4678581776,-1743378.499873962,1876359.8523265938,52214302.168661356,293.2359534021259
314.9999999999999,79.50420342857142,0.0010825144766598805,593418.6288240093,-1437680.5403722427,1555336.2997115417,47889269.27675475,293.23167377961687
320.0,79.50420342857142,0.0010191515394509384,456956.72244150593,-1073598.1424430336,1166800.0761234188,37976740.88024575,293.22763470135703
325.0,79.50420342857142,0.0009529592281091518,302424.3990612824,-725279.6406984675,785806.0030053701,25901047.42523193,293.2237338275635
330.0,79.50420342857142,0.0008902201638317273,162904.5490684179,-447804.8052388052,476515.51464999415,15475378.788962554,293.2198802826318
334.9999999999999,79.50420342857142,0.0008401159856043679,57397.43113517064,-264833.12670097494,270981.6416274935,8830409.988023298,293.2160410916783
339.99999999999994,79.50420342857142,0.0008200667625417979,-12171.317328017116,-167682.79217260052,168123.94165108915,6470168.487653227,293.2122893339669
345.0,79.50420342857142,0.0008684331130844437,-53489.472565508935,-129798.22778164466,140387.69038128678,9098756.152966827,293.2088099862025
349.99999999999994,79.50420342857142,0.0010710515681645026,-75089.50480396589,-122138.13664590073,143374.18929164877,19705289.686710604,293.2058219683168
354.9999999999999,79.50420342857142,0.0016000357480363914,-81850.2692927433,-120712.67195548117,145845.86299901074,41667654.58752022,293.2034579410917
359.9999999999999,79.50420342857142,0.002700670592411865,-77235.43085210638,-112214.72539833597,136225.75518283778,67508920.27992277,293.20170964483634
365.0,79.50420342857142,0.004455747933070042,-68403.87316544063,-101567.00824869181,122453.85673233621,81604757.31477794,293.20047327305184
370.0,79.50420342857142,0.00648428074387148,-61068.98951835695,-97330.1117756679,114902.44618395728,80067548.57744032,293.1996206248342
374.9999999999999,79.50420342857142,0.00821995810600605,-53022.845564233816,-97082.26602394931,110618.21065300891,66280215.899971716,293.19903735131277
379.9999999999999,79.50420342857142,0.009403379814939446,-41291.67201116019,-94573.09393527545,103194.34225754658,47922374.8637015,293.1986344241576
385.0,79.50420342857142,0.01010857632003637,-27657.518644054624,-88056.58841028268,92297.89325875299,33010396.94846704,293.1983497968978
389.99999999999994,79.50420342857142,0.010492649786815278,-15225.995072456564,-78653.53967218661,80113.73308559966,23407098.748921853,293.1981473298241
394.99999999999994,79.50420342857142,0.010672960044486741,-5990.617525144831,-67689.78337192445,67954.35432163734,17624570.282106698,293.1980132269265
399.9999999999999,79.50420342857142,0.010725036180455668,-2325.962176510663,-56345.17446838185,56393.162581282384,14010829.698146302,293.1979470122296
0.0,84.47321614285713,0.014155905022437784,-1072995.9860526426,-12367180.389886163,12413640.528953219,1516153534.792131,293.7692822120235
5.0,84.47321614285713,0.014209554821740416,-1622327.7914471228,-12364813.02776135,12470787.812900934,1530145158.461095,293.7704940168955
10.0,84.47321614285713,0.014318137801582496,-2747312.9246840915,-12351550.032696657,12653399.405548891,1575285539.2041404,293.77288772506813
14.999999999999996,84.47321614285713,0.014484286114208825,-3939633.8492280613,-12309278.30745091,12924358.68104352,1643474072.7416954,293.77653623928
20.0,84.47321614285713,0.014712101186505303,-5230178.582872752,-12208224.7972871,13281397.543550773,1735531119.7716498,293.7816884976002
24.999999999999993,84.47321614285713,0.0150073039724961,-7720534.206521607,-12004057.874176024,14272492.910512783,2004215998.8576903,293.7888026229796
29.999999999999993,84.47321614285713,0.015484154607157463,-9587598.414768793,-7179419.647882459,11977733.919372134,2226211079.839549,293.7984170340137
35.0,84.47321614285713,0.01651940914769675,-10022142.85705896,-2598885.091989586,10353625.025500182,3542351324.8397818,293.81097653459017
40.0,84.47321614285713,0.018850219648726754,-8642122.040026251,-579610.0797949403,8661536.884370314,4950106271.00277,293.8257774914499
44.999999999999986,84.47321614285713,0.022315032406090375,-9358972.847905736,-476952.1390377802,9371118.188923322,6004472183.902657,293.8414874283611
49.999999999999986,84.47321614285713,0.025354141905504904,-12730728.143532038,-2260358.0398715627,12929835.943774797,6429976643.902429,293.85711579508705
54.999999999999986,84.47321614285713,0.027291621206444745,-15400170.808227737,-6858621.650977041,16858408.93660611,5944719621.54945,293.87257458016535
59.999999999999986,84.47321614285713,0.028628143545191206,-18639031.08213131,-14540210.10761165,23639610.607075345,7342096274.554099,293.8886726491861
65.0,84.47321614285713,0.02978058120988902,-22922012.24271779,-23589134.09158469,32891729.848794322,10644328814.042131,293.9056676962862
70.0,84.47321614285713,0.030920344769462985,-23094994.508471616,-28376219.291213125,36586727.000503205,13170187937.291044,293.9230562520369
75.0,84.47321614285713,0.03209008066073618,-23991180.227308545,-34886833.33861555,42339908.7043836,17637811106.030777,293.9399122320973
80.0,84.47321614285713,0.03331946279219384,-24414656.205800444,-39631739.14085347,46548363.93447236,24588589569.93409,293.9539094812156
84.99999999999999,84.47321614285713,0.034906066950147724,-23023317.913563307,-37430753.45417455,43944675.12561909,32255105906.23489,293.9613867570481
89.99999999999997,84.47321614285713,0.037227952868170225,-19638191.36256981,-30842975.274599884,36564295.204235666,37983285913.233315,293.9590655685138
94.99999999999997,84.47321614285713,0.04057674190889087,-14231101.939631917,-22262659.66484895,26422533.52290593,36552677673.93406,293.94576894985346
99.99999999999997,84.47321614285713,0.044800883148284995,-9027225.459329259,-15354443.359909032,17811505.562029753,28569708202.599113,293.92365124758555
104.99999999999997,84.47321614285713,0.04883928960805549,-5292426.99584689,-11865074.771013005,12991912.208297063,21025709221.151802,293.8970681227255
109.99999999999997,84.47321614285713,0.05150149595261504,-2450656.226049682,-10658643.665985208,10936745.436221996,17647133684.897617,293.86976846743875
114.99999999999997,84.47321614285713,0.05251410485168498,-415453.7482164916,-10015876.650220897,10024489.358034518,17824637540.07238,293.8433644233019
119.99999999999997,84.47321614285713,0.052250482500895624,606134.1513511558,-8642032.768976001,8663263.183667526,17859759779.899452,293.81760120321303
125.0,84.47321614285713,0.05104809631825269,855959.353989303,-6433668.404881475,6490358.661865453,15401575793.645144,293.7916894085208
130.0,84.47321614285713,0.04906968476746798,721818.5341317815,-4114414.2652271646,4177251.098763509,11155508793.134888,293.76469474624156
134.99999999999997,84.47321614285713,0.04635789595952924,502810.31247694907,-2315572.6455102577,2369534.7406122875,6936036192.991356,293.73533540010976
140.0,84.47321614285713,0.0427565579504167,348290.65711918636,-1205684.2885084474,1254982.4641773428,3900536108.345635,293.7023062507721
145.0,84.47321614285713,0.03759099783924946,281217.7966319902,-628386.0439817554,688442.0595907777,2178614093.4221883,293.66577899548133
150.0,84.47321614285713,0.02961812809261781,270525.86944360356,-352895.107093964,444656.2747213604,1335418119.3261857,293.6290668448528
154.99999999999997,84.47321614285713,0.019020123002545394,308065.0235154023,-231822.59977631422,385546.07569082396,942356597.3439662,293.5967464536721
160.0,84.47321614285713,0.009768140404837405,462783.06859155576,-212983.0465446673,509440.8176525165,777157954.881838,293.5705997723382
165.0,84.47321614285713,0.00493520159653273,723571.4057068627,-254654.59041582196,767075.3154524367,531379717.6233173,293.5493231728907
169.99999999999997,84.47321614285713,0.003126650722954983,932463.1279299906,-342926.36393977894,993522.0058126241,257784186.30507517,293.5308275380632
174.99999999999997,84.47321614285713,0.002460128067563639,1092977.363163472,-502525.62894967664,1202967.7984630528,122502424.19525012,293.51335302914504
179.99999999999994,84.47321614285713,0.0021862715687297456,1236147.8749725674,-799028.9227684477,1471906.5147690936,69081823.98439157,293.49565359938686
185.0,84.47321614285713,0.002059511491651168,1384587.0229077523,-1353817.4180818668,1936466.5825948056,52625954.32289851,293.47720256123023
189.99999999999994,84.47321614285713,0.001988776900720208,1284305.6030087722,-1740435.3177264226,2162996.9896209287,46031664.86989987,293.45835334422526
194.99999999999997,84.47321614285713,0.001931080931350291,1131256.8730579861,-1651191.1406244163,2001542.9787335303,39416194.54659578,293.44002580068144
199.99999999999994,84.47321614285713,0.0018756512134144093,1072157.325711313,-1570314.4475811825,1901422.8344475694,35571506.860214345,293.42303649110715
205.0,84.47321614285713,0.0018238651987791596,989061.4342150381,-1492156.9555427846,1790188.5098017526,31531336.79085391,293.40772812956516
209.99999999999994,84.47321614285713,0.0017767450699929055,888350.1275209301,-1414990.9578766306,1670737.9686650678,27463857.52502111,293.3940571309281
214.99999999999997,84.47321614285713,0.0017350301860270666,774856.8628385025,-1338188.6297633664,1546335.011152461,23526213.328086976,293.3818072499625
219.99999999999994,84.47321614285713,0.0016992593837090553,652241.6413114468,-1261831.9404594875,1420436.202236625,19851270.978421647,293.37074874914555
225.0,84.47321614285713,0.001669806021895922,524303.3578251487,-1186611.162961848,1297281.79787292,16558214.40620312,293.36072179551314
229.99999999999994,84.47321614285713,0.0016468290479265404,396508.9700658036,-1112981.5296698029,1181502.1154144322,13734531.817923373,293.3516365551596
234.99999999999997,84.47321614285713,0.0016301551248893416,276835.98683114507,-1039814.5173451321,1076035.498525241,11391949.489152245,293.34340654631706
239.99999999999994,84.47321614285713,0.0016191454492434259,175592.466789777,-963694.3470896957,979560.8755998546,9440776.454123292,293.33588244493205
245.0,84.47321614285713,0.001612595878210364,104628.02239270818,-880032.2617158598,886230.1082284107,7727479.35555088,293.32884143310037
250.0,84.47321614285713,0.001608682647004155,76730.96807043643,-786689.4345025534,790422.6134283948,6147004.9936137,293.32202071457505
254.99999999999997,84.47321614285713,0.0016049227814033203,105469.58140676992,-687658.9414675102,695700.1167042707,4761995.768128614,293.3151573731489
260.0,84.47321614285713,0.001598135688863478,199465.84400981883,-618629.2241758018,649991.3383506767,4156808.2508702073,293.3080217198189
265.0,84.47321614285713,0.0015849761970023384,348899.77170034515,-600432.332278697,694442.2483822458,4744791.376832642,293.30045876541664
269.99999999999994,84.47321614285713,0.0015632457116934435,523275.2972014122,-645045.0345190921,830602.2713784035,6787831.946740296,293.2924598363346
274.9999999999999,84.47321614285713,0.0015326486672821971,686956.692350802,-748156.9916821832,1015700.9310660736,10150245.671330256,293.2842426583237
280.0,84.47321614285713,0.0014945500424583633,810872.8001991617,-891587.8256575671,1205173.6592556352,14290391.09833456,293.2762205132145
285.0,84.47321614285713,0.001451561387262281,879751.1229580104,-1058141.0527338975,1376090.3043865548,18631109.681867182,293.26878701005273
290.0,84.47321614285713,0.0014065749301625623,895727.9370188115,-1248132.3531662233,1536282.170753872,23221316.269184545,293.262105303483
294.9999999999999,84.47321614285713,0.0013619885935603998,854399.9727840578,-1451743.623036326,1684505.5240396324,27918348.98527379,293.25611215111417
300.0,84.47321614285713,0.0013211349328841565,744426.8728908685,-1647846.5865443996,1808195.1614436165,32168844.267934017,293.2506582383855
305.0,84.47321614285713,0.001287545906271313,615898.9154060447,-1861657.9045662486,1960893.0688929313,37831422.853519306,293.24561489062864
309.99999999999994,84.47321614285713,0.001259545041343552,537667.0166921471,-1920501.830520442,1994345.2815074432,43919815.833848804,293.2408982187878
314.9999999999999,84.47321614285713,0.001227202704053887,434712.331335465,-1440465.9629076426,1504631.84909484,40040621.18620055,293.23644369097565
320.0,84.47321614285713,0.001181400722001491,317728.73983606877,-949387.0932176852,1001143.0491623773,31204942.55759846,293.2321819026194
325.0,84.47321614285713,0.0011266618055302971,181488.71041457597,-561855.7185917705,590440.5139573509,20680334.532474358,293.22803444697854
330.0,84.47321614285713,0.001071977367964362,73360.84358291051,-309478.2511579293,318054.3999239228,12183160.601960614,293.22393644979286
334.9999999999999,84.47321614285713,0.001036861747489161,1556.3544112589218,-170726.43853062807,170733.53230225682,7483411.310646582,293.2198758977887
339.99999999999994,84.47321614285713,0.001067916436937941,-41860.476746663946,-108963.05353516409,116727.23139509918,7692005.503780896,293.21592951144
345.0,84.47321614285713,0.0012770515329339268,-65948.78925049378,-91361.3039828191,112677.10800800276,15767096.593778986,293.2122599590194
349.99999999999994,84.47321614285713,0.0019003360777489682,-76069.4637001244,-91458.69103404957,118959.04956448787,36391704.38576949,293.20905479715645
354.9999999999999,84.47321614285713,0.0032653103927103196,-76325.38703207512,-93137.96735773775,120416.96586912943,65207322.934271604,293.20644020982866
359.9999999999999,84.47321614285713,0.0053888878532444085,-74895.9686718014,-96391.41501716172,122068.46854244615,85855637.74569258,293.20443544903844
365.0,84.47321614285713,0.007651378952728879,-77008.70438678605,-108180.28712235752,132790.49315823446,89850165.31773026,293.2029721735589
370.0,84.47321614285713,0.009377114923951168,-77261.04243768402,-125089.52304929442,147026.04345916942,76312828.38584349,293.20193896212413
374.9999999999999,84.47321614285713,0.010423579981273384,-68864.61395995013,-136165.93472656852,152589.3077375118,53883034.0518074,293.2012202890287
379.9999999999999,84.47321614285713,0.010996891451135549,-53388.10203996371,-136269.65923220292,146354.7384497348,34717438.482385024,293.20071891274415
385.0,84.47321614285713,0.011303075696429164,-35787.6863505178,-127109.14960773538,132051.10529005312,22375776.647977836,293.20036457552396
389.99999999999994,84.47321614285713,0.011463639817651113,-19885.795015352658,-111993.25245762362,113745.03698812376,15200459.872135531,293.2001152623677
394.99999999999994,84.47321614285713,0.011540535399458589,-8033.596202056077,-93513.62761929301,93858.06954363323,11031326.15942578,293.19995275701825
399.9999999999999,84.47321614285713,0.011565886596844304,-3224.647955204911,-73266.61000582873,73337.53811099204,8320389.755736064,293.19987307184556
0.0,89.44222885714284,0.014743938350786974,-1057968.0642619496,-11308301.643916225,11357683.852564156,1269183460.9827135,293.77908249508795
5.0,89.44222885714284,0.014796836754000071,-1595225.2912397604,-11284958.084348792,11397149.76190627,1278019154.2505622,293.7803558645168
10.0,89.44222885714284,0.01490346087991095,-2686465.773448204,-11228914.323933981,11545805.093026575,1311575502.4221127,293.7828926765342
14.999999999999996,89.44222885714284,0.015065483331344892,-3819910.3045088137,-11120562.392344117,11758342.68324031,1360307456.9668467,293.78681649757567
20.0,89.44222885714284,0.015285451910361831,-5013372.493089148,-10928328.31661156,12023404.823514717,1422328107.4612236,293.7924617686346
24.999999999999993,89.44222885714284,0.015566820580653807,-7129077.039712221,-10606457.355655229,12779697.847581722,1606889542.4671297,293.8004021616462
29.999999999999993,89.44222885714284,0.015998359614333053,-8811088.285630027,-6450882.440192802,10920126.420255149,1743767256.5486379,293.811279806496
35.0,89.44222885714284,0.016876357920494713,-9064495.509638768,-1957421.6936236422,9273434.02041174,2711084289.562558,293.8254232368416
40.0,89.44222885714284,0.018902787735921914,-7757347.873615396,96496.61729039802,7757948.029565151,4152367932.3549967,293.84175851586855
44.999999999999986,89.44222885714284,0.02231600233877459,-7411796.099797464,345148.88733181177,7419828.109828373,4967514673.917878,293.85835945358235
49.999999999999986,89.44222885714284,0.025699988232632427,-9778917.739981515,-803173.5895086923,9811845.900757384,5503607722.625119,293.8743140299987
54.999999999999986,89.44222885714284,0.027997881248330515,-12125945.923553359,-4448055.665715765,12916027.398013927,5294864148.251922,293.8899431653922
59.999999999999986,89.44222885714284,0.029611707516615546,-14783689.317608012,-10733215.473462086,18269082.742144533,6672491125.4048605,293.9064913257972
65.0,89.44222885714284,0.03100182982443637,-18592648.187570546,-18852192.48135539,26478136.79209402,10433437317.060978,293.92482643268016
70.0,89.44222885714284,0.03242392540923345,-22401606.725703582,-27312352.880284898,35324164.586728655,16412163410.977123,293.94494117121144
75.0,89.44222885714284,0.033996550694426184,-25075765.703053672,-34529425.424677655,42674058.22924296,25099056996.55644,293.9655993412083
80.0,89.44222885714284,0.035936607645318384,-26857971.10498357,-38975701.27024422,47333454.35718218,38079400352.885574,293.9836428005501
84.99999999999999,89.44222885714284,0.038636166830540476,-26586877.260009132,-38075402.23638235,46439189.24681073,51865509068.776215,293.9937608072223
89.99999999999997,89.44222885714284,0.04243538808652561,-23068678.906922862,-32038224.016384125,39479257.143906854,56424432060.330444,293.99076613922944
94.99999999999997,89.44222885714284,0.04712420108130712,-18303117.807889372,-25419064.31089242,31323041.869058024,48612555424.423386,293.97359876552355
99.99999999999997,89.44222885714284,0.05165262629945487,-14207711.786075633,-21110687.707845744,25446418.406022917,35404152325.37066,293.94608639610965
104.99999999999997,89.44222885714284,0.05501971055122458,-10024361.553764895,-17961305.777543936,20569305.525346085,22629407534.721577,293.9138075437418
109.99999999999997,89.44222885714284,0.05710199000943257,-5851514.701320187,-15302834.011038648,16383435.325632028,14640200459.8028,293.88151571277405
114.99999999999997,89.44222885714284,0.058263558798096124,-2675020.953179267,-13175621.412621936,13444431.438654808,11398631352.471062,293.85159222682995
119.99999999999997,89.44222885714284,0.058816540039227976,-756672.9096279561,-10910854.004653271,10937060.345587527,10162165911.356318,293.8242124200797
125.0,89.44222885714284,0.05891691256194117,166498.3167190563,-8166976.693574998,8168673.699130569,8944745476.350855,293.79844756908165
130.0,89.44222885714284,0.058589694687293595,482947.088716962,-5344628.309238635,5366403.791592208,7102734991.725256,293.77291859725165
134.99999999999997,89.44222885714284,0.05770627647509262,527112.6561806116,-3040552.987058872,3085905.089178604,4964711327.014935,293.74599885785824
140.0,89.44222885714284,0.05579658839360458,497572.24989982165,-1543052.4118893698,1621292.351708344,3204023176.5629954,293.71603710530877
145.0,89.44222885714284,0.051541969192083606,460859.2053729378,-758779.7307048398,887771.303267618,2255484015.1620045,293.6822718929968
150.0,89.44222885714284,0.04239176914301619,429366.56105162855,-420202.2799074707,600770.8379979327,1976232274.647048,293.6464823546146
154.99999999999997,89.44222885714284,0.02764715450396887,457694.9402670348,-306210.29105700966,550680.8519417242,1867440723.0162292,293.612751208484
160.0,89.44222885714284,0.013744836123063783,666729.4582437968,-323901.3919143149,741242.3909721418,1723931798.011331,293.58402916968964
165.0,89.44222885714284,0.006385141708524068,1021503.2080219736,-400539.10883877357,1097223.9432807427,1167129030.640625,293.56012480543666
169.99999999999997,89.44222885714284,0.0036796177509483543,1276615.6683771687,-514371.54532484396,1376345.0335529798,536182345.6192594,293.5393548518838
174.99999999999997,89.44222885714284,0.0027125454470449664,1438265.0666432194,-689329.2870842238,1594923.5931411474,234958316.15710685,293.52005584248764
179.99999999999994,89.44222885714284,0.002329395888437628,1552701.2384971003,-967973.1607476698,1829713.960147395,117299205.58489472,293.5010025798322
185.0,89.44222885714284,0.002159613460293676,1609830.9904159647,-1403154.602205468,2135508.9921126603,70916587.64597957,293.48170949107885
189.99999999999994,89.44222885714284,0.002074958779584702,1476037.554711111,-1738945.7505833139,2280925.0725066178,51187850.26946671,293.4624980556208
194.99999999999997,89.44222885714284,0.002012009704822565,1230777.815455324,-1600640.187554774,2019124.325303512,40111691.33028891,293.44411051335356
199.99999999999994,89.44222885714284,0.0019518809980391696,1163031.531070816,-1494805.6905255166,1893960.5050508296,35292846.67913327,293.4271556868252
205.0,89.44222885714284,0.0018957065517154832,1074940.7488407344,-1397539.9609458772,1763126.6420648526,30585238.304591693,293.41186369835697
209.99999999999994,89.44222885714284,0.0018443869231550961,971169.1931855289,-1306392.36390005,1627830.0311300908,26071316.70750059,293.39816297011635
214.99999999999997,89.44222885714284,0.0017985896323969304,855466.3939897707,-1219011.5926449487,1489232.021630154,21820745.52144403,293.3858354152839
219.99999999999994,89.44222885714284,0.001758840283756119,730189.3210416512,-1134652.9849737606,1349301.2417074004,17912767.655364346,293.37465122007694
225.0,89.44222885714284,0.0017255707002927652,598196.2573599212,-1055469.6846636753,1213200.3204596736,14481377.85185255,293.3644578236183
229.99999999999994,89.44222885714284,0.001699020658020127,465441.8837429504,-985188.9863739015,1089602.4440201214,11681025.987064393,293.3551875826698
234.99999999999997,89.44222885714284,0.0016790265119184702,341916.1079510703,-925915.5155007417,987028.9594137612,9585276.447139217,293.3467834214056
239.99999999999994,89.44222885714284,0.00166482904722502,240036.00672861584,-875728.5776077113,908029.6394749708,8112316.800094973,293.33911747075695
245.0,89.44222885714284,0.0016550229112456086,171314.37469681664,-829177.653241056,846690.1414402474,7053324.402743164,293.3319752785348
250.0,89.44222885714284,0.0016476976097553383,144353.59113972425,-783026.184197157,796221.0524805877,6237523.077399796,293.3250957071531
254.99999999999997,89.44222885714284,0.0016405875521316362,164557.46070800698,-739961.3557372413,758038.2350905286,5653626.009548262,293.3182192838579
260.0,89.44222885714284,0.0016312418636845376,231748.83857336003,-710809.7743675174,747634.977456581,5499511.002514747,293.31112641100117
265.0,89.44222885714284,0.0016174126682743002,335956.4461874205,-711779.5495649072,787081.2289171324,6095143.892486758,293.30367670814377
269.99999999999994,89.44222885714284,0.0015976462190657955,457643.6206788609,-754229.0952816117,882212.6794131763,7657578.247982832,293.29586672644405
274.9999999999999,89.44222885714284,0.001571648306206414,573999.5477069315,-838563.2673945754,1016200.6859824628,10160236.571141265,293.28788943954544
280.0,89.44222885714284,0.0015402462642951024,665211.9747230625,-956564.5355811233,1165127.753530267,13356477.823283924,293.2801050255587
285.0,89.44222885714284,0.0015051271087341079,718490.6701574877,-1094002.991884886,1308843.531273482,16854672.355933376,293.2728631741048
290.0,89.44222885714284,0.0014683971972793536,728444.665132758,-1238040.5179736174,1436445.597405192,20301270.497537866,293.2663192257045
294.9999999999999,89.44222885714284,0.001432282642220832,690692.6013753103,-1383245.5253210734,1546099.7551630896,23519055.420472432,293.2604231844444
300.0,89.44222885714284,0.0013993279371418226,601766.8672862026,-1516640.5298478673,1631662.2994175816,26194216.378853846,293.25503557620885
305.0,89.44222885714284,0.0013721059554922118,465708.7025957698,-1623504.492735416,1688979.4059151565,28066842.723447353,293.2500253629478
309.99999999999994,89.44222885714284,0.0013527570668822456,322566.57300486846,-1740201.9785791773,1769845.2249479298,30818779.07634343,293.24529761533586
314.9999999999999,89.44222885714284,0.001339849298191725,265917.32920704555,-1506557.110850776,1529845.2059694293,30348851.634967078,293.24077608473686
320.0,89.44222885714284,0.0013177102103929,196144.74785607657,-923844.347837463,944436.9439738956,22476022.280263133,293.2363854768287
325.0,89.44222885714284,0.001289614420369692,90281.75950166884,-505737.4580354802,513732.5885700714,14671352.487554504,293.2320569962353
330.0,89.44222885714284,0.001266700708684205,4862.617709467093,-253766.49263086668,253813.0765606062,8850329.469209045,293.2277524630165
334.9999999999999,89.44222885714284,0.001282824624364991,-46486.0765328233,-127409.77237241868,135625.2388289401,6801621.165474949,293.2234993080399
339.99999999999994,89.44222885714284,0.0014414073631617017,-70418.41893397784,-77062.74081060638,104390.70718413545,11139912.518584186,293.21940371375393
345.0,89.44222885714284,0.0020144681235707614,-76378.469364906,-65407.05723922519,100557.21614693382,26120689.951320354,293.21561867973656
349.99999999999994,89.44222885714284,0.0034467300117450093,-75863.6394652886,-69097.78468646994,102614.79250818107,52114638.63920386,293.212286467242
354.9999999999999,89.44222885714284,0.005830645995975219,-79663.52778897852,-81548.54031922718,114001.93896588765,78070954.1987941,293.2094965296712
359.9999999999999,89.44222885714284,0.008310574641733818,-91609.4542365089,-105284.23026232474,139560.2423594959,87709955.25362855,293.2072741614936
365.0,89.44222885714284,0.010023607765726047,-102819.65000846429,-136878.56891495522,171194.69342263282,73875746.04719742,293.20558750445963
370.0,89.44222885714284,0.01094479772489326,-101695.70817610333,-162374.66135035438,191592.13895690354,48983660.22807561,293.2043578590971
374.9999999999999,89.44222885714284,0.011402891562395554,-88623.14809988442,-173600.3846486681,194913.20101342435,29082410.98837049,293.20348094319326
379.9999999999999,89.44222885714284,0.011634323047655272,-69049.64328567634,-171051.09448711775,184462.27300757202,17123937.71403004,293.2028556887146
385.0,89.44222885714284,0.011756078891407723,-47609.70330158532,-157857.47968710458,164880.7682588531,10526598.510395315,293.20240514277066
389.99999999999994,89.44222885714284,0.011821692452206236,-27914.176841578927,-137301.12643243387,140109.95891926505,6897800.125503424,293.20208240902923
394.99999999999994,89.44222885714284,0.01185576911434042,-12584.713402728948,-112287.29607715318,112990.31760176217,4811319.6958628325,293.20186718598814
399.9999999999999,89.44222885714284,0.011869896136497268,-5827.604163175,-85109.43902715082,85308.71926010234,3471540.7993256254,293.2017574428413
0.0,94.41124157142853,0.01527972691534974,-1026598.2083377397,-10272478.012684263,10323648.018139899,1048603325.4248909,293.78663421602795
5.0,94.41124157142853,0.015331056825766626,-1543432.4709781567,-10237399.281561865,10353092.670433946,1054593415.6519498,293.78799014267395
10.0,94.41124157142853,0.015434070162447555,-2583936.067935087,-10157940.440125184,10481434.996616945,1080902056.8735547,293.79069638156795
14.999999999999996,94.41124157142853,0.015589450432560135,-3640910.710803764,-10014692.131178565,10655997.808104854,1117205583.9200177,293.7949133137711
20.0,94.41124157142853,0.01579816123352793,-4719259.69011567,-9776466.862234134,10855906.978742624,1159516890.547786,293.8010418559114
24.999999999999993,94.41124157142853,0.0160613764015717,-6388061.337061526,-9397862.579796521,11363412.723068718,1270464148.409752,293.8097327711108
29.999999999999993,94.41124157142853,0.016436967367234084,-7983910.661173593,-6117785.157603475,10058336.07910348,1348165914.0118957,293.8216457124364
35.0,94.41124157142853,0.01714271541792316,-7985764.219698376,-1716478.3656527346,8168153.288985748,1928435924.3005664,293.8368442482595
40.0,94.41124157142853,0.018782973187214537,-6980640.383470168,373564.3965240144,6990628.764402019,3345932871.2708306,293.85389740795597
44.999999999999986,94.41124157142853,0.022000465378569645,-5739164.16595559,702120.7073175855,5781952.854480298,4031866528.7441564,293.87058662158677
49.999999999999986,94.41124157142853,0.025817920504165932,-6804117.062050535,26611.83354556187,6804169.103114051,4496859311.001724,293.8862656856677
54.999999999999986,94.41124157142853,0.02871763055017878,-8621303.525460802,-2667904.7059724433,9024665.644680293,4626540859.381206,293.9016909258846
59.999999999999986,94.41124157142853,0.030795546286653763,-10639346.674546063,-7784530.840016847,13183118.677321682,6262809312.462007,293.9183674392345
65.0,94.41124157142853,0.032614384397054955,-13770781.843579905,-15003349.200364416,20365041.610847387,11121898433.189495,293.937573205328
70.0,94.41124157142853,0.034548922234834224,-17861385.44840692,-23282414.253255073,29344503.805597693,20314237184.450382,293.9596159504186
75.0,94.41124157142853,0.0368970805979905,-22093708.397862375,-30950793.6560302,38027405.6268362,35172182819.193275,293.98286596858986
80.0,94.41124157142853,0.04001064551200291,-25094814.96988592,-35303008.61255368,43313417.73020053,53387576526.56479,294.0025281561028
84.99999999999999,94.41124157142853,0.04415537273893911,-25449188.61838621,-34939761.8979137,43225549.884496555,64525233323.398735,294.01135513233686
89.99999999999997,94.41124157142853,0.048943239981856144,-24292747.644637756,-33012867.810612336,40987644.83606026,62208908594.85731,294.0044942915472
94.99999999999997,94.41124157142853,0.05329815631394814,-22828273.173649207,-31595960.773400508,38979928.08209137,49223609171.16341,293.98302947506517
99.99999999999997,94.41124157142853,0.05645980805576965,-19766232.997998066,-28556725.911683418,34730254.27096897,31488323642.625946,293.9523258690011
104.99999999999997,94.41124157142853,0.058542759957795676,-15244651.27090288,-23964159.96234518,28402118.848288562,18078335534.69481,293.9185087359732
109.99999999999997,94.41124157142853,0.059932206902281564,-10592907.172529224,-19634032.120203566,22309300.743479308,10927747318.734163,293.88551627497037
114.99999999999997,94.41124157142853,0.060906659638136434,-6586999.263745312,-15996802.335670508,17299891.45246567,7514394585.494025,293.8551156256827
119.99999999999997,94.41124157142853,0.0616131383499457,-3502839.2886597137,-12520652.586649286,13001408.549758965,5695445398.084244,293.82764296442014
125.0,94.41124157142853,0.06210622037152487,-1431471.8316296733,-8954111.256251954,9067812.304745128,4358782847.022358,293.80242449713825
130.0,94.41124157142853,0.06238439361673426,-266267.576210629,-5708701.169753684,5714907.476739073,3178155856.1633,293.7781673796094
134.99999999999997,94.41124157142853,0.06236956848774651,300212.42836192023,-3264617.184734368,3278391.810782524,2218371050.6270733,293.7532807651625
140.0,94.41124157142853,0.061754602846776994,564552.273997816,-1733750.9477313184,1823351.7540056142,1648428759.5179627,293.72611934313534
145.0,94.41124157142853,0.05952452720258229,680840.4116937423,-922393.328242384,1146452.4055456321,1689799587.1079452,293.6955638156551
150.0,94.41124157142853,0.05285801210371542,668537.1460462442,-544030.9580539677,861923.1978342242,2346052790.5445023,293.6622280967396
154.99999999999997,94.41124157142853,0.03806691798660934,618452.5184742828,-397236.1618192537,735037.472421696,2821355216.686286,293.6288898313171
160.0,94.41124157142853,0.02003334593087734,811031.8396911205,-434299.77259616106,919993.9877357029,2999172599.3647637,293.5986021912959
165.0,94.41124157142853,0.00885739041868483,1262272.9953853216,-561751.0410149952,1381628.512647471,2296740949.3409066,293.57219691228573
169.99999999999997,94.41124157142853,0.004597235468735774,1572444.665669916,-700005.7161027967,1721217.65885967,1066649059.4305024,293.5487705266096
174.99999999999997,94.41124157142853,0.0031032495809496337,1715895.973886251,-880810.0719186175,1928762.6541366687,441209717.6906686,293.52719345282367
179.99999999999994,94.41124157142853,0.002528839917424751,1788943.5167200717,-1128935.7293519815,2115375.8027883056,202629674.42060655,293.5064685667393
185.0,94.41124157142853,0.0022799085517690634,1786002.9019174443,-1441795.0885945535,2295338.6336558075,106589266.1491514,293.4861704648331
189.99999999999994,94.41124157142853,0.00216159377160224,1767196.895268236,-1795547.159979259,2519320.2397383456,67053468.31098975,293.46650347694185
194.99999999999997,94.41124157142853,0.0020901529602094177,1373883.8855567197,-1547873.0237688548,2069654.0359933996,42144447.24752885,293.4479539750754
199.99999999999994,94.41124157142853,0.002024205383046568,1273998.8473700962,-1410834.046045069,1900927.607401248,35552980.02030301,293.43091479612923
205.0,94.41124157142853,0.001962753075472408,1176307.0773236,-1296880.432555365,1750884.6896659357,30161986.618548002,293.4155318957049
209.99999999999994,94.41124157142853,0.0019065746753142078,1065772.0739105297,-1194073.4889375065,1600525.417014969,25204030.896576937,293.4017337259341
214.99999999999997,94.41124157142853,0.0018561758680813551,945531.8943241554,-1096849.7353245022,1448140.153806135,20633174.17118437,293.38931312658866
219.99999999999994,94.41124157142853,0.0018120214858817923,814770.005326945,-1002362.6708424173,1291735.6871584891,16416938.41236727,293.3780345708834
225.0,94.41124157142853,0.0017746988675486606,672841.059699285,-915535.6093987714,1136186.8436548791,12701188.600019237,293.36773263698893
229.99999999999994,94.41124157142853,0.0017447373799118638,525260.2328176715,-846525.2265309211,996244.5840921303,9765102.350341948,293.3583378330537
234.99999999999997,94.41124157142853,0.0017221728442668935,385618.0194051671,-803042.2584737815,890830.0207023984,7807905.369291461,293.34980693358943
239.99999999999994,94.41124157142853,0.001706175577971347,271730.8002940164,-784171.7230216253,829917.4169850464,6776643.053549275,293.34203005414963
245.0,94.41124157142853,0.0016949997642374919,196755.89669306038,-777928.5253155021,802424.8708652057,6335102.043603527,293.3348028190689
250.0,94.41124157142853,0.001686499988302041,165394.35139402686,-776314.4334001039,793737.6083935895,6198673.609752151,293.32786473537783
254.99999999999997,94.41124157142853,0.0016784603290980892,177238.4331314792,-778522.4420352812,798442.6434825984,6272379.11919319,293.32095387178254
260.0,94.41124157142853,0.0016687761449888931,227472.99464619166,-788946.8852227415,821085.3493979612,6633175.055741264,293.3138538926693
265.0,94.41124157142853,0.00165571302963347,305749.5401667882,-814995.6541260008,870460.049374163,7454912.31744532,293.3064391500388
269.99999999999994,94.41124157142853,0.0016382011909722143,397277.3160294059,-862906.5505575393,949966.8314349926,8878952.580852395,293.29872529810575
274.9999999999999,94.41124157142853,0.0016159852980305294,485875.21727102826,-933569.4478213794,1052438.4260676175,10897785.251146449,293.29090516374083
280.0,94.41124157142853,0.0015896136692451115,557016.1524539632,-1022905.5393491306,1164732.9035129696,13347426.606601646,293.28330428465114
285.0,94.41124157142853,0.001560283682785133,600019.5759031376,-1123347.4026950395,1273551.2862105996,15957973.159854697,293.27622654966143
290.0,94.41124157142853,0.0015296117116547978,608277.9717874863,-1226795.6275112282,1369317.203076981,18448156.805706114,293.2698058401916
294.9999999999999,94.41124157142853,0.0014994558856063845,577526.5725433982,-1326411.5000579813,1446687.3917608424,20591796.88204481,293.26399738040305
300.0,94.41124157142853,0.001471859054400458,505656.9001302635,-1413675.6712492756,1501388.6252837528,22178445.107417487,293.2586735010425
305.0,94.41124157142853,0.0014488901955933581,393722.97917204123,-1480014.1860079316,1531489.3976494998,23076654.177499954,293.2537077689343
309.99999999999994,94.41124157142853,0.0014324867564832538,243597.55459852287,-1519989.7582275681,1539385.7975579356,23315235.34196311,293.2489997734113
314.9999999999999,94.41124157142853,0.0014245304401335058,157051.40742597956,-1538090.5721457724,1546087.8864728843,23878574.88378532,293.2444613805057
320.0,94.41124157142853,0.0014165412973524533,68623.26731164774,-867739.0351032241,870448.2671924853,15095700.26810831,293.2400035379125
325.0,94.41124157142853,0.0014106343099757387,-16232.867310299058,-453298.93208330905,453589.4926130699,9453241.188924158,293.2355540071827
330.0,94.41124157142853,0.001424121924796084,-82249.72965022305,-223907.3877849651,238536.2369373289,6949266.00452254,293.2310921563453
334.9999999999999,94.41124157142853,0.0015127329212614809,-117404.15927230456,-113346.54292874223,163190.6106622984,9808903.24684031,293.2266880055887
339.99999999999994,94.41124157142853,0.0018636319096096447,-121680.22093630598,-69186.19034322405,139974.30157467144,23303299.204314865,293.2224904173228
345.0,94.41124157142853,0.00298367621263145,-100999.01736804907,-57531.56370275236,116235.46073120428,45946715.78772185,293.2186522080312
349.99999999999994,94.41124157142853,0.005354629001410232,-89667.50247339957,-61782.62791372746,108891.47860022479,68041719.26267909,293.21527000988823
354.9999999999999,94.41124157142853,0.008213387448639644,-104706.8369637587,-85290.12430246171,135047.8693296733,82658032.00997244,293.21238484124115
359.9999999999999,94.41124157142853,0.010177879028773536,-128214.30694711265,-121315.13416441191,176511.38853699408,69886349.62290014,293.2100077665408
365.0,94.41124157142853,0.011136452835188566,-136942.28894044794,-155307.5922143503,207059.5052144867,42750423.71675394,293.2081368666315
370.0,94.41124157142853,0.011565729923521909,-129858.44256993316,-179080.28661384218,221207.96586105233,23336230.530361384,293.20672854635023
374.9999999999999,94.41124157142853,0.011765893097563826,-112907.34336365297,-190958.7423952147,221840.72999023375,12893868.563431114,293.2056951838925
379.9999999999999,94.41124157142853,0.011866391550781123,-89997.16733814201,-190433.20479818314,210628.33526996386,7497519.008959907,293.20493919419175
385.0,94.41124157142853,0.011920478319046367,-64509.27526847694,-177778.21174462867,189120.43561387583,4612498.248828085,293.20438165112233
389.99999999999994,94.41124157142853,0.011950946027335216,-40027.586285208185,-154844.94946792963,159934.88062191271,2985870.574281294,293.2039729343089
394.99999999999994,94.41124157142853,0.011967967988583815,-19627.54853306385,-124992.03839783596,126523.71447386405,2007783.5819039356,293.2036925586856
399.9999999999999,94.41124157142853,0.01197596642678844,-9844.085853267125,-92383.84270098232,92906.83730752187,1380066.462555475,293.20354382920766
0.0,99.38025428571426,0.015764819827831945,-988245.3998826675,-9271299.662029708,9323820.375443825,855327920.7626712,293.7920656629552
5.0,99.38025428571426,0.015814232097826078,-1481397.5603778646,-9233672.205998305,9351750.69918564,860460016.072576,293.793519841499
10.0,99.38025428571426,0.01591295958386973,-2465138.841084812,-9149967.808900453,9476223.953122865,883518168.2206842,293.79641145377184
14.999999999999996,99.38025428571426,0.01606074598193456,-3440800.8927678745,-9002625.24665278,9637757.628999716,913896162.2163033,293.80092146627834
20.0,99.38025428571426,0.01625703967314652,-4400365.7164162425,-8763249.827253927,9806006.627219737,946082953.7078438,293.80749376211895
24.999999999999993,99.38025428571426,0.016500782553576183,-5647761.905026237,-8389336.93649667,10113267.956992581,1006300946.7008498,293.8168115434694
29.999999999999993,99.38025428571426,0.016821815863649142,-7193602.784612598,-6066453.131473871,9410088.980405832,1061793075.4901342,293.829467189379
35.0,99.38025428571426,0.01737748865542297,-6897432.564863376,-1818520.7452224942,7133133.511132562,1322863692.9310973,293.84518766384053
40.0,99.38025428571426,0.018644439516153924,-6225225.867920841,264579.89662033354,6230845.819656141,2505443889.606006,293.86229621973115
44.999999999999986,99.38025428571426,0.021460691280445268,-4655835.934202867,710974.0115246212,4709808.094952287,3295143430.4831963,293.87861965840847
49.999999999999986,99.38025428571426,0.02567387929789908,-4463974.426565778,249412.45531173763,4470936.619311204,3554559366.8875275,293.8937127897811
54.999999999999986,99.38025428571426,0.02952868572884316,-5624925.21875173,-1569739.6254080175,5839851.557028253,4039284741.1577153,293.90863973722867
59.999999999999986,99.38025428571426,0.03244519017979927,-7117757.362980525,-5544605.641434732,9022478.683670765,6230714140.384338,293.92499570765654
65.0,99.38025428571426,0.035065811954190965,-9588368.252149727,-11475067.323931571,14953727.823776748,12681233962.328888,293.94419224130957
70.0,99.38025428571426,0.03797184606553053,-13195182.877733268,-18408886.95858106,22649502.648637585,24995646416.971466,293.9664401496576
75.0,99.38025428571426,0.04160039066706322,-17105677.905992858,-24481926.715574536,29865849.26517802,41619825976.824425,293.9891874731065
80.0,99.38025428571426,0.0460841826181052,-20257008.552564558,-28701439.048136972,35130029.873778865,55287099687.1523,294.0061554829603
84.99999999999999,99.38025428571426,0.05082392202001719,-23082081.20651984,-32872527.220949657,40166970.494629696,59823436819.69289,294.0103216251455
89.99999999999997,99.38025428571426,0.05478306215556912,-25348246.27879929,-37160797.86245752,44982868.81897473,52144876178.66918,293.998931671772
94.99999999999997,99.38025428571426,0.05746319318779612,-25116621.702803914,-37675522.15569346,45280124.287218,35335597852.99488,293.97529738306685
99.99999999999997,99.38025428571426,0.05918266622329289,-23415484.670674603,-34472621.43494355,41673091.44951364,21754264797.27018,293.945734256783
104.99999999999997,99.38025428571426,0.06044439427718489,-21433079.280143823,-30269858.86877785,37089637.95138285,14357998265.296532,293.9147573834738
109.99999999999997,99.38025428571426,0.06145634143089399,-18193358.500606045,-25931657.33426088,31677265.43805668,10180710048.65705,293.88440720423375
114.99999999999997,99.38025428571426,0.0623204715652094,-13802868.603835383,-21304768.471258935,25385278.042769067,7447692395.202583,293.8557618342214
119.99999999999997,99.38025428571426,0.06307771236412492,-8874596.216440916,-16161355.894635802,18437675.622429926,5242020268.892117,293.82934339925845
125.0,99.38025428571426,0.0637113529840239,-4601066.2109299535,-11055656.267550377,11974863.079951571,3443862065.4020367,293.80495798150736
130.0,99.38025428571426,0.06420081194732412,-1815863.3315135764,-6792166.8269655425,7030710.47932332,2145455523.1795685,293.78170701370425
134.99999999999997,99.38025428571426,0.0645124025570205,-304100.777493331,-3771860.4132296382,3784099.3987686033,1291673898.8847249,293.7582564851544
140.0,99.38025428571426,0.06447961690379482,458933.3620860989,-1992232.6676441699,2044409.6538767018,889014565.1026754,293.7331436889643
145.0,99.38025428571426,0.06352025148210656,838387.1333602753,-1106679.7965171873,1388392.2923307314,1071056922.7830741,293.7052585911099
150.0,99.38025428571426,0.059744966507283115,969015.4793346027,-719012.3501564694,1206635.7192075823,2205681906.8826156,293.6747207820889
154.99999999999997,99.38025428571426,0.048599991589739655,850210.615760815,-536899.208763306,1005544.0574748818,3563595041.828547,293.6431854595274
160.0,99.38025428571426,0.029289320982960637,880804.7555747282,-518674.34926993545,1022174.2014126788,4130184622.603249,293.61279315685056
165.0,99.38025428571426,0.013212120853000262,1341089.2112555332,-697309.1837828185,1511542.3812562611,3866006478.151821,293.5847574580253
169.99999999999997,99.38025428571426,0.0062253153086188565,1735366.7466379814,-869727.2103526598,1941113.8981947226,2017576229.6890717,293.5588212486911
174.99999999999997,99.38025428571426,0.003767721716508427,1855044.2514592055,-1054241.1565965305,2133685.448029731,816040056.9849681,293.5348156173839
179.99999999999994,99.38025428571426,0.002845755720808235,1874149.964377181,-1277744.5882865256,2268274.5252439114,354776002.4280272,293.5123224769987
185.0,99.38025428571426,0.0024542446584513403,1838863.5821760832,-1516920.6624664443,2383792.6860511787,176098196.59171513,293.4909949714794
189.99999999999994,99.38025428571426,0.002266563657970241,1742628.2250470018,-1691959.9492078398,2428884.8470962676,96063778.4896463,293.4708209010788
194.99999999999997,99.38025428571426,0.002165837719526711,1723790.69586676,-1791113.461190806,2485868.4184839143,61538421.26778564,293.4519880887483
199.99999999999994,99.38025428571426,0.0020920900442900716,1412468.606457086,-1407102.0453186268,1993741.139207065,39109511.66532638,293.43469886178747
205.0,99.38025428571426,0.0020245908588810025,1290357.9416853606,-1205006.6576010834,1765521.073942029,30668367.89504479,293.41906840921536
209.99999999999994,99.38025428571426,0.0019630542501215356,1169960.2087430477,-1076240.412689865,1589685.602862694,24863790.324521303,293.4050624239575
214.99999999999997,99.38025428571426,0.0019075948380066978,1045989.0925058936,-971985.0047882847,1427882.359010918,20059943.655878387,293.39249911198556
219.99999999999994,99.38025428571426,0.0018584553408709462,910379.7604425624,-877949.7967120776,1264747.8617377598,15738116.665228875,293.3811287890752
225.0,99.38025428571426,0.0018165568619624415,753067.9057890447,-790609.3894468223,1091867.426664508,11729639.717710083,293.37074935642875
229.99999999999994,99.38025428571426,0.0017831485502920418,577238.0619467263,-722140.6927901919,924494.9758346505,8409186.092110122,293.3612636201557
234.99999999999997,99.38025428571426,0.0017588330557677689,403883.17829466023,-687724.6469280716,797550.507304545,6258370.12267814,293.35262857869657
239.99999999999994,99.38025428571426,0.0017427602324625758,264994.0986019497,-691244.6213848222,740297.9122537804,5392099.553617635,293.3447540201902
245.0,99.38025428571426,0.001732333645907574,179122.96910264957,-722107.4911718247,743992.1147879296,5446048.668526246,293.3374523534539
250.0,99.38025428571426,0.0017248479355523108,143763.35519336245,-765827.8098601173,779204.8104648718,5973764.569549485,293.3304644624269
254.99999999999997,99.38025428571426,0.0017179573103882377,152003.2979641494,-808968.6202023126,823125.2827267618,6666175.385414394,293.32351751154806
260.0,99.38025428571426,0.0017096476057558959,195501.66765143487,-851652.7324336622,873803.9131957553,7512298.27640049,293.3163851213801
265.0,99.38025428571426,0.0016984071436230942,262455.1427088352,-896619.77066463,934242.8565854859,8587454.012814097,293.3089478245651
269.99999999999994,99.38025428571426,0.0016834020914850123,339804.68298817554,-949113.1402316511,1008108.6129684044,9999067.569561701,293.3012461284794
274.9999999999999,99.38025428571426,0.0016644266753242766,414992.14579127653,-1010133.1694176875,1092056.5466248854,11733703.399909396,293.2934928934637
280.0,99.38025428571426,0.0016419028769058847,476610.1605913911,-1078277.9998329836,1178915.0478735825,13674450.232588908,293.2860005936631
285.0,99.38025428571426,0.0016167656592651375,515864.1820786283,-1149722.6001578784,1260149.9560232682,15623894.938573064,293.2790348678997
290.0,99.38025428571426,0.0015903164586980219,526639.0488104759,-1219335.7348351884,1328204.9246927493,17357014.451063387,293.27270074633276
294.9999999999999,99.38025428571426,0.00156410175438409,504970.73869918473,-1281776.552280771,1377659.8190116386,18673633.7445083,293.26694810917456
300.0,99.38025428571426,0.0015398193848281034,449116.12739945506,-1331377.901087997,1405088.0440014298,19424593.068438925,293.2616555406111
305.0,99.38025428571426,0.0015191901416441445,360053.4926152073,-1362561.0679667797,1409330.0470376627,19542056.975317795,293.2567016344652
309.99999999999994,99.38025428571426,0.0015038140355665827,241460.27641000232,-1369789.2402096298,1390908.202462718,19034513.84951079,293.25198542636133
314.9999999999999,99.38025428571426,0.0014950441140031442,114766.9393696915,-1345752.8240681333,1350637.6693472022,17948268.95398871,293.24741307279066
320.0,99.38025428571426,0.0014923373416296135,-27505.6710290081,-784238.6140962674,784720.8202783905,10893590.822940124,293.2428875213499
325.0,99.38025428571426,0.0014999897038869008,-120475.8199984914,-390896.695755188,409041.1347977522,6911620.822311999,293.2383324808503
330.0,99.38025428571426,0.001542919921204858,-179682.1518981521,-193700.61670225603,264207.5029623211,7817666.604545464,293.23374209563025
334.9999999999999,99.38025428571426,0.00170451495743205,-205841.85261237665,-104807.99800339293,230988.27834410692,18608717.886150356,293.2292277097673
339.99999999999994,99.38025428571426,0.0022725880840607266,-190175.91341329477,-69566.08437978578,202500.16824318064,48501159.39269338,293.2249816314986
345.0,99.38025428571426,0.0039907032776790915,-135143.51170395344,-57433.07437729593,146841.16176367103,74647002.32757448,293.22115379537723
349.99999999999994,99.38025428571426,0.007027769555200548,-119496.78802963489,-61967.91127384437,134608.70839972628,85700150.91446657,293.21779693956785
354.9999999999999,99.38025428571426,0.009735129443425847,-155050.87324232154,-91621.72556441781,180098.06742052495,82975330.11004955,293.21489733333834
359.9999999999999,99.38025428571426,0.011059209991629534,-180592.41686555574,-126051.71896671424,220233.1875167913,48957105.64892136,293.2124391258318
365.0,99.38025428571426,0.011587828424875669,-179782.51668147513,-156571.181399314,238403.62444623566,23273405.064799346,293.2104381808569
370.0,99.38025428571426,0.011807442932114047,-166641.38451059314,-182042.81875657284,246797.36403058638,11522809.278995465,293.20888019230534
374.9999999999999,99.38025428571426,0.011908245279283976,-145851.19314100672,-199841.0460650959,247404.55580495487,6274253.009250971,293.20770333903727
379.9999999999999,99.38025428571426,0.011959396805830271,-118864.06884429317,-205843.16104333903,237697.4417416706,3713769.827408516,293.20682327332185
385.0,99.38025428571426,0.011987654641532869,-88236.04031359887,-197051.27477660554,215904.6171375414,2332206.8123097494,293.2061638739381
389.99999999999994,99.38025428571426,0.012004265595805728,-57534.708069687484,-174062.8599064978,183325.18057128222,1520820.4495442074,293.2056741589077
394.99999999999994,99.38025428571426,0.01201411640370446,-29985.557461574077,-140740.03323738594,143898.8902387432,1007337.0432738895,293.2053331909165
399.9999999999999,99.38025428571426,0.01201909170485109,-15752.826291607696,-103144.23496147493,104340.2354892949,676611.4805038928,293.20514853700706
0.0,104.34926699999998,0.016201111033321308,-951809.6853672331,-8307283.823527414,8361632.986552276,687902765.4618404,293.7954202373974
5.0,104.34926699999998,0.01624870151758967,-1422852.5668087343,-8275452.721511228,8396881.991122764,693714787.3557107,293.7969769744857
10.0,104.34926699999998,0.01634339629000218,-2354321.0122180944,-8204846.997468057,8535944.100123443,716882497.5654467,293.80005299749445
14.999999999999996,104.34926699999998,0.01648413361881148,-3256589.3972748634,-8081454.014743953,8712937.13364582,746919871.242318,293.80483587500856
20.0,104.34926699999998,0.016669055229729668,-4109772.2079779664,-7882907.850585701,8889907.97378093,777569797.42008,293.81179035285965
24.999999999999993,104.34926699999998,0.016895110839609276,-5026670.970438054,-7575124.766742377,9091201.0359885,813181286.4534894,293.82159627739816
29.999999999999993,104.34926699999998,0.017171722326773473,-6540205.416532348,-6163015.39971298,8986492.402908847,880988910.3728205,293.8347378674908
35.0,104.34926699999998,0.017620275372407956,-6013551.44251589,-2163804.703461417,6390997.711352015,961495138.4353224,293.85064217347724
40.0,104.34926699999998,0.01861050747565891,-5479540.897625349,-154846.12982103045,5481728.35633702,1787764185.666671,293.8675007475715
44.999999999999986,104.34926699999998,0.02093368043697188,-4127092.525910646,448130.00686513574,4151350.7705902746,2777087386.393845,293.8833169925558
49.999999999999986,104.34926699999998,0.025369936884835388,-3080253.7764355037,127972.06562325377,3082910.9907399314,2933207664.754687,293.89767386370954
54.999999999999986,104.34926699999998,0.030595579254552623,-3463574.814031482,-1020259.5574360127,3610717.388128396,3596871256.3966465,293.9117413727192
59.999999999999986,104.34926699999998,0.03508213692118501,-4518668.609303544,-3817764.688777773,5915546.738855477,6546599543.664229,293.9271015662305
65.0,104.34926699999998,0.039187527160506164,-6235455.575510236,-8001122.350199571,10143907.78236005,13844404969.41348,293.94494326425354
70.0,104.34926699999998,0.04360895596509597,-8774803.190154366,-12713384.558719112,15447566.732784187,24744601815.366585,293.9649001507713
75.0,104.34926699999998,0.04843563406444945,-12045195.30536252,-18008577.529859003,21665539.33308077,35999652219.0293,293.9836724079616
80.0,104.34926699999998,0.052998149464404204,-16313897.526536284,-25301046.498875212,30104587.79728718,43898658009.26884,293.9951754890621
84.99999999999999,104.34926699999998,0.056467172668407256,-20477067.721539,-34202424.099200994,39863719.303824365,42895853361.98733,293.99404831154567
89.99999999999997,104.34926699999998,0.05861616057338992,-22001902.56760351,-40544388.974385336,46129504.59196996,32254456734.738087,293.98011880056265
94.99999999999997,104.34926699999998,0.05985676551772774,-22054151.96290958,-41708148.26900719,47180030.21228999,21900865699.38423,293.9580162533508
99.99999999999997,104.34926699999998,0.06082157576968088,-18771968.81456586,-31521771.819952052,36687994.11039198,13243195431.465635,293.93220646684483
104.99999999999997,104.34926699999998,0.06173396239918433,-17681002.499512907,-26132428.234481104,31551888.29243167,9794799807.787937,293.90558588245773
109.99999999999997,104.34926699999998,0.06258967601963217,-16597783.654230537,-23146227.763030898,28482174.809707645,7981621846.072665,293.8791001813751
114.99999999999997,104.34926699999998,0.06339374076460738,-15406720.543320736,-21402245.108456507,26370876.617633168,6842171983.078731,293.85338239641123
119.99999999999997,104.34926699999998,0.06413034807396424,-13943909.326332714,-20389792.363200188,24701745.68558678,6003439592.212872,293.82894097284645
125.0,104.34926699999998,0.06478813169724065,-9743294.669058649,-16053765.212041594,18779115.221209534,4386511911.185907,293.80580218149356
130.0,104.34926699999998,0.06536211927013183,-4568060.547981591,-9527784.106690038,10566259.84697145,2448227414.612915,293.7834681832783
134.99999999999997,104.34926699999998,0.06580624516478642,-1501386.2551095278,-5153461.022514895,5367710.983055261,1270190012.3069758,293.76100843619236
140.0,104.34926699999998,0.06603484498498391,69472.18904081595,-2647040.0891960915,2647951.5892216335,701687677.2833974,293.7372262755812
145.0,104.34926699999998,0.06573558251830991,843757.1878899263,-1434267.8720321555,1664046.4298989868,702151913.7164189,293.71115008947515
150.0,104.34926699999998,0.06386027776397384,1201107.6375072198,-936918.5050506536,1523310.8159481199,1626229733.455185,293.6827766465228
154.99999999999997,104.34926699999998,0.05718015095342307,1173379.8096866705,-730588.0283320837,1382236.9713339638,3703486787.798166,293.65330293586976
160.0,104.34926699999998,0.04074284794416545,968451.9201298477,-609008.2634312952,1144023.6826791614,4840556200.675367,293.62388527924895
165.0,104.34926699999998,0.020775367781479696,1220093.5544989698,-743670.5758345333,1428871.655220299,5176582452.741339,293.59544252889805
169.99999999999997,104.34926699999998,0.009301223661284427,1689626.751636374,-979366.3202481122,1952945.7107358652,3500933147.9210143,293.5680369212892
174.99999999999997,104.34926699999998,0.005011985756225797,1821370.3032754608,-1185290.9632507397,2173086.3878865032,1500576455.1935713,293.54215293529546
179.99999999999994,104.34926699999998,0.0034187831531653267,1795389.3003178444,-1399243.006996236,2276247.7308772146,640921492.2252097,293.5182697818289
185.0,104.34926699999998,0.00275473626716685,1721014.6098731156,-1596785.897251895,2347683.217356901,308446023.89844215,293.49618561787173
189.99999999999994,104.34926699999998,0.002439879633769011,1611717.6793453284,-1715262.1784980383,2353669.09715451,163820401.08630183,293.475624320159
194.99999999999997,104.34926699999998,0.0022703171302804878,1491623.4930763142,-1684973.218856834,2250350.0601821807,92137599.0807086,293.45646959203543
199.99999999999994,104.34926699999998,0.0021640435421162816,1427824.8907763208,-1559417.4561885425,2114347.824125907,57855135.48515363,293.4387889040054
205.0,104.34926699999998,0.0020825069435207824,1406230.1670553028,-1412933.536646018,1993455.4075061246,41847749.0457395,293.4227366209956
209.99999999999994,104.34926699999998,0.0020135317211998887,1297349.5850166634,-1218027.4485179957,1779524.3215775858,31156790.125489917,293.40838162598226
214.99999999999997,104.34926699999998,0.001952771985019116,1142593.61270759,-1035038.7418946291,1541695.6123123004,23385255.837099448,293.39560007191847
219.99999999999994,104.34926699999998,0.0018992723599291297,922907.9354599887,-841483.2820085734,1248940.8197488538,16546368.065206299,293.3841238352994
225.0,104.34926699999998,0.0018532698297125591,693432.9796494929,-677904.934857031,969744.5013863649,11043833.650794767,293.3736862373911
229.99999999999994,104.34926699999998,0.001816503905591415,495385.86667961814,-582906.8651199676,764975.5357590886,7293150.097889148,293.364130068838
234.99999999999997,104.34926699999998,0.0017905190945571583,340670.0742585426,-573633.1214531943,667166.4391465266,5351915.553630421,293.35539607200906
239.99999999999994,104.34926699999998,0.001774871644218203,221779.832809945,-649730.7121265212,686539.3597760026,4967397.384767045,293.34741951968886
245.0,104.34926699999998,0.001766762990331767,122634.93433191863,-722731.1615138277,733061.8384159147,5287204.105141564,293.34004390783707
250.0,104.34926699999998,0.0017626081507850111,79071.54048808572,-773497.3148343215,777528.3947040548,5948087.776727286,293.3330176968338
254.99999999999997,104.34926699999998,0.0017588558362829584,91945.4068373728,-839865.8532873273,844883.7845269255,7023260.9123872835,293.32604951036626
260.0,104.34926699999998,0.0017534136101012739,140365.05843238646,-912103.8626333609,922841.1596040914,8379126.849894077,293.31888489780624
265.0,104.34926699999998,0.0017448193304397197,208893.1390692526,-970810.5550240607,993030.4513439308,9702194.69554876,293.311392403188
269.99999999999994,104.34926699999998,0.0017325242961943486,284467.41170026077,-1026898.430005851,1065571.2523655691,11171457.64629715,293.30363308105916
274.9999999999999,104.34926699999998,0.0017163725892696937,357510.85135143826,-1079660.1274325165,1137312.621754295,12726370.73252883,293.2958548718427
280.0,104.34926699999998,0.0016967732110592048,418291.8212283804,-1130391.464033303,1205301.999361948,14293434.855477033,293.2883808641071
285.0,104.34926699999998,0.0016745434071468556,459836.04016827757,-1177906.6327523629,1264481.4033111169,15731485.917424353,293.28145397225563
290.0,104.34926699999998,0.001650789607042377,477042.41837342014,-1218959.5346113443,1308981.2129849177,16858218.54328896,293.2751509199429
294.9999999999999,104.34926699999998,0.0016268391653095136,466178.78281413415,-1249822.422173075,1333933.5607565467,17507061.248124346,293.2694078145372
300.0,104.34926699999998,0.0016041717287609636,425373.0430180255,-1267270.7284831433,1336756.2698549842,17581232.298365224,293.2641004320755
305.0,104.34926699999998,0.001584301861007711,355549.6926784148,-1268766.944531145,1317643.7847531529,17082085.384603653,293.2591068688514
309.99999999999994,104.34926699999998,0.0015686167594931221,260301.63012596063,-1251067.3570480482,1277860.113829922,16066137.589421408,293.2543250769272
314.9999999999999,104.34926699999998,0.001558271697995115,119412.48547395895,-1207444.2926201608,1213334.6865016548,14484585.752714163,293.24965974331485
320.0,104.34926699999998,0.0015566755109457263,-83358.06593537527,-667471.3720822572,672656.3756524258,8259692.830560674,293.24501309369356
325.0,104.34926699999998,0.0015737377742711504,-198439.96914093036,-328553.6074267433,383830.5541587068,6322977.760600126,293.2403136645442
330.0,104.34926699999998,0.0016432374280694298,-258642.86554949678,-168403.35758258676,308635.4204312001,11168403.33183768,293.2355796030811
334.9999999999999,104.34926699999998,0.0018819537939282326,-280990.70017938904,-100009.69199602302,298257.7946683752,32752480.547868185,293.23097167201473
339.99999999999994,104.34926699999998,0.002694733577139882,-244433.70765425405,-72718.88073340635,255021.31882006396,81414880.08527133,293.226724904938
345.0,104.34926699999998,0.004992001533386812,-162609.54561300197,-58475.237275627325,172803.986351322,101547480.8546702,293.2229774755421
349.99999999999994,104.34926699999998,0.008315076620199452,-163600.18407664567,-66701.01937739221,176674.97337171328,104914157.32722265,293.21973443032095
354.9999999999999,104.34926699999998,0.010580858087062495,-225053.57797082703,-95310.70258709064,244403.85223051615,82205968.28533834,293.2169132055654
359.9999999999999,104.34926699999998,0.011463030236614758,-242257.8817420669,-123465.85390923126,271905.67913835286,36127377.75902939,293.2144586689783
365.0,104.34926699999998,0.011784044574735083,-231619.8546861239,-152614.40526576873,277378.64694212755,14725455.027877841,293.21238428813757
370.0,104.34926699999998,0.011913591245042153,-212658.71393502495,-182697.2750601751,280360.5231249793,6864478.687045682,293.21070458507177
374.9999999999999,104.34926699999998,0.011972805530671034,-186919.22010036602,-209033.5529965751,280417.2268625825,3703014.963331772,293.20939734402276
379.9999999999999,104.34926699999998,0.012003056662830849,-154278.26207091354,-223750.88666119476,271783.4458337967,2226000.775709316,293.20840280987704
385.0,104.34926699999998,0.012020059597961904,-117841.72830271383,-220070.408945221,249635.04926730026,1428203.234607652,293.20765255542295
389.99999999999994,104.34926699999998,0.012030506080835845,-81020.1636249798,-199004.4402264907,214865.1533955132,956723.5223408372,293.2070949947606
394.99999999999994,104.34926699999998,0.012037124458347048,-45081.53822763759,-164317.10354804024,170389.12995665928,646913.32118348,293.2067070519655
399.9999999999999,104.34926699999998,0.012040715856439935,-24807.073138718148,-122265.58103959763,124756.81618516931,443395.6569483486,293.20649655717216
0.0,109.31827971428567,0.0165903998066377,-924977.7396314052,-7374705.765844372,7432487.400029135,543517104.5955513,293.7966885590309
5.0,109.31827971428567,0.01663664869361927,-1379595.582157861,-7355528.7402086845,7483788.279898453,551045979.2683213,293.79833983839046
10.0,109.31827971428567,0.016728359364853486,-2272342.432988496,-7311861.178647956,7656817.486957565,576821504.3752817,293.80158097323186
14.999999999999996,109.31827971428567,0.01686388293691812,-3120856.949950929,-7234507.3335462855,7878949.451620565,610775321.7156096,293.8065961714471
20.0,109.31827971428567,0.01704044505984858,-3897174.422229332,-7110453.006969708,8108422.19186958,646870818.6501638,293.81385467240267
24.999999999999993,109.31827971428567,0.017253600379141053,-4604782.971431923,-6920546.934697262,8312520.44143875,679845622.1809092,293.8240162479821
29.999999999999993,109.31827971428567,0.01750092335699177,-6151280.04929641,-6269446.170307526,8783177.188651938,787708789.1482031,293.837472532771
35.0,109.31827971428567,0.01789198593180038,-5561189.299581665,-2634903.7001773184,6153823.521599375,828486989.8918794,293.85345354004244
40.0,109.31827971428567,0.01873749261013882,-5043425.170635511,-769066.7604886233,5101725.309528954,1441665265.5975637,293.8700722209147
44.999999999999986,109.31827971428567,0.020731284224097226,-4009543.573037759,-64620.168215752135,4010064.267593305,2579655647.5469623,293.8854100981675
49.999999999999986,109.31827971428567,0.025274954282848115,-2628946.2927146126,-150752.1158202925,2633265.0475032325,3020833810.8118496,293.8989147449216
54.999999999999986,109.31827971428567,0.03237186223121211,-2252157.4424320282,-810992.3281102153,2393725.485880869,3600714965.564518,293.9116183548799
59.999999999999986,109.31827971428567,0.03965942714507169,-2840717.85626438,-2425243.885463622,3735168.783720219,6555953229.187583,293.92503986702513
65.0,109.31827971428567,0.045939324808612444,-3917950.4912859695,-5038522.5553522045,6382557.919279768,11895959975.120308,293.9399357233143
70.0,109.31827971428567,0.051287936759380606,-5832795.59873495,-8985432.134716839,10712585.829024838,18606168173.106815,293.95553769297095
75.0,109.31827971428567,0.05555102504520861,-8984498.103598878,-15481396.125415307,17899576.312460467,25174627287.044254,293.96865865760753
80.0,109.31827971428567,0.05846301292619306,-12578808.479686309,-24753206.215963542,27765943.901453167,27729118770.27253,293.97438985629725
84.99999999999999,109.31827971428567,0.06014941540795472,-14379465.935472302,-34936335.650111645,37779843.69007725,24684569186.78602,293.96988051027995
89.99999999999997,109.31827971428567,0.060990582635689405,-14587441.606016038,-42625802.23729926,45052774.26510242,19970453678.05445,293.9564919346253
94.99999999999997,109.31827971428567,0.06160815956855633,-13247252.866065847,-34356155.507017665,36821666.579880245,13339874229.455124,293.9374962633768
99.99999999999997,109.31827971428567,0.06231530792229599,-14332820.716744732,-29872267.43516989,33132795.104196362,10800926290.10843,293.9160992353429
104.99999999999997,109.31827971428567,0.0630414416402308,-14413115.094430719,-26421536.656586584,30097100.95707982,8912390003.192738,293.8936237377717
109.99999999999997,109.31827971428567,0.06375661943173906,-14059904.861421918,-23726552.830585014,27579525.629255798,7483735620.500834,293.87073308179606
114.99999999999997,109.31827971428567,0.064447432126373,-13474356.822736068,-21545024.015098624,25411539.73291643,6353408999.087629,293.8479161668084
119.99999999999997,109.31827971428567,0.06510405511401267,-12808991.204502909,-19917047.45628463,23680351.244289577,5517230551.610067,293.82563670387236
125.0,109.31827971428567,0.06572833124682328,-12071158.391350744,-18901815.26794712,22427471.66607677,4948863623.419357,293.80407589760273
130.0,109.31827971428567,0.06631117095314774,-8543284.895259319,-14660259.770936288,16967938.394304093,3577234816.249962,293.7828422739567
134.99999999999997,109.31827971428567,0.06680720177121377,-3468462.862576175,-7881864.257297643,8611272.774656268,1775688386.8131971,293.7611746048143
140.0,109.31827971428567,0.06715532995835889,-733289.9499820728,-3957106.3440960003,4024475.713584258,840131141.970551,293.7382085040647
145.0,109.31827971428567,0.06719379953872663,607969.3905463924,-2032106.9213824396,2121104.7404057556,566528225.4697255,293.71314639777904
150.0,109.31827971428567,0.06637723216327006,1238443.0339309687,-1224413.4930604978,1741530.806583895,1033511548.1676688,293.6859491254122
154.99999999999997,109.31827971428567,0.06290452155726597,1416323.7810968768,-922793.9527627121,1690420.578482167,2845918057.177722,293.6576778419978
160.0,109.31827971428567,0.052040487720240905,1139068.1045300518,-744638.7363587518,1360868.4706626292,4902458489.420655,293.6293153687532
165.0,109.31827971428567,0.032257628060524624,1037026.7505765605,-713569.4366048621,1258811.273490971,5522729383.162718,293.6012182926634
169.99999999999997,109.31827971428567,0.015305692565338213,1399653.1298171934,-975056.4152067223,1705803.006399874,5049222418.96805,293.5738204300537
174.99999999999997,109.31827971428567,0.00757210591632038,1616070.3630067157,-1251422.9254842321,2043952.7285669236,2724472398.097811,293.54747757937696
179.99999999999994,109.31827971428567,0.004594048562940482,1593206.512309262,-1484603.1479487617,2177694.5372948926,1234496164.6583536,293.52322618679494
185.0,109.31827971428567,0.0033568587818264793,1500435.1445091462,-1657511.2426779976,2235765.896171185,594963414.8059065,293.50110854214915
189.99999999999994,109.31827971428567,0.0027789091707048344,1369673.417865562,-1728829.6074879027,2205642.1022764114,308000780.14261705,293.48061285229466
194.99999999999997,109.31827971428567,0.0024754976286017654,1212851.887759676,-1670149.7330077973,2064076.023868362,166920443.82732955,293.46133200098376
199.99999999999994,109.31827971428567,0.0022959381551491006,1054790.3108359557,-1493656.6664394587,1828549.3805288519,93756704.80159982,293.4432357170337
205.0,109.31827971428567,0.002174882918688422,907065.5846514006,-1260355.5914103312,1552824.5849606686,55405232.73184273,293.42661316371095
209.99999999999994,109.31827971428567,0.0020841021276822337,761543.5591836984,-1016869.8672361712,1270422.3389987613,34285932.03533877,293.41175422493455
214.99999999999997,109.31827971428567,0.0020104572513717518,615017.506851371,-793370.0825298288,1003833.9611644265,21841085.866779625,293.3986678396226
219.99999999999994,109.31827971428567,0.001948616545090509,474213.3430004726,-609963.0850938789,772614.5609920424,14055372.193708826,293.38707812320706
225.0,109.31827971428567,0.0018969704149220117,353116.4663094291,-485486.9762959256,600323.9483244183,9247062.830282236,293.37662126392206
229.99999999999994,109.31827971428567,0.0018565280049715222,260225.4830866439,-431999.0929014704,504321.84001426154,6584304.401117751,293.36703477291223
234.99999999999997,109.31827971428567,0.001828500573910824,191268.28373352677,-450699.75523254613,489605.78604531003,5499920.130637058,293.35821486173853
239.99999999999994,109.31827971428567,0.0018119252784153446,130713.45271632055,-531676.4777546008,547508.7978458066,5492348.142117215,293.3501278513745
245.0,109.31827971428567,0.0018041588525190277,71460.45099625747,-663410.8532845449,667248.4966729535,6256791.75285216,293.34267303695606
250.0,109.31827971428567,0.0018017182953898629,25014.688134790482,-847490.8089719489,847859.8975741271,7734430.253111866,293.3356231716119
254.99999999999997,109.31827971428567,0.0018014233924538207,14255.758304813817,-942548.9235356245,942656.7243185664,8742829.16628315,293.3286657652288
260.0,109.31827971428567,0.0018002927195593815,65368.49009179929,-986166.8324690022,988330.9470814049,9610580.958658746,293.3214985238892
265.0,109.31827971428567,0.0017948865434446407,148372.0097478691,-1047587.7973598951,1058042.7432074652,11014157.395660471,293.3139492779025
269.99999999999994,109.31827971428567,0.0017854555185845946,231629.70113973928,-1107968.7974028673,1131921.8941554409,12606013.658744097,293.3060807208006
274.9999999999999,109.31827971428567,0.0017717235733306668,312140.50540679396,-1151192.3581078493,1192759.6323155472,13997507.781987242,293.298183786049
280.0,109.31827971428567,0.0017542414680439152,378972.5337777,-1185681.3555182475,1244773.2557303272,15244927.043545036,293.29061991376653
285.0,109.31827971428567,0.0017338263199528968,427845.0083222198,-1212473.0811689233,1285745.8239113602,16265038.57159751,293.28363422808343
290.0,109.31827971428567,0.0017114569672116932,455168.9544125934,-1228647.4357138688,1310249.3267875847,16890898.14901546,293.27728430783355
294.9999999999999,109.31827971428567,0.0016883094245116375,456958.9513809267,-1231117.1159658537,1313187.2815677272,16966731.55009649,293.27148854088045
300.0,109.31827971428567,0.0016657610720736005,430289.01290679106,-1218918.534044347,1292637.2373040784,16439862.387200179,293.26611075839475
305.0,109.31827971428567,0.0016452805232209584,376156.44435026357,-1193931.4315687483,1251785.0989343314,15417160.996981032,293.2610195769962
309.99999999999994,109.31827971428567,0.0016281454276385742,302402.8838138817,-1151859.8048657884,1190893.9978874712,13953754.10579797,293.25610590223874
314.9999999999999,109.31827971428567,0.0016150402348395702,115968.75916612352,-1021275.1261782586,1027838.3318659352,11413829.85283093,293.25127173229225
320.0,109.31827971428567,0.0016154110439325227,-122329.26019203861,-528832.1987044334,542796.409610175,6488239.97739871,293.246423119594
325.0,109.31827971428567,0.0016424205516224653,-239521.41939735456,-268752.1359725794,359997.52907478024,6757994.84879553,293.24150467908544
330.0,109.31827971428567,0.0017423568391707874,-298078.34613447596,-147734.07318848776,332680.1118418802,15855481.881951638,293.2365786651992
334.9999999999999,109.31827971428567,0.0020764421512714276,-316885.60765953525,-97020.15406409375,331405.18800461374,49436692.15378915,293.2318753906938
339.99999999999994,109.31827971428567,0.0031920912937708325,-258604.98302914816,-74883.45131595062,269228.6547314278,108181031.41619872,293.2276708117876
345.0,109.31827971428567,0.005999282121913942,-176726.00021501436,-58335.83679292828,186105.2095088378,117626121.58698072,293.2240770698255
349.99999999999994,109.31827971428567,0.009292266555897835,-214946.65705190322,-72761.10202840241,226927.83730996092,119290165.71134011,293.2210350077326
354.9999999999999,109.31827971428567,0.011060032729851264,-292040.519019721,-95407.3954956018,307229.9397268473,75567995.59884325,293.2183858040879
359.9999999999999,109.31827971428567,0.011668609358232114,-298524.32578035025,-118902.07888373794,321332.3473375927,28001704.800686892,293.21602691975454
365.0,109.31827971428567,0.011882863365899202,-281868.3013073198,-148918.78278420714,318789.1829215726,10641915.705233164,293.21394565837056
370.0,109.31827971428567,0.011968604379252299,-258260.16859342708,-185608.88431273523,318039.2626983714,4809554.61113849,293.2121788269558
374.9999999999999,109.31827971428567,0.012007675256552493,-226446.13164365556,-222886.5937185709,317736.186475263,2583646.726607839,293.21075451201517
379.9999999999999,109.31827971428567,0.012027504993821228,-185928.7961941087,-247554.6266253037,309601.0504145358,1568536.4072323914,293.2096517741249
385.0,109.31827971428567,0.012038598964093603,-145646.33678413747,-253813.51588888947,292633.14280258474,1065345.1727339798,293.2088174314929
389.99999999999994,109.31827971428567,0.012045921109426774,-109342.83458360126,-241166.31405069045,264796.23582591396,788675.0883895097,293.208201074469
394.99999999999994,109.31827971428567,0.01205109925109622,-67945.39620050763,-206280.79315945183,217182.73985594828,570511.6400396652,293.20777638417894
399.9999999999999,109.31827971428567,0.012054273851619356,-40385.359827777516,-155493.8164920724,160652.74431421753,399223.66058416775,293.20754812715415
0.0,114.2872924285714,0.016934011167613245,-913693.3316848673,-6461067.772768349,6525353.03785712,418941013.3092051,293.7958331796174
5.0,114.2872924285714,0.01697969583419749,-1360397.456248129,-6459792.677381507,6601484.88400285,428773680.4379294,293.79756561986954
10.0,114.2872924285714,0.017070050913238058,-2234049.630536854,-6452145.3986104885,6827968.804594259,458699122.38778347,293.8009445598547
14.999999999999996,114.2872924285714,0.017203100797251174,-3056429.444108812,-6433684.079052736,7122783.990538528,499165315.1667692,293.8061443484101
20.0,114.2872924285714,0.01737569385764894,-3797757.565245364,-6403036.211571349,7444584.290010582,545287768.1135458,293.81363011741905
24.999999999999993,114.2872924285714,0.01758287655377571,-4426450.4255968,-6360257.688032229,7748957.428482826,590787642.5150763,293.82404490508094
29.999999999999993,114.2872924285714,0.01781833890020862,-6119150.295321988,-6236810.626630705,8737379.877811933,760619656.1967853,293.83774055983514
35.0,114.2872924285714,0.018202533576160057,-5677383.086591756,-3116678.0665695495,6476601.028514404,888630031.6072457,293.85386516657275
40.0,114.2872924285714,0.019040785914870104,-5226467.921705875,-1468986.03533213,5428985.808474851,1573468561.7256052,293.8704415539972
44.999999999999986,114.2872924285714,0.021038389049802497,-4373345.687742623,-750477.6708950496,4437270.471698683,3097395593.6371045,293.8854189523036
49.999999999999986,114.2872924285714,0.02603330768558248,-2914548.362800556,-595495.653971672,2974761.71028917,4392778718.065238,293.8979001126696
54.999999999999986,114.2872924285714,0.03574326531712949,-1910684.0512158012,-816582.0210644016,2077864.2257606846,4571061741.652,293.90856832701036
59.999999999999986,114.2872924285714,0.04659348147133602,-2199302.8283074396,-1730240.5215342154,2798332.5736874267,6412848409.944426,293.9189955721226
65.0,114.2872924285714,0.054049224862957004,-3159070.0707713924,-3921567.1406868068,5035713.708200464,9264587313.915712,293.92971141181187
70.0,114.2872924285714,0.05832403274084917,-4577720.164508128,-8047357.656969526,9258265.883184085,12294114616.471529,293.9400341931675
75.0,114.2872924285714,0.06072255096722194,-6355057.753371252,-14707616.908716762,16021883.602818217,14573397223.158579,293.9475991224649
80.0,114.2872924285714,0.061991010761502346,-7494547.885523193,-24117670.027852263,25255301.5341485,15470320849.516327,293.94938740894156
84.99999999999999,114.2872924285714,0.06257009497032684,-7309674.446406886,-36547808.44793319,37271619.80460831,16105132148.567808,293.9440663842282
89.99999999999997,114.2872924285714,0.0628523236388653,-7009940.179678598,-35880512.32939448,36558862.48698805,13150134701.420038,293.93232563853326
94.99999999999997,114.2872924285714,0.0632710889882947,-9379656.64613627,-32467867.205121655,33795567.15974482,11237360956.45188,293.9166694503612
99.99999999999997,114.2872924285714,0.06379028930347892,-10886524.424405241,-29184186.616823114,31148565.9786888,9545989831.413986,293.8988048244093
104.99999999999997,114.2872924285714,0.06435974143073522,-11573375.697802175,-26347226.176143363,28777062.953319818,8147751716.586785,293.87965884933925
109.99999999999997,114.2872924285714,0.06494762687325914,-11751492.990844797,-23974871.12000052,26700038.066162176,7014046064.600645,293.8597496663934
114.99999999999997,114.2872924285714,0.0655348907298197,-11620824.415313065,-22008483.618127532,24888087.73813135,6094357278.915988,293.83948119958086
119.99999999999997,114.2872924285714,0.06610970931479045,-11317081.752111325,-20416690.127647873,23343469.64682768,5361368619.689102,293.81923863020353
125.0,114.2872924285714,0.06666659890503084,-10922760.163853409,-19096074.87099415,21999244.647843644,4761682033.330763,293.79922042380315
130.0,114.2872924285714,0.06720198533117579,-10460560.678384462,-18077147.280628312,20885559.209934764,4291776215.673455,293.77919183259155
134.99999999999997,114.2872924285714,0.06771265497286928,-6216023.192644285,-12194735.16166912,13687604.245986251,2687139391.9728246,293.7583803987171
140.0,114.2872924285714,0.0681081415793171,-2019700.2558260076,-6159954.680700881,6482609.87501734,1243793567.125284,293.73599275668664
145.0,114.2872924285714,0.06832021697028011,47836.810830430004,-3030747.1183600975,3031124.619001743,632248961.1588304,293.711412031086
150.0,114.2872924285714,0.06807468373882257,1010262.4025455371,-1638593.5346175635,1924998.4139441676,670156622.589944,293.6845491815611
154.99999999999997,114.2872924285714,0.0664632469183409,1374330.8230207812,-1095485.620294859,1757519.261737347,1641099640.9083922,293.656334831485
160.0,114.2872924285714,0.06065336306582188,1253768.0203577257,-866515.9516463649,1524068.286963985,3749045310.3787117,293.6281082724462
165.0,114.2872924285714,0.04589562065399122,939497.5143100065,-715028.3540523307,1180644.3691872105,5001463059.225295,293.60042087608497
169.99999999999997,114.2872924285714,0.026391604706507664,1009853.0977252711,-850125.410230487,1320044.125059795,5541386140.187854,293.57390272401733
174.99999999999997,114.2872924285714,0.013255266200589788,1266507.7403538974,-1205667.9963312305,1748621.5067171338,4529626472.471832,293.54885453049883
179.99999999999994,114.2872924285714,0.007322348460925911,1324854.2440972622,-1512238.6820892703,2010498.5948041896,2553885141.300749,293.52573095529226
185.0,114.2872924285714,0.004747470311412412,1255232.2406118605,-1682925.8838760846,2099487.4394698273,1304913797.5643115,293.5046502538916
189.99999999999994,114.2872924285714,0.0035454570854830817,1121698.923144926,-1708870.2241402653,2044124.7313062104,665652691.725001,293.4849735930767
194.99999999999997,114.2872924285714,0.0029312674422413663,949311.3130968093,-1604175.6073286266,1864020.2113501227,345116931.2855442,293.4660401836806
199.99999999999994,114.2872924285714,0.002587096739195374,764898.4786966016,-1404843.7066947636,1599579.7957439506,183069556.92862338,293.447707642864
205.0,114.2872924285714,0.0023750261119354367,592429.408125254,-1160910.6415903957,1303336.5341957782,100254736.15162708,293.4304604831232
209.99999999999994,114.2872924285714,0.0022317244860324426,445116.6666410095,-916100.5384718789,1018513.15333189,56995168.34986111,293.41496763243987
214.99999999999997,114.2872924285714,0.0021264646696922927,327047.32313545677,-700801.5927141828,773358.147251843,33715179.53564615,293.40150293414433
219.99999999999994,114.2872924285714,0.0020443416134118516,237279.09989522374,-533471.1674551677,583860.3067113461,20831151.37837868,293.38981678881004
225.0,114.2872924285714,0.001979094356574788,174090.63264571462,-428177.5776815093,462215.9521308088,13870350.918798951,293.3794192676279
229.99999999999994,114.2872924285714,0.001929465921598144,134808.03729471142,-393226.9534508741,415692.9682343787,10609723.011966871,293.3698931980444
234.99999999999997,114.2872924285714,0.0018949684760960052,111438.61165844307,-425896.93713944295,440234.89779107686,9616104.1220586,293.3610467091524
239.99999999999994,114.2872924285714,0.0018732678951469555,92378.35706050001,-512974.85625695216,521226.4037872966,9848147.817361971,293.3528689361584
245.0,114.2872924285714,0.0018609333687545993,70832.82615684408,-638901.0909104178,642815.598152291,10651277.60532123,293.34534285316965
250.0,114.2872924285714,0.0018547104319396692,44889.5678561506,-798661.0364186435,799921.5739031007,11790275.961624736,293.33829529815
254.99999999999997,114.2872924285714,0.001852526587980655,24296.22090793148,-999079.1138550941,999374.4954179524,13311641.229833575,293.331402016351
260.0,114.2872924285714,0.0018514191206801807,35942.52728424623,-1249746.442894993,1250263.1870115455,15394514.225193974,293.32429913792305
265.0,114.2872924285714,0.0018489288721279574,87846.03659298076,-1217941.8682505717,1221105.7778025572,14670719.886355275,293.3167383675322
269.99999999999994,114.2872924285714,0.0018426345170208826,181504.93577734655,-1214283.2747342668,1227773.559338575,14831374.647808632,293.30874530390196
274.9999999999999,114.2872924285714,0.0018307783785502228,280279.91348444,-1231351.2233956787,1262847.0474530477,15690845.967599943,293.3006457665887
280.0,114.2872924285714,0.0018146065256724386,357390.88282216084,-1248573.4073796864,1298716.2110099818,16594851.706296498,293.29286958043406
285.0,114.2872924285714,0.0017950392902680067,417136.2404132651,-1257525.7070834595,1324905.1086933992,17270877.431896262,293.2857012696198
290.0,114.2872924285714,0.001772892901631112,458513.9291831135,-1251870.6692218094,1333197.3581254946,17487742.163186118,293.2791990398333
294.9999999999999,114.2872924285714,0.0017491878973496953,475847.39003251214,-1226898.8234653573,1315945.083056824,17038069.447653774,293.2732658820906
300.0,114.2872924285714,0.0017253081626278609,462328.27072975214,-1183196.8387310975,1270315.7832205445,15876992.54468182,293.2677473354571
305.0,114.2872924285714,0.0017029550702767201,422192.82825683476,-1135969.3378108114,1211888.2459525047,14450071.608685661,293.2624934345185
309.99999999999994,114.2872924285714,0.0016830888798021774,332334.4756087175,-1102992.2200933406,1151971.3717209112,13056543.66090161,293.25737926232097
314.9999999999999,114.2872924285714,0.0016697216227158484,57260.44383834844,-744738.0147163604,746936.0541520475,8418035.360669965,293.25229890821765
320.0,114.2872924285714,0.001674307682063993,-144411.13751758446,-403332.7731370587,428406.23539527616,5698337.267738597,293.2471650942057
325.0,114.2872924285714,0.0017152930278697865,-242467.5701982995,-218390.72358399013,326320.44181357394,7894691.610876573,293.24195396241475
330.0,114.2872924285714,0.0018570147789349393,-292155.6286229651,-130774.7728480291,320088.9759887608,20970686.04191715,293.2368018009232
334.9999999999999,114.2872924285714,0.002323064917208746,-302991.2216111948,-92472.40926310483,316788.2997340137,64086996.90028754,293.23202729587223
339.99999999999994,114.2872924285714,0.003823618463990764,-230815.4081880494,-71302.81136072501,241577.82092932082,116176462.70199637,293.2279248434871
345.0,114.2872924285714,0.006993141197221739,-178695.22975195135,-56531.63167835446,187424.14603332145,119798195.90210687,293.22454936453755
349.99999999999994,114.2872924285714,0.010017562868568667,-254728.86115255245,-73557.16174137604,265136.6605121278,118363254.5056131,293.22175888439006
354.9999999999999,114.2872924285714,0.011352379746622156,-327784.49921377667,-90590.80849979074,340072.598880698,61483670.55996409,293.2193372912949
359.9999999999999,114.2872924285714,0.011788732126506048,-328796.53527129284,-112683.31431497428,347569.69219339854,21298453.878955454,293.21714195042927
365.0,114.2872924285714,0.011941557932671026,-311196.7173912127,-146115.3664954242,343792.22975680884,7996947.771458686,293.21512161991757
370.0,114.2872924285714,0.012002736328440195,-285171.61366829684,-192507.82567326637,344067.0170005097,3629492.118716948,293.21331452382265
374.9999999999999,114.2872924285714,0.012030420982354677,-246080.57228844357,-245782.33963304106,347799.66436628345,1994475.0032245757,293.2117934575762
379.9999999999999,114.2872924285714,0.012043974818563964,-201017.1159294329,-292680.8039875059,355063.2815701448,1328698.7748975193,293.21058814368405
385.0,114.2872924285714,0.01205195391561716,-139309.9998447423,-270491.9906347917,304258.43136109534,910814.8367705811,293.20967167893275
389.99999999999994,114.2872924285714,0.012057905818548438,-103721.3250491657,-248352.08368751258,269140.9867372191,712696.3478750383,293.2089989236855
394.99999999999994,114.2872924285714,0.012062326048122076,-71045.59364000392,-231732.58765319202,242378.77084452938,578008.2140217349,293.20854062120935
399.9999999999999,114.2872924285714,0.012065010377912438,-53022.42488162432,-216124.3505217509,222533.39621004334,493334.54350477393,293.2082972926647
0.0,119.2563051428571,0.017232502364852652,-922443.3535557493,-5548689.119355682,5624842.458573868,311290293.57206815,293.7927983177883
5.0,119.2563051428571,0.01727862453253044,-1370728.5040314572,-5570350.060017512,5736523.025570578,323774271.5467876,293.79460531224254
10.0,119.2563051428571,0.017369575215255798,-2246395.641578927,-5603110.035602057,6036649.356188356,358539289.19530994,293.7981060037733
14.999999999999996,119.2563051428571,0.017503264096688332,-3072052.1149937846,-5644896.789332431,6426691.525151443,406368243.8381163,293.8034602139148
20.0,119.2563051428571,0.017676780426755176,-3824203.088120329,-5707600.17970853,6870315.06341579,464406361.41915816,293.8111279595206
24.999999999999993,119.2563051428571,0.017885684405500365,-4518007.10538939,-5813697.936334582,7362844.008892895,533379170.5777565,293.82175268672614
29.999999999999993,119.2563051428571,0.018128581137294115,-6418448.5332391625,-5917822.340865518,8730240.708702538,786548251.7202573,293.8357043348684
35.0,119.2563051428571,0.018558906164425112,-6324248.9660478,-3504590.1851277505,7230371.868047344,1139479515.537463,293.85213751219686
40.0,119.2563051428571,0.01952961734622899,-6063301.541993509,-2163342.338031114,6437676.262492453,2262888257.4809957,293.8689278277095
44.999999999999986,119.2563051428571,0.02192378288159234,-5344691.099416927,-1496755.758365994,5550315.3737772675,4951435569.717804,293.8836596289857
49.999999999999986,119.2563051428571,0.028260809933771558,-3634928.4488692083,-1171945.3074286613,3819183.2414801423,7572710365.273784,293.89478524887136
54.999999999999986,119.2563051428571,0.04110434666355875,-2253590.2621198334,-1035569.3438165789,2480135.6687435545,6904637967.947603,293.9026881555104
59.999999999999986,119.2563051428571,0.0539718793039042,-2728033.460869076,-1861572.7091958735,3302668.544562741,7595077765.52568,293.90931348697893
65.0,119.2563051428571,0.060411003833794275,-3463763.2391183367,-3992444.4554507723,5285571.729390034,7121945123.732208,293.9152217277987
70.0,119.2563051428571,0.06294653977199442,-3752337.5501608537,-7881652.6461725095,8729288.947289193,7140887717.881764,293.9205351027601
75.0,119.2563051428571,0.06398497885238694,-3731982.9281375594,-14377004.339139853,14853482.768144188,8288956219.011621,293.9240727545254
80.0,119.2563051428571,0.06437161584392875,-2613121.5200553834,-24704611.470781446,24842428.061702073,10322765142.008211,293.9239344138039
84.99999999999999,119.2563051428571,0.06442922402650157,-1847812.3095758131,-35043290.83780129,35091974.054962315,12116033121.43706,293.91884482990076
89.99999999999997,119.2563051428571,0.06455639707488633,-4056004.4101455035,-32790834.823301934,33040732.742846224,10740987047.457092,293.9089647364559
94.99999999999997,119.2563051428571,0.06483482446751612,-6592427.345112756,-30452207.918289054,31157616.490984946,9551537993.7282,293.89591683493563
99.99999999999997,119.2563051428571,0.06521563980939761,-8250112.098230345,-28054905.550956916,29242812.366571035,8413624547.840575,293.88078681002503
104.99999999999997,119.2563051428571,0.06565983567733916,-9236084.1071433,-25814051.210296843,27416609.73793173,7395581935.016596,293.8642400062447
109.99999999999997,119.2563051428571,0.06613924822011194,-9748051.474463282,-23822238.195589744,25739532.6336008,6518477436.188496,293.846705373761
114.99999999999997,119.2563051428571,0.06663464082478548,-9938227.504590059,-22101977.882841267,24233567.46883535,5778026867.998542,293.82853698217184
119.99999999999997,119.2563051428571,0.06713307097057095,-9914631.985762369,-20648505.380607076,22905473.18581438,5162064046.4426985,293.8100614742823
125.0,119.2563051428571,0.06762610402336172,-9746114.760859488,-19423610.261771172,21731621.856939845,4646534130.966568,293.791453989233
130.0,119.2563051428571,0.0681076824466569,-9477982.797509028,-18379536.586110707,20679446.87437406,4207486093.0501256,293.7725357805858
134.99999999999997,119.2563051428571,0.06857390230311262,-8891881.25823586,-17438477.03750176,19574627.293975286,3769917585.471561,293.75266343944014
140.0,119.2563051428571,0.06899687057248048,-3852256.188739175,-9445276.262277141,10200643.186310131,1930761655.837422,293.7308188670405
145.0,119.2563051428571,0.06930041609185147,-885354.7903720214,-4545172.048198285,4630598.455119778,890255270.562568,293.7064398810744
150.0,119.2563051428571,0.06937047567344148,479990.44244479487,-2250768.021868715,2301379.4804649577,561264539.8113074,293.6793922722631
154.99999999999997,119.2563051428571,0.06878342998916054,1028895.5323154334,-1297572.4575572615,1655995.2593621307,839991363.3427168,293.6504796452442
160.0,119.2563051428571,0.0661672829363383,1096098.688013868,-933089.1455488132,1439474.7956830424,1973718973.6378422,293.6213958758141
165.0,119.2563051428571,0.05817180261995849,879167.7042344153,-772269.9506167646,1170186.6213533774,3609543205.2504106,293.5936914940528
169.99999999999997,119.2563051428571,0.04261305568065112,759352.1009731224,-755747.637127043,1071340.3307424788,4842028904.32376,293.56828972890867
174.99999999999997,119.2563051428571,0.025612820800432225,878819.3281856108,-995395.2812640212,1327831.0048930505,5599647383.504995,293.5454802280465
179.99999999999994,119.2563051428571,0.014244983934866989,1023422.2985887548,-1362232.4368302112,1703839.9024559394,4806959004.42944,293.5248516733965
185.0,119.2563051428571,0.008389262826063892,1025682.3692446032,-1595145.8617607101,1896447.9014387769,3007086543.420425,293.50584616533763
189.99999999999994,119.2563051428571,0.005528684686760783,912642.0170641282,-1613551.4989403416,1853770.1829092796,1594638428.1068816,293.4877331139943
194.99999999999997,119.2563051428571,0.004084927995015119,742555.5766618276,-1481971.3118390227,1657596.98164103,807290905.306543,293.4697211584188
199.99999999999994,119.2563051428571,0.0033112222245556024,560729.5669543842,-1273011.3005623284,1391033.9387003619,413530596.37641364,293.4515173807664
205.0,119.2563051428571,0.00286694619272667,398087.3644383877,-1041743.6859362248,1115214.5340307816,220924959.74869102,293.4337553246278
209.99999999999994,119.2563051428571,0.0025924993232677032,270422.28265185456,-823679.2909582237,866934.7064849128,125089106.16597907,293.41759417246277
214.99999999999997,119.2563051428571,0.002409495455737925,180642.4338447639,-638304.701575002,663373.6360137569,75406363.80179773,293.4037238081397
219.99999999999994,119.2563051428571,0.0022778936811504356,123714.51132054265,-497458.7879966909,512611.4767213248,48428216.58360868,293.39197333035133
225.0,119.2563051428571,0.0021777572624197064,92552.88882290816,-413210.8644622536,423449.2363189577,33833501.98902186,293.38172028802603
229.99999999999994,119.2563051428571,0.0021003973540924584,80908.89829595783,-395224.39635279676,403421.0868260337,26877978.833017483,293.37237488158155
234.99999999999997,119.2563051428571,0.0020419475428701244,81474.4147262973,-440397.69049862516,447870.74703703914,24379835.15347326,293.3636218215117
239.99999999999994,119.2563051428571,0.0019997501379144514,85863.85053428153,-534332.3651704041,541187.2848628019,23975897.12487539,293.35543896680224
245.0,119.2563051428571,0.0019705069244290822,89459.76403037395,-665235.1399758363,671223.3911590392,24472187.04942333,293.3478967531443
250.0,119.2563051428571,0.0019503621294604274,93469.0178335381,-830966.180949589,836206.4644432685,25453219.865436133,293.34090605443697
254.99999999999997,119.2563051428571,0.0019359258474847937,101996.95972980083,-1026373.8337851381,1031429.4093504047,26424543.84986521,293.334154054098
260.0,119.2563051428571,0.0019246125077963306,112334.3228888029,-1233589.531475702,1238693.7201202435,26877493.159257337,293.3272196472951
265.0,119.2563051428571,0.0019159259160166004,140199.04248228972,-1428495.799894747,1435359.1961003644,26720917.502722476,293.3197543339432
269.99999999999994,119.2563051428571,0.0019061312992025758,212705.31539235206,-1607373.6574239659,1621386.328355046,26546063.094092146,293.31169165437245
274.9999999999999,119.2563051428571,0.0018940955710267547,278062.8843888672,-1510517.0487548886,1535897.367096459,23209684.905477487,293.30335173363113
280.0,119.2563051428571,0.0018783250107636891,352960.26533081057,-1417796.1948609718,1461070.4976368002,21003283.55382576,293.295249488623
285.0,119.2563051428571,0.0018587995444936736,424568.1811190522,-1350709.8095603748,1415865.5056400534,19723721.210454553,293.28775652976356
290.0,119.2563051428571,0.001835868192651784,485606.02923205297,-1299205.8266443722,1386992.7885945218,18927500.171663925,293.2809665006299
294.9999999999999,119.2563051428571,0.0018102389415704683,525207.1787503364,-1255547.4398679272,1360970.9601493317,18223952.287560426,293.2747795768353
300.0,119.2563051428571,0.0017833474747767503,520654.96697097097,-1215450.6570172317,1322271.490381292,17202284.305017713,293.2690231611814
305.0,119.2563051428571,0.0017581734448733712,455863.99830135383,-1187623.4234761342,1272109.0287143118,15921849.802296443,293.26352420638835
309.99999999999994,119.2563051428571,0.0017377610749466149,213125.5928990187,-880275.7550154559,905708.5200088321,11221186.043885974,293.2581362278232
314.9999999999999,119.2563051428571,0.0017285420150430315,-16593.459313771265,-544014.8670432643,544267.8738048925,7271174.549572231,293.2527433259833
320.0,119.2563051428571,0.0017419007976577853,-149164.09450355105,-313971.54603293765,347603.30666922225,6170477.532344249,293.2472704170319
325.0,119.2563051428571,0.0018059650908096789,-216571.9072774232,-183799.05792157812,284051.90496569534,9927056.822524648,293.24174737946146
330.0,119.2563051428571,0.002012721814244698,-250666.24281384193,-118278.53587293762,277170.3038470279,26142202.92196952,293.23640977492545
334.9999999999999,119.2563051428571,0.0026729265361851683,-247746.0802460576,-85221.2096775882,261993.84507311898,71232041.71309802,293.23164929043566
339.99999999999994,119.2563051428571,0.004625816546581696,-181423.44644359883,-61643.29184882495,191609.92236685654,105003562.00487278,293.22772379534524
345.0,119.2563051428571,0.007946640879788197,-169333.8784740277,-52804.3868972935,177376.0572192759,108174684.99012049,293.22459722952135
349.99999999999994,119.2563051428571,0.010543267243639569,-260080.5618721209,-66470.31680365212,268440.3130673483,98133715.59020483,293.2220532250523
354.9999999999999,119.2563051428571,0.011546502539110763,-316838.1460796764,-81045.70530218253,327039.47339600243,44040752.416957505,293.2198531556785
359.9999999999999,119.2563051428571,0.01186927782962831,-317245.8568521238,-104715.04252772918,334081.0886916863,15099312.7575446,293.21783422555865
365.0,119.2563051428571,0.01198272146368437,-302004.06185493636,-144078.54375258883,334611.835036878,5797690.888892939,293.21591435206994
370.0,119.2563051428571,0.012028220458838473,-276522.9381917414,-203877.75974507903,343556.5110209175,2767005.7347085415,293.2141130118508
374.9999999999999,119.2563051428571,0.012048608504437397,-237653.36198045034,-282840.4156717699,369429.04758287553,1720040.1798467287,293.2125244351725
379.9999999999999,119.2563051428571,0.012058662629845111,-168720.22467740581,-310362.21371387393,353258.0047452154,1227803.5252645537,293.21122776614266
385.0,119.2563051428571,0.012065480526905138,-119397.72810914961,-289074.3960598084,312761.6087932938,962435.7120098686,293.21023229605885
389.99999999999994,119.2563051428571,0.012070602402656026,-86483.67678342623,-271370.1918249086,284817.84944253025,798140.3341878132,293.20950395563153
394.99999999999994,119.2563051428571,0.01207412889458348,-54189.863515179124,-253767.71379609374,259489.10164608047,662495.7517836579,293.20901208753196
399.9999999999999,119.2563051428571,0.012076021389007544,-37849.88848128113,-239711.58246116576,242681.38952973235,579452.4434787296,293.2087533899571
0.0,124.22531785714284,0.01748544130324719,-956746.7275056752,-4614917.178820264,4713048.362574184,218548910.20618734,293.7874923219439
5.0,124.22531785714284,0.017533278639622472,-1414481.1011983922,-4669945.553020371,4879461.881583066,234254915.1105566,293.7893855230497
10.0,124.22531785714284,0.017626889413367028,-2308134.3596917037,-4745159.433884523,5276743.52942918,273953482.2883381,293.79302139079823
14.999999999999996,124.22531785714284,0.017764092075591643,-3160272.015025334,-4835451.319508865,5776582.785028906,328312075.0489212,293.79853919162787
20.0,124.22531785714284,0.01794291661486956,-3965512.574373304,-4969305.984334245,6357616.844655939,397679820.4665879,293.80639698407543
24.999999999999993,124.22531785714284,0.018160643333028973,-4922872.541290453,-5197542.023426986,7158848.8699707175,504232972.0432631,293.8172607798745
29.999999999999993,124.22531785714284,0.018435203868998606,-6875526.859239713,-5260358.45611738,8657034.173374409,872400193.8020971,293.8315578865427
35.0,124.22531785714284,0.018974107861199022,-7234669.62782791,-3726025.5149884676,8137795.202765962,1619942865.2551508,293.84848736672626
40.0,124.22531785714284,0.02023390925983056,-7253880.602973079,-2769666.5328898495,7764653.019008587,3675161985.809289,293.8656768736617
44.999999999999986,124.22531785714284,0.02346836513321061,-6601913.216287805,-2201368.7003485514,6959258.744311053,8621673289.620365,293.8800983456117
49.999999999999986,124.22531785714284,0.0321790302348683,-4312762.227265654,-1711909.4624105794,4640102.58899739,11796491228.480938,293.8892974399195
54.999999999999986,124.22531785714284,0.04748478936248979,-3099939.6480910867,-1454657.5970904029,3424274.309482217,10237131135.676506,293.89405082603844
59.999999999999986,124.22531785714284,0.059686431162991625,-4054294.4720131923,-2354138.115963557,4688205.406637936,8984809413.529743,293.8967006597906
65.0,124.22531785714284,0.0643295965028781,-4092587.331108798,-4342364.209836492,5967025.891817559,5219828834.693988,293.89827988971433
70.0,124.22531785714284,0.06578451681879321,-3206055.8176780283,-8299076.508374834,8896823.298117489,4491050322.615385,293.8998412234512
75.0,124.22531785714284,0.06617845731689434,-1529942.9989359716,-15476641.850849526,15552079.235891908,5916588734.568258,293.9007706420201
80.0,124.22531785714284,0.06616490311237326,1053268.9536006958,-27438406.52863457,27458614.828851715,8856761109.087048,293.89956371065904
84.99999999999999,124.22531785714284,0.06605270612479577,538179.7052736449,-31075490.34970839,31080150.222770605,9504101619.312027,293.89471210588556
89.99999999999997,124.22531785714284,0.0661110851418459,-2447310.2997993324,-30015866.41678988,30115470.516896766,8923272555.847076,293.88631921549484
94.99999999999997,124.22531785714284,0.0662974371547757,-4673078.092488209,-28494499.070084963,28875147.37821378,8203388352.849057,293.8752576981367
99.99999999999997,124.22531785714284,0.06657839295109472,-6277112.493832671,-26771109.609369114,27497171.690504566,7439108679.612959,293.8622310768809
104.99999999999997,124.22531785714284,0.06692514840415897,-7366940.116969868,-25034912.19908874,26096333.755972356,6700448119.679215,293.8477306887567
109.99999999999997,124.22531785714284,0.0673150869627917,-8062425.078747272,-23401408.011759948,24751335.218191274,6027567975.368207,293.83211806330894
114.99999999999997,124.22531785714284,0.0677313909120337,-8466760.673434133,-21931980.902171113,23509526.209483873,5437917397.690118,293.81570646491156
119.99999999999997,124.22531785714284,0.06816176303013512,-8655313.199585624,-20654567.66793403,22394767.51681488,4934441099.837966,293.7987706061459
125.0,124.22531785714284,0.06859692223199226,-8667853.206219407,-19572558.53058577,21405997.445523854,4508330968.267094,293.7814399704394
130.0,124.22531785714284,0.06902854835075706,-8487730.232195346,-18676065.213906553,20514311.50120845,4140556777.741388,293.7635334020093
134.99999999999997,124.22531785714284,0.0694456952552118,-8498793.655464798,-17940531.76337477,19851754.923704546,3877418363.593238,293.74445698093734
140.0,124.22531785714284,0.06987842771630354,-6033556.921814067,-13628843.006811053,14904669.430519853,2827855828.4271717,293.7231929129875
145.0,124.22531785714284,0.07022631787091835,-2162219.793096453,-6613717.135380499,6958192.92492553,1333943754.0449026,293.69887592096717
150.0,124.22531785714284,0.0704839073950735,-362958.90927219536,-3136447.817792087,3157379.306252704,679749209.4809479,293.6713994213164
154.99999999999997,124.22531785714284,0.07047785830334531,442479.34124351456,-1616317.2924241086,1675789.2341271606,532672844.26504296,293.6415753266929
160.0,124.22531785714284,0.06963086638372991,711711.8345428703,-1031697.3801699707,1253368.7484846425,873061620.9726193,293.6114656485082
165.0,124.22531785714284,0.06645766895459618,734153.9636968413,-871285.6875391977,1139351.0397249986,1919865980.9315445,293.58354639187985
169.99999999999997,124.22531785714284,0.058595211702977934,703129.6034127222,-862579.1404607269,1112849.5013941904,3686025948.941877,293.55933190269525
174.99999999999997,124.22531785714284,0.045187249829763174,690964.3502949441,-900005.9573921117,1134655.214908831,5222767349.789042,293.53876046970913
179.99999999999994,124.22531785714284,0.030105789480581156,739017.6757851257,-1033344.9859181254,1270412.9191113336,5794702934.584308,293.52084425081046
185.0,124.22531785714284,0.01821908791869419,789672.38253191,-1230924.7248847878,1462449.3666675484,5062376281.486901,293.5044007560815
189.99999999999994,124.22531785714284,0.011108359956104178,730568.0164960024,-1314597.1090896125,1503959.8352195679,3317206840.930241,293.4883081318858
194.99999999999997,124.22531785714284,0.007329388842731911,583026.4907833508,-1231256.6278054162,1362318.8952921096,1808148380.2560265,293.47165367212955
199.99999999999994,124.22531785714284,0.005335115576091698,418190.4948155621,-1064061.2778737764,1143288.9805401166,948785188.5685679,293.45400022336594
205.0,124.22531785714284,0.004244175749553301,276526.8435616071,-880501.3517272832,922902.8798328232,520851388.83167994,293.43600951758117
209.99999999999994,124.22531785714284,0.0036164385651285356,172667.51627202652,-712069.6429759848,732705.4303221023,309866008.29667276,293.41929908801353
214.99999999999997,124.22531785714284,0.003231242315147505,106953.19527342815,-570854.9297289709,580787.6864871227,200470434.79980102,293.40506042033246
219.99999999999994,124.22531785714284,0.002970391075629163,72666.43463966601,-464765.61303486227,470412.0383056881,139205650.09087253,293.39326066578735
225.0,124.22531785714284,0.002766631828659322,61206.27857688288,-407113.3895205663,411688.62076107395,103975651.84472719,293.38317762899555
229.99999999999994,124.22531785714284,0.0025887588435201236,65810.02157639209,-410713.2937273445,415952.3633593745,85618988.85875447,293.37408443506007
234.99999999999997,124.22531785714284,0.002435630236599073,80369.8974125866,-472305.5168755596,479094.794045186,76899113.1165429,293.3655499557546
239.99999999999994,124.22531785714284,0.0023150889716384727,97956.75328005139,-577653.1106146371,585899.8563883892,72308714.9714086,293.3575029216918
245.0,124.22531785714284,0.0022259133556296108,115951.15486589234,-719950.8812545525,729228.3193444567,69871987.4342259,293.35006368434784
250.0,124.22531785714284,0.002160240732786896,137403.87723959112,-901964.188290883,912370.1126405358,69070881.66479665,293.3432286690034
254.99999999999997,124.22531785714284,0.0021100337431445193,165832.8322487087,-1118000.0437954813,1130232.1116382806,68631460.66840184,293.33671991289236
260.0,124.22531785714284,0.002069685485026678,200105.3802104981,-1337315.0719770165,1352203.3001461285,66496872.89840827,293.33008085897103
265.0,124.22531785714284,0.0020360679101841333,237916.22326293492,-1511212.9821844033,1529826.3976067272,61076318.725861356,293.3228642141448
269.99999999999994,124.22531785714284,0.0020065799059706723,274421.46823895804,-1624624.5192234095,1647638.3009302497,53701288.73957977,293.314867929384
274.9999999999999,124.22531785714284,0.0019808939469583902,322261.53082557436,-1695964.797331976,1726310.8318142863,46468743.90801431,293.30633539642287
280.0,124.22531785714284,0.00195550747204304,400358.454216604,-1747018.5515337188,1792305.975905253,40751598.8683765,293.2978401767483
285.0,124.22531785714284,0.0019292731746083254,486443.37201164145,-1764333.1618267333,1830163.5610227776,36244271.453342415,293.2898807935591
290.0,124.22531785714284,0.0019020083070525114,544782.6348329915,-1708735.570580514,1793478.5667475066,32129729.091454484,293.28263789745904
294.9999999999999,124.22531785714284,0.0018739645211915475,534577.5328275012,-1549417.678014871,1639044.9290818516,27643468.573688183,293.27603873468274
300.0,124.22531785714284,0.0018460999579939718,431630.00223968015,-1291187.6969151553,1361422.0974769322,22384966.834366802,293.2699051546904
305.0,124.22531785714284,0.0018209813880974489,249287.5292139032,-976067.8402887421,1007398.9780953234,16575376.21659516,293.2640476234192
309.99999999999994,124.22531785714284,0.001804717519044832,63014.1385304834,-674879.5997999597,677815.0602346429,11750502.887046224,293.2583056376402
314.9999999999999,124.22531785714284,0.0018046008872708908,-66826.9117979428,-431953.22339931555,437092.0078719228,8873256.843062716,293.2525627554524
320.0,124.22531785714284,0.0018362634872163416,-140056.41068818813,-265547.3876923093,300218.6091585064,8807747.79928121,293.2467711180765
325.0,124.22531785714284,0.0019437075055136865,-177366.9811671121,-166604.67396029012,243343.71451457147,14035980.460122298,293.2410267673848
330.0,124.22531785714284,0.002263561044825302,-192617.64565701567,-111105.33611801853,222364.46013774216,32143282.32620042,293.23564304283497
334.9999999999999,124.22531785714284,0.003216362503835987,-175985.74115755488,-76592.07772494022,191930.5276942602,68803449.46622275,293.2310150863355
339.99999999999994,124.22531785714284,0.005604393732576144,-132810.26256958646,-51226.45793258493,142347.16658971962,84221204.63046636,293.2273140411284
345.0,124.22531785714284,0.008826978913594904,-147020.86884357376,-46676.79749202476,154252.58279727702,84831007.56426752,293.22441774559235
349.99999999999994,124.22531785714284,0.010931898762181697,-223506.2951483168,-55422.250208498546,230275.24788630652,66817924.378356576,293.22207258120363
354.9999999999999,124.22531785714284,0.011689464909831805,-262312.3399111892,-70285.36510387383,271565.45475716924,27659422.088751912,293.2200433988382
359.9999999999999,124.22531785714284,0.011931824906367237,-262224.9033238005,-97301.61447868485,279695.3773363713,9611414.53545544,293.2181644679232
365.0,124.22531785714284,0.01201691552643704,-249569.64578813495,-143495.61753930248,287881.9208491581,3894173.92866411,293.216338933803
370.0,124.22531785714284,0.012051013164047995,-229054.17498389643,-216624.93231025457,315265.24765025376,2113797.3049616823,293.21456469747295
374.9999999999999,124.22531785714284,0.012066426845733988,-204877.03344180746,-322316.9553069082,381919.9111204219,1667531.4596647879,293.2129361002536
379.9999999999999,124.22531785714284,0.012074818694283526,-142553.56871084243,-344015.97958880087,372382.2151562009,1364340.3227971348,293.21156640043176
385.0,124.22531785714284,0.012080682202605072,-100559.62934034728,-322536.47321025,337849.10182502243,1123027.4972799355,293.21050128495125
389.99999999999994,124.22531785714284,0.01208487465721756,-68633.45443563693,-302346.49638135894,310038.6345955158,945750.2916501703,293.2097216499698
394.99999999999994,124.22531785714284,0.012087545548048636,-39583.18715099538,-283755.3124823086,286502.8901546428,807612.193542983,293.20919751109324
399.9999999999999,124.22531785714284,0.01208883297593266,-25748.557680484173,-270624.11761193565,271846.2824021399,727095.8220880254,293.20892319329187
0.0,129.19433057142854,0.01769113400759132,-1031818.0299744712,-3626796.822510274,3770716.5948597915,139891922.06306878,293.7797501446471
5.0,129.19433057142854,0.017742724909090044,-1500163.5883017674,-3749604.9616895514,4038567.5876965756,160472110.19194606,293.7817671555735
10.0,129.19433057142854,0.017841150366421497,-2410875.6931727137,-3872317.138860123,4561486.778654615,204718784.13273543,293.78559161335653
14.999999999999996,129.19433057142854,0.017983812478407316,-3294809.5268033748,-3982981.354218376,5169130.51547023,262893499.97204217,293.7913289375276
20.0,129.19433057142854,0.018170631319101835,-4184049.7504190905,-4137796.6386924013,5884524.903265869,340696492.852188,293.79943515277466
24.999999999999993,129.19433057142854,0.018402217453449225,-5764617.467603692,-4637919.316251586,7398723.547468252,538590207.8600479,293.8106164572024
29.999999999999993,129.19433057142854,0.018747093065862204,-7214650.731035101,-4476192.531124442,8490434.897372428,1059096282.3438193,293.8253650091681
35.0,129.19433057142854,0.01947954069614383,-7956998.186621816,-3769760.9881007955,8804823.567188019,2384879434.364842,293.8429173103332
40.0,129.19433057142854,0.021234973582908725,-8256242.733034442,-3214209.80714662,8859835.706780434,5989205727.069445,293.8605332287098
44.999999999999986,129.19433057142854,0.02588212777805972,-7403939.084720593,-2767874.658982019,7904393.9741189545,13699319942.549652,293.8743198469073
49.999999999999986,129.19433057142854,0.03773481750316968,-4681999.647225309,-2076016.6168365446,5121617.48766924,15461912453.611135,293.881161214547
54.999999999999986,129.19433057142854,0.05393229498891797,-4396534.819732014,-2085964.705309011,4866288.850131168,13755989169.747187,293.88307620556617
59.999999999999986,129.19433057142854,0.06369224930625882,-5632129.490078344,-3029687.8966279384,6395302.287146713,9223221350.772783,293.88238912004675
65.0,129.19433057142854,0.06684116583918091,-4766914.884159134,-5163262.262404505,7027286.439529015,4087744072.959963,293.88095134833
70.0,129.19433057142854,0.0677027715538616,-2800124.069452116,-9791288.833332986,10183812.244050669,3527066357.7661624,293.87998588033054
75.0,129.19433057142854,0.06780905423935851,471109.02127318725,-18347065.38409405,18353112.86725353,5314674504.71484,293.87900515059164
80.0,129.19433057142854,0.06762722167565527,2915400.7984966123,-27830381.79731729,27982668.07865762,7704120993.561257,293.8766880619037
84.99999999999999,129.19433057142854,0.06751751415950885,878401.6366232551,-28171260.242256023,28184951.535742212,7815907977.484589,293.871788664368
89.99999999999997,129.19433057142854,0.06753938151199294,-1491008.7133636342,-27696935.88888859,27737039.579171583,7569462907.610893,293.8643033603348
94.99999999999997,129.19433057142854,0.06766661503084521,-3367779.77894498,-26736316.048466317,26947588.695149485,7144711103.309731,293.8546298054652
99.99999999999997,129.19433057142854,0.06787615948988744,-4811965.868599111,-25499963.35584293,25950012.459917914,6625520378.832291,293.84318820993224
104.99999999999997,129.19433057142854,0.06814781161770513,-5887266.090769533,-24154348.894335765,24861465.615140717,6081326309.537637,293.8303248935009
109.99999999999997,129.19433057142854,0.0684648860989644,-6664350.461275532,-22818528.16955429,23771806.723415997,5559928848.192192,293.8163301009897
114.99999999999997,129.19433057142854,0.06881424666383268,-7208410.586073272,-21572342.666715648,22744826.91311617,5089910257.268303,293.8014650207895
119.99999999999997,129.19433057142854,0.06918572715757172,-7569832.033206825,-20467640.37023106,21822618.06786886,4685528203.98553,293.7859380720753
125.0,129.19433057142854,0.06957122986715336,-7779873.990997888,-19538283.306047585,21030239.03485605,4351442716.412713,293.7698045162948
130.0,129.19433057142854,0.06996371455667151,-7856070.446243812,-18813622.87707695,20387992.755963463,4089722058.334403,293.7528345961967
134.99999999999997,129.19433057142854,0.07035683691177774,-7855300.420058361,-18343575.02543411,19954761.071060184,3917760803.8880553,293.734429600235
140.0,129.19433057142854,0.07074924459867735,-7841199.983038691,-17725981.231023777,19382848.804461464,3696409424.2286706,293.71361714435005
145.0,129.19433057142854,0.07114095691008161,-3864609.122565802,-9211257.510347841,9989117.508176502,1985039414.2463388,293.68926733079905
150.0,129.19433057142854,0.07153064856679839,-1541742.2815720118,-4365569.773942725,4629813.032288583,1011171856.9738216,293.66131703533875
154.99999999999997,129.19433057142854,0.07188016208374748,-348493.6808707381,-2168757.9561112532,2196578.912263954,583275314.0371431,293.6308232375943
160.0,129.19433057142854,0.07195883216871014,225722.77423076148,-1305282.049565548,1324655.4267901029,529685259.57867014,293.60027959615326
165.0,129.19433057142854,0.07118762574307563,512575.7463395394,-1098533.6020117917,1212233.4636878069,962866910.4288794,293.57266652846926
169.99999999999997,129.19433057142854,0.06854527700835683,691355.4987181792,-1160474.09124578,1350804.4055526992,2258198471.1124773,293.5496960127829
174.99999999999997,129.19433057142854,0.062491341210590926,756853.9570040429,-1174402.5841027382,1397157.5937523537,4269583228.7996683,293.5310694391957
179.99999999999994,129.19433057142854,0.05172001151298854,692534.921169346,-1033367.2009761567,1243966.3938757868,5424241967.490312,293.51532176731644
185.0,129.19433057142854,0.037818532954795,608237.8079144997,-916589.1305118017,1100040.392507937,5229822283.673513,293.5009812447312
189.99999999999994,129.19433057142854,0.02500236337292014,544853.450912341,-882224.7576102178,1036911.6673620248,4197052810.703671,293.4867903664399
194.99999999999997,129.19433057142854,0.016201515924533963,443598.7037096482,-834033.7532127675,944665.0789729955,2749169616.5468707,293.4716360654451
199.99999999999994,129.19433057142854,0.011112715727741952,313026.7513984217,-739272.7910710005,802813.805753835,1599552685.1721146,293.45485677290907
205.0,129.19433057142854,0.008305545990093238,198258.73383034315,-630467.5628669395,660905.343727367,947014220.3791275,293.4370041164403
209.99999999999994,129.19433057142854,0.006743882674682505,117199.80980067542,-529489.8882946796,542305.5755048317,609621735.7483253,293.41998547030295
214.99999999999997,129.19433057142854,0.005836356849104935,70145.3509098731,-444841.9559921884,450338.4683382326,430337766.21176505,293.40546399801883
219.99999999999994,129.19433057142854,0.005231069117238223,51101.13623688128,-384857.1513371064,388234.9199389626,329644435.0733669,293.39360276789864
225.0,129.19433057142854,0.00470045119454875,52151.99150442047,-364833.6043970417,368542.2487520451,276158204.5657807,293.383644647462
229.99999999999994,129.19433057142854,0.004153340457369831,67128.41796257459,-399429.6979139872,405031.24333045864,254921932.61841837,293.3747888963253
234.99999999999997,129.19433057142854,0.003640241645599828,90413.08031253733,-487001.3239124795,495322.93969097483,246842959.19959727,293.3665348291865
239.99999999999994,129.19433057142854,0.0032287907327321966,115756.23134185295,-615425.0499479902,626216.813250774,238059893.7938563,293.35875810656336
245.0,129.19433057142854,0.0029260145625753025,142194.90197669368,-782125.8693727577,794946.7061949836,228454142.31493926,293.3515809936931
250.0,129.19433057142854,0.0027063197418878762,173542.00675622202,-992878.5073967526,1007930.8302454985,220812451.76052564,293.3450493771697
254.99999999999997,129.19433057142854,0.002542641262390048,212126.33774062045,-1238375.5622601185,1256412.2000228716,212662318.7025737,293.3389199791496
260.0,129.19433057142854,0.0024158666549368435,255057.09170335927,-1478771.5038173413,1500606.3043084876,198364093.14625722,293.3327197560664
265.0,129.19433057142854,0.002314280187549517,296493.1260785615,-1663331.8773665375,1689550.5639298067,175358046.61272514,293.3259216794437
269.99999999999994,129.19433057142854,0.002230746762961228,332426.9697759357,-1771484.0601754093,1802404.9116915888,147179726.69169015,293.3181751256276
274.9999999999999,129.19433057142854,0.002161208572008433,364117.00357631996,-1815725.180307156,1851874.488915178,119136453.25819872,293.3095758269259
280.0,129.19433057142854,0.0021021832661500595,390798.91620253556,-1816060.6492929482,1857632.9225160177,95192364.69266842,293.30068462672483
285.0,129.19433057142854,0.0020516387857405275,399270.23569119145,-1761347.1168992699,1806034.4369137234,75483398.88655327,293.2921309635829
290.0,129.19433057142854,0.002008271182423164,373023.3416257328,-1626439.3302668026,1668667.5248342173,59018195.488278024,293.2842396107149
294.9999999999999,129.19433057142854,0.0019712792434653263,303930.09761949035,-1406971.1456163577,1439423.9503481935,45214694.57370328,293.27701719814064
300.0,129.19433057142854,0.0019408601452368245,199116.22470398532,-1130842.931706843,1148239.089707233,33929174.32141508,293.2703129734203
305.0,129.19433057142854,0.0019191993085753368,80610.54379156657,-842917.3974274215,846763.1301941469,25161663.20381178,293.2639462768044
309.99999999999994,129.19433057142854,0.0019121085157159225,-21232.19966815851,-583687.9374980136,584073.9804882884,18945675.08385851,293.25777082848094
314.9999999999999,129.19433057142854,0.001931183935044908,-88673.41338310808,-383858.99733823165,393967.8972689578,15827376.620039476,293.2517002228588
320.0,129.19433057142854,0.0020040128178215938,-124453.1417002977,-248310.21467478733,277752.67269805586,16690621.748901127,293.245727074363
325.0,129.19433057142854,0.002204847533605253,-138795.97950773197,-162783.6627204921,213922.52049798236,23948833.745298486,293.2399762340496
330.0,129.19433057142854,0.002742262703959296,-136254.45519644392,-107771.06789490959,173723.57248251876,41690732.74806564,293.2347414965249
334.9999999999999,129.19433057142854,0.004117904417452889,-114778.72029234211,-69262.26754404607,134057.51130500194,62147770.940351695,293.2303375701199
339.99999999999994,129.19433057142854,0.006776484547515428,-94930.21524802908,-45447.43385222639,105248.34920695728,63255047.50985771,293.22685424603867
345.0,129.19433057142854,0.009627556985562126,-112442.62978799437,-40759.97945007786,119602.34495364515,55977457.04247,293.2241322268338
349.99999999999994,129.19433057142854,0.011248671164527513,-159544.57119298374,-47036.70022045363,166333.76495703415,37283524.646642745,293.2219195848879
354.9999999999999,129.19433057142854,0.011812767617518928,-181140.15940362468,-63822.41761307143,192054.8315943857,14852808.25697999,293.2199949285483
359.9999999999999,129.19433057142854,0.01199002918901056,-177238.3225248151,-94683.05044356438,200943.53190065347,5336051.6466222,293.2181969854212
365.0,129.19433057142854,0.012050826691472633,-164840.76647356345,-146280.60670337948,220387.14615217617,2456225.0243487996,293.21642523133124
370.0,129.19433057142854,0.01207475493510716,-150424.73205267306,-226359.97151752166,271783.80510716914,1691041.3357596209,293.21466578176916
374.9999999999999,129.19433057142854,0.0120858277733163,-144667.500371089,-339770.3834629826,369286.6083981401,1678362.4207203113,293.2130087316973
379.9999999999999,129.19433057142854,0.012092851025374995,-117065.10312889384,-380486.1651582198,398087.8800558825,1559203.3662533802,293.2115851119935
385.0,129.19433057142854,0.01209753428362919,-77986.48973805085,-354724.9548906018,363196.4842943866,1297860.8274574263,293.21046544093537
389.99999999999994,129.19433057142854,0.0121006496743488,-47942.860637046484,-331743.7635021308,335190.15872877435,1105420.1352245184,293.20964308183005
394.99999999999994,129.19433057142854,0.012102328569692894,-22664.08282864882,-308350.38852574414,309182.18375973933,940532.42664224,293.2090900681239
399.9999999999999,129.19433057142854,0.012102916082631665,-11750.258775422575,-289257.3271859051,289495.8892834631,824574.0352633529,293.20880065255227
0.0,134.16334328571426,0.01784587329371088,-1200840.809505513,-2832749.9348388626,3076766.296471579,93139493.49238327,293.76930426258434
5.0,134.16334328571426,0.017905915334186156,-1658479.8159099624,-2962053.461462697,3394748.2982312385,113386150.54440036,293.7715103659379
10.0,134.16334328571426,0.018011721275301876,-2540064.412029676,-3059615.686087063,3976578.348757846,155583644.27769545,293.7756164693933
14.999999999999996,134.16334328571426,0.018159921775389123,-3424106.217035095,-3167266.859831449,4664341.619877875,214055087.67836747,293.78166697599016
20.0,134.16334328571426,0.018354131897005386,-4616391.586455584,-3508649.5791815687,5798421.608419734,330799186.5364277,293.7901045696595
24.999999999999993,134.16334328571426,0.018621560934034682,-6079108.774439371,-3892554.212319547,7218555.380913303,628574260.7585678,293.80166734745507
29.999999999999993,134.16334328571426,0.019099466131288167,-7068966.2839860385,-3824482.6814216236,8037222.9099748945,1370131735.8234422,293.8169194949754
35.0,134.16334328571426,0.020145478083218236,-8023376.941844413,-3639509.221129663,8810255.667210143,3437637754.667776,293.83510688188517
40.0,134.16334328571426,0.02271103109120682,-8518976.677605087,-3417546.6694693016,9178920.899080683,9198290535.703703,293.85304809256013
44.999999999999986,134.16334328571426,0.029598408151739638,-7111724.045545064,-3049612.2069167374,7738007.076280004,18082209345.78548,293.8657845762601
49.999999999999986,134.16334328571426,0.04453950086075625,-4889349.3424997395,-2321858.755378842,5412648.61901565,17760329261.267895,293.87049141414644
54.999999999999986,134.16334328571426,0.059724136825329746,-6010752.757973813,-2842098.73254974,6648809.9629219845,15954094286.582508,293.87024821025847
59.999999999999986,134.16334328571426,0.06658745647230055,-6837379.042333677,-3910087.6967570884,7876454.657069699,7965336684.766172,293.86727271079945
65.0,134.16334328571426,0.06864665388378402,-5192086.144753525,-6599701.325323456,8397250.509423766,3421429989.8532248,293.86405286100415
70.0,134.16334328571426,0.06914799005248778,-2144984.4657154703,-12541907.962075884,12724009.340115368,3384987783.8126564,293.86141685044674
75.0,134.16334328571426,0.06910246870845783,2080207.0611507325,-23433300.84661009,23525451.111190166,5688096792.43808,293.8588738547145
80.0,134.16334328571426,0.06893069353225917,2500955.7723762454,-25340483.51106991,25463599.202590898,6379467546.353287,293.8552723848124
84.99999999999999,134.16334328571426,0.06885237313122021,670798.5884039925,-25973606.920742854,25982267.553457797,6642001264.572507,293.8499780354109
89.99999999999997,134.16334328571426,0.06886361367341877,-1021259.111153028,-25858291.93503075,25878451.11225534,6589028880.310091,293.8428469883394
94.99999999999997,134.16334328571426,0.06895449904233551,-2489721.202560136,-25250458.78445772,25372906.42579355,6334105436.865576,293.8340225474604
99.99999999999997,134.16334328571426,0.06911258579367478,-3711146.9704841087,-24336728.777518183,24618062.056689493,5962832047.371709,293.82372393549934
104.99999999999997,134.16334328571426,0.06932561373938392,-4702123.010329601,-23264112.869222283,23734550.941532157,5542515179.831621,293.81216829543996
109.99999999999997,134.16334328571426,0.06958279809470774,-5496420.724065421,-22147120.68354646,22818974.458715435,5123150300.689177,293.79956334858764
114.99999999999997,134.16334328571426,0.06987525581179047,-6130442.4004948735,-21072969.462967582,21946579.824951075,4738910981.204435,293.78609751711434
119.99999999999997,134.16334328571426,0.07019584233475723,-6633859.834631329,-20107534.494609006,21173592.981764477,4410968674.353684,293.7718878038594
125.0,134.16334328571426,0.0705386417952536,-7024086.415592657,-19301840.78145862,20540176.423937853,4151004381.128769,293.7568830491989
130.0,134.16334328571426,0.0708982509763165,-7300426.1049491875,-18699714.084711023,20074250.376135178,3964820460.4076905,293.7407634548156
134.99999999999997,134.16334328571426,0.07126868440574852,-7417892.621899848,-18341510.548536927,19784745.137406435,3851286018.5084677,293.72288493948764
140.0,134.16334328571426,0.07164004023850648,-8085595.030207088,-18225975.546264816,19938982.712404177,3911567655.71837,293.70230150139514
145.0,134.16334328571426,0.07207724390876923,-5914868.031103947,-12104133.13585847,13472034.10016329,2789621445.8002977,293.6778982793272
150.0,134.16334328571426,0.07256405547574327,-3050702.7221166673,-5969597.291083857,6703945.026359163,1520173676.1857736,293.6496324095782
154.99999999999997,134.16334328571426,0.0731260310550084,-1387512.2049569,-3111602.4942915174,3406942.9407293503,861514519.4527458,293.6190551095488
160.0,134.16334328571426,0.07361076178092942,-407647.7523893728,-1925562.7517053105,1968239.975405193,562973858.5159664,293.5890157817752
165.0,134.16334328571426,0.07372813619142887,198399.64033276765,-1544933.8868126103,1557620.984676982,612264390.1085436,293.56248239962713
169.99999999999997,134.16334328571426,0.0731018863888162,590308.7456025756,-1503449.1791626979,1615185.3916686703,1128400962.7233665,293.54088381951203
174.99999999999997,134.16334328571426,0.07113304241163233,789662.891570017,-1496583.5274741836,1692137.6235489212,2286353892.1323633,293.52373363217185
179.99999999999994,134.16334328571426,0.06669320078193341,792062.8433781302,-1316580.4768789501,1536472.4859101942,3783217099.8622937,293.5095351867005
185.0,134.16334328571426,0.05823195028469282,640091.5372021947,-982936.4684197722,1172979.6575164476,4398838935.67528,293.496708004606
189.99999999999994,134.16334328571426,0.04589363194779632,471386.72249238886,-715857.4805801902,857121.5635163625,3825764714.829814,293.48392291074646
194.99999999999997,134.16334328571426,0.03328221697516112,351396.5885115963,-576870.4882933776,675469.5571833182,2813838480.5079236,293.47002861983015
199.99999999999994,134.16334328571426,0.02386739577116396,247447.81060672025,-491284.34151966864,550082.4694502396,1832523191.0082226,293.45418805805434
205.0,134.16334328571426,0.018051069156183715,156428.51199258005,-422831.2711040057,450839.3984421081,1171630264.6514544,293.4367381967438
209.99999999999994,134.16334328571426,0.014702702808880804,91989.04158725402,-368325.71332258504,379639.05866853666,814765097.8030578,293.4196533591257
214.99999999999997,134.16334328571426,0.012765620207317203,55613.26062893705,-327647.3149231815,332333.56395969476,631226103.4819087,293.40493684770587
219.99999999999994,134.16334328571426,0.011472200570745453,43028.21122566547,-304012.72186375875,307042.6061905605,540299359.9255427,293.3929784645032
225.0,134.16334328571426,0.010259247776474998,48445.803135916176,-307103.25417019124,310900.9561957072,513151807.47586626,293.3830550280243
229.99999999999994,134.16334328571426,0.008858155599283666,66584.4116105826,-350911.3374620383,357172.5782152432,541861456.0324376,293.3743528205441
234.99999999999997,134.16334328571426,0.007384764701282944,93104.0779437117,-445916.1026092501,455532.1502330785,607288271.5682206,293.3663612669731
239.99999999999994,134.16334328571426,0.006088787552050106,123908.22733108245,-595244.4496712119,608004.2793144758,675970850.6994816,293.3589401179391
245.0,134.16334328571426,0.005081891701659018,158020.60731076254,-800064.3465613982,815520.3682150308,724155211.3420069,293.3521943499446
250.0,134.16334328571426,0.004340024738821483,197404.68128892424,-1059285.661519459,1077522.4920601423,744605461.6867203,293.34616743597144
254.99999999999997,134.16334328571426,0.0037951655626096126,242366.31988204506,-1352172.9196719793,1373722.3291871652,731256681.8338029,293.34061778123623
260.0,134.16334328571426,0.0033854732745403644,289185.0750199836,-1626906.7010989296,1652408.3701358195,675371717.1136556,293.3350505352796
265.0,134.16334328571426,0.003068157680435018,332047.3510139128,-1826610.9760281811,1856546.013720635,580346337.4158386,293.3288663334637
269.99999999999994,134.16334328571426,0.0028172343494465377,366392.8227794204,-1931970.3661663637,1966406.162604579,467398691.33072174,293.32156597381567
274.9999999999999,134.16334328571426,0.0026180223059141428,388521.3284900536,-1961995.993758757,2000094.2733324068,360348609.4478524,293.31305475343385
280.0,134.16334328571426,0.002461527743969508,390643.3897386981,-1932347.025703243,1971437.8726428866,271181164.65802896,293.30380158157766
285.0,134.16334328571426,0.002340990930692112,361121.25080777716,-1830682.6774531421,1865960.2416214498,200455729.1086356,293.2945325933022
290.0,134.16334328571426,0.002250216846494094,295014.49603343906,-1640549.6798679233,1666864.363103552,145384252.1669803,293.285760766288
294.9999999999999,134.16334328571426,0.002184093675071444,201352.36663152685,-1373443.3674076214,1388124.4393151873,103732644.30762592,293.27764376452046
300.0,134.16334328571426,0.002140045023987151,99293.5180381455,-1071175.7693425827,1075767.9729156587,73768441.4324306,293.2701203505022
305.0,134.16334328571426,0.0021197642852144438,8882.981846530067,-783359.3325515309,783409.695665088,53726794.93868769,293.2630734723143
309.99999999999994,134.16334328571426,0.0021321413872519923,-56501.35681963944,-544850.5851204821,547772.3646083216,41912950.69091218,293.2564233312904
314.9999999999999,134.16334328571426,0.0021999804741076375,-94067.86072127325,-368061.5962942396,379892.2229887586,37246869.12399567,293.2501438155733
320.0,134.16334328571426,0.0023788960578826285,-108927.31945116322,-245958.6745801023,268999.6849886937,39490494.45732483,293.24423950667295
325.0,134.16334328571426,0.0028041808517379036,-106993.77241692276,-162515.50143649097,194573.7791768417,48336857.565374345,293.2387608792018
330.0,134.16334328571426,0.0037673242777442736,-92636.11243777379,-104489.46570547704,139640.60215782488,58641678.56715517,293.2338568032582
334.9999999999999,134.16334328571426,0.005635693042546904,-75400.04137441661,-67179.1963191269,100986.19042892712,59330860.28380019,293.2297190790126
339.99999999999994,134.16334328571426,0.00822576912269928,-65962.17906463027,-46439.55188858113,80669.95132369033,46615534.03320243,293.22640767030634
345.0,134.16334328571426,0.010438080715653277,-71713.46809416202,-40017.513434372886,82123.21771315715,30963567.328378886,293.2237881408553
349.99999999999994,134.16334328571426,0.01157214675315969,-89489.7014659623,-46583.92291214774,100888.39647031753,16908732.215920474,293.2216375102157
354.9999999999999,134.16334328571426,0.011949054099160101,-93979.29139059273,-66210.74207964443,114960.73058664483,6725203.593055299,293.2197501079142
359.9999999999999,134.16334328571426,0.012058211047452881,-83371.80166840531,-100690.43563226877,130726.51277094471,2875519.914859514,293.2179696332495
365.0,134.16334328571426,0.012091635658922673,-68825.5061819365,-155334.2884817009,169899.06262047493,1862910.8065531463,293.21619681405
370.0,134.16334328571426,0.01210335656726579,-57301.790783634046,-235140.551280144,242021.84629355549,1712655.1345251328,293.21441796177595
374.9999999999999,134.16334328571426,0.012108664462008017,-58038.17275924786,-337889.16567114857,342837.4509518719,1848071.1705413756,293.2127266898775
379.9999999999999,134.16334328571426,0.012112631506129146,-71175.12922721462,-439613.4822996726,445337.9759689884,1993215.0853562108,293.2112623777501
385.0,134.16334328571426,0.012115934858823589,-52119.306629561805,-401445.8012355202,404814.9619927296,1612344.9588223023,293.21010356372904
389.99999999999994,134.16334328571426,0.012117843436792102,-22546.29245834403,-367634.3280672291,368325.03916657664,1334772.7756887346,293.2092477744451
394.99999999999994,134.16334328571426,0.012118189488069423,2639.9412970078142,-340937.40887483646,340947.62949804927,1143721.2842628933,293.208669092611
399.9999999999999,134.16334328571426,0.012117579442662401,12200.908140434787,-321859.96023412637,322091.1302121881,1020710.032275911,293.20836464161823
0.0,139.13235599999993,0.017972653416443447,-777910.8986454713,-1536747.4308489999,1722422.1411873472,48360108.176565684,293.75575304579127
5.0,139.13235599999993,0.018037094535298087,-1410368.1118125173,-2114698.4929896677,2541867.0160081894,77779300.36725028,293.75823606159383
10.0,139.13235599999993,0.01814521575132139,-2433513.180263883,-2502217.6522392854,3490426.8474924266,128798136.31535548,293.7627432648003
14.999999999999996,139.13235599999993,0.01829857626432808,-3333572.0815465725,-2667100.985608654,4269207.243775055,201244590.5245811,293.76921380183177
20.0,139.13235599999993,0.018519321806480363,-4146133.093765556,-2789830.1102241674,4997356.468687353,342499556.8489633,293.7780454587429
24.999999999999993,139.13235599999993,0.018876509594524037,-5086528.739872643,-3026522.8093109797,5918835.606504881,709577377.1899909,293.7899916161439
29.999999999999993,139.13235599999993,0.019566459650046233,-6174957.922175431,-3218860.0102510736,6963559.801296364,1723846622.803774,293.80568977229063
35.0,139.13235599999993,0.02110764101905189,-7230198.431180675,-3298271.9964173953,7946972.223218014,4672785413.387935,293.82439265247297
40.0,139.13235599999993,0.025003690987892645,-7690277.285588254,-3292248.5221349425,8365361.02393282,12603106202.027178,293.8424635436178
44.999999999999986,139.13235599999993,0.03518448721114871,-5888350.915369377,-2873311.664718493,6551991.790680047,19330097651.93889,293.8539278037294
49.999999999999986,139.13235599999993,0.05195228985414381,-5242792.588879618,-2626415.6046400005,5863866.732652402,18783071400.66606,293.8572563159434
54.999999999999986,139.13235599999993,0.06429274754029576,-7364215.895577848,-3494195.538401266,8151139.688243894,14922607426.467424,293.85550564900507
59.999999999999986,139.13235599999993,0.06876314096877593,-7289966.707129429,-4925518.447462995,8797974.003562057,6041363484.283865,293.85132114199604
65.0,139.13235599999993,0.07007570915627181,-5146239.968108094,-8629474.568567052,10047468.195465896,3065498118.9293547,293.8471775329271
70.0,139.13235599999993,0.07035144249931724,-1202204.5652158747,-16573537.440731503,16617082.749867825,3751227846.442182,293.8434439454883
75.0,139.13235599999993,0.07024170507050641,2058771.2860889453,-22716091.981960703,22809194.947242737,5118759991.986794,293.83956439317416
80.0,139.13235599999993,0.07014556537070835,1429272.5049694367,-23958495.226536542,24001089.838035185,5667699001.212333,293.8348602493975
84.99999999999999,139.13235599999993,0.07009877782000946,363802.3081781184,-24515143.91123274,24517843.157747123,5914382085.337595,293.8289980792774
89.99999999999997,139.13235599999993,0.07010918513989053,-772342.2566610628,-24506080.34246784,24518248.026988246,5914577418.274682,293.82186944501655
94.99999999999997,139.13235599999993,0.07017601204567557,-1855646.4438912456,-24066718.560531724,24138151.669019077,5732616327.58114,293.81350843492476
99.99999999999997,139.13235599999993,0.07029474978427966,-2837930.247044235,-23330416.825987,23502387.056666944,5434615227.46409,293.8040047469723
104.99999999999997,139.13235599999993,0.07045980507038,-3711227.999119854,-22417704.78575775,22722823.35280625,5080066966.336233,293.79347123597995
109.99999999999997,139.13235599999993,0.07066587258419164,-4486786.572374946,-21433401.597075954,21897989.811112393,4717950189.270636,293.7820327004036
114.99999999999997,139.13235599999993,0.07090848372761749,-5181464.645130918,-20466223.360001557,21111936.77733559,4385317136.05258,293.7697917541019
119.99999999999997,139.13235599999993,0.07118401904870474,-5809679.845796001,-19589661.207526702,20432993.078262538,4107795629.1783686,293.75675689611444
125.0,139.13235599999993,0.07148945171219709,-6380778.487755091,-18864346.617486898,19914263.918470286,3901875155.1177135,293.742751409211
130.0,139.13235599999993,0.07182209689748024,-6901691.81878364,-18344896.169721577,19600218.5048874,3779781356.5501122,293.7273415617088
134.99999999999997,139.13235599999993,0.07217962089407545,-7384497.855901091,-18099776.072886374,19548214.815487318,3759750782.5286517,293.7098182513795
140.0,139.13235599999993,0.07256054668307035,-8405137.98429976,-18276169.250180088,20116279.650977883,3981440057.2036347,293.6892734057696
145.0,139.13235599999993,0.07302013469250543,-7986318.637195258,-14628660.599275136,16666703.222401157,3455140756.5575066,293.66480707954315
150.0,139.13235599999993,0.07357019033977902,-4886522.7988601625,-7928896.246527762,9313726.469678083,2083335387.3825133,293.63660548363515
154.99999999999997,139.13235599999993,0.07421293380991484,-2838021.9172826544,-4639817.833860674,5438959.269418026,1246173610.8898432,293.6067515244898
160.0,139.13235599999993,0.07478530659210632,-1380509.4656284398,-3058236.2895070626,3355386.0563499467,732378587.20915,293.57815596816044
165.0,139.13235599999993,0.07512566981653583,-331169.8646845674,-2280768.6456234492,2304686.333133908,518255332.088541,293.553314646267
169.99999999999997,139.13235599999993,0.07511372393576313,350278.9066155257,-1898078.4098067426,1930128.7423885125,589909544.4210485,293.53318888978913
174.99999999999997,139.13235599999993,0.07456192572978743,698842.6683298617,-1659985.3538421777,1801092.0159861185,950952612.0515416,293.5171914558881
179.99999999999994,139.13235599999993,0.07303152780967075,788098.7488150899,-1403818.319002168,1609908.5410823755,1618211555.0558558,293.5039676929675
185.0,139.13235599999993,0.06956078961978994,691081.3362667,-1071678.794099387,1275181.8894018547,2401817550.7925086,293.4920837246241
189.99999999999994,139.13235599999993,0.06265672016266276,498086.27826080355,-726202.7969172366,880602.3182130035,2668992382.412666,293.48024083999326
194.99999999999997,139.13235599999993,0.0521368077593237,335789.5311095215,-498390.7342694958,600955.849633265,2274194694.702017,293.4672568847391
199.99999999999994,139.13235599999993,0.041165315202793665,232435.98820594605,-393573.9196654743,457085.24243746913,1699088164.998029,293.45221480274256
205.0,139.13235599999993,0.0329244779414131,152393.65026033222,-341989.8841171254,374407.405746886,1211806182.0656936,293.43525410693354
209.99999999999994,139.13235599999993,0.027775754704343812,92092.99753301666,-311672.92779593944,324994.0524309777,922306737.4312576,293.4182520849492
214.99999999999997,139.13235599999993,0.02475101098782304,55491.46745767276,-294504.050532574,299686.400660255,787576593.0502672,293.4033866351736
219.99999999999994,139.13235599999993,0.022829914439033833,40351.93800598327,-289632.7065849828,292430.1346041161,746991368.6928854,293.3912633697359
225.0,139.13235599999993,0.02116847237188247,42211.52512561493,-300659.0305811798,303607.74944563786,778073321.4042711,293.38124464694477
229.99999999999994,139.13235599999993,0.01920847680518325,55810.09637825069,-334845.01056936133,339464.20718677447,883042459.9819891,293.37255127561264
234.99999999999997,139.13235599999993,0.016821753751276373,77378.98313581705,-403102.5809223706,410462.1758181981,1068001707.6532204,293.3647198320295
239.99999999999994,139.13235599999993,0.014223032984781721,106686.84515764947,-522540.09813362866,533320.013769589,1336862717.8006403,293.357659132122
245.0,139.13235599999993,0.011725194604146035,145620.36528751336,-716554.8477518234,731201.8467038411,1681524730.1092772,293.3514842479109
250.0,139.13235599999993,0.00956818006398236,194290.26204119227,-999384.0587191032,1018094.8888713189,2041868933.726447,293.34620316107487
254.99999999999997,139.13235599999993,0.007835123599048291,248952.9550774886,-1345567.9813277503,1368404.4600249776,2284981774.171546,293.3415251731641
260.0,139.13235599999993,0.00648054324322565,303790.00505179254,-1681446.9916743957,1708669.761241254,2282859899.710048,293.3368977134537
265.0,139.13235599999993,0.005420821452698421,353052.70122391236,-1927950.4947703753,1960010.0306189344,2024443207.364887,293.33161902395295
269.99999999999994,139.13235599999993,0.004589577348957979,391293.92034886766,-2054085.0805057252,2091022.8238970032,1621035223.747938,293.32500810977734
274.9999999999999,139.13235599999993,0.00394636091781577,410894.16093103297,-2075990.841268483,2116263.6850160807,1207012010.2672393,293.3167413901908
280.0,139.13235599999993,0.003464047156544883,399928.75796254526,-2011108.627608616,2050487.9720416002,858666172.9271334,293.3071483749288
285.0,139.13235599999993,0.0031162279079676317,348694.0123618909,-1857474.2404315283,1889920.1221542982,593300782.7989572,293.2970242175579
290.0,139.13235599999993,0.0028753557984074465,261182.53329734865,-1617677.5627219288,1638626.5628975935,402687178.7837953,293.2871046101867
294.9999999999999,139.13235599999993,0.002718114230705438,156266.92733147417,-1320571.6409615115,1329785.2501398108,272568125.7016821,293.27778256395135
300.0,139.13235599999993,0.0026305429173766205,57142.59996514815,-1013277.0785170543,1014887.0452315536,188412306.27203572,293.2691830714524
305.0,139.13235599999993,0.00261187400324403,-19640.64257762391,-738396.1028511978,738657.2679847527,137502206.4010292,293.26133841272497
309.99999999999994,139.13235599999993,0.0026808506282058045,-68191.59902415203,-518412.0466912707,522877.75276072224,109982013.56778763,293.2542789526728
314.9999999999999,139.13235599999993,0.0028906833700968445,-90826.52977053398,-354754.20039698225,366196.67012339144,98634320.51420033,293.24800583831984
320.0,139.13235599999993,0.0033598465158086394,-92950.7393792191,-236847.40084946068,254433.7462686281,96619404.23611024,293.242440024561
325.0,139.13235599999993,0.004300695751638531,-80953.76882893269,-154573.95544007627,174489.59965567852,94598261.5091859,293.2374591259985
330.0,139.13235599999993,0.005916290507388523,-64871.271883844,-103125.69831258868,121832.6375331613,84757254.96491429,293.23300996006685
334.9999999999999,139.13235599999993,0.008065627871143469,-51802.710649069675,-73603.83992559304,90005.8113811745,64934380.55539147,293.2291568204817
339.99999999999994,139.13235599999993,0.0101365701791846,-40625.92173211361,-54684.45403873964,68123.82131162967,38412591.10087011,293.2259672954117
345.0,139.13235599999993,0.01148332816537834,-32971.494439312424,-47040.94705375163,57445.36661276934,18648428.248053554,293.2233792032258
349.99999999999994,139.13235599999993,0.012030334815637258,-28415.309447452844,-55272.864847862904,62149.170545427405,8957428.067085719,293.221220646666
354.9999999999999,139.13235599999993,0.012153089686189665,-17119.214706660678,-78499.19427546689,80344.2033632187,4853634.605440732,293.2193043852499
359.9999999999999,139.13235599999993,0.01216116169029778,390.4857035952326,-116331.6337376991,116332.28909966005,3424269.35319005,293.2174783905674
365.0,139.13235599999993,0.01215208546898722,17102.679790175007,-172297.3944358777,173144.14164330735,2925206.3646398606,293.215648161279
370.0,139.13235599999993,0.012144200348023954,27980.2237142104,-248678.75376644518,250247.9080710357,2773550.7720783437,293.2138114584623
374.9999999999999,139.13235599999993,0.012139490371340825,27749.669980459574,-339039.17579987785,340172.9073737132,2757935.8060777048,293.2120743502904
379.9999999999999,139.13235599999993,0.012137478360850293,13302.372084517514,-420048.8903858768,420259.4715380979,2691421.0517596477,293.21057719089686
385.0,139.13235599999993,0.012137430069437908,2489.2170606426703,-464283.93456284155,464290.60737293394,2497284.7087884853,293.2093905346478
389.99999999999994,139.13235599999993,0.01213718526735628,11451.219561565253,-455936.56036846427,456080.3410695022,2178705.504863345,293.2085071719802
394.99999999999994,139.13235599999993,0.012136211016082388,19940.14447180286,-396762.4119838824,397263.163312211,1777519.5243540066,293.20790303080497
399.9999999999999,139.13235599999993,0.012134902607324123,17874.09935181665,-303101.3299713818,303627.89670591714,1327936.9812955938,293.2075815397874
0.0,144.10136871428568,0.018098899678976585,-392326.17537447583,-871650.6921603521,955873.8185699957,29399055.122471247,293.73855720997074
5.0,144.10136871428568,0.01816305086291043,-745650.5678807999,-1210404.7304871723,1421644.9560163338,48007714.40402339,293.7413889614263
10.0,144.10136871428568,0.0182789190472775,-1389038.5427668525,-1516828.4558830953,2056744.1838664713,88190706.55903818,293.74639635498863
14.999999999999996,144.10136871428568,0.018457378951622982,-2087741.463782216,-1787203.596843555,2748228.723408234,164329207.46123445,293.7533656471394
20.0,144.10136871428568,0.018740598850184694,-2854753.0526228715,-2051798.2868402891,3515606.804143539,333692840.96698856,293.76260982914147
24.999999999999993,144.10136871428568,0.019240754460933047,-3742359.857083246,-2317767.3434951347,4401965.783429107,771645815.0896454,293.7748628585036
29.999999999999993,144.10136871428568,0.020255294484088512,-4754354.362293126,-2551362.819872076,5395677.681337282,2030194124.0492635,293.7908071626415
35.0,144.10136871428568,0.022610462430579847,-5760477.950225507,-2747134.876912177,6381994.691864099,5874711904.610365,293.80972389929957
40.0,144.10136871428568,0.02870005547324022,-5818816.521808232,-2799058.5592809008,6457039.145982632,14139392235.99629,293.82753629146316
44.999999999999986,144.10136871428568,0.04266689622055705,-4543022.3840169525,-2402307.8402724504,5139079.230865541,17348357328.329357,293.8379847083285
49.999999999999986,144.10136871428568,0.059031127194252825,-5695546.9180630185,-2912718.5685430816,6397123.115541298,17662228980.58632,293.8407642349905
54.999999999999986,144.10136871428568,0.06765116675923175,-7630323.582263449,-3909252.145774227,8573452.64810427,10842193794.000912,293.83825044882843
59.999999999999986,144.10136871428568,0.07047054076707328,-6945968.722679655,-5997308.238425003,9176828.84242288,4344862274.607949,293.83383173505104
65.0,144.10136871428568,0.07129349198594015,-4537005.6193890385,-11195205.335722046,12079612.680021951,3011425146.980227,293.82939445216425
70.0,144.10136871428568,0.0714222198379502,-665077.2006261399,-21270231.897428196,21280627.16775905,4455676982.017669,293.8250392516825
75.0,144.10136871428568,0.07135999970600276,1105249.5777476302,-22367078.102285292,22394368.923076212,4934265449.894615,293.82022637653176
80.0,144.10136871428568,0.07131169488017544,713053.3903336456,-23216557.411551043,23227504.884970147,5308232942.585545,293.8147250867419
84.99999999999999,144.10136871428568,0.0712886943669694,126607.10776074558,-23615402.928437017,23615742.30957323,5487165448.02333,293.80840838157934
89.99999999999997,144.10136871428568,0.07129903416939937,-575612.8573447539,-23578849.98070394,23585874.937641867,5473294736.429586,293.80122499273824
94.99999999999997,144.10136871428568,0.07134625565270387,-1321343.8103371058,-23176249.148964927,23213885.372337256,5302009773.060463,293.79316241799484
99.99999999999997,144.10136871428568,0.07143116855043308,-2072352.8879072752,-22498335.36517356,22593577.42137878,5022441143.143984,293.78423311832296
104.99999999999997,144.10136871428568,0.0715534909414946,-2816864.4519990794,-21642003.234304536,21824551.068340078,4686358308.726262,293.7744776210138
109.99999999999997,144.10136871428568,0.07171285499563299,-3557033.5208104383,-20702769.16356282,21006121.453232072,4341467927.417776,293.7639523084134
114.99999999999997,144.10136871428568,0.07190919429357565,-4298128.512992411,-19769980.870612767,20231807.935490914,4027302389.0186157,293.75267867719816
119.99999999999997,144.10136871428568,0.07214266784693223,-5041910.654576543,-18922409.24939465,19582605.41527375,3772991257.1806197,293.74056073103344
125.0,144.10136871428568,0.0724133853590333,-5787035.755762255,-18223532.07271112,19120326.98579189,3596958961.28989,293.72730119887774
130.0,144.10136871428568,0.07272137142250845,-6540593.953531516,-17719137.668377157,18887752.88317473,3509986424.6994205,293.7123531861172
134.99999999999997,144.10136871428568,0.07306744475438645,-7349591.634496779,-17441736.75432791,18926982.807651572,3524582073.133725,293.69494806358296
140.0,144.10136871428568,0.07345633058595813,-8477172.554722523,-17434414.71937965,19386110.263017245,3697653482.8848577,293.67427377861634
145.0,144.10136871428568,0.0739151620098587,-9859907.792686082,-16495554.990498025,19217729.213536546,3800206473.339098,293.64987250099864
150.0,144.10136871428568,0.07448750245067587,-7112242.512888808,-10230799.51381862,12460066.302154826,2545321219.4595613,293.6223435971784
154.99999999999997,144.10136871428568,0.07510028547077026,-4885591.826924734,-6837120.181739608,8403286.254725873,1610808783.8753698,293.5940829324222
160.0,144.10136871428568,0.0756202105377449,-2878781.9663758334,-4796898.876636594,5594427.981716105,936646367.7661244,293.56766490304426
165.0,144.10136871428568,0.07597593072682746,-1222377.921329774,-3428106.2068355936,3639521.9394721636,551787134.1377532,293.5448647626161
169.99999999999997,144.10136871428568,0.07613775007226947,-107994.06531025692,-2497184.5122632775,2499518.5949357967,411938312.1523729,293.5262172550203
174.99999999999997,144.10136871428568,0.07604830337740268,477380.67030895746,-1853754.9932902264,1914236.1086169796,446615225.2122021,293.51116865363474
179.99999999999994,144.10136871428568,0.07554637570945497,680436.3386567866,-1378436.3966830769,1537231.4434285027,624464817.6908482,293.49858124356376
185.0,144.10136871428568,0.07422074144515137,655100.6605835034,-994158.4783137488,1190591.4309703608,938064507.6541342,293.487206804568
189.99999999999994,144.10136871428568,0.07114011302939993,505184.83183089836,-672795.1128664062,841347.1211152584,1273557540.3109205,293.47586165022096
194.99999999999997,144.10136871428568,0.06498283424601548,331384.9210551861,-438587.5243863773,549704.4500912494,1340620563.5581048,293.4634066979735
199.99999999999994,144.10136871428568,0.056197200256178546,219961.96097195553,-324685.5786789896,392178.5171025288,1174364855.821232,293.4489052960778
205.0,144.10136871428568,0.04791265128342172,149704.69255268757,-288342.7294291754,324889.24972513533,971492630.9185973,293.4323730227258
209.99999999999994,144.10136871428568,0.042192965275680054,92953.91114202015,-279440.31143290765,294495.0207564111,831796635.7658863,293.4155115383974
214.99999999999997,144.10136871428568,0.03885148579426764,52621.68988339962,-281485.9705828297,286362.3471777362,792054199.238163,293.40050854455217
219.99999999999994,144.10136871428568,0.037027100757737214,30160.246272155782,-292700.0491310175,294249.8244969692,835423470.113532,293.3881300142493
225.0,144.10136871428568,0.03589371662441663,23174.279201173023,-315921.02157470345,316769.85192612343,959163110.7308736,293.37785634447704
229.99999999999994,144.10136871428568,0.03477563074683643,28516.43090566897,-354949.45912874746,356093.1133388964,1180567487.6371195,293.36898671916936
234.99999999999997,144.10136871428568,0.03319526904846687,43447.41051720655,-413699.25496018026,415974.45959488774,1520035754.4615123,293.3611557852178
239.99999999999994,144.10136871428568,0.030896454463526363,67002.70328103876,-499624.34403923596,504097.06149074476,1996405319.7015724,293.3543699406391
245.0,144.10136871428568,0.027845095632486373,100956.44478722583,-628926.4155664513,636977.7389684358,2637777903.337874,293.3487755052425
250.0,144.10136871428568,0.024225639232842433,148774.38806313477,-823699.5982827423,837027.3870995567,3458784806.497938,293.3443475869971
254.99999999999997,144.10136871428568,0.020380134922782504,211094.4095788708,-1092728.90414986,1112931.8522353496,4364461954.522703,293.34075857300587
260.0,144.10136871428568,0.016665575667525148,281583.520839613,-1407701.5908789332,1435588.0496059838,5076602617.316326,293.3374087690017
265.0,144.10136871428568,0.013330349754982646,349310.90697398025,-1704412.0433658129,1739838.6486399854,5248820403.835004,293.3334583203971
269.99999999999994,144.10136871428568,0.010509399225112416,402645.02433707315,-1914965.6640669457,1956838.396541411,4735504673.429958,293.3279422983021
274.9999999999999,144.10136871428568,0.008269378964461753,427913.3725072231,-1998808.0237623986,2044099.6478223489,3746084172.239675,293.3201931581831
280.0,144.10136871428568,0.006610119329152927,410264.07493105566,-1947299.688582387,1990048.4135648801,2670593839.091382,293.3103449940245
285.0,144.10136871428568,0.005457483343333798,344495.262126875,-1773322.262186553,1806474.1435166732,1779599038.2427804,293.2992691088809
290.0,144.10136871428568,0.004700718690541682,243985.7900382978,-1510325.982257682,1529906.4149232279,1149024455.2717962,293.28798152115155
294.9999999999999,144.10136871428568,0.0042401227999025745,134477.96420819944,-1207870.96139615,1215333.9385706473,743975283.0475135,293.2772157819772
300.0,144.10136871428568,0.004012266907969108,39754.48627164347,-914331.4553356156,915195.2957674483,499051162.07738763,293.2674085773836
305.0,144.10136871428568,0.0039993769518595875,-27388.9097518718,-661554.1133943663,662120.8328744854,356435521.8310905,293.25882019419146
309.99999999999994,144.10136871428568,0.004238593907332579,-65051.091979175544,-461310.98718746204,465874.9526080512,274504260.372051,293.2515545607641
314.9999999999999,144.10136871428568,0.004835596093369406,-77560.59085925031,-312241.7071363945,321730.5222230026,224651044.8442309,293.24551555642114
320.0,144.10136871428568,0.005949476356621516,-72572.7160843436,-209476.65342694768,221691.82991443842,187872626.2841799,293.2404443713358
325.0,144.10136871428568,0.007655229546137463,-60260.795013951305,-146641.97560733077,158540.94873481253,154545696.67955172,293.23604231612904
330.0,144.10136871428568,0.009715335010953202,-47185.58238394305,-111175.19496183116,120774.18250484267,119824309.04662941,293.23209580359105
334.9999999999999,144.10136871428568,0.011594911719069716,-32894.60378840207,-87807.51051771361,93766.80575616482,81057871.79777628,293.2285494054851
339.99999999999994,144.10136871428568,0.012797648172425517,-16659.70214600965,-69525.47788779782,71493.62035259105,46133604.63917722,293.2254608093873
345.0,144.10136871428568,0.01312319967194834,-975.0354061554704,-60838.66397884503,60846.47671619181,25863857.893566705,293.22284890009104
349.99999999999994,144.10136871428568,0.012866878752051492,16183.387379788057,-69885.05455967164,71734.3911794933,18081363.033619743,293.22061577412063
354.9999999999999,144.10136871428568,0.012545235510142107,39430.21956920289,-97269.12796267665,104957.25544189461,14055912.210572157,293.21860409663634
359.9999999999999,144.10136871428568,0.012355528531726587,62539.223595122116,-138808.0822620677,152245.97922163212,10348417.630008819,293.21667045013055
365.0,144.10136871428568,0.012261450196602394,79535.09333803458,-195365.8706229281,210935.19022805218,7756600.271960317,293.21473213339175
370.0,144.10136871428568,0.012214603780900602,88109.57708300758,-267675.01342499134,281803.4960496689,6310927.094925885,293.21280878566637
374.9999999999999,144.10136871428568,0.012190283194142861,85712.56275811396,-349027.3872691023,359397.77472663845,5533013.7609800715,293.21102099726625
379.9999999999999,144.10136871428568,0.012177286446819407,71867.18097229445,-421045.68927292834,427135.0654725269,5000422.209831062,293.20949845419267
385.0,144.10136871428568,0.012170263290617715,52901.69933249763,-457669.5739342599,460716.8639169104,4423999.77383181,293.20829094610326
389.99999999999994,144.10136871428568,0.012166079904186508,36209.27163096294,-446734.54128578113,448199.57801169576,3785790.2980862544,293.2073817320902
394.99999999999994,144.10136871428568,0.012163327617706783,21366.288052529348,-388610.0513780133,389196.9813566978,3069493.2983207116,293.2067495133068
399.9999999999999,144.10136871428568,0.01216167930322272,12518.772476228194,-297293.6232906225,297557.08378994797,2294001.853001966,293.2064074662569
0.0,149.07038142857138,0.018255942585144833,-188891.38591565093,-549065.3430501483,580648.5224401355,25135284.62325073,293.71703131798813
5.0,149.07038142857138,0.018327506561183766,-372802.9247846946,-782758.6644258018,867002.3918431181,41400151.629982844,293.7202265563905
10.0,149.07038142857138,0.01846462977875472,-740570.9647988147,-1017064.6851994671,1258119.9973702582,76512496.7285756,293.7257612569171
14.999999999999996,149.07038142857138,0.01869134624985344,-1198584.9619999216,-1240657.8334569738,1725061.6716078604,150045286.92137507,293.73323674832454
20.0,149.07038142857138,0.01907886834127465,-1759101.8787610007,-1456770.3225130665,2283991.942283358,326040347.7698046,293.7428357638081
24.999999999999993,149.07038142857138,0.019808796900183296,-2443600.5996579807,-1670411.4586875797,2959976.0694917133,805970576.2848421,293.75522250661675
29.999999999999993,149.07038142857138,0.021363562954310304,-3253560.6629418842,-1880292.0812116833,3757812.568251668,2263733247.551171,293.771069033434
35.0,149.07038142857138,0.02510993448619979,-3991786.32508747,-2061755.02083165,4492793.321651893,6581291003.67156,293.7896633146697
40.0,149.07038142857138,0.03459175972844107,-3697045.2142369966,-2018820.4828175674,4212336.579376871,12284072401.386747,293.80668151386806
44.999999999999986,149.07038142857138,0.051123875182366954,-3644351.530857378,-2014268.2606558264,4163961.4198918757,14070302034.53499,293.8168405466451
49.999999999999986,149.07038142857138,0.06465013037535128,-5677323.044613647,-2883750.959367936,6367732.449511102,13346632414.057327,293.8197701649154
54.999999999999986,149.07038142857138,0.07011719313155984,-6740630.688855822,-4078955.7070460566,7878704.318832412,6558367383.272167,293.8175951327846
59.999999999999986,149.07038142857138,0.07188851768590276,-6003081.899197723,-7034852.823122283,9248034.73887652,3213168692.7675023,293.8138044022149
65.0,149.07038142857138,0.07240945398456754,-3682343.018299729,-14131766.759468885,14603646.183349228,3286569098.853008,293.8096628253336
70.0,149.07038142857138,0.07246528355399977,-550969.9537241397,-21431048.803484548,21438130.06554544,4521876070.718417,293.80515252570444
75.0,149.07038142857138,0.07246455097993995,124508.04092595247,-22337963.16462634,22338310.155346543,4909592941.302191,293.79998385592285
80.0,149.07038142857138,0.07245283274990717,188684.11842815072,-22919685.129870836,22920461.778702658,5168822028.756032,293.7941817581689
84.99999999999999,149.07038142857138,0.07244568256809714,3755.031695723554,-23145680.40660262,23145680.711200774,5270899897.73554,293.7877589693537
89.99999999999997,149.07038142857138,0.0724524572467376,-335910.1139163712,-23013144.430140786,23015595.846450537,5211818680.706438,293.7806949281611
94.99999999999997,149.07038142857138,0.07247927357948877,-781828.2713828451,-22557690.783358734,22571235.431928866,5012513025.605508,293.772948962473
99.99999999999997,149.07038142857138,0.07253064007387588,-1313192.7556865597,-21842467.624095257,21881907.300855592,4711022738.848519,293.7644899135778
104.99999999999997,149.07038142857138,0.07261059285505743,-1926789.7420907624,-20948179.24442305,21036604.58264838,4354077352.055354,293.7553142261853
109.99999999999997,149.07038142857138,0.07272331904808496,-2626365.987052626,-19965770.59954828,20137770.331686012,3989951527.855664,293.7454281577537
114.99999999999997,149.07038142857138,0.07287322945376269,-3412138.4352296675,-18989574.68979148,19293694.19267188,3662483138.5452666,293.7347870263707
119.99999999999997,149.07038142857138,0.07306453289160793,-4272815.098042976,-18108300.190495864,18605576.708373662,3405893981.0238028,293.72321109409324
125.0,149.07038142857138,0.07330051096356699,-5184964.130792169,-17390637.8830934,18147124.81409892,3240115600.849241,293.7103117683537
130.0,149.07038142857138,0.07358302930468714,-6124741.643380588,-16869190.523129977,17946644.50820316,3168920713.46303,293.6954666233521
134.99999999999997,149.07038142857138,0.07391298512790505,-7101539.4651775835,-16516955.787908213,17978923.529377095,3180330272.323223,293.6779083981712
140.0,149.07038142857138,0.0742931832512049,-8216011.948053437,-16233170.997409275,18193919.12045578,3256847115.7845426,293.65704021317595
145.0,149.07038142857138,0.07473458632271039,-9712150.436789606,-15700774.07042709,18461857.233697485,3353479294.09949,293.6329753489174
150.0,149.07038142857138,0.07526439829488386,-9496703.937541809,-13024683.695771882,16119236.056718942,2836432446.3132443,293.60690416610186
154.99999999999997,149.07038142857138,0.0757882732217268,-7512286.6494442085,-9827572.383122193,12369948.65183052,1945829413.2341716,293.5809975805856
160.0,149.07038142857138,0.0762353469591853,-5034803.173720075,-7289704.294104635,8859403.574371656,1196093250.4190965,293.55719538602216
165.0,149.07038142857138,0.07656809204313683,-2601007.7582295705,-5170920.5652731275,5788234.692091793,686272892.8662432,293.53655748030116
169.99999999999997,149.07038142857138,0.07677685059399038,-846984.4841209342,-3485958.424908483,3587379.1068873717,412625691.18153775,293.5193272757034
174.99999999999997,149.07038142857138,0.07684410681014694,109648.37972882707,-2236821.0956796636,2239506.9504814507,296888557.4544131,293.505069441249
179.99999999999994,149.07038142857138,0.07671088066812437,486051.9212760626,-1413942.2635217896,1495151.8968818097,288688152.9411799,293.4928943582012
185.0,149.07038142857138,0.07620614285624565,544373.8073246176,-896641.0107083009,1048955.6445270234,363437857.68551785,293.48174149058457
189.99999999999994,149.07038142857138,0.07488333480993235,453328.83121666004,-569153.2941091257,727627.9965803487,507316069.07548994,293.4705404228283
194.99999999999997,149.07038142857138,0.07179116728527188,304499.7534595748,-360801.34867056314,472120.443382236,624925499.7882657,293.45823315301044
199.99999999999994,149.07038142857138,0.06620643213418982,189627.5477656172,-252903.31696413888,316099.1847554579,625258962.771126,293.44394048534525
205.0,149.07038142857138,0.05973054405483037,126218.21806889988,-226218.363798488,259047.84633760888,594217977.5982474,293.42765726037175
209.99999999999994,149.07038142857138,0.05484683297909163,76657.4291261642,-234344.91466772015,246564.19137996077,586563864.1685611,293.41091502388844
214.99999999999997,149.07038142857138,0.05221319539402569,35078.83705669588,-253095.36220038222,255514.74943062072,639113567.1991591,293.3957679454759
219.99999999999994,149.07038142857138,0.05135666425721083,5447.833906710225,-278680.8823197968,278734.12612167804,760507371.1312152,293.38304694967275
225.0,149.07038142857138,0.05167119182547289,-12466.171662808254,-314344.73120975005,314591.8235988606,962115090.2733732,293.37236995511955
229.99999999999994,149.07038142857138,0.05258840814206227,-19165.073041881722,-364160.3615626071,364664.32367056335,1268798878.567875,293.36317259457985
234.99999999999997,149.07038142857138,0.05352973159368966,-13766.206252956314,-431248.58088774973,431468.2455897502,1706335199.6804469,293.35523526985673
239.99999999999994,149.07038142857138,0.053870845295996464,5819.668270292392,-519081.1363953633,519113.7589202178,2300880951.678404,293.34865313128523
245.0,149.07038142857138,0.053024695466210185,41282.53908383883,-631830.9233798074,633178.1453684174,3084868115.989612,293.3435417456065
250.0,149.07038142857138,0.05064230421409202,91665.78650085587,-769648.3184502649,775087.8340602056,4060752778.7792883,293.3398002789528
254.99999999999997,149.07038142857138,0.046727210691088816,153450.9514064496,-923909.5452519043,936566.0907245815,5138540169.395975,293.33708441313973
260.0,149.07038142857138,0.04150564073622502,223602.59419094783,-1080305.5728569874,1103203.63073858,6134100044.964004,293.3348307885852
265.0,149.07038142857138,0.03527283363672523,299061.9696917978,-1229326.692313482,1265180.6899215402,6843520702.418238,293.33219485829824
269.99999999999994,149.07038142857138,0.028510206002113365,369368.777888359,-1368834.1736535535,1417794.1631423605,7081513928.97031,293.328043662276
274.9999999999999,149.07038142857138,0.022047243024665382,412006.81539841683,-1481544.4421116197,1537765.7656114523,6653533604.262917,293.3213254136484
280.0,149.07038142857138,0.016727866686546224,402378.8815855696,-1512187.3253283135,1564806.4644644246,5486225816.5995655,293.31175361388864
285.0,149.07038142857138,0.012884136345042622,335372.9937374072,-1411619.887965662,1450912.0417959797,3930011120.7905498,293.30008408055755
290.0,149.07038142857138,0.010364384334682633,232613.61634044276,-1202943.2281659541,1225227.1237192333,2552977854.247293,293.28761163572466
294.9999999999999,149.07038142857138,0.008863413635072934,126191.19556835419,-952237.2640197498,960562.3482246165,1605064772.7521071,293.27553464120433
300.0,149.07038142857138,0.008133250373836881,39982.942617482055,-713102.0105220873,714222.033481883,1027684875.6858805,293.26473137171905
305.0,149.07038142857138,0.008044716297042934,-16588.190477860262,-513168.9003926777,513436.9371145396,689401113.2508483,293.25570501027175
309.99999999999994,149.07038142857138,0.008574162378317964,-45187.34160430223,-361699.1508404936,364510.86617547914,489182050.14253676,293.24851773710924
314.9999999999999,149.07038142857138,0.009735630195534459,-53518.62479693728,-257548.94205930666,263050.75699572405,365592327.7685051,293.2428668362584
320.0,149.07038142857138,0.011448104740467929,-50643.38624120654,-192537.42201399928,199086.44214454404,282778404.3333566,293.2383071913532
325.0,149.07038142857138,0.013407952181684842,-42190.81458042542,-153384.69250582787,159081.5159912276,217947198.8810954,293.2344315012956
330.0,149.07038142857138,0.015141152358014946,-29663.401530269795,-126897.83462889047,130318.75468959656,159665801.5449558,293.23094814596317
334.9999999999999,149.07038142857138,0.016242437167246705,-13583.026703857817,-105670.91156464061,106540.32178166072,109669087.4934209,293.22771526090736
339.99999999999994,149.07038142857138,0.01647500521529977,4842.945714948683,-88481.93930172671,88614.37640582024,74364159.1814988,293.22473859311594
345.0,149.07038142857138,0.01577629322052424,23382.569874533307,-79121.47136483419,82504.2532532336,56261838.838169076,293.2220761050763
349.99999999999994,149.07038142857138,0.014510701514817908,43646.892807213255,-85919.45406090787,96370.13976252615,49607727.57683127,293.2197115241598
354.9999999999999,149.07038142857138,0.013406705257561543,71345.95607044265,-115141.69373703568,135454.25458153337,43610405.12758555,293.2175397642994
359.9999999999999,149.07038142857138,0.012787129915576245,98722.88999690609,-161380.31757840607,189181.9650787263,32480030.15639503,293.21544134367235
365.0,149.07038142857138,0.012496100391226029,115296.05351130308,-219345.87208850967,247801.9200037605,22431076.78903157,293.2133581856157
370.0,149.07038142857138,0.012359064267592194,120168.51803336835,-287902.4869785099,311974.8623443034,16383315.289741544,293.21133803065584
374.9999999999999,149.07038142857138,0.012290507337043533,113404.18301438901,-361322.24465323234,378700.7700103227,13067490.942975273,293.2095067367357
379.9999999999999,149.07038142857138,0.012254041356320418,95564.34040865253,-425221.104770698,435827.40976234357,11093428.00179656,293.20796843503285
385.0,149.07038142857138,0.012233780613147501,70431.72908240889,-459700.43816129916,465064.6420737963,9613084.698656762,293.2067456345325
389.99999999999994,149.07038142857138,0.012222224327453556,44124.25444138951,-449507.8694516865,451668.32358380297,8200535.51345519,293.20581218062705
394.99999999999994,149.07038142857138,0.012215753114405033,21671.87096530868,-391890.4170967252,392489.1960339574,6657350.018917596,293.2051512950762
399.9999999999999,149.07038142857138,0.012212705191452969,10861.508802185122,-299758.95116266416,299955.6653500654,4968242.804427559,293.2047876293816
0.0,154.0393941428571,0.018512362477480268,-83790.86969035631,-404164.6313101758,412758.95998216275,34466655.06190804,293.6904828361104
5.0,154.0393941428571,0.018598507059589018,-172676.20336687213,-566034.351660609,591787.0887988715,52508536.11625675,293.69394167112193
10.0,154.0393941428571,0.01877550230018705,-366557.0310499939,-725951.9040478693,813246.7177941224,87114730.45918879,293.6998866964699
14.999999999999996,154.0393941428571,0.019089238247993096,-633939.9496764531,-877176.1771990183,1082274.4132803231,160840939.57752955,293.7077517206382
20.0,154.0393941428571,0.019660261500648462,-987055.1629102043,-1020188.9256725678,1419529.2665854543,342188597.8732363,293.7175526348334
24.999999999999993,154.0393941428571,0.020792860893497005,-1440663.2547458364,-1158324.5119146602,1848574.1230681562,849411576.1460116,293.7298151907909
29.999999999999993,154.0393941428571,0.02329993195591494,-1982620.268288643,-1287627.6069908931,2364057.525212537,2387284278.3420744,293.7451048934523
35.0,154.0393941428571,0.029400474168047024,-2326916.63690384,-1358225.4647468354,2694312.0547157554,5990740774.876697,293.762653078477
40.0,154.0393941428571,0.04281727570806887,-2188843.013372027,-1292971.1283886437,2542205.3567786645,8650328700.768465,293.77858339664226
44.999999999999986,154.0393941428571,0.059177485979622524,-3057362.4381645713,-1706171.289209895,3501212.0110647064,10178430364.902851,293.7891067926953
49.999999999999986,154.0393941428571,0.06861884156496485,-4762629.165575637,-2531391.176638099,5393568.193501674,7708418775.723606,293.7930169878913
54.999999999999986,154.0393941428571,0.07200418390005808,-5289423.896338975,-4041966.9062742167,6656988.930933996,3726959100.7824664,293.7924927230251
59.999999999999986,154.0393941428571,0.07314013274627097,-4814858.717390345,-7866673.637057652,9223200.01845388,2588415867.8197513,293.7902010098077
65.0,154.0393941428571,0.07349323463352947,-3178411.107903555,-16777814.936002813,17076222.39248493,3718098607.65559,293.78707504150213
70.0,154.0393941428571,0.07355204291765005,-867175.3199877841,-22102468.20711564,22119473.18274451,4813870590.478333,293.7830903342063
75.0,154.0393941428571,0.07357995216552825,-374160.9888045783,-22630022.38113432,22633115.327240825,5040034687.748037,293.7782439409379
80.0,154.0393941428571,0.07358945901653051,-89658.0586519369,-22974143.99780922,22974318.945282243,5193141361.416087,293.7727445904555
84.99999999999999,154.0393941428571,0.07358891797139344,33727.01749881913,-23030058.944448303,23030083.640674707,5218382188.537524,293.7666667666877
89.99999999999997,154.0393941428571,0.07358608631478063,8732.725408633347,-22766366.41582906,22766368.090678897,5099555930.216382,293.75999179501457
94.99999999999997,154.0393941428571,0.07358804469885258,-157922.22362517874,-22195692.08674382,22196253.887497704,4847348229.776449,293.7526643511628
99.99999999999997,154.0393941428571,0.07360187853714314,-472816.22775507957,-21363452.48298911,21368684.030097924,4492627461.707934,293.7446364155098
104.99999999999997,154.0393941428571,0.07363532632162809,-951798.1768318585,-20341386.661175065,20363642.382168554,4079958783.286621,293.73588060190923
109.99999999999997,154.0393941428571,0.07369705835482633,-1610567.3339660012,-19222636.06811347,19289988.712914664,3661076466.1090484,293.7263643925811
114.99999999999997,154.0393941428571,0.07379638305502469,-2452169.6971942233,-18115419.995468453,18280633.956076466,3287966302.403531,293.7159890846691
119.99999999999997,154.0393941428571,0.07394227532454575,-3452883.1902121142,-17132600.614702567,17477082.31222123,3005264602.0801926,293.70451631534445
125.0,154.0393941428571,0.0741416713740459,-4555605.417455172,-16363953.277174957,16986244.657872792,2838831416.7543535,293.6915141264904
130.0,154.0393941428571,0.07439783586629127,-5672326.465687716,-15852121.62992253,16836420.275794942,2788973380.2578545,293.6763704461232
134.99999999999997,154.0393941428571,0.07470890402061467,-6717513.812528748,-15524570.678904962,16915593.00130593,2815265168.856608,293.65846072889553
140.0,154.0393941428571,0.07506958724754415,-7666049.088456279,-15175333.749779364,17001737.059601117,2844012123.1298313,293.63756974098885
145.0,154.0393941428571,0.0754755089294603,-8540855.989473823,-14491057.153749466,16820730.02179645,2783777583.3283076,293.6143731945558
150.0,154.0393941428571,0.07592367284649153,-8870994.746618398,-13014991.606727978,15750700.121509867,2440869601.566321,293.59038030799104
154.99999999999997,154.0393941428571,0.07636260840412214,-8186109.977939411,-11409942.75521002,14042762.913618132,1940215545.6787834,293.5672904660648
160.0,154.0393941428571,0.07674228384428547,-6831841.655308411,-10131566.32332165,12219766.633085616,1469165349.1965501,293.5462400997044
165.0,154.0393941428571,0.07704579256965298,-4379398.763821991,-7907046.060864172,9038833.494494364,962588928.4506474,293.52771050231047
169.99999999999997,154.0393941428571,0.07726671167173887,-1822973.5228345597,-5080390.416888371,5397554.932834593,534537219.2402586,293.51178029092216
174.99999999999997,154.0393941428571,0.07738574591267863,-360501.22695964796,-2914310.3358944524,2936522.751238384,291879903.060306,293.49816075496443
179.99999999999994,154.0393941428571,0.07739073384802372,230631.672308972,-1581829.0513873943,1598553.7576463223,189137651.0377736,293.4861999055553
185.0,154.0393941428571,0.07721224666536457,382327.62813795015,-853027.8660419299,934789.2572562221,166851375.34257817,293.47501383526946
189.99999999999994,154.0393941428571,0.07664875214617362,347443.6221807089,-477309.8480324964,590374.255555623,198571694.03957978,293.46363544730167
194.99999999999997,154.0393941428571,0.0752003669577658,241354.0143417556,-284110.1928573066,372787.28777185566,253016007.5489347,293.45109767758754
199.99999999999994,154.0393941428571,0.07218257974064599,141247.71856581545,-190954.33989383007,237517.32131433318,277209886.786633,293.43664977795413
205.0,154.0393941428571,0.06814605386396998,85241.74991020568,-170001.4909134683,190175.34761518406,298524129.4018755,293.4203836523293
209.99999999999994,154.0393941428571,0.06503138661282269,44040.486457202736,-187623.46789641565,192722.93623973345,354222739.9588737,293.40371253228227
214.99999999999997,154.0393941428571,0.06387714498026863,4535.518241340897,-216991.32836415496,217038.72352867833,460070892.4157539,293.3884502283192
219.99999999999994,154.0393941428571,0.06458115874867426,-29205.323993781098,-251573.99961776307,253263.55488553812,623089136.4376842,293.3753876228843
225.0,154.0393941428571,0.0667606582760247,-55098.12010916203,-294505.18723362364,299614.9331176191,848020604.8694112,293.36430343866357
229.99999999999994,154.0393941428571,0.06987135060859134,-71097.32411854297,-352260.8464175805,359364.068064195,1136634406.0860958,293.35483934646686
234.99999999999997,154.0393941428571,0.07312069903845533,-74278.31638713999,-436871.7037864102,443141.23465837503,1506661328.8172104,293.3469208166871
239.99999999999994,154.0393941428571,0.07566361681493941,-60135.70955957034,-565850.9431851276,569037.4271238504,2029640245.5961924,293.3406240958046
245.0,154.0393941428571,0.07695181227629963,-21840.012875378925,-749928.2164122354,750246.1702225698,2813496366.8330493,293.3359174710082
250.0,154.0393941428571,0.07677316667174652,45436.326858168904,-974782.2460930876,975840.6053739756,3921737953.267804,293.33258839095623
254.99999999999997,154.0393941428571,0.07504994956879718,137303.8825754618,-1190351.1062209238,1198243.7616160049,5257728372.655274,293.3302989855661
260.0,154.0393941428571,0.07166287418347761,237162.20367116565,-1328789.0938694705,1349787.5265524616,6524051016.433621,293.3285686428216
265.0,154.0393941428571,0.06641843213884308,320482.9494315439,-1351339.9510339512,1388822.8771649692,7369252664.823302,293.3266258645775
269.99999999999994,154.0393941428571,0.05921802035954346,368366.60208197153,-1279557.7837292522,1331526.2203319666,7597251702.98589,293.3233240799152
274.9999999999999,154.0393941428571,0.0503751779467123,380878.0048641781,-1173681.411830131,1233935.213479576,7231259338.712998,293.31750227392376
280.0,154.0393941428571,0.04083273979205116,364281.359060225,-1073917.7801425878,1134019.5355747396,6355934681.1751795,293.30867958680363
285.0,154.0393941428571,0.03207604768875617,313008.67089613894,-966851.071196749,1016255.5888803113,5021452497.106243,293.29733726636715
290.0,154.0393941428571,0.0253647106948931,228964.7381463039,-825315.8600042977,856487.6648785078,3500289877.6823134,293.28466134774646
294.9999999999999,154.0393941428571,0.02097189211496455,137212.47035550824,-661998.7186534349,676069.2017240919,2242202711.5176272,293.27213062694125
300.0,154.0393941428571,0.018523368719968153,62512.94783122193,-510339.16315153585,514153.60554289515,1421727209.0753596,293.2610497901236
305.0,154.0393941428571,0.017554808312840238,13219.510145518529,-388900.4878328289,389125.10184399533,939709268.3602904,293.2521182829149
309.99999999999994,154.0393941428571,0.017689523342758987,-13858.957983449882,-300496.9797630107,300816.3984278089,658744775.7231039,293.2453005370534
314.9999999999999,154.0393941428571,0.018580223852841794,-25181.801436137768,-239720.69211994213,241039.69248659682,484646778.2476954,293.2401153465172
320.0,154.0393941428571,0.019824485312249628,-26064.65596581949,-197790.15804526376,199500.15766957914,363255812.3261583,293.23601325156017
325.0,154.0393941428571,0.02099809542844646,-19975.787261803718,-166817.46066498908,168009.21778118014,269914490.28671557,293.2325543518234
330.0,154.0393941428571,0.021765903223378565,-9179.762016066456,-142443.92140898193,142739.4086334949,198586541.17261022,293.2294317550168
334.9999999999999,154.0393941428571,0.021907482121623207,5068.469521657656,-122948.53380325699,123052.96155583822,148278478.81238365,293.22646292386963
339.99999999999994,154.0393941428571,0.0212614441154031,22108.32009013415,-108031.78570808042,110270.7782709655,117898485.37494348,293.2235940555171
345.0,154.0393941428571,0.01972877808834367,40404.59431206157,-99450.19683513655,107344.64538145199,105471915.2304427,293.22087009138284
349.99999999999994,154.0393941428571,0.017502533843580314,58854.36033919344,-102350.05125837082,118065.10375012067,102979898.17754409,293.218332717681
354.9999999999999,154.0393941428571,0.015309583316367852,82054.21782163666,-125825.81674156299,150216.6129993683,99236554.89016125,293.2159483606334
359.9999999999999,154.0393941428571,0.013834850736018893,109218.92713377826,-173002.4821183166,204593.82410852978,84420503.56359947,293.21364659214703
365.0,154.0393941428571,0.013070779946431108,126873.96572134232,-234453.45317042782,266580.9912229271,62314849.650097944,293.2114066128542
370.0,154.0393941428571,0.012704115679865608,129538.7730786819,-301966.21181545383,328578.58543871326,44933090.80284205,293.20929951416645
374.9999999999999,154.0393941428571,0.01252282770374872,119115.11458762341,-369510.70209828956,388235.19867265195,34359820.18613932,293.20743946506343
379.9999999999999,154.0393941428571,0.012428132199100932,97938.92959132185,-426259.04855694534,437365.7627274524,28091956.753805164,293.20589565807757
385.0,154.0393941428571,0.012376642665651767,69870.07531341084,-456873.53365171043,462185.3017737607,23925650.474509332,293.2046654491614
389.99999999999994,154.0393941428571,0.01234859361560113,41007.96683308146,-447895.27127885446,449768.637610207,20505156.272144042,293.203716831411
394.99999999999994,154.0393941428571,0.012334394473398463,17814.489977058827,-395057.6891893642,395459.1430739502,17034426.234455343,293.20303790718185
399.9999999999999,154.0393941428571,0.012328871531406136,7823.241305059538,-306974.9847481032,307074.65601318417,13099253.660973383,293.20266120346537
0.0,159.00840685714283,0.019081827769308272,-32170.07470713903,-339550.84658197797,341071.3871335455,73225550.58917424,293.6585027031031
5.0,159.00840685714283,0.01918473580583447,-72696.21408214729,-454368.5807787649,460147.3098267406,99912549.91611147,293.6620052274344
10.0,159.00840685714283,0.019430480611236672,-170983.75554790086,-557626.6725955247,583252.0472756361,141577517.9630237,293.6680698148981
14.999999999999996,159.00840685714283,0.01990799131376432,-317521.53107333515,-646391.7947998635,720168.2269301693,224716754.454681,293.6760472659499
20.0,159.00840685714283,0.02082876615425428,-519601.2803618383,-720020.2313227699,887927.1502030765,419360748.4601231,293.6857891058709
24.999999999999993,159.00840685714283,0.022717034831138547,-783544.1490913371,-776599.7028058541,1103199.2258760012,930759023.0289947,293.69761995995293
29.999999999999993,159.00840685714283,0.026919196455742953,-1073889.2320158188,-804616.1164515169,1341881.2084134147,2262542886.7793283,293.71189482313036
35.0,159.00840685714283,0.03643164011530217,-1185172.9624016557,-779962.2142457847,1418793.8562240477,4203332022.21943,293.7278254387394
40.0,159.00840685714283,0.05207232328082735,-1386040.1263406058,-847154.8973359434,1624431.7935532273,5432437208.339057,293.7427569032692
44.999999999999986,159.00840685714283,0.06543328990974592,-2386453.7325057583,-1316217.0144986468,2725360.278320354,5926386955.288847,293.75391763042205
49.999999999999986,159.00840685714283,0.07142541376751886,-3400867.8942907816,-2078992.1314452451,3985989.302171929,3731201121.4890943,293.75986411529254
54.999999999999986,159.00840685714283,0.07355077147904045,-3783969.2810638393,-3859744.076107834,5405187.124705703,2188491252.5117326,293.7621125723264
59.999999999999986,159.00840685714283,0.07430629992773324,-3645703.496342965,-8313637.072680104,9077869.538580531,2267459376.799669,293.76225125783606
65.0,159.00840685714283,0.0745703205495827,-2981124.588008233,-18365285.631778292,18605666.345122647,4061949643.0447946,293.76102686700665
70.0,159.00840685714283,0.07466183246476484,-1432078.090857908,-22650007.54189717,22695234.947149456,5067738756.457284,293.75842091341906
75.0,159.00840685714283,0.07471352835866849,-741765.5764123399,-23103247.56952555,23115152.2692181,5257004757.2556,293.75466335512124
80.0,159.00840685714283,0.07473600902240607,-208873.23542911894,-23313248.308390707,23314183.981369812,5347924794.880943,293.7500792832485
84.99999999999999,159.00840685714283,0.0747344156822114,210244.9210163171,-23230095.72592693,23231047.121525574,5309852096.3099,293.74477623047994
89.99999999999997,159.00840685714283,0.07471498453030444,493285.79094606865,-22822776.97958067,22828107.23496862,5127251970.422549,293.7387444597194
94.99999999999997,159.00840685714283,0.07468508710311679,612391.1624832113,-22092026.631962165,22100512.746160734,4805621391.374053,293.73193938895565
99.99999999999997,159.00840685714283,0.07465374541405612,529620.6914774671,-21071917.97117493,21078572.652358744,4371467468.097821,293.7243196034784
104.99999999999997,159.00840685714283,0.07463212503396904,200759.05480296252,-19830084.16323752,19831100.375903726,3869354123.3525405,293.7158452552242
109.99999999999997,159.00840685714283,0.07463366950857582,-414194.6543581576,-18468109.542630546,18472753.646662977,3357438990.920641,293.7064477761195
114.99999999999997,159.00840685714283,0.07467354449940486,-1335055.8869683337,-17118405.717712626,17170386.965282556,2900714717.397929,293.6959815808083
119.99999999999997,159.00840685714283,0.07476717509727265,-2532203.019673246,-15945375.41376817,16145186.56500583,2564667027.812606,293.68417868942197
125.0,159.00840685714283,0.07492676480137218,-3912420.859642635,-15083626.325549891,15582773.184250245,2389100126.7994323,293.67063510854473
130.0,159.00840685714283,0.07515841718323692,-5290561.08278983,-14653049.105974387,15578892.280031564,2387910259.7497683,293.6548911708497
134.99999999999997,159.00840685714283,0.07545582090965117,-6428945.948916411,-14553603.585094813,15910333.853385143,2490596871.07656,293.6366627228469
140.0,159.00840685714283,0.07580131177812856,-7188903.57867666,-14448396.249463368,16138044.765243936,2562398576.197998,293.6162208680386
145.0,159.00840685714283,0.07617471126751883,-7565196.921583695,-13974648.050282286,15890972.046781717,2484538781.5799837,293.59457830646977
150.0,159.00840685714283,0.07655783147028693,-7474849.666061907,-12948658.10195146,14951291.722505417,2199390188.5212173,293.573087448056
154.99999999999997,159.00840685714283,0.07692219623412502,-6843931.264226556,-11702165.853955125,13556551.214189064,1808186784.8958333,293.552812368527
160.0,159.00840685714283,0.07724222459670958,-5868871.114703134,-10589569.683338545,12107131.544642588,1442206255.1058238,293.53427226237056
165.0,159.00840685714283,0.07750908334559534,-4761602.998787358,-9713226.47201267,10817561.260037702,1151339963.0229187,293.5176119811404
169.99999999999997,159.00840685714283,0.07771838489658832,-2637224.0768383224,-7276663.367186774,7739817.865480666,740673604.497938,293.50278532070183
174.99999999999997,159.00840685714283,0.07784049483872883,-755693.079918863,-3878358.1103094574,3951295.188016254,355923674.3050459,293.4895970376986
179.99999999999994,159.00840685714283,0.07789348182092036,-21408.922442436575,-1885718.3656611277,1885839.8915474827,177432667.56373113,293.4776078563724
185.0,159.00840685714283,0.07785135094039045,200634.6225690197,-877360.466864283,900008.6891745687,104629299.60915023,293.4660904387147
189.99999999999994,159.00840685714283,0.07763007868567139,210611.84899168406,-419583.04486054747,469475.53979961947,86017178.18441224,293.4541788242648
194.99999999999997,159.00840685714283,0.07701594569162928,147020.0650310842,-222944.16365764258,267056.1731747648,92876223.10436863,293.441023151857
199.99999999999994,159.00840685714283,0.07568413144601988,77549.7100956344,-142384.8661469636,162133.9188560052,103783843.55483088,293.4260834761538
205.0,159.00840685714283,0.07390410527968329,35536.206040320045,-125953.89646192238,130870.95160378695,131039656.26158305,293.4096600587838
209.99999999999994,159.00840685714283,0.07292073985864617,2981.301019544097,-146754.95231905134,146785.23149805013,202151822.4438369,293.3930888801767
214.99999999999997,159.00840685714283,0.07361980720889019,-31806.575490429386,-180101.3136458753,182888.33046807098,322868064.5676649,293.37787425127226
219.99999999999994,159.00840685714283,0.0760412468462777,-64810.25246277857,-218180.80873386146,227603.23838656367,483869808.12973195,293.3646969756333
225.0,159.00840685714283,0.079772574802393,-92670.8912406629,-267040.7994131373,282663.5502404691,667048758.3723311,293.35351527267403
229.99999999999994,159.00840685714283,0.08390475693727456,-114844.74159403781,-345449.6445709963,364039.5192915585,864404624.5307589,293.34418489623323
234.99999999999997,159.00840685714283,0.08738610859080989,-128458.1397087298,-482387.02061635273,499198.0882541009,1105456885.8077502,293.3366621829083
239.99999999999994,159.00840685714283,0.08969654628671551,-120896.22170368134,-701320.4854625753,711664.4713287912,1443223634.6241143,293.330844402168
245.0,159.00840685714283,0.09088758285103146,-77034.29448444254,-1006115.9147961789,1009060.7100332803,1944292078.354323,293.3264812071758
250.0,159.00840685714283,0.0911916322732898,9083.511982637128,-1371340.116401314,1371370.199851779,2677551677.3820004,293.32324646089666
254.99999999999997,159.00840685714283,0.09075613987410763,131159.44708311628,-1731416.9091860896,1736377.6415211814,3673972826.8879604,293.3208087326799
260.0,159.00840685714283,0.08956719743728335,270767.26117698516,-1986314.6236769638,2004684.6869166843,4868441170.096351,293.3187970007282
265.0,159.00840685714283,0.08742226665941641,399276.91659797804,-2041023.8205175193,2079711.5886699096,6047934341.506163,293.3166526984264
269.99999999999994,159.00840685714283,0.08389266354365013,482592.72366639355,-1862806.0543332237,1924303.0252525876,6848501489.821861,293.3134874745791
274.9999999999999,159.00840685714283,0.07835065300290836,492366.58244972985,-1519191.5311578831,1596987.0881929698,6906811865.392168,293.3082764884765
280.0,159.00840685714283,0.07034019109103817,432219.529546863,-1149553.0502691856,1228122.9324073794,6174451426.531941,293.30045056205586
285.0,159.00840685714283,0.06036715254829508,343743.8651546117,-862977.7623885762,928918.9755886279,4988627001.200267,293.29024979133084
290.0,159.00840685714283,0.05014186091560972,257257.06745053787,-671830.0834479004,719400.3473580364,3701627112.1890864,293.278585633348
294.9999999999999,159.00840685714283,0.04166576444512843,176662.54110470382,-535530.2308239895,563916.9101525211,2530001803.6315913,293.26682567359603
300.0,159.00840685714283,0.03585653295882843,107531.18449218983,-429412.36496834556,442671.36210285954,1657144265.5853312,293.2563964073597
305.0,159.00840685714283,0.03242331589813563,57473.298956957085,-348047.31619971496,352760.7041704336,1104893112.17878,293.2480997062244
309.99999999999994,159.00840685714283,0.03066995227741852,26473.026862449562,-286793.55882162147,288012.7888355495,767545976.4363854,293.2418707128325
314.9999999999999,159.00840685714283,0.029933658418747403,10191.735547572955,-240139.56146045905,240355.73729764234,550833826.8339715,293.2371811049312
320.0,159.00840685714283,0.02968227534767757,4190.987458924089,-203859.52898700268,203902.60404095735,403536034.2837681,293.2334760967943
325.0,159.00840685714283,0.029520222422866713,5200.671406592477,-175488.3070401637,175565.35219371194,301749902.1262319,293.2303326764402
330.0,159.00840685714283,0.029164806659702443,11185.503864946168,-153524.9659004602,153931.90264350726,232744988.12476367,293.227456063873
334.9999999999999,159.00840685714283,0.02840352950342523,21120.546396719168,-136895.22512445124,138514.90945732215,188552278.42095393,293.2246528971039
339.99999999999994,159.00840685714283,0.02705521190764474,34490.252160564094,-125139.89008707907,129805.89195065656,164988643.30300733,293.221832649508
345.0,159.00840685714283,0.024970980415234094,50289.120402168744,-118858.9803549193,129059.88083767518,159907216.23664004,293.21901443678405
349.99999999999994,159.00840685714283,0.02214822691068476,66330.65725882257,-120053.30139821685,137158.8541400025,166729033.0701651,293.2162727831693
354.9999999999999,159.00840685714283,0.01899604819513471,82342.97437471437,-133688.01640778178,157012.26436148927,171933888.550445,293.21364869673846
359.9999999999999,159.00840685714283,0.016311410551022462,101190.57924311217,-168365.45796848382,196434.36757475475,165956571.25410393,293.21113880834946
365.0,159.00840685714283,0.014572663236744707,117865.58605152692,-225553.33128188713,254492.83217337698,145050607.73254746,293.2087602951019
370.0,159.00840685714283,0.013628472714414275,121899.47165893129,-293957.0401725294,318229.8267883145,116993841.14556064,293.2065885661753
374.9999999999999,159.00840685714283,0.013141338405333871,111297.86699308126,-360492.73212054,377282.68593846314,93384362.64821139,293.2047131915968
379.9999999999999,159.00840685714283,0.012886338597597108,89508.32596214727,-414188.6365540788,423749.8873947612,77113172.87028162,293.20317330350434
385.0,159.00840685714283,0.012750652302369438,61314.326086290086,-443533.0231816326,447751.034879937,66120676.976765774,293.2019514066002
389.99999999999994,159.00840685714283,0.012680805767944905,32974.79343040495,-438222.4155026531,439461.28663485,57767469.39987692,293.20101362525475
394.99999999999994,159.00840685714283,0.012650403468813829,11452.893513851535,-393727.3655114565,393893.90338317206,49794667.176976755,293.2003482536687
399.9999999999999,159.00840685714283,0.012643446815831202,3364.4541225523208,-314034.01213353226,314052.034427778,40129504.74684803,293.19998288077295
0.0,163.9774195714285,0.020671260554328493,-8901.425377468046,-279959.2306980705,280100.7072943695,161130972.58292684,293.6212069202925
5.0,163.9774195714285,0.020764164749326505,-27545.227563757464,-356321.5061748205,357384.60420705285,204551363.672336,293.62449281114533
10.0,163.9774195714285,0.021119626079101186,-79241.8995995628,-418000.3766343756,425445.1709899021,259343598.6989995,293.6302918236014
14.999999999999996,163.9774195714285,0.021918144959368335,-159612.12451973604,-460681.5920120993,487548.5201623589,352988493.12207776,293.6379910598164
20.0,163.9774195714285,0.02352867649428741,-269791.9049218978,-482220.25836500333,552561.3536422873,542676252.0732975,293.6473360550361
24.999999999999993,163.9774195714285,0.026791901881008343,-407703.0097487824,-481440.0577026204,630877.3837434008,958881476.9537344,293.6584407673477
29.999999999999993,163.9774195714285,0.0335119754541908,-539928.683100034,-459716.2716772733,709127.6565464003,1746478361.4431071,293.67143739824525
35.0,163.9774195714285,0.04585115636429091,-630180.9592099022,-445520.55580413976,771762.0144803332,2503479619.6557794,293.6857449321053
40.0,163.9774195714285,0.06043337826490454,-938122.4371688687,-576068.2542143726,1100876.1695273693,3042143721.0552535,293.69987542902925
44.999999999999986,163.9774195714285,0.06978527595496381,-1622109.9286075095,-928281.7579185887,1868942.921164658,2779022113.0001187,293.7118767074241
49.999999999999986,163.9774195714285,0.07355040357408196,-2196018.008053001,-1675779.3839274554,2762377.8950913562,1757020400.507224,293.7205589940986
54.999999999999986,163.9774195714285,0.07492454872040252,-2522213.578951042,-3592848.662552998,4389774.806280374,1428459807.288555,293.7262996868162
59.999999999999986,163.9774195714285,0.07545069648643829,-2658189.907815573,-8320460.143148501,8734759.903954735,2104928817.4669676,293.7297372784102
65.0,163.9774195714285,0.07566992680958647,-2902655.432294928,-18667448.4624938,18891771.77128957,4262060844.350576,293.7313342770318
70.0,163.9774195714285,0.07580300642673714,-2060319.742270417,-23435655.340362217,23526046.388474144,5445562548.142486,293.7309962484575
75.0,163.9774195714285,0.07587595878381351,-1033291.349072374,-23816706.458994385,23839110.670617994,5591456522.662602,293.7290254693291
80.0,163.9774195714285,0.07590633556164438,-215720.07904036017,-23941883.589582585,23942855.405519724,5640229013.251316,293.7258615681022
84.99999999999999,163.9774195714285,0.07589753079171754,521158.6712687566,-23750293.110201325,23756010.3801357,5552542168.215083,293.72166347083873
89.99999999999997,163.9774195714285,0.0758542196945175,1139748.6849379358,-23198622.660143718,23226603.72057334,5307821060.399635,293.71646007654647
94.99999999999997,163.9774195714285,0.07578355592322375,1582085.9111127795,-22274144.03267079,22330259.47494353,4906054764.874418,293.71024351470635
99.99999999999997,163.9774195714285,0.07569601110340622,1775107.9494600366,-20999368.858442575,21074261.569155015,4369679507.112139,293.70299374056043
104.99999999999997,163.9774195714285,0.07560604512827775,1635873.2605684104,-19437437.957318913,19506154.81506452,3743589204.708502,293.6946619339744
109.99999999999997,163.9774195714285,0.07553242377734938,1084305.6006075435,-17701463.845616583,17734642.39597686,3094494564.103961,293.6851438325662
114.99999999999997,163.9774195714285,0.07549761456821699,54929.89502170475,-15946900.98637103,15946995.59047059,2502088120.676044,293.67425924355064
119.99999999999997,163.9774195714285,0.07552693078784721,-1430714.25612748,-14450715.345258629,14521367.61026246,2074721904.974677,293.66176018785893
125.0,163.9774195714285,0.07564068599382974,-3271288.246568527,-13377455.28298266,13771624.328318648,1866015243.2844377,293.6473812654226
130.0,163.9774195714285,0.07585405961250406,-5145588.518451344,-13126936.514089439,14099416.422184037,1955902166.1780586,293.6309985969799
134.99999999999997,163.9774195714285,0.07615524484567487,-6514129.283325123,-13588327.11014005,15069058.16473083,2234174399.564344,293.61281445142043
140.0,163.9774195714285,0.07650547254083657,-7090681.6057583755,-14085445.735375365,15769513.220085274,2446703976.4650674,293.5934760124345
145.0,163.9774195714285,0.07686431300625071,-7050412.404856627,-14003656.917582648,15678352.022579305,2418497681.446623,293.57393806078164
150.0,163.9774195714285,0.07721051378132224,-6612596.1613108795,-13444539.463067392,14982725.69883597,2208648018.093791,293.5550696451344
154.99999999999997,163.9774195714285,0.0775255726223818,-5841641.908697072,-12599469.10159299,13887814.868849687,1897635034.2992861,293.5373385103212
160.0,163.9774195714285,0.07779467797219194,-4855228.639945309,-11641583.706530225,12613473.603345558,1565360093.8830285,293.52086955860756
165.0,163.9774195714285,0.07801109548637633,-3808014.7990804394,-10619965.553162549,11282049.683473954,1252336009.9078217,293.50563970950617
169.99999999999997,163.9774195714285,0.07817547945209999,-2677113.423773245,-9584153.565159706,9951026.873861331,974272963.6068873,293.49157321463224
174.99999999999997,163.9774195714285,0.07827880682875366,-903775.8574063843,-4943443.463784717,5025379.993599139,455130202.0468838,293.47849049329795
179.99999999999994,163.9774195714285,0.07834102355933287,-194931.09123674786,-2258136.81246176,2266534.7987899296,202620612.9588162,293.4661261979893
185.0,163.9774195714285,0.07835695073259863,36840.02027654921,-950724.1783323224,951437.6754993709,92553522.37397833,293.45389798153934
189.99999999999994,163.9774195714285,0.0783027404441687,70974.6343198246,-395698.7330095651,402013.5396006059,50184314.708464146,293.4410682393802
194.99999999999997,163.9774195714285,0.07813295231587095,41166.62214014328,-183085.5737383809,187656.6494679617,37207858.2985633,293.4269768923654
199.99999999999994,163.9774195714285,0.07786065406213494,7321.543983093676,-108408.90254251046,108655.8565230973,40152482.55021534,293.4113895988104
205.0,163.9774195714285,0.07787986874953182,-14712.792035265385,-94739.35031891936,95874.97456752672,66301902.072343625,293.394855803976
209.99999999999994,163.9774195714285,0.07893926720467914,-38002.11943304374,-114440.30908098881,120585.01326431727,133919817.0016867,293.3786010173282
214.99999999999997,163.9774195714285,0.08143717407105705,-65738.57500923987,-146575.94141666155,160642.6682000335,240487854.3574193,293.3637893768162
219.99999999999994,163.9774195714285,0.08516580692329516,-93642.70250193421,-186136.36084015408,208364.34569926257,357747287.6502884,293.35098135572855
225.0,163.9774195714285,0.08927974802378437,-123528.0776733905,-249999.58363077906,278852.96804812044,462331877.3656744,293.3402833519376
229.99999999999994,163.9774195714285,0.09263070919178076,-156336.67319380803,-368866.61293897463,400629.17208608123,551069452.4758277,293.33164902155806
234.99999999999997,163.9774195714285,0.09473528133122702,-176056.6394392757,-564430.4859754808,591250.9736052606,628888060.5015904,293.3249067890595
239.99999999999994,163.9774195714285,0.09584982919701555,-162216.59674434867,-843848.2087462969,859298.5649142285,726542185.8849463,293.3197199688381
245.0,163.9774195714285,0.09635755117915987,-104599.71986532435,-1206017.5696016008,1210545.1167072032,888153393.5866926,293.31566570100233
250.0,163.9774195714285,0.0964941641456163,-777.8560925310582,-1625634.2978763208,1625634.4839760072,1146565109.3155625,293.3123371007565
254.99999999999997,163.9774195714285,0.09636098128341526,141650.43199872933,-2033868.3130768759,2038795.026436842,1518614659.4818463,293.3093765112952
260.0,163.9774195714285,0.09596817896583643,301952.48010350723,-2328608.047554839,2348103.64749468,2003583712.0467854,293.30645070135574
265.0,163.9774195714285,0.09524574545179437,449520.61978471524,-2418023.5259940843,2459452.4918917418,2582734920.043725,293.303207219605
269.99999999999994,163.9774195714285,0.09401740152877722,552314.6710121513,-2266707.4270688347,2333026.801334326,3213020455.6796393,293.299247714064
274.9999999999999,163.9774195714285,0.09193202581462279,585829.4816506633,-1909122.6563879827,1996984.100764198,3785014464.788423,293.2941451151898
280.0,163.9774195714285,0.0883661491864362,540779.6948835951,-1435877.4450159885,1534335.920033171,4052657746.4520698,293.28751888323416
285.0,163.9774195714285,0.08247020874283584,434980.635921531,-981311.6878357349,1073396.8428823135,3769815734.1129036,293.279217221864
290.0,163.9774195714285,0.07390094505661264,319689.8119496698,-662124.9720517254,735262.5751926405,3071793222.1621723,293.2696125056252
294.9999999999999,163.9774195714285,0.06400768787061671,231346.84882831172,-485283.0887317858,537606.7714155506,2298264941.3797894,293.2597057884335
300.0,163.9774195714285,0.05520319425119137,163876.78964594856,-386314.8958753261,419636.51051812276,1611086379.6529455,293.2507442216321
305.0,163.9774195714285,0.04876909427281532,109995.65235144025,-319723.95879316155,338116.03535264364,1095121372.1346855,293.2435225668456
309.99999999999994,163.9774195714285,0.04449388682466587,71423.67338220926,-269793.52793195,279087.60064427153,757646385.7743552,293.23805101043075
314.9999999999999,163.9774195714285,0.041707824534629324,47073.4377618116,-230929.90892155175,235678.8734215083,543730566.3451464,293.23388554015133
320.0,163.9774195714285,0.039810354692423805,33637.79478379785,-200520.06357967647,203321.90520431977,405891853.1082612,293.2305405136439
325.0,163.9774195714285,0.03835103078905411,28145.398709787645,-176998.85738972237,179222.6519885257,315795660.5190662,293.2276393943155
330.0,163.9774195714285,0.036997916986994304,28554.44082043357,-159216.69263282837,161756.95132977806,257370840.4781695,293.2249116120398
334.9999999999999,163.9774195714285,0.03549631917598273,33603.5375601705,-146370.12833059777,150177.9351438601,221840097.4179286,293.22216717932827
339.99999999999994,163.9774195714285,0.03363846888320993,42473.34247526674,-138124.03572598274,144506.86511807615,205184649.98207426,293.2193027857818
345.0,163.9774195714285,0.03125462361054532,54262.304704522554,-134718.0786933076,145235.52746715475,206102870.8315926,293.2163314320933
349.99999999999994,163.9774195714285,0.02824967352274816,67284.86094324745,-136843.5657297466,152490.70133547037,221949666.44563127,293.2133622348493
354.9999999999999,163.9774195714285,0.024727222823364165,79163.24645261571,-145525.27251862138,165663.5884270789,242198180.57615313,293.2105054387066
359.9999999999999,163.9774195714285,0.021149066280137872,89143.5531258776,-164081.3562919593,186733.13724809277,252236652.52193522,293.2078164668362
365.0,163.9774195714285,0.01817316159234821,97737.64063931775,-198889.11191703132,221606.69041544263,247911945.94460094,293.2053351962764
370.0,163.9774195714285,0.016134322862149383,101178.73058685868,-250990.46023528228,270616.6045391283,232261557.25968277,293.20312454533484
374.9999999999999,163.9774195714285,0.014911695813549421,93848.65094009056,-310520.0848662894,324392.1891609638,210662453.0569218,293.201247562235
379.9999999999999,163.9774195714285,0.014224779427652314,75378.03810079786,-362552.267397958,370305.27301582653,189276686.5968908,293.19972763166436
385.0,163.9774195714285,0.01385420328136076,50047.79019766577,-393750.82048085605,396918.7447488678,171016862.1686547,293.1985452699682
389.99999999999994,163.9774195714285,0.013672605662015936,24149.298267571252,-394818.8309841892,395556.6936692361,155186904.79232726,293.19766595918986
394.99999999999994,163.9774195714285,0.013610760300138686,4938.243412536276,-361849.9514900973,361883.6465514671,138631865.63665575,293.1970670834159
399.9999999999999,163.9774195714285,0.013619474074493635,-1304.1865136356002,-297220.15785188234,297223.019189228,116146555.82329458,293.19675099495134
0.0,168.94643228571425,0.024889480769399164,-2168.265311635629,-221331.2944503329,221341.91486820026,263697086.70900548,293.579186628942
5.0,168.94643228571425,0.024948789083614694,-12539.424266558455,-258355.16405502692,258659.28932639674,309992494.8948918,293.5820645360779
10.0,168.94643228571425,0.025479991458713373,-42647.69534756221,-287806.26165536,290948.9133275669,365047913.52344286,293.5872759499973
14.999999999999996,168.94643228571425,0.026818037864306404,-89293.06740564319,-305257.61300092924,318049.4649920572,446510064.29335713,293.5943344828619
20.0,168.94643228571425,0.02948602704622271,-151674.2439457167,-309507.4598242992,344673.6775029317,586824723.2903796,293.60297023698854
24.999999999999993,168.94643228571425,0.034432849291225975,-228135.98540069044,-301910.333346849,378412.31113211624,837440013.210702,293.61316155578817
29.999999999999993,168.94643228571425,0.04304641565770317,-305840.82138702937,-286745.41291116696,419239.2393995205,1182498247.3827507,293.6249266206464
35.0,168.94643228571425,0.05534637505048442,-393876.06255208876,-288074.67240040575,487980.91103048075,1405691875.921029,293.63796531982433
40.0,168.94643228571425,0.06667834627927018,-621821.1648822434,-382039.9675149545,729805.5205836262,1478743266.4787762,293.65156053314126
44.999999999999986,168.94643228571425,0.07289322405532797,-1012597.1033595372,-652836.0185741495,1204801.9591949012,1219217635.2367756,293.66458322356164
49.999999999999986,168.94643228571425,0.075322883203366,-1348241.3414577285,-1374103.8504308104,1925075.6106149477,905357232.5216776,293.6760667987826
54.999999999999986,168.94643228571425,0.07624092903922873,-1611146.3990458841,-3296224.3489019214,3668908.240533199,1070340347.5033226,293.68555329721767
59.999999999999986,168.94643228571425,0.07662496524400508,-1907415.7365526264,-7966319.532197943,8191488.367880837,2011337547.754223,293.69286686934953
65.0,168.94643228571425,0.07682204102348461,-2734468.0251705577,-17859441.321563013,18067566.512926765,4297777756.560069,293.69799719117736
70.0,168.94643228571425,0.07699087385184239,-2583976.7932694936,-24450620.82812835,24586780.898463693,5947688224.275677,293.70065452185287
75.0,168.94643228571425,0.07708043870281156,-1244856.4977536604,-24782877.62808662,24814122.81803884,6058187458.711083,293.70100303287006
80.0,168.94643228571425,0.07711535950161776,-142871.4805189191,-24883372.33993071,24883782.49518297,6092249007.712127,293.6996163620203
84.99999999999999,168.94643228571425,0.07709472585086345,948899.522699026,-24626121.13490265,24644395.964500275,5975595737.186407,293.69673898671255
89.99999999999997,168.94643228571425,0.07702046954934785,1960286.4978321425,-23942669.911712375,24022784.302715622,5677949641.250215,293.69246784940185
94.99999999999997,168.94643228571425,0.07689869720108024,2798015.1830020454,-22802229.538819365,22973257.51619296,5192661519.207375,293.6868475014523
99.99999999999997,168.94643228571425,0.07674066803104765,3348746.402500463,-21210427.231198322,21473153.606264245,4536662945.946064,293.6798840878299
104.99999999999997,168.94643228571425,0.07656382256083019,3478225.442650751,-19216684.396036226,19528927.553933043,3752335320.424484,293.67152127505693
109.99999999999997,168.94643228571425,0.07639284548678257,3054709.8633067207,-16953177.20417962,17226185.580833003,2919598258.8359594,293.6616295912106
114.99999999999997,168.94643228571425,0.07625835157449952,1895546.2388764445,-14520211.676492983,14643416.359370576,2109743582.855527,293.65002947791504
119.99999999999997,168.94643228571425,0.07620329086289493,21318.654087471026,-12590600.792451587,12590618.84102186,1559692579.5672145,293.6365883890655
125.0,168.94643228571425,0.07625621970909077,-2596846.09104624,-11682404.720215883,11967547.353886029,1409143305.9611166,293.62133662047836
130.0,168.94643228571425,0.07646297547199955,-5500126.040835774,-12103775.005174516,13294839.443971,1739045906.7949142,293.6046329011268
134.99999999999997,168.94643228571425,0.07680623231317435,-7381514.850382383,-13328788.4565944,15236251.612751076,2284026428.0692606,293.58711989880845
140.0,168.94643228571425,0.07720112695703779,-7601659.397437483,-14294249.391132275,16189836.04767309,2578871805.8865485,293.56949894106765
145.0,168.94643228571425,0.0775663982529181,-6928262.638430938,-14504096.307533072,16073880.455113275,2542063066.4084773,293.5523334292283
150.0,168.94643228571425,0.07789395322088088,-6079364.243882363,-14222840.352386111,15467639.034424681,2353926562.3676057,293.5359451449932
154.99999999999997,168.94643228571425,0.07817433467730633,-5052149.248720995,-13608193.38320073,14515754.861044612,2073118386.1340728,293.52036180098446
160.0,168.94643228571425,0.07839916814575298,-3901635.4546782267,-12756542.973827705,13339870.608979503,1750846558.9483805,293.5054788788177
165.0,168.94643228571425,0.07856449822277416,-2716923.6925424226,-11723099.62559438,12033816.484503552,1424792502.5510728,293.4911917472604
169.99999999999997,168.94643228571425,0.07867086051500723,-1758726.0840873367,-10512299.899860444,10658403.568239246,1117710094.5445058,293.477416227408
174.99999999999997,168.94643228571425,0.07874037083118289,-724585.8243304766,-5800811.1543317875,5845890.408230449,567300172.2210625,293.4640110057133
179.99999999999994,168.94643228571425,0.07879311267949696,-251529.82734064496,-2588005.6663796175,2600200.104464082,245485051.71953034,293.4508463330923
185.0,168.94643228571425,0.0788331939484182,-81623.94548129058,-1036812.0731825732,1040020.0688318848,101781549.42703858,293.43751437463027
189.99999999999994,168.94643228571425,0.07887117803633029,-47020.78677255174,-394952.155384544,397741.3222580811,45255236.76858978,293.423485918423
194.99999999999997,168.94643228571425,0.0789699077796413,-53990.72299413859,-162772.39314372162,171493.00317845063,28785288.232141692,293.408397042288
199.99999999999994,168.94643228571425,0.07940827421372776,-56267.027102506436,-88503.76974368573,104875.61965393832,35323008.58212123,293.39235396892866
205.0,168.94643228571425,0.08080652107554266,-58244.77809256031,-75085.06616714832,95027.47674423769,63435840.57353374,293.3760521903291
209.99999999999994,168.94643228571425,0.0835668866308409,-72351.82739295368,-91151.6263639958,116376.13980494995,121745556.98386711,293.36049993507544
214.99999999999997,168.94643228571425,0.08741695361726434,-92150.8909730297,-119512.06962662791,150913.6226242123,193721894.3101208,293.3465361383979
219.99999999999994,168.94643228571425,0.09153355069661936,-117779.853451562,-163243.43057339414,201297.07276669965,249457646.76157868,293.3346290113556
225.0,168.94643228571425,0.0947866239172923,-156167.8420578709,-246717.63980467644,291989.70646891335,277348614.1243841,293.3249540319635
229.99999999999994,168.94643228571425,0.09669697332396571,-193310.1075530812,-388467.43257553823,433907.5291511017,273669675.43989015,293.31742432178584
234.99999999999997,168.94643228571425,0.09764251746187134,-205434.5010328318,-598286.4183570521,632574.0846771374,265674520.44217739,293.31168068904424
239.99999999999994,168.94643228571425,0.09808326827876679,-181062.42079202872,-893108.4294369525,911277.2722692087,283430386.6730849,293.3071998169539
245.0,168.94643228571425,0.09827061747340582,-111832.84393052914,-1279570.2502466615,1284447.978821211,337438985.78495854,293.30345601860324
250.0,168.94643228571425,0.09831574888756116,6120.075572317492,-1724575.901280952,1724586.7605325105,430159656.0149987,293.2999993159079
254.99999999999997,168.94643228571425,0.09826162101631401,163439.2947538814,-2143812.1439622873,2150033.2350151767,560275801.1183888,293.2964598646859
260.0,168.94643228571425,0.09811441209501258,335404.74405451334,-2425099.7251064396,2448184.0247509177,722488100.068673,293.29255659287503
265.0,168.94643228571425,0.09785069188757879,488511.4239752791,-2480835.289841912,2528475.261235387,909674476.9168273,293.2881524263663
269.99999999999994,168.94643228571425,0.09740793438563967,591927.6405082357,-2294785.239900842,2369898.2317526657,1118075564.9445014,293.2832843045324
274.9999999999999,168.94643228571425,0.0966530264139499,628556.8081193796,-1926301.8394697788,2026258.235708834,1349895190.0866718,293.27802560214946
280.0,168.94643228571425,0.09530749503568121,598465.4096134204,-1472101.2685094902,1589101.3156029445,1600322657.1527684,293.2722818370488
285.0,168.94643228571425,0.0927982554343413,511020.5276511381,-1024920.1477917054,1145252.5001196107,1809108313.9117267,293.26582371905914
290.0,168.94643228571425,0.0881434952237432,386348.925210932,-662245.2445048991,766703.4993274753,1819499905.3279946,293.2585944692969
294.9999999999999,168.94643228571425,0.08064389804824043,274067.07617308537,-436608.39937365445,515499.42448628234,1582375429.1506643,293.2510389563336
300.0,168.94643228571425,0.07155659718306398,201473.76020962925,-328215.71046144544,385119.7588370643,1251936296.2320278,293.2440064538073
305.0,168.94643228571425,0.06335910165844516,149016.23389360297,-273939.3002018144,311847.04288944724,923253951.3512301,293.23815106962115
309.99999999999994,168.94643228571425,0.057177664676227355,106689.57763966407,-238180.28516408982,260983.74320592664,665294288.1891282,293.23356900218573
314.9999999999999,168.94643228571425,0.0527674417727157,76205.83546536394,-210860.81173545713,224208.85639222644,493846502.0405352,293.22996596632845
320.0,168.94643228571425,0.04956862530979224,56722.79700569575,-189288.01720320302,197604.22352993736,384039086.37487614,293.2269675937993
325.0,168.94643228571425,0.047097275853788804,45853.6729743329,-172504.95503434792,178495.15073704234,313438067.23094857,293.2242615641085
330.0,168.94643228571425,0.044983743198189534,41515.1590285951,-159975.49387342168,165274.5203266817,268745374.9879292,293.2216095955668
334.9999999999999,168.94643228571425,0.04294590968903522,42201.92777168313,-151376.1637175809,157148.80098014817,242964215.8051323,293.21883640054074
339.99999999999994,168.94643228571425,0.040763790253858484,46804.35552941149,-146633.67159869988,153922.32243257933,233030480.29142287,293.2158501723004
345.0,168.94643228571425,0.03826693245447577,54313.20215854454,-145953.54027189186,155731.69185048266,238225764.96900687,293.212688832461
349.99999999999994,168.94643228571425,0.03534134367175596,63444.988366377416,-149700.97284982775,162590.42967221237,258222421.81914732,293.20950788068507
354.9999999999999,168.94643228571425,0.031968152135285956,72315.98122732539,-157988.40105841402,173752.51367927072,289206600.37337416,293.2064695497502
359.9999999999999,168.94643228571425,0.028300325932216153,78696.00095717667,-170433.1218040476,187724.55772893777,319607638.77789336,293.2036600175023
365.0,168.94643228571425,0.024714064766789903,81141.57583160403,-187689.66015147776,204478.27233281574,336202162.5007407,293.2011196079285
370.0,168.94643228571425,0.021668933131123225,79157.76285072665,-212262.7280040856,226542.30757028214,337684006.4881258,293.19889611107914
374.9999999999999,168.94643228571425,0.01942035031834868,71661.68569861671,-243954.67976829095,254262.23270084118,330883075.7197515,293.19704013016513
379.9999999999999,168.94643228571425,0.01794112965701796,57488.64609893594,-276217.9522816231,282137.0262708206,320474412.4513589,293.1955727307128
385.0,168.94643228571425,0.017067954390330216,37841.77072235746,-298663.36920590984,301051.17125968647,307495194.1796332,293.1944766624375
389.99999999999994,168.94643228571425,0.016636208454755597,17011.265362667342,-302264.5847274145,302742.8980664541,290737611.31993026,293.19371230991743
394.99999999999994,168.94643228571425,0.01651949426747044,1349.8121031671121,-283242.2368355708,283245.45313266973,267191366.94443136,293.19323525179277
399.9999999999999,168.94643228571425,0.016590518051286172,-3590.3789755986954,-244430.92684721126,244457.2944720103,232618560.46403185,293.1930069410417
0.0,173.91544499999995,0.03270432052498081,-3480.0119246537397,-206892.79909874182,206922.06456032686,365554971.1993273,293.5332512112963
5.0,173.91544499999995,0.03285530940794879,-11484.945633127942,-220194.61326165855,220493.92664118277,396368499.6660354,293.5356534632373
10.0,173.91544499999995,0.03365599837319299,-33036.158373426115,-231806.43772518518,234148.69705149814,436454794.2608679,293.5401249871479
14.999999999999996,173.91544499999995,0.03552831867388016,-65182.0827284044,-238958.72945999025,247689.27771291466,492211271.16700774,293.54633508380664
20.0,173.91544499999995,0.03897120951852282,-107679.5879942994,-239628.50375744107,262710.3223774277,573728988.8583457,293.5540705054725
24.999999999999993,173.91544499999995,0.04462621642987395,-159055.68045715493,-231168.51778861732,280602.197251331,683192761.8857397,293.5632749881411
29.999999999999993,173.91544499999995,0.05299823070422432,-210582.79900403298,-212224.75247830348,298972.3411970581,768502420.8134751,293.57396100730756
35.0,173.91544499999995,0.06302805668962809,-268430.09524527326,-201679.66342707904,335751.99578475533,749897166.55752,293.58606889342775
40.0,173.91544499999995,0.07114715376993322,-403054.50529012387,-260458.49234009816,479887.02885860903,691227071.342173,293.5993840366121
44.999999999999986,173.91544499999995,0.07532399408524545,-622405.0359821523,-489187.33185233304,791638.9798770327,573992976.7406054,293.6133829248737
49.999999999999986,173.91544499999995,0.07694118034421993,-819933.9030191285,-1171159.4689778504,1429652.4427624575,551334606.5446707,293.6273359982127
54.999999999999986,173.91544499999995,0.07757195265893384,-1019947.8417933316,-3021359.6966420626,3188872.5306088817,903922194.0872499,293.6403967073968
59.999999999999986,173.91544499999995,0.07786266867837496,-1369429.2375718479,-7433812.6066364385,7558895.839162189,1941691148.49726,293.65174426875427
65.0,173.91544499999995,0.07804494942597637,-2400543.2179315495,-16424778.906096652,16599276.184680905,4181236945.830634,293.66078267695724
70.0,173.91544499999995,0.07823291534208011,-2939380.3844812717,-25412103.348219596,25581535.40398361,6438698174.931814,293.6669200634959
75.0,173.91544499999995,0.0783388874644245,-1463360.9019268358,-25977947.115705144,26019130.682550896,6660861715.466019,293.6699736374091
80.0,173.91544499999995,0.0783792514322728,-59935.07750476357,-26178186.517651007,26178255.128377832,6742582120.364231,293.6706077930699
84.99999999999999,173.91544499999995,0.07834488097217497,1456031.1365040268,-25922882.834764026,25963741.662853077,6632532874.614455,293.66917226959276
89.99999999999997,173.91544499999995,0.0782336483186224,2952336.7910212763,-25138059.523899857,25310834.224788997,6303151873.088243,293.6658501203708
94.99999999999997,173.91544499999995,0.07804964729307284,4297395.63471046,-23776099.723327104,24161343.65665171,5743637439.593864,293.6607441319628
99.99999999999997,173.91544499999995,0.07780390875515135,5338431.829886998,-21818459.551030118,22462057.599033263,4964138911.137789,293.65388840980705
104.99999999999997,173.91544499999995,0.07751580411008414,5866739.162998236,-19262361.84660676,20135968.124633815,3989237407.3844934,293.645229801554
109.99999999999997,173.91544499999995,0.07721723483885153,5751672.13174882,-16372254.985660424,17353168.748865973,2962800660.5012374,293.63465448493633
114.99999999999997,173.91544499999995,0.07694063689690926,4390469.426405613,-13780656.666953968,14463150.416028498,2058119836.2766929,293.62207258007936
119.99999999999997,173.91544499999995,0.07677818789621096,1364631.7148224076,-11679221.08896279,11758674.455990875,1385180600.0269482,293.6076085339603
125.0,173.91544499999995,0.07680168634559342,-2060008.9718973187,-8702632.175117223,8943122.706285706,1064794523.2436966,293.5917255894782
130.0,173.91544499999995,0.07705693585033538,-4504286.318408945,-8722804.634483464,9817123.60773624,1427678325.2136304,293.575288534807
134.99999999999997,173.91544499999995,0.07747986323181172,-6978042.263094676,-11680668.281316265,13606288.447761327,2268620062.3613396,293.5591650963783
140.0,173.91544499999995,0.07792603868015072,-8258705.536661194,-15148769.813980922,17253737.102965776,2928944925.043302,293.543780126066
145.0,173.91544499999995,0.07830573378547784,-6979445.920567707,-15489570.253543712,16989392.3375027,2839883628.1092005,293.5290828364622
150.0,173.91544499999995,0.07862398327220749,-5722245.5569562465,-15330412.707741434,16363546.315019418,2634509158.9985986,293.5149513377503
154.99999999999997,173.91544499999995,0.07887795834117346,-4384431.845300963,-14850992.570610313,15484677.036942422,2359115239.9177303,293.5011315600307
160.0,173.91544499999995,0.07906242645673758,-2981817.670111992,-14051048.854479859,14363955.253646951,2029985518.6964126,293.4873835654143
165.0,173.91544499999995,0.07917614010818466,-1577680.3253822469,-13001398.570416708,13096772.121249259,1687615069.5183966,293.47356379942835
169.99999999999997,173.91544499999995,0.07922019448927581,-753143.9926326822,-11755317.554125536,11779419.199263208,1365188457.3386142,293.4596002556658
174.99999999999997,173.91544499999995,0.07925145450744793,-391151.910071102,-6224910.021048458,6237187.233593504,684709272.3506477,293.4454211545908
179.99999999999994,173.91544499999995,0.07929016728869291,-232777.0536028172,-2792906.4516688623,2802590.1599159236,301979204.94801086,293.4310957064203
185.0,173.91544499999995,0.07934241507589546,-152088.8363310822,-1104807.3274495366,1115226.544215448,123735479.67947422,293.4164522273896
189.99999999999994,173.91544499999995,0.0794439546109226,-130341.01934063666,-404948.6435477567,425408.2571294595,54609130.58543852,293.40126511647327
194.99999999999997,173.91544499999995,0.07974216619866543,-123334.06206578854,-156422.449985894,199196.5705659545,40758967.65460852,293.3855111792742
199.99999999999994,173.91544499999995,0.08073160405291946,-102551.72010966351,-79631.77849150801,129838.65157637521,56049511.06416822,293.3695296997476
205.0,173.91544499999995,0.08320763450987106,-90096.40142112078,-64373.331646023646,110730.69753345133,86821061.02498627,293.35396155142223
209.99999999999994,173.91544499999995,0.08721573250664959,-96953.20247971705,-75602.93724961655,122946.0352831374,130349251.77121587,293.33951279032834
214.99999999999997,173.91544499999995,0.09170524445052923,-112927.74788189084,-100258.94788792588,151011.69780275214,160958178.2421867,293.32675282658226
219.99999999999994,173.91544499999995,0.09531690131248835,-145244.56043100913,-148582.85591538323,207780.76765371862,166149583.5640572,293.3160810812489
225.0,173.91544499999995,0.09738649036242836,-189291.37962780969,-236489.2127654667,302916.44748317933,143906603.810655,293.3076751804891
229.99999999999994,173.91544499999995,0.09833421871802334,-218142.63064577198,-374316.8485440113,433242.7846011725,115225491.05285555,293.30136426326186
234.99999999999997,173.91544499999995,0.0987475638799291,-219976.29955603584,-585816.1361046323,625755.6373592872,104132331.85983637,293.2966367382369
239.99999999999994,173.91544499999995,0.09892879432995173,-186290.27344335237,-898613.8357990129,917720.486787243,112760136.30563964,293.2928485840232
245.0,173.91544499999995,0.09900106510709397,-104862.2875560947,-1315429.855871648,1319602.896734469,138501306.53731516,293.28941393843024
250.0,173.91544499999995,0.09901356425998589,27291.92768562443,-1786637.6412400699,1786846.0791049346,178892479.64176717,293.2858648949267
254.99999999999997,173.91544499999995,0.09898552309809626,194388.12326682694,-2209364.877999264,2217899.886515147,230627690.63460723,293.2818644970225
260.0,173.91544499999995,0.09892093409298557,367720.62381280493,-2463489.0931175835,2490782.4009910165,289276296.1439179,293.27726685579387
265.0,173.91544499999995,0.09881125639831834,516267.9092140804,-2466854.097990423,2520297.9377161786,350081431.37844294,293.27220347077105
269.99999999999994,173.91544499999995,0.09863173589287319,612834.9084552329,-2220347.569000067,2303369.2609275314,410583430.3528906,293.2670173412843
274.9999999999999,173.91544499999995,0.09832922766343653,643123.4685157468,-1808939.376747142,1919861.834742819,475022474.78527856,293.26197414657895
280.0,173.91544499999995,0.09778932550689538,613418.9474871688,-1351207.7945360392,1483929.0108193227,557942952.5294784,293.25704652364004
285.0,173.91544499999995,0.09674952307595103,540202.8836559873,-938825.0906870185,1083148.9770173505,680266103.7559794,293.2520076300982
290.0,173.91544499999995,0.09460575487876789,432068.6666255467,-613953.9103538784,750748.1180252109,831869431.964225,293.2467008011165
294.9999999999999,173.91544499999995,0.09026803716212448,307204.4325279631,-389434.5781020915,496017.9976436156,899776716.1208736,293.2412608773527
300.0,173.91544499999995,0.08318690125438544,216877.80363982727,-270005.705038703,346322.1945892041,828670403.8337193,293.23611973818527
305.0,173.91544499999995,0.07503833422940209,165544.83281231206,-222147.13516493203,277045.91917738644,693118504.7335668,293.2316905156244
309.99999999999994,173.91544499999995,0.06799280911859173,126048.26682480487,-199979.25868209943,236389.23298783987,541159146.9998872,293.22806363451605
314.9999999999999,173.91544499999995,0.06263148095190477,94006.97313360486,-185033.74711487663,207544.69053462782,422782525.7923011,293.22505990399793
320.0,173.91544499999995,0.058614835851161375,71409.83879459808,-173160.32952019322,187306.87332880337,345073821.215478,293.22241300279114
325.0,173.91544499999995,0.05549280309270031,57193.22449087473,-163743.95580504794,173444.94224493572,295971747.1542211,293.2198785123754
330.0,173.91544499999995,0.05289574881922508,49535.722286724274,-156837.99812853962,164474.75623765268,266158466.33321813,293.2172587177171
334.9999999999999,173.91544499999995,0.050539265882344864,46893.79372800189,-152583.64403375072,159627.05383744554,250699326.77947325,293.2144113143635
339.99999999999994,173.91544499999995,0.048206419993127816,48037.367479380104,-151174.27018228328,158622.97639211977,247542765.30898535,293.21128741277926
345.0,173.91544499999995,0.04573582560393737,51883.16385866032,-152876.2735959221,161440.44635889676,256347166.57878727,293.20797847397677
349.99999999999994,173.91544499999995,0.043019788160114134,57296.97806721969,-157975.27032313152,168045.0229233283,277441187.14511865,293.2046813594403
354.9999999999999,173.91544499999995,0.040014370557098,62914.18656831494,-166567.31806439432,178052.98739060192,310253285.8945763,293.20157256472834
359.9999999999999,173.91544499999995,0.036761989389927356,67082.16341812248,-178165.40443594425,190375.75472385992,350683050.9023016,293.19873670975085
365.0,173.91544499999995,0.03341726082881637,68098.5222220012,-191491.45277771124,203239.72351816169,389137406.73437405,293.1962085166464
370.0,173.91544499999995,0.0302415235448473,64732.6163049297,-205241.58654601997,215207.85408903798,414891613.8338726,293.1940293972733
374.9999999999999,173.91544499999995,0.027523442702130745,56600.035938872796,-218860.49148884974,226060.7856374532,424993950.83934116,293.1922465611641
379.9999999999999,173.91544499999995,0.02545738070773128,44182.172661818695,-231269.61773133988,235452.11926572,423947947.1734331,293.1908807859782
385.0,173.91544499999995,0.02408936952876966,28917.402419417755,-239624.28921759644,241362.830911731,416214052.3233331,293.18991326753456
389.99999999999994,173.91544499999995,0.02335752050382711,13469.041483938503,-240514.4310108498,240891.27548121972,402876262.067742,293.1892964937862
394.99999999999994,173.91544499999995,0.02313893681877202,1769.0476559819353,-232404.85612896748,232411.58895789858,382916371.3925855,293.18896580207115
399.9999999999999,173.91544499999995,0.023230057821152346,-2374.989678703697,-217130.24344612058,217143.2319805191,355978858.08029443,293.1888432628643
0.0,178.88445771428567,0.042731323819920126,-7173.412756019225,-210177.0711991709,210299.45104167433,425083768.2337584,293.48413911733434
5.0,178.88445771428567,0.0430817118134562,-14327.966730545035,-215095.4072016091,215572.08731618675,443014197.93864745,293.4860929933983
10.0,178.88445771428567,0.04411958859048868,-32147.30497081406,-218994.9992128946,221341.95015211694,465009023.91345626,293.4898189368376
14.999999999999996,178.88445771428567,0.04618293937028931,-56804.24135336024,-219081.00157229565,226325.44506893388,486842364.35874814,293.49512201183904
20.0,178.88445771428567,0.04960687347404618,-87603.81206276882,-212360.5958969338,229720.3747551134,504381585.8096977,293.5018749110194
24.999999999999993,178.88445771428567,0.05469311146728218,-122098.20549985582,-195284.41753327398,230312.77758212877,507364222.3204134,293.51005995049536
29.999999999999993,178.88445771428567,0.061476804664541695,-153185.61767153404,-168164.6217801368,227475.6546970815,472090724.1056837,293.51975305675103
35.0,178.88445771428567,0.06889770331626964,-184780.78393617627,-151014.46964961218,238640.54172671813,397176899.1511252,293.53107865881265
40.0,178.88445771428567,0.07457487990870452,-260444.58179223907,-195237.16477101966,325497.9734080699,341056466.25241196,293.5441337510604
44.999999999999986,178.88445771428567,0.07741889204612795,-385448.9523664084,-400214.04815796355,555645.7317602165,310426876.1402014,293.55880931862436
49.999999999999986,178.88445771428567,0.07851387433451232,-502615.14335374866,-1045939.2386017554,1160435.6393938137,404583077.6657013,293.57466071067984
54.999999999999986,178.88445771428567,0.07895370803069328,-650250.5299842972,-2808350.130764572,2882647.4305246295,833347886.2472293,293.5907793972618
59.999999999999986,178.88445771428567,0.07917666921317612,-975785.1784345852,-6925981.075206873,6994381.357102025,1903555212.819249,293.60593156360136
65.0,178.88445771428567,0.07933960931766691,-1888944.7623996502,-14983145.561250666,15101747.025593515,4034892472.8175173,293.61895164467455
70.0,178.88445771428567,0.0795163351445233,-3225243.753242624,-26601638.62318963,26796443.321952354,7064788438.623852,293.6288614780681
75.0,178.88445771428567,0.07966213369299117,-2006191.8995746556,-27534103.376395393,27607094.281723082,7498704668.688016,293.6349262185623
80.0,178.88445771428567,0.07971695433448077,-88148.45809904105,-27922914.85942955,27923053.994819704,7671330346.41435,293.63776531685596
84.99999999999999,178.88445771428567,0.07967094853880108,1982580.3739832728,-27742621.15024144,27813371.842067752,7611182520.486651,293.6378187271403
89.99999999999997,178.88445771428567,0.07951869629708244,4093765.0129409255,-26903454.23540689,27213135.83139239,7286215827.864855,293.63535657507066
94.99999999999997,178.88445771428567,0.07926157203750699,6097042.07730849,-25338289.751584854,26061520.47804848,6682582853.70845,293.6305397105995
99.99999999999997,178.88445771428567,0.07890899208935159,7834510.582175741,-23017554.559015017,24314345.023863107,5816610767.434249,293.6234404906363
104.99999999999997,178.88445771428567,0.07847812097928941,8890677.388635332,-20247438.343410343,22113410.046824414,4811231906.344464,293.6140471550382
109.99999999999997,178.88445771428567,0.07801992435048806,8502442.410038836,-17479912.943181504,19438078.18271218,3717504491.192675,293.60234362736753
114.99999999999997,178.88445771428567,0.07762787673828553,4472132.452294729,-10824958.542275816,11712373.632738063,1915809332.7901812,293.58846706869895
119.99999999999997,178.88445771428567,0.07738513116916323,965679.6655716962,-6773952.977806915,6842439.342956416,960556953.6239908,293.5731142962718
125.0,178.88445771428567,0.07742650920884425,-1408297.141365414,-5390731.143021566,5571649.943663062,830719085.3372762,293.5572405562606
130.0,178.88445771428567,0.07776816398916833,-3180010.761261534,-6269686.391500357,7030038.114370641,1262280432.838181,293.5419180526405
134.99999999999997,178.88445771428567,0.07825202279994098,-5284906.757922711,-9597056.15312045,10955990.427436683,2097117063.7668533,293.52787490038133
140.0,178.88445771428567,0.07870661555326697,-7741095.3588387165,-15293206.861238597,17140791.506090656,3188057822.5145507,293.51512897364466
145.0,178.88445771428567,0.07910575568349171,-7108779.808142063,-16821055.862007212,18261507.89703346,3281089851.540649,293.5030235427854
150.0,178.88445771428567,0.07941749353408117,-5444744.118771328,-16754290.327853935,17616795.47786472,3053505295.8726587,293.49101229908786
154.99999999999997,178.88445771428567,0.07965023009536884,-3780714.19811013,-16410354.7855523,16840235.86638533,2790237637.8907666,293.4786772945912
160.0,178.88445771428567,0.07979556495389219,-2063504.2340325096,-15592175.802406814,15728127.541987656,2433878516.374723,293.46569618445926
165.0,178.88445771428567,0.07985658051877209,-435420.0885335613,-14503087.245136512,14509621.990029236,2071366981.2734873,293.45192506888617
169.99999999999997,178.88445771428567,0.07983910696274554,81634.63414669511,-11781922.357588977,11782205.169396231,1596586390.477165,293.4373359752468
174.99999999999997,178.88445771428567,0.0798470378717689,-179953.891655829,-6292035.183636101,6294608.022366179,836314394.2975395,293.4220769322527
179.99999999999994,178.88445771428567,0.07987771240929412,-206117.77702432146,-2878549.0085639535,2885919.0793766147,383156476.5123354,293.40648262339914
185.0,178.88445771428567,0.07994341599595091,-188777.04240216673,-1146845.9666298814,1162278.9866952498,160338961.9142662,293.39069319719033
189.99999999999994,178.88445771428567,0.08010544365421521,-178524.24239798545,-417840.59262301424,454380.5299166398,73900765.73724389,293.3748061861362
194.99999999999997,178.88445771428567,0.08059289012631846,-162173.57464086896,-158134.31268532292,226509.8875551727,61541515.70502897,293.3590392843853
199.99999999999994,178.88445771428567,0.08208254574865548,-127710.83898723534,-77567.09463669117,149421.25874587242,82868538.94864836,293.34376195216817
205.0,178.88445771428567,0.08541067946085976,-108720.02543295042,-59291.17946795118,123836.53698663486,111991574.63233648,293.3294078221119
209.99999999999994,178.88445771428567,0.09015215389328078,-112372.64174403004,-65433.175840529206,130035.03802094933,135524496.4429722,293.3163843661679
214.99999999999997,178.88445771428567,0.09456471854415287,-132657.39387802136,-87183.65981386339,158741.84920507873,133764084.06526546,293.30505717444305
219.99999999999994,178.88445771428567,0.09730935562294302,-175177.87946581803,-133950.03864074964,220521.88622900675,108383264.38837889,293.295750937722
225.0,178.88445771428567,0.09853291570866013,-214816.79447755386,-213374.04637982437,302778.3659017121,71742830.60192081,293.28860513607674
229.99999999999994,178.88445771428567,0.0990180020595089,-232126.71501043433,-345591.78693263856,416312.97723807464,50188550.12603139,293.2833877774943
234.99999999999997,178.88445771428567,0.09921611125213445,-224391.11704452423,-566359.0868313577,609191.2578533434,45645029.656594545,293.2795227442918
239.99999999999994,178.88445771428567,0.09929851117361704,-178157.34760057193,-907343.4799889458,924668.7142877288,52554396.99424981,293.27632472096457
245.0,178.88445771428567,0.09932741136776509,-76683.79876213665,-1362958.8432672084,1365114.3591043495,67841253.04925372,293.2731878414645
250.0,178.88445771428567,0.09932688478115387,74928.11140712198,-1856400.127828695,1857911.6385020665,88407568.75235103,293.26966096097493
254.99999999999997,178.88445771428567,0.09930790666796784,239923.771448405,-2266795.5830797646,2279457.3107597246,111299111.64633429,293.26550374399153
260.0,178.88445771428567,0.09927465031043754,387587.5988427907,-2485405.157846819,2515444.8802206526,134792559.24829856,293.26076874406385
265.0,178.88445771428567,0.09922398746915696,512063.7522287986,-2442189.625085442,2495295.4637119845,156858787.85257864,293.2557994683083
269.99999999999994,178.88445771428567,0.09914353781539069,600505.7504254808,-2139455.076426762,2222133.024897995,174884492.73961607,293.25101136327265
274.9999999999999,178.88445771428567,0.09900782339761144,628613.9283653945,-1677715.5546588658,1791615.1800203298,189865190.68781108,293.24660808347176
280.0,178.88445771428567,0.0987656220325337,597447.7902222546,-1202188.165935468,1342460.520222751,211044156.4985482,293.24251771271514
285.0,178.88445771428567,0.09829673205222111,529536.9123784603,-807802.5574173037,965895.6016781778,254685537.6019337,293.23854575294456
290.0,178.88445771428567,0.09729637340629171,438892.553692999,-522630.4892356589,682472.9313063385,341138256.60256714,293.23457261318885
294.9999999999999,178.88445771428567,0.09502955308949895,324737.90728307865,-331907.16409391275,464345.85602054955,450550007.1090474,293.2306647379733
300.0,178.88445771428567,0.09039956776092642,220152.3319785641,-219091.5470828514,310593.2312185138,491814026.6320893,293.2270272736853
305.0,178.88445771428567,0.0836219244620071,163374.94010853887,-173634.9033425167,238412.354365779,467594563.1352642,293.2238478342184
309.99999999999994,178.88445771428567,0.0767395102267504,129447.95801199952,-161461.1516085083,206945.5902217346,407218385.25899315,293.2211341072055
314.9999999999999,178.88445771428567,0.0711116921138615,100193.37232075007,-157493.7694750954,186662.79565162133,341049499.4276701,293.21873563805104
320.0,178.88445771428567,0.06677178572111833,77472.03249145407,-154798.15500574303,173102.23745387857,294623900.8651191,293.2164507075805
325.0,178.88445771428567,0.06336952199822714,62019.809848057695,-152521.05266475255,164648.49929335358,266704538.05952767,293.21409140354785
330.0,178.88445771428567,0.06057023314742315,52600.08711748645,-151081.72629978924,159976.4269712622,251799003.14901596,293.2115099530813
334.9999999999999,178.88445771428567,0.05810954758271502,47836.43008630964,-150981.7032099497,158378.65622482,246795492.73915452,293.20862241032444
339.99999999999994,178.88445771428567,0.05578660045444331,46547.13135563883,-152640.66746654946,159580.1015229431,250551980.0785907,293.2054514407379
345.0,178.88445771428567,0.05345488254332984,47684.78717006256,-156408.82199836563,163516.23321973445,263052852.97470462,293.20214666114794
349.99999999999994,178.88445771428567,0.05101838068480993,50228.95780139681,-162553.63804766207,170137.10190415502,284733329.69671935,293.19891464654245
354.9999999999999,178.88445771428567,0.04843319647064002,53099.59778096531,-171176.58718615028,179223.30006223524,315750337.9530474,293.19590561264494
359.9999999999999,178.88445771428567,0.04571318676528635,55128.482511350325,-182046.57208269174,190210.68316754172,354971394.0452316,293.1931836078882
365.0,178.88445771428567,0.042935829475604134,55137.09463116107,-194395.8162569819,202063.93191904356,398759860.4847891,293.1907827122554
370.0,178.88445771428567,0.04024009334254119,52151.95552944586,-206876.385759001,213348.69451265055,440598935.3903523,293.1887495706196
374.9999999999999,178.88445771428567,0.03780498076707943,45706.24229467734,-217913.1702874436,222654.91319399208,473275573.3495504,293.1871276991618
379.9999999999999,178.88445771428567,0.03580523053626969,36094.0936664901,-226228.2537906698,229089.5161520515,492750715.26748335,293.18592581900475
385.0,178.88445771428567,0.034360624060927145,24476.73054085021,-230987.03469468871,232280.2629045669,499358976.8100367,293.18511422532947
389.99999999999994,178.88445771428567,0.03350274559903765,12834.556130563427,-231731.5499293509,232086.701608963,495407201.24009514,293.18463953414823
394.99999999999994,178.88445771428567,0.03316085459959927,3772.3117842984875,-228675.13042020498,228706.24304748594,483290496.83912724,293.18443088146347
399.9999999999999,178.88445771428567,0.03314849145158211,259.7990721027229,-223352.50620671772,223352.6573031531,467141627.18096983,293.18439201409393
0.0,183.8534704285714,0.05310942537002672,-9183.043088851746,-206137.20159190855,206341.64427113312,417617947.64948,293.4324363091312
5.0,183.8534704285714,0.05356716356695042,-15483.991191594687,-207283.32438803866,207860.84420250545,423324453.696378,293.43399717462705
10.0,183.8534704285714,0.054651360296901715,-30075.400103657183,-206597.44682432263,208775.0816685839,426802504.3462954,293.4370313868785
14.999999999999996,183.8534704285714,0.05656036673008707,-48441.12166662716,-201569.04875167235,207308.04056518176,420869491.56335443,293.4414444642092
20.0,183.8534704285714,0.05947288603896686,-69655.78370348692,-189661.1728985726,202047.73868719544,399776894.243246,293.4471917448688
24.999999999999993,183.8534704285714,0.06349338000142749,-91213.44035536486,-168745.26138402795,191819.8502267834,358087260.87403107,293.454318570027
29.999999999999993,183.8534704285714,0.06849515479670731,-108018.39155544735,-141037.5292438673,177650.09870371775,292430776.6494331,293.4629760974286
35.0,183.8534704285714,0.07366628584542428,-122668.76152419542,-124553.31328864246,174817.4845519139,220612693.25697538,293.47341656565743
40.0,183.8534704285714,0.07749530776198757,-161966.4587008325,-163412.9189446946,230080.2377913275,184011412.73903865,293.4859397875086
44.999999999999986,183.8534704285714,0.07938852966190209,-230348.7623327497,-355106.9041642389,423274.6929516807,200497258.30256954,293.500739498745
49.999999999999986,183.8534704285714,0.08011532930306114,-297938.3057984214,-974760.7607440898,1019277.0843830594,352764550.7303013,293.5176830980317
54.999999999999986,183.8534704285714,0.0804167398594321,-402770.04139190324,-2665676.278094762,2695932.8118185694,833453740.2782648,293.53603024662584
59.999999999999986,183.8534704285714,0.08058476453156506,-667322.3631786704,-6548739.688093883,6582652.249573445,1953330238.1338832,293.5544090425043
65.0,183.8534704285714,0.0807224885981919,-1378124.6349715427,-13915757.1484021,13983830.82430632,4074142966.5071573,293.5712065738181
70.0,183.8534704285714,0.08087659295286938,-3062008.636894502,-25193080.62246836,25378479.232266996,7300129621.300241,293.58494581818525
75.0,183.8534704285714,0.08107523365949981,-2776448.5853187805,-29487756.295218766,29618177.49411892,8631007927.791775,293.59436111146607
80.0,183.8534704285714,0.08115423781140126,-267160.57138387323,-30229716.24181509,30230896.758640178,8991805681.517931,293.599582025354
84.99999999999999,183.8534704285714,0.0811019497166382,2469173.6970004765,-30213091.3007711,30313820.357960314,9041202531.108446,293.6011069629187
89.99999999999997,183.8534704285714,0.08090732044170121,5341767.448877461,-29385875.722721234,29867443.33666851,8776895944.907112,293.5992813856111
94.99999999999997,183.8534704285714,0.08056777297175045,8159212.614396451,-27646714.27473834,28825571.298344582,8175243546.946591,293.59431484915604
99.99999999999997,183.8534704285714,0.08009139918026156,10397732.90463869,-25581807.68974336,27614158.220579863,7502542607.416243,293.5863417883799
104.99999999999997,183.8534704285714,0.07952799968128658,10129612.979903338,-21080893.215414897,23388311.565445505,6041051726.031864,293.5754276894532
109.99999999999997,183.8534704285714,0.07895439303203705,5928696.810873236,-12329669.163525205,13681015.589394042,3293591262.1056094,293.56188458651934
114.99999999999997,183.8534704285714,0.0784676541388919,2622931.848935276,-6916547.940476786,7397189.121353644,1585434999.1564536,293.54668778762436
119.99999999999997,183.8534704285714,0.07818196655773578,451097.2678142368,-4200558.403900278,4224710.599509358,813091291.3064923,293.530985935887
125.0,183.8534704285714,0.07825878670800085,-858643.6457555494,-3518880.9075733186,3622125.3087214422,740336266.7956891,293.51603064239714
130.0,183.8534704285714,0.07867442568452623,-2028945.1962056353,-4734474.460829187,5150909.340053438,1176828736.8046544,293.5027922511671
134.99999999999997,183.8534704285714,0.07917347035884784,-3521311.8129519788,-8048106.723137678,8784740.10492337,2000529526.889382,293.4915509584173
140.0,183.8534704285714,0.0796022094346726,-5242480.999237805,-13302746.54095248,14298484.974296842,3084707290.124181,293.4818329104115
145.0,183.8534704285714,0.07997741459439832,-6796134.33796853,-19303564.29755798,20464970.963323403,4164355163.2679086,293.4726439732965
150.0,183.8534704285714,0.0802890289053663,-5314089.7828211915,-19156382.420736756,19879802.254283033,3888382437.957206,293.4628500577047
154.99999999999997,183.8534704285714,0.08050882357268044,-3229519.474820392,-18682243.532823317,18959325.395645354,3536638036.204679,293.45191949323305
160.0,183.8534704285714,0.08061198085284833,-1086370.3385378954,-18044882.751189914,18077554.97894132,3215320242.89782,293.43949571585375
165.0,183.8534704285714,0.08061746060653423,228215.29899023616,-17257652.554410055,17259161.44867499,2963825585.21767,293.42548399716037
169.99999999999997,183.8534704285714,0.08058890205609429,157605.83612992073,-11336361.712051764,11337457.231057387,1969425605.8337831,293.40996045209477
174.99999999999997,183.8534704285714,0.08059291715149725,-136470.33242798308,-6237549.007809518,6239041.735431693,1091602613.0618098,293.3935558471128
179.99999999999994,183.8534704285714,0.08062779960018397,-200921.9770876108,-2909027.925790237,2915958.3525668266,518055572.0780665,293.3769268631277
185.0,183.8534704285714,0.08071733890161653,-205556.35790588343,-1174098.1267447066,1191956.3026810004,222267843.20521218,293.36053556171845
189.99999999999994,183.8534704285714,0.08095464473743587,-198176.05482076455,-431642.21181841474,474961.8381805173,105360959.61595745,293.34469746490174
194.99999999999997,183.8534704285714,0.0816580767340189,-173725.7706703617,-163925.89863521652,238856.32425869405,86755167.08862807,293.3296779568808
199.99999999999994,183.8534704285714,0.08363962597616408,-133959.8250236371,-78947.97060207848,155492.8190706893,105181618.97079962,293.31570827526855
205.0,183.8534704285714,0.08758117442275147,-115228.13781728945,-57081.24550556594,128591.57178177325,125285016.43712616,293.3029769237814
209.99999999999994,183.8534704285714,0.09251298013027942,-120131.10906591185,-58333.52336570541,133545.06098565873,128517837.42750087,293.29165710929215
214.99999999999997,183.8534704285714,0.09637987181170952,-149576.11093856677,-76703.49032235116,168096.51510705822,108162963.56348424,293.28196022639685
219.99999999999994,183.8534704285714,0.09833238459010055,-196919.12388120312,-116576.60201509063,228838.9072852898,70468785.46929124,293.2741110030918
225.0,183.8534704285714,0.09907314307957649,-226772.5179476072,-187659.02651421615,294349.59678681596,38067296.125065625,293.2681736550991
229.99999999999994,183.8534704285714,0.09934506103793055,-234240.37962655548,-320273.0547388831,396791.3621027661,24999832.19599003,293.26387866131256
234.99999999999997,183.8534704285714,0.09945117596887058,-216235.33293676714,-559120.1485125351,599477.3220756177,24047567.29646146,293.26067181099035
239.99999999999994,183.8534704285714,0.09949212539822078,-150688.4227378824,-941981.4735229525,953958.1213070643,30344684.459915526,293.25791932983185
245.0,183.8534704285714,0.09950224516726203,-8417.141824040667,-1454932.6695396723,1454957.0169494092,41757490.28022907,293.25507117901634
250.0,183.8534704285714,0.09949381293735945,186341.63512070014,-1982034.96305035,1990775.175587002,54972187.79888719,293.2517592761949
254.99999999999997,183.8534704285714,0.09947597495162473,323044.7909520297,-2397566.407458918,2419231.82335565,67882522.49178773,293.2478838757489
260.0,183.8534704285714,0.0994557308374076,369151.5591031017,-2573021.4429820688,2599367.6576494095,77936979.77222951,293.2436467028982
265.0,183.8534704285714,0.09943269686974114,422800.40632522514,-2458747.2265517158,2494834.284609807,84917861.78965771,293.2394192192419
269.99999999999994,183.8534704285714,0.09939710268794849,518333.4548598776,-2094333.9142689165,2157522.680039294,89326469.7771274,293.2354898790595
274.9999999999999,183.8534704285714,0.09933160090544964,569709.43990426,-1572798.3295223748,1672801.073428756,89781060.1140546,293.23192113833437
280.0,183.8534704285714,0.09921132023398342,547835.7219173843,-1068701.6462366998,1200935.9628547118,91860651.1378136,293.2286072630987
285.0,183.8534704285714,0.09897695470321702,486206.1122739958,-680772.0677749491,836568.581692603,104677809.67387347,293.2254143975455
290.0,183.8534704285714,0.09847217958322263,408596.5144383694,-422869.5038861704,588021.8779332284,141836740.1969607,293.22230274958815
294.9999999999999,183.8534704285714,0.09727341767925116,314465.14585989184,-264795.83793119254,411102.3762353672,211667938.3835323,293.2193652291174
300.0,183.8534704285714,0.09446920557791402,212274.09914035466,-172318.60242962875,273411.7662229436,270504568.575549,293.21673680403063
305.0,183.8534704285714,0.08946627066916786,149432.26556297415,-132039.48939844416,199410.20222617767,287185864.98470134,293.21447509749896
309.99999999999994,183.8534704285714,0.08350018526089738,119867.15831551897,-126580.59110491197,174329.52041208226,280973594.0759727,293.21250397786366
314.9999999999999,183.8534704285714,0.07820262466457059,96024.08986854723,-131306.2575198249,162671.32230035326,257889707.2923477,293.2106483376897
320.0,183.8534704285714,0.07398872139742854,75623.31088802095,-136478.0135030329,156029.2707135437,239241955.80097574,293.20872271267274
325.0,183.8534704285714,0.0706493370578751,60792.96395048349,-140533.01003005382,153118.61863924973,230646097.73147565,293.206576531722
330.0,183.8534704285714,0.06791019129922296,51055.60650438693,-144009.38217014674,152791.94058770957,229689362.72575784,293.204117003605
334.9999999999999,183.8534704285714,0.06554383358328254,45344.645318931056,-147642.74370505442,154449.0745451589,234701038.2660008,293.2013329916846
339.99999999999994,183.8534704285714,0.06337573159734633,42649.099826268306,-152021.25171718517,157890.48954782163,245276614.33429718,293.19831775548937
345.0,183.8534704285714,0.06127893000839535,42052.443894757314,-157575.79920536594,163090.58995764138,261697357.2037209,293.1952485878976
349.99999999999994,183.8534704285714,0.05917051938699726,42683.999565356295,-164587.25291956658,170032.0194625257,284440570.90612227,293.1923039904102
354.9999999999999,183.8534704285714,0.057010674889283894,43680.53786998946,-173158.52434226644,178582.93294994027,313739934.6985148,293.1895910861715
359.9999999999999,183.8534704285714,0.05480301827711956,44183.72170656924,-183152.50550581334,188406.5857046949,349111990.9776614,293.1871545680891
365.0,183.8534704285714,0.05259405474277597,43391.11567082941,-194117.05289109118,198907.56431639794,388860380.82499367,293.18503051009134
370.0,183.8534704285714,0.05046843788005537,40669.98758003107,-205248.823218577,209239.40193560714,429761264.7825561,293.18326635968816
374.9999999999999,183.8534704285714,0.0485364520867471,35718.6731959921,-215474.0058013318,218414.44730363984,467346350.83483684,293.1818929587824
379.9999999999999,183.8534704285714,0.0469119068876394,28724.413310231477,-223683.04399684136,225519.83525115895,497041491.5597397,293.1809007446533
385.0,183.8534704285714,0.04568327014224996,20444.589304789803,-229036.20734361093,229946.87539992158,515655091.0449941,293.1802492038885
389.99999999999994,183.8534704285714,0.04488544788119188,12145.792311331938,-231214.56425410215,231533.3561154512,522306771.41010934,293.1798854875197
394.99999999999994,183.8534704285714,0.04448050863637496,5344.660113480677,-230624.6608014322,230686.58296811345,518847383.82570565,293.17974682971146
399.9999999999999,183.8534704285714,0.04435582078201378,2511.566783487789,-228670.76374458204,228684.55601382087,510890634.2558284,293.1797447748968
0.0,188.82248314285707,0.06315420486365861,-8830.541388475058,-197982.64494117044,198179.47966203548,386290957.8605649,293.3786329827463
5.0,188.82248314285707,0.06359558182141395,-13998.629170049078,-196984.72984498463,197481.50650312076,383528053.16008925,293.3798478168625
10.0,188.82248314285707,0.06455342139972255,-25272.859414302413,-193547.82783042503,195190.87858004775,374655666.38674974,293.38224365788244
14.999999999999996,188.82248314285707,0.06612152046092969,-38161.518911990475,-186000.01720452614,189874.45306242286,354505080.615525,293.3857915506532
20.0,188.82248314285707,0.06836732921352377,-51658.276888190216,-172658.83769838387,180221.1192019786,319164201.4102085,293.3905072069563
24.999999999999993,188.82248314285707,0.07128090468832093,-63564.54222843377,-152455.15944658624,165175.74480108867,266460506.81749094,293.3964868924287
29.999999999999993,188.82248314285707,0.0746770533628898,-70398.55146284521,-127977.08417531534,146061.93933425166,199727722.69664276,293.4039357463274
35.0,188.82248314285707,0.07797949003704402,-73509.90320782083,-114442.96489172606,136018.00646543835,139545570.55010998,293.41318410546904
40.0,188.82248314285707,0.08031244681676554,-87537.59067645571,-151829.65359129495,175257.16387951543,119220221.64733873,293.42466240236683
44.999999999999986,188.82248314285707,0.08143289972212439,-116073.00219717243,-337033.33432128176,356460.951974807,166357581.66899815,293.43879081719047
49.999999999999986,188.82248314285707,0.081857007721689,-147788.59142447595,-940783.5189070065,952320.9003283927,367359324.9227513,293.4557562336462
54.999999999999986,188.82248314285707,0.08204134355560966,-214542.60227977074,-2584273.949208743,2593164.162322148,929833998.0746893,293.4751581488696
59.999999999999986,188.82248314285707,0.08215852630983589,-406375.6622079739,-6313960.440141566,6327024.388961026,2197880477.640018,293.49578323729526
65.0,188.82248314285707,0.08226811475230464,-927366.4711444721,-13244093.985972837,13276521.912047777,4527087538.691479,293.515803448574
70.0,188.82248314285707,0.08240060513136306,-2250216.730575248,-23537449.91124171,23644767.363177273,7932893172.649926,293.533227738974
75.0,188.82248314285707,0.08259263441192519,-3205860.902142782,-33162402.624723062,33317000.04454373,10921357700.608166,293.5462440111685
80.0,188.82248314285707,0.08272119122157734,-808988.231040253,-33429593.549451254,33439380.778349865,11001738197.976841,293.5539647821285
84.99999999999999,188.82248314285707,0.08267353323502921,2821191.227624642,-33484136.020390883,33602774.95944144,11109516021.5447,293.5568528523174
89.99999999999997,188.82248314285707,0.08243907209881488,6644237.027342431,-32938911.843125287,33602348.11861646,11109233785.040623,293.55527961245707
94.99999999999997,188.82248314285707,0.08200910953229497,9877534.56168347,-32068522.295552243,33555265.030060224,11078123424.148762,293.54945568032537
99.99999999999997,188.82248314285707,0.08145131864264653,9827892.21785641,-26233442.887781292,28013942.79983247,9266134131.76091,293.5395201031938
104.99999999999997,188.82248314285707,0.08082969726764763,6440092.791598363,-16268980.58800617,17497271.916996628,5799375193.753476,293.52606112675704
109.99999999999997,188.82248314285707,0.08021141539741172,3458894.1094982363,-9077784.45676067,9714428.398219176,3161089324.1683335,293.51042549116767
114.99999999999997,188.82248314285707,0.07965210572236785,1417859.6857620433,-4733668.044563982,4941451.127415451,1513779516.7039092,293.49415251608315
119.99999999999997,188.82248314285707,0.079318023483796,205463.67995112692,-2713274.4083280438,2721042.6932826606,779715166.6226041,293.47886070561333
125.0,188.82248314285707,0.07943219040493547,-470966.0675458793,-2445734.474553435,2490667.813418481,740368519.487352,293.4658477973509
130.0,188.82248314285707,0.07988931936443294,-1187450.1129807262,-3839187.0553643554,4018630.987898139,1240651012.1000693,293.45565820819303
134.99999999999997,188.82248314285707,0.08035937006773838,-2064968.596649315,-7097278.533273968,7391580.20209612,2198796382.135936,293.4479774069317
140.0,188.82248314285707,0.08073397371888945,-2985637.2412089235,-12118116.550941903,12480495.922771087,3516721508.3032227,293.4418596211716
145.0,188.82248314285707,0.08104448980436674,-3932076.582820128,-17738475.873543948,18169060.31057917,4851068921.073677,293.43598331007655
150.0,188.82248314285707,0.08132125969024838,-4023748.6189700966,-22086002.06589145,22449544.320614286,5698153284.511025,293.4289514878683
154.99999999999997,188.82248314285707,0.08150687620828846,-2549077.0811716714,-23446203.427653693,23584364.50567779,5745304699.352871,293.4197440792634
160.0,188.82248314285707,0.08158886999026134,-737694.3786343479,-21421335.40092075,21434033.76303698,5153643853.241195,293.4078740237688
165.0,188.82248314285707,0.08159098438207524,-31729.530977023907,-16822992.563489087,16823022.485699326,4099768216.2664065,293.3934226669176
169.99999999999997,188.82248314285707,0.08159354163762779,-101291.83953974105,-11220265.587082887,11220722.787834741,2800171033.8563075,293.3770080823797
174.99999999999997,188.82248314285707,0.08161388106121374,-180506.52530535383,-6248016.620452436,6250623.512508787,1585145585.3254902,293.35970703159836
179.99999999999994,188.82248314285707,0.08166797549510145,-207189.0824067728,-2945441.6134923687,2952719.697899055,765281513.0807447,293.3425935373514
185.0,188.82248314285707,0.08179872226743934,-208267.33605790007,-1201702.5830217295,1219616.4894382786,332916080.26678586,293.32638013940743
189.99999999999994,188.82248314285707,0.08214174216797054,-196361.09971811235,-447698.36907934246,488867.58039249195,157109230.11989772,293.311426720467
194.99999999999997,188.82248314285707,0.08311071016263541,-164318.5503445369,-172245.85778084988,238052.98046861516,115703409.83474995,293.2978719843181
199.99999999999994,188.82248314285707,0.08555163439998585,-126046.95343928988,-82450.98761650862,150618.7233721763,118083805.6119619,293.2857328464192
205.0,188.82248314285707,0.08977908366632029,-111330.08186047553,-56451.149549211,124824.35424422419,121815907.06770352,293.2749876677096
209.99999999999994,188.82248314285707,0.09439816579573274,-119028.2994663842,-52848.46587502557,130233.23853457296,108671698.92953512,293.2656487933448
214.99999999999997,188.82248314285707,0.09753044803401019,-154698.67267408286,-66586.61840309892,168420.47701358332,81105149.48470329,293.25780618271074
219.99999999999994,188.82248314285707,0.09889389741853427,-198741.0638291208,-99342.45534627735,222186.70951737365,44853563.98049385,293.2515647259574
225.0,188.82248314285707,0.09936573322327158,-218869.8789103861,-166097.55044542352,274758.84000013006,21643763.178721517,293.24688555856596
229.99999999999994,188.82248314285707,0.0995316769394418,-219022.64801693495,-304564.82787058933,375140.84650993673,14431908.576316861,293.2434700432303
234.99999999999997,188.82248314285707,0.09959401919962838,-192107.43292444333,-570674.0423445088,602141.286070505,15616635.691362584,293.24083227385654
239.99999999999994,188.82248314285707,0.09961577577517569,-106855.71962362215,-1015362.5600770185,1020969.7709640766,22345161.502127025,293.23845966837564
245.0,188.82248314285707,0.09961730068319481,86921.50577219558,-1629025.6154777207,1631342.944953106,33732068.37727476,293.2359383773185
250.0,188.82248314285707,0.0996045779206218,285087.90541934007,-2085953.860759706,2105345.25031756,43610543.83378315,293.2330451700144
254.99999999999997,188.82248314285707,0.09958879189265288,301447.4472726181,-2163042.637736067,2183946.8894941974,46927670.70442193,293.2298089741305
260.0,188.82248314285707,0.09957443317589454,259721.44398228597,-2266797.204326539,2281627.6633155677,51219389.79924402,293.22646125165636
265.0,188.82248314285707,0.09956281974825465,249471.72028999543,-2408764.090779261,2421648.3196889036,57698829.09269701,293.2232537672675
269.99999999999994,188.82248314285707,0.09954948600386554,361342.1075409511,-2148730.292852798,2178901.096907661,58540221.97046856,293.2202956438174
274.9999999999999,188.82248314285707,0.0995175348860714,459455.8217404439,-1520958.195257591,1588840.2952633142,52067943.08938346,293.2175410635601
280.0,188.82248314285707,0.09945316769774352,461534.5245983675,-967553.2991771311,1071995.1045339676,47107432.27452311,293.21488272544764
285.0,188.82248314285707,0.09932524202152201,412310.99607649725,-574938.9260255125,707499.2057557119,48336972.55775973,293.21225230735917
290.0,188.82248314285707,0.09904849155898747,348047.1377962773,-334960.5761429928,483048.0283555938,62390466.480333924,293.20969091992924
294.9999999999999,188.82248314285707,0.09837937339826337,274475.86366111774,-201157.54263130968,340295.9839463047,97572181.20859888,293.20733942597803
300.0,188.82248314285707,0.09669792975986957,188457.9841742079,-129438.9495558523,228628.19918183426,139862497.86045438,293.2053238643115
305.0,188.82248314285707,0.09325416678630892,127293.34481735574,-98211.18903358562,160776.3455430584,162585606.27262378,293.20364848602827
309.99999999999994,188.82248314285707,0.08856028673519735,101382.60674550182,-97705.39152808016,140800.48467305966,177325260.83471003,293.20219304700277
314.9999999999999,188.82248314285707,0.0840373509737644,83642.19864715487,-108711.26989893209,137164.7097382143,182393982.90699735,293.20076495393226
320.0,188.82248314285707,0.08031878570838713,67158.80515058825,-120021.23209028057,137533.27328949774,185759696.8674175,293.19918222831825
325.0,188.82248314285707,0.07733396782673017,54380.90687443103,-129227.42912981493,140203.46455058406,193364673.11944097,293.19732053904744
330.0,188.82248314285707,0.07488176189413705,45517.415020875276,-136794.92058541314,144168.9473088851,204494092.14692163,293.1951343398145
334.9999999999999,188.82248314285707,0.0727823053664335,39872.7874466519,-143568.94301046588,149002.95492341177,218440942.727879,293.19266804621424
339.99999999999994,188.82248314285707,0.07089448840831282,36676.205879372596,-150239.52887887057,154651.41485111316,235316585.4962356,293.19004843826195
345.0,188.82248314285707,0.06911468570568136,35199.429105539784,-157298.68102148734,161188.94149554908,255631838.41506138,293.1874397860613
349.99999999999994,188.82248314285707,0.0673745487078586,34751.42394689461,-165054.84340093267,168673.53911163186,279921991.07455784,293.18497721617246
354.9999999999999,188.82248314285707,0.06563955730530706,34668.8899826335,-173631.0028663382,177058.34374295466,308440306.41895455,293.1827337298585
359.9999999999999,188.82248314285707,0.06390771176956897,34326.326138494755,-182946.64468662045,186139.11858676793,340878582.58864814,293.18074313992946
365.0,188.82248314285707,0.06220708627190588,33174.75000102097,-192698.58144074914,195533.39184627077,376125562.1014478,293.17903724989304
370.0,188.82248314285707,0.06059064824969414,30810.339398060158,-202363.99639878309,204696.0284233926,412139613.65505666,293.1776489789645
374.9999999999999,188.82248314285707,0.05912689875469684,27061.714127418123,-211254.11963521014,212980.37335482764,446068795.3682873,293.1765873423887
379.9999999999999,188.82248314285707,0.05788586091244729,22067.63872170348,-218638.30931117418,219749.1546677718,474735313.7006885,293.1758276380012
385.0,188.82248314285707,0.056921901135859876,16302.447335123237,-223929.22435771444,224521.86376957162,495455437.8014146,293.1753272413198
389.99999999999994,188.82248314285707,0.05625733274298158,10502.395753306748,-226888.19893954459,227131.1408296745,506981531.7401894,293.17504172264574
394.99999999999994,188.82248314285707,0.05587288467909328,5452.202428758311,-227800.25273646836,227865.490274686,510306805.43221605,293.1749251640974
399.9999999999999,188.82248314285707,0.0557127029877211,3206.3488730162544,-227556.02925646995,227578.6174579389,509143094.86761975,293.1749156012898
0.0,193.7914958571428,0.07277830161192231,-7124.5284338430265,-190164.47203586725,190297.88577407994,356286258.1956793,293.32314148601284
5.0,193.7914958571428,0.07313451679065541,-10976.842828261582,-188170.2029350605,188490.09616183606,349545066.3919197,293.32403858291866
10.0,193.7914958571428,0.07387593851002906,-18998.118131058072,-183504.38215345924,184485.1938829901,334845444.8619037,293.32582619603284
14.999999999999996,193.7914958571428,0.07503422584406197,-27347.246889251262,-175251.87141851903,177372.74409591453,309507284.37547094,293.3285111174346
20.0,193.7914958571428,0.07661036255037613,-35011.5938714395,-162538.69205409582,166266.7679365748,271808665.6679656,293.332141156617
24.999999999999993,193.7914958571428,0.07853302826812397,-40082.12719550578,-145086.28051827403,150521.1138516587,221715452.77222022,293.33683535735486
29.999999999999993,193.7914958571428,0.08059700259924099,-40000.85562771404,-125430.62888782831,131654.51421863717,164234532.76152724,293.3428154995037
35.0,193.7914958571428,0.08238530429264654,-35058.668785852366,-116148.63935527872,121324.42738838168,117770372.34290807,293.3504348487191
40.0,193.7914958571428,0.08344795598417123,-31499.788492922322,-154409.2128562584,157589.4720150688,113272415.8219018,293.36018267441426
44.999999999999986,193.7914958571428,0.08384557222144354,-30494.493091339427,-338227.99640193075,339599.8993800826,192212840.98015806,293.3726283270044
49.999999999999986,193.7914958571428,0.08396451965284948,-33381.159824739916,-937111.3750600412,937705.7273463601,468058519.97411066,293.3882535460724
54.999999999999986,193.7914958571428,0.08402617465052194,-65130.72988106555,-2564719.4155117036,2565546.2756063347,1211156427.9999135,293.407109196761
59.999999999999986,193.7914958571428,0.08408632928331905,-176494.76812441435,-6237767.642954625,6240264.062575156,2867904802.124501,293.4284266250693
65.0,193.7914958571428,0.08415828771885671,-463847.1669145505,-12990173.656861939,12998452.439797767,5867826711.858128,293.45049991129406
70.0,193.7914958571428,0.08425005769038156,-1079663.9609010024,-22825766.330659438,22851286.24061093,10118360484.47347,293.4709675222487
75.0,193.7914958571428,0.08437092166507003,-1740536.7455334244,-33429390.327139128,33474671.10826894,14342082081.219887,293.48734570111765
80.0,193.7914958571428,0.0844764793190138,-577416.3701046859,-41674877.34107344,41678877.2768411,17372084033.937546,293.49790733214957
84.99999999999999,193.7914958571428,0.08442961166888209,2956814.424480703,-42188061.009647004,42291550.495276414,17597544327.08609,293.50198339990027
89.99999999999997,193.7914958571428,0.08418079787656572,6618990.881250954,-41507569.47510105,42032004.044732675,17722601192.895477,293.50004132478693
94.99999999999997,193.7914958571428,0.08375475087204953,7386206.51683057,-33317189.134242754,34126106.40720934,14903722179.914429,293.4921261723826
99.99999999999997,193.7914958571428,0.08322007560504455,5756332.804015624,-23108447.917614773,23814611.74387903,10797878640.947515,293.4792516995006
104.99999999999997,193.7914958571428,0.08264083479213609,3596319.038037586,-13869481.103760881,14328154.686174063,6707669879.628558,293.4629991827671
109.99999999999997,193.7914958571428,0.08202580012198629,1878878.2373738603,-7274934.238466029,7513644.362417109,3574118033.0368314,293.44544600204176
114.99999999999997,193.7914958571428,0.08143184842418487,717696.8454775511,-3519487.598140161,3591918.9461165224,1693920195.757929,293.42877155936765
119.99999999999997,193.7914958571428,0.08106808559586126,91804.9831782842,-1921971.9239036015,1924163.2548227494,891587406.6314367,293.41482197316424
125.0,193.7914958571428,0.08120714924050285,-235425.67101040154,-1901772.5525746765,1916289.1452745586,898483106.3438894,293.40462299272986
130.0,193.7914958571428,0.08165354501944885,-624342.1658193337,-3397108.2594279535,3454004.5840000845,1600667373.3945932,293.39817621103316
134.99999999999997,193.7914958571428,0.08205854814580411,-1062326.1061925662,-6658111.305228174,6742327.707009315,2998521435.7779794,293.39467081532484
140.0,193.7914958571428,0.08236574251918985,-1495184.8458768371,-11691519.293848518,11786738.358077347,5044740424.159644,293.3928101906305
145.0,193.7914958571428,0.08261037340034001,-1867484.6686062128,-17534917.87821387,17634081.8865963,7299537640.45111,293.3909461778962
150.0,193.7914958571428,0.08281129804934212,-1884636.2860325822,-22156658.72706639,22236667.46341092,8896904918.932838,293.38726390516683
154.99999999999997,193.7914958571428,0.08295502654245665,-1368185.869925346,-23871904.237915132,23911079.953001995,9370000726.533754,293.3803104538863
160.0,193.7914958571428,0.08303919656129091,-687361.4988113788,-22013874.571992487,22024603.04980468,8609212908.08782,293.36940275843693
165.0,193.7914958571428,0.08307901681599371,-302625.71506331896,-17316537.554631453,17319181.712897956,6854692228.798065,293.3548639014623
169.99999999999997,193.7914958571428,0.08310948666728826,-209210.6181880262,-11445079.640690342,11446991.616337769,4583009655.358185,293.3379271662771
174.99999999999997,193.7914958571428,0.08315338837968018,-200851.4625010444,-6371125.548495991,6374290.7107134005,2582848942.2747583,293.32033608482624
179.99999999999994,193.7914958571428,0.08323925401259799,-201849.5650824932,-3013341.6036531483,3020094.5129632815,1247705126.5860035,293.30357733518736
185.0,193.7914958571428,0.08343403114836077,-196120.42797265304,-1237640.2290795592,1253082.8220450077,542082950.8046997,293.288474351002
189.99999999999994,193.7914958571428,0.0839274056934788,-176989.97945505724,-466969.2742346335,499385.3781466994,246253213.7830177,293.2752607630562
194.99999999999997,193.7914958571428,0.08521032203988327,-139970.67561712506,-182834.4679056888,230261.22705976965,150834364.46604142,293.26383977416583
199.99999999999994,193.7914958571428,0.08797457035744877,-108105.48496149521,-88371.40845217877,139629.15780947,121169335.79333818,293.2540043716141
205.0,193.7914958571428,0.09203910589859227,-97605.26654770915,-57437.35978085607,113251.21790270008,102895978.7756227,293.24557609189026
209.99999999999994,193.7914958571428,0.09593325029239044,-105509.26867679268,-48721.35645635857,116215.21566326491,78890074.46095729,293.2384668314125
214.99999999999997,193.7914958571428,0.09830296732104318,-139057.24099261194,-57401.0625648218,150438.68603536772,53016063.08101954,293.2326750094289
219.99999999999994,193.7914958571428,0.09924408246632124,-173851.431692973,-85164.87639077024,193590.7448003433,26537204.47713068,293.22819225074
225.0,193.7914958571428,0.09955414621086639,-186205.50490830347,-150764.9017613482,239588.28364773016,12631471.660037851,293.22488039072584
229.99999999999994,193.7914958571428,0.09966053975060739,-182448.52204918375,-298429.84985113016,349782.5588563552,9586993.387209002,293.222423884255
234.99999999999997,193.7914958571428,0.09969945156715578,-154001.68435827454,-597234.7304740367,616770.4938383327,12501539.56618571,293.22041948960356
239.99999999999994,193.7914958571428,0.09971197927445913,-68344.95306185615,-1118538.8640387065,1120624.9251975557,20529419.85479122,293.21849787073626
245.0,193.7914958571428,0.0997108073667036,108637.11989106379,-1850829.268700721,1854014.8342711476,33819817.68347749,293.21641023447216
250.0,193.7914958571428,0.09970111556247002,198686.87709811985,-1947613.944499023,1957722.2867245616,37709174.253066264,293.21408487395956
254.99999999999997,193.7914958571428,0.09969093867899378,201098.42482310403,-2053251.5612102412,2063075.9923179336,41876975.05286237,293.21163237621926
260.0,193.7914958571428,0.09968100571998771,188582.21396703125,-2134728.3190678856,2143041.8212566706,45186233.82993479,293.20923599789717
265.0,193.7914958571428,0.09967208045759708,162843.1317643453,-2183276.3615102163,2189340.8954048497,47159764.92589251,293.20700569000576
269.99999999999994,193.7914958571428,0.09966472140681128,236085.78370026778,-2239911.8091380447,2252319.1181494324,49911968.571377195,293.20491781338586
274.9999999999999,193.7914958571428,0.09964847187922705,330151.9236621843,-1529766.7224219088,1564987.7052958948,38523138.70954876,293.20286383671476
280.0,193.7914958571428,0.09961194147998767,348313.23942358635,-903744.2848661597,968543.1560782405,29339019.14584042,293.2007484282511
285.0,193.7914958571428,0.09953775017371325,313531.27733120363,-496414.8736938541,587136.7717060662,25432801.438451312,293.1985600140855
290.0,193.7914958571428,0.09937684200542275,264922.1615487199,-266866.53287738294,376033.90545220964,29005517.247409776,293.19640637386135
294.9999999999999,193.7914958571428,0.09898541838246118,211507.82223733564,-150129.6252844143,259373.21229382773,44103316.594768696,293.1944664933827
300.0,193.7914958571428,0.09796754480455497,147983.88329262222,-94243.495042527,175445.33642190447,67117111.51858605,293.19286335168147
305.0,193.7914958571428,0.09570583129734139,98150.37343844853,-72503.39969154319,122025.5660627664,84183196.18624803,293.19157876985275
309.99999999999994,193.7914958571428,0.09232765196506314,77574.82840154735,-76017.22658873888,108611.56816736046,102605684.55990072,293.19048234091383
314.9999999999999,193.7914958571428,0.08884786692378277,65590.67160232806,-91132.46496510002,112282.06611859094,121664303.04846634,293.1893943001127
320.0,193.7914958571428,0.08589426600994897,53715.01025464904,-106714.3609680658,119470.73768701563,140089948.59496802,293.18815389584114
325.0,193.7914958571428,0.08348947228602069,43907.26829010873,-119703.6393576856,127502.19403670843,159907333.23413256,293.1866635398655
330.0,193.7914958571428,0.08150466921739855,36778.23224725506,-130383.8125653043,135471.6831898734,180564352.34717667,293.1849064663266
334.9999999999999,193.7914958571428,0.07981173282916865,31981.04237227105,-139599.20013406465,143215.65469349932,201801830.41895527,293.1829455556848
339.99999999999994,193.7914958571428,0.07830657040653412,29004.345154605453,-148074.00525598042,150887.9155876825,224002939.49742103,293.1808993762516
345.0,193.7914958571428,0.0769112986707766,27329.250297359536,-156332.10522628267,158702.914422821,247807596.41006684,293.17889754916064
349.99999999999994,193.7914958571428,0.07557364564000826,26453.90744621092,-164707.4776554421,166818.35155279128,273799296.80026,293.1770379869803
354.9999999999999,193.7914958571428,0.07426590899172202,25902.030087220537,-173352.68890510424,175277.12318859278,302269740.9847093,293.17537460949194
359.9999999999999,193.7914958571428,0.07298344651968965,25238.074097304034,-182240.95054773166,183980.2283961018,333031348.77193433,293.1739346318053
365.0,193.7914958571428,0.07174211345884292,24095.779964443587,-191171.52582165733,192684.09092884517,365284449.0369618,293.1727359285802
370.0,193.7914958571428,0.07057389840430436,22219.719450362994,-199791.41018473636,201023.1914880928,397580659.391436,293.17178451891107
374.9999999999999,193.7914958571428,0.06952020255203692,19511.515051135648,-207646.00422954434,208560.69210684605,427944604.77919596,293.1710649397047
379.9999999999999,193.7914958571428,0.06862284670610588,16063.502440531207,-214265.83303292483,214867.12944503673,454203044.1192929,293.1705440707103
385.0,193.7914958571428,0.06791398093006647,12155.798427438933,-219283.18798724198,219619.85331307512,474506631.6023006,293.17018504167777
389.99999999999994,193.7914958571428,0.06740739493933562,8192.391866980413,-222554.31884214206,222705.05185063047,487926461.2864165,293.16995650484535
394.99999999999994,193.7914958571428,0.06709483722318049,4561.969293517958,-224244.32622658362,224290.7251953354,494903373.20636207,293.1698327204253
399.9999999999999,193.7914958571428,0.06695124745014946,2872.038766698273,-224812.0559678667,224830.4007806254,497299621.84053534,293.1697875723787
0.0,198.76050857142852,0.082052201987036,-4859.515926317563,-184221.89139479876,184285.9738670178,334139901.50569123,293.2663216064345
5.0,198.76050857142852,0.08229517718108595,-7369.478041474326,-181863.96330519073,182013.21478309075,325948611.72280777,293.2669139195954
10.0,198.76050857142852,0.08278914714768307,-12410.131240136483,-176864.34701819305,177299.2064380696,309282448.9379179,293.26810267409917
14.999999999999996,198.76050857142852,0.08353618127316013,-17205.22092531172,-168859.09484576786,169733.36012469913,283439034.06831074,293.2699070483038
20.0,198.76050857142852,0.08450959154996159,-20867.098241255564,-157652.88049621676,159027.8796870681,248718784.49825716,293.2723794248036
24.999999999999993,198.76050857142852,0.08562201294445226,-21798.712824791965,-143686.67640732968,145330.8117977823,207073434.74740574,293.275628239628
29.999999999999993,198.76050857142852,0.08668176742348493,-17880.651489308562,-129610.2360361307,130837.80410502013,164284650.7909939,293.27984609471207
35.0,198.76050857142852,0.08736610330385126,-8567.937987971269,-125834.22770163979,126125.58195161619,135986193.98987806,293.2853429010146
40.0,198.76050857142852,0.0874261906491283,4211.036595119748,-166265.93389537252,166319.2520525084,154645147.27592552,293.29257496698665
44.999999999999986,198.76050857142852,0.08712682935730842,22373.656577385904,-351308.7560930708,352020.48607475037,289109846.4629726,293.3021480004175
49.999999999999986,198.76050857142852,0.08689564944170963,39679.62515594865,-956620.0828894206,957442.6644138428,724161130.5216547,293.31474257757446
54.999999999999986,198.76050857142852,0.08680823919129242,34196.465557848314,-2606550.5779930507,2606774.8874600884,1893585391.16634,293.3308642609778
59.999999999999986,198.76050857142852,0.08679879619010626,-14621.854283156823,-6333033.058548005,6333049.938164437,4512327609.489067,293.35039660017986
65.0,198.76050857142852,0.08682495904206432,-127861.57657613959,-13183882.956461456,13184502.963420326,9277640991.051748,293.37216479085293
70.0,198.76050857142852,0.08686815557629132,-293773.7546201206,-23196074.875824116,23197935.094825625,16123777164.810068,293.3938291289798
75.0,198.76050857142852,0.08691442056161633,-309476.9768871573,-34278845.64799499,34280242.63272196,23431857184.18109,293.41230176771575
80.0,198.76050857142852,0.08693087505361527,301612.67327944684,-42673021.75001784,42674087.6350295,28649356030.68265,293.42475872710185
84.99999999999999,198.76050857142852,0.08686619346598916,1913559.931671184,-45516189.9153983,45556396.43372491,30517873286.43393,293.4296370491749
89.99999999999997,198.76050857142852,0.08664488379810949,3330195.5592640745,-41787889.19357521,41920375.54361199,28575197241.359894,293.42671096644125
94.99999999999997,198.76050857142852,0.08631581201070472,3474163.772775864,-32996972.28706833,33179360.964817025,23367905037.266033,293.4166648841374
99.99999999999997,198.76050857142852,0.08589535352369793,2743729.779590478,-22276377.811892644,22444711.214929778,16418020827.615797,293.40128508793833
104.99999999999997,198.76050857142852,0.08540696822358126,1736716.7817255382,-12845832.157777324,12962699.911890006,9822120868.404993,293.38314898177117
109.99999999999997,198.76050857142852,0.08486354648082325,887022.572419696,-6430587.128576849,6491475.93865989,5082919956.5483055,293.3650985232011
114.99999999999997,198.76050857142852,0.0843195009745817,314797.1092847811,-2941330.4080828326,2958128.088762685,2380807036.098149,293.34955716200807
119.99999999999997,198.76050857142852,0.08399303173973258,34940.28100510893,-1555944.4510036341,1556336.7109484104,1277298457.6121564,293.3380934414794
125.0,198.76050857142852,0.08413223158062105,-100938.3323511206,-1675030.780280729,1678069.3256911924,1372734387.323089,293.3312338123595
130.0,198.76050857142852,0.084493156076015,-268389.7008707034,-3246521.534992514,3257596.5233134096,2579838944.7262735,293.3286025176935
134.99999999999997,198.76050857142852,0.08479539261831624,-448265.75704847404,-6575143.236360329,6590405.963792915,5043426842.207996,293.3292421913635
140.0,198.76050857142852,0.08502220045207652,-630970.8827687989,-11745109.298873082,11762045.600038158,8774715233.07972,293.33177303064326
145.0,198.76050857142852,0.08520214656856752,-784453.587330514,-17883166.54625615,17900363.49216995,13095408504.487782,293.3343070781227
150.0,198.76050857142852,0.08534805047147591,-807284.7852906559,-23025919.189914797,23040066.47701018,16590039792.548243,293.3345621634532
154.99999999999997,198.76050857142852,0.08545857246764063,-648505.9498750211,-25083133.59042796,25091515.51186733,17880992806.53207,293.33052309736496
160.0,198.76050857142852,0.0855352509498911,-415410.7660474702,-23125304.545955468,23129035.35488968,16414637873.339937,293.32127442291085
165.0,198.76050857142852,0.08558812597089803,-253785.94220328872,-18025042.913153112,18026829.430753242,12806028677.14789,293.3074800342204
169.99999999999997,198.76050857142852,0.08563689886615321,-190698.55091622355,-11848904.505812876,11850438.976054609,8443896066.771063,293.29110468129215
174.99999999999997,198.76050857142852,0.0857046663812246,-176067.6474336638,-6579590.991090856,6581946.325101472,4714173957.70249,293.27451664419647
179.99999999999994,198.76050857142852,0.08583162831754218,-173464.35143973303,-3109896.4492709255,3114730.454856137,2255014677.122403,293.25947444920666
185.0,198.76050857142852,0.08611446814033483,-165065.7026318076,-1279488.3715313508,1290091.9265964269,959922119.5262532,293.24672961844925
189.99999999999994,198.76050857142852,0.08679925241770106,-140534.49197346906,-486622.62370351376,506509.1522710449,404132280.36803895,293.23625800760476
194.99999999999997,198.76050857142852,0.08836449147654475,-105042.93067215924,-194912.71755213148,221415.86381231368,197453662.760342,293.22768997672864
199.99999999999994,198.76050857142852,0.09109926478177578,-82025.92844837939,-97053.61048708142,127073.42856158708,117548946.49598572,293.2206313734975
205.0,198.76050857142852,0.09443346926238325,-73688.65080287549,-60423.9709138115,95294.66678750319,74853131.63796706,293.214807599484
209.99999999999994,198.76050857142852,0.09727272331359822,-77843.25716592366,-46549.984813737945,90699.91054217947,46323638.702486426,293.2100842067811
214.99999999999997,198.76050857142852,0.09888864762075429,-101157.5227334984,-50924.27072345644,113252.48674662349,27823002.674292173,293.2064098013124
219.99999999999994,198.76050857142852,0.09950301587760702,-123875.39409510951,-75711.89683513921,145180.59300262365,13596709.520824896,293.2037086096832
225.0,198.76050857142852,0.09970083621050618,-130610.30271665833,-141751.76420094052,192750.13315122813,7412731.089000468,293.201791656769
229.99999999999994,198.76050857142852,0.09976787897614764,-126794.25453122398,-298493.81016473647,324307.47399464995,7462245.825025245,293.2003588887785
234.99999999999997,198.76050857142852,0.09979227076613446,-107820.198060192,-625101.192681715,634331.6925724598,11968158.023585536,293.1990948169755
239.99999999999994,198.76050857142852,0.09980047388470234,-59630.58442299625,-1206774.1211930357,1208246.4923101792,21596130.357524637,293.1977613577677
245.0,198.76050857142852,0.09980123656655773,23415.950258232067,-1856767.9249920214,1856915.5699723326,33925727.40408854,293.19624990797047
250.0,198.76050857142852,0.09979813228967652,83920.11639241083,-1974133.9342503096,1975916.8444785124,38413349.69038735,293.1945964051611
254.99999999999997,198.76050857142852,0.09979284455491849,115492.70602095874,-2060505.093576952,2063739.277573746,41903906.533146866,293.1929380051529
260.0,198.76050857142852,0.09978658301907442,130502.46680967882,-2129952.882961869,2133947.088725723,44803521.09995966,293.19139619559866
265.0,198.76050857142852,0.09977979430823752,144940.1003916773,-2176820.3892367817,2181640.355259896,46828599.503035456,293.1899869608403
269.99999999999994,198.76050857142852,0.09977208900903525,192180.18559599706,-2177694.822721131,2186158.266146834,47022752.956583366,293.18862068050214
274.9999999999999,198.76050857142852,0.09976057628967792,231016.189531555,-1555416.0421844404,1572478.15377842,35194530.640630566,293.1871699834584
280.0,198.76050857142852,0.09973866923569515,227349.36006930418,-868243.4440146959,897515.6876614596,22801490.109366834,293.18556063214174
285.0,198.76050857142852,0.09969516871941571,202143.86203538754,-445640.9427662176,489344.4500841355,15995403.656408276,293.1838266400265
290.0,198.76050857142852,0.09960142896177973,170184.88997131688,-221234.05955118153,279118.981583204,14488000.307350336,293.1821148240717
294.9999999999999,198.76050857142852,0.09937350220849357,136447.43856079635,-115398.5373404096,178702.89843790504,19062883.72434362,293.1806082186654
300.0,198.76050857142852,0.09877358985111923,96612.6075636697,-69890.83565303277,119242.29471345678,28655872.35961577,293.17940713551667
305.0,198.76050857142852,0.09739451979380688,64267.74438357316,-55285.722245886675,84775.31511237,38890318.4449134,293.1784795621243
309.99999999999994,198.76050857142852,0.0952389035336111,51225.24474305893,-61778.28386269475,80253.23704378521,55344731.021575,293.17770810068345
314.9999999999999,198.76050857142852,0.09292057776188979,44344.1807950029,-79180.24677017784,90751.95782442471,79319400.23227474,293.17695033740654
320.0,198.76050857142852,0.09089820925220948,37034.78464401956,-97264.81362387638,104076.98709568949,106287402.50916252,293.17608551454487
325.0,198.76050857142852,0.08922708423894567,30600.364616729108,-112664.50918326288,116746.19455974697,134062331.2568123,293.1750451065627
330.0,198.76050857142852,0.08783904321361474,25714.631365753463,-125444.5744979143,128053.04969909684,161329494.15351084,293.17382433842886
334.9999999999999,198.76050857142852,0.08665568583423065,22289.284951640257,-136363.39496677613,138173.03539591364,187841105.7489591,293.17247647740976
339.99999999999994,198.76050857142852,0.0856101188921351,20046.774920190084,-146122.68366717742,147491.39590768935,214031735.55313134,293.1710896838482
345.0,198.76050857142852,0.08465100857977509,18669.057911925585,-155249.54793675,156368.01417772137,240569567.99918437,293.16975466210846
349.99999999999994,198.76050857142852,0.0837432131266951,17836.428932830062,-164092.79714207904,165059.33560688834,268055685.54916042,293.1685402013202
354.9999999999999,198.76050857142852,0.08286736574744577,17244.347981958326,-172831.10249433512,173689.255645622,296818322.12669134,293.1674881834151
359.9999999999999,198.76050857142852,0.08201877854652885,16618.408874552097,-181482.6824999566,182241.96981184615,326769476.5939412,293.16662003383203
365.0,198.76050857142852,0.08120552551861107,15733.562233338704,-189921.10954738676,190571.69997735976,357323200.5199155,293.16593817284945
370.0,198.76050857142852,0.08044542396637637,14437.729876329427,-197903.93582701767,198429.8764294485,387398533.00752455,293.1654228330823
374.9999999999999,198.76050857142852,0.07976175587117229,12674.80558303585,-205119.50798790777,205510.73756319672,415539217.3858003,293.16503826744764
379.9999999999999,198.76050857142852,0.07917794886853999,10497.389255529171,-211252.64178458994,211513.29471725973,440166781.7665217,293.1647472997694
385.0,198.76050857142852,0.07871202402486457,8056.962037570917,-216061.43777412814,216211.6082228202,459937704.1298952,293.1645212739911
389.99999999999994,198.76050857142852,0.07837225981461614,5561.018199829454,-219446.7284031486,219517.17821223944,474108358.93267846,293.1643424209017
394.99999999999994,198.76050857142852,0.07815592766371732,3195.731578572032,-221485.4501742383,221508.50398846378,482749348.64565694,293.1642045750325
399.9999999999999,198.76050857142852,0.07805268957377937,2064.776530969746,-222393.74085991117,222403.3256850899,486658494.48516804,293.164117579531
0.0,203.72952128571424,0.09108627464351007,-2437.2850915150807,-180597.25443399278,180613.70011079902,320956487.4024592,293.20850375731567
5.0,203.72952128571424,0.09120813887733589,-3663.598560266597,-178152.38311302886,178190.04900179527,312400407.91753954,293.2087969797197
10.0,203.72952128571424,0.09145263436883233,-6065.903263214387,-173182.19623466,173288.39625046725,295449230.0513752,293.2093881242944
14.999999999999996,203.72952128571424,0.09181472786974781,-8187.374337857457,-165668.79548915094,165870.98268646727,270692015.20720434,293.2102917692802
20.0,203.72952128571424,0.09227135249330451,-9477.317668853822,-155906.7702509355,156194.5599573633,239979669.79554948,293.2115417211855
24.999999999999993,203.72952128571424,0.09276223661875087,-8913.387693320024,-144964.68431597672,145238.45282500848,207130403.38228858,293.2132039111927
29.999999999999993,203.72952128571424,0.09316091929605093,-4953.132201201645,-135913.4328053091,136003.65706673425,179444493.10992673,293.2153941507339
35.0,203.72952128571424,0.09325062354421723,3516.8960367626846,-137918.9313737105,137963.76404331563,172618864.843306,293.21830333452795
40.0,203.72952128571424,0.0928367492634897,16073.193148341255,-180576.7577527973,181290.68640858616,226569139.78343764,293.22223213299714
44.999999999999986,203.72952128571424,0.09212444543811554,34790.33498649062,-363704.4016116782,365364.55651880236,467772350.74486274,293.2276341764957
49.999999999999986,203.72952128571424,0.09159768030800187,56600.79573117766,-979970.6117378835,981603.8151654282,1275615169.1047008,293.2351390822191
54.999999999999986,203.72952128571424,0.09136284903580433,63667.00447644133,-2687077.629604529,2687831.7795167346,3511328591.592285,293.2454558181295
59.999999999999986,203.72952128571424,0.09128316856317038,48032.94015563084,-6564527.3383191805,6564703.065552919,8579954752.780742,293.2590395925342
65.0,203.72952128571424,0.09126565286797333,13553.409376365593,-13717704.137828212,13717710.833367752,17892811175.56955,293.27554586837664
70.0,203.72952128571424,0.0912700701406712,-16992.623386064337,-24241815.720587898,24241821.67618993,31516344342.0066,293.29335556910536
75.0,203.72952128571424,0.09127491521208667,34494.09683017736,-36130399.444469824,36130415.910416275,46807006397.78451,293.3096158799532
80.0,203.72952128571424,0.09125749928414348,293429.1989181717,-45484791.46981772,45485737.93781497,58853939822.58501,293.32109730373594
84.99999999999999,203.72952128571424,0.0911900785590673,783438.2402869652,-48559204.973113425,48565524.42934378,63156777358.599205,293.3254823533699
89.99999999999997,203.72952128571424,0.09104428136073026,1186869.1151547914,-44237501.35609702,44253420.031983905,58532289366.63936,293.32218678558763
94.99999999999997,203.72952128571424,0.09082953328504678,1222807.2168465008,-34290689.60196916,34312485.34962409,46514881026.09069,293.3121547864132
99.99999999999997,203.72952128571424,0.09055325964186389,963299.1830416549,-22631060.121968165,22651552.431570478,31659058821.34034,293.297781423305
104.99999999999997,203.72952128571424,0.09022541998766787,601411.66505161,-12751064.744520208,12765239.837535616,18462979354.47448,293.28206296580527
109.99999999999997,203.72952128571424,0.0898606782464495,289361.6095523725,-6205081.508785255,6211824.745737072,9318795449.286018,293.2677135715216
114.99999999999997,203.72952128571424,0.08951515983762584,87646.8281109172,-2739091.081795909,2740493.006897078,4256528556.3466854,293.25652474685955
119.99999999999997,203.72952128571424,0.08935579668988743,5310.652536835505,-1423619.9680262685,1423629.8733847504,2256077151.6303325,293.2492583940244
125.0,203.72952128571424,0.08945507528985748,-27263.406747807352,-1613285.7378422692,1613516.087701877,2535104744.3495865,293.24592125929166
130.0,203.72952128571424,0.08962562317644329,-65829.37548641585,-3256921.149401672,3257586.3580413093,5002104905.864616,293.24611281346193
134.99999999999997,203.72952128571424,0.0897704564909293,-116087.41364783271,-6710924.2837969875,6711928.264698868,10104904949.271914,293.2492194020499
140.0,203.72952128571424,0.08989027683564314,-178472.8226916596,-12101304.782367544,12102620.789902952,17948138636.16614,293.2542575842215
145.0,203.72952128571424,0.08999273005003253,-236379.8984078261,-18559550.22224731,18561055.4632136,27194517658.875782,293.25955039597574
150.0,203.72952128571424,0.09007992197331592,-257815.52608623778,-24053226.741043933,24054608.404660467,34895015876.77742,293.2627788036051
154.99999999999997,203.72952128571424,0.09015075695446562,-227647.67413432038,-26304584.060367912,26305569.107177675,37871783455.97458,293.2617533407668
160.0,203.72952128571424,0.0902065525889415,-171733.19074863126,-24263166.6305761,24263774.381408725,34747606100.39725,293.25551061284693
165.0,203.72952128571424,0.09025377600858656,-129076.30669274916,-18868488.211767823,18868929.70177616,26922949373.51875,293.244904421602
169.99999999999997,203.72952128571424,0.09030575672497135,-112518.96029348244,-12367459.298513848,12367971.13583397,17587714364.41591,293.2321572246343
174.99999999999997,203.72952128571424,0.09038526619332661,-111768.55531174009,-6842706.455404539,6843619.206588822,9686855192.546543,293.21968815462316
179.99999999999994,203.72952128571424,0.090540712389208,-113400.61817559236,-3216002.4494702644,3218001.15835923,4516694447.036373,293.20906454027147
185.0,203.72952128571424,0.09088797777268627,-106047.71899917813,-1311869.6781426242,1316148.9927568843,1815209206.9163003,293.2007372041048
189.99999999999994,203.72952128571424,0.0916701781059914,-84321.96859466567,-497404.98706873454,504501.6506895966,668741574.9723768,293.1944195113141
194.99999999999997,203.72952128571424,0.09313977367747345,-60451.75455174184,-205703.61727584855,214402.40854233148,257423095.5821405,293.1895915596508
199.99999999999994,203.72952128571424,0.09511092119749154,-46854.89125457155,-106775.8993150925,116603.91721132054,112207961.79286043,293.18581421307124
205.0,203.72952128571424,0.097069908729503,-40047.78193021948,-64644.815315498265,76044.5723553318,49298318.39513576,293.182825770736
209.99999999999994,203.72952128571424,0.0985809196112386,-39731.03181041402,-46419.55959382112,61100.98527523464,21715476.33697312,293.1805125390954
214.99999999999997,203.72952128571424,0.09941877301439396,-49629.734262431135,-47990.0606720593,69037.35544085871,10927316.629613483,293.1788278757126
219.99999999999994,203.72952128571424,0.0997374108067117,-60083.28420415018,-71361.50794962815,93287.0079786115,6000197.873321579,293.17770389216327
225.0,203.72952128571424,0.09983982144745672,-63018.508550276914,-138423.3717450592,152093.2683098505,4949534.275984343,293.1769923970719
229.99999999999994,203.72952128571424,0.09987445720269283,-61275.406816153205,-301737.02118902694,307895.9328028098,7220022.186280751,293.17647963030083
234.99999999999997,203.72952128571424,0.0998872535065668,-54967.789639411014,-643929.5061420759,646271.3569223228,13339325.158754729,293.17596254230494
239.99999999999994,203.72952128571424,0.0998923001857637,-50041.364962506406,-1243429.7781041218,1244436.3186934784,24601896.50719633,293.1753153167132
245.0,203.72952128571424,0.09989533343523886,-50053.09086175691,-2000029.4311064635,2000655.6518293845,39381254.20541188,293.17451587463313
250.0,203.72952128571424,0.09989730549484988,-3787.6391160984736,-2031265.7858886868,2031269.3172329606,40595684.5927154,293.17363260164643
254.99999999999997,203.72952128571424,0.09989571219915047,46245.15736822988,-2084472.882167822,2084985.805964405,42771162.88193765,293.17277362718414
260.0,203.72952128571424,0.09989268097911305,72987.77736711172,-2147478.71656697,2148718.700470844,45425945.94682424,293.1720018858088
265.0,203.72952128571424,0.09988841342141376,115397.0706306573,-2215789.176081188,2218792.0490097054,48437091.20548068,293.1712970656109
269.99999999999994,203.72952128571424,0.09988114127204999,163230.25985545694,-2293322.678663284,2299124.4042469347,52007957.165426336,293.1705746301991
274.9999999999999,203.72952128571424,0.09987209039542821,134901.4797089052,-1550764.183640539,1556620.6867731006,37036653.56332386,293.1697386149174
280.0,203.72952128571424,0.09986018384300442,108956.61092268756,-851220.1806001214,858165.1000388336,22383864.78255385,293.16875307627265
285.0,203.72952128571424,0.09983843132561505,93000.25226896473,-420871.834708084,431024.53314473864,13321661.577773904,293.1676719514541
290.0,203.72952128571424,0.0997924050719084,77556.66699628098,-197843.2077850413,212501.69755144793,9006460.516690284,293.16662198158286
294.9999999999999,203.72952128571424,0.09968121283362796,61987.479516069645,-97180.20469907082,115266.82003989031,8479985.46951857,293.16573024393523
300.0,203.72952128571424,0.09939029439102977,44000.81013654783,-56944.91323617972,71963.84117144224,11042164.735419726,293.16504926477785
305.0,203.72952128571424,0.09872766744710887,29958.94569589777,-46190.205051805,55055.18567707809,16926965.161281787,293.16454531040324
309.99999999999994,203.72952128571424,0.09768984265405176,24710.34450734616,-54374.45695997036,59725.89635462494,30923037.6998102,293.16414008186695
314.9999999999999,203.72952128571424,0.09655050545018352,21987.687928034007,-72667.83011681856,75921.48545904126,55594235.974240966,293.1637494807416
320.0,203.72952128571424,0.09553440689179682,18722.913803893247,-91816.03512627883,93705.55910733409,86175492.3988062,293.16330564412704
325.0,203.72952128571424,0.09468291499262511,15637.519537009368,-108429.68593696234,109551.4893082638,118050107.00511657,293.16277122470933
330.0,203.72952128571424,0.09397106910314985,13194.095973773656,-122370.80611262356,123080.04857497601,149042453.53065717,293.16214506634054
334.9999999999999,203.72952128571424,0.09336353632033467,11427.929499579674,-134275.5411988054,134760.9681505719,178678517.45980844,293.16145796835724
339.99999999999994,203.72952128571424,0.09282827814540026,10234.984223460433,-144796.19498991268,145157.47650607355,207311610.04042432,293.1607587636516
345.0,203.72952128571424,0.09234003800964521,9470.491621869394,-154447.0944131456,154737.18100128038,235577718.37770826,293.1600969543373
349.99999999999994,203.72952128571424,0.09188122898915163,8981.322775974639,-163581.6594892448,163828.03020259223,264071340.82162037,293.1595115097009
354.9999999999999,203.72952128571424,0.09144190573443525,8619.944898458705,-172394.75315820728,172610.12243356902,293141543.3404402,293.15902917218256
359.9999999999999,203.72952128571424,0.09101923450704548,8254.03849806423,-180933.54749696064,181121.72084364272,322764611.66018015,293.158664607696
365.0,203.72952128571424,0.0906165019078374,7776.381953976727,-189116.8020151984,189276.61482800744,352483458.22166127,293.1584143693043
370.0,203.72952128571424,0.09024159636926715,7115.584302258461,-196765.23655320995,196893.85428652467,381424954.02777845,293.1582521844129
374.9999999999999,203.72952128571424,0.08990494359440437,6245.50176927808,-203644.5817137017,203740.3297182435,408412221.1647016,293.15813909546534
379.9999999999999,203.72952128571424,0.08961704638323208,5189.128322160268,-209519.0965601282,209583.34589398123,432173550.09941524,293.1580411424501
385.0,203.72952128571424,0.08938603101046427,4011.941050328129,-214207.43517827807,214245.0021742573,451612525.4820469,293.157937916119
389.99999999999994,203.72952128571424,0.08921585253078833,2801.145394450664,-217626.28203347084,217644.30855694952,466057155.0125423,293.157822185701
394.99999999999994,203.72952128571424,0.08910591666610118,1632.1636298536935,-219803.08502373134,219809.14481446007,475374722.2364048,293.1577007583202
399.9999999999999,203.72952128571424,0.08905263627350135,1065.6083914168046,-220841.87340723837,220844.44428434817,479863358.76461333,293.15760307350166
0.0,208.69853399999997,0.1,-0.0,-179386.24800295488,179386.24800295488,316608915.2940663,293.15
5.0,208.69853399999997,0.1,-0.0,-176933.7755583564,176933.7755583564,308011058.31099725,293.15
10.0,208.69853399999997,0.1,-0.0,-172013.5203644568,172013.5203644568,291118370.02626556,293.15
14.999999999999996,208.69853399999997,0.1,-0.0,-164728.16464948046,164728.16464948046,266978154.76513577,293.15
20.0,208.69853399999997,0.1,-0.0,-155554.34530915314,155554.34530915314,238045728.13579673,293.15
24.999999999999993,208.69853399999997,0.1,-0.0,-145796.46109229897,145796.46109229897,208942173.53385827,293.15
29.999999999999993,208.69853399999997,0.1,-0.0,-138566.25201988383,138566.25201988383,187641952.588501,293.15
35.0,208.69853399999997,0.1,-0.0,-141332.4358399803,141332.4358399803,188877506.59915972,293.15
40.0,208.69853399999997,0.1,-0.0,-173546.80417391204,173546.80417391204,246150951.26645443,293.15
44.999999999999986,208.69853399999997,0.1,-0.0,-295175.10674247006,295175.10674247006,460294322.71488124,293.15
49.999999999999986,208.69853399999997,0.1,-0.0,-687715.076188764,687715.076188764,1144148752.5107315,293.15
54.999999999999986,208.69853399999997,0.1,-0.0,-1767931.3693482708,1767931.3693482708,3023504762.232376,293.15
59.999999999999986,208.69853399999997,0.1,-0.0,-4220304.7771924995,4220304.7771924995,7284121948.797649,293.15
65.0,208.69853399999997,0.1,-0.0,-8744427.119782677,8744427.119782677,15122951363.59045,293.15
70.0,208.69853399999997,0.1,-0.0,-15402525.517732322,15402525.517732322,26624253276.154057,293.15
75.0,208.69853399999997,0.1,-0.0,-22933385.347506985,22933385.347506985,39619826487.446014,293.15
80.0,208.69853399999997,0.1,-0.0,-28863090.45012301,28863090.45012301,49963545789.87505,293.15
84.99999999999999,208.69853399999997,0.1,-0.0,-30780132.537244137,30780132.537244137,53692950048.84382,293.15
89.99999999999997,208.69853399999997,0.1,-0.0,-27903154.55286242,27903154.55286242,49479863204.490005,293.15
94.99999999999997,208.69853399999997,0.1,-0.0,-21491875.410729047,21491875.410729047,39024783096.76108,293.15
99.99999999999997,208.69853399999997,0.1,-0.0,-14078109.957811123,14078109.957811123,26333044721.176086,293.15
104.99999999999997,208.69853399999997,0.1,-0.0,-7873725.849579672,7873725.849579672,15238883186.701336,293.15
109.99999999999997,208.69853399999997,0.1,-0.0,-3814928.4353636433,3814928.4353636433,7658964295.800301,293.15
114.99999999999997,208.69853399999997,0.1,-0.0,-1700534.1079397409,1700534.1079397409,3530383673.260414,293.15
119.99999999999997,208.69853399999997,0.1,-0.0,-920599.3329891966,920599.3329891966,1940253885.5780642,293.15
125.0,208.69853399999997,0.1,-0.0,-1055880.0534316613,1055880.0534316613,2204615282.8306975,293.15
130.0,208.69853399999997,0.1,-0.0,-2072935.090670792,2072935.090670792,4258164811.129199,293.15
134.99999999999997,208.69853399999997,0.1,-0.0,-4200397.8652888145,4200397.8652888145,8507881409.127936,293.15
140.0,208.69853399999997,0.1,-0.0,-7524087.23428556,7524087.23428556,15061486270.881756,293.15
145.0,208.69853399999997,0.1,-0.0,-11516230.110737225,11516230.110737225,22819214673.78158,293.15
150.0,208.69853399999997,0.1,-0.0,-14925358.080429627,14925358.080429627,29316666871.393116,293.15
154.99999999999997,208.69853399999997,0.1,-0.0,-16335135.896057025,16335135.896057025,31856668114.504784,293.15
160.0,208.69853399999997,0.1,-0.0,-15084708.741153514,15084708.741153514,29251441273.09397,293.15
165.0,208.69853399999997,0.1,-0.0,-11752221.024879634,11752221.024879634,22679375083.586594,293.15
169.99999999999997,208.69853399999997,0.1,-0.0,-7731854.780057492,7731854.780057492,14841313783.142244,293.15
174.99999999999997,208.69853399999997,0.1,-0.0,-4313676.686434266,4313676.686434266,8212201573.506787,293.15
179.99999999999994,208.69853399999997,0.1,-0.0,-2068634.0659458844,2068634.0659458844,3874510547.1628265,293.15
185.0,208.69853399999997,0.1,-0.0,-888146.4614487382,888146.4614487382,1602411691.556459,293.15
189.99999999999994,208.69853399999997,0.1,-0.0,-378629.65015942167,378629.65015942167,624489413.407944,293.15
194.99999999999997,208.69853399999997,0.1,-0.0,-186123.7382669764,186123.7382669764,252822053.77504477,293.15
199.99999999999994,208.69853399999997,0.1,-0.0,-107645.01323754693,107645.01323754693,104206713.09529603,293.15
205.0,208.69853399999997,0.1,-0.0,-65446.50902558555,65446.50902558555,37970155.79877389,293.15
209.99999999999994,208.69853399999997,0.1,-0.0,-43997.453151126225,43997.453151126225,12362584.71182565,293.15
214.99999999999997,208.69853399999997,0.1,-0.0,-41892.53711725275,41892.53711725275,4821222.532951701,293.15
219.99999999999994,208.69853399999997,0.1,-0.0,-60289.3291711142,60289.3291711142,3134671.5714180116,293.15
225.0,208.69853399999997,0.1,-0.0,-116963.36502463085,116963.36502463085,3709616.067489453,293.15
229.99999999999994,208.69853399999997,0.1,-0.0,-256558.0674188217,256558.0674188217,6377525.759876204,293.15
234.99999999999997,208.69853399999997,0.1,-0.0,-548766.6564301075,548766.6564301075,12250829.727311924,293.15
239.99999999999994,208.69853399999997,0.1,-0.0,-1053381.7735666195,1053381.7735666195,22463400.412143454,293.15
245.0,208.69853399999997,0.1,-0.0,-1731432.918919734,1731432.918919734,35882970.290855296,293.15
250.0,208.69853399999997,0.1,-0.0,-2066698.3776251539,2066698.3776251539,42024160.821767375,293.15
254.99999999999997,208.69853399999997,0.1,-0.0,-2098763.0108031477,2098763.0108031477,43338278.451779224,293.15
260.0,208.69853399999997,0.1,-0.0,-2159765.4716884815,2159765.4716884815,45894224.98132902,293.15
265.0,208.69853399999997,0.1,-0.0,-2245648.8844441525,2245648.8844441525,49616778.14731252,293.15
269.99999999999994,208.69853399999997,0.1,-0.0,-2021169.4712418942,2021169.4712418942,47567305.666733176,293.15
274.9999999999999,208.69853399999997,0.1,-0.0,-1300240.8234577568,1300240.8234577568,32930755.803105596,293.15
280.0,208.69853399999997,0.1,-0.0,-715046.011213517,715046.011213517,19795482.596648384,293.15
285.0,208.69853399999997,0.1,-0.0,-350649.5657648767,350649.5657648767,11217735.918720402,293.15
290.0,208.69853399999997,0.1,-0.0,-162555.66987247762,162555.66987247762,6681802.052095917,293.15
294.9999999999999,208.69853399999997,0.1,-0.0,-78957.22327871453,78957.22327871453,4983878.4396378305,293.15
300.0,208.69853399999997,0.1,-0.0,-47057.245684509,47057.245684509,5680956.173399055,293.15
305.0,208.69853399999997,0.1,-0.0,-40906.03149147457,40906.03149147457,10305349.658947838,293.15
309.99999999999994,208.69853399999997,0.1,-0.0,-51413.55329695864,51413.55329695864,23517650.151780237,293.15
314.9999999999999,208.69853399999997,0.1,-0.0,-70514.82129709856,70514.82129709856,48162676.93036112,293.15
320.0,208.69853399999997,0.1,-0.0,-90046.2544431586,90046.2544431586,79619518.39164203,293.15
325.0,208.69853399999997,0.1,-0.0,-107027.09386633908,107027.09386633908,112678765.8232725,293.15
330.0,208.69853399999997,0.1,-0.0,-121332.78956071906,121332.78956071906,144841573.2211719,293.15
334.9999999999999,208.69853399999997,0.1,-0.0,-133557.16992203446,133557.16992203446,175500627.81679747,293.15
339.99999999999994,208.69853399999997,0.1,-0.0,-144328.92166153766,144328.92166153766,204951711.46008527,293.15
345.0,208.69853399999997,0.1,-0.0,-154154.60707108778,154154.60707108778,233807192.98839802,293.15
349.99999999999994,208.69853399999997,0.1,-0.0,-163388.01046505562,163388.01046505562,262654727.21775904,293.15
354.9999999999999,208.69853399999997,0.1,-0.0,-172229.2689171735,172229.2689171735,291849375.6995596,293.15
359.9999999999999,208.69853399999997,0.1,-0.0,-180735.4101193899,180735.4101193899,321389252.7109663,293.15
365.0,208.69853399999997,0.1,-0.0,-188840.2922926766,188840.2922926766,350860258.26793927,293.15
370.0,208.69853399999997,0.1,-0.0,-196385.1631614498,196385.1631614498,379456674.4001532,293.15
374.9999999999999,208.69853399999997,0.1,-0.0,-203160.20848543372,203160.20848543372,406089859.136005,293.15
379.9999999999999,208.69853399999997,0.1,-0.0,-208954.0621183856,208954.0621183856,429582397.01845837,293.15
385.0,208.69853399999997,0.1,-0.0,-213603.1843592702,213603.1843592702,448911035.73212266,293.15
389.99999999999994,208.69853399999997,0.1,-0.0,-217027.9799665286,217027.9799665286,463421619.83836454,293.15
394.99999999999994,208.69853399999997,0.1,-0.0,-219240.408144604,219240.408144604,472918212.80568326,293.15
399.9999999999999,208.69853399999997,0.1,-0.0,-220312.65941896685,220312.65941896685,477555383.68789494,293.15
