x_um,y_um,voltage_v,jx_a_m2,jy_a_m2,jmag_a_m2,joule_w_m3,temperature_k
0.0,0.0,0.0,-0.0,-1957647.3583757419,1957647.3583757419,54994943.44158949,293.15
5.0,0.0,0.0,-0.0,-2681304.0860695327,2681304.0860695327,70735429.14944093,293.15
10.0,0.0,0.0,-0.0,-2601031.278984373,2601031.278984373,66563477.43647011,293.15
14.999999999999998,0.0,0.0,-0.0,-2540820.5236251424,2540820.5236251424,63517417.22616507,293.15
20.0,0.0,0.0,-0.0,-2478479.4635930103,2478479.4635930103,60438753.97180346,293.15
24.999999999999996,0.0,0.0,-0.0,-2407217.2081637797,2407217.2081637797,57013199.19507884,293.15
29.999999999999996,0.0,0.0,-0.0,-2326804.1467571137,2326804.1467571137,53267769.39276528,293.15
35.0,0.0,0.0,-0.0,-2241566.2841692986,2241566.2841692986,49436535.06388909,293.15
40.0,0.0,0.0,-0.0,-2159146.281427151,2159146.281427151,45867913.62112456,293.15
44.99999999999999,0.0,0.0,-0.0,-2087515.7890901722,2087515.7890901722,42875025.433753885,293.15
49.99999999999999,0.0,0.0,-0.0,-2031154.361614282,2031154.361614282,40591089.85980905,293.15
54.99999999999999,0.0,0.0,-0.0,-1989411.6851153907,1989411.6851153907,38939841.70387689,293.15
59.99999999999999,0.0,0.0,-0.0,-1957555.9066408616,1957555.9066408616,37702764.97938544,293.15
65.0,0.0,0.0,-0.0,-1929329.5029965248,1929329.5029965248,36623315.95606386,293.15
70.0,0.0,0.0,-0.0,-1899581.0730768468,1899581.0730768468,35502629.49452532,293.15
75.0,0.0,0.0,-0.0,-1865985.3265718329,1865985.3265718329,34257944.48694683,293.15
80.0,0.0,0.0,-0.0,-1829410.9357905653,1829410.9357905653,32928154.774768952,293.15
84.99999999999999,0.0,0.0,-0.0,-1792934.8416518192,1792934.8416518192,31628155.575252555,293.15
89.99999999999999,0.0,0.0,-0.0,-1759914.6452146692,1759914.6452146692,30473901.770849846,293.15
94.99999999999999,0.0,0.0,-0.0,-1732018.728077379,1732018.728077379,29515491.52974791,293.15
99.99999999999999,0.0,0.0,-0.0,-1708405.4151439592,1708405.4151439592,28716184.261740338,293.15
104.99999999999999,0.0,0.0,-0.0,-1686661.4678243021,1686661.4678243021,27989858.2893093,293.15
109.99999999999999,0.0,0.0,-0.0,-1664508.32211208,1664508.32211208,27259431.506774466,293.15
114.99999999999999,0.0,0.0,-0.0,-1641092.722202752,1641092.722202752,26497877.72579763,293.15
119.99999999999999,0.0,0.0,-0.0,-1617673.7182571294,1617673.7182571294,25747004.69212304,293.15
125.0,0.0,0.0,-0.0,-1598345.0646158187,1598345.0646158187,25135408.133448415,293.15
130.0,0.0,0.0,-0.0,-1592099.0724205344,1592099.0724205344,24939344.32485156,293.15
135.0,0.0,0.0,-0.0,-1619518.6587448774,1619518.6587448774,25805766.57773351,293.15
140.0,0.0,0.0,-0.0,-1337723.4668167953,1337723.4668167953,22837883.331750225,293.15
145.0,0.0,0.0,-0.0,-787601.7754245963,787601.7754245963,14901546.285222096,293.15
150.0,0.0,0.0,-0.0,-376665.15667169774,376665.15667169774,7473231.056050146,293.15
155.0,0.0,0.0,-0.0,-151252.21555367231,151252.21555367231,3072504.094229705,293.15
160.0,0.0,0.0,-0.0,-51761.18205080054,51761.18205080054,1054363.2031806398,293.15
165.0,0.0,0.0,-0.0,-15583.175281870645,15583.175281870645,305848.7715513479,293.15
169.99999999999997,0.0,0.0,-0.0,-4707.268103929828,4707.268103929828,79837.44202432295,293.15
175.0,0.0,0.0,-0.0,-2283.499629122112,2283.499629122112,28339.683404243653,293.15
179.99999999999997,0.0,0.0,-0.0,-2801.833094776846,2801.833094776846,24600.56879533427,293.15
185.0,0.0,0.0,-0.0,-6429.275296484871,6429.275296484871,46257.416003079605,293.15
189.99999999999997,0.0,0.0,-0.0,-17112.219912299715,17112.219912299715,111338.90947468193,293.15
195.0,0.0,0.0,-0.0,-42519.01161192053,42519.01161192053,257429.7535124157,293.15
199.99999999999997,0.0,0.0,-0.0,-92203.88737278717,92203.88737278717,519686.9995080294,293.15
205.0,0.0,0.0,-0.0,-170045.67466059947,170045.67466059947,878603.6504947845,293.15
209.99999999999997,0.0,0.0,-0.0,-259943.85036494737,259943.85036494737,1184843.7818397088,293.15
215.0,0.0,0.0,-0.0,-336163.2650583022,336163.2650583022,1328153.2192678312,293.15
219.99999999999997,0.0,0.0,-0.0,-358207.3991661795,358207.3991661795,1262449.3340274883,293.15
225.0,0.0,0.0,-0.0,-331066.5616561749,331066.5616561749,1078389.100027083,293.15
229.99999999999997,0.0,0.0,-0.0,-309210.9399447438,309210.9399447438,940707.3874493408,293.15
235.0,0.0,0.0,-0.0,-289432.4050754447,289432.4050754447,824212.4295077907,293.15
239.99999999999997,0.0,0.0,-0.0,-247778.50428823938,247778.50428823938,666456.6240542552,293.15
245.0,0.0,0.0,-0.0,-201527.20793803092,201527.20793803092,512577.14997974527,293.15
250.0,0.0,0.0,-0.0,-161749.35641941914,161749.35641941914,381915.60930778424,293.15
254.99999999999997,0.0,0.0,-0.0,-122805.77171109633,122805.77171109633,265292.15333908744,293.15
260.0,0.0,0.0,-0.0,-85843.78024806935,85843.78024806935,171322.4438172177,293.15
265.0,0.0,0.0,-0.0,-55470.54962368011,55470.54962368011,105250.42572700627,293.15
270.0,0.0,0.0,-0.0,-36947.00394284505,36947.00394284505,70139.25378035339,293.15
274.99999999999994,0.0,0.0,-0.0,-33970.88220408017,33970.88220408017,67548.39884164075,293.15
280.0,0.0,0.0,-0.0,-49427.43186909142,49427.43186909142,101511.58550383679,293.15
285.0,0.0,0.0,-0.0,-82418.58520870641,82418.58520870641,165954.9115118617,293.15
290.0,0.0,0.0,-0.0,-122405.23200112792,122405.23200112792,224892.81877352847,293.15
294.99999999999994,0.0,0.0,-0.0,-164513.0677359388,164513.0677359388,274261.3101894685,293.15
300.0,0.0,0.0,-0.0,-161757.87742568168,161757.87742568168,257439.82510508364,293.15
305.0,0.0,0.0,-0.0,-157623.4125573969,157623.4125573969,244447.89637962167,293.15
310.0,0.0,0.0,-0.0,-154216.68497448394,154216.68497448394,233995.5398003966,293.15
314.99999999999994,0.0,0.0,-0.0,-150536.30386411247,150536.30386411247,222960.20231686076,293.15
320.0,0.0,0.0,-0.0,-146235.24597560035,146235.24597560035,210401.5682762239,293.15
325.0,0.0,0.0,-0.0,-141230.57290177504,141230.57290177504,196246.66918016106,293.15
330.0,0.0,0.0,-0.0,-135552.9844948052,135552.9844948052,180785.26102389596,293.15
335.0,0.0,0.0,-0.0,-129280.51288483615,129280.51288483615,164441.33180351098,293.15
339.99999999999994,0.0,0.0,-0.0,-122506.37100567903,122506.37100567903,147659.77512334578,293.15
345.0,0.0,0.0,-0.0,-115323.47610350308,115323.47610350308,130851.98093835614,293.15
350.0,0.0,0.0,-0.0,-107819.43677023104,107819.43677023104,114377.07087429211,293.15
355.0,0.0,0.0,-0.0,-100080.22055908099,100080.22055908099,98546.53537595623,293.15
359.99999999999994,0.0,0.0,-0.0,-92202.45320156275,92202.45320156275,83643.03933639087,293.15
365.0,0.0,0.0,-0.0,-84314.39799838228,84314.39799838228,69943.65766010676,293.15
370.0,0.0,0.0,-0.0,-76604.74581375402,76604.74581375402,57737.26457551144,293.15
375.0,0.0,0.0,-0.0,-69359.71678451737,69359.71678451737,47332.50342012555,293.15
379.99999999999994,0.0,0.0,-0.0,-63026.919533375,63026.919533375,39083.82097787066,293.15
385.0,0.0,0.0,-0.0,-57583.56374046654,57583.56374046654,33092.70195324662,293.15
390.0,0.0,0.0,-0.0,-38599.5145585132,38599.5145585132,21612.036958685094,293.15
395.0,0.0,0.0,-0.0,-21770.169518747258,21770.169518747258,11677.057875456736,293.15
399.99999999999994,0.0,0.0,-0.0,-10513.07558809869,10513.07558809869,5446.454343469907,293.15
0.0,4.969012714285714,0.00014187750819782543,172863.34504735962,-2674891.7146439888,2680471.492318473,70691506.69186983,293.1516684389617
5.0,4.969012714285714,0.00013323434094545745,126319.33242543609,-2635048.5279710903,2638074.5475643817,68472940.77403146,293.1516795652804
10.0,4.969012714285714,0.00012924557495528182,69806.46079343282,-2591124.2015507706,2592064.345233471,66105319.5850053,293.15168563802587
14.999999999999998,4.969012714285714,0.00012625369486611416,60896.1528838478,-2541872.5144005576,2542601.860476993,63606510.94810726,293.1516833607077
20.0,4.969012714285714,0.00012315595966689704,66387.65731982366,-2482884.943890177,2483772.3256451953,60697166.89258882,293.15167524206197
24.999999999999996,4.969012714285714,0.0001196149291341318,75367.6577800884,-2411736.0751588815,2412913.4215843766,57283339.828307755,293.1516655040547
29.999999999999996,4.969012714285714,0.0001156191938888882,82312.15474617529,-2329186.738505773,2330640.717410154,53443576.23583805,293.15165810926516
35.0,4.969012714285714,0.00011138371365951427,83309.40644745849,-2240174.7636972424,2241723.316805315,49443461.846643336,293.15165621209036
40.0,4.969012714285714,0.00010728825324414235,76547.88686901871,-2153818.1865485744,2155178.034337651,45699469.31012212,293.15166206435504
44.99999999999999,4.969012714285714,0.0001037289249726124,63599.34768759846,-2079975.5928039672,2080947.7032560196,42605648.95310772,293.1516765231032
49.99999999999999,4.969012714285714,0.0001009283184753825,48748.05399742973,-2023935.3044664792,2024522.2867220691,40326448.57477233,293.1516982829273
54.99999999999999,4.969012714285714,9.885411957286943e-05,36571.165851471174,-1984529.3198596525,1984866.260369789,38762104.82016599,293.15172369138367
59.99999999999999,4.969012714285714,9.727120189023539e-05,29854.912685067364,-1955763.6424213548,1955991.498148363,37642527.66287812,293.15174751966714
65.0,4.969012714285714,9.586862830436269e-05,28807.768508818677,-1930081.112670938,1930296.088431913,36660021.38274726,293.15176423379404
70.0,4.969012714285714,9.439042503935352e-05,31475.801803025122,-1901480.9616746437,1901741.4581667697,35583429.37973792,293.1517692445047
75.0,4.969012714285714,9.272104812406018e-05,34867.63043387075,-1867456.2458923063,1867781.7276047699,34323937.10653412,293.1517600601231
80.0,4.969012714285714,9.090366199596645e-05,36298.87883522851,-1829362.3947708195,1829722.487156542,32939371.155893367,293.15173713439265
84.99999999999999,4.969012714285714,8.909116024053733e-05,34532.7951467323,-1791228.2442110372,1791561.0893296385,31579706.95829015,293.1517038236526
89.99999999999999,4.969012714285714,8.745038248129322e-05,30269.29428562658,-1757384.164658211,1757644.825432029,30395346.075323265,293.1516652618521
94.99999999999999,4.969012714285714,8.606423081197467e-05,25595.001912442454,-1729903.8849873089,1730093.2215973458,29449902.539611805,293.15162662275515
99.99999999999999,4.969012714285714,8.489088229004897e-05,22538.08028827056,-1707482.281750612,1707631.0220757166,28690156.980554294,293.15159143118376
104.99999999999999,4.969012714285714,8.381042278314761e-05,21812.521339559105,-1686863.538889427,1687004.5598402366,28001246.553991623,293.15156058696306
109.99999999999999,4.969012714285714,8.270963015609306e-05,22643.167636753256,-1665131.7494493213,1665285.698030456,27284899.41666696,293.1515325552764
114.99999999999999,4.969012714285714,8.154610601947229e-05,23272.1742023784,-1641094.4031899024,1641259.4049306551,26503260.67922027,293.15150460877305
119.99999999999999,4.969012714285714,8.038241273585522e-05,21241.36540554046,-1615653.8143236248,1615793.440803239,25687186.22971746,293.1514742042985
125.0,4.969012714285714,7.942196947891824e-05,12708.074032539487,-1591884.5618838943,1591935.2855910615,24934213.330055185,293.15143936729334
130.0,4.969012714285714,7.911160533260127e-05,-10521.1858434417,-1575474.2776190203,1575509.4080299,24422316.459629785,293.15139812557413
135.0,4.969012714285714,8.047408806326241e-05,-71097.32980047754,-1575942.7276454088,1577545.660550974,24485486.04750864,293.15134810534937
140.0,4.969012714285714,8.622133831264903e-05,-150801.39233961178,-1607953.534140495,1615009.4822899564,25662266.208917882,293.15128681659183
145.0,4.969012714285714,9.555422729722359e-05,-88945.74893002177,-1075737.6190135852,1079408.5284143996,18019061.627811346,293.1512116586563
150.0,4.969012714285714,0.00010020242163562703,-20672.829353592693,-508431.9659899416,508852.07075718965,8673601.687658915,293.1511252508059
155.0,4.969012714285714,0.00010259258685250986,-3111.080320570108,-203572.8811362812,203596.65212101972,3503980.0602575573,293.1510342241562
160.0,4.969012714285714,0.00010287534638609129,1382.0348380112991,-69366.80808498831,69380.57425672605,1188867.9639169092,293.15094575825003
165.0,4.969012714285714,9.91233657279951e-05,2094.4079847490543,-20407.969120970978,20515.158991562446,340427.32329677657,293.1508663736932
169.99999999999997,4.969012714285714,8.565701475943743e-05,1417.4951699266255,-5691.508023722969,5865.3692245985885,87026.01783739036,293.15079995608363
175.0,4.969012714285714,6.267860240741784e-05,1011.8794800562074,-2620.07208085321,2808.6790117464993,31689.426920518403,293.1507473774101
179.99999999999997,4.969012714285714,4.434331360342397e-05,1299.4728522687265,-3637.220557900159,3862.383083097139,29753.405872460076,293.1507079083241
185.0,4.969012714285714,3.633662624937155e-05,1734.1273987321488,-9039.435340529102,9204.270156326356,55196.89375363025,293.15068027603013
189.99999999999997,4.969012714285714,3.285987187383443e-05,2596.606321592768,-24481.41882383085,24618.73741720227,132261.3472508686,293.1506623282187
195.0,4.969012714285714,3.0577419795352616e-05,5221.416233096806,-60583.462033390584,60808.05094253988,306183.3719468901,293.15065045576955
199.99999999999997,4.969012714285714,2.8465438369833217e-05,12127.395620262272,-130198.81387576596,130762.39849125859,621845.5860118126,293.1506401197337
205.0,4.969012714285714,2.6094721678454282e-05,28857.435587387885,-238767.98607484097,240505.51503638268,1073899.8424478571,293.15062719569005
209.99999999999997,4.969012714285714,2.302007856039184e-05,54836.79800741483,-365907.8165632878,369994.06027370045,1508355.582617738,293.1506090438721
215.0,4.969012714285714,1.9953688187750977e-05,52207.07352312206,-376422.2603997684,380025.3894811763,1420921.475916969,293.1505849198155
219.99999999999997,4.969012714285714,1.7799371208079635e-05,35029.486463070956,-350200.4780378053,351948.0639807155,1218714.5996096083,293.1505558662088
225.0,4.969012714285714,1.6450739541443882e-05,24346.40288262952,-328456.6071567511,329357.6932732066,1067285.1759853219,293.15052371337885
229.99999999999997,4.969012714285714,1.5364730919816683e-05,20688.065339821038,-308185.22929149476,308878.8299656613,938687.7271269326,293.1504902743417
235.0,4.969012714285714,1.4381933007461778e-05,17805.48120541185,-287593.396285918,288144.0555490003,816891.1322570173,293.15045697331044
239.99999999999997,4.969012714285714,1.3584182799275499e-05,15364.390467310273,-266076.7375071862,266519.9706155245,698882.8222352877,293.1504248397864
245.0,4.969012714285714,1.284549396073075e-05,16594.102878239086,-243598.53093684625,244163.0777265949,586549.7230472394,293.15039464815345
250.0,4.969012714285714,1.192477251145159e-05,16560.248286281865,-189318.28496972952,190041.1925009497,415270.1956262677,293.1503669562276
254.99999999999997,4.969012714285714,1.0910154018970245e-05,12926.265617792758,-140582.59526173992,141175.61557630237,279960.682598043,293.1503420140632
260.0,4.969012714285714,1.0079307198387001e-05,7001.576925428459,-97159.21995214456,97411.17030993878,177008.85072035014,293.15031965718765
265.0,4.969012714285714,9.582672534755717e-06,1776.4928279058483,-62727.697973915485,62752.848699277085,107252.69706808768,293.15029953051976
270.0,4.969012714285714,9.587539570409294e-06,-1156.2917420560893,-43041.37313533946,43056.90202474243,72506.25321804581,293.1502814569066
274.99999999999994,4.969012714285714,1.0042306884363141e-05,-1928.0624604919187,-43065.7315473644,43108.86983627865,74415.669726123,293.1502656150236
280.0,4.969012714285714,1.0372246280475355e-05,-478.2352403669964,-67366.62857355508,67368.32604653656,118556.93273164866,293.15025229794935
285.0,4.969012714285714,1.0169280113657367e-05,7203.23805602088,-116621.79869205794,116844.04378770273,203868.8659797102,293.15024143569065
290.0,4.969012714285714,9.278993313542657e-06,17497.20024839376,-168820.08596259868,169724.40437648204,283421.9222424229,293.15023242453833
294.99999999999994,4.969012714285714,8.419560088817991e-06,12412.238179018332,-163444.24079513267,163914.86664030812,264351.35577783803,293.15022445382107
300.0,4.969012714285714,8.037769495640824e-06,5872.32678149915,-160005.32146685553,160113.04481378302,252230.89769631845,293.15021689550747
305.0,4.969012714285714,7.832327410668077e-06,3747.2281170876995,-157264.0400597087,157308.67749257557,243472.666725136,293.15020936041066
310.0,4.969012714285714,7.663046683932054e-06,3521.5933204455146,-154351.82103751216,154391.98903152582,234527.82568348155,293.1502016611405
314.99999999999994,4.969012714285714,7.480168078623525e-06,3965.9871863748417,-150842.80755507483,150894.93578467047,224023.81144101985,293.1501937978336
320.0,4.969012714285714,7.26644796529457e-06,4624.0295467576925,-146582.70645569405,146655.6220576813,211612.97138006528,293.15018596939825
325.0,4.969012714285714,7.017765123947756e-06,5308.029311539574,-141562.87312723525,141662.3528789843,197448.4615409595,293.1501784932026
330.0,4.969012714285714,6.735645034140613e-06,5938.000016064668,-135846.75075742757,135976.46684460304,181916.61135677653,293.15017162270556
335.0,4.969012714285714,6.423965122341289e-06,6482.878830583941,-129528.24857363204,129690.38089420758,165485.66679773788,293.1501653965503
339.99999999999994,4.969012714285714,6.0873571510822186e-06,6935.269322019743,-122708.22213763643,122904.05095336962,148619.99689306386,293.15015963234845
345.0,4.969012714285714,5.730438190139315e-06,7297.956294981921,-115482.06420753666,115712.43372998896,131736.1323230396,293.1501540486769
350.0,4.969012714285714,5.3575615215840265e-06,7574.393060733953,-107935.57222694103,108201.01285198628,115188.07088973837,293.1501484056933
355.0,4.969012714285714,4.97299888406592e-06,7760.098991150384,-100148.64012824249,100448.83899721627,99273.81132279207,293.15014257381927
359.99999999999994,4.969012714285714,4.581551622468988e-06,7834.05727552845,-92207.5335634815,92539.73038245155,84256.09214214474,293.1501365436614
365.0,4.969012714285714,4.189593156513075e-06,7750.520632372974,-84226.29870807388,84582.14920498608,70388.59316264435,293.15013043621565
370.0,4.969012714285714,3.8064995592316907e-06,7431.000108978443,-76375.3047954179,76735.95601289283,57935.221133572304,293.1501244867925
375.0,4.969012714285714,3.4464931456152305e-06,6746.839141956608,-68909.23689410357,69238.7374793556,47167.52986807419,293.1501189383326
379.99999999999994,4.969012714285714,3.13181564503603e-06,5440.819265862124,-62179.47354990414,62417.0605301708,38331.117163137365,293.1501139025873
385.0,4.969012714285714,2.902411219029018e-06,3040.7799717666135,-56612.61026902537,56694.214734038374,31624.403406323283,293.1501093258758
390.0,4.969012714285714,2.8277376478593686e-06,1682.5942835582514,-45665.79933070177,45696.78710844981,23625.895047431663,293.15010511693214
395.0,4.969012714285714,2.708924351311053e-06,1076.7919162897153,-25229.797592761355,25252.765539692748,12312.422377261093,293.15010140199763
399.99999999999994,4.969012714285714,2.616431298817573e-06,469.9886825176631,-12073.22372565,12082.368165690563,5653.282536790473,293.15009882153663
0.0,9.938025428571429,0.0002658314187880699,79192.52046211706,-2533888.8682822646,2535126.0820917604,63233028.06775196,293.15311463080565
5.0,9.938025428571429,0.000261871792764964,83248.36752085952,-2592823.680993065,2594159.773686523,66212242.051860906,293.15311952577036
10.0,9.938025428571429,0.00025750658203598393,92598.55921968678,-2586478.6572832465,2588135.6876623197,65905086.628651224,293.1531152394507
14.999999999999998,9.938025428571429,0.00025261193684299535,107568.44950006668,-2552540.087036829,2554805.641777439,64218563.372712255,293.15310007875814
20.0,9.938025428571429,0.00024674973708597726,129329.92423675174,-2499301.4512561276,2502645.39508778,61623092.39923894,293.1530776537087
24.999999999999996,9.938025428571429,0.00023967894441932018,152745.66734360062,-2427514.540127676,2432315.374581085,58208260.72272528,293.1530532775646
29.999999999999996,9.938025428571429,0.0002314751703516172,170498.06758648326,-2337952.112783933,2344160.7608527155,54065426.914280415,293.1530326757159
35.0,9.938025428571429,0.00022262913766067186,174281.71287223903,-2236160.6570019387,2242941.951849183,49497232.90056048,293.15302168524124
40.0,9.938025428571429,0.0002140469990643933,159206.34339734277,-2136130.737374583,2142055.365048819,45144644.36441783,293.15302551551093
44.99999999999999,9.938025428571429,0.00020670850332093758,129077.9384868006,-2054853.0654008512,2058903.1629951121,41707743.52885276,293.153046897769
49.99999999999999,9.938025428571429,0.00020113920521571324,94854.74875829708,-2000287.485458718,2002535.255081608,39455285.84059634,293.1530841371967
54.99999999999999,9.938025428571429,0.00019722302844510787,67749.17109124213,-1969138.1244527407,1970303.2516231625,38195394.574477635,293.1531305770372
59.99999999999999,9.938025428571429,0.00019436428810658903,54110.76675815687,-1950926.3274462896,1951676.589551205,37476632.34789449,293.1531758199892
65.0,9.938025428571429,0.0001918119517692922,53946.26615918398,-1933714.2919873518,1934466.635191381,36818605.86298974,293.15320813078307
70.0,9.938025428571429,0.00018896966149067063,62236.75185069419,-1908738.3863921848,1909752.769592956,35883859.6812376,293.15321753444283
75.0,9.938025428571429,0.00018558827658422277,71671.61517623367,-1872946.0202574667,1874316.8396032334,34564546.79470919,293.15319916863996
80.0,9.938025428571429,0.00018180249997304726,75755.58190776406,-1829353.6552291268,1830921.5450396424,32982557.108189326,293.15315523633603
84.99999999999999,9.938025428571429,0.00017801271839344636,71532.14811626662,-1785284.5860506257,1786717.0736868444,31409167.653692782,293.1530938294056
89.99999999999999,9.938025428571429,0.0001746492851614206,60944.30413562593,-1748568.51855005,1749630.267305322,30118782.954808928,293.1530253576338
94.99999999999999,9.938025428571429,0.00017191828797988377,49592.61812693126,-1722792.8730277857,1723506.5161257777,29226089.647353973,293.15295875187235
99.99999999999999,9.938025428571429,0.00016969002334872748,42773.60539752635,-1704778.5650364603,1705315.0844129878,28612388.94143346,293.15289879911774
104.99999999999999,9.938025428571429,0.00016764092744013114,42088.06669237658,-1688164.9031669528,1688689.4757896103,28057207.644687742,293.15284529423957
109.99999999999999,9.938025428571429,0.00016548121667948982,45485.48344256122,-1668032.2449796395,1668652.3003597304,27395331.226873048,293.1527943768396
114.99999999999999,9.938025428571429,0.00016309237909587502,49171.29774323782,-1642481.9876084868,1643217.8480469591,26566548.781443994,293.15274141881696
119.99999999999999,9.938025428571429,0.00016056408690516604,48904.8654235075,-1611983.225841839,1612724.900985147,25589714.23048124,293.15268330440153
125.0,9.938025428571429,0.00015820189255352427,39930.52574785794,-1578156.022110126,1578661.1026464663,24520124.40810495,293.1526182985516
130.0,9.938025428571429,0.00015657103433038024,15843.035404013683,-1542179.31070459,1542260.687476698,23402401.697685976,293.15254446561215
135.0,9.938025428571429,0.0001566175890131229,-32277.96772115098,-1501214.193388231,1501561.1614684514,22183542.793796785,293.15245890193955
140.0,9.938025428571429,0.00015979883110249534,-114260.53884261727,-1436708.286947045,1441244.6608813223,20437147.32357663,293.152358435565
145.0,9.938025428571429,0.00016804364289738462,-104837.72999667407,-1170007.8503696674,1174695.4156535666,15839805.732216243,293.1522408323243
150.0,9.938025428571429,0.0001720301153547571,-23107.262600033213,-531305.1365294326,531807.3840098743,6953963.547332335,293.1521074521078
155.0,9.938025428571429,0.00017381831502099015,-1629.097145951963,-207918.20466690487,207924.58678429516,2655863.1383813065,293.1519656769955
160.0,9.938025428571429,0.00017304729140791468,3906.0210857496004,-69788.39270469201,69897.61624709837,871571.9663590161,293.15182396744194
165.0,9.938025428571429,0.00016673611393525382,4620.659228273234,-20217.154107343034,20738.462139316984,252955.16376274975,293.1516911368094
169.99999999999997,9.938025428571429,0.00014542564629444634,3105.951590606984,-5431.902509433746,6257.195869971363,74942.18453655999,293.15157374770706
175.0,9.938025428571429,0.00010631111125619153,2330.112587454797,-2459.913894670059,3388.3035636445134,34976.618451661496,293.15147470445766
179.99999999999997,9.938025428571429,7.327416568028038e-05,3386.0491538831984,-3645.3784376487965,4975.350522946891,33678.69681281632,293.15139437247575
185.0,9.938025428571429,5.948842587648427e-05,4457.89567479031,-9431.72154787586,10432.17164371733,46385.355004037585,293.1513318491911
189.99999999999997,9.938025428571429,5.396264450031065e-05,6073.581974861354,-25938.63897285136,26640.221278534536,101359.39090459188,293.15128460240476
195.0,9.938025428571429,5.067208484252247e-05,10969.990961363797,-64841.49514093915,65762.90895181599,237965.77975543073,293.1512477696743
199.99999999999997,9.938025428571429,4.782765399935593e-05,23490.50453563899,-141209.83442738614,143150.34454149485,506061.0416946438,293.1512150099413
205.0,9.938025428571429,4.477597450806932e-05,54053.061385945904,-265227.15109233715,270679.0998982934,947477.4585851466,293.15118041820125
209.99999999999997,9.938025428571429,4.072313168775072e-05,73670.3455073698,-344326.02942320897,352118.920743444,1219898.1615900176,293.1511399691755
215.0,9.938025428571429,3.740893995733234e-05,59201.191293749274,-344243.34216003155,349296.80741757096,1200422.3841853766,293.1510922206038
219.99999999999997,9.938025428571429,3.480301255837579e-05,47668.38816271456,-337770.9767677558,341118.02646104037,1144864.775615671,293.1510379917453
225.0,9.938025428571429,3.264210114106088e-05,41754.86104285879,-324392.35451003496,327068.59843964333,1052501.0857261796,293.1509792276024
229.99999999999997,9.938025428571429,3.062752645408991e-05,40609.96287274155,-307476.0140727629,310146.20473995706,946406.6752932598,293.15091794849315
235.0,9.938025428571429,2.8581104853786728e-05,41847.52621112499,-286667.78565450653,289706.11795757595,825772.0629704857,293.15085577951777
239.99999999999997,9.938025428571429,2.6442773832977414e-05,43722.209056565116,-259725.23760681643,263379.63211817126,682510.3255996236,293.15079419817334
245.0,9.938025428571429,2.4208883948130217e-05,44549.078587377226,-227643.91002909697,231962.00157853423,529393.4307808582,293.15073493511204
250.0,9.938025428571429,2.1987865974239692e-05,39237.85620353654,-182517.58628647734,186687.65000205857,372506.4217243304,293.1506798334769
254.99999999999997,9.938025428571429,1.9946397562895028e-05,27277.5603963558,-130015.83956009765,132846.46716301452,234310.4149527567,293.15063020312414
260.0,9.938025428571429,1.8306980989637915e-05,14926.5720206666,-87567.57089115928,88830.6367424345,139902.48630701116,293.15058636560167
265.0,9.938025428571429,1.7256627779487925e-05,5007.99787671146,-55851.121288077746,56075.1976534075,80541.36980030959,293.15054789234637
270.0,9.938025428571429,1.700322394278132e-05,-458.638023347346,-39261.69912468607,39264.37783785495,53634.61560975279,293.15051424135237
274.99999999999994,9.938025428571429,1.7418798682988474e-05,-2385.8828641115438,-42349.818863889785,42416.97295712574,57279.89052998148,293.15048518862056
280.0,9.938025428571429,1.777524136275673e-05,-875.3990939426378,-70533.92790813671,70539.3600036455,95899.62070133796,293.15046067979273
285.0,9.938025428571429,1.759027932446739e-05,9133.268035856596,-129378.52506156483,129700.49858084878,180830.13682182002,293.15044028981833
290.0,9.938025428571429,1.67773830714992e-05,13471.49112711591,-148491.15975534933,149100.99127328643,218728.7717861051,293.15042297603856
294.99999999999994,9.938025428571429,1.62431302117558e-05,8760.135370556383,-155534.18237164945,155780.68512408072,238765.7734587188,293.1504074668745
300.0,9.938025428571429,1.590136953444356e-05,6141.899206231917,-157563.74795392514,157683.40938458795,244634.02214819865,293.1503927171483
305.0,9.938025428571429,1.5628940291132608e-05,5618.4631027254045,-157073.4929854366,157173.94607975805,243055.7873871152,293.1503780972279
310.0,9.938025428571429,1.533952322417102e-05,6381.437191382068,-155076.37726656528,155207.6207109356,237012.3276386674,293.1503633633051
314.99999999999994,9.938025428571429,1.4990796571994401e-05,7720.965827159345,-151891.1180444777,152087.22843850375,227578.03535211596,293.15034858815665
320.0,9.938025428571429,1.4567426641455086e-05,9222.42243193455,-147680.51152916267,147968.1944237619,215417.80754005045,293.15033410137477
325.0,9.938025428571429,1.4068554328800947e-05,10669.42007293887,-142582.85869445885,142981.4957194701,201142.81530418497,293.1503203579057
330.0,9.938025428571429,1.35004846341612e-05,11960.040483701887,-136735.45352436596,137257.52008136324,185360.48136304852,293.1503077161841
335.0,9.938025428571429,1.2872550280430758e-05,13057.103151749754,-130271.3114272915,130924.03340755204,168648.93585374294,293.1502962518623
339.99999999999994,9.938025428571429,1.2194774318986224e-05,13959.13374046582,-123311.18639753124,124098.77560053083,151523.44854823966,293.15028574154076
345.0,9.938025428571429,1.1476636906384176e-05,14681.097045987448,-115957.02815250981,116882.70611358917,134414.26719829932,293.15027580583774
350.0,9.938025428571429,1.072666461438748e-05,15238.39584070948,-108289.17680203749,109356.09045801284,117660.53094830998,293.1502660774256
355.0,9.938025428571429,9.952797322313229e-06,15630.564817901552,-100369.32910578071,101579.11587364372,101520.49103168464,293.1502562929874
359.99999999999994,9.938025428571429,9.163608132597324e-06,15823.66339160319,-92252.24637059026,93599.49403469468,86196.941251931,293.15024634049905
365.0,9.938025428571429,8.37043098315291e-06,15734.109208797598,-84009.56779797979,85470.2853288658,71874.55358142366,293.1502363266857
370.0,9.938025428571429,7.590197211717565e-06,15222.134979823735,-75765.69410623595,77279.71141731631,58759.19481742877,293.150226599055
375.0,9.938025428571429,6.848217485170536e-06,14107.853189762467,-67731.55059811329,69185.2185661697,47094.64063257269,293.1502176050674
379.99999999999994,9.938025428571429,6.179411892741318e-06,12220.41880856756,-60183.49688450219,61411.65958597501,37106.20336853138,293.15020965315864
385.0,9.938025428571429,5.6261756043137804e-06,9607.008304228879,-53244.57385507504,54104.336735293815,28801.095517515143,293.1502027908206
390.0,9.938025428571429,5.21871106231843e-06,6646.379256665185,-43460.02902863513,43965.309965849636,20197.003862830585,293.150196919663
395.0,9.938025428571429,4.920334514941247e-06,2722.502809678349,-23151.341526487267,23310.869482384398,9743.847108006868,293.1501921071723
399.99999999999994,9.938025428571429,4.72253363932299e-06,1078.9841723390543,-10892.114683390728,10945.426858752202,4321.68780396481,293.1501889731431
0.0,14.907038142857141,0.0003936960282594576,55724.21157775343,-2600929.1639698637,2601526.033647354,66588802.56288845,293.1543882342232
5.0,14.907038142857141,0.00039090981768056995,74055.46638793952,-2615072.039757609,2616120.407248863,67338014.96744469,293.1543831149989
10.0,14.907038142857141,0.00038629048162066367,109840.39890256425,-2609085.6997342063,2611396.7721869857,67095065.10416878,293.1543671094835
14.999999999999998,14.907038142857141,0.0003799257777903135,147533.08191277893,-2582269.243835464,2586480.32235261,65820808.12225614,293.1543401379959
20.0,14.907038142857141,0.0003715371734293858,190638.36376024527,-2534037.0420977203,2541197.8900629813,63536286.02955956,293.15430514476975
24.999999999999996,14.907038142857141,0.000360861941414289,235717.04064207335,-2460848.8780423556,2472112.4011281077,60128625.89418267,293.1542668450119
29.999999999999996,14.907038142857141,0.00034796546936517844,272480.1303821218,-2358795.407439391,2374481.247685528,55473087.83065259,293.15423194505615
35.0,14.907038142857141,0.0003336139283760768,283880.00253219716,-2230406.7805837262,2248399.933888885,49738419.442181766,293.1542092146392
40.0,14.907038142857141,0.00031957746911195873,256731.83244148357,-2099922.752804062,2115558.2718358175,44034679.236991204,293.1542077453812
44.99999999999999,14.907038142857141,0.00030794074513192847,198600.71687156826,-2003348.5140865408,2013168.525890133,39875405.87933903,293.15423307527703
49.99999999999999,14.907038142857141,0.0002997173974248019,133931.78027251197,-1953512.7901601503,1958098.5529554584,37723670.74469497,293.1542835149274
54.99999999999999,14.907038142857141,0.0002945475671046773,85626.41020259596,-1940969.2281310377,1942857.02682307,37138686.306947574,293.15434919730603
59.99999999999999,14.907038142857141,0.0002911547564045423,65059.20746691639,-1945101.6044830806,1946189.341312627,37266193.28570601,293.1544140806607
65.0,14.907038142857141,0.00028804164635798564,70734.25160629541,-1945015.4071335397,1946301.176163944,37270476.30056066,293.15446004847087
70.0,14.907038142857141,0.00028408133124391277,91867.46477321854,-1926678.6179917695,1928867.5766134213,36605781.10713755,293.1544722236923
75.0,14.907038142857141,0.0002788548998806638,113760.37812774838,-1886139.4127845955,1889566.9631138206,35129294.43026117,293.1544442622477
80.0,14.907038142857141,0.00027270529343113793,123417.03506049122,-1829815.7294399964,1833973.110012562,33092591.632323284,293.15438079024204
84.99999999999999,14.907038142857141,0.00026651319637461466,114817.26940346062,-1772078.783620245,1775794.532233466,31026321.011697784,293.154294781585
89.99999999999999,14.907038142857141,0.0002612235664907919,92373.71759522357,-1728947.63585132,1731413.535588258,29494868.85081356,293.15420153779365
94.99999999999999,14.907038142857141,0.0002572758246150923,69113.56906584381,-1708016.4265496251,1709414.1683022198,28750106.062111974,293.1541128157045
99.99999999999999,14.907038142857141,0.0002543122095842075,56951.44478994692,-1700691.5092924328,1701644.8151253643,28489359.28699252,293.1540333424138
104.99999999999999,14.907038142857141,0.0002515806801360976,58331.10765266978,-1692941.7812638355,1693946.3961025318,28232164.7145515,293.1539606988285
109.99999999999999,14.907038142857141,0.0002484790988189405,68042.96528388499,-1676283.3970980032,1677663.813912384,27692025.76926076,293.15388846301755
114.99999999999999,14.907038142857141,0.0002447763836077091,78973.8319461735,-1648756.9301992487,1650647.230940734,26807319.351007,293.1538107937234
119.99999999999999,14.907038142857141,0.00024058171562432317,85168.67348955217,-1611599.9514126375,1613848.84866495,25625394.862952687,293.15372507401605
125.0,14.907038142857141,0.0002362595162587539,82079.38239732175,-1566550.4296061182,1568699.2297804698,24211640.641829114,293.1536308985598
130.0,14.907038142857141,0.000232373777384591,65943.79919245625,-1513811.110434359,1515246.733283541,22589757.326442745,293.15352754141384
135.0,14.907038142857141,0.00022966513633950828,33720.041807516594,-1449735.5663582725,1450127.6680291435,20689849.44317234,293.153412889183
140.0,14.907038142857141,0.00022900177320383933,-15464.41173824742,-1364136.3673512372,1364224.0200057467,18311175.983950738,293.1532843006914
145.0,14.907038142857141,0.00023121157751333302,-31547.66720772732,-1238264.2155129244,1238666.0254992414,15095701.664303675,293.15313997250615
150.0,14.907038142857141,0.00023215653992461206,-1876.919795168495,-551728.4248613681,551731.6173901255,6326558.544260019,293.15298011059065
155.0,14.907038142857141,0.00023160804962939565,6739.881632622119,-211821.8627385564,211929.0625149217,2313531.1990801548,293.1528108040808
160.0,14.907038142857141,0.00022862794550244356,8190.2535157277525,-69904.12801762849,70382.29441100144,736612.194415528,293.15263890597987
165.0,14.907038142857141,0.00021922964840406849,7616.510641000511,-19807.023265810523,21220.966165489106,220767.86499845644,293.1524720659188
169.99999999999997,14.907038142857141,0.00019067751102475245,4928.865228485209,-5095.612161981753,7089.356511412507,81115.57195413212,293.1523168856479
175.0,14.907038142857141,0.00013837729014124476,3804.9392478817385,-2314.3787816718695,4453.528020022308,49357.318941026504,293.1521774479654
179.99999999999997,14.907038142857141,9.44396288872775e-05,5846.899013178055,-3736.7330383675085,6938.9770045972755,49777.36912675396,293.1520558466783
185.0,14.907038142857141,7.694145266928569e-05,7475.811771461372,-10223.87387885824,12665.51849444468,51008.805728148356,293.15195306207755
189.99999999999997,14.907038142857141,7.027875079772298e-05,9486.084858438116,-28692.871109133823,30220.30209026467,97811.22903481491,293.1518683065012
195.0,14.907038142857141,6.661542543923934e-05,15497.63651175919,-72388.56584482601,74028.92139239448,229257.89043790905,293.1517978400176
199.99999999999997,14.907038142857141,6.368940853425809e-05,30225.915230474548,-159014.288803337,161861.51486734237,501139.9609380548,293.1517355405537
205.0,14.907038142857141,6.073909186549921e-05,61950.755459844666,-302112.6246417079,308398.9851960395,974298.4903000707,293.1516749668384
209.99999999999997,14.907038142857141,5.7239286921660684e-05,65744.12797720156,-328858.92980788625,335366.1969815546,1106581.5495682477,293.1516111406734
215.0,14.907038142857141,5.416467906777906e-05,58721.501520673824,-334451.108685927,339567.0167170072,1134477.405968335,293.1515415943854
219.99999999999997,14.907038142857141,5.13671367695933e-05,54757.44846786332,-332162.3951600637,336645.562752847,1115040.499470988,293.1514660019287
225.0,14.907038142857141,4.8688934220992726e-05,54453.61384467585,-323822.10620762774,328368.6229369201,1060884.6266667903,293.15138525559354
229.99999999999997,14.907038142857141,4.592177538512572e-05,58178.83779663454,-310610.5966985637,316012.21487278765,982545.3220686392,293.15130050119797
235.0,14.907038142857141,4.287105044132927e-05,65260.32428067242,-291800.69589638326,299009.2909105536,879658.7334724445,293.1512128770571
239.99999999999997,14.907038142857141,3.9395742957058476e-05,74022.46815312601,-265163.23280511337,275301.40904677426,745695.8413749597,293.1511241084891
245.0,14.907038142857141,3.546880362601667e-05,77666.00441667165,-230285.61916810158,243029.7813801559,581117.3541314984,293.1510370554918
250.0,14.907038142857141,3.162914251539131e-05,59950.078591014884,-166713.35209229274,177164.76424198362,366910.8947172283,293.15095519363945
254.99999999999997,14.907038142857141,2.8346002637766083e-05,38918.87231432935,-113397.98282859687,119890.70494335172,213226.708437581,293.15088128639843
260.0,14.907038142857141,2.5761198381632254e-05,21276.359651604274,-73846.32801934906,76850.26767660417,117804.55890394602,293.15081643551764
265.0,14.907038142857141,2.4032562267298398e-05,8230.658480433875,-46446.310206612565,47169.94245099755,63223.84271703056,293.1507602858528
270.0,14.907038142857141,2.338413958213519e-05,1013.8781437300523,-34088.426672901165,34103.50102150941,41956.65163002084,293.1507119211897
274.99999999999994,14.907038142857141,2.366081841136238e-05,-2405.182345176574,-40825.35143734824,40896.13945223364,49209.67677069135,293.15067060955573
280.0,14.907038142857141,2.410340476967234e-05,-3282.062995818179,-73664.67450354148,73737.7529303764,90650.9407655786,293.1506358377518
285.0,14.907038142857141,2.4216971787185952e-05,673.2224046244396,-133046.49302963723,133048.19628950782,174165.78246480043,293.15060678598263
290.0,14.907038142857141,2.4036082529209895e-05,3403.8510415277715,-145866.70114329827,145906.41077190955,209456.38365751336,293.1505820196157
294.99999999999994,14.907038142857141,2.3876586683033175e-05,3395.876956977994,-153825.87377281062,153863.35308407783,232924.5354154166,293.1505598533057
300.0,14.907038142857141,2.3696494833512095e-05,4342.555979270496,-157610.85881448133,157670.67136494175,244594.49957410543,293.1505388648336
305.0,14.907038142857141,2.3442331085106126e-05,6219.183431214231,-158371.18712792927,158493.25271083522,247153.2976911499,293.15051819129667
310.0,14.907038142857141,2.3074576490390672e-05,8671.850714809612,-156974.39569673318,157213.7458976616,243178.8968603874,293.15049753078904
314.99999999999994,14.907038142857141,2.2575146013625165e-05,11316.01736283556,-153952.1061173215,154367.42929424916,234453.2171018997,293.150477001444
320.0,14.907038142857141,2.1942974754107116e-05,13874.601358380238,-149654.40212902022,150296.18970369294,222249.50059276406,293.15045698687413
325.0,14.907038142857141,2.118768587778714e-05,16185.255788425498,-144343.33227798282,145247.92624354028,207570.07094450682,293.15043797717925
330.0,14.907038142857141,2.0324449175264566e-05,18173.246996681468,-138233.27250486382,139422.7547203337,191254.72410357994,293.15042037381403
335.0,14.907038142857141,1.9370361178118994e-05,19823.949637225815,-131504.22859764702,132990.041425219,174013.56132777288,293.1504043168272
339.99999999999994,14.907038142857141,1.8342054211541985e-05,21160.840439675234,-124303.3149989732,126091.61466111595,156428.9985212483,293.1503896487826
345.0,14.907038142857141,1.725427713415147e-05,22226.86762980801,-116741.80905225349,118838.89777941321,138951.12998325244,293.1503760268157
350.0,14.907038142857141,1.6119367448561185e-05,23065.488010665213,-108891.66392860754,111307.73203291382,121897.70253017153,293.1503630659048
355.0,14.907038142857141,1.494772833308495e-05,23697.641233545743,-100784.81598634792,103533.36338319092,105464.30575472658,293.1503504239987
359.99999999999994,14.907038142857141,1.374960332520661e-05,24092.429663756906,-92421.00308942421,95509.61720768454,89750.95153144877,293.15033787181716
365.0,14.907038142857141,1.253848536670926e-05,24134.89819563547,-83794.01723952232,87200.51970057892,74814.02134445305,293.1503254130371
370.0,14.907038142857141,1.1336113505643064e-05,23608.134994878077,-74948.94476566538,78579.18528098358,60751.9043541848,293.150313373842
375.0,14.907038142857141,1.0177671867221452e-05,22232.466364217136,-66073.78087898184,69713.894456412,47817.13394317555,293.1503023023872
379.99999999999994,14.907038142857141,9.11286686922135e-06,19838.01359140583,-57585.9162617549,60907.17966675727,36499.072816860506,293.1502926927918
385.0,14.907038142857141,8.19387050808087e-06,16983.067364310376,-49710.09534756869,52531.11607956825,27150.51729783811,293.15028476517364
390.0,14.907038142857141,7.414560132790313e-06,11129.556122741964,-37294.95772687083,38920.18616782743,17298.008750212786,293.1502784911686
395.0,14.907038142857141,6.902118082717299e-06,4135.3965228095285,-19434.974134196887,19870.07106171911,7790.6081061458435,293.1502738427988
399.99999999999994,14.907038142857141,6.585196814037258e-06,1565.6735792693062,-9036.676103337131,9171.305727836485,3350.3282031293847,293.15027111193376
0.0,19.876050857142857,0.0005243124204825252,51082.06861976963,-2654001.3403965672,2654492.8880223525,69327890.36754848,293.1555411059388
5.0,19.876050857142857,0.0005217583170515367,75142.38153735037,-2657200.8875611653,2658263.1424219366,69524967.11271065,293.1555297979349
10.0,19.876050857142857,0.0005167981823287901,125198.06121993817,-2652265.4706126587,2655218.7633295716,69365811.19563125,293.15550774922775
14.999999999999998,19.876050857142857,0.0005092385109295429,182151.99629722178,-2633149.5226851967,2639442.31961457,68543962.00699228,293.15547566118977
20.0,19.876050857142857,0.000498582982699068,249997.7925165875,-2593420.226763545,2605441.875929963,66789413.65645925,293.1554348812743
24.999999999999996,19.876050857142857,0.00048423873167788414,326901.24948149093,-2522691.848176554,2543784.304489867,63665685.471490934,293.15538856854636
29.999999999999996,19.876050857142857,0.0004658928577509189,399512.0100222023,-2405648.4478362864,2438596.7892886912,58509292.69076238,293.1553435841913
35.0,19.876050857142857,0.0004442875306756639,431550.01532500767,-2226722.4132558256,2268155.2242787224,50616300.3195345,293.1553112540032
40.0,19.876050857142857,0.0004227378562184181,384857.4260189805,-2030223.9856769813,2066379.6046177195,42011197.98679834,293.1553051239401
44.99999999999999,19.876050857142857,0.00040580178807376587,274580.5316619395,-1905682.9727107019,1925362.8387520236,36472877.102494724,293.1553344831967
49.99999999999999,19.876050857142857,0.0003952798030522242,156847.44176248912,-1869906.7337794772,1876473.3712529123,34644130.37311074,293.155397935269
54.99999999999999,19.876050857142857,0.00039011704389751696,76108.22880555759,-1896330.4497576924,1897857.1171640216,35438218.24536744,293.1554819542821
59.99999999999999,19.876050857142857,0.0003876689801716684,50089.663776615176,-1943443.3283909997,1944088.718419183,37185790.03810694,293.1555645251969
65.0,19.876050857142857,0.00038510807751985544,72255.07698127163,-1974341.6005284288,1975663.3194263456,38403492.87709682,293.1556218512896
70.0,19.876050857142857,0.00038044347247354125,120747.86474791753,-1966546.921373639,1970250.4512892058,38193347.4758239,293.15563566141583
75.0,19.876050857142857,0.0003730332910450637,167934.20012747374,-1914922.2424533272,1922271.8564799656,36355863.81011713,293.1555991208388
80.0,19.876050857142857,0.0003636500524607939,189109.32521118128,-1831673.6031400256,1841409.9286475547,33361518.782572255,293.15551894333095
84.99999999999999,19.876050857142857,0.00035412235852394557,171775.1160178454,-1744447.6597675194,1752884.5735390906,30230928.81719815,293.15541197865576
89.99999999999999,19.876050857142857,0.00034647254085900934,124609.63749383033,-1687401.1283540288,1691995.901214537,28167186.283353742,293.1552976145668
94.99999999999999,19.876050857142857,0.00034166139477456253,77673.62855244707,-1679801.814253672,1681596.6602436006,27822011.449165042,293.15518973799146
99.99999999999999,19.876050857142857,0.00033870517800376463,57754.82621521325,-1697024.0151430438,1698006.5158659925,28367662.910108548,293.1550921095321
104.99999999999999,19.876050857142857,0.0003358859121530412,66344.91065754296,-1706517.2356366282,1707806.4066793509,28696050.60762569,293.1549994897848
109.99999999999999,19.876050857142857,0.00033207068693801034,89396.5007863119,-1695268.3404218475,1697623.774689045,28354875.857859626,293.15490324866664
114.99999999999999,19.876050857142857,0.00032694626207441,113453.87054611622,-1664543.385201767,1668405.3650000212,27387223.635591593,293.1547973915722
119.99999999999999,19.876050857142857,0.0003207252998833987,130601.8947523478,-1619011.695749657,1624270.8289836037,25957433.021922767,293.1546807771155
125.0,19.876050857142857,0.00031388607259917524,137113.32457512387,-1562539.6154415251,1568543.9469776398,24206847.542848833,293.15455500415476
130.0,19.876050857142857,0.00030701396742588633,131933.94354323228,-1496639.0589395526,1502443.023279864,22209607.085179314,293.15442117751235
135.0,19.876050857142857,0.000300692678244852,116469.17255634489,-1419514.6370920404,1424284.6882117728,19958985.54120562,293.1542786049677
140.0,19.876050857142857,0.00029536705017025184,95900.2273689247,-1325036.1915835023,1328502.0747501764,17364781.648257475,293.15412556481834
145.0,19.876050857142857,0.00029110265550795955,75145.78266423647,-1198570.6388072376,1200924.0046160333,14189787.91075089,293.1539605308071
150.0,19.876050857142857,0.0002878524719038282,34674.02488480161,-545127.6416008328,546229.2866910358,5989444.154436984,293.15378305046085
155.0,19.876050857142857,0.00028402815209365015,19492.711795477364,-207070.90377392806,207986.35773264774,2141918.92922053,293.1535973656318
160.0,19.876050857142857,0.0002780426586774341,13273.930627394417,-67451.48281396402,68745.17996269529,672985.2038848317,293.1534076743826
165.0,19.876050857142857,0.00026481601396115685,10406.826749295065,-18725.984846420717,21423.45797153722,214994.07196794485,293.1532185481316
169.99999999999997,19.876050857142857,0.00022849526510804362,6437.466997928136,-4658.492253944714,7946.227496710423,96824.27588816914,293.1530344693039
175.0,19.876050857142857,0.0001644856398642833,5105.37403086602,-2190.784671351551,5555.57211016742,69116.97674970092,293.15285933767933
179.99999999999997,19.876050857142857,0.0001122942645502249,8021.096581017292,-3907.9641306764224,8922.453362649805,70465.17719513927,293.152696823772
185.0,19.876050857142857,9.232591508156232e-05,9931.114844650883,-11253.766009693563,15009.14026380523,60910.101393704055,293.15255068931884
189.99999999999997,19.876050857142857,8.50025486649381e-05,11885.418670557447,-32013.150695834156,34148.27952399099,106822.86357809551,293.15242350800463
195.0,19.876050857142857,8.125977426556743e-05,17545.89988179907,-80812.3574809557,82695.19770997524,247410.9337879648,293.15231441566124
199.99999999999997,19.876050857142857,7.855062674618335e-05,30609.560716506832,-176956.38173639105,179584.25945637014,541505.7001490768,293.1522187759045
205.0,19.876050857142857,7.603606809023007e-05,51454.109899970324,-312422.2674979511,316631.0134117622,986397.0268802849,293.15213020762985
209.99999999999997,19.876050857142857,7.340521575618632e-05,53892.91905551244,-326602.7905378347,331019.37935931294,1078081.746431932,293.15204292598395
215.0,19.876050857142857,7.064677618467883e-05,55918.1990265149,-332442.3873229442,337112.4231934317,1118135.3227441113,293.15195319438396
219.99999999999997,19.876050857142857,6.781339585353483e-05,58231.5178536832,-332530.6126520225,337590.75523816294,1121310.6397194443,293.15185911427244
225.0,19.876050857142857,6.482362439931051e-05,63173.093157042094,-328062.88719673577,334089.9544357575,1098175.3400993505,293.15175992269377
229.99999999999997,19.876050857142857,6.149608653783062e-05,72432.9218659283,-319274.39406293683,327387.6400756314,1054555.4281190818,293.1516552916833
235.0,19.876050857142857,5.758033221271768e-05,87013.23201458988,-304664.44710844045,316846.53679268225,987740.3190168475,293.15154542995344
239.99999999999997,19.876050857142857,5.2794763336371634e-05,104856.0487331837,-278736.67730550695,297806.86061816994,872598.0729786366,293.15143203363925
245.0,19.876050857142857,4.709472733939931e-05,97264.76204705238,-217365.2288923842,238134.5767995658,637998.9861471617,293.1513189259913
250.0,19.876050857142857,4.167269019715343e-05,66821.15777637773,-142050.1916048608,156981.92272218235,368543.9301977292,293.1512112161315
254.99999999999997,19.876050857142857,3.6937875477624616e-05,42735.293709245845,-92582.58605304503,101969.80223911878,203176.11223193206,293.15111329512865
260.0,19.876050857142857,3.318535543490383e-05,23554.58626979288,-58108.66914047182,62701.16397338998,104285.5107664968,293.15102731991976
265.0,19.876050857142857,3.058744166308729e-05,9971.965926953408,-36030.66562141502,37385.14370134931,51862.386447685574,293.15095322976435
270.0,19.876050857142857,2.942446811682512e-05,2344.1749032995044,-27976.722565881384,28074.760221693006,34258.10799276441,293.15088986156445
274.99999999999994,19.876050857142857,2.9551878908827403e-05,-2356.218674811289,-37426.146819425696,37500.243095115235,44397.40100065727,293.15083606556817
280.0,19.876050857142857,3.018053483762676e-05,-7361.909552322859,-72407.58664422818,72780.87877937443,89241.0046540981,293.1507909612426
285.0,19.876050857142857,3.0812473633575254e-05,-10931.180853117092,-133815.69012384635,134261.42274743266,177356.59516851045,293.15075340575885
290.0,19.876050857142857,3.127365292293847e-05,-7179.110294446531,-147685.89781640432,147860.28553488338,215103.72625771086,293.1507215878769
294.99999999999994,19.876050857142857,3.153038466301991e-05,-2911.2383867805574,-156240.1743886292,156267.29472904408,240259.76075673854,293.15069337071276
300.0,19.876050857142857,3.1564776761616526e-05,1624.755235832474,-160645.2522148229,160653.4683371026,253936.46208843592,293.1506668950785
305.0,19.876050857142857,3.136790913943666e-05,6250.981767578289,-161799.34655240708,161920.05224135928,257956.2906495622,293.1506409931668
310.0,19.876050857142857,3.09396785848587e-05,10773.13113681579,-160477.82679780317,160839.02899556668,254523.41275465183,293.15061523941085
314.99999999999994,19.876050857142857,3.029059602575508e-05,14995.594048450414,-157272.74893350064,157986.0291227229,245573.90698159687,293.15058974982264
320.0,19.876050857142857,2.9440119180013656e-05,18771.646307208524,-152629.1369304426,153779.1538057572,232669.6766567457,293.15056492697903
325.0,19.876050857142857,2.8413431395034228e-05,22019.767735726546,-146892.92305997375,148534.17457352605,217068.91074376754,293.1505412658879
330.0,19.876050857142857,2.7238142406441002e-05,24719.57436922612,-140342.42713840998,142502.82176888853,199798.29643155186,293.150519198091
335.0,19.876050857142857,2.5941473958111616e-05,26900.730342995786,-133203.18479887524,135892.37555341315,181691.67725045275,293.1504989535714
339.99999999999994,19.876050857142857,2.4548069372141423e-05,28630.06382340189,-125651.5802870173,128872.0302593112,163403.81569243874,293.1504805046035
345.0,19.876050857142857,2.3078467575771428e-05,29997.235069343864,-117811.66255725636,121570.6459072679,145412.68744715495,293.15046362376887
350.0,19.876050857142857,2.1548345865207037e-05,31096.496125960228,-109747.68192392128,114068.16277553547,128018.79826755625,293.15044797848236
355.0,19.876050857142857,1.9968817963175405e-05,31999.1494424195,-101454.09263262388,106380.81818141522,111345.20137687826,293.15043319082264
359.99999999999994,19.876050857142857,1.8348430920965087e-05,32709.16239137242,-92849.68086311383,98442.63578717942,95347.94107571905,293.1504189107537
365.0,19.876050857142857,1.6697901724038164e-05,33097.88519989743,-83793.85851638386,90093.73302161114,79860.86633776946,293.1504049754137
370.0,19.876050857142857,1.5038642400975345e-05,32832.550934958475,-74161.91501320411,81104.66102094472,64719.69764370767,293.1503915793929
375.0,19.876050857142857,1.3414646630542316e-05,31363.275068649764,-64033.4975560673,71301.78000789788,50020.2198820715,293.1503792669615
379.99999999999994,19.876050857142857,1.1902314894110369e-05,28482.691100200573,-54795.50911265165,61756.06457040583,37523.56372790663,293.1503686776601
385.0,19.876050857142857,1.056637752052226e-05,23817.894745247588,-47236.70314777405,52901.77912288602,27535.02077567442,293.1503602360081
390.0,19.876050857142857,9.52052541958561e-06,11817.648172243978,-28180.232911690742,30557.852268771763,13779.655657910955,293.15035404233697
395.0,19.876050857142857,8.793907433059878e-06,4447.0920701576,-14687.873908407964,15346.343793547374,6056.06892514544,293.150349998356
399.99999999999994,19.876050857142857,8.358241494943661e-06,1645.149094183208,-6839.078250272157,7034.167104600053,2578.3896833556273,293.1503479932153
0.0,24.845063571428575,0.000657451356342695,49364.77536141579,-2703913.504881801,2704364.0884556705,71957352.01701097,293.15661609263344
5.0,24.845063571428575,0.0006549831175746242,75780.57819325663,-2707364.1797464946,2708424.5416488373,72173594.20619822,293.15660348499637
10.0,24.845063571428575,0.0006498732985233694,133742.7064754867,-2709450.550656627,2712749.416733674,72404275.17380561,293.15658240788537
14.999999999999998,24.845063571428575,0.0006416088469270756,206013.63488507713,-2704388.4405748546,2712223.894753797,72376225.14292386,293.1565538306712
20.0,24.845063571428575,0.0006292719350348616,300411.48156502115,-2683419.4537496255,2700182.775853892,71735012.4389718,293.15651760600235
24.999999999999996,24.845063571428575,0.0006115676987705734,422325.11201679206,-2630277.5482286173,2663966.6816526707,69823631.13526668,293.15647496484803
29.999999999999996,24.845063571428575,0.0005870394238331824,566615.3074143329,-2513619.4693438048,2576690.8513169503,65323505.66880471,293.15643144525666
35.0,24.845063571428575,0.0005549061680291402,656977.7876768899,-2265248.6829224206,2358595.219401282,54733305.924308635,293.15639866078124
40.0,24.845063571428575,0.0005213416450654935,575781.6448126626,-2013804.594825809,2094500.7635817935,43162431.16521207,293.15639361385337
44.99999999999999,24.845063571428575,0.0004973280035478739,357924.40947117674,-1847884.136371452,1882228.9085944241,34856977.92333409,293.15642947978927
49.99999999999999,24.845063571428575,0.0004855492041183758,143226.34136534235,-1817376.3642821158,1823011.419139272,32698183.80406526,293.1565055435921
54.99999999999999,24.845063571428575,0.0004830053694113397,12545.555484610333,-1884192.7059880598,1884234.471678359,34931299.502534896,293.15660489550817
59.99999999999999,24.845063571428575,0.00048429464856991476,-12468.472540253419,-1984296.5473939942,1984335.7202870718,38741385.941225,293.15670067708504
65.0,24.845063571428575,0.000484252216665365,47773.84215101167,-2065975.780678592,2066528.0705435353,42017235.07258561,293.1567659008737
70.0,24.845063571428575,0.0004795172643548136,150918.5739231937,-2095837.120208035,2101263.8221786716,43441620.68773334,293.15678147502166
75.0,24.845063571428575,0.00046916035927304565,247797.8247518941,-2057613.6507938977,2072481.0488603178,42259659.03006717,293.1567407884
80.0,24.845063571428575,0.0004547374818796242,292835.1088261574,-1955635.0318915907,1977437.933014043,38472514.726756856,293.15665100451133
84.99999999999999,24.845063571428575,0.0004398768483904299,258195.62171007725,-1821385.6884720442,1839595.2830014094,33295797.94099495,293.1565302816071
89.99999999999999,24.845063571428575,0.00042891791970861646,156618.92325203514,-1710386.28972155,1717542.065624035,29024157.20612476,293.1564001200115
94.99999999999999,24.845063571428575,0.0004242149560652264,59550.31970529449,-1670195.6221826368,1671256.909315575,27480921.033183426,293.1562752086544
99.99999999999999,24.845063571428575,0.000422962887738087,30401.591086064967,-1700989.9981982792,1701261.658508516,28476530.92531882,293.15615738162916
104.99999999999999,24.845063571428575,0.0004211747969566199,60075.90165502444,-1740578.5056445068,1741614.9540789227,29843457.9182458,293.15603869480606
109.99999999999999,24.845063571428575,0.00041695529757258457,109756.6845795553,-1733488.6877023699,1736959.8614251225,29684136.365428217,293.1559099066246
114.99999999999999,24.845063571428575,0.0004101991284986644,154757.87933115006,-1694953.6149387422,1702004.0417134692,28501389.07779745,293.15576698841835
119.99999999999999,24.845063571428575,0.00040147950963946957,186540.27925829514,-1637228.6459395147,1647821.2630229953,26715607.71937115,293.1556116439401
125.0,24.845063571428575,0.00039154510057283487,203693.6200353371,-1567840.7744498984,1581017.3259236463,24593373.82637811,293.1554480342255
130.0,24.845063571428575,0.00038111014763593585,208082.38636826212,-1490552.185032926,1505006.344113918,22285455.436379924,293.1552793317744
135.0,24.845063571428575,0.00037073686193600866,204259.4077475364,-1406433.2963926245,1421188.4191954276,19872301.724518187,293.15510639142894
140.0,24.845063571428575,0.0003606842068611822,204110.29558621362,-1315038.5194894616,1330784.475602765,17424499.188468356,293.1549283404609
145.0,24.845063571428575,0.0003503258323773873,171453.87751581383,-1142232.0697988574,1155028.3690854479,13776490.827044662,293.15474358149925
150.0,24.845063571428575,0.00034268904474276334,68453.06042386107,-502952.7889025457,507589.72541437583,5611856.893679666,293.1545510939766
155.0,24.845063571428575,0.0003351717738805975,31207.844560491834,-190175.55878439063,192719.1550445026,1995223.2143533225,293.15435322080907
160.0,24.845063571428575,0.0003256493957268534,17407.87962865635,-61344.62522277858,63766.74146362625,628312.6834187286,293.15415101652553
165.0,24.845063571428575,0.00030783241036996204,12182.661432674839,-16724.66811633615,20691.345127486853,217200.37997551475,293.1539451432644
169.99999999999997,24.845063571428575,0.00026283192392337394,7235.364586919566,-4074.432684170224,8303.704137521057,112421.66388802316,293.1537368652221
175.0,24.845063571428575,0.0001879316761916681,5927.061204137731,-2051.895600443743,6272.187024692025,87151.00402103268,293.15352895027553
179.99999999999997,24.845063571428575,0.00012937873542456058,9344.081560189481,-4094.4985594726195,10201.80271603977,87950.09235696177,293.1533262182752
185.0,24.845063571428575,0.00010767628314156235,11249.35992775815,-12299.363891871662,16668.006807321843,71628.5787694031,293.15313543093544
189.99999999999997,24.845063571428575,9.990046792457115e-05,12920.823166277676,-35138.06884819658,37438.37007235786,123049.17828119044,293.15296327407805
195.0,24.845063571428575,9.614732182153032e-05,17452.627547235537,-87843.30737296179,89560.26383683317,280333.0206426827,293.15281271996014
199.99999999999997,24.845063571428575,9.370092750353966e-05,26158.21531582415,-189035.54658642158,190836.81537307255,597186.8753631266,293.1526813850759
205.0,24.845063571428575,9.178769625396504e-05,40037.72207805087,-323512.5256715366,325980.63355907495,1045510.6273783302,293.1525633606486
209.99999999999997,24.845063571428575,8.969715529573457e-05,45848.0819868187,-331882.99780700426,335034.88005763525,1104396.1886276181,293.1524521872119
215.0,24.845063571428575,8.720288805528317e-05,52830.416829989146,-336113.9705611767,340240.582748193,1138982.5745307202,293.15234286147233
219.99999999999997,24.845063571428575,8.441411361273566e-05,59109.806829732406,-337398.4852960064,342537.1616970744,1154410.430967938,293.15223186763404
225.0,24.845063571428575,8.129190737230993e-05,67627.6775871793,-336571.04627343,343298.08034043363,1159544.9867386557,293.15211668977327
229.99999999999997,24.845063571428575,7.765134585401773e-05,81432.26705527297,-333687.7124200455,343480.28114854614,1160776.1389651522,293.15199537849264
235.0,24.845063571428575,7.314868066678263e-05,105546.81027582889,-327122.59912642365,343728.5615403944,1162454.8502658173,293.1518669406573
239.99999999999997,24.845063571428575,6.709666482643484e-05,123126.4647078574,-293801.28408540663,318558.1906680302,1052439.0702920381,293.1517325075031
245.0,24.845063571428575,6.017013685658927e-05,88892.05677023406,-184580.97912839014,204870.53378374773,650830.0236225316,293.15159617606713
250.0,24.845063571428575,5.308703424464205e-05,60368.29375817215,-115270.726178978,130121.75531056247,373943.3087843165,293.1514642202081
254.99999999999997,24.845063571428575,4.661917918684094e-05,38366.443766137316,-71751.58789060764,81365.06850045522,199594.63113895096,293.1513426408558
260.0,24.845063571428575,4.133049333693149e-05,21498.364713659466,-43185.115181011286,48240.37581278498,96725.90494247149,293.15123500556047
265.0,24.845063571428575,3.7537168466773324e-05,9804.037963843855,-26340.411430729837,28105.807847073433,44900.53009198754,293.1511419400957
270.0,24.845063571428575,3.566654276975866e-05,3154.4002708938983,-21770.833525683633,21998.168866340806,29303.62890646199,293.1510623187078
274.99999999999994,24.845063571428575,3.559574492544028e-05,-1905.3384164537545,-32248.3980141393,32304.63571934465,40876.15255675239,293.1509947890667
280.0,24.845063571428575,3.6425063730470273e-05,-9575.508246508154,-65698.17788349326,66392.32587724329,86953.94474660335,293.15093829841794
285.0,24.845063571428575,3.751560909911215e-05,-22188.970646204798,-135867.268672715,137667.22600140478,192282.69107840056,293.15089152247674
290.0,24.845063571428575,3.871314460861817e-05,-18881.658443073422,-154572.65230788314,155721.61656961637,238584.7384965574,293.15085230564586
294.99999999999994,24.845063571428575,3.940377494341949e-05,-9483.162397957283,-162752.40415206406,163028.4497452602,261499.97418674693,293.15081800420086
300.0,24.845063571428575,3.96614608484139e-05,-1182.1634532726082,-166890.45830740652,166894.64516420665,274049.9061736032,293.15078623172025
305.0,24.845063571428575,3.952199128874675e-05,6385.571236387364,-167672.53012915794,167794.07879877154,277011.70159579464,293.150755411525
310.0,24.845063571428575,3.902290372477516e-05,13170.394938969912,-165841.5418118445,166363.68682311117,272308.9561000937,293.15072489994964
314.99999999999994,24.845063571428575,3.820495179484976e-05,19116.06531111559,-162014.1506329914,163138.00586714447,261851.5514631775,293.15069475599694
320.0,24.845063571428575,3.7111297193663604e-05,24190.09870590563,-156682.97285795235,158539.31644550286,247296.9815154805,293.150665393442
325.0,24.845063571428575,3.5785941924259195e-05,28395.819223095248,-150246.73421216343,152906.5194514975,230036.5566816489,293.1506373272707
330.0,24.845063571428575,3.427171527135408e-05,31778.14369160988,-143033.0533413926,146520.6632685174,211223.6799316176,293.15061103428866
335.0,24.845063571428575,3.260812755509821e-05,34423.750594864716,-135309.4078168488,139619.591923067,191795.13258054655,293.15058685113706
339.99999999999994,24.845063571428575,3.082934021186761e-05,36456.97438183835,-127284.59624901191,132402.71682768443,172479.9612898975,293.15056490820695
345.0,24.845063571428575,2.8962430116914373e-05,38032.202264394386,-119102.81033126368,125027.70828054385,153800.37495000236,293.1505451336342
350.0,24.845063571428575,2.702611998542817e-05,39321.6825967285,-110830.47141648109,117599.26920111915,136067.40382897807,293.1505272878665
355.0,24.845063571428575,2.5030261857241524e-05,40490.9176569789,-102430.3510773548,110143.04896149554,119360.06357783519,293.1505109786559
359.99999999999994,24.845063571428575,2.297702821973028e-05,41643.21523592872,-93724.19135660295,102559.16058858426,103488.89933077541,293.1504957166542
365.0,24.845063571428575,2.0865940333648652e-05,42706.8474175946,-84362.70210527808,94556.5456372725,87968.67464598989,293.15048110363904
370.0,24.845063571428575,1.870634347797082e-05,43246.03196501569,-73865.22453140315,85593.75371949615,72082.36019353686,293.15046709323093
375.0,24.845063571428575,1.6541337137147084e-05,41478.84979418975,-63521.31196212016,75864.69569989684,56627.09635282297,293.1504541148432
379.99999999999994,24.845063571428575,1.4558458498551846e-05,35422.47674214737,-52944.34587854444,63701.299979316886,41173.7705014453,293.15044289840284
385.0,24.845063571428575,1.2888266078525455e-05,20012.90702824048,-32920.63178236601,38526.412299500764,21478.943331356226,293.15043409581375
390.0,24.845063571428575,1.1614978417296837e-05,9486.238226196998,-19306.269108622073,21510.94471609037,10419.770541738197,293.15042800144835
395.0,24.845063571428575,1.0717123416373855e-05,3548.549724732457,-10255.391402363517,10851.970234227992,4669.254304737595,293.15042450632285
399.99999999999994,24.845063571428575,1.0184977280700727e-05,1297.750242038628,-4869.624191508968,5039.582865400735,2049.291901952906,293.15042315653403
0.0,29.814076285714282,0.0007930280321642555,44223.48970955885,-2750417.6327863587,2750773.140734112,74448234.46625459,293.15763779355206
5.0,29.814076285714282,0.0007908168576787776,69639.65136641201,-2758874.9178566444,2759753.7015866004,74935136.32775547,293.1576274995901
10.0,29.814076285714282,0.0007860640670276143,128155.35837559334,-2773695.781445576,2776654.8370096995,75855774.25853151,293.1576131038505
14.999999999999998,29.814076285714282,0.0007780013218412182,208021.76659676034,-2791337.681793064,2799078.2606379394,77085897.85987982,293.1575963699544
20.0,29.814076285714282,0.0007652618903679383,323649.38578369,-2805194.054574674,2823802.8629384274,78453730.83489418,293.1575769511296
24.999999999999996,29.814076285714282,0.0007456363832628492,495648.9057610992,-2800594.5836792486,2844116.358364355,79586530.63953418,293.1575547782014
29.999999999999996,29.814076285714282,0.0007156969997918284,762278.6245797582,-2741751.865210353,2845746.2978761224,79677777.5405925,293.1575325196244
35.0,29.814076285714282,0.0006694085208048734,889062.4587533231,-2462888.5748669067,2618444.6123174815,70432389.05098204,293.157517574535
40.0,29.814076285714282,0.0006228702689339468,626099.9675738387,-1859177.6807342283,1961770.3275195763,48360356.31582504,293.1575259248276
44.99999999999999,29.814076285714282,0.0005894449834368983,356149.708305901,-1681943.4793919602,1719237.1804365772,38360911.46608449,293.157573450844
49.99999999999999,29.814076285714282,0.0005758911282674277,98455.66936304086,-1817778.316169033,1820442.6729683222,39994036.86351128,293.1576597636751
54.99999999999999,29.814076285714282,0.0005773685941418984,-80296.05566381145,-2143538.4110373673,2145041.8122143373,50616200.83824066,293.15776707249364
59.99999999999999,29.814076285714282,0.0005848688756299484,-123904.087576878,-2493550.9077012534,2496627.395551047,64624843.257937305,293.15786790012135
65.0,29.814076285714282,0.000590425275951821,-36891.88774296901,-2716210.7272450994,2716461.2506315256,75952725.03754956,293.15793649076045
70.0,29.814076285714282,0.0005887282984212549,118658.83414138343,-2736350.2383225365,2738921.785244623,80276705.58800057,293.1579558303285
75.0,29.814076285714282,0.0005775194588827181,263954.6320016983,-2560742.8269348973,2574310.7569704326,75902133.28443071,293.1579198370245
80.0,29.814076285714282,0.0005580015592202311,337304.01124545385,-2251266.2314983835,2276394.8781103874,64069978.99376119,293.1578338405809
84.99999999999999,29.814076285714282,0.0005351321313966581,313325.85936218454,-1918337.7552464497,1943757.4018763348,49295568.502443776,293.1577134014212
89.99999999999999,29.814076285714282,0.0005164511652583363,212175.34202063063,-1710796.044350762,1723902.9790355912,37878380.81053097,293.15757797819253
94.99999999999999,29.814076285714282,0.0005076458604139597,78509.36301605993,-1764588.1055518598,1766333.7460220503,34020956.54537718,293.1574395470221
99.99999999999999,29.814076285714282,0.0005077499965621663,-12191.862342811464,-1834688.531924693,1834729.0401264627,33119877.574444383,293.1572960918551
104.99999999999999,29.814076285714282,0.0005088650466482409,34047.63038885261,-1820741.320041855,1821059.6353889273,32628205.50417183,293.15713873087213
109.99999999999999,29.814076285714282,0.000504345233523281,134738.6331872799,-1802765.7363304677,1807793.9040057387,32154568.645371966,293.15696176018884
114.99999999999999,29.814076285714282,0.0004953911833295129,209117.34482557653,-1744316.620846969,1756806.9153068266,30366372.64777066,293.1567665842788
119.99999999999999,29.814076285714282,0.00048343349904072337,256926.95885995543,-1666964.3858973668,1686648.074151573,27989413.759662617,293.1565595660301
125.0,29.814076285714282,0.00046969848744351735,282880.76440137817,-1580945.0261186475,1606053.766994617,25378445.301474396,293.15634791899714
130.0,29.814076285714282,0.00045514542260058555,292341.1056727094,-1491211.2117175886,1519596.7228242436,22719645.425111238,293.1561367889572
135.0,29.814076285714282,0.0004404643768762464,290895.0996796179,-1400537.9394004792,1430428.774430155,20131555.294110257,293.1559282781327
140.0,29.814076285714282,0.00042605591263262377,302202.6479403465,-1312944.6714989883,1347275.0835815761,17859011.16515656,293.1557219623069
145.0,29.814076285714282,0.00041024411208221177,222888.36908520208,-987217.6409070793,1012066.1517863347,12456697.234581579,293.1555156946158
150.0,29.814076285714282,0.0003985055282790579,87864.82131591003,-434893.15757241077,443680.38645874185,5074870.930302628,293.1553080629214
155.0,29.814076285714282,0.0003872214935449192,38012.701056630285,-163659.4923727831,168016.05543916865,1805996.6643271765,293.15509899528456
160.0,29.814076285714282,0.0003737883293723146,19512.696625367706,-52213.87549386628,55740.77613096723,575001.9291122949,293.1548860029525
165.0,29.814076285714282,0.00035051898753874253,12662.327955970755,-13940.384832098678,18832.654580052316,215485.14157166416,293.1546654202049
169.99999999999997,29.814076285714282,0.00029559621576506133,7281.403115988491,-3349.0161013535167,8014.657833285961,121618.02016465401,293.1544348596405
175.0,29.814076285714282,0.0002103996162557307,6217.62657998817,-1867.9495628501384,6492.158027769149,98944.9665760045,293.15419548851094
179.99999999999997,29.814076285714282,0.00014724356053628983,9724.438296738354,-4250.0847823293925,10612.630250982054,98049.52481448943,293.15395292056877
185.0,29.814076285714282,0.00012435591205253927,11500.384671407726,-13254.699109724565,17548.38727859865,81888.24445592635,293.15371682218864
189.99999999999997,29.814076285714282,0.00011616115271429026,13088.387417029086,-37783.09935055955,39985.85351986998,145259.44806656745,293.15349815051536
195.0,29.814076285714282,0.00011227018067487146,17057.89539830264,-92923.90237237363,94476.57607857019,324366.9382214007,293.15330409815374
199.99999999999997,29.814076285714282,0.00010986074166670023,23403.57814803371,-194900.77359936724,196300.88899381715,661491.5758470193,293.15313500764586
205.0,29.814076285714282,0.00010818682515608105,34729.09195348671,-339220.20502920996,340993.3391255216,1144027.9740518595,293.1529858197826
209.99999999999997,29.814076285714282,0.00010638783247135156,41369.571080514,-341251.5547093112,343750.00364059303,1162599.8847703747,293.152849605816
215.0,29.814076285714282,0.00010404986804802965,50436.893534847906,-342695.60389311484,346387.29358495853,1180507.5196227946,293.15272024214954
219.99999999999997,29.814076285714282,0.00010134414311786677,57777.27484856762,-344352.2153285205,349165.66510839335,1199521.1643199392,293.15259277887924
225.0,29.814076285714282,9.827214056317289e-05,66860.8686771373,-347109.6965045094,353490.47677089414,1229420.0428618642,293.1524631961903
229.99999999999997,29.814076285714282,9.465805625015304e-05,81822.81266667452,-351737.31628834485,361128.94143562193,1283126.4054599758,293.15232814905113
235.0,29.814076285714282,9.008985929650544e-05,110861.46484728274,-356714.79614521516,373544.7900546971,1372872.544365748,293.15218538507827
239.99999999999997,29.814076285714282,8.357190976542477e-05,99050.23839975236,-255382.56878903328,273918.2472350703,1049751.8833152307,293.1520348473255
245.0,29.814076285714282,7.60049061421458e-05,69003.57418628024,-153807.86431652252,168577.437328046,655803.8262901362,293.151879883875
250.0,29.814076285714282,6.73873166716838e-05,46489.7536895155,-91214.3062845964,102378.44924148823,381902.5488158904,293.1517268421967
254.99999999999997,29.814076285714282,5.878828766079313e-05,29524.725333753602,-53976.992227912066,61524.18301778311,202723.89750916717,293.1515829125871
260.0,29.814076285714282,5.131589670773895e-05,16906.46152908677,-31061.831941348722,35364.75427579107,95185.45576944939,293.15145330742985
265.0,29.814076285714282,4.571041296257322e-05,8317.990582522682,-18607.72149356159,20382.253715251656,42138.50432345204,293.15133985617217
270.0,29.814076285714282,4.274061726002482e-05,3457.7707742680195,-16379.039319250578,16740.045034256582,27110.017855669164,293.15124195305447
274.99999999999994,29.814076285714282,4.2310499163364756e-05,-938.3745639533946,-26438.229054689757,26454.876721892248,38935.225397939874,293.15115843764227
280.0,29.814076285714282,4.327121156392707e-05,-9057.325203488857,-56018.13705394209,56745.632597020136,84841.97347143754,293.15108843200386
285.0,29.814076285714282,4.47359975318846e-05,-25508.01469712092,-118321.34111552275,121039.65704331962,190093.83874286935,293.1510306878662
290.0,29.814076285714282,4.66351224149132e-05,-29687.62441378773,-165076.4765872203,167724.76908848382,276782.90168118017,293.15098280705286
294.99999999999994,29.814076285714282,4.770475997326337e-05,-15152.70531152786,-173256.3903433604,173917.74283571204,297599.7989051081,293.1509415876604
300.0,29.814076285714282,4.815039294606598e-05,-3264.878471380899,-176450.17851837538,176480.38114929214,306434.5422998079,293.15090401705083
305.0,29.814076285714282,4.803124782040146e-05,7293.3976481126265,-176126.48555218105,176277.4306660275,305730.15489378216,293.15086799367475
310.0,29.814076285714282,4.742105318125472e-05,16396.443068556804,-173176.9911238667,173951.46909415923,297715.23164649826,293.15083254328135
314.99999999999994,29.814076285714282,4.639160351354578e-05,24097.403163760904,-168240.75738085422,169957.7514658284,284201.78821946104,293.15079759381234
320.0,29.814076285714282,4.501131286487863e-05,30466.13466908624,-161828.21496514187,164671.05550302114,266796.0473880325,293.1507635610079
325.0,29.814076285714282,4.334499004663716e-05,35585.09246107897,-154368.38111996432,158416.84220770877,246915.04710074558,293.1507310170225
330.0,29.814076285714282,4.145280361877073e-05,39564.32732437693,-146227.34281694068,151485.2196880393,225779.9512151302,293.1507005237562
335.0,29.814076285714282,3.9388557314199465e-05,42551.58704748033,-137713.07551815116,144137.18718265355,204407.55237812886,293.15067254377936
339.99999999999994,29.814076285714282,3.71976449140227e-05,44736.22161563855,-129072.64690645086,136605.55517211172,183603.76132700779,293.1506473740219
345.0,29.814076285714282,3.491493515263561e-05,46349.38616840187,-120483.39218367117,129091.10500058459,163959.8413173057,293.1506251132595
350.0,29.814076285714282,3.2562706297182515e-05,47665.62852817697,-112039.46340147241,121757.35502332512,145859.68223977133,293.1506056345174
355.0,29.814076285714282,3.0148372299817914e-05,48999.41406475282,-103708.86732631353,114701.66407160794,129444.70494864685,293.1505885305244
359.99999999999994,29.814076285714282,2.7662764890707234e-05,50664.83788327252,-95245.93379751245,107882.87029319534,114511.69362952761,293.15057312816475
365.0,29.814076285714282,2.5081888511490662e-05,52833.776929296626,-86053.49717041357,100978.27667311941,100323.05806629856,293.15055870212865
370.0,29.814076285714282,2.237938719777757e-05,53544.7774559066,-76249.3241402406,93171.89825610533,85411.1836018544,293.15054483511597
375.0,29.814076285714282,1.9727410765900002e-05,42632.11176455625,-57050.61944767536,71219.87175549455,59125.31272553837,293.15053170026175
379.99999999999994,29.814076285714282,1.7328553500206325e-05,25123.084186773467,-34880.72095292281,42986.4403417098,31472.7511424411,293.1505200304246
385.0,29.814076285714282,1.5378306272079344e-05,13251.764507483018,-21479.411141052195,25238.351085761205,16158.607017769378,293.15051072137624
390.0,29.814076285714282,1.391182224173434e-05,6020.222651019612,-12794.308681102499,14139.922750679523,8094.695899048221,293.1505043492878
395.0,29.814076285714282,1.290103158554375e-05,2159.750247899297,-7113.785572777261,7434.4109590979015,3990.1414721797755,293.15050091701136
399.99999999999994,29.814076285714282,1.232709747538293e-05,765.7607271626094,-3555.5469214366744,3637.073466649034,1950.9581024645177,293.15049981284426
0.0,34.78308899999999,0.0009307885600809157,32555.03254438091,-2788568.978112749,2788759.002824867,76518566.1411034,293.15861371016024
5.0,34.78308899999999,0.0009291608084536966,52646.694862720266,-2804100.7090430926,2804594.8835680247,77390050.05025333,293.1586076024062
10.0,34.78308899999999,0.0009255238905946436,101481.12912730136,-2835154.8336330634,2836970.4528320124,79187107.19834054,293.1586034020187
14.999999999999998,34.78308899999999,0.0009190126955409665,174710.57095377063,-2882025.6746837916,2887316.361803735,82022612.246716,293.15860480788047
20.0,34.78308899999999,0.0009080528334992666,291211.9489315523,-2945196.4493371216,2959558.5015992676,86178456.40050344,293.1586131329202
24.999999999999996,34.78308899999999,0.0008898915006478113,485374.1211314784,-3024484.6096995138,3063183.832513709,92318975.21870753,293.15862843873015
29.999999999999996,34.78308899999999,0.0008595154213861187,794295.8595568805,-3098624.2763174563,3198808.8905549017,100674954.38212696,293.15864954782813
35.0,34.78308899999999,0.0008104619146921232,640818.4571372726,-2037368.3675784592,2135771.092654152,71574326.96892248,293.15867413142405
40.0,34.78308899999999,0.0007573184503808182,401392.244076369,-1453790.6134582204,1508185.294114716,51655179.16420962,293.1587153901738
44.99999999999999,34.78308899999999,0.0007178155052907371,188695.37735851956,-1314461.0533969938,1327935.9195134412,46144325.78948775,293.15878241363794
49.99999999999999,34.78308899999999,0.0007071326937152999,-13180.90833329758,-1516279.2313613289,1516336.520631945,57829592.736817084,293.15887451717686
54.99999999999999,34.78308899999999,0.0007211849585082254,-164679.74999292183,-1944798.2650151749,1951758.1078770405,87161343.37279387,293.15897897236096
59.99999999999999,34.78308899999999,0.0007454299161442692,-209263.7616334003,-2409580.54528981,2418650.3935401863,125036222.63622217,293.1590750317999
65.0,34.78308899999999,0.0007666459418510409,-139453.82604368578,-2726120.881033496,2729685.408175284,156971750.05758786,293.15914329568204
70.0,34.78308899999999,0.0007752893717290694,5587.413054685354,-2799213.7524259896,2799219.3288407098,170962832.59098324,293.1591710377012
75.0,34.78308899999999,0.0007654068777524986,166028.57638902537,-2628932.7042366415,2634170.2017111094,162010233.97814134,293.15915272202665
80.0,34.78308899999999,0.0007358896843966823,283436.8469627822,-2277522.667016798,2295091.7073161835,132956165.69100937,293.15908978593427
84.99999999999999,34.78308899999999,0.0006926925740193101,322514.2404071614,-1864749.1960206227,1892433.6182083024,94745130.44370657,293.1589904516766
89.99999999999999,34.78308899999999,0.0006491696119983187,293221.55192305776,-1563751.367335677,1591005.0965840323,62955360.20746307,293.1588653493877
94.99999999999999,34.78308899999999,0.000618571687211345,221473.61931130107,-1515752.4467956014,1531847.2652381829,45737248.41718117,293.1587178428803
99.99999999999999,34.78308899999999,0.0006052947005758468,123832.82861534505,-1772148.6876304774,1776469.9661163148,41249737.52730364,293.15854156497505
104.99999999999999,34.78308899999999,0.0006021205323308866,91800.85709167429,-2024787.3741910951,2026867.3632101426,40419925.81443361,293.1583302579899
109.99999999999999,34.78308899999999,0.0005961146148666794,185707.74497652517,-1912016.2053001518,1921013.6219909163,36308285.49230416,293.1580863378275
114.99999999999999,34.78308899999999,0.000583549757833234,289717.606715,-1812349.1697157784,1835359.8569790446,33142656.05357354,293.1578208332681
119.99999999999999,34.78308899999999,0.0005671428541951794,348899.38552992785,-1705260.1553060235,1740586.96378477,29808238.042672925,293.1575465129417
125.0,34.78308899999999,0.0005486598192802413,378357.57145041495,-1597717.8347296102,1641906.4319524819,26524161.343590368,293.1572742076322
130.0,34.78308899999999,0.0005293070970501379,387371.4078982268,-1492798.0879011047,1542239.5205992642,23401759.325909097,293.15701092984534
135.0,34.78308899999999,0.0005099226784904186,381421.14872312633,-1391600.6360851785,1442925.6470954914,20484848.589641888,293.1567595963958
140.0,34.78308899999999,0.0004911649821778253,383268.77105788706,-1291706.661451774,1347368.1939644823,17861479.728330337,293.1565197724263
145.0,34.78308899999999,0.0004715958013846299,231345.50102481907,-811012.2792737449,843363.3012985681,10656796.880607715,293.15628863941055
150.0,34.78308899999999,0.00045593491300739057,93987.63057630487,-356604.08110044734,368781.9753714142,4365921.123272926,293.15606437276676
155.0,34.78308899999999,0.0004409294320943922,39867.903960514326,-133101.91295434395,138944.48171233915,1557097.100058897,293.1558440294753
160.0,34.78308899999999,0.00042325268614212537,19823.40276485525,-41744.551696895396,46212.28076553291,503961.23321632564,293.15562101494334
165.0,34.78308899999999,0.00039338324711300657,12220.738633606064,-10773.31036476911,16291.429310117432,205931.83474184,293.15538679375027
169.99999999999997,34.78308899999999,0.00032687916753652976,6875.7577304693195,-2534.543235949535,7328.025230783949,123837.27168558056,293.15513489142216
175.0,34.78308899999999,0.0002322247619670023,6203.257693782568,-1633.3529395845765,6414.690003478126,104506.53388431204,293.15486447591593
179.99999999999997,34.78308899999999,0.0001667512457773302,9556.484181236885,-4404.050918675794,10522.454770656888,101393.57969160656,293.15458172926674
185.0,34.78308899999999,0.00014327810840558596,11295.162078234698,-14254.381927733866,18187.030832857163,92712.7619278521,293.1542992734718
189.99999999999997,34.78308899999999,0.00013457291384584555,13349.613686678911,-40395.42841694763,42544.12794466829,173708.3748294181,293.1540325013427
195.0,34.78308899999999,0.00013025647842037123,18099.59005054975,-97550.94079999327,99215.83145326028,378708.2953387242,293.1537930196567
199.99999999999997,34.78308899999999,0.00012749562776238798,25673.129202920878,-199591.94359214633,201236.31260277156,738263.1013064602,293.1535841522411
205.0,34.78308899999999,0.00012549948648862006,37345.476132531265,-344832.5800278969,346848.9481550454,1231280.4160671209,293.1534019561132
209.99999999999997,34.78308899999999,0.00012361082157814126,42394.22175842718,-351570.3037415395,354117.13953354623,1233782.9024933828,293.15323924808183
215.0,34.78308899999999,0.00012126006431277734,49748.97242208195,-349067.30150014814,352594.58480477036,1223196.2157784346,293.15308896048845
219.99999999999997,34.78308899999999,0.00011863592433593306,54723.07036812158,-350218.67852379824,354468.24571105087,1236230.7001463962,293.1529449717532
225.0,34.78308899999999,0.00011578775727596518,60288.34547404914,-355801.3165063162,360872.91589647747,1281307.682887885,293.1528021272401
229.99999999999997,34.78308899999999,0.00011260708978852815,71886.69460794337,-367797.21912958747,374756.5760078314,1381794.2379776547,293.1526560600639
235.0,34.78308899999999,0.00010859908781517085,86732.11570611382,-357018.5396585733,367402.6368370251,1442458.284847034,293.152503387763
239.99999999999997,34.78308899999999,0.00010318702667679134,67679.57547038028,-225535.91589193168,235471.812098738,1013802.5948246405,293.15234253672173
245.0,34.78308899999999,9.602176176155263e-05,48086.24163649624,-128979.79035048155,137651.99945361374,640850.8791774481,293.1521751104444
250.0,34.78308899999999,8.665721453046495e-05,32049.307324871024,-71401.6943413061,78264.67948451162,379903.18290123565,293.15200620517965
254.99999999999997,34.78308899999999,7.581879705932448e-05,20243.438971601136,-39842.16466646337,44689.98664920949,208193.5122643663,293.1518431409286
260.0,34.78308899999999,6.52092450954007e-05,11900.675715126717,-22106.164035303653,25105.946921643077,100142.2128908105,293.15169247249077
265.0,34.78308899999999,5.660156919209007e-05,6419.984404240481,-13151.682643732493,14634.990813531298,44436.041129545025,293.15155760694535
270.0,34.78308899999999,5.167171072967409e-05,3472.5995957762966,-12323.787740263577,12803.698380532733,28561.61872478601,293.15143909203755
274.99999999999994,34.78308899999999,5.045232406893522e-05,375.86485819087716,-21190.3573102737,21193.690507523526,39775.455274221764,293.15133659226484
280.0,34.78308899999999,5.133342096848558e-05,-6484.47804385095,-46072.69175795496,46526.78133424572,84426.06704485604,293.15124997578977
285.0,34.78308899999999,5.302272405668078e-05,-20601.13776697079,-99057.46645995682,101177.01586209776,185050.736987177,293.1511785059611
290.0,34.78308899999999,5.5118486828445886e-05,-35993.15015686839,-181102.56239286438,184644.64509829742,335442.6551334717,293.1511197530746
294.99999999999994,34.78308899999999,5.6622039072367616e-05,-20786.37629883839,-188684.89102606574,189826.39843065877,354534.14533872675,293.1510699564451
300.0,34.78308899999999,5.7197124458329725e-05,-4034.471370040679,-189483.91609439318,189526.86199508162,353416.1542774927,293.15102539207584
305.0,34.78308899999999,5.7025486209371684e-05,9638.473192298054,-187173.79670630043,187421.7979289766,345609.0069630917,293.15098332479965
310.0,34.78308899999999,5.623327713909992e-05,21007.25164791473,-182474.6305947003,183679.8721484506,331946.4202689254,293.1509423239495
314.99999999999994,34.78308899999999,5.492476104458021e-05,30394.50791597284,-175925.43078472337,178531.7431389853,313599.7757056875,293.1509020733343
320.0,34.78308899999999,5.3193826347502636e-05,37976.50150944906,-168007.80763916293,172246.4458112711,291907.5926274347,293.15086294058545
325.0,34.78308899999999,5.1127110893635305e-05,43900.00563476678,-159162.81517877028,165106.0635784281,268207.48826709925,293.150825580798
330.0,34.78308899999999,4.880382578402596e-05,48330.22875075464,-149790.24948199926,157394.18620450963,243737.4288830114,293.15079069969437
335.0,34.78308899999999,4.629408801855984e-05,51472.13101265053,-140241.34561936764,149388.8057791292,219574.02537220114,293.1507589277502
339.99999999999994,34.78308899999999,4.3656612682760906e-05,53579.87749226788,-130810.15600542566,141358.0566725867,196601.11873633444,293.1507307431047
345.0,34.78308899999999,4.0936100269333054e-05,54959.823344594304,-121720.44381632663,133553.16778314373,175490.34992597584,293.15070642035687
350.0,34.78308899999999,3.8160630348301477e-05,55992.24805519089,-113136.52307567725,126233.92846587356,156782.30621843075,293.1506859431937
355.0,34.78308899999999,3.5336875463813967e-05,57180.370080941015,-105118.08580039912,119663.72334560481,140886.66094445973,293.1506688558451
359.99999999999994,34.78308899999999,3.2442593340207376e-05,59189.166991946215,-97488.16522744653,114049.54997111742,127977.02334293176,293.15065422386823
365.0,34.78308899999999,2.9417958764619346e-05,61585.72640065593,-89610.7279946923,108733.0872735396,116323.7223375223,293.15064089123035
370.0,34.78308899999999,2.6284020700141784e-05,47536.660432311466,-64519.820030137984,80140.75905416845,81877.53377906496,293.1506279478405
375.0,34.78308899999999,2.325851257762897e-05,27141.404814262038,-37234.91527896002,46077.052543787744,44059.12933860738,293.15061516314717
379.99999999999994,34.78308899999999,2.0559303995582546e-05,14574.8520073674,-22409.352383117708,26732.104018715116,23475.907810088258,293.150603128503
385.0,34.78308899999999,1.8392027325480172e-05,7054.821359180641,-14008.130081666906,15684.330167235472,12735.66461188654,293.15059293821054
390.0,34.78308899999999,1.684710857986043e-05,2866.5830117480787,-8891.045928556183,9341.73409314021,7450.682939296997,293.1505855513196
395.0,34.78308899999999,1.5904540723399252e-05,869.358565925893,-5462.253981604082,5531.003785543667,4727.410872457801,293.15058128898863
399.99999999999994,34.78308899999999,1.5481678319946053e-05,263.4106302269631,-3013.4789365540983,3024.96949756056,2890.5642320801103,293.1505797118044
0.0,39.752101714285715,0.001070156726302355,13352.542322462441,-2811380.510432281,2811412.2189435237,77766742.7125154,293.1595418164745
5.0,39.752101714285715,0.0010694890991862318,23342.509689148075,-2833995.9091173657,2834092.0390228247,79026500.92121127,293.1595405826771
10.0,39.752101714285715,0.00106782247533344,50713.32936981092,-2880992.608708643,2881438.920610604,81689020.52775577,293.15954802491854
14.999999999999998,39.752101714285715,0.0010644177662492507,98662.12908995859,-2956615.1441961937,2958260.8618252114,86102901.83612834,293.1595705116928
20.0,39.752101714285715,0.0010579562624244442,182073.33391234445,-3069280.612960677,3074676.272393279,93012998.56331122,293.1596121737
24.999999999999996,39.752101714285715,0.0010462104328580162,343171.94116299716,-3235741.2022260474,3253888.152500766,104171782.13339247,293.1596740656705
29.999999999999996,39.752101714285715,0.0010236390683081445,460070.7180080672,-2975654.797475466,3011010.8832927216,104501216.66344431,293.1597502093012
35.0,39.752101714285715,0.000992311962970673,309293.4345388576,-1824174.2537510577,1850209.2143044448,73282336.81230241,293.15983128655415
40.0,39.752101714285715,0.0009563439626812981,141066.6603307745,-1191923.3763864469,1200242.1163387601,55700548.44178589,293.1599191333627
44.99999999999999,39.752101714285715,0.0009368747639386128,-8446.799098524652,-1031716.3878766339,1031750.964830283,58940362.04625207,293.16001207365963
49.99999999999999,39.752101714285715,0.0009610974281578355,-150996.67792795814,-1254673.118771229,1263726.486116518,93617431.25247099,293.1601088258861
54.99999999999999,39.752101714285715,0.0010268396604152619,-263939.7282736326,-1712280.2335982875,1732503.3271346306,161109974.0215434,293.1602055096804
59.99999999999999,39.752101714285715,0.0011050880427990251,-288088.9856449631,-2177420.049742599,2196395.5328380647,236715969.28151867,293.16029262274554
65.0,39.752101714285715,0.0011705169926266332,-209484.35528002077,-2479325.700616494,2488159.8873152332,292359196.7590095,293.1603604301651
70.0,39.752101714285715,0.0012056345371508335,-55188.83990948564,-2549548.063491762,2550145.3166643563,313023321.3789586,293.16040213715286
75.0,39.752101714285715,0.001197516338973022,128245.74071618513,-2400150.8386151167,2403574.6333568865,296809780.39168954,293.1604133521442
80.0,39.752101714285715,0.0011386675005266543,288108.44740163477,-2091653.2965720177,2111402.3753242227,249802337.4770056,293.1603908044839
84.99999999999999,39.752101714285715,0.0010334325690470817,384387.67592917144,-1730317.109906816,1772498.5715770002,184459589.18749118,293.16033122258534
89.99999999999999,39.752101714285715,0.0009092882910305697,427966.71713253076,-1465515.820585321,1526725.9516229697,121840271.27294049,293.1602293958406
94.99999999999999,39.752101714285715,0.0008060622222771217,456329.35305784515,-1420973.948304643,1492448.806566804,80474118.464436,293.1600761772359
99.99999999999999,39.752101714285715,0.0007417203649682459,447422.6001202159,-1614552.3888059298,1675400.3698511196,59239930.31797641,293.15986271194544
104.99999999999999,39.752101714285715,0.0007100889307698556,382597.58555607754,-2013788.4350534752,2049810.9116766024,51171475.05206991,293.1595903570001
109.99999999999999,39.752101714285715,0.0006943618902044166,345860.260994855,-2065334.6004219356,2094093.2003699036,43145635.07914584,293.15927141327245
114.99999999999999,39.752101714285715,0.0006755029046703701,414592.0330608398,-1887711.9876854948,1932703.5733213313,36751523.91074812,293.15892575154476
119.99999999999999,39.752101714285715,0.0006529026868983326,470228.12534603267,-1744003.6296010604,1806284.3491344647,32100891.265526757,293.1585734564149
125.0,39.752101714285715,0.0006284800921357668,494026.10724907217,-1611900.4754404195,1685907.7487717774,27964848.201423455,293.1582299949778
130.0,39.752101714285715,0.0006035000761734254,497180.90181213664,-1490708.6636319947,1571432.8394666498,24296096.401282024,293.1579049822933
135.0,39.752101714285715,0.0005787620019545532,490740.27063173294,-1376192.0480988354,1461071.7184553856,21003318.65303508,293.1576024049599
140.0,39.752101714285715,0.0005544260491102521,438583.0103766108,-1219975.2412104157,1296416.077560527,17260529.659910116,293.1573219243903
145.0,39.752101714285715,0.0005329823745932291,209384.46867552778,-640537.4783492405,673891.7694203845,8597296.682514926,293.15706077572264
150.0,39.752101714285715,0.0005141375377010662,89355.2135257673,-280856.82318609074,294728.5349510945,3570016.5642093215,293.1568168370386
155.0,39.752101714285715,0.0004956572810490658,38335.11285087328,-103486.13277715255,110358.32797963024,1276753.7815171785,293.1565841108487
160.0,39.752101714285715,0.0004732916045412784,19210.59344830523,-31525.62957588379,36917.641051290186,423742.7260672812,293.1563513618298
165.0,39.752101714285715,0.000434951465365436,11441.038458394572,-7597.864061353723,13734.078028803904,192474.33422015302,293.1561046159484
169.99999999999997,39.752101714285715,0.00035463432203615896,6404.626781204349,-1683.4820527149427,6622.1866500675815,123048.08754298945,293.1558327610978
175.0,39.752101714285715,0.00025230090555658654,6247.346915506802,-1363.9726892808412,6394.510534810023,107319.89050632779,293.1555322423207
179.99999999999997,39.752101714285715,0.00018798007842124666,9409.465025096792,-4676.468998834834,10507.492296241908,101116.57366141056,293.15520926402826
185.0,39.752101714285715,0.00016471297523669938,11388.385596594862,-15670.219529927834,19371.39919089122,105882.21129962297,293.15487948359794
189.99999999999997,39.752101714285715,0.0001553199166300287,14715.217533215202,-43967.19850882122,46364.341597438164,208909.71196549517,293.1545631872156
195.0,39.752101714285715,0.00015017806780028562,21904.11855561177,-104132.4438208459,106411.26005174416,442797.403115512,293.15427673129136
199.99999999999997,39.752101714285715,0.0001466140738040342,33587.99882257844,-208221.7106713896,210913.33400196728,826521.9137431883,293.1540265707662
205.0,39.752101714285715,0.00014383520123098487,49744.24449139923,-349899.7683301373,353418.0778306393,1306160.8446731328,293.15381001149143
209.99999999999997,39.752101714285715,0.00014132697865649156,50949.35997042408,-358072.30628761376,361678.8821752336,1287037.367410855,293.15361978326996
215.0,39.752101714285715,0.00013874026523394246,51780.142113228976,-351829.7752007626,355619.7039466252,1244275.3136877494,293.1534480523169
219.99999999999997,39.752101714285715,0.00013614896444516866,51084.993611799626,-351708.6356619948,355399.26979601325,1242733.2407310198,293.1532877522699
225.0,39.752101714285715,0.0001336317658727625,49391.27032338643,-358158.9174091698,361548.48596539075,1286109.5026670669,293.15313287487896
229.99999999999997,39.752101714285715,0.00013120983741283002,50060.74146463491,-373736.42336671316,377074.2526173486,1398938.4615027944,293.1529783035075
235.0,39.752101714285715,0.000128625691726299,50203.569126669856,-340265.4340822828,343949.07178863074,1387573.1768845227,293.1528197108597
239.99999999999997,39.752101714285715,0.00012522493114288684,39840.01760799659,-208818.6009020948,212585.12432838246,955166.9615471812,293.1526540109485
245.0,39.752101714285715,0.00012006737769091144,29901.20358715401,-113740.99583013584,117605.68059575783,596506.7320555503,293.1524806028685
250.0,39.752101714285715,0.00011211795323170323,20315.166054767724,-57807.39436291169,61273.16553648898,351437.746353544,293.15230229894973
254.99999999999997,39.752101714285715,0.00010073953894053884,12799.012126033076,-29268.067783757546,31944.240532480468,198666.18865824238,293.1521251613099
260.0,39.752101714285715,8.679173042592408e-05,7746.700243278154,-15497.463611499415,17325.782609999304,104725.11073263617,293.1519561107797
265.0,39.752101714285715,7.327090858742723e-05,4737.399054513799,-9475.568682712492,10593.835550097518,52125.646080509905,293.15180003672094
270.0,39.752101714285715,6.442821294675367e-05,3470.1452465108578,-9616.914189786403,10223.842064781566,35583.370091017765,293.15165919580727
274.99999999999994,39.752101714285715,6.126426513935279e-05,1954.577928465462,-17239.838683903068,17350.285666969434,45570.36697143335,293.1515348272405
280.0,39.752101714285715,6.142090844706988e-05,-2517.9948769495586,-37950.76946963217,38034.21093617573,88114.0940492292,293.1514282446095
285.0,39.752101714285715,6.282312311151284e-05,-12118.798702897599,-82839.88556381177,83721.63353773493,182796.41021936995,293.1513397800484
290.0,39.752101714285715,6.46331411173105e-05,-29065.237374771572,-167019.27570289955,169529.42659011442,353467.2593737419,293.15126731568193
294.99999999999994,39.752101714285715,6.645631242330607e-05,-23482.11593269231,-208799.60061279908,210115.87989664372,434372.78287236,293.1512066757382
300.0,39.752101714285715,6.698135271057972e-05,-1763.1490939011553,-205588.37996528935,205595.9403088483,415885.63750521094,293.151153408503
305.0,39.752101714285715,6.663262733269619e-05,14259.243401319094,-200580.63431420602,201086.8391622567,397843.3909588063,293.1511040895729
310.0,39.752101714285715,6.555542837044782e-05,27575.097724407733,-193599.4438117656,195553.39592739276,376249.19298638596,293.15105670992256
314.99999999999994,39.752101714285715,6.387511756025542e-05,38474.56860403803,-184961.61859327825,188920.86380787106,351159.72317437426,293.1510105450533
320.0,39.752101714285715,6.170797151004401e-05,47124.864683219224,-175103.31058368852,181333.73169043704,323520.6830140674,293.1509657778503
325.0,39.752101714285715,5.916263109193349e-05,53689.74808231614,-164478.30351219437,173019.36705291722,294533.2235201521,293.15092310208667
330.0,39.752101714285715,5.63389967018124e-05,58368.53188710528,-153527.31538934688,164248.35489378884,265428.10681916575,293.1508834111387
335.0,39.752101714285715,5.3325777903222966e-05,61414.052208165456,-142653.35600869253,155311.51209478982,237329.73189665153,293.1508475753308
339.99999999999994,39.752101714285715,5.0197591480995856e-05,63142.34092350818,-132210.407147342,146514.66471096495,211206.38528612547,293.1508163036506
345.0,39.752101714285715,4.701154381087215e-05,63913.48751550955,-122457.95381550417,138133.57426446094,187734.180720509,293.150790060362
350.0,39.752101714285715,4.38062427294449e-05,64165.094141830385,-113675.0866842369,130534.22784426593,167646.17988791544,293.1507689111543
355.0,39.752101714285715,4.059503439668911e-05,64550.79188586304,-106143.58828104942,124230.69695638407,151845.7692686289,293.1507522732835
359.99999999999994,39.752101714285715,3.73511635408586e-05,66076.08950357953,-99674.94036495168,119587.38788367996,140706.97042910694,293.1507388604447
365.0,39.752101714285715,3.398742544633116e-05,52921.6558919402,-76622.16252631284,93121.73458733267,107429.06250858496,293.1507270496819
370.0,39.752101714285715,3.0687573910876484e-05,28262.78950389805,-42388.8751297628,50947.050997170314,58326.52178045496,293.15071545738454
375.0,39.752101714285715,2.7532397171596643e-05,14300.797171843136,-24070.82394120893,27998.524335380138,31944.53014475818,293.1507034092076
379.99999999999994,39.752101714285715,2.476457552531676e-05,6651.584291179277,-14689.818926292903,16125.58072349446,18573.313598887366,293.150691185874
385.0,39.752101714285715,2.2703600590803235e-05,2581.818088115675,-9862.775397354324,10195.102901823944,12617.040156395717,293.150679891766
390.0,39.752101714285715,2.1579241031684037e-05,601.0402481545548,-7073.741422980463,7099.230035651144,10532.37835115554,293.15067084059547
395.0,39.752101714285715,2.1426977614232125e-05,-93.05814840543931,-4995.584609020625,4996.45128114629,9586.039386262137,293.1506648694672
399.99999999999994,39.752101714285715,2.194242397941188e-05,-130.7997701045353,-3106.0327793609335,3108.785648179045,7494.331607761566,293.15066209713126
0.0,44.72111442857143,0.001210184270101577,-12395.448897549457,-2811856.0913719954,2811883.4125438356,77792812.35960715,293.16041762201814
5.0,44.72111442857143,0.0012108040425464544,-16533.985417949498,-2839811.075971768,2839859.2077576187,79348454.3914811,293.16042157173854
10.0,44.72111442857143,0.001211837668643372,-20378.178497235807,-2898558.263195533,2898629.8962264857,82666659.2305822,293.1604405728241
14.999999999999998,44.72111442857143,0.001212841860396178,-12410.526461397505,-2994619.401651935,2994645.117859083,88233921.09769364,293.16048322134026
20.0,44.72111442857143,0.0012130787212895117,13815.762683793211,-3140234.3758023996,3140264.7675426384,97023600.25129235,293.16055610386513
24.999999999999996,44.72111442857143,0.0012114602841277987,71181.42672906227,-3357596.770530477,3358351.2128703683,110967825.85757078,293.1606607608727
29.999999999999996,44.72111442857143,0.0012059605786166054,51496.6745876777,-2923984.6988937445,2924438.138661567,107189306.85515106,293.16078681556644
35.0,44.72111442857143,0.0012049003282703261,-65641.37046554309,-1715316.7118824855,1716572.2273123076,74481792.2688547,293.1609190739973
40.0,44.72111442857143,0.0012228245067264355,-161907.56340391902,-1042352.3122779323,1054851.8388847536,60801123.84608876,293.16104990923833
44.99999999999999,44.72111442857143,0.0012948192235297791,-218836.40882910017,-808028.0559223166,837137.2127595424,71591632.14110543,293.16116927232304
49.99999999999999,44.72111442857143,0.0014500430098867293,-279263.17657526606,-927921.2967270399,969033.4641850607,117346430.16162096,293.16127481157696
54.99999999999999,44.72111442857143,0.0016495191947649658,-336918.58468265296,-1299235.5450409225,1342209.7951521382,197069314.45940387,293.16136928740104
59.99999999999999,44.72111442857143,0.0018246348502485301,-328942.389937878,-1744129.9222081248,1774878.1032622387,282443486.56756455,293.16145375609295
65.0,44.72111442857143,0.0019492763038074607,-240078.19270288126,-2096639.1683568761,2110339.626908355,347156883.66627496,293.1615280557575
70.0,44.72111442857143,0.0020148429179211594,-81395.27046139732,-2239859.4832322346,2241337.9251417797,374472560.63059634,293.1615903694588
75.0,44.72111442857143,0.0020109442718561944,118564.98513599561,-2133993.1099174786,2137284.3163406155,360474001.6797705,293.16163652158525
80.0,44.72111442857143,0.0019197472028382903,316602.6671283607,-1834331.682078195,1861453.724568143,314536046.27191824,293.16165827474333
84.99999999999999,44.72111442857143,0.0017188415179783584,467800.0926702931,-1492405.3400217977,1564004.675705259,255590604.63594037,293.16164108437914
89.99999999999999,44.72111442857143,0.0014229441658931959,584608.7550704617,-1308688.8152794146,1433329.624246451,201130700.8711304,293.16156416807513
94.99999999999999,44.72111442857143,0.00113713132297142,735311.0061390111,-1370227.0809894665,1555057.725367801,153200243.62099144,293.1614077405271
99.99999999999999,44.72111442857143,0.0009494739772263719,849385.5009831939,-1580920.9822648927,1794649.5149320562,107180011.65288818,293.16116423323183
104.99999999999999,44.72111442857143,0.0008498452990021905,821232.8094206234,-1877580.6719917834,2049324.8905690885,74519941.47998737,293.1608432195469
109.99999999999999,44.72111442857143,0.0008013680926416954,730023.9289297768,-2219708.885792726,2336673.3777910112,57909090.56616854,293.1604638487701
114.99999999999999,44.72111442857143,0.0007711510551876097,609057.1426155398,-1976373.5315204756,2068091.6176672934,42080840.09295045,293.160048505227
119.99999999999999,44.72111442857143,0.0007404623783801415,623001.5677483579,-1771285.2997420228,1877653.473487347,34687719.024048746,293.15962233563073
125.0,44.72111442857143,0.0007088508984127739,630082.752723386,-1615306.5998641872,1733845.3468646738,29577779.517263465,293.15920594759297
130.0,44.72111442857143,0.0006774541031078029,621619.042363151,-1482026.5251891857,1607113.2054689904,25411938.288994346,293.1588132366506
135.0,44.72111442857143,0.0006466889941764588,597363.7592142735,-1372693.8178760696,1497041.0076072693,22050185.454656918,293.1584509168174
140.0,44.72111442857143,0.0006177177271863755,386790.89287156635,-958466.398881921,1033569.0749021379,14295669.575153794,293.1581201852302
145.0,44.72111442857143,0.0005940803782929473,178769.2185584639,-495142.9749400513,526426.632244692,6892628.130124392,293.1578207298895
150.0,44.72111442857143,0.0005725261984962408,78513.89065955803,-214846.8762951973,228743.54915560974,2856836.6309096147,293.1575501214203
155.0,44.72111442857143,0.0005505101995709594,35071.23432540198,-77467.70519879786,85036.67929708396,1019787.7301449821,293.15729987573457
160.0,44.72111442857143,0.0005222568339209241,18374.877094357766,-22384.752358570426,28960.5463758417,353956.7679531568,293.15705435627126
165.0,44.72111442857143,0.0004716938513749624,10675.737944440765,-4610.258518712257,11628.66562713587,184027.87404504244,293.1567947219701
169.99999999999997,44.72111442857143,0.00037459206327149523,6202.81948790646,-837.1575276334356,6259.057622807565,126337.05267547662,293.15650537397397
175.0,44.72111442857143,0.0002683846046221094,6826.932666691731,-1121.5001979519302,6918.437130562718,113530.24100251216,293.1561788549998
179.99999999999997,44.72111442857143,0.00021001233951584627,9874.569947748972,-5317.774695638574,11215.429522161025,100822.76485784643,293.1558194893505
185.0,44.72111442857143,0.00018793940762478238,12542.550383582005,-18131.302775449632,22046.761904182677,123078.93214412661,293.15544483014287
189.99999999999997,44.72111442857143,0.00017773222272940463,18247.05127053461,-49855.411436071554,53089.706436648274,251545.5365578743,293.1550801603179
195.0,44.72111442857143,0.0001713876618407946,30085.638997329737,-115268.4290260571,119129.99791829432,517909.7585681648,293.15474710951537
199.99999999999997,44.72111442857143,0.00016657319869154162,50143.07852890286,-225288.1937539023,230800.99343211576,933317.7506231182,293.1544556154789
205.0,44.72111442857143,0.00016245830211346137,73125.6562911767,-368817.5621096197,375997.01558456355,1403224.6416334792,293.154204492626
209.99999999999997,44.72111442857143,0.00015919613842967648,62333.0527594655,-356862.02698736236,362264.98005167884,1291212.0156861995,293.153986653139
215.0,44.72111442857143,0.00015622499683751482,56073.20447172733,-348546.4963635262,353028.13540427305,1226206.1513527317,293.15379374282793
219.99999999999997,44.72111442857143,0.00015358881798250375,48433.152747302134,-346708.3713195521,350074.94201684865,1205776.745379302,293.15361792686
225.0,44.72111442857143,0.0001513816815627846,38397.07403958276,-351502.0747006444,353593.0483107079,1230133.622495536,293.15345247830874
229.99999999999997,44.72111442857143,0.00014974911057854547,24700.041890733457,-364586.0759823393,365421.80951552966,1313813.682315453,293.1532916286649
235.0,44.72111442857143,0.00014891167737371126,17117.417457119183,-338501.6549179974,338934.1770353416,1308899.2039041128,293.1531302401259
239.99999999999997,44.72111442857143,0.0001477668129320321,15721.825011898407,-205448.5237565345,206049.19726959403,887782.5279345389,293.15296387129104
245.0,44.72111442857143,0.00014557032063654518,14228.221761331239,-109029.79721513079,109954.25855901245,539445.6344172332,293.152789769823
250.0,44.72111442857143,0.00014131429311725708,11159.6737161217,-52313.77653710999,53490.83597238855,307655.1990554514,293.1526080200128
254.99999999999997,44.72111442857143,0.00013337446900245204,7736.815457491995,-23837.429585001475,25061.551481167135,171677.9692885078,293.15242233236233
260.0,44.72111442857143,0.00011982035242273569,5010.366119215059,-11257.523028945583,12322.158633771045,96363.5649962134,293.1522388075563
265.0,44.72111442857143,0.00010105502531909167,3523.395184188398,-6864.285418002779,7715.745454832449,58318.32470732276,293.1520632866401
270.0,44.72111442857143,8.473985361163762e-05,3610.3384449909995,-7885.774782149344,8672.945728076624,49693.29782851691,293.151899969044
274.99999999999994,44.72111442857143,7.681307120392283e-05,3835.0714897910793,-14852.696822086427,15339.829732452203,60714.169197294024,293.15175222370095
280.0,44.72111442857143,7.468264196233826e-05,2067.158730553855,-32857.23240335721,32922.19413139914,101562.59446203358,293.1516233317136
285.0,44.72111442857143,7.484434547551257e-05,-3168.792902153861,-72364.01790648904,72433.3647984643,192887.44924964843,293.1515151479734
290.0,44.72111442857143,7.586670726083737e-05,-15414.05627311269,-148841.3434646018,149637.35715100775,361350.0829537569,293.1514262803037
294.99999999999994,44.72111442857143,7.737259647602317e-05,-17618.426766308527,-228480.09715046306,229158.3813776071,516673.6872977885,293.1513524650769
300.0,44.72111442857143,7.762854993746823e-05,4133.558237158264,-223467.17006811386,223505.3968072165,491497.0109637175,293.1512886881012
305.0,44.72111442857143,7.695924065230735e-05,21553.108427821873,-215936.5318906965,217009.49815130958,463342.7137431583,293.1512308812232
310.0,44.72111442857143,7.547323909468604e-05,36529.46918829845,-206360.42152838313,209568.66581755684,432113.216553021,293.15117638111155
314.99999999999994,44.72111442857143,7.33062937334775e-05,48776.01215106035,-195203.20829023566,201204.8505582346,398310.4909528318,293.1511238666966
320.0,44.72111442857143,7.059563787958e-05,58332.8721231743,-182956.03886870528,192030.3000275368,362814.2812534942,293.1510730960947
325.0,44.72111442857143,6.747300652116007e-05,65342.28452357701,-170115.74491021616,182233.3142241501,326738.56697230507,293.15102461863955
330.0,44.72111442857143,6.40614094272223e-05,70019.9170774584,-157188.30436060205,172078.3304640518,291338.05753514357,293.1509794681725
335.0,44.72111442857143,6.047101481341423e-05,72656.92862940734,-144639.68166269982,161863.11126796596,257774.89619679438,293.15093882409303
339.99999999999994,44.72111442857143,5.679571656428157e-05,73650.11954588119,-132928.694871768,151968.34548495352,227222.38977816963,293.1509037241011
345.0,44.72111442857143,5.3106002858826114e-05,73380.27195350021,-122237.85831163265,142571.9408459618,199992.16238908836,293.15087487197
350.0,44.72111442857143,4.945768936893155e-05,72205.50600843296,-112977.74410967596,134080.59427838642,176879.17546579614,293.1508523872964
355.0,44.72111442857143,4.588545225798282e-05,71093.75109341872,-106335.6000373464,127912.39689660842,160979.33420054373,293.1508354909745
359.99999999999994,44.72111442857143,4.234831425958968e-05,59758.02304904224,-90305.36326709249,108287.02578578562,132817.7538540559,293.1508225419192
365.0,44.72111442857143,3.9005987517658246e-05,29962.881533881347,-50488.79081096076,58710.239885103205,72924.69907281433,293.15081159168915
370.0,44.72111442857143,3.590535091727851e-05,13653.840444579107,-28062.754157132644,31208.10038707402,40984.67746397708,293.15080100098686
375.0,44.72111442857143,3.316620297983605e-05,5453.8530228030195,-16365.225457120603,17250.075856549905,25487.313608633747,293.1507897891542
379.99999999999994,44.72111442857143,3.115746121336613e-05,1554.8117486906754,-10667.650771499124,10780.362357385415,19718.931667431214,293.1507778454146
385.0,44.72111442857143,3.0484876944543225e-05,-192.15350469324216,-7983.627785736004,7985.939868953551,20289.070984748614,293.1507659706776
390.0,44.72111442857143,3.177877865782479e-05,-816.9765783674028,-6476.593142696124,6527.91769752188,24609.70461995445,293.1507555270632
395.0,44.72111442857143,3.5280243542178504e-05,-742.1196046443546,-5076.787324659421,5130.741763860276,28029.433895495113,293.1507478106197
399.99999999999994,44.72111442857143,3.9810027178322256e-05,-438.1587340917131,-3447.096917927042,3474.832404281243,24563.40446305045,293.15074368291266
0.0,49.69012714285715,0.0013495996996777384,-42210.92723911014,-2784722.1136415894,2785042.012714147,76314726.93524103,293.16123568224424
5.0,49.69012714285715,0.001351710246039694,-62822.32914032061,-2815214.5242328183,2815915.386244769,78016067.31424339,293.16124511380633
10.0,49.69012714285715,0.0013558819325917705,-103135.57834659617,-2879271.0365050267,2881117.6041907105,81670802.85189828,293.1612745446987
14.999999999999998,49.69012714285715,0.0013620238038743536,-141516.20616657464,-2983682.135672306,2987036.311017634,87786120.47659433,293.1613331145239
20.0,49.69012714285715,0.001370033553208428,-178654.49827874542,-3140327.2654857715,3145405.023857591,97341493.41626747,293.16142811308896
24.999999999999996,49.69012714285715,0.001379889253702228,-237718.60304483376,-3368268.445755258,3376646.628965508,112180166.33273444,293.16156020212395
29.999999999999996,49.69012714285715,0.0013938054135129113,-381847.2580202332,-2842221.454053847,2867756.9845336503,106744085.9676019,293.16171589374454
35.0,49.69012714285715,0.0014302629656117146,-500871.3608891931,-1644022.2181174462,1718627.7007609296,79977905.80948013,293.1618784415111
40.0,49.69012714285715,0.0015316493796961018,-531159.7808237588,-985959.8989772829,1119931.977914747,79082438.74220045,293.16203736469515
44.99999999999999,49.69012714285715,0.001770653200913319,-455108.43982500193,-733347.0925835349,863088.437068109,96741889.66024,293.16218008550277
49.99999999999999,49.69012714285715,0.0021323720284605902,-459169.7735938035,-865600.0322555755,979847.0782846874,142309894.79395163,293.1623041326449
54.99999999999999,49.69012714285715,0.0024623996402581313,-517128.3829502397,-1358371.4914777298,1453476.8224200075,221971546.68903232,293.1624137440912
59.99999999999999,49.69012714285715,0.002684620609854807,-490789.64886660356,-2013234.0967319836,2072193.525633851,308979812.1267836,293.16251392377137
65.0,49.69012714285715,0.0028213381221827765,-367363.87037342263,-2587727.3292210577,2613673.4577321038,379627512.4504935,293.1626088579899
70.0,49.69012714285715,0.002892115121235256,-151929.94535030363,-2874597.027339705,2878609.174216676,414012958.78869116,293.1626984525769
75.0,49.69012714285715,0.00289849009816996,133849.26049593528,-2780165.8965400592,2783386.0739789046,407471502.92954814,293.16277690455144
80.0,49.69012714285715,0.002820563172804578,443082.60781562666,-2360171.19429813,2401401.7289373633,371286777.8539321,293.16283025272463
84.99999999999999,49.69012714285715,0.0026085423795039137,691786.6170634613,-1807668.3025474532,1935518.9008591208,328817381.8956881,293.16283604632395
89.99999999999999,49.69012714285715,0.0022034181409809426,816739.2245100804,-1397749.0141935549,1618877.7802948505,292238586.18237627,293.16276805414776
94.99999999999999,49.69012714285715,0.0016828898455489786,986500.6600737855,-1361615.8418305742,1681422.3898384362,262315550.62766406,293.1626079493888
99.99999999999999,49.69012714285715,0.0012731183736086576,1222536.0452250622,-1585781.8095060913,2002323.2329558951,205306973.68512937,293.16235092286274
104.99999999999999,49.69012714285715,0.001046604166920647,1258206.5877668245,-1824939.5552704816,2216638.9417067138,131005232.35274656,293.162007497534
109.99999999999999,49.69012714285715,0.0009321564939463306,1106957.4759817335,-2025672.48038376,2308398.546918609,82737130.95363553,293.16159794598275
114.99999999999999,49.69012714285715,0.0008719154087964301,962343.6050747919,-2166543.4653453846,2370657.2509452174,59310119.718032554,293.1611429354125
119.99999999999999,49.69012714285715,0.0008289334703992425,829057.3601676781,-1926247.571311607,2097085.07515362,43269009.29360206,293.1606645590945
125.0,49.69012714285715,0.0007890096727796623,781492.2129434225,-1711782.5948729287,1881735.8292281902,34838717.65194077,293.1601862904019
130.0,49.69012714285715,0.0007507842491049002,738290.1014815735,-1566909.2214070417,1732130.7058291223,29519308.099590708,293.1597266019911
135.0,49.69012714285715,0.0007151806626315049,548933.3452918243,-1212525.8213123933,1330994.6224243608,21211354.90822769,293.1592968188048
140.0,49.69012714285715,0.0006839820792488392,301257.5788498329,-741812.6950965027,800651.112171088,12102164.609343365,293.1589037567847
145.0,49.69012714285715,0.0006573751094015677,143266.04278014824,-378362.28536585276,404577.7774435396,5773070.942953419,293.15855149594734
150.0,49.69012714285715,0.000632624888655395,64839.31055384662,-161328.04156984328,173870.27690165804,2356387.1134761297,293.1582394332566
155.0,49.69012714285715,0.0006060074848005183,31041.157058953744,-56192.84473153982,64196.489238754926,834859.5095151999,293.157958443328
160.0,49.69012714285715,0.0005687126704885244,17527.699561643763,-14700.73183609476,22876.445712566823,316332.77650661237,293.1576906321226
165.0,49.69012714285715,0.0004983244809147974,10017.230511186055,-2049.7307585273247,10224.788667580853,191824.28413606135,293.15741459021893
169.99999999999997,49.69012714285715,0.00038190370298687634,6743.201721944348,-46.85982882961696,6743.364539040667,145406.11878546566,293.157111186218
175.0,49.69012714285715,0.00027916982292873265,8691.81614912579,-1067.3759758888402,8757.109080290627,130965.85704360293,293.15676773896394
179.99999999999997,49.69012714285715,0.00023103392568250513,11758.441794785775,-6847.500041396549,13606.95448137792,105475.61533825504,293.15638336809826
185.0,49.69012714285715,0.0002110873809227547,15880.409578724772,-22852.27079631228,27828.28936417114,147637.19091452844,293.15597397638123
189.99999999999997,49.69012714285715,0.00020026306820243958,25532.06078244427,-60378.29597072544,65554.74622120772,305043.72914160235,293.15556817175525
195.0,49.69012714285715,0.00019266715987509148,44794.02892624368,-134633.2433564744,141889.44726134083,609309.2030599475,293.15519305689764
199.99999999999997,49.69012714285715,0.0001864842231168561,77944.11286460275,-255002.01692206092,266648.2952590715,1064043.1310781883,293.1548628393851
205.0,49.69012714285715,0.00018081165440584214,96922.05473445037,-363769.381450744,376459.8884011478,1394383.6154931497,293.15457858604293
209.99999999999997,49.69012714285715,0.00017679201764341106,74327.49732897652,-348084.53046227474,355931.7591987701,1246459.9676924858,293.15433405325007
215.0,49.69012714285715,0.0001733789046729445,61870.87093519463,-338865.85004611453,344467.805459023,1167460.321718543,293.15412077756906
219.99999999999997,49.69012714285715,0.0001706049305498916,48147.73234475809,-335158.2247785126,338598.9364522967,1128018.0056298082,293.15393039877813
225.0,49.69012714285715,0.00016856413143846868,31624.361969059555,-336657.373205697,338139.4493455475,1124958.5863909156,293.15375557160195
229.99999999999997,49.69012714285715,0.00016744249435298564,9808.999179527731,-343539.2518066327,343679.2603529706,1162121.4110301859,293.1535899163543
235.0,49.69012714285715,0.0001675832315205159,-11585.337955894254,-351014.53251994314,351205.6692249521,1231634.1434550274,293.15342759150195
239.99999999999997,49.69012714285715,0.00016861826479690613,-8811.719109459684,-212915.37790083297,213097.6408605185,822867.5733459236,293.15326302794836
245.0,49.69012714285715,0.00016920611917635377,-813.7715219779453,-112611.26904968254,112614.20932133729,485281.940638658,293.1530916222739
250.0,49.69012714285715,0.0001689347587236845,2823.854817121176,-53622.12957426225,53696.43317863067,266553.71279520163,293.15291079692275
254.99999999999997,49.69012714285715,0.00016655278854175567,3989.611341287109,-23945.10563977661,24275.194803638307,144979.53797000754,293.1527214024968
260.0,49.69012714285715,0.00015895851613866168,3802.697552106954,-10774.326096414701,11425.699606793585,85663.20529009141,293.15252777568446
265.0,49.69012714285715,0.0001411912469008113,3164.3627559083266,-6059.564565250709,6836.045228889417,60893.71899381489,293.15233596281047
270.0,49.69012714285715,0.00011704982905691554,3895.9010038069987,-6943.127733450527,7961.473943590737,65980.08623116923,293.1521519563474
274.99999999999994,49.69012714285715,9.997305064838596e-05,6102.673270418194,-13978.461850297259,15252.541320897728,92004.76169014309,293.1519814692578
280.0,49.69012714285715,9.25196255835966e-05,7584.3741266625275,-31198.442645542957,32107.09507882053,137442.39181478292,293.1518299443508
285.0,49.69012714285715,8.969540662595715e-05,7297.1669729111045,-68001.03140051672,68391.43891865856,228579.9095553503,293.1517009226551
290.0,49.69012714285715,8.889515979009504e-05,2572.964489405518,-137942.88674288976,137966.8806243928,387730.9262032685,293.1515940422785
294.99999999999994,49.69012714285715,8.91627225773438e-05,-2944.17106362803,-251715.01367609386,251732.2312561664,623479.9661992606,293.1515053700016
300.0,49.69012714285715,8.918957689645784e-05,10702.677957749369,-243832.56115423082,244067.3374183834,586089.8218872409,293.15142967213546
305.0,49.69012714285715,8.809245478156886e-05,31259.97360012119,-233312.62676314646,235397.4676087225,545190.6832008285,293.1513624216025
310.0,49.69012714285715,8.606357953644572e-05,48179.92744042576,-220682.96521396274,225881.11152504935,502001.118775618,293.1513003311918
314.99999999999994,49.69012714285715,8.327446203752628e-05,61733.903605227526,-206521.28612066124,215550.72831069617,457134.3348674508,293.1512413521544
320.0,49.69012714285715,7.989018917592297e-05,72056.84958411804,-191394.56274389298,204509.3352879379,411501.219866666,293.15118453779644
325.0,49.69012714285715,7.606877707911448e-05,79297.78816013686,-175839.25607200272,192892.67270439613,366080.26238880766,293.1511299593344
330.0,49.69012714285715,7.196041035990928e-05,83686.7083244764,-160475.1563451318,180985.47166604418,322279.2027166752,293.15107856898044
335.0,49.69012714285715,6.770010624666684e-05,85523.31380688999,-145798.72166268807,169031.07537664715,281111.07867111807,293.15103184598405
339.99999999999994,49.69012714285715,6.340807897922029e-05,85405.32993443526,-132639.4378576521,157757.06277819606,244862.6109908266,293.1509913017466
345.0,49.69012714285715,5.915957325322331e-05,83740.7931152943,-120604.71917871507,146826.4918867002,212106.3631218872,293.1509580387798
350.0,49.69012714285715,5.503399966769086e-05,79968.79885198707,-112688.80410433981,138180.2278196698,187861.01369451973,293.1509323293525
355.0,49.69012714285715,5.1162693368024606e-05,66429.45794749167,-99247.18013533612,119427.28184135072,155290.6471693362,293.1509132815596
359.99999999999994,49.69012714285715,4.768287039502862e-05,32108.0192964821,-58366.08125550255,66614.74569693404,86834.48851292868,293.150899052373
365.0,49.69012714285715,4.47768220254263e-05,12882.17389515192,-33922.012917491746,36285.71846662831,50955.638367872605,293.15088757532124
370.0,49.69012714285715,4.2615704790000345e-05,3651.3906232030395,-20118.80245607818,20447.465998257892,34764.9427933777,293.15087714085183
375.0,49.69012714285715,4.169096377362002e-05,-225.9679001416224,-12771.569607738236,12773.568480937402,30661.282966505394,293.1508666181627
379.99999999999994,49.69012714285715,4.30472911782006e-05,-1555.7428285567592,-9075.236019186757,9207.618831845208,35747.77629838952,293.15085554241676
385.0,49.69012714285715,4.8358222701364606e-05,-1823.357898612723,-7265.6776454554565,7490.974948169601,49391.07598623223,293.1508442151959
390.0,49.69012714285715,5.935897775504659e-05,-1633.3924030372625,-6134.898937782443,6348.618410260928,67175.88871804568,293.1508336504136
395.0,49.69012714285715,7.602768063292533e-05,-1125.7076290238379,-4973.498288672784,5099.304157772272,75943.13123441453,293.1508252337468
399.99999999999994,49.69012714285715,9.277443607654516e-05,-693.2315185141819,-3714.4700747778757,3778.6052816723045,67871.9428348052,293.15082035958505
0.0,54.659139857142854,0.0014869306618703298,-73002.31926436405,-2727472.504968597,2728449.3039046284,73244771.79379293,293.1619882959208
5.0,54.659139857142854,0.001490580777833548,-110496.9453840374,-2757468.6058303365,2759681.6278475136,74931222.36620402,293.1620032674119
10.0,54.659139857142854,0.0014979803564087336,-187801.71913486844,-2820127.8646069164,2826374.1186266155,78596670.30562389,293.16204128682665
14.999999999999998,54.659139857142854,0.0015093609497470349,-271848.87065115786,-2921156.2691496923,2933778.409707669,84683630.60600872,293.162109851162
20.0,54.659139857142854,0.0015251652434738494,-368387.0902246897,-3070005.074774858,3092028.4939482035,94065816.05978361,293.1622149045563
24.999999999999996,54.659139857142854,0.0015461996587695038,-534205.9739837793,-3280738.7046164237,3323946.8212665813,108705867.65007101,293.16235582529384
29.999999999999996,54.659139857142854,0.0015785858408722273,-809383.7424003824,-2709547.3337364555,2827852.3292810717,105320675.67906517,293.1625194953066
35.0,54.659139857142854,0.0016545448915580249,-965805.7032862528,-1560991.1698298734,1835612.728433503,93423344.01176128,293.16269282845667
40.0,54.659139857142854,0.0018507545543445596,-925711.4617956302,-954739.6351807653,1329838.141085186,113201220.58792706,293.16286696503397
44.99999999999999,54.659139857142854,0.002256805319470968,-769509.5234700892,-761429.726542606,1082552.6015736656,134144106.8013004,293.16302989151814
49.99999999999999,54.659139857142854,0.0027460012533137707,-840429.0902290455,-1033006.5672970176,1331699.5245857786,173222069.15676898,293.16317963380254
54.99999999999999,54.659139857142854,0.0030911527952015845,-907062.4485782427,-1678149.9948835366,1907603.1272118348,213890257.88355517,293.16331657215625
59.99999999999999,54.659139857142854,0.003287886451123451,-811084.8327713389,-2478766.060068634,2608091.2151418114,256340707.42433417,293.1634461757421
65.0,54.659139857142854,0.003401818600440342,-619429.0047237775,-3181350.119195115,3241092.5430780067,296444100.34909743,293.1635724405079
70.0,54.659139857142854,0.0034655533954496423,-338549.29307194566,-3557942.4470304996,3574013.161730227,319665648.2836856,293.1636929055977
75.0,54.659139857142854,0.0034879300167761527,40772.84504778556,-3514304.279133507,3514540.7937921803,325231784.6730867,293.16379755314233
80.0,54.659139857142854,0.0034546419579571334,499207.03473803186,-3081749.0727312416,3121920.083988667,319747638.35575366,293.16386669248226
84.99999999999999,54.659139857142854,0.003321473950835059,941677.9823442615,-2437971.9613844673,2613515.775144429,326410994.98368686,293.16387631806657
89.99999999999999,54.659139857142854,0.002997267306958108,1177207.941083112,-1818823.8079802354,2166549.925809434,356317575.2061904,293.16380596228606
94.99999999999999,54.659139857142854,0.0024132181674449893,1208544.135787385,-1462345.1711031876,1897111.574893498,359677347.1313847,293.1636427098184
99.99999999999999,54.659139857142854,0.0017697008825381959,1381331.7508712942,-1532611.2171204633,2063243.695933329,325013086.1450374,293.16338759596806
104.99999999999999,54.659139857142854,0.0013413214631006064,1492452.1952649744,-1739578.1292004106,2292061.435202739,225340704.37959954,293.1630470952564
109.99999999999999,54.659139857142854,0.0011190579512986613,1332713.9641313045,-1893353.1053789668,2315364.4403935103,134255271.99096444,293.16263697938444
114.99999999999999,54.659139857142854,0.0010020989039686787,1089536.2111003809,-1960951.113059953,2243305.2451929147,85055741.83391549,293.16217398278906
119.99999999999999,54.659139857142854,0.0009318933518343285,899697.6219341703,-1915068.421004321,2115878.746063201,60283142.63182734,293.1616737625819
125.0,54.659139857142854,0.0008789682879731054,763796.7015466691,-1727749.9801801404,1889048.807020625,45379111.79365851,293.1611546791329
130.0,54.659139857142854,0.0008331739399738652,591228.5113974483,-1391708.8178644204,1512086.1702994392,32583609.939617667,293.16063553753634
135.0,54.659139857142854,0.0007933322369744927,384057.22906375024,-976598.9287279656,1049402.4122274239,20876478.995848205,293.16013304187084
140.0,54.659139857142854,0.0007591752164807016,211898.82028243406,-584067.5435173188,621317.9583976648,11553928.378064172,293.1596618111319
145.0,54.659139857142854,0.0007288729430290691,104698.46832139521,-292918.900694781,311067.92128582654,5422457.656219425,293.15923450497553
150.0,54.659139857142854,0.00069954296721373,50254.87680496081,-121984.98588914472,131931.38150211505,2159857.866842573,293.15885787740996
155.0,54.659139857142854,0.0006654914723237704,26764.801866624126,-40404.90426167994,48465.564139450275,755800.5424931205,293.1585268301644
160.0,54.659139857142854,0.0006120123814594976,16385.244954626698,-8891.38783165479,18642.237789386192,325148.7876688668,293.1582242618165
165.0,54.659139857142854,0.0005096818990469426,9670.393935553537,-374.45602524372964,9677.641044367783,224791.6525845148,293.1579272737389
169.99999999999997,54.659139857142854,0.00037610557348322603,8929.235454885302,640.0525953681486,8952.145727903351,196818.35412661577,293.15761321986145
175.0,54.659139857142854,0.0002867969556101202,12674.308780194831,-1557.9342033046034,12769.700937670785,160372.10403010267,293.15726363806317
179.99999999999997,54.659139857142854,0.0002494142698017301,16215.803716111872,-10097.358687589458,19102.589945483986,121446.05245109703,293.1568702149284
185.0,54.659139857142854,0.000231944948653247,23242.770427658346,-31683.962800329868,39295.03627540654,185577.5727716535,293.1564429057823
189.99999999999997,54.659139857142854,0.00022102245574810334,39414.88325142413,-79125.8862700873,88399.31504118221,378431.78369525017,293.1560097777759
195.0,54.659139857142854,0.0002125447937902856,70832.04727656324,-168254.96774007613,182556.60242950227,736195.9384829877,293.1556021825545
199.99999999999997,54.659139857142854,0.00020511930154626818,119078.78934011488,-304660.82827602903,327105.4544891349,1231949.5589727913,293.15523923677586
205.0,54.659139857142854,0.0001986097957433933,113304.3396632738,-346475.9422500433,364531.82569507684,1307421.8961142167,293.15492531885036
209.99999999999997,54.659139857142854,0.0001937888675799408,87082.24559550898,-332778.4253498102,343983.71745804447,1164181.3132700515,293.1546559878018
215.0,54.659139857142854,0.0001899015711838424,68919.39992999886,-323742.2459651109,330996.8663133316,1077935.1080168118,293.1544233326684
219.99999999999997,54.659139857142854,0.0001868969275869409,50627.9426471502,-318465.6420721033,322464.81010659155,1023079.7968318085,293.1542188822457
225.0,54.659139857142854,0.0001848387769191274,30067.988067282615,-316496.45327366976,317921.5136495586,994453.9741180107,293.15403489059247
229.99999999999997,54.659139857142854,0.00018389012878021265,5241.837068742406,-317358.0444490194,317401.3314911597,991202.3916206073,293.1538645029607
235.0,54.659139857142854,0.00018431459321225315,-28470.915084120898,-319995.1274965832,321259.2016227423,1015444.0616626258,293.15370134832074
239.99999999999997,54.659139857142854,0.00018673722028862474,-33088.49085399433,-230358.06697740156,232722.33938442584,770004.5305688762,293.1535391118743
245.0,54.659139857142854,0.00018909592894409948,-15999.304117957254,-123607.7723328404,124638.91492365532,444117.98355574836,293.1533718119302
250.0,54.659139857142854,0.00019138608899812724,-5768.651116485098,-60238.206254072036,60513.79039865085,236305.96434007524,293.1531947274839
254.99999999999997,54.659139857142854,0.000192879443344401,95.75645426155714,-27995.28768612304,27995.451450679,123420.04657912948,293.15300589679674
260.0,54.659139857142854,0.00019123282718499064,3074.9968238270803,-13578.553179378665,13922.381689630589,74852.16726071839,293.1528071810553
265.0,54.659139857142854,0.00018081028108098433,4095.9348288049364,-8117.866768163789,9092.658741395462,66511.68466815587,293.1526037881648
270.0,54.659139857142854,0.00015774211755999177,5048.815410874727,-7949.728142884697,9417.468587622638,83232.07197020136,293.1524028724769
274.99999999999994,54.659139857142854,0.00013265244262040238,8533.791329385038,-14530.570091765787,16851.203566665663,134374.50011360663,293.15221244079737
280.0,54.659139857142854,0.00011669788137149767,14107.163079789692,-32357.110004798968,35298.64895463342,210660.72710922753,293.1520401818037
285.0,54.659139857142854,0.00010841078871558717,19908.889918519435,-69160.03557769231,71968.56549143793,318670.2745608319,293.15189127633835
290.0,54.659139857142854,0.00010424820521387178,23488.38761875635,-135327.90869255108,137351.18209913006,475934.2644975297,293.1517664355286
294.99999999999994,54.659139857142854,0.00010238809854268543,19632.59815557212,-239819.19706805242,240621.4582964361,692758.0677407219,293.15166234908963
300.0,54.659139857142854,0.00010186069186811266,22421.8971458864,-267313.9427176914,268252.6522569682,707999.4199758609,293.15157399451255
305.0,54.659139857142854,0.00010014590882809679,44559.235739375676,-252772.37993780672,256669.8298380629,648178.3158681989,293.15149668032336
310.0,54.659139857142854,9.74047682941751e-05,63154.77164535217,-236518.5960599745,244805.17041875966,589638.7609582358,293.1514266816722
314.99999999999994,54.659139857142854,9.383043166356157e-05,77882.9010020391,-218792.4836592576,232241.0324948628,530667.8289906629,293.1513612378957
320.0,54.659139857142854,8.961647819397119e-05,88824.75160555042,-200256.37412222582,219071.79616365183,472191.09310106834,293.151298515144
325.0,54.659139857142854,8.494795650300653e-05,96070.06922629928,-181373.92293849724,205246.09161503142,414471.47285193787,293.15123774670644
330.0,54.659139857142854,8.000947127134126e-05,99874.27656222283,-163082.8404223516,191235.15356505345,359815.86682631087,293.15117942218967
335.0,54.659139857142854,7.496052884678425e-05,100320.13644452025,-145459.35746890056,176699.05051106686,307194.3928695413,293.1511251546735
339.99999999999994,54.659139857142854,6.997745762688923e-05,98687.98327920272,-131239.51141295148,164204.52916904094,265286.4794985111,293.1510770770166
345.0,54.659139857142854,6.509173051886398e-05,93207.26250915349,-122089.96556450227,153601.93187584457,232133.7079241183,293.15103702065653
350.0,54.659139857142854,6.0656731375973886e-05,69596.78955446651,-99707.34963191854,121594.69020853807,173309.47160490658,293.15100574297526
355.0,54.659139857142854,5.680014793460568e-05,33448.02054739386,-62142.18349843155,70572.09822934004,99211.87993050949,293.1509824984455
359.99999999999994,54.659139857142854,5.388463410066026e-05,11962.875670823956,-39015.66173992939,40808.482639277114,62096.2962096186,293.1509653909901
365.0,54.659139857142854,5.226641911506456e-05,1380.3824151123745,-25048.97519201413,25086.980961887202,48531.33747241902,293.1509522523062
370.0,54.659139857142854,5.280275177701515e-05,-2887.994059735255,-16789.758608740554,17036.328942258766,50839.33833294361,293.1509412834604
375.0,54.659139857142854,5.740803109270584e-05,-3926.2174772875733,-11854.02526253641,12487.317510330624,66453.681391897,293.1509312192691
379.99999999999994,54.659139857142854,6.980906740892586e-05,-3554.7357890187527,-8836.810072089305,9524.98602518186,94599.84961027249,293.1509213179384
385.0,54.659139857142854,9.508051236429397e-05,-2787.8080849247517,-6947.2776573919455,7485.755858112735,129042.9011080132,293.15091141480946
390.0,54.659139857142854,0.0001350591132387222,-2050.113089885769,-5750.052922693756,6104.594359586883,155449.69226184333,293.15090200838983
395.0,54.659139857142854,0.00018199840945583268,-1325.3075384675315,-4936.420629662349,5111.231623050837,161175.29518359696,293.15089420425403
399.99999999999994,54.659139857142854,0.0002181625846634107,-907.9045210070741,-4297.541992017549,4392.397727030107,151222.5477180238,293.15088948775417
0.0,59.628152571428565,0.0016206566107788117,-101831.32986350212,-2640597.44242846,2642560.2117457027,68705995.40647288,293.1626667778084
5.0,59.628152571428565,0.0016257481772719868,-154903.46115822584,-2667463.132013587,2671957.081042009,70243122.43321715,293.16268670245813
10.0,59.628152571428565,0.0016361469568946343,-265808.794387716,-2723089.6555152237,2736032.088106401,73652454.69855644,293.16273105321477
14.999999999999998,59.628152571428565,0.0016523290567107584,-389844.8130335237,-2811400.894608536,2838301.246952976,79261416.36385432,293.1628042202429
20.0,59.628152571428565,0.0016751314381979866,-536008.4370123475,-2938562.7400375796,2987048.0447568274,87786810.1645381,293.1629097410094
24.999999999999996,59.628152571428565,0.0017059299004119931,-791299.0655299115,-3113167.5125814024,3212159.1138206073,101517041.4365726,293.16304677439535
29.999999999999996,59.628152571428565,0.0017542613447509778,-1189462.8753726745,-2505445.391111116,2773459.669749997,102757786.42423823,293.16320641665754
35.0,59.628152571428565,0.0018674315896897342,-1382711.6530267883,-1433738.1575380934,1991857.5801991466,111424268.93377312,293.16338208704724
40.0,59.628152571428565,0.0021489457783828462,-1254646.1139050112,-893790.6141584829,1540454.0022651583,145815425.21134013,293.16356666038973
44.99999999999999,59.628152571428565,0.002651009874508963,-1137224.3303646331,-783109.7948468983,1380775.1911004337,165376277.297434,293.1637498057293
49.99999999999999,59.628152571428565,0.003151547741955503,-1354820.0795766378,-1128417.5008022706,1763196.9555727148,182357170.64709142,293.16392902370046
54.99999999999999,59.628152571428565,0.0034587245294129074,-1418019.8727178616,-1788307.2307915187,2282284.6253532907,172255406.1133597,293.16410192495607
59.99999999999999,59.628152571428565,0.0036281660450619667,-1268919.2670198996,-2624459.6171268113,2915123.3915811745,177539608.28924096,293.16427385831406
65.0,59.628152571428565,0.0037281697668477276,-1032094.2465051708,-3385272.809236588,3539108.719243541,195005639.54178905,293.1644436035163
70.0,59.628152571428565,0.0037914839753205487,-749457.4389811261,-3881327.4117829,3953022.758636926,215345402.11504638,293.1646017135754
75.0,59.628152571428565,0.003833143126290018,-341219.9950388498,-3960034.056383607,3974707.638648699,229097743.16407916,293.1647300870965
80.0,59.628152571428565,0.0038417761078940594,259442.0745109001,-3598696.5499130636,3608036.4533056905,236038974.77537176,293.16480279903794
84.99999999999999,59.628152571428565,0.0037853310678356046,893673.7804716582,-2939391.4843971035,3072242.686450521,253313434.1762081,293.1647989306658
89.99999999999999,59.628152571428565,0.0035980054955671434,1339337.0814321523,-2247757.523032149,2616531.6164814094,314976793.93951523,293.16471344356876
94.99999999999999,59.628152571428565,0.0031590466235393517,1382749.4654668097,-1686008.1506027407,2180509.0158372703,386680202.2995339,293.1645463953752
99.99999999999999,59.628152571428565,0.002455035551283264,1306609.8984023451,-1437247.114022551,1942397.6661253325,386028269.03488076,293.1642983420336
104.99999999999999,59.628152571428565,0.001800283018858908,1384587.8424084773,-1552905.7342378565,2080528.709913463,321105430.94764376,293.16397546397195
109.99999999999999,59.628152571428565,0.0014110947162432996,1278682.7316204715,-1709409.895517747,2134739.262542005,208143345.3591045,293.1635843675127
114.99999999999999,59.628152571428565,0.0012066872422666162,1021039.6115651445,-1803975.3511461057,2072884.211896028,133197077.01811,293.16313666055595
119.99999999999999,59.628152571428565,0.0010894011722321244,780983.6538602719,-1770518.575609661,1935115.3697327205,92347387.12039223,293.16263972572466
125.0,59.628152571428565,0.001010934444115218,585160.9012522271,-1570753.9401696923,1676210.3748971762,65328438.27961162,293.16210138667407
130.0,59.628152571428565,0.000951115980921222,411043.2248095085,-1232297.272371348,1299043.1479191384,43928227.27076651,293.1615339950932
135.0,59.628152571428565,0.0009021819649406007,257408.37375009508,-837057.108644596,875741.7850080694,26547466.675591648,293.1609545866995
140.0,59.628152571428565,0.0008605534067887245,142241.40112984704,-485080.0633714177,505504.97927893914,13964533.580454294,293.16038612699344
145.0,59.628152571428565,0.0008231765737085589,72193.04284559745,-237587.08617083184,248313.2274979578,6305362.013642991,293.1598571417878
150.0,59.628152571428565,0.0007855189382287942,37433.1427575138,-96385.5286115184,103399.27612138414,2412462.6882957285,293.15939159463977
155.0,59.628152571428565,0.0007373272167942549,22683.42900932198,-30131.419209095628,37715.253879235745,819229.4373313716,293.1589943524104
160.0,59.628152571428565,0.000652738122518713,14625.496069125114,-5456.324118754035,15610.144398976301,376906.3946381334,293.1586489223174
165.0,59.628152571428565,0.0005074026284190743,10531.286738862691,270.37568083006676,10534.75692101766,297274.87649544264,293.1583283305962
169.99999999999997,59.628152571428565,0.0003660261992684147,13944.607848262442,818.8349043136544,13968.628373693133,292906.215784111,293.1580051652521
175.0,59.628152571428565,0.00029464628676866244,19296.73273844965,-3412.4774206341517,19596.144940408365,197847.97981758663,293.15765580804685
179.99999999999997,59.628152571428565,0.0002649778406798842,24777.550563669116,-16239.791852207998,29625.290738458938,157161.94507803206,293.1572651706844
185.0,59.628152571428565,0.00024955053084884933,37016.18532449805,-46672.03768060046,59569.09498420279,245322.20013229226,293.15683548433304
189.99999999999997,59.628152571428565,0.00023896776265575873,63280.51141747733,-109726.57772217902,126666.27405856253,482476.5608841763,293.1563903946114
195.0,59.628152571428565,0.00023020951165588947,113554.70738237293,-220475.34826815428,248000.102344052,908699.7649730211,293.15596265575863
199.99999999999997,59.628152571428565,0.00022191569742095594,149649.9000535557,-325168.300650801,357951.83521553414,1260648.581462757,293.1555756903428
205.0,59.628152571428565,0.0002152445216505339,120520.7524548115,-321946.43750331464,343765.5602199697,1162705.1152369727,293.1552377187048
209.99999999999997,59.628152571428565,0.0002098636221754748,96920.30250548433,-312868.58056590956,327536.7059477176,1055515.9653721247,293.1549467344927
215.0,59.628152571428565,0.00020555249139998547,76094.95135194295,-304905.521608826,314257.56749648025,971664.5129926489,293.15469603217
219.99999999999997,59.628152571428565,0.0002022541270402805,55348.619546527996,-298506.512364953,303594.4788858884,906844.0154295044,293.1544775655723
225.0,59.628152571428565,0.00020001762944533267,32725.095303342856,-293539.73191705253,295358.2673238519,858307.9120532033,293.1542835841238
229.99999999999997,59.628152571428565,0.0001989816175099462,6332.00784016765,-289412.95637917775,289482.21645452385,824496.1481920062,293.15410707165694
235.0,59.628152571428565,0.0001993844286613159,-27174.32474413955,-285023.30136102106,286315.78064094787,806557.6660960575,293.1539414508298
239.99999999999997,59.628152571428565,0.00020169904998436016,-51686.275841819646,-258622.14429803684,263736.3923157198,730279.7345287245,293.15378012789
245.0,59.628152571428565,0.0002048998604144627,-32549.167086091722,-142174.4332086582,145852.72618707383,417946.01098449854,293.15361645382836
250.0,59.628152571428565,0.00020819864219243594,-15165.914661718962,-72018.51017024055,73598.035127764,217265.2404854945,293.1534444200771
254.99999999999997,59.628152571428565,0.00021108260870200327,-4279.895215770486,-35282.68841980173,35541.3225019383,108155.58011139881,293.1532598122433
260.0,59.628152571428565,0.00021192315992892442,2159.615860561604,-18469.319421049724,18595.152608729884,61853.18252637566,293.1530616523032
265.0,59.628152571428565,0.00020715621167647212,5820.066689063932,-12398.839345255328,13696.875314267965,61891.904361408975,293.1528530526206
270.0,59.628152571428565,0.00019240791755345492,8323.77943526031,-12406.26193600853,14939.900913718155,99541.65847173212,293.1526410909913
274.99999999999994,59.628152571428565,0.00016942635555569814,12498.694937395892,-18553.00627714992,22370.324473687237,175815.80485045793,293.152435599814
280.0,59.628152571428565,0.00014777727271886722,20927.70223536771,-36081.20366253576,41711.173306316836,300605.4020031123,293.15224657729664
285.0,59.628152571428565,0.00013267539770833346,33238.92450707661,-73204.00729004943,80396.84562038953,466790.52629180637,293.15208079415197
290.0,59.628152571428565,0.00012337972788673877,45736.73220744985,-137373.30183924123,144786.99089086443,655205.1026000914,293.1519398480524
294.99999999999994,59.628152571428565,0.00011814630597876926,49499.20767267096,-230460.28478537296,235716.1734450511,842039.3258174912,293.1518210917829
300.0,59.628152571428565,0.00011575530449785887,49332.67802575989,-298699.1082130704,302745.5538376688,901779.5869362877,293.15172004935283
305.0,59.628152571428565,0.00011321303817619327,61864.467416727464,-273923.19714046683,280822.2396114852,775903.7483295664,293.15163226479854
310.0,59.628152571428565,0.00010956885775618613,81949.23476806984,-253808.3625929237,266710.2585225646,699881.144608076,293.1515539166131
314.99999999999994,59.628152571428565,0.00010501811469938629,97771.39197661223,-231863.6695998491,251634.66845677752,622996.7808475185,293.15148173515416
320.0,59.628152571428565,9.97917185585249e-05,109243.51037846407,-209460.24757468692,236236.61840167522,549084.6302981081,293.1514130391731
325.0,59.628152571428565,9.409376366153988e-05,116240.94047805753,-186324.52838778627,219610.53281241836,474516.35306259873,293.15134605287057
330.0,59.628152571428565,8.816762451071915e-05,119378.69481377093,-165031.174134752,203682.50099538322,408180.5351152613,293.15128044168944
335.0,59.628152571428565,8.215589418016279e-05,117169.29514946845,-148628.00638174568,189258.89148686116,352417.47626336786,293.15121761692143
339.99999999999994,59.628152571428565,7.64506949957723e-05,108629.89103405143,-136637.55971774057,174557.3715191914,299792.82880530093,293.15116032392194
345.0,59.628152571428565,7.129290507675765e-05,67226.84408826852,-93830.82917518543,115428.21609022291,187419.3440111186,293.1511114828274
350.0,59.628152571428565,6.683925813670568e-05,32609.350566666697,-60943.015348622925,69118.88934410228,109931.15197482906,293.1510728108219
355.0,59.628152571428565,6.36664173784043e-05,10740.221658711911,-41035.42605193368,42417.667929083305,73541.06771644966,293.15104398563085
359.99999999999994,59.628152571428565,6.237751312237619e-05,-768.4722193816673,-28948.225567454345,28958.42387037283,66674.9780404618,293.1510230727097
365.0,59.628152571428565,6.428742418374228e-05,-5747.406629974087,-21446.40715362777,22203.176862094453,83923.33901135153,293.15100768363175
370.0,59.628152571428565,7.232193613157565e-05,-7003.740011142868,-16299.029996039602,17740.08886549,125694.05889717165,293.15099579578765
375.0,59.628152571428565,9.27181751992415e-05,-6298.920601929256,-12310.200565607136,13828.13938007869,190545.7966725527,293.15098594495174
379.99999999999994,59.628152571428565,0.00013611789327698493,-4767.788591517085,-9119.57428971946,10290.696928736783,256201.40275849318,293.1509771502366
385.0,59.628152571428565,0.00020995500460538774,-3351.5751671965754,-7006.49091967261,7766.850784508705,293101.6810993829,293.15096888989666
390.0,59.628152571428565,0.00030163104068691067,-2356.6709944623126,-6028.870106639324,6473.1115345612,303846.27909096534,293.1509612024863
395.0,59.628152571428565,0.00038364781647845514,-1491.4542977525537,-5618.1411009638505,5812.739917854907,292850.2298604272,293.1509547739102
399.99999999999994,59.628152571428565,0.00043301697790600345,-1040.174035420356,-5347.165397375229,5447.397526420268,277142.24365939357,293.1509508340765
0.0,64.59716528571428,0.001749353907165077,-126400.70051498417,-2527188.656352663,2530347.731417217,62994882.25714005,293.1632650052529
5.0,64.59716528571428,0.0017556739421908261,-192477.91651557692,-2549052.2076917375,2556308.843994461,64294155.72662792,293.1632886413488
10.0,64.59716528571428,0.0017686016988166346,-330847.4336148962,-2593770.5997099625,2614786.023415557,67269339.34950468,293.16333709794316
14.999999999999998,64.59716528571428,0.0017887586855523158,-485986.5699667469,-2663274.9714745805,2707252.5777752935,72111147.16855279,293.1634117277977
20.0,64.59716528571428,0.0018172003558133093,-668283.5225155248,-2760263.706990098,2840010.316634867,79356898.8769136,293.1635140782893
24.999999999999996,64.59716528571428,0.0018555870378038682,-994590.5725529934,-2887760.567798555,3054238.2853902415,91780556.42646617,293.1636444320104
29.999999999999996,64.59716528571428,0.0019166594130686086,-1467850.8984988944,-2220058.5004804335,2661436.831070661,97649161.08298858,293.16379966196934
35.0,64.59716528571428,0.002061258142847781,-1668689.9100085108,-1247939.954954194,2083717.8664433644,125146307.16635996,293.16397971499634
40.0,64.59716528571428,0.0024055042077620976,-1478871.9352711665,-782053.1048144454,1672922.3710867756,164162703.6305975,293.1641781990198
44.99999999999999,64.59716528571428,0.002942933359206431,-1493589.2912160873,-751406.6686375554,1671951.2410678617,185814877.34075144,293.1643869571909
49.99999999999999,64.59716528571428,0.0034145702829426004,-1869296.5957805775,-1128710.8330917498,2183634.105736473,187118138.01686022,293.16460191261785
54.99999999999999,64.59716528571428,0.0036885052256649953,-1951673.2463230835,-1817649.4917770978,2666997.96313586,153165051.08790842,293.1648196480902
59.99999999999999,64.59716528571428,0.003841716503688597,-1784725.3793548904,-2724902.3285416705,3257351.282837833,143703371.94767535,293.16504392614706
65.0,64.59716528571428,0.003934182119245564,-1601366.326681096,-3655054.0216380674,3990462.882087831,160558376.9350509,293.165266814059
70.0,64.59716528571428,0.004005825450193261,-1337967.9270269196,-4039194.372425097,4255026.363253615,178135043.08468658,293.1654696524649
75.0,64.59716528571428,0.004067978911948256,-1079029.2964237612,-4476624.210909525,4604831.0010511875,208627831.90639767,293.1656274000029
80.0,64.59716528571428,0.004113728379835637,-421311.77421766135,-4299543.109425939,4320135.9424104355,219294737.1027503,293.1657054797441
84.99999999999999,64.59716528571428,0.004118293292084557,405125.89448237186,-3505690.1805692557,3529021.2003500126,217484946.42511642,293.16568347811625
89.99999999999999,64.59716528571428,0.004041822266085953,1028649.9964683834,-2638332.09832109,2831769.2484144554,245493047.06991172,293.16557102239216
94.99999999999999,64.59716528571428,0.0037982223484877664,1272449.2602390144,-1923656.6926419206,2306421.9455747614,323615353.25854635,293.1653871980547
99.99999999999999,64.59716528571428,0.0032550533106046977,1124901.3315809497,-1417909.0488467496,1809936.2078797384,370560702.64534175,293.16513909381104
104.99999999999999,64.59716528571428,0.0025049130412791985,1025490.9571938552,-1304289.322871525,1659157.117648305,355854796.29236865,293.1648313867359
109.99999999999999,64.59716528571428,0.0019076898136639324,981864.9237608227,-1475282.2620875111,1772150.2423163478,295176670.1458994,293.16446734746927
114.99999999999999,64.59716528571428,0.0015669454235226433,798845.3890288526,-1637060.0279740219,1821570.610973663,218544331.4644899,293.16404672650987
119.99999999999999,64.59716528571428,0.0013729218219955702,596332.6653624244,-1655772.0124482973,1759884.5430838177,163049816.29257813,293.16356644743024
125.0,64.59716528571428,0.0012478682717884048,427551.0121298453,-1473638.3655389014,1534408.648424995,116883204.57029352,293.163021361817
130.0,64.59716528571428,0.001157190541675078,286687.50558951404,-1135069.1869637966,1170714.2200621772,76135647.64219168,293.162413124958
135.0,64.59716528571428,0.001086004307556888,173650.86772495398,-750929.7448602822,770746.459983799,43841910.234261826,293.1617540442454
140.0,64.59716528571428,0.0010269343140862544,94520.69895953435,-424867.00314954104,435254.10152814304,22031718.598399572,293.1610734814925
145.0,64.59716528571428,0.0009742807636810293,48926.79343433636,-204236.1832205719,210014.87959731146,9553340.446449563,293.1604221881018
150.0,64.59716528571428,0.0009192240664101773,27858.04840498185,-81295.30435951428,85936.00742320051,3482071.474934567,293.1598515785985
155.0,64.59716528571428,0.0008407771035964269,19020.320658148485,-24425.76328510761,30957.88284102937,1100411.0752894522,293.15938006194716
160.0,64.59716528571428,0.0006972585908324704,13353.510403231187,-4606.828538268375,14125.83127713932,497532.2835526245,293.15898849661875
165.0,64.59716528571428,0.0005023666006500505,14332.377417478372,-167.42178407232578,14333.355241911295,470443.7627899391,293.15864242996435
169.99999999999997,64.59716528571428,0.0003636898320609691,22686.172032440034,-824.2242939665119,22701.139776941356,442108.5336448343,293.1583086300901
175.0,64.59716528571428,0.000304555827387058,29950.872105884428,-8010.499506617987,31003.59402147714,268087.73982477473,293.1579592709153
179.99999999999997,64.59716528571428,0.00027878791618621713,39601.56878105684,-27005.62409982792,47933.16162055224,228440.3992521958,293.1575744858691
185.0,64.59716528571428,0.0002645366371054166,59685.09025090364,-70295.24597380326,92215.67982060327,342553.3072960423,293.15714992789714
189.99999999999997,64.59716528571428,0.0002543513813071448,101027.49563149305,-156606.01806807838,186365.2321885996,645685.0398750366,293.1567033889657
195.0,64.59716528571428,0.00024544752759457516,169167.7135654644,-294298.73865598417,339454.65512711747,1133726.7406281983,293.1562662872709
199.99999999999997,64.59716528571428,0.00023743460995059837,148426.13025722624,-300554.9090661393,335206.7563562679,1105529.6122208065,293.15586456805227
205.0,64.59716528571428,0.00023060491456885254,125527.83276007,-298126.14552004327,323475.5561709078,1029503.4093692027,293.1555096262719
209.99999999999997,64.59716528571428,0.00022488182667459137,104017.55114406657,-291857.71280940983,309839.5963597107,944536.3781221942,293.15520160682496
215.0,64.59716528571428,0.00022020315945444588,83192.45982879723,-284524.0737287004,296437.0656708452,864589.3151013978,293.1549351623974
219.99999999999997,64.59716528571428,0.00021656258069171165,61923.29334441417,-277132.85120526707,283966.74360878783,793377.3817585718,293.1547030664141
225.0,64.59716528571428,0.00021401083012000447,39105.18712955979,-269753.3851759598,272573.1176663018,730989.0912995883,293.15449805775546
229.99999999999997,64.59716528571428,0.00021265206197875567,13705.487411392747,-261727.49951779007,262086.10109851047,675822.7900985457,293.1543134459889
235.0,64.59716528571428,0.0002126402813788652,-15116.391604697425,-251513.49195745523,251967.34298670426,624645.1400637312,293.1541429021703
239.99999999999997,64.59716528571428,0.00021416370113922542,-46698.53951442036,-235192.15710312108,239783.45304795128,565696.2148087916,293.1539800267798
245.0,64.59716528571428,0.00021731013533030723,-47758.93957989755,-166961.5987794949,173657.97354801,397643.2016957858,293.15381818825904
250.0,64.59716528571428,0.0002205642015072596,-24820.324118938253,-88905.04691051859,92304.69032248935,205457.71354629553,293.15365088010185
254.99999999999997,64.59716528571428,0.00022339341113877592,-8872.568620355049,-46328.970966912,47170.92350988991,99673.81050360668,293.1534724987138
260.0,64.59716528571428,0.0002246037871301849,1560.0685220399373,-25959.36926567607,26006.204384053955,54011.65092198771,293.15327958216375
265.0,64.59716528571428,0.00022212712360684418,8483.252397290984,-18583.5410962056,20428.25423061172,53120.56822004605,293.1530724554302
270.0,64.59716528571428,0.00021362845327740505,14096.147020890721,-19851.682632647404,24347.29274851561,97794.59361432433,293.1528566778924
274.99999999999994,64.59716528571428,0.00019849139149710274,20984.279341373393,-28889.026440258414,35705.963481507395,203009.99515568384,293.1526427774107
280.0,64.59716528571428,0.00017966709009834195,31514.513296831592,-47814.41973456061,57265.899826065026,375554.7674292889,293.1524427289467
285.0,64.59716528571428,0.00016180991127149293,47065.93400617251,-82610.68810339038,95077.4838370738,605654.4638004083,293.1522648363827
290.0,64.59716528571428,0.00014761684231388237,66321.91784347994,-140227.20052841952,155120.1616633856,861844.0089676074,293.1521113530945
294.99999999999994,64.59716528571428,0.00013766617974198865,81320.24680874839,-219834.58916707107,234393.32143917982,1068290.047823024,293.1519800892506
300.0,64.59716528571428,0.00013154548519724369,87937.47455256822,-304197.8783844869,316653.3572288578,1155260.3823206555,293.1518672104631
305.0,64.59716528571428,0.00012736846581467223,89171.77288743063,-305028.0606522334,317795.09572230675,993663.2643999286,293.1517688722024
310.0,64.59716528571428,0.00012262830790850062,104953.63706658814,-272905.37691488845,292391.19460504013,841149.9665809547,293.15168158551813
314.99999999999994,64.59716528571428,0.00011687310210801341,121956.17047808386,-245387.91628457778,274022.8767387249,738785.7250334009,293.1516019782056
320.0,64.59716528571428,0.00011043269086069224,134081.66594162895,-219387.36955475112,257116.14313736802,650434.4604336072,293.15152682518857
325.0,64.59716528571428,0.00010346493551385052,140223.79538769333,-196839.29011070947,241678.33772230754,574672.3516091319,293.1514534849839
330.0,64.59716528571428,9.64103113219229e-05,137337.17598869622,-177373.11135431853,224327.26214185738,495118.2840550359,293.15138066457183
335.0,64.59716528571428,8.97312179149809e-05,107285.0058808021,-137717.25572524234,174574.0960490288,359249.548532243,293.1513091805576
339.99999999999994,64.59716528571428,8.355653305661776e-05,61978.70950795607,-88337.86598608323,107911.71854458997,209030.8725483415,293.151242079134
345.0,64.59716528571428,7.842360606830163e-05,29469.292392258583,-57487.19686336063,64600.441154122236,121707.00064875952,293.1511834628353
350.0,64.59716528571428,7.482140155583818e-05,9102.151507980805,-39950.5354727521,40974.314474239356,84968.20440839503,293.15113634463114
355.0,64.59716528571428,7.374159694595989e-05,-2408.5100294962685,-30221.110518281388,30316.93324728545,86787.51692526198,293.1511011029827
359.99999999999994,64.59716528571428,7.713288259009264e-05,-7942.621616145643,-24689.466262945647,25935.592965775726,128339.86148493744,293.1510758226274
365.0,64.59716528571428,8.914399076292556e-05,-9739.146292970412,-20744.147724093087,22916.601740111375,219771.7603578964,293.1510578105026
370.0,64.59716528571428,0.00011855644915989433,-9235.572031409005,-16895.78283275055,19255.21405434934,364055.3546152621,293.15104470892675
375.0,64.59716528571428,0.00018131400795704439,-7379.235360205833,-12842.288543038288,14811.397284657669,509263.4521557705,293.15103477276864
379.99999999999994,64.59716528571428,0.0002926637396987189,-5279.95123027586,-9520.5853788986,10886.662985092786,568981.8756059075,293.1510267653054
385.0,64.59716528571428,0.00043894252479965897,-3743.763705190736,-7755.934772862766,8612.21753564117,553556.4247983187,293.1510198801712
390.0,64.59716528571428,0.0005766487979272684,-2581.112195846786,-7051.95029245833,7509.47022730979,504950.00400204374,293.1510138084504
395.0,64.59716528571428,0.0006738472812117981,-1511.1992558388806,-6683.532564610012,6852.250048929218,446153.141583924,293.15100885228816
399.99999999999994,64.59716528571428,0.0007225955479582292,-989.720550061176,-6424.23598389883,6500.027287945334,409498.0133587557,293.15100586007367
0.0,69.56617799999998,0.001871809262075112,-145287.43569682154,-2392186.4760369575,2396594.370164771,56511120.982618466,293.16378126699254
5.0,69.56617799999998,0.001879073633859953,-221072.76577508022,-2408068.848662395,2418195.3493598644,57534403.645001054,293.1638071976688
10.0,69.56617799999998,0.00189391653865262,-379323.66748727596,-2439971.832261063,2469281.066817507,59990972.97008807,293.1638581377932
14.999999999999998,69.56617799999998,0.0019170060006086806,-555306.0864167096,-2488004.295290115,2549221.493513952,63938139.63867214,293.1639337222582
20.0,69.56617799999998,0.001949447147294291,-759102.7934739158,-2551833.5224771206,2662346.9679021724,69738750.25811066,293.16403490065886
24.999999999999996,69.56617799999998,0.001992916279956072,-1139546.6595114612,-2629843.6226829276,2866120.037432102,80822746.30429238,293.16416389744364
29.999999999999996,69.56617799999998,0.002063401813245437,-1611564.689809682,-1884953.5107075297,2479957.759110025,89302119.88531275,293.16432260864167
35.0,69.56617799999998,0.0022307514582907226,-1787711.7193339127,-1017238.7681936123,2056863.6082540506,127805998.90321772,293.1645160702774
40.0,69.56617799999998,0.0026123013759708014,-1582987.5778023729,-623025.2018949103,1701179.0245805457,166340109.13096908,293.16473801676227
44.99999999999999,69.56617799999998,0.003155512653684664,-1744896.7106061666,-648320.4511963578,1861446.7325506979,192768922.56343755,293.1649814197722
49.99999999999999,69.56617799999998,0.0035989457990897996,-2249024.194172726,-1047892.685427244,2481166.8436737987,188133609.73205328,293.16523919671664
54.99999999999999,69.56617799999998,0.003854072671679167,-2387829.98712091,-1805919.3431278323,2993839.795526325,148462532.43554193,293.1655067774776
59.99999999999999,69.56617799999998,0.0040009386223126085,-2330690.365933602,-2898148.88804266,3719056.9448609706,143838295.04209396,293.1657861621206
65.0,69.56617799999998,0.00410042042083533,-1919615.1684897253,-3367210.3692010394,3875955.1165552516,147809494.34569404,293.16606214409353
70.0,69.56617799999998,0.004192900139161581,-1776107.5787646207,-3837857.4844873627,4228913.359550038,175955330.37117335,293.16631452738164
75.0,69.56617799999998,0.004278031178711792,-1591587.8260548776,-4337588.338575132,4620370.59152067,210038290.3245801,293.1665113178017
80.0,69.56617799999998,0.004352058921767069,-1256713.67864625,-4885554.452054258,5044598.256956026,250379070.98864222,293.1666142442291
84.99999999999999,69.56617799999998,0.004403702546576417,-452984.4484574431,-4217115.122954003,4241374.172457748,241440981.1238968,293.16659167269336
89.99999999999999,69.56617799999998,0.004413851490884138,260153.5345126633,-3090542.7054403895,3101472.8881082023,227768469.76588884,293.1664557427325
94.99999999999999,69.56617799999998,0.004341092719557706,682183.2183826772,-2166536.004326711,2271398.7323864778,252053021.71386158,293.1662407540627
99.99999999999999,69.56617799999998,0.00407511551096675,753759.0321334138,-1493237.8793737984,1672696.0402055895,305961433.9696544,293.1659711339197
104.99999999999999,69.56617799999998,0.0035033313960549195,627144.7364065873,-1135231.9811817491,1296943.395642357,333403563.6129633,293.1656575889514
109.99999999999999,69.56617799999998,0.0028116856926599047,578279.6179311946,-1199074.181000287,1331234.843315092,364099162.60783094,293.1653072059331
114.99999999999999,69.56617799999998,0.0022957862947306277,518590.68594304286,-1434971.1297715409,1525804.1954407806,371827314.332813,293.1649099335188
119.99999999999999,69.56617799999998,0.001969857356641391,411331.0499754667,-1532144.791515427,1586398.718746889,328617787.0516693,293.16444304285255
125.0,69.56617799999998,0.001749886404084769,303445.4406260153,-1385631.9490071803,1418469.257173434,249114741.29959854,293.1638889344747
130.0,69.56617799999998,0.001588005122445619,204283.64666782753,-1060037.5495036116,1079542.224581108,161607720.24039543,293.16324271378494
135.0,69.56617799999998,0.001461966568604334,122177.58732815066,-689615.248968098,700354.5919422958,90204875.56093249,293.16251112644056
140.0,69.56617799999998,0.001359634233289633,65546.55398463832,-383316.814250281,388880.61256154894,43574919.023829184,293.16172323775544
145.0,69.56617799999998,0.0012700073312117007,34777.33115598316,-181806.79361416702,185103.1414282244,18120808.401274253,293.16094799147623
150.0,69.56617799999998,0.0011726945993829226,22170.86536972201,-71611.03786758945,74964.57840684272,6219724.417977464,293.16026768083344
155.0,69.56617799999998,0.0010206071706445972,16757.370687647817,-21895.422751351238,27572.069378696036,1802958.363741762,293.1597178768153
160.0,69.56617799999998,0.0007687628445088285,15172.98428065752,-6108.295946573901,16356.366691658981,883585.5668505443,293.1592768139104
165.0,69.56617799999998,0.0005112750194189922,23478.898794972643,-2858.741480428457,23652.295691464922,927393.1269454365,293.1589015900112
169.99999999999997,69.56617799999998,0.0003731684358929959,36643.51348337849,-5898.770829109572,37115.260711746254,717783.3672215742,293.1585526899477
175.0,69.56617799999998,0.00031721296931360083,47699.762935900835,-16978.334311086644,50631.32647008333,428670.63279635785,293.1581984748058
179.99999999999997,69.56617799999998,0.0002920991235699648,63186.06918029569,-44149.653914247276,77082.23711857955,361382.187022949,293.1578157610842
185.0,69.56617799999998,0.0002781527563480209,91645.77258762928,-104343.36306115422,138875.78999989634,491219.0206933576,293.15739572145617
189.99999999999997,69.56617799999998,0.0002683750274970975,150054.3718572676,-219838.7228039979,266167.95178528194,868462.1134954382,293.15695123697617
195.0,69.56617799999998,0.00025945699513948615,165901.0678632889,-279259.11786212795,324821.21117210534,1038086.6727368806,293.15651124942633
199.99999999999997,69.56617799999998,0.0002517849207107686,145846.2133795049,-281247.81233410025,316814.5354933346,987540.8068005962,293.1561024238911
205.0,69.56617799999998,0.00024487237380153566,129164.04821047693,-278098.0778069691,306629.8945472366,925068.387498841,293.1557376696301
209.99999999999997,69.56617799999998,0.0002388685158897209,110438.07603984632,-271898.88919428486,293471.59076215344,847377.6108262853,293.15541821578836
215.0,69.56617799999998,0.00023382856619755103,90728.55625735951,-264199.49776115234,279343.95561348734,767756.3373288116,293.1551395372807
219.99999999999997,69.56617799999998,0.00022979566026398496,70027.7673899925,-255747.57882064505,265161.6719630666,691777.3689556441,293.15489524430484
225.0,69.56617799999998,0.00022682578945855178,48034.9729839661,-246605.47057583084,251240.15751367717,621044.8528099837,293.1546789729793
229.99999999999997,69.56617799999998,0.00022499216296558835,24458.860102160223,-236203.1270175683,237466.10926693212,554814.912951209,293.1544849133544
235.0,69.56617799999998,0.00022437990344833576,-803.4339768565251,-223288.87570743158,223290.32115352424,490551.5467255023,293.15430749403816
239.99999999999997,69.56617799999998,0.000225072506363274,-27569.44365119523,-205904.30116234047,207741.7999835089,424612.36133072677,293.15414088664437
245.0,69.56617799999998,0.00022713684781345528,-47810.55543279266,-182420.10671142876,188581.40031138062,349898.8903880046,293.1539788062776
250.0,69.56617799999998,0.00022985356190655327,-32426.40195177673,-109648.06452252805,114342.33510417155,194704.325282673,293.15381470892083
254.99999999999997,69.56617799999998,0.00023204497031983575,-12226.686878578606,-61593.77945357127,62795.58534962457,95509.3856116487,293.15364234152435
260.0,69.56617799999998,0.0002328634597980164,2613.93654310861,-37324.13967424393,37415.55915222794,52431.2806534014,293.1534566817187
265.0,69.56617799999998,0.00023104994032296388,13848.552675718372,-28052.87570275146,31284.92043151412,51286.37429403092,293.1532556770828
270.0,69.56617799999998,0.00022548796055719644,23848.575016649324,-30139.131496288985,38433.34200502669,92376.84537461103,293.15304263853136
274.99999999999994,69.56617799999998,0.00021589115481484815,35679.27882657874,-43742.63839238102,56448.46633090536,196840.84226255948,293.1528273573915
280.0,69.56617799999998,0.00020308620078673977,51212.17553658217,-70160.32931649493,86862.87315642237,395869.8763673838,293.1526227883252
285.0,69.56617799999998,0.0001885817366534733,69947.68736477113,-108532.89473429148,129120.36325492799,679486.043191784,293.1524385021187
290.0,69.56617799999998,0.00017411145930133916,89550.50465242987,-157404.51938108238,181095.21143612385,982190.0056032522,293.1522772778952
294.99999999999994,69.56617799999998,0.000161323060375436,106356.01715579495,-215637.03046358415,240439.0386197642,1227612.427492715,293.15213708815315
300.0,69.56617799999998,0.00015115692303909308,116087.07224835425,-274653.47179061716,298179.0366706452,1341046.548551045,293.15201450039433
305.0,69.56617799999998,0.0001435268044080905,125884.40530649801,-318517.0703004888,342490.88684544177,1326292.2160990085,293.1519063781785
310.0,69.56617799999998,0.00013669026350992644,141219.7618970131,-323042.8714483377,352561.6512666065,1222967.7250434647,293.1518099149861
314.99999999999994,69.56617799999998,0.0001294048282183892,150957.72377976403,-289468.5969890411,326466.38879304467,1048628.8534250702,293.15172213814975
320.0,69.56617799999998,0.00012159449113195004,157491.25852227528,-259426.59017856827,303489.1302874107,906214.7670259852,293.15163980345187
325.0,69.56617799999998,0.00011365570236616167,136769.8967874064,-204902.92727140256,246355.86916415748,689799.6992963338,293.1515598131091
330.0,69.56617799999998,0.00010579500942055964,95633.87064032392,-139869.84587504854,169438.51686898124,446064.754197232,293.15148010234844
335.0,69.56617799999998,9.855349229244615e-05,55905.38131494659,-89098.18065755663,105185.0628960984,259506.95486919483,293.15140069615376
339.99999999999994,69.56617799999998,9.246748088872333e-05,26482.661229021527,-56423.79340542785,62329.574104348925,149042.3315191377,293.1513244098013
345.0,69.56617799999998,8.822735037990529e-05,7643.855789205753,-37959.463135994185,38721.432991291476,100463.52272010634,293.1512561051057
350.0,69.56617799999998,8.726185213744476e-05,-3377.9016252091906,-29031.57828619634,29227.4315870748,106069.08007538281,293.1512001336905
355.0,69.56617799999998,9.249029451904068e-05,-9145.37315554304,-25200.142409669646,26808.30146842127,175488.80620506566,293.1511578728484
359.99999999999994,69.56617799999998,0.00010995879687163033,-11481.821666490518,-23115.341787948717,25809.906136109432,339538.46643317566,293.1511276577518
365.0,69.56617799999998,0.0001519718171213121,-11457.09681626965,-20530.602283430188,23511.076061672826,616801.6955245443,293.15110655141893
370.0,69.56617799999998,0.0002398950311610561,-9750.092099081243,-16659.27482804797,19302.739021625897,909410.7531694476,293.15109181008137
375.0,69.56617799999998,0.0003938440827163592,-7402.124711161995,-12714.97663319521,14712.650373821001,1029718.0381318075,293.15108133038285
379.99999999999994,69.56617799999998,0.0005977837725211829,-5447.533418527123,-10194.788326836555,11558.950184812316,967172.844655048,293.15107358430225
385.0,69.56617799999998,0.0007946391433043624,-3887.7484559812356,-8915.828398748226,9726.591596901242,818020.5754169873,293.15106751449554
390.0,69.56617799999998,0.0009394453725622514,-2481.73178047887,-8136.529197913143,8506.591562942935,661209.2631090829,293.15106256525473
395.0,69.56617799999998,0.0010251215374845698,-1293.4307122843759,-7546.8445271575365,7656.880913568404,546293.4821329142,293.1510587542367
399.99999999999994,69.56617799999998,0.0010619409896853017,-766.3682873886698,-7134.701623956029,7175.743000888189,486797.56603590795,293.1510565648763
0.0,74.5351907142857,0.0019870900074524765,-157968.58511851233,-2241498.173725443,2247057.662076975,49679050.51130684,293.16421778397967
5.0,74.5351907142857,0.001994988436708402,-239967.12504242762,-2251262.837432369,2264016.0300459825,50431727.82965919,293.16424497907775
10.0,74.5351907142857,0.0020110867199567193,-410287.4837379461,-2270242.889388091,2307019.418238434,52365752.975885384,293.16429774579586
14.999999999999998,74.5351907142857,0.0020360171850821967,-597155.0021517626,-2297132.047755801,2373480.51212173,55426338.93036712,293.1643755851039
20.0,74.5351907142857,0.0020708022201718955,-809243.8067556488,-2329397.6909851856,2465962.112754267,59829813.93769794,293.1644803506688
24.999999999999996,74.5351907142857,0.0021169415657577616,-1223151.508028325,-2362429.3144484917,2660295.4492607648,69631314.8072008,293.1646167823541
29.999999999999996,74.5351907142857,0.002193117370974728,-1635702.3958122653,-1561575.7885820023,2261424.6109812036,78353422.31098022,293.164790654084
35.0,74.5351907142857,0.002371655778556516,-1770915.603712393,-777063.31192166,1933900.066240934,119288476.88395044,293.16501036540427
40.0,74.5351907142857,0.00276721195359094,-1572048.1170175055,-435248.62159330654,1631188.7213983422,155802941.63896218,293.1652687363503
44.99999999999999,74.5351907142857,0.003307251474642385,-1818800.393894592,-475103.8466208429,1879829.3906376304,185582331.44686854,293.1655564644061
49.99999999999999,74.5351907142857,0.0037380346981763075,-2401856.85138536,-877078.5435356407,2556987.11496116,183032445.03473788,293.16586136427844
54.99999999999999,74.5351907142857,0.00399064879206745,-2659239.5499260374,-1708174.347010809,3160603.5157350306,150835866.5104695,293.16617701747856
59.99999999999999,74.5351907142857,0.004146144657644964,-2781675.4990280755,-2911075.8811475383,4026422.8997575515,159508425.25181293,293.16650565095136
65.0,74.5351907142857,0.004268816341970258,-2410880.4526898344,-3431210.628049145,4193512.9582724967,173021802.2351619,293.166830861919
70.0,74.5351907142857,0.004387232702913947,-2302332.020523443,-3976475.0369669963,4594897.871808386,207728736.1097823,293.1671340404196
75.0,74.5351907142857,0.004499049544022602,-2120233.2069354593,-4563317.249540818,5031824.04022126,249112628.43930182,293.1673833231252
80.0,74.5351907142857,0.004599256023607493,-1909441.7990632614,-5166327.63800307,5507895.173948423,298480652.25431406,293.1675364314707
84.99999999999999,74.5351907142857,0.004689993723928928,-1462909.1764856337,-4904447.919898468,5117979.352991011,320169153.76866716,293.1675494345113
89.99999999999999,74.5351907142857,0.004780997871931587,-808778.9011040119,-3630448.7600937127,3719446.3983954643,298468577.6464343,293.16741488700427
94.99999999999999,74.5351907142857,0.0048673419985202325,-271035.265938942,-2513905.6124621904,2528474.1532694167,286434003.61904263,293.16716680495756
99.99999999999999,74.5351907142857,0.004904418708753711,83640.9340954702,-1658524.1737786573,1660631.8799976534,290634757.3024221,293.16684423936476
104.99999999999999,74.5351907142857,0.004777748843538471,207980.37605084127,-1115601.9496230988,1134823.134600766,309717371.3288281,293.1664786789032
109.99999999999999,74.5351907142857,0.004396040754136314,234044.38283198624,-940176.118903632,968869.3966123101,353519051.5877338,293.16608873790665
114.99999999999999,74.5351907142857,0.0038818979799395354,260243.2819631718,-1032727.4278077078,1065012.913514802,429818250.06492835,293.16566858394344
119.99999999999999,74.5351907142857,0.0033937129474201893,258087.74453991576,-1131480.1219813437,1160541.4901332124,462707852.3054247,293.16518603316905
125.0,74.5351907142857,0.0029807252183128557,217044.5962677748,-1074588.1107379883,1096288.2670668697,409562261.20517254,293.16461487948004
130.0,74.5351907142857,0.002641961063985644,154966.4875838115,-857459.2505819551,871350.0896210613,295834401.0394541,293.1639458460861
135.0,74.5351907142857,0.002367025037951566,94622.74964068389,-572629.4169837469,580394.6191555444,174923673.1232454,293.16317674221773
140.0,74.5351907142857,0.0021425564565738025,51583.89486964118,-321818.8924492564,325926.8288238761,85408041.08924526,293.1623232117689
145.0,74.5351907142857,0.0019454956898806272,29351.862753033147,-153434.4674256902,156216.73291065232,34583615.52023403,293.16145286912774
150.0,74.5351907142857,0.0017197845621137104,21415.087337641624,-61876.69895661208,65477.72017599588,11428642.279267313,293.1606715011133
155.0,74.5351907142857,0.0013652892599875326,18777.9206263261,-22236.351092689303,29104.391643976134,3633844.9597558007,293.16004036990154
160.0,74.5351907142857,0.0009010332886389384,23667.96304423077,-10608.038556781428,25936.51782111922,2279260.249048741,293.15954369017214
165.0,74.5351907142857,0.0005502348349131418,41225.596271194445,-9692.463127393828,42349.659141384014,2167122.807159265,293.15913277666345
169.99999999999997,74.5351907142857,0.00039473579496297995,59812.06186199874,-15783.972106868969,61859.65179059758,1365949.1840106081,293.1587618928793
175.0,74.5351907142857,0.00033323294205476366,76264.90133198633,-31612.38683932451,82557.12069141406,781021.4075360592,293.15839543460015
179.99999999999997,74.5351907142857,0.0003059111005105776,97316.6294423379,-67926.58974203619,118678.33820879109,595968.5371864632,293.1580075271129
185.0,74.5351907142857,0.00029138032441226305,132117.91650777982,-146421.3952793811,197216.55320463708,704974.6342826757,293.1575866840808
189.99999999999997,74.5351907142857,0.0002815720503393344,181799.54672945358,-265652.74660703784,321904.4221052234,1019527.0155188418,293.157142792501
195.0,74.5351907142857,0.0002732003697393177,161869.61281672277,-271052.07803838834,315707.14366698184,980649.1826927353,293.1567025258405
199.99999999999997,74.5351907142857,0.0002653850890576621,149579.97481640216,-267015.65157337947,306058.04523199826,921621.1929857646,293.156291713962
205.0,74.5351907142857,0.0002582423722576775,134818.81634939453,-261081.7835823183,293836.3676612823,849485.4528841685,293.15592301017614
209.99999999999997,74.5351907142857,0.00025190320742272265,117829.99533570281,-253421.7311347374,279475.3685249183,768478.8647027126,293.1555974566521
215.0,74.5351907142857,0.0002464593727241072,99243.67314859541,-244618.1506904612,263983.6099216131,685644.1574243761,293.1553105773061
219.99999999999997,74.5351907142857,0.0002419788401078631,79408.28230028434,-235043.96741218088,248095.4290484611,605595.1360151477,293.1550565313105
225.0,74.5351907142857,0.00023851854449407877,58528.51303020628,-224702.21918417516,232199.6428589418,530478.69625393,293.15482999776043
229.99999999999997,74.5351907142857,0.00023612598880484248,36877.57868237778,-213159.62386649,216326.09887939657,460429.0211445264,293.15462644731934
235.0,74.5351907142857,0.000234830786625841,14994.65857581373,-199479.3451173326,200042.11785082935,393720.2391897234,293.1544414613709
239.99999999999997,74.5351907142857,0.0002346265229472611,-6083.052962751633,-182166.6199513084,182268.1567302201,326863.5219387831,293.1542699865214
245.0,74.5351907142857,0.00023543909192211615,-24313.639375132956,-159068.06114797597,160915.5093116889,254765.526367506,293.1541061225091
250.0,74.5351907142857,0.0002370578868847744,-30231.629711630692,-134774.2732676918,138123.33680394353,187706.35475490015,293.1539434187562
254.99999999999997,74.5351907142857,0.00023846225489327922,-11646.606336412526,-81791.0599033997,82616.10568936836,96049.01531635641,293.15377541305804
260.0,74.5351907142857,0.00023872366833374735,7622.854945081843,-53751.57675987989,54289.40892740516,56577.14171708224,293.1535964377049
265.0,74.5351907142857,0.00023697500625690854,24791.241072058634,-42721.97262169434,49394.05408125281,58645.24629580645,293.15340308825836
270.0,74.5351907142857,0.00023266695687326023,41458.40198443224,-45425.39051671119,61500.12356653026,100436.0787938016,293.15319672505086
274.99999999999994,74.5351907142857,0.00022578564031374926,60690.791900236276,-62403.01513202979,87048.88580014177,194312.45154649392,293.1529855015298
280.0,74.5351907142857,0.00021684893581606343,83809.2812752879,-95678.42467553426,127194.16879822835,366489.03474206175,293.15278206113317
285.0,74.5351907142857,0.00020648934906228493,108747.72817221972,-143712.03923120248,180219.91733049284,635191.9472521101,293.15259665503646
290.0,74.5351907142857,0.00019523296468797484,128737.25691894782,-196511.09462044146,234925.28946015853,952040.573549959,293.1524325742878
294.99999999999994,74.5351907142857,0.00018391811447729763,136620.33249505496,-241010.41001789126,277039.94836133544,1207375.282256126,293.1522878129276
300.0,74.5351907142857,0.0001733891757960106,134931.04568242832,-271470.75718744117,303154.6785007221,1351824.6415340798,293.15215893901615
305.0,74.5351907142857,0.00016374565544850447,130803.8700129454,-285379.5025626634,313928.51557843026,1383001.3472098818,293.1520431744967
310.0,74.5351907142857,0.00015473239061822373,128424.32766452162,-283825.1298666131,311527.70708218584,1346144.2816896478,293.1519384185675
314.99999999999994,74.5351907142857,0.00014564056488451327,124430.27990843897,-259406.99700209955,287706.2471545235,1212012.7812768961,293.15184244763486
320.0,74.5351907142857,0.00013621457136111414,108029.27240518977,-211879.34045572678,237830.14655074425,960875.9703593762,293.1517525065974
325.0,74.5351907142857,0.00012698836228704848,79787.3568323669,-153058.16949098973,172605.98355279572,655906.0577966305,293.15166560473284
330.0,74.5351907142857,0.00011836124378115122,49740.51518576077,-99719.97890894895,111436.94649686934,396660.6787649973,293.1515793441361
335.0,74.5351907142857,0.00011084008603555608,24769.72751618046,-60960.52848759559,65800.64919674258,222549.4445773751,293.1514930842948
339.99999999999994,74.5351907142857,0.000105420997730472,7335.246885009711,-38003.54976742083,38704.982131359735,135141.16689672435,293.1514090481662
345.0,74.5351907142857,0.00010411459799234888,-3374.219105030672,-27087.76209456454,27297.109917727215,126267.3022155473,293.15133216174
350.0,74.5351907142857,0.00011123246761908815,-9326.042645574653,-23247.857912541742,25048.711921949336,210370.94908006227,293.1512676577367
355.0,74.5351907142857,0.00013589559478086348,-12121.459559664774,-22335.971979242175,25413.095563391726,445091.7722517169,293.1512180183886
359.99999999999994,74.5351907142857,0.00019613966213074405,-12622.769785015054,-21228.001690908135,24697.41631901377,877872.4545392084,293.15118219934334
365.0,74.5351907142857,0.00032054086430767124,-11332.890639749658,-18437.081626150168,21641.635546830777,1354539.7081304095,293.1511572678256
370.0,74.5351907142857,0.000529264816710016,-9230.513221861505,-15063.604539885704,17666.764165319728,1569359.116871521,293.15114016141797
375.0,74.5351907142857,0.0007922663142523315,-7320.011678791985,-12740.408809291981,14693.555989124477,1476555.469214869,293.15112840886457
379.99999999999994,74.5351907142857,0.0010380832817801296,-5587.873856407438,-11362.556319318108,12662.228095591929,1200805.7595014854,293.1511201671144
385.0,74.5351907142857,0.0012176239545033905,-3823.3436533947183,-10258.098225509013,10947.444263212525,892951.4659025146,293.15111415069237
390.0,74.5351907142857,0.0013276181361429615,-2222.056571471612,-9220.662165643316,9484.62683397435,663299.8424422136,293.1511096336339
395.0,74.5351907142857,0.001384149036363096,-997.1073971852791,-8272.391381553216,8332.267538378585,522625.6047203834,293.1511064328631
399.99999999999994,74.5351907142857,0.0014039070367299344,-489.72252758244923,-7485.316152172818,7501.318954157397,446727.8406293147,293.15110473772086
0.0,79.50420342857143,0.0020945699205609106,-164695.73094099815,-2081165.8648308362,2087672.3978458096,42881458.780305184,293.1645798706652
5.0,79.50420342857143,0.0021028047071079605,-249639.33729432558,-2085355.3079520043,2100244.4046177934,43399479.94540885,293.1646079436275
10.0,79.50420342857143,0.002119533854290343,-424908.6053455514,-2092702.5690224546,2135404.2627310366,44864730.50596285,293.1646627447334
14.999999999999998,79.50420342857143,0.0021452955676425156,-614094.2786661119,-2100949.7499262425,2188858.5232503247,47138986.022620924,293.16474470914005
20.0,79.50420342857143,0.0021809432821569543,-823995.3831547329,-2106205.344098546,2261651.9057913376,50326459.4746515,293.16485758843055
24.999999999999996,79.50420342857143,0.002227695105957989,-1241225.8670519567,-2102300.1876311367,2441374.148292882,58642643.025134385,293.1650091702703
29.999999999999996,79.50420342857143,0.00230506586886215,-1582611.0636718227,-1298696.083406025,2047258.971383593,66028021.15876404,293.1652088383474
35.0,79.50420342857143,0.0024810982859934452,-1679184.6426222476,-564238.201655993,1771447.377775133,103823222.32275788,293.165466971754
40.0,79.50420342857143,0.0028697318098317064,-1476269.6296191686,-247314.19034282205,1496842.1186220152,138340117.3282264,293.1657731432267
44.99999999999999,79.50420342857143,0.0034075376129400455,-1703935.7951261909,-265261.4631831068,1724459.5784657774,167799496.67396468,293.1661096821138
49.99999999999999,79.50420342857143,0.0038469532564381183,-2300486.067950758,-626660.0002239853,2384310.9916108395,171912841.92392635,293.1664575300443
54.99999999999999,79.50420342857143,0.004114599247351339,-2672111.665382356,-1450103.6824833339,3040227.2024018522,150865215.0281281,293.1668098135718
59.99999999999999,79.50420342857143,0.004290242083626061,-3139605.5079324557,-2810215.043196637,4213600.756413508,181835856.2426443,293.16717497602167
65.0,79.50420342857143,0.004441415005558699,-2978411.558700956,-3488127.600633977,4586716.643886779,206989671.51141483,293.16754242610534
70.0,79.50420342857143,0.004588083239496156,-2901198.0179884536,-4074028.542163085,5001465.635385253,246115763.6309281,293.1678987854274
75.0,79.50420342857143,0.0047315348073575444,-2774066.3665897124,-4773077.766777361,5520662.60279947,299866026.2192654,293.1682168608616
80.0,79.50420342857143,0.004865489876155127,-2776867.840804309,-5681972.316638723,6324223.621310524,393513185.24750346,293.16845128374666
84.99999999999999,79.50420342857143,0.005009221591437975,-2534450.7652807697,-5407099.811034497,5971613.6050586505,469998081.2222556,293.16853821964963
89.99999999999999,79.50420342857143,0.005204999190512962,-1998567.8532969905,-4234601.326012465,4682533.700305708,506816085.51372206,293.16843996866857
94.99999999999999,79.50420342857143,0.00547875079740453,-1330582.304368521,-2993757.6061382466,3276130.9303825526,504485657.644477,293.16816533670544
99.99999999999999,79.50420342857143,0.005840656747753391,-693743.2960400034,-1937517.371219342,2057973.1107517313,441246459.31771225,293.1677564862652
104.99999999999999,79.50420342857143,0.0062133590250190085,-250923.2942699092,-1287488.8461317434,1311712.6318370618,369329316.8731416,293.1672754458109
109.99999999999999,79.50420342857143,0.0063880916829313445,-10249.374164295845,-1046754.7653120534,1046804.942849551,371634337.2248744,293.1667734286468
114.99999999999999,79.50420342857143,0.0062486884687723435,113572.01798428448,-988980.8332493324,995480.6335652977,422291689.66857374,293.166259067927
119.99999999999999,79.50420342857143,0.00589619556651899,154320.80882681234,-913166.8988192849,926114.8401446721,437431005.2490325,293.1657100696986
125.0,79.50420342857143,0.005448744600070815,143069.85022869418,-760408.9650900156,773751.1074200342,384344296.0959216,293.16510800345543
130.0,79.50420342857143,0.004962680905825316,110610.04284149129,-561784.8392096089,572570.3337959124,286731122.8403744,293.16444037689024
135.0,79.50420342857143,0.004465488027048222,75110.35026886784,-367963.5125793357,375551.20996641053,182815168.90288234,293.16368886812336
140.0,79.50420342857143,0.00397315121095625,47492.12641553769,-214458.44054416587,219654.102607042,99871581.52971572,293.16284156129166
145.0,79.50420342857143,0.0034663164963928276,32588.79815982367,-112171.95091929405,116810.00102106942,46730725.87436064,293.16193741273105
150.0,79.50420342857143,0.002838751875785166,27598.75173959977,-53783.47052498307,60451.24315757108,19309221.6641766,293.16108334607054
155.0,79.50420342857143,0.001984143548136993,28783.762558701954,-26851.644112932372,39363.88927180987,9040916.862345537,293.16037267442584
160.0,79.50420342857143,0.00113180822946744,42633.10013738794,-19409.036323834764,46843.26972302943,6859529.700600564,293.15981271757926
165.0,79.50420342857143,0.0006295718455621306,70793.32805490632,-21788.26387127018,74070.39718817285,5350712.022298914,293.1593569638535
169.99999999999997,79.50420342857143,0.00043007877281184346,96019.12239819157,-31476.290644359942,101046.66614414904,2885199.304614524,293.158955004933
175.0,79.50420342857143,0.00035380330559788264,117673.93957069526,-52215.40049645424,128738.51056732307,1509731.7081714673,293.1585672317334
179.99999999999997,79.50420342857143,0.0003211310250946906,141269.73997999437,-95815.38901777251,170697.76860475447,991195.9540485347,293.1581653807198
185.0,79.50420342857143,0.0003049596538827255,175161.85708825683,-185967.56814566936,255471.35373779404,966181.4267234708,293.15773675953824
189.99999999999997,79.50420342857143,0.00029477566500660333,185654.34303113067,-268196.7411312289,326185.57147693116,1046825.6264987093,293.1572900771811
195.0,79.50420342857143,0.00028639421957961245,164546.60944206596,-262459.36482006486,309774.92613288073,944142.12891823,293.1568500355793
199.99999999999997,79.50420342857143,0.00027832100406239673,155754.71736298176,-254657.48659146854,298512.92678526725,876740.6393466949,293.1564401215572
205.0,79.50420342857143,0.0002708187478433143,142673.72090979712,-245770.34420591727,284181.0210576029,794575.1771065929,293.1560712227182
209.99999999999997,79.50420342857143,0.000264053631971417,126799.67627244044,-236073.97106154967,267972.1584709223,706519.5791590997,293.1557433884894
215.0,79.50420342857143,0.00025813878021607023,108992.42457686394,-225797.88449537745,250727.00943003964,618510.5244969428,293.1554517605078
219.99999999999997,79.50420342857143,0.00025315438951373063,89820.27076430822,-215098.43653267922,233098.73109688237,534594.7278861472,293.1551907402644
225.0,79.50420342857143,0.0002491567531396394,69783.68924843299,-203984.97660815727,215591.3587483328,457306.6870441385,293.1549559076754
229.99999999999997,79.50420342857143,0.00024617602058888733,49525.41648795386,-192227.389849142,198504.75129457057,387691.8444288134,293.15474406747387
235.0,79.50420342857143,0.000244204211490844,29997.492124832348,-179257.37659884343,181749.9837658286,325007.67297168483,293.1545520684545
239.99999999999997,79.50420342857143,0.0002431762713764041,12591.393117673455,-164143.2796906245,164625.5127501153,266648.49326945597,293.154375650841
245.0,79.50420342857143,0.00024294507217907668,-711.9207866472067,-145752.93108771517,145754.66974291665,209020.94562611292,293.15420922655505
250.0,79.50420342857143,0.00024324746345506882,-7257.441111902853,-123361.38935955825,123574.68525637954,150246.33214257908,293.1540464231232
254.99999999999997,79.50420342857143,0.00024367081629026696,-381.44336707328847,-103366.66108973669,103367.36488797017,105126.3879904058,293.153880810226
260.0,79.50420342857143,0.00024328560779177615,20137.642004566333,-80750.37305120767,83223.47849863811,76079.31123551329,293.1537066564863
265.0,79.50420342857143,0.00024142259732394818,44122.92471586847,-68559.25602166558,81530.38741307736,83207.17526199612,293.15352012393845
270.0,79.50420342857143,0.00023767201111731502,71146.92304633901,-73430.29411033576,102244.27980132724,135428.99361910942,293.1533214152919
274.99999999999994,79.50420342857143,0.00023205464049406277,102518.30078789036,-95475.33772827112,140091.19212414388,239077.75388524143,293.15311698676476
280.0,79.50420342857143,0.00022497872552360175,137127.40553111938,-135201.99435361297,192570.77822164624,401346.43699047825,293.15291825784976
285.0,79.50420342857143,0.00021697058757651357,166269.12560313314,-185924.1242996979,249425.74471260974,612107.0870442102,293.1527353964342
290.0,79.50420342857143,0.00020835181296328844,173519.5721148261,-229034.02777650993,287342.35292842484,812351.7868833535,293.1525721320807
294.99999999999994,79.50420342857143,0.00019961863036503096,168609.9951576505,-273356.219258132,321174.33439514256,1014907.6316458352,293.1524266221266
300.0,79.50420342857143,0.0001914908134475234,155660.4880045147,-314100.9413520808,350556.1137450992,1214830.8219657242,293.15229527041896
305.0,79.50420342857143,0.0001839787205059791,126184.50262650604,-302339.5867579143,327615.253649834,1258280.5517249976,293.1521751921846
310.0,79.50420342857143,0.00017645557142589063,107526.73927719271,-270193.0660110009,290802.84142355016,1254164.5057147196,293.1520645628052
314.99999999999994,79.50420342857143,0.00016777074253879247,91969.47120869307,-222815.2481951636,241049.8256848135,1150279.1234767966,293.15196176816033
320.0,79.50420342857143,0.00015795059947910375,70820.27103107207,-166388.86724332543,180833.5309930973,912184.5639319088,293.1518647512823
325.0,79.50420342857143,0.00014769195309274154,46870.47340828096,-112405.61349691896,121786.13723710553,622131.7338806734,293.1517710540146
330.0,79.50420342857143,0.0001379684993866149,25247.345647045244,-69401.88450796643,73851.5405084991,371711.772129263,293.1516784935652
335.0,79.50420342857143,0.00013020323123847893,8895.594330605405,-41044.486030875596,41997.39791979309,212102.55270886494,293.1515862778921
339.99999999999994,79.50420342857143,0.00012709595358717415,-1886.340543074582,-25987.889455825392,26056.259881507314,155410.59300173502,293.1514961623268
345.0,79.50420342857143,0.0001345918889482012,-8289.929348570317,-20116.446961824877,21757.627788253958,218548.10921979122,293.1514125899281
350.0,79.50420342857143,0.00016599419293004118,-11637.55520082547,-18929.267293128,22220.482697433585,473312.3660264051,293.1513408190565
355.0,79.50420342857143,0.0002479774555670015,-12685.3550250937,-18708.34528725027,22603.548736860976,1000838.6830714716,293.1512840361652
359.99999999999994,79.50420342857143,0.0004185565370353364,-11970.136070913779,-17391.312735089366,21112.600886813372,1621534.4860992215,293.1512420428601
365.0,79.50420342857143,0.0006905627180183107,-10601.399649543477,-15741.10347594884,18978.198364699143,1960110.2738273735,293.1512123457551
370.0,79.50420342857143,0.0010049496969179639,-9464.621433234563,-15084.45889274471,17807.862279379522,1923187.1980384255,293.151191865521
375.0,79.50420342857143,0.0012739492217570135,-8217.610354064955,-15046.047151657265,17143.880973138177,1592021.5488895855,293.1511778555482
379.99999999999994,79.50420342857143,0.0014573588140765195,-6399.484370270166,-14657.169521333968,15993.311682777072,1151074.3050704221,293.15116817741574
385.0,79.50420342857143,0.0015666518940737934,-4286.429918247126,-13647.22554898285,14304.553353001074,792895.1734054512,293.15116134079443
390.0,79.50420342857143,0.0016261765397946742,-2359.761974803613,-12189.918046005725,12416.222394354294,562228.1867866748,293.15115647762457
395.0,79.50420342857143,0.0016541214647532976,-928.4405632707368,-10490.728265945096,10531.732119144785,423334.403759015,293.151153256532
399.99999999999994,79.50420342857143,0.0016621923517376547,-360.4833098159981,-8732.513017470112,8739.950332635812,336533.94899821084,293.15115166608405
0.0,84.47321614285714,0.0021939168003101135,-166295.5435724565,-1916695.8796933433,1923896.3857353383,36417339.111569025,293.1648748855605
5.0,84.47321614285714,0.0022022315774887363,-251432.33100424855,-1916328.980118222,1932753.211642701,36753411.74021847,293.16490399257896
10.0,84.47321614285714,0.0022190600334105384,-425785.2798263823,-1914273.4486881453,1961054.8031274485,37837663.77368484,293.16496148839326
14.999999999999998,84.47321614285714,0.0022448101054713746,-610574.0943580102,-1907722.0732693486,2003048.7346892504,39475522.27044889,293.1650491240952
20.0,84.47321614285714,0.0022801174428463394,-810585.875180743,-1892060.5529831199,2058383.4912856545,41686691.93260307,293.1651728790673
24.999999999999996,84.47321614285714,0.002325868692989449,-1196547.283710296,-1860418.2636366612,2211985.876498161,48140384.20801772,293.1653437572208
29.999999999999996,84.47321614285714,0.002399772171217369,-1485909.463467722,-1112684.0252883348,1856338.512705801,53472608.12842249,293.165574691133
35.0,84.47321614285714,0.0025602184532097037,-1553256.2244774043,-402781.5711078558,1604630.1420894202,85085716.24754645,293.1658763647968
40.0,84.47321614285714,0.002921453168223989,-1339377.221300482,-89829.38849019427,1342386.181385641,118899369.07621616,293.1662318772518
44.99999999999999,84.47321614285714,0.0034584383278630964,-1450476.5136615108,-73919.20962453283,1452358.828332436,144224773.21018913,293.1666092230067
49.99999999999999,84.47321614285714,0.003929446954876344,-1973039.400166095,-350315.82018457615,2003897.6142705935,154445202.64408612,293.1669846094817
54.99999999999999,84.47321614285714,0.004229722238007163,-2386756.1565485424,-1062965.9667255084,2612757.4700379414,142789543.02005583,293.16735592268014
59.99999999999999,84.47321614285714,0.004436859740577166,-2888722.647388373,-2253477.342816807,3663724.6987353167,176353913.82505164,293.167742591197
65.0,84.47321614285714,0.004615467349902281,-3552509.5482420637,-3655901.7248469098,5097640.7790358905,255672082.76781687,293.1681508047316
70.0,84.47321614285714,0.004792110695401372,-3579318.763081447,-4397815.903229341,5670300.479378832,316342104.7204612,293.1685684701704
75.0,84.47321614285714,0.004973399226210425,-3718211.8187806606,-5406846.799967608,6561942.658057913,423652442.5095871,293.1689733433761
80.0,84.47321614285714,0.005163931877279438,-3783843.1621859856,-6142223.912128157,7214179.3478358,590607075.1379362,293.1693095511256
84.99999999999999,84.47321614285714,0.00540982767214807,-3568210.1490076687,-5801109.7645273125,6810653.284933499,774753415.7404201,293.1694891519927
89.99999999999999,84.47321614285714,0.005769679233449105,-3043574.9526264113,-4780119.781762002,5666823.944701942,912341772.7372643,293.16943339806807
94.99999999999999,84.47321614285714,0.006288682753569273,-2205571.0025461875,-3450321.4722678815,4095028.9021282126,877979193.8883369,293.1691140191532
99.99999999999999,84.47321614285714,0.006943350499453481,-1399061.4915838572,-2379669.2047115536,2760470.7173026428,686231788.5737333,293.16858276170115
104.99999999999999,84.47321614285714,0.007569232614692929,-820233.2865472042,-1838878.3222127133,2013518.3456486983,505028260.790903,293.16794424676823
109.99999999999999,84.47321614285714,0.00798182786847318,-379808.69874397974,-1651902.6773816675,1695003.5702565103,423876366.7416578,293.16728852109054
114.99999999999999,84.47321614285714,0.008138764473536014,-64388.03852663536,-1552285.0724079572,1553619.890940472,428139931.04380417,293.1666543075978
119.99999999999999,84.47321614285714,0.008097907636518723,93940.15400522048,-1339363.3858545974,1342653.7274749645,428983551.75159544,293.1660354864156
125.0,84.47321614285714,0.007911558883656931,132658.67523999867,-997105.6727720358,1005891.6675222067,369939056.73721683,293.16541309653707
130.0,84.47321614285714,0.007604939820282703,111869.20273178864,-637661.9909225451,647400.5971476624,267950400.37778738,293.1647646966568
135.0,84.47321614285714,0.007184660154998144,77926.77261990105,-358873.1148783152,367236.292424126,166600529.78404525,293.1640594981135
140.0,84.47321614285714,0.006626515977761551,53978.93831822949,-186859.90137939615,194500.25327870625,93689156.74759875,293.1632661525159
145.0,84.47321614285714,0.005825944831449158,43583.82227058153,-97388.80677617545,106696.43503417008,52329349.510298796,293.16238878395643
150.0,84.47321614285714,0.004590289968259883,41926.76123145236,-54692.5472425509,68913.91754383057,32076154.156716812,293.1615069742925
155.0,84.47321614285714,0.002947785205757624,47744.67118895875,-35928.43379033041,59752.87425361181,22634989.783017144,293.16073065275316
160.0,84.47321614285714,0.0015138903028802417,71723.25241465287,-33008.63372952641,78954.38453706063,18666991.262247283,293.1601026210011
165.0,84.47321614285714,0.0007648696200199947,112140.8670578262,-39466.99157022138,118883.20944559401,12763506.41912693,293.15959156646784
169.99999999999997,84.47321614285714,0.0004845759800535721,144515.4173324046,-53147.56703469581,153978.47163959823,6191862.443245543,293.1591473094779
175.0,84.47321614285714,0.0003812766679196833,169392.30629213646,-77882.65167021651,186438.89310482738,2942454.19183097,293.1587275794818
179.99999999999997,84.47321614285714,0.0003388337175951718,191581.22255493444,-123835.45769888481,228119.67345920784,1659314.9392555775,293.1583024469864
185.0,84.47321614285714,0.0003191881306637453,214586.68493707004,-209817.9362869864,300118.3295635427,1264052.2088747618,293.15785926118895
189.99999999999997,84.47321614285714,0.0003082255106715558,199044.82508942529,-269736.9244397348,335226.5663712933,1105660.285036627,293.1574065113113
195.0,84.47321614285714,0.0002992836481548028,175324.95840672674,-255905.64348923342,310204.0286810587,946759.6060368901,293.1569662918
199.99999999999997,84.47321614285714,0.0002906930148308831,166165.56594053732,-243371.17569364986,294687.16372256266,854411.9037494361,293.1565582160782
205.0,84.47321614285714,0.00028266709156074906,153287.16133825312,-231258.1363237624,277447.7958951548,757368.800852521,293.1561905159867
209.99999999999997,84.47321614285714,0.0002753642986970578,137678.67658314915,-219298.7611779046,258935.05873066132,659669.743102778,293.1558621446298
215.0,84.47321614285714,0.00026889922390243415,120089.21270117469,-207395.74842926257,239654.78395751238,565089.2664361186,293.1555679078926
219.99999999999997,84.47321614285714,0.00026335537742694034,101086.00562571237,-195561.8018737908,220142.67847349672,476818.77225981245,293.155302287581
225.0,84.47321614285714,0.0002587906233398629,81257.81738210998,-183903.90170966164,201055.90752261228,397721.00600322505,293.1550614445777
229.99999999999997,84.47321614285714,0.00025522959568872935,61451.9304503882,-172492.60096809483,183112.08901876945,329897.3957941632,293.154843221112
235.0,84.47321614285714,0.0002526454302948241,42904.71866522854,-161152.99835609813,166766.6146532422,273629.6015992028,293.15464553992985
239.99999999999997,84.47321614285714,0.0002509391238222065,27213.75018322619,-149355.70810152387,151814.74151591025,226763.28598443588,293.1544648143336
245.0,84.47321614285714,0.0002499240552765015,16215.506938401828,-136389.5533866008,137350.11080543688,185610.64543332288,293.15429569233527
250.0,84.47321614285714,0.0002493175731283663,11891.95319458976,-121923.05361232707,122501.63081745767,147648.34842643808,293.15413186168496
254.99999999999997,84.47321614285714,0.0002487348599570425,16345.933813721194,-106575.06547110884,107821.30648630488,114381.0377750389,293.1539670072515
260.0,84.47321614285714,0.0002476829797469942,30913.704603673403,-95876.67096740889,100737.24816628636,99844.70056621572,293.1537956120061
265.0,84.47321614285714,0.00024564348949667516,54073.340386544274,-93056.47213284422,107626.35897571698,113967.79588518382,293.1536139531775
270.0,84.47321614285714,0.00024227564570833976,81098.48603094682,-99970.65789470867,128728.77252740567,163040.72916382723,293.1534218224295
274.99999999999994,84.47321614285714,0.00023753364089358048,106466.22918458196,-115951.20133395855,157415.81574788512,243804.42362606927,293.1532244494383
280.0,84.47321614285714,0.00023162902278988157,125671.05080542824,-138180.46296310265,186780.7628082665,343248.8905131982,293.1530317610516
285.0,84.47321614285714,0.00022496653581303766,136345.98181395826,-163993.28965623523,213269.84270891678,447511.03614482994,293.15285321158456
290.0,84.47321614285714,0.00021799442460848574,138822.10755285405,-193438.6063117618,238096.77015292115,557765.7735751111,293.15269271994
294.99999999999994,84.47321614285714,0.00021108432505775225,132416.9985249599,-224994.77915923754,261068.78815222875,670586.4274961649,293.1525487670636
300.0,84.47321614285714,0.00020475272475598975,115373.09839597251,-255387.29631366936,280238.51082942315,772681.4492394433,293.1524177664857
305.0,84.47321614285714,0.000199547015218155,95453.52103312807,-288524.29758353264,303904.0061823679,908694.0890315181,293.1522966274973
310.0,84.47321614285714,0.00019520737265267695,83328.94993459794,-297644.0732207999,309088.5119519514,1054934.6027533389,293.1521833351202
314.99999999999994,84.47321614285714,0.00019019487807683526,67372.78086475345,-223246.93979571256,233191.5258528933,961758.058477724,293.1520763393269
320.0,84.47321614285714,0.00018309637481950258,49242.377591749166,-147138.33488614217,155159.59958686063,749528.9553461759,293.15197397305064
325.0,84.47321614285714,0.00017461280359699205,28127.564448485078,-87077.7741454853,91507.91567911395,496732.5131178699,293.15187435299583
330.0,84.47321614285714,0.00016613767564852894,11369.643054714785,-47963.69666720251,49292.849189056185,292634.1435157639,293.1517759209112
335.0,84.47321614285714,0.00016069537085827923,241.20761511066257,-26459.601216291023,26460.700626376783,179748.23865608822,293.1516783882432
339.99999999999994,84.47321614285714,0.00016550830262081374,-6487.639120057799,-16887.360672800056,18090.671956711238,184758.5791615834,293.1515835977839
345.0,84.47321614285714,0.00019792057155821973,-10220.9047367385,-14159.398455156233,17462.973923400452,378718.70512016007,293.1514954567534
350.0,84.47321614285714,0.000294518735509935,-11789.431628541946,-14174.491738663522,18436.5645979262,874112.6865126789,293.1514184701791
355.0,84.47321614285714,0.0005060657949764125,-11829.095252780191,-14434.750092548664,18662.516034385088,1566251.1331198756,293.15135566894463
359.99999999999994,84.47321614285714,0.0008351830262687835,-11607.560497474855,-14938.9773720918,18918.46995997323,2062214.5466616817,293.1513075154746
365.0,84.47321614285714,0.0011858294332515965,-11934.997448511953,-16766.045618684573,20580.19557204933,2158161.3369062273,293.1512723682429
370.0,84.47321614285714,0.0014532882170001714,-11974.105417119072,-19386.68038005723,22786.45599251398,1833000.4752900377,293.15124755095997
375.0,84.47321614285714,0.0016154719323158743,-10672.806385323393,-21103.32976611842,23648.66430384895,1294246.7094478037,293.1512302887492
379.99999999999994,84.47321614285714,0.001704325146825761,-8274.218696467226,-21119.40524381867,22682.4154994481,833897.5580529016,293.151218245912
385.0,84.47321614285714,0.00175177833040355,-5546.463204163062,-19699.687046172272,20465.60343093412,537456.2848510036,293.1512097348881
390.0,84.47321614285714,0.0017766629508158289,-3081.949172626293,-17356.988316786712,17628.484169993808,365108.3410167628,293.151203746496
395.0,84.47321614285714,0.0017885804162501863,-1245.0663978496686,-14492.970839136633,14546.353291430782,264967.58829421486,293.15119984318915
399.99999999999994,84.47321614285714,0.001792509406856178,-499.7638309095858,-11355.038504332468,11366.031115633916,199852.09170536083,293.15119792918637
0.0,89.44222885714287,0.002285051644473216,-163966.47947954093,-1752588.2605342336,1760241.6360702657,30485226.88023093,293.16511028403664
5.0,89.44222885714287,0.002293249968447193,-247231.91920146378,-1748970.4185500606,1766358.1592743907,30697456.33499061,293.1651408698087
10.0,89.44222885714287,0.0023097748363933622,-416355.03943300655,-1740284.6194201757,1789397.1262555683,31503465.015949998,293.1652018029142
14.999999999999998,89.44222885714287,0.0023348854723904936,-592019.0464302374,-1723491.9719218884,1822336.7220728903,32673985.067845065,293.16529605136475
20.0,89.44222885714287,0.002368976741036386,-776984.7368549379,-1693699.0644621837,1863416.7011877976,34163693.73464195,293.1654316482854
24.999999999999996,89.44222885714287,0.0024125839460759873,-1104881.804684394,-1643814.7153050832,1980628.8447299195,38596777.9911466,293.165622373023
29.999999999999996,89.44222885714287,0.0024794649215048254,-1365564.023509741,-999773.546087755,1692427.9144947347,41884520.30493022,293.16588364925417
35.0,89.44222885714287,0.002615539247482495,-1404837.6951818466,-303366.00394853303,1437219.4968603593,65119048.74238733,293.16622336821234
40.0,89.44222885714287,0.0029296002990132023,-1202252.7559206581,14955.281877872345,1202345.7695583515,99738046.0741728,293.16661573440894
44.99999999999999,89.44222885714287,0.003458588650403941,-1148698.2964385787,53492.01914859831,1149943.1170077443,119317511.23517467,293.16701448160995
49.99999999999999,89.44222885714287,0.0039830470649511104,-1515560.6006534155,-124477.80829239136,1520663.887586675,132194229.78782763,293.1673977034978
54.99999999999999,89.44222885714287,0.004339180147538557,-1879308.7717931787,-689370.5516009722,2001757.5320586194,127180301.21075952,293.1677731084358
59.99999999999999,89.44222885714287,0.004589294891679651,-2291212.346583209,-1663459.998583931,2831387.148382253,160270293.51362363,293.16817058794913
65.0,89.44222885714287,0.004804739448617566,-2881534.112888959,-2921758.9226524783,4103646.432849951,250606562.03718555,293.1686109891287
70.0,89.44222885714287,0.005025139302260846,-3471855.827766915,-4232935.283550033,5474625.466963187,394212925.5228057,293.1690941362753
75.0,89.44222885714287,0.005268868617222226,-3886303.5298254536,-5351454.846877432,6613729.969094728,602868277.5518963,293.16959033640603
80.0,89.44222885714287,0.005569543390850238,-4162514.084127703,-6040549.557596419,7335854.582687677,914650399.1804472,293.17002373234027
84.99999999999999,89.44222885714287,0.005987927679279913,-4120499.2966586314,-5901019.010269207,7197259.1875882065,1245786649.3125691,293.1702667623972
89.99999999999999,89.44222885714287,0.006576740286343188,-3575240.306758256,-4965362.3565739915,6118591.879113273,1355289968.5722125,293.1701948317931
94.99999999999999,89.44222885714287,0.0073034239979433355,-2836661.9861561833,-3939508.788130477,4854521.6773087755,1167652137.6934087,293.16978247904945
99.99999999999999,89.44222885714287,0.008005250419446988,-2201945.9393116157,-3271786.039460888,3943748.192730119,850392121.6446217,293.1691216440723
104.99999999999999,89.44222885714287,0.008527089376144482,-1553600.0835220434,-2783687.121268728,3187881.304038323,543548386.871627,293.168346320277
109.99999999999999,89.44222885714287,0.008849806141979128,-906882.0672461984,-2371670.6615339583,2539144.8975341404,351651157.0704255,293.1675706847416
114.99999999999999,89.44222885714287,0.00902982891524059,-414581.29318189266,-2041990.0476770105,2083650.8832979507,273790097.0086641,293.16685193580906
119.99999999999999,89.44222885714287,0.009115531301153234,-117271.01913592397,-1690990.8528348638,1695052.3756805742,244090742.53333232,293.16619428492845
125.0,89.44222885714287,0.009131087280337964,25804.3165515898,-1265738.0328121993,1266001.038885826,214848840.7037599,293.1655754245726
130.0,89.44222885714287,0.009080374253412933,74848.32159565997,-828323.5738348658,831698.3913752941,170604561.39672747,293.1649622299303
135.0,89.44222885714287,0.008943459937134624,81693.20931567269,-471232.34226060583,478261.1220251036,119250176.0791449,293.1643156296647
140.0,89.44222885714287,0.008647491805200427,77114.9648639987,-239146.03869109627,251271.85601976808,76959223.36667433,293.1635959615849
145.0,89.44222885714287,0.007988100510165302,71425.08738527918,-117597.53942186203,137588.96898396747,54175731.12221331,293.16278493607945
150.0,89.44222885714287,0.0065699801157412495,66544.28030489828,-65123.97758790041,93108.93457754861,47468227.49645093,293.1619252871547
155.0,89.44222885714287,0.004284823658458373,70934.68183611288,-47457.22021397001,85345.86596682822,44855102.415581524,293.16111507990377
160.0,89.44222885714287,0.002130208336387107,103331.36294601494,-50199.030315500466,114879.55959568093,41408081.34053084,293.16042518920153
165.0,89.44222885714287,0.0009895848866242466,158315.06682886134,-62076.5312192922,170050.45167022225,28033924.480894297,293.1598510169167
169.99999999999997,89.44222885714287,0.0005702761631792276,197853.02020270866,-79718.56077735969,213309.321258465,12878863.42509071,293.15935213179444
175.0,89.44222885714287,0.00042039693106475293,222905.83950700692,-106833.93972217789,247185.1612918653,5643595.111065835,293.1588885781017
179.99999999999997,89.44222885714287,0.00036101547489309047,240641.43744973573,-150018.84911262585,283573.54690970713,2817475.1760145035,293.1584309271373
185.0,89.44222885714287,0.00033470217871654236,249495.54620037435,-217464.33381206196,330966.4092534876,1703385.1530699136,293.15796751565597
189.99999999999997,89.44222885714287,0.00032158218914767067,228759.91213820552,-269506.06767888076,353503.34923054546,1229509.5838768806,293.1575060654508
195.0,89.44222885714287,0.0003118261875027218,190748.95759025766,-248071.13308277354,312928.8287945696,963465.1319889528,293.1570644047966
199.99999999999997,89.44222885714287,0.0003025072933886449,180249.47265911658,-231668.6437529247,293530.6336521099,847718.6091203453,293.15665715734235
205.0,89.44222885714287,0.00029380124023681016,166596.94766825592,-216594.16297045446,273253.6814120743,734643.9325482965,293.15628985052484
209.99999999999997,89.44222885714287,0.0002858475986218193,150514.17804063784,-202467.88533933225,252285.0815744558,626221.526932972,293.15596076507603
215.0,89.44222885714287,0.0002787498224327464,132582.27509298877,-188925.39958679382,230804.82290858368,524124.68202356756,293.15566466264676
219.99999999999997,89.44222885714287,0.00027258937111252044,113166.52777065785,-175851.29614181828,209118.00822125422,430256.7775378485,293.1553960232113
225.0,89.44222885714287,0.0002674331696556806,92709.91977019595,-163579.27449580104,188024.75440316042,347836.3080860978,293.1551511823247
229.99999999999997,89.44222885714287,0.00026331837913550084,72135.32209302238,-152686.99989583233,168869.2530647719,280573.09156383097,293.1549285152263
235.0,89.44222885714287,0.00026021963744637835,52990.99508944384,-143500.65233591173,152972.16342002118,230234.11207594507,293.15472665097985
239.99999999999997,89.44222885714287,0.00025801927962655646,37201.367698262846,-135722.5578922763,140728.65550215295,194854.27109471234,293.154542518227
245.0,89.44222885714287,0.00025649950067655207,26550.72100203799,-128507.98172239437,131222.10999710113,169417.74084500154,293.1543709659203
250.0,89.44222885714287,0.00025536420752635266,22372.2727924966,-121355.31411591364,123400.28709072745,149822.55287033788,293.1542057216503
254.99999999999997,89.44222885714287,0.0002542622733973024,25503.517937676545,-114681.02162024165,117482.62061709265,135797.60286478244,293.154040552996
260.0,89.44222885714287,0.000252813855732585,35917.002098606885,-110163.03820475019,115870.29829189439,132095.82837788065,293.1538701853187
265.0,89.44222885714287,0.0002506705731874417,52067.352125836886,-110313.33633791204,121983.7748694358,146402.667653953,293.15369124674226
270.0,89.44222885714287,0.0002476071205200013,70926.72820076095,-116892.27080842436,136727.47985688405,183931.6516637936,293.153503654427
274.99999999999994,89.44222885714287,0.00024357790036736563,88959.85449808699,-129962.58717079068,157493.26898774493,244044.40063242687,293.15331204351463
280.0,89.44222885714287,0.00023871113507019262,103096.17963664602,-148250.7124670553,180574.350345394,320816.7056072207,293.1531250653245
285.0,89.44222885714287,0.00023326828240370103,111353.44222967114,-169551.26074111956,202847.77325694216,404841.79518444766,293.15295111924706
290.0,89.44222885714287,0.0002275757908472255,112896.13672866911,-191874.54899858372,222623.85371219378,487627.5622085815,293.152793936493
294.99999999999994,89.44222885714287,0.00022197866873083412,107045.22950708588,-214378.77635838755,239618.32340859127,564917.3366526131,293.1526523161827
300.0,89.44222885714287,0.00021687126789651692,93263.30163396445,-235052.6605816071,252879.01589131518,629173.5228262395,293.1525229082094
305.0,89.44222885714287,0.00021265233856743767,72176.67433174764,-251614.69904930377,261762.16131301876,674153.18158464,293.15240256509685
310.0,89.44222885714287,0.00020965360046334215,49992.15681457826,-269700.7609676869,274294.9438278489,740253.4788679188,293.15228900668455
314.99999999999994,89.44222885714287,0.00020765312288597985,41212.518388360186,-233489.90763099812,237099.15359917033,728966.0290168796,293.15218040151404
320.0,89.44222885714287,0.00020422195288389173,30398.992994945802,-143179.6577032337,146371.1486431733,539864.1407196056,293.1520749410488
325.0,89.44222885714287,0.00019986759859483516,13992.08800980714,-78380.42880136985,79619.53369595176,352399.4150354241,293.15197097285454
330.0,89.44222885714287,0.00019631637548726073,753.6203915973797,-39329.35200230029,39336.57169372381,212581.0098602211,293.1518675798655
335.0,89.44222885714287,0.00019881529939517426,-7204.525893898818,-19746.278297884575,21019.53139281097,163371.94011510594,293.151765420959
339.99999999999994,89.44222885714287,0.0002233928403106761,-10913.618882404198,-11943.372145707855,16178.727246642107,267575.78474243317,293.15166704659094
345.0,89.44222885714287,0.00031220719925601593,-11837.32208261581,-10136.945783999796,15584.603425026096,627407.450469435,293.15157613174335
350.0,89.44222885714287,0.0005341826514737656,-11757.532484968999,-10708.943755095555,15903.491644444039,1251770.6316982356,293.15149609346895
355.0,89.44222885714287,0.0009036477842248625,-12346.44847581731,-12638.592330438849,17668.29946715414,1875229.8817858982,293.15142908039894
359.99999999999994,89.44222885714287,0.001287993194205541,-14197.857388701943,-16317.207639777185,21629.38786904339,2106754.4352397504,293.15137570009546
365.0,89.44222885714287,0.001553483259606144,-15935.240961130537,-21213.775556472054,26532.17250527487,1774462.8325430735,293.1513351873374
370.0,89.44222885714287,0.0016962515336577972,-15761.049705631349,-25165.222351825963,29693.418527347487,1176565.9113764924,293.1513056517981
375.0,89.44222885714287,0.0017672480375634915,-13735.032356065878,-26905.012418286064,30208.124851607452,698546.6833273944,293.15128458866496
379.99999999999994,89.44222885714287,0.0018031158554689436,-10701.482682996553,-26509.917190858214,28588.414455520877,411309.4303090591,293.15126957032805
385.0,89.44222885714287,0.00182198587407396,-7378.668320075441,-24465.13848397439,25553.62493302525,252844.25280614692,293.15125874841306
390.0,89.44222885714287,0.0018321548242848983,-4326.20743375015,-21279.26455454246,21714.584286650348,165682.11630915658,293.1512509964909
395.0,89.44222885714287,0.0018374361087690858,-1950.40967833279,-17402.559916475035,17511.515912674087,115565.77676165733,293.1512458269283
399.99999999999994,89.44222885714287,0.0018396255492322093,-903.1763535344352,-13190.469125820726,13221.354063968394,83384.87865997189,293.15124319094633
0.0,94.41124157142855,0.0023680894673001633,-159104.70244540414,-1592053.779473789,1599984.232133872,25186989.32476702,293.1652916730425
5.0,94.41124157142855,0.0023760447024224335,-239204.9411786964,-1586617.1918857174,1604547.6363983785,25330868.64971816,293.16532424180247
10.0,94.41124157142855,0.002392009961418033,-400464.73477925453,-1574302.4662016348,1624438.4441678203,25962790.606793065,293.1653892444669
14.999999999999998,94.41124157142855,0.002416091175900359,-564277.2513803465,-1552101.4927481008,1651492.615852775,26834785.31251344,293.16549053331823
20.0,94.41124157142855,0.0024484376865560676,-731402.414947081,-1515180.7576225682,1682475.028302091,27851084.23367065,293.165637738197
24.999999999999996,94.41124157142855,0.002489231417395067,-990037.377799481,-1456503.7394741161,1761129.5104398644,30515988.42730407,293.1658464901465
29.999999999999996,94.41124157142855,0.0025474414243360157,-1237366.0111425142,-948149.3141328106,1558865.538595698,32382350.561856892,293.16613263374234
35.0,94.41124157142855,0.0026568199842188964,-1237653.280178398,-266024.0173839075,1265920.3844481774,46320180.24469571,293.1664976958687
40.0,94.41124157142855,0.002911031147064655,-1081876.728470946,57895.92429683582,1083424.7521896395,80367831.63543893,293.1669073052424
44.99999999999999,94.41124157142855,0.0034096859601827683,-889469.7063502177,108816.38533096152,896101.2020030097,96843655.51410379,293.167308172792
49.99999999999999,94.41124157142855,0.004001324496977244,-1054518.7121593475,4124.367082880436,1054526.777610717,108012577.0298457,293.167684776995
54.99999999999999,94.41124157142855,0.00445072865558757,-1336150.7169695708,-413478.399776075,1398664.7652456544,111127470.61777897,293.1680552844608
59.99999999999999,94.41124157142855,0.0047727691211498805,-1648911.9824281607,-1206465.6385710547,2043151.9921062726,150429917.08246744,293.1684558469552
65.0,94.41124157142855,0.005054657102252393,-2134229.467642729,-2325255.7727272124,3156223.9827293297,267143094.35785562,293.16891716098496
70.0,94.41124157142855,0.00535447651022473,-2768201.224151031,-3608365.533749805,4547883.006690562,487939016.3084909,293.1694466179987
75.0,94.41124157142855,0.005718399839362081,-3424136.991481423,-4796829.7383510005,5893580.378272614,844820316.4308846,293.17000507317925
80.0,94.41124157142855,0.006200947748724369,-3889255.8318132553,-5471346.662316225,6712819.469085423,1282346038.245826,293.17047735025005
84.99999999999999,94.41124157142855,0.006843307716629327,-3944177.52702098,-5415049.797605481,6699201.495342896,1549867641.5471973,293.17068937032536
89.99999999999999,94.41124157142855,0.0075853430979942954,-3764949.475062958,-5116415.0367866885,6352365.494714058,1494230543.3271894,293.1705245759561
94.99999999999999,94.41124157142855,0.008260278687755461,-3537981.6379353004,-4896819.316944697,6041204.639239601,1182329379.1467166,293.1700090005326
99.99999999999999,94.41124157142855,0.008750279211361543,-3063419.1586068776,-4425791.260975024,5382579.792909954,756335644.0056976,293.1692715134588
104.99999999999999,94.41124157142855,0.009073100194184593,-2362653.3580928026,-3714024.1519971034,4401829.879961855,434233644.96529466,293.1684592408406
109.99999999999999,94.41124157142855,0.00928844008166022,-1641714.6747667221,-3042930.3430666467,3457550.0207661646,262479670.23109236,293.16766677648064
114.99999999999999,94.41124157142855,0.00943946315117869,-1020869.2644841196,-2479223.5706471098,2681179.510667003,180492443.25089672,293.1669365662951
119.99999999999999,94.41124157142855,0.009548954950709926,-542878.6045114849,-1940481.3762989887,2014990.1118862978,136802086.1303654,293.16627668509017
125.0,94.41124157142855,0.009625374009001077,-221853.0073213844,-1387730.0734782433,1405351.7402036663,104696041.27229463,293.16567094863035
130.0,94.41124157142855,0.009668485979242077,-41266.80052603754,-884748.4766549213,885710.3452985404,76337901.7410701,293.16508830336727
135.0,94.41124157142855,0.009666188344474013,46527.65677652799,-505958.3599083063,508093.1851601806,53284294.08507352,293.164490537866
140.0,94.41124157142855,0.009570879464596817,87495.69290087267,-268700.9644210358,282587.5166333406,39594531.661247,293.16383813249007
145.0,94.41124157142855,0.009225256884196172,105518.3130416215,-142954.77513571185,177679.9992155886,40588240.69077309,293.1631042021985
150.0,94.41124157142855,0.008192064061007295,103611.52282510573,-84315.24913961017,133582.9663527949,56351153.15589069,293.16230349293494
155.0,94.41124157142855,0.0058997041004781635,95849.28468538624,-61564.63240779441,113917.90613510708,67767707.77001989,293.16150272250536
160.0,94.41124157142855,0.00310481697457803,125695.69913506546,-67308.84150178972,142582.91947272627,72038802.86450374,293.1607752267522
165.0,94.41124157142855,0.001372740041393226,195630.1576454722,-87061.55095849565,214128.16777736423,55166704.4822451,293.1601409835982
169.99999999999997,94.41124157142855,0.000712490802520564,243701.3221057498,-108488.5988170251,266758.52464236604,25620439.895388998,293.1595782921479
175.0,94.41124157142855,0.00048094921380227275,265933.75688286027,-136510.10031515438,298924.3558793524,10597662.795850314,293.15906002035354
179.99999999999997,94.41124157142855,0.0003919257985511583,277254.8438208183,-174965.22187525552,327846.1183054692,4867075.397120024,293.1585622177318
185.0,94.41124157142855,0.00035334580635916865,276799.1001429332,-223452.93094709708,355737.1982078705,2560227.1550551145,293.15807466627786
189.99999999999997,94.41124157142855,0.0003350090922090259,273884.4992135651,-278278.29261244467,390450.41560838773,1610594.7307133235,293.15760227390416
195.0,94.41124157142855,0.0003239370204415141,212927.8865195056,-239893.14891636372,320760.04700503475,1012291.0324471912,293.15715672305174
199.99999999999997,94.41124157142855,0.0003137163035570753,197447.4588795983,-218654.51281015936,294610.41222308966,853966.8972271939,293.1567474494896
205.0,94.41124157142855,0.00030419227455355427,182306.94930303836,-200993.7029435465,271356.3936728582,724477.6137510972,293.15637795900705
209.99999999999997,94.41124157142855,0.0002954856086267715,165175.96399154366,-185060.43124991457,248053.34566366987,605389.7043251257,293.15604653305564
215.0,94.41124157142855,0.0002876746781543999,146540.84672784802,-169992.45600546894,224436.3046801607,495599.74204279255,293.15574819573817
219.99999999999997,94.41124157142855,0.0002808315239539867,126275.04919271624,-155348.6195392966,200196.35771259185,394327.61894989986,293.1554772898052
225.0,94.41124157142855,0.0002750471732351283,104278.55389486701,-141891.949088284,176089.0173136214,305076.9475206334,293.1552298418973
229.99999999999997,94.41124157142855,0.0002704036685645,81406.11620995401,-131196.55108090368,154400.42348359252,234553.4509474442,293.1550041828509
235.0,94.41124157142855,0.0002669065616141329,59764.024266515036,-124457.45428725488,138063.01649678938,187542.44280647908,293.1547992744089
239.99999999999997,94.41124157142855,0.0002644272661378485,42113.50436315929,-121532.852526102,128622.63211766852,162771.9768849512,293.15461247719537
245.0,94.41124157142855,0.00026269521117781695,30493.71033719947,-120565.26646830994,124361.77004491215,152166.3565952667,293.15443888219676
250.0,94.41124157142855,0.00026137789510412854,25633.221304093386,-120315.11055352804,123015.39684906235,148889.40579442732,293.15427223248685
254.99999999999997,94.41124157142855,0.0002601318890474076,27468.846074594177,-120657.31313487225,123744.59470052163,150659.77961878618,293.1541062365917
260.0,94.41124157142855,0.0002586310104966691,35254.32134365229,-122272.91884899695,127253.81667067943,159325.93886310887,293.15393569822527
265.0,94.41124157142855,0.0002566064569130424,47385.8119135357,-126310.02079575844,134906.02849439275,179063.70541073947,293.153757599378
270.0,94.41124157142855,0.00025389242930531555,61571.0105879942,-133735.36876414774,147228.18413370952,213268.52437595293,293.1535723160574
274.99999999999994,94.41124157142855,0.00025044935585424296,75302.1301241972,-144686.87749636994,163109.48262100242,261759.994584283,293.1533844798796
280.0,94.41124157142855,0.00024636221629289584,86327.72634289402,-158532.4035694895,180513.15552350497,320599.2993751226,293.15320191011676
285.0,94.41124157142855,0.00024181658321995356,92992.502139741,-174099.12933515033,197378.09475589517,383303.47603978653,293.15303190604436
290.0,94.41124157142855,0.00023706296607892174,94272.40854244484,-190131.78835813436,212220.13089397532,443116.58876223466,293.1528776834351
294.99999999999994,94.41124157142855,0.00023238934236570908,89506.48143798183,-205570.50004851658,224211.15206341754,494605.8778096491,293.1527381667931
300.0,94.41124157142855,0.00022811231793512355,78367.94374010796,-219094.9148378401,232688.8830903899,532716.4682928809,293.1526102895592
305.0,94.41124157142855,0.00022455254799169828,61020.150764272395,-229376.2201875101,237353.97444914136,554291.0539450828,293.15249101486427
310.0,94.41124157142855,0.00022201030285869632,37753.34510236104,-235571.73219155564,238577.77782967963,560021.6682743606,293.1523779308884
314.99999999999994,94.41124157142855,0.00022077721348146218,24340.211432496137,-238377.04062584043,239616.48396993097,573552.8355728491,293.15226892069273
320.0,94.41124157142855,0.0002195390365835766,10635.4018912118,-134484.31904426345,134904.2024630324,362592.06153925223,293.15216184528015
325.0,94.41124157142855,0.00021862355722535213,-2515.8094980558244,-70253.37773062389,70298.40951253612,227062.6834159437,293.152054969515
330.0,94.41124157142855,0.0002207139007748097,-12747.264368780001,-34701.714867138406,36968.92970600776,166918.30402108064,293.1519477978262
335.0,94.41124157142855,0.00023444704984082156,-18195.58389557529,-17566.72458555023,25291.680172845252,235605.52915989317,293.15184201206756
339.99999999999994,94.41124157142855,0.00028883023371553587,-18858.29839591792,-10722.645080112774,21693.559779426407,559734.9675124416,293.151741187849
345.0,94.41124157142855,0.00046241744058040496,-15653.0748593747,-8916.38252414398,18014.456135838474,1103619.8455531048,293.1516489957547
350.0,94.41124157142855,0.0008298735055790975,-13896.888952439687,-9575.222858044108,16876.267814231043,1634332.082640657,293.15156775684716
355.0,94.41124157142855,0.0012729308851997922,-16227.721813465783,-13218.472171930587,20930.049254966805,1985409.467393267,293.1514984563687
359.99999999999994,94.41124157142855,0.001577392597459734,-19870.967034981742,-18801.716354633267,27356.16692421318,1678639.2902037909,293.1514413600828
365.0,94.41124157142855,0.0017259547116372663,-21223.65104194693,-24069.950683794228,32090.588799064146,1026846.319932685,293.1513964218921
370.0,94.41124157142855,0.0017924851252412908,-20125.779197056414,-27754.301034335713,34283.35185178364,560525.9634376799,293.15136259466004
375.0,94.41124157142855,0.001823506903759697,-17498.65636221055,-29595.253178276434,34381.419184917504,309705.0352477884,293.1513377737495
379.99999999999994,94.41124157142855,0.0018390823999620922,-13947.98121987702,-29513.80407548164,32643.694814097846,180087.09934630682,293.1513196152104
385.0,94.41124157142855,0.0018474648996598102,-9997.805337272195,-27552.502284888298,29310.347894911843,110790.17330649578,293.1513062232717
390.0,94.41124157142855,0.001852186859645828,-6203.573271206652,-23998.249178853253,24787.0991643145,71719.29408958468,293.15129640607404
395.0,94.41124157142855,0.0018548249648533944,-3041.9255008647187,-19371.571970226465,19608.95487654747,48226.07597901986,293.1512896715752
399.99999999999994,94.41124157142855,0.0018560645823787701,-1525.660514318447,-14317.874007878327,14398.928991783667,33148.58766609734,293.1512860991588
0.0,99.3802542857143,0.0024432703539138535,-153160.69034055845,-1436888.7087752945,1445028.4974600084,20544599.360959984,293.1654221340018
5.0,99.3802542857143,0.0024509283884308814,-229590.61893254326,-1431057.1135640135,1449357.2073798764,20667870.026473105,293.165457062729
10.0,99.3802542857143,0.002466229415807108,-382053.24986155104,-1418084.4012745605,1468648.3768649327,21221716.66983377,293.1655265179803
14.999999999999998,99.3802542857143,0.0024891337134170365,-533263.7421063017,-1395248.890425664,1493683.2612301921,21951382.68549896,293.16563484649123
20.0,99.3802542857143,0.002519555790017738,-681979.4465598223,-1358149.9021682576,1519758.902684794,22724495.219133154,293.1657927101382
24.999999999999996,99.3802542857143,0.0025573316580730187,-875303.9602872647,-1300199.967382402,1567379.0154508795,24170904.847921737,293.16601651913606
29.999999999999996,99.3802542857143,0.0026070861860464645,-1114882.1625255302,-940193.7511122148,1458398.6169590466,25503801.303175777,293.16632050216833
35.0,99.3802542857143,0.002693205715063908,-1068980.9771311898,-281838.79507045617,1105510.486551403,31774602.372622732,293.1666981010306
40.0,99.3802542857143,0.002889560859727536,-964800.7383286624,41005.23981335589,965671.7322007944,60179657.04596333,293.16710904099637
44.99999999999999,99.3802542857143,0.0033260304496116984,-721572.8460558307,110188.49208127297,729937.5836003078,79147891.67157158,293.16750112279306
49.99999999999999,99.3802542857143,0.003979000638356756,-691837.6801112456,38654.55264413873,692916.6977796311,85378948.03241526,293.16786365315085
54.99999999999999,99.3802542857143,0.00457642797185382,-871764.6747663469,-243282.08834663412,905074.4846037668,97021837.70400795,293.16822219184417
59.99999999999999,99.3802542857143,0.005028434968438672,-1103127.45348487,-859316.5501292644,1398325.8246768077,149659005.2067379,293.1686150550389
65.0,99.3802542857143,0.0054345853437756005,-1486028.7747487728,-1778434.01370388,2317565.3303586137,304597645.9255348,293.16907614730957
70.0,99.3802542857143,0.005884969621505431,-2045021.731407479,-2853054.3479507333,3510275.3445120836,600384401.0459565,293.1696105322542
75.0,99.3802542857143,0.0064473303430106705,-2651079.8199881655,-3794268.9104037425,4628682.401764555,999689860.9417965,293.17015691292926
80.0,99.3802542857143,0.007142239391559302,-3139480.7549963943,-4448219.256980097,5444537.994096588,1327971746.6598957,293.1705644770411
84.99999999999999,99.3802542857143,0.007876815802355011,-3577317.4279456274,-5094664.708783041,6225175.377063919,1436932563.5489337,293.1706645459385
89.99999999999999,99.3802542857143,0.008490413028699935,-3928533.2362227677,-5759271.386333451,6971555.08402151,1252496924.0598896,293.17039096428283
94.99999999999999,99.3802542857143,0.008905786294437137,-3892635.4926425517,-5839044.6168452855,7017624.46388309,848745473.4583844,293.1698232790935
99.99999999999999,99.3802542857143,0.009172274433081566,-3628989.1126687587,-5342651.225547324,6458597.688175871,522527844.3543579,293.16911318584084
104.99999999999999,99.3802542857143,0.00936782013436091,-3321751.0742377457,-4691296.7987543065,5748242.849184612,344872784.8412768,293.1683691350083
109.99999999999999,99.3802542857143,0.009524654180508412,-2819651.2201291723,-4018951.7092228965,4909420.11282815,244536164.531251,293.16764013709087
114.99999999999999,99.3802542857143,0.009658579183277508,-2139202.3522644984,-3301865.151096187,3934272.509620731,178890286.06326416,293.1669520879391
119.99999999999999,99.3802542857143,0.009775938215284857,-1375406.6380327616,-2504726.4838831984,2857516.0855208626,125911014.53862861,293.1663175287849
125.0,99.3802542857143,0.00987414138909481,-713084.5003198588,-1713432.6618742372,1855893.5829874128,82720047.68068215,293.16573180180717
130.0,99.3802542857143,0.009949998936948146,-281426.9425911523,-1052666.6354832521,1089636.7144492855,51532895.2797295,293.1651733238168
135.0,99.3802542857143,0.009998290012110656,-47130.282639837664,-584572.1567002203,586468.9846282222,31025437.277832568,293.16461005246543
140.0,99.3802542857143,0.009993208811346247,71126.61548008204,-308761.0938858136,316847.6108908124,21353737.698413815,293.1640068541785
145.0,99.3802542857143,0.00984452401069646,129935.28948714992,-171515.94294357125,215176.4349038524,25726314.82875452,293.1633370664284
150.0,99.3802542857143,0.00925942110706044,150180.39019781435,-111434.29347247914,187007.35643732944,52979506.44967042,293.1626035617264
155.0,99.3802542857143,0.007532145622244809,131767.7217220104,-83209.95318293455,155841.67862454298,85595980.9587428,293.1618460971891
160.0,99.3802542857143,0.004539330637804163,136509.2763751677,-80385.41986186312,158419.05902649448,99205212.75925885,293.16111608748514
165.0,99.3802542857143,0.002047646820262097,207845.2876467298,-108070.68363957731,234262.537037567,92859770.26179197,293.16044268236624
169.99999999999997,99.3802542857143,0.0009648146000668465,268951.3848894988,-134792.45130955987,300838.58190734015,48461291.05922897,293.15981970605884
175.0,99.3802542857143,0.0005839307313548292,287499.29744121066,-163388.87420970987,330683.7919292479,19600922.203387104,293.1592431013841
179.99999999999997,99.3802542857143,0.0004410421852622023,290460.3475815019,-198027.98297276374,351542.73645949236,8521563.082225664,293.15870282607415
185.0,99.3802542857143,0.00038036484277857735,284991.57772111986,-235096.0762203426,369446.02369787963,4229801.003034081,293.15819054879944
189.99999999999997,99.3802542857143,0.0003512775820628636,270076.7865823909,-262224.09320601553,376434.5171585457,2307409.5843969937,293.1577059765275
195.0,99.3802542857143,0.00033566682964343076,267157.30021403055,-277591.1471248148,385265.9704927496,1478125.7334912529,293.1572536206827
199.99999999999997,99.3802542857143,0.0003242372344724375,218907.84098263638,-218076.1182052572,308994.8804999082,939393.2185104294,293.15683834107756
205.0,99.3802542857143,0.0003137760455451671,199982.83134777742,-186754.88048319388,273624.7763236466,736640.6686414828,293.15646290450155
209.99999999999997,99.3802542857143,0.00030423895133765977,181323.29607944153,-166798.37275191155,246373.36474099316,597217.2758686858,293.1561264869139
215.0,99.3802542857143,0.000295643715937223,162109.94912389357,-150640.61451915035,221296.70207135627,481830.99792424304,293.15582472170206
219.99999999999997,99.3802542857143,0.0002880279564252704,141092.883000531,-136066.80786446625,196013.71848885246,378022.6200203289,293.1555516115613
225.0,99.3802542857143,0.0002815344276371699,116712.30681940663,-122530.57782184742,169220.28561748477,281740.771929834,293.1553023021677
229.99999999999997,99.3802542857143,0.00027635672574332975,89461.76735971472,-111919.13166900592,143280.493622363,201984.94053620254,293.1550744589666
235.0,99.3802542857143,0.0002725882509011984,62594.803286610644,-106585.24866417705,123606.32925256675,150323.28970204745,293.1548670490798
239.99999999999997,99.3802542857143,0.0002700972454146687,41069.43385000792,-107130.78291897032,114733.18197274805,129515.8527559099,293.15467790565805
245.0,99.3802542857143,0.0002684813075161976,27760.916070925872,-111913.98600094678,115305.71852131664,130811.68669838985,293.1545025228439
250.0,99.3802542857143,0.0002673211538075761,22280.796581205468,-118689.86797621586,120763.06826387199,143487.18985893557,293.1543346767839
254.99999999999997,99.3802542857143,0.00026625322785807707,23557.84307521273,-125375.93632993262,127569.97052975935,160118.59222501054,293.15416781408805
260.0,99.3802542857143,0.00026496536950005483,30299.326851190122,-131991.22449287662,135424.2686920044,180442.09083119538,293.15399649722235
265.0,99.3802542857143,0.00026322329517295805,40675.94025278742,-138960.326113629,144791.24403448732,206266.85735531326,293.15381785663357
270.0,99.3802542857143,0.0002608977754747761,52663.76128197192,-147095.8769820071,156239.13971047808,240173.1923081386,293.153632865291
274.99999999999994,99.3802542857143,0.00025795691904476086,64316.49825322127,-156552.91042313864,169249.59589172402,281838.37978371297,293.15344663600604
280.0,99.3802542857143,0.00025446612564945396,73866.20896811139,-167114.1629933861,182711.13896065755,328454.262617171,293.1532666742698
285.0,99.3802542857143,0.0002505702981479497,79949.89327399456,-178186.82197885992,195301.12381000022,375279.0645306602,293.1530993606096
290.0,99.3802542857143,0.0002464711363220545,81619.80848652589,-188975.6359366205,205848.44938698784,416907.8307201624,293.15294721780367
294.99999999999994,99.3802542857143,0.00024240831729929713,78261.60076246125,-198652.86661892614,213513.08992616762,448532.4453715988,293.15280904199665
300.0,99.3802542857143,0.00023864497624580838,69605.11642528721,-206340.2050330874,217763.98335279032,466570.157074934,293.1526819168343
305.0,99.3802542857143,0.00023544780565676841,55801.97134743247,-211173.04854212375,218421.41936365544,469391.58830337145,293.15256292619375
310.0,99.3802542857143,0.00023306477911106514,37422.10449872257,-212293.2883638759,215566.35681260907,457200.6263050394,293.1524496449555
314.99999999999994,99.3802542857143,0.00023170559520689616,17786.861101750175,-208568.06577241534,209325.13104713327,431109.5030706734,293.15233981903964
320.0,99.3802542857143,0.00023128609300089012,-4262.896203269446,-121543.21946852087,121617.95296259873,261659.24626892412,293.15223111729034
325.0,99.3802542857143,0.00023247207482908605,-18671.63739135862,-60582.12644430907,63394.196007115934,166014.0833501656,293.1521217072269
330.0,99.3802542857143,0.00023912550496057078,-27847.579588873916,-30020.195567845887,40947.52533292312,187776.90337124566,293.15201144819883
335.0,99.3802542857143,0.0002641698991030379,-31901.874019152125,-16243.39999893781,35799.12861312893,446973.1950883462,293.15190301464156
339.99999999999994,99.3802542857143,0.0003522112623602056,-29473.92842704964,-10781.521987510576,31383.971598413398,1164976.454147616,293.15180102571446
345.0,99.3802542857143,0.0006184889593474335,-20944.87214417176,-8901.118407478005,22757.802574933416,1792988.0681868454,293.1517090827791
350.0,99.3802542857143,0.0010891809228314793,-18519.904621116144,-9603.938526588923,20861.98701940297,2058479.8215626387,293.1516284525832
355.0,99.3802542857143,0.0015087741833008218,-24030.163749309053,-14199.759229129828,27912.039194295077,1993030.8277929255,293.15155880532046
359.99999999999994,99.3802542857143,0.0017139834267268978,-27988.654680973716,-19535.803857861494,34132.278318677,1175928.082098684,293.1514997602603
365.0,99.3802542857143,0.0017959100050568058,-27863.134368594307,-24265.78482772129,36948.377097615674,559016.9234679536,293.1514516984445
370.0,99.3802542857143,0.0018299463987920036,-25826.48954799941,-28213.441515222785,38249.25939813501,276772.79602693836,293.15141427624656
375.0,99.3802542857143,0.001845568993222815,-22604.374815308078,-30971.854336302596,38343.36346514322,150704.78963114324,293.1513860087501
379.99999999999994,99.3802542857143,0.001853496581976304,-18421.844253487405,-31902.076802989148,36838.931174011625,89203.11306427763,293.1513648699598
385.0,99.3802542857143,0.001857876050501278,-13675.037444083104,-30539.48875535705,33461.42588915862,56018.578866243726,293.1513490314774
390.0,99.3802542857143,0.0018604504568419976,-8916.86984582735,-26976.687965434074,28412.185087244183,36529.43634523131,293.1513372687383
395.0,99.3802542857143,0.001861977159155371,-4647.2350709700895,-21812.234746282702,22301.802134172853,24195.791430537436,293.15132907883753
399.99999999999994,99.3802542857143,0.0018627482435017897,-2441.4115663209354,-15985.545931416686,16170.905019868189,16251.909299960758,293.15132464353223
0.0,104.34926699999998,0.0025108878325585237,-147513.79414563483,-1287483.175147964,1295906.3414276217,16523120.983947674,293.16550270940013
5.0,104.34926699999998,0.0025182635222658054,-220517.17256779943,-1282549.9130658023,1301369.3184113393,16662723.186083227,293.16554010153834
10.0,104.34926699999998,0.0025329395498153036,-364878.4315691666,-1271607.2651792287,1322921.504353517,17219201.36575707,293.16561398625413
14.999999999999998,104.34926699999998,0.002554751365422722,-504714.1937636335,-1252483.5187702407,1350352.3177961959,17940685.83161762,293.16572886886223
20.0,104.34926699999998,0.002583410969191667,-636942.5535308546,-1221712.3484004622,1377779.6916534146,18676883.538345218,293.16589591235254
24.999999999999996,104.34926699999998,0.0026184456207758076,-779045.7674162642,-1174011.3729118018,1408976.5830046465,19532255.796258617,293.16613144633453
29.999999999999996,104.34926699999998,0.0026613155459332934,-1013617.0395370902,-955159.2077347552,1392748.5828247755,21160965.012018096,293.1664471015316
35.0,104.34926699999998,0.0027308333945687624,-931994.9179056068,-335351.7478387371,990492.4642723814,23094689.09778514,293.166829115946
40.0,104.34926699999998,0.0028843019890588684,-849232.6569183106,-23998.432112855415,849571.674622223,42941307.13475819,293.16723405145933
44.99999999999999,104.34926699999998,0.0032443530194785127,-639626.8987873936,69452.285051818,643386.5009085112,66704414.01349106,293.16761395068727
49.99999999999999,104.34926699999998,0.003931894899423743,-477385.267747266,19833.423881862924,477797.08932245127,70454354.23312683,293.1679587963993
54.99999999999999,104.34926699999998,0.004741777741189378,-536793.3001522019,-158122.32281779352,559597.816348122,86395260.95412315,293.1682966917605
59.99999999999999,104.34926699999998,0.005437115427108023,-700314.3183902758,-591686.5136538305,916805.9091117712,157246433.25255227,293.168665636833
65.0,104.34926699999998,0.006073378852413601,-966386.1634432387,-1240033.5208252303,1572127.6505630065,332536500.42655,293.16909418654944
70.0,104.34926699999998,0.006758622707920553,-1359940.4706221167,-1970351.4489514478,2394101.6929155234,594354420.4542999,293.1695735421605
75.0,104.34926699999998,0.0075066730907873995,-1866793.843386673,-2791013.413117984,3357778.302078754,864695766.407926,293.17002444349737
80.0,104.34926699999998,0.008213782892087218,-2528367.75926916,-3921218.098830887,4665682.683671348,1054426401.1400344,293.17030074243115
84.99999999999999,104.34926699999998,0.008751420597049565,-3173586.0634955484,-5300775.381272811,6178176.765447966,1030339475.8618963,293.1702736681243
89.99999999999999,104.34926699999998,0.009084476001202952,-3409908.6992561277,-6283668.616611059,7149263.5019731475,774737822.9274274,293.16993908741495
94.99999999999999,104.34926699999998,0.009276747991274693,-3418006.4383964804,-6464030.879846203,7312076.533278702,526049133.3556706,293.16940819398076
99.99999999999999,104.34926699999998,0.0094262766450426,-2909325.662463578,-4885321.331396613,5685995.103873016,318095712.5260129,293.16878825429376
104.99999999999999,104.34926699999998,0.00956768055752105,-2740245.033328783,-4050067.6746316585,4889988.85599746,235266770.7753692,293.16814883959955
109.99999999999999,104.34926699999998,0.009700301148375478,-2572365.126017381,-3587259.018242313,4414237.148762085,191715035.9502631,293.1675126647428
114.99999999999999,104.34926699999998,0.009824917070122789,-2387771.250520806,-3316972.318857462,4087022.98854317,164345952.8666246,293.1668949348925
119.99999999999999,104.34926699999998,0.009939078273427559,-2161061.188568209,-3160059.914894788,3828336.992280159,144199970.8132892,293.16630786267996
125.0,104.34926699999998,0.01004102318897961,-1510039.6499511588,-2488051.8166170428,2910433.23005287,105362081.16187337,293.16575207911853
130.0,104.34926699999998,0.010129981187591452,-707969.201910244,-1476639.295634197,1637584.807044962,58805342.55552476,293.16521562633324
135.0,104.34926699999998,0.010198812905534687,-232688.5157550151,-798695.9999462273,831900.9831069895,30509403.799043912,293.1646761531155
140.0,104.34926699999998,0.010234241865059652,10766.969858105229,-410244.7504117452,410386.0169161719,16854228.48520974,293.16410491610833
145.0,104.34926699999998,0.010187861435670112,130767.55367883707,-222286.34450493305,257897.98767829366,16865379.239549384,293.16347857762065
150.0,104.34926699999998,0.009897222115914983,186150.60080801934,-145205.9225810126,236086.4378438321,39061320.847485155,293.1627970600367
155.0,104.34926699999998,0.00886191971634106,181853.27420154726,-113228.32040217386,214222.4681935125,88956118.98894835,293.1620891145079
160.0,104.34926699999998,0.006314426273382739,150093.04841321477,-94385.59092844404,177303.5898025847,116268024.7108366,293.16138251537234
165.0,104.34926699999998,0.003219817336734576,189093.0846825231,-115255.88562749818,221450.02561871786,124339227.06011325,293.1606993330554
169.99999999999997,104.34926699999998,0.0014415264034048458,261862.48853698332,-151784.58885141587,302672.3051677756,84090869.9080235,293.1600410624495
175.0,104.34926699999998,0.0007767698169824184,282280.4265505134,-183699.2939278688,336790.24600355834,36043184.53086136,293.1594193405237
179.99999999999997,104.34926699999998,0.0005298513789445715,278253.8271358318,-216858.10521474585,352778.4433792223,15394651.524829047,293.15884567771263
185.0,104.34926699999998,0.00042693576760947173,266727.05561356485,-247473.7857400674,363849.6898786675,7408737.434673392,293.1583152258361
189.99999999999997,104.34926699999998,0.000378138516101655,249787.94986743497,-265835.52972268185,364777.3961773332,3934893.7708820053,293.1578213525349
195.0,104.34926699999998,0.0003518593043863673,231175.45900531425,-261141.27263947812,348764.75900251727,2213104.4868807993,293.1573612644148
199.99999999999997,104.34926699999998,0.0003353887636379553,221287.7955037278,-241682.33330235197,327686.7996568809,1389654.8337354984,293.1569365820875
205.0,104.34926699999998,0.00032275202206507225,217940.99237849368,-218979.89700101773,308950.5971017033,1005164.4725174857,293.15655101333044
209.99999999999997,104.34926699999998,0.0003120620733252998,201066.41334002928,-188772.87452177415,275795.033908584,748372.3551676881,293.1562062126824
215.0,104.34926699999998,0.0003026453807310693,177081.95405897044,-160412.8369903191,238935.75857252092,561703.529680732,293.1558992053918
219.99999999999997,104.34926699999998,0.0002943538779194028,143034.53022156068,-130415.1381810422,193563.90444109894,397436.46211808024,293.15562355125047
225.0,104.34926699999998,0.000287224293216839,107469.94003780806,-105063.36565827134,150293.37581934105,265268.0127200892,293.15537284475283
229.99999999999997,104.34926699999998,0.00028152622032920214,76776.11384238952,-90340.33234723804,118557.78045050008,175178.2482523372,293.15514330979954
235.0,104.34926699999998,0.0002774990307294849,52797.88173869181,-88903.06486062487,103399.0873156304,128550.6508018736,293.1549335230485
239.99999999999997,104.34926699999998,0.0002750739505861634,34371.981190930535,-100696.85567631092,106401.5499609168,119314.69400150944,293.15474192978024
245.0,104.34926699999998,0.0002738172515647189,19006.26221420685,-112010.64395669209,113611.71754246138,126996.31035419797,293.154564770837
250.0,104.34926699999998,0.00027317332436474273,12254.700835330697,-119878.50662463346,120503.25324702128,142870.44462170143,293.1543960043481
254.99999999999997,104.34926699999998,0.00027259178148118584,14249.924144887276,-130164.46511992528,130942.15638247022,168695.62906804818,293.1542286315828
260.0,104.34926699999998,0.000271748331950254,21754.120233452235,-141360.08857699487,143024.18113601397,201262.9307976832,293.1540565407495
265.0,104.34926699999998,0.0002704163694578406,32374.76986086435,-150458.59542077858,153902.28932519964,233042.43682867184,293.1538765743337
270.0,104.34926699999998,0.00026851085496416757,44087.45556577483,-159151.23153420165,165144.84017709192,268333.48479553097,293.1536901988392
274.99999999999994,104.34926699999998,0.00026600762390126313,55407.90658244718,-167328.36851087437,176263.49315828324,305681.81123536604,293.1535033696847
280.0,104.34926699999998,0.00026297006430592285,64827.890026871704,-175190.83519839807,186800.65327200663,343322.0002171641,293.1533238473158
285.0,104.34926699999998,0.00025952483489857596,71266.51473815202,-182554.85231754856,195972.42210986014,377863.35238297196,293.15315746642915
290.0,104.34926699999998,0.00025584341283210765,73933.20133691924,-188917.331505359,202869.1115055004,404926.9730404957,293.15300606989297
294.99999999999994,104.34926699999998,0.00025213151476488404,72249.52851429443,-193700.53734210526,206736.2874223056,420511.88859807374,293.1528681230345
300.0,104.34926699999998,0.0002486184599806782,65925.35510780015,-196404.71855057776,207173.75778563562,422293.4445070838,293.1527406420488
305.0,104.34926699999998,0.000245538979254104,55103.961412294324,-196636.60577498114,204211.65807571556,410304.15581841744,293.15262069886285
310.0,104.34926699999998,0.00024310806383944877,40342.18360299632,-193893.4803954146,198045.88740416928,385901.5379253012,293.15250584233013
314.99999999999994,104.34926699999998,0.0002415047608938044,18506.83920478889,-187132.67112340248,188045.57878113334,347913.3604497076,293.1523937830747
320.0,104.34926699999998,0.00024125737991896988,-12919.03703837227,-103446.34656817486,104249.93110933829,198394.17833704443,293.15228217260045
325.0,104.34926699999998,0.00024390173124102065,-30754.712006105892,-50920.04205972116,59486.998528605276,151875.1366655597,293.15216929438526
330.0,104.34926699999998,0.0002546729576544474,-40085.10420983457,-26099.56444631135,47833.072698713986,268260.121509109,293.15205558431717
335.0,104.34926699999998,0.00029166980418146755,-43548.62630660922,-15499.746792312884,46224.722863620394,786700.1352330938,293.15194490384533
339.99999999999994,104.34926699999998,0.00041763640388051463,-37882.93414899029,-11270.150081382859,39523.828035675244,1955549.5065315964,293.1518428983734
345.0,104.34926699999998,0.000773672613224384,-25201.62528961835,-9062.635363665566,26781.58466135066,2439125.6962718675,293.1517528867721
350.0,104.34926699999998,0.0012886909218446504,-25355.156862836444,-10337.487202536511,27381.519702194182,2519991.780059701,293.1516749902563
355.0,104.34926699999998,0.001639847278015408,-34879.35422688514,-14771.48591514281,37878.30708236302,1974551.0961383795,293.15160722568214
359.99999999999994,104.34926699999998,0.0017765684764551606,-37545.71932480741,-19135.040163561975,42140.607514348274,867763.6775360443,293.1515482687958
365.0,104.34926699999998,0.0018263200641089204,-35897.01186010035,-23652.55398019241,42988.821457096274,353698.9341881914,293.15149844308274
370.0,104.34926699999998,0.0018463975240777602,-32958.367868003625,-28314.870754630403,43450.959924656185,164881.75005587426,293.1514580973559
375.0,104.34926699999998,0.0018555746989636856,-28969.19812818178,-32396.531554889632,43459.74800866671,88944.7859732562,293.15142669800235
379.99999999999994,104.34926699999998,0.0018602630934512557,-23910.422579356295,-34677.459939995606,42121.66349769904,53467.55671589749,293.1514028097308
385.0,104.34926699999998,0.0018628982499445663,-18263.399414653693,-34107.05049733178,38689.05080002239,34304.81169705888,293.1513847889499
390.0,104.34926699999998,0.001864517271423232,-12556.70321741317,-30842.19511623104,33300.32725481628,22980.076983975512,293.1513713965886
395.0,104.34926699999998,0.0018655430037652903,-6986.847110421553,-25466.2667968344,26407.324308077033,15538.572613310149,293.15136207837395
399.99999999999994,104.34926699999998,0.001866099607429987,-3844.6608987050554,-18949.018937119818,19335.116656109345,10650.168092557235,293.15135702238194
0.0,109.31827971428571,0.002571220759248637,-143355.31353689218,-1142949.9457212058,1151905.0847805855,13055041.100246005,293.1655331739263
5.0,109.31827971428571,0.0025783885249254816,-213813.099235443,-1139977.8433614061,1159855.8206775477,13235881.348805737,293.16557283692805
10.0,109.31827971428571,0.0025926020691721813,-352173.19075607666,-1133210.1378148736,1186672.310595356,13854998.091971504,293.16565068755733
14.999999999999998,109.31827971428571,0.0026136058440010893,-483678.0469359183,-1121221.6496137832,1221098.8660425486,14670553.807036206,293.1657711504063
20.0,109.31827971428571,0.002640969873865773,-603993.628462249,-1101995.40651622,1256663.1128531792,15537551.721233169,293.1659454963974
24.999999999999996,109.31827971428571,0.002674005206847314,-713660.5329574522,-1072563.2987294742,1288294.7590060926,16329591.956447253,293.1661895729606
29.999999999999996,109.31827971428571,0.0027123359271615183,-953340.4344105739,-971654.1090008446,1361238.2934006695,18920417.647220895,293.16651278698544
35.0,109.31827971428571,0.0027729437619474495,-861886.7260496386,-408363.82314343937,953734.6279720009,19899892.04131514,293.16689664373075
40.0,109.31827971428571,0.002903982455937068,-781642.3743608864,-119191.8484704074,790677.8725488128,34628163.743223816,293.1672958171146
44.99999999999999,109.31827971428571,0.00321298515913746,-621408.8744252635,-10014.991797596183,621489.5729416374,61962190.73597656,293.1676642261607
49.99999999999999,109.31827971428571,0.003917174263342406,-407440.5295569703,-23363.931804866133,408109.86074223544,72559095.60843903,293.1679886018187
54.99999999999999,109.31827971428571,0.005017070423530872,-349044.871526321,-125689.57553356972,370985.4333213568,86487585.15282683,293.16829373692633
59.99999999999999,109.31827971428571,0.006146515066775266,-440261.4046874041,-375870.2320151729,578885.5981733057,157471104.65279582,293.1686161157276
65.0,109.31827971428571,0.007119788973772629,-607213.5544842763,-780882.555047402,989184.4446445708,285735711.14688325,293.16897390762506
70.0,109.31827971428571,0.007948729942119837,-903980.9349213011,-1392584.2598658865,1660262.7658076924,446911952.1064444,293.16934866005397
75.0,109.31827971428571,0.008609433796564979,-1392439.5014376019,-2399344.654967057,2774120.137716242,604683442.5944256,293.16966381983667
80.0,109.31827971428571,0.009060740804083419,-1949494.5189111216,-3836312.4712033113,4303233.92996181,666041201.2036846,293.16980148070104
84.99999999999999,109.31827971428571,0.009322103587385326,-2228564.8176727104,-5414518.789337024,5855212.623522076,592912463.1969287,293.1696931681986
89.99999999999999,109.31827971428571,0.009452469742701594,-2260797.3960163575,-6606251.137379488,6982389.201123218,479681488.13202566,293.16937158051724
94.99999999999999,109.31827971428571,0.009548183326986962,-2053091.6656159167,-5324601.051041779,5706711.990295003,320417894.6075112,293.1689153128732
99.99999999999999,109.31827971428571,0.009657778909263186,-2221335.627531941,-4629677.1054554405,5135001.662212096,259433485.0658339,293.16840136569823
104.99999999999999,109.31827971428571,0.009770316889740156,-2233779.846668692,-4094874.405346755,4664522.354855548,214071676.51090837,293.1678615141609
109.99999999999999,109.31827971428571,0.009881156893930055,-2179038.4604408224,-3677199.217285135,4274342.3699655505,179756028.43582338,293.16731169070175
114.99999999999999,109.31827971428571,0.009988220735784238,-2088288.7925513864,-3339100.5431932476,3938342.610623048,152606081.59057313,293.16676363846864
119.99999999999999,109.31827971428571,0.010089985773185194,-1985168.8008676316,-3086792.7523997785,3670038.782384463,132521444.13084888,293.1662284955967
125.0,109.31827971428571,0.010186737615871001,-1870817.665985871,-2929449.5835469984,3475864.4395183916,118869521.22941163,293.1657106145409
130.0,109.31827971428571,0.010277067539783781,-1324059.1987470712,-2272082.93340417,2629732.6134140017,85923602.32368115,293.1652005922674
135.0,109.31827971428571,0.010353943609770253,-537550.8618769135,-1221550.6097591242,1334596.1266643556,42651251.773083314,293.1646801444125
140.0,109.31827971428571,0.010407897368094346,-113647.07083121904,-613282.0243683924,623723.0941065992,20179579.437867984,293.1641285088033
145.0,109.31827971428571,0.01041385947779599,94224.58386656975,-314940.9033037057,328734.0030763205,13607758.073155994,293.1635265280656
150.0,109.31827971428571,0.01028730586778238,191936.93190662662,-189762.5993318183,269906.70598356245,24824491.492223263,293.1628732615803
155.0,109.31827971428571,0.00974909668023473,219505.32538203438,-143016.86490421448,261985.517764061,68357696.3636507,293.16219419782334
160.0,109.31827971428571,0.008065362131549262,176535.56217458413,-115405.9335146607,210910.7256700966,117754890.38063145,293.16151294372696
165.0,109.31827971428571,0.004999366132223328,160720.94344055548,-110590.73741127481,195093.65151534727,132653523.63913032,293.1608380643533
169.99999999999997,109.31827971428571,0.0023721136872743047,216921.6670531179,-151116.62922163148,264369.52408402105,121280095.22897008,293.16017997977883
175.0,109.31827971428571,0.0011735435040862738,250462.53943242467,-193948.58726175094,316776.7954881921,65440625.20373913,293.1595472361258
179.99999999999997,109.31827971428571,0.0007119968880619583,246919.04390279035,-230087.42873844563,337504.4282751523,29652053.32352229,293.1589647283736
185.0,109.31827971428571,0.0005202541883436456,232541.11030675264,-256885.14837098337,346504.46957619383,14290758.777895555,293.15843347230566
189.99999999999997,109.31827971428571,0.00043068214335162375,212275.33793358243,-267938.24306744465,341835.81028453656,7398042.876061061,293.15794117487627
195.0,109.31827971428571,0.0003836586800991592,187970.75345068882,-258843.89252907038,319895.5530363318,4009355.430054219,293.1574780573329
199.99999999999997,109.31827971428571,0.0003558301135159372,163473.98347753345,-231490.5651883728,283393.05751066864,2251994.6920889947,293.15704339257485
205.0,109.31827971428571,0.0003370686767433922,140579.24392652308,-195332.99368548748,240660.55398649687,1330809.2502834676,293.15664412617645
209.99999999999997,109.31827971428571,0.0003229992476098789,118025.88432268865,-157596.98033595705,196893.1628603815,823532.9635389517,293.1562872210215
215.0,109.31827971428571,0.0003115855844680137,95316.91817849115,-122958.43679135329,155576.6437136963,524613.2481461744,293.1559728918188
219.99999999999997,109.31827971428571,0.0003020013604824453,73494.74431278076,-94533.5715261938,119741.6952740315,337603.8400938922,293.1556945119429
225.0,109.31827971428571,0.0002939971168492699,54726.85403543843,-75241.95958783742,93039.67452239901,222110.37018927923,293.1554433427955
229.99999999999997,109.31827971428571,0.00028772925319132784,40330.38214849235,-66952.27653287681,78161.03285639359,158152.08729651925,293.1552130795102
235.0,109.31827971428571,0.0002833854933415587,29643.22665236977,-69850.55094204003,75880.30280165133,132105.6554549246,293.15500122913437
239.99999999999997,109.31827971428571,0.0002808166134854136,20258.29076179793,-82400.52155102658,84854.2532609341,131923.77963077297,293.15480698271267
245.0,109.31827971428571,0.0002796129537953203,11075.115561315653,-102817.03742870806,103411.80479187495,150285.37795507046,293.1546279213587
250.0,109.31827971428571,0.00027923471027932386,3876.8375788441936,-131346.1994104296,131403.4016651665,185777.60292663984,293.15445858670284
254.99999999999997,109.31827971428571,0.0002791890055006592,2209.392306361854,-146078.53861562433,146095.24584475657,209998.90000374548,293.15429147287057
260.0,109.31827971428571,0.0002790137710486877,10130.968553127906,-152838.54887647906,153173.94865476422,230841.91528053404,293.15411931889525
265.0,109.31827971428571,0.00027817590864534644,22995.05714158036,-162357.72031425263,163978.05340528232,264555.2021623479,293.1539379893368
270.0,109.31827971428571,0.00027671426533452964,35898.53788761176,-171715.71545506734,175428.0250037432,302790.8874140748,293.1537489900661
274.99999999999994,109.31827971428571,0.00027458605485658526,48376.29934532212,-178414.60866250022,184856.8065356029,336213.9624490548,293.1535593091766
280.0,109.31827971428571,0.0002718766353999974,58734.090642265466,-183759.79787679546,192918.00517135402,366176.42285956454,293.1533776283009
285.0,109.31827971428571,0.0002687126457923587,66308.46633961759,-187912.04507830908,199268.03404917874,390679.05177953624,293.15320983521235
290.0,109.31827971428571,0.00026524578876603567,70543.19836723666,-190418.78612482277,203065.6468857554,405711.92275468423,293.15305731292904
294.99999999999994,109.31827971428571,0.00026165832595563505,70820.61647756722,-190801.5432136568,203520.97830684585,407533.4075975915,293.15291810116344
300.0,109.31827971428571,0.00025816372711827895,66687.24415069257,-188910.97713715618,200336.0821602769,394878.24271334003,293.15278892920026
305.0,109.31827971428571,0.0002549896015405658,58297.646211753505,-185038.4148512805,194004.71778929853,370313.40644653735,293.1526666412688
310.0,109.31827971428571,0.0002523339624971036,46867.138922609556,-178518.0511942953,184567.66594666633,335163.01844724605,293.1525486169686
314.99999999999994,109.31827971428571,0.00025030288764830484,17973.12207470063,-158279.71814659357,159296.8998244385,274155.1582830566,293.1524325023389
320.0,109.31827971428571,0.0002503603565489096,-18958.888087973086,-81959.70822378127,84123.91580079737,155844.66221391934,293.15231604080066
325.0,109.31827971428571,0.00025454635614378376,-37121.6156944103,-41651.863677724126,55793.297980951116,162324.05523253029,293.1521979020291
330.0,109.31827971428571,0.00027003472653516314,-46196.91149071919,-22896.188172542003,51559.57781163259,380841.68075416976,293.15207958134835
335.0,109.31827971428571,0.0003218120857214629,-49111.706903815546,-15036.420888130997,51361.986995552514,1187447.5383939764,293.15196661076925
339.99999999999994,109.31827971428571,0.0004947181198534827,-40079.233084134336,-11605.620527035395,41725.71572100248,2598460.6546180774,293.15186561863845
345.0,109.31827971428571,0.0009297834236806351,-27389.427967232907,-9041.030735739529,28843.04077480089,2825327.5541734537,293.15177929854167
350.0,109.31827971428571,0.0014401382092927547,-33312.95889092649,-11276.693640997106,35169.83152563377,2865297.160009997,293.1517062295519
355.0,109.31827971428571,0.0017141109367097734,-45261.154269729275,-14786.471618714451,47615.24785989548,1815109.920301071,293.15164259684894
359.99999999999994,109.31827971428571,0.001808429631781798,-46266.03050756353,-18427.73514241475,49800.87350042956,672588.5974120782,293.15158593748765
365.0,109.31827971428571,0.0018416352421761306,-43684.63907693324,-23079.797364699672,49406.72765603406,255614.120958264,293.15153594650707
370.0,109.31827971428571,0.0018549235942364665,-40025.792899111315,-28766.11908139146,49290.503184765155,115523.3802051637,293.15149350799567
375.0,109.31827971428571,0.0018609788944080772,-35095.17560271,-34543.50970480133,49243.53169006824,62058.05469439425,293.1514592965789
379.99999999999994,109.31827971428571,0.0018640521556139557,-28815.6998075823,-38366.621808115284,47982.72839645163,37675.55260079288,293.1514328093011
385.0,109.31827971428571,0.0018657715262740513,-22572.62567582463,-39336.63978187623,45353.00055376694,25589.121112059544,293.1514127687591
390.0,109.31827971428571,0.0018669063302752986,-16946.22006901766,-37376.54549290241,41038.768592765795,18943.627728724976,293.15139796413536
395.0,109.31827971428571,0.0018677088513423003,-10530.343767620496,-31969.902099241808,33659.51247566384,13703.43793397251,293.151387763262
399.99999999999994,109.31827971428571,0.001868200858699721,-6259.021890324262,-24098.812178054104,24898.355435985868,9589.1762247118,293.151382280629
0.0,114.28729242857142,0.0026244744888001405,-141606.42838003355,-1001352.0938541614,1011315.1815456263,10062778.339607617,293.1655126280901
5.0,114.28729242857142,0.002631554810219142,-210837.72670354648,-1001154.4764509116,1023114.281358255,10298954.66672823,293.16555424054076
10.0,114.28729242857142,0.002645558261470495,-346238.4785284578,-999969.2824738553,1058215.3135846118,11017750.581880307,293.16563540118875
14.999999999999998,114.28729242857142,0.002666178658071988,-473692.91442442895,-997108.1019933784,1103906.4925240483,11989730.6822921,293.1657602978162
20.0,114.28729242857142,0.002692927552912938,-588585.7606907933,-992358.220494838,1153779.8903914217,13097571.656887759,293.1659401026857
24.999999999999996,114.28729242857142,0.0027250372341410672,-686022.1186187188,-985728.3002363953,1200952.3842022417,14190458.569453593,293.1661902612914
29.999999999999996,114.28729242857142,0.00276152976477481,-948360.8865171267,-966596.1725816488,1354140.514099273,18269748.62308068,293.1665192248772
35.0,114.28729242857142,0.0028210731957898994,-879894.7234902199,-483030.3933635363,1003759.4758401352,21344501.37347667,293.1669065308183
40.0,114.28729242857142,0.0029509875944723177,-810010.7878329835,-227667.05040955523,841397.5054919034,37794020.77615031,293.1673046883323
44.99999999999999,114.28729242857142,0.0032605810165201653,-677791.816397134,-116310.86587714311,687699.0358405462,74398075.85954952,293.16766443883307
49.99999999999999,114.28729242857142,0.004034705729412162,-451703.8372558978,-92291.37364862222,461035.8491935873,105512607.09874986,293.1679642307996
54.99999999999999,114.28729242857142,0.005539578723712895,-296122.48975978873,-126555.87982576233,322032.482305759,109794886.68244953,293.1682204766023
59.99999999999999,114.28729242857142,0.0072211717741029,-340853.33409243147,-268156.90997889254,433692.4298755451,154033790.01988766,293.1684709344304
65.0,114.28729242857142,0.008376681129368627,-489600.4099093125,-607774.0716584772,780447.2330424977,222531300.5558732,293.168728324173
70.0,114.28729242857142,0.009039201314870078,-709466.2729168226,-1247199.181807659,1434868.7018358794,295299210.0011894,293.16897627282765
75.0,114.28729242857142,0.009410929538840835,-984922.4016382808,-2279422.45850172,2483110.7268043733,350046572.79398245,293.16915797909235
80.0,114.28729242857142,0.009607518541718343,-1161523.3706863886,-3737815.5175933917,3914128.4322582753,371590282.6549625,293.16920093294436
84.99999999999999,114.28729242857142,0.009697266429438741,-1132871.2327011446,-5664268.786866797,5776446.842112829,386838170.03504807,293.1690731242779
89.99999999999999,114.28729242857142,0.009741006919111015,-1086417.6825846513,-5560849.60152161,5665981.968889034,315860434.8405817,293.1687911167452
94.99999999999999,114.28729242857142,0.009805908197697206,-1453682.1393249661,-5031949.509314696,5237719.697204579,269916453.2346662,293.16841506201143
99.99999999999999,114.28729242857142,0.009886375133043511,-1687220.194952679,-4523036.656473349,4827480.976871661,229290464.89604503,293.1679859615764
104.99999999999999,114.28729242857142,0.009974630217192474,-1793670.0860499318,-4083357.585247741,4459939.634859494,195705402.1580727,293.16752608370075
109.99999999999999,114.28729242857142,0.010065742141648504,-1821275.139984261,-3715684.1934212586,4138037.2353043514,168474292.48899302,293.1670478739087
114.99999999999999,114.28729242857142,0.0101567577311909,-1801023.8043984426,-3410928.646570564,3857216.739568252,146383773.54298103,293.16656103427664
119.99999999999999,114.28729242857142,0.010245844522088349,-1753949.0231878976,-3164228.5962486346,3617828.0480502923,128777709.27874261,293.16607481668945
125.0,114.28729242857142,0.01033215263350969,-1692836.098522721,-2959556.412186511,3409496.7683480685,114373502.0036093,293.16559398820203
130.0,114.28729242857142,0.01041512813194062,-1621203.2912484368,-2801640.5208846354,3236895.073958607,103086571.54476583,293.1651129102761
135.0,114.28729242857142,0.010494272962634534,-963374.4851951984,-1889969.8962458307,2121338.4000297054,64543902.86468122,293.1646130288148
140.0,114.28729242857142,0.010555566444669663,-313018.0879163435,-954684.8500127459,1004690.7415750695,29875372.82958363,293.1640752875288
145.0,114.28729242857142,0.010588434407716093,7413.866000610813,-469712.60473444435,469771.1107076417,15186341.154177472,293.1634848693427
150.0,114.28729242857142,0.01055038106667748,156572.93928951625,-253953.23568357856,298340.964723113,16096866.460211752,293.16283963554656
155.0,114.28729242857142,0.010300636645004023,212997.1539813448,-169781.04212014624,272384.635887481,39418489.465210594,293.1621619393033
160.0,114.28729242857142,0.009400206628577013,194312.0358037612,-134294.76257721244,236203.83255542666,90050414.60490496,293.1614839498062
165.0,114.28729242857142,0.007113015596944114,145605.62374693874,-110816.84400729973,182979.15340954362,120132936.47519551,293.16081891075885
169.99999999999997,114.28729242857142,0.004090235478479096,156509.5042269028,-131754.5163604221,204583.6686901465,133101650.71314827,293.16018195644364
175.0,114.28729242857142,0.0020543335918095265,196286.46878325444,-186857.37637790738,271005.64004137344,108799629.79434992,293.15958030988435
179.99999999999997,114.28729242857142,0.0011348354824851064,205329.15270908162,-234370.4514445407,311591.99197435606,61343194.54362946,293.15902489180803
185.0,114.28729242857142,0.0007357745660678547,194538.96424174114,-260823.9716542693,325383.70087906445,31343453.80383257,293.15851854265935
189.99999999999997,114.28729242857142,0.0005494836149501692,173843.64394060057,-264844.88899500726,316803.4528936262,15988684.027575541,293.1580459179463
195.0,114.28729242857142,0.0004542950010997105,147126.59029758532,-248619.0610906083,288890.4136695594,8289556.454119649,293.1575911458045
199.99999999999997,114.28729242857142,0.00040095458334539686,118545.83795839011,-217726.11535910974,247906.7909651231,4397250.003173244,293.15715080626063
205.0,114.28729242857142,0.00036808735858933543,91816.15936414718,-179920.7720175581,201994.28537405853,2408074.538754457,293.1567365370916
209.99999999999997,114.28729242857142,0.00034587812194342447,68985.2702101317,-141979.50317843468,157851.66083624217,1368998.8024879824,293.15636440565225
215.0,114.28729242857142,0.0003295646980330353,50686.59443434378,-108611.94572179673,119856.93809215288,809823.7402623678,293.15604098953867
219.99999999999997,114.28729242857142,0.00031683706581306,36774.09553098273,-82678.66695248161,90488.09905817018,500355.06722942763,293.1557602934827
225.0,114.28729242857142,0.0003067248862864169,26980.99225254055,-66360.00875272286,71635.35931781949,333159.71068574354,293.15551054961037
229.99999999999997,114.28729242857142,0.00029903334999143685,20892.87949932884,-60943.275484211554,64425.11343038502,254840.86666704633,293.1552817376211
235.0,114.28729242857142,0.00029368685147121,17271.028728520767,-66006.54950071692,68228.68172793597,230974.57922906955,293.1550692488601
239.99999999999997,114.28729242857142,0.00029032364233374,14317.023829905711,-79502.09848788305,80780.9435159255,236548.16643290655,293.15487282236006
245.0,114.28729242857142,0.00028841200725048866,10977.844727884358,-99018.45447982865,99625.13439109348,255838.98966917593,293.1546920491665
250.0,114.28729242857142,0.0002874475612751935,6957.095072496972,-123778.4417721726,123973.8029560878,283197.2277612891,293.15452277000355
254.99999999999997,114.28729242857142,0.0002871091037944921,3765.4877699112544,-154839.7258424468,154885.5047998664,319739.7504105814,293.15435719641556
260.0,114.28729242857142,0.00028693746580225806,5570.460830980018,-193688.76188767946,193768.84815535153,369769.4409780277,293.154186588409
265.0,114.28729242857142,0.0002865515209879199,13614.59371312544,-188759.61108251847,189249.961527069,352384.22023377946,293.1540049820394
270.0,114.28729242857142,0.0002855760064309455,28130.079094913148,-188192.59330667288,190283.3506257887,356243.07673708926,293.15381299217677
274.99999999999994,114.28729242857142,0.0002837385130784286,43438.46684535277,-190837.82575601107,195719.12563966875,376887.1987150183,293.1536184448631
280.0,114.28729242857142,0.00028123215974641024,55389.31356621681,-193506.96197306257,201278.21638066295,398601.0177903635,293.153431664302
285.0,114.28729242857142,0.0002781995817218069,64648.79528440664,-194894.41128770326,205337.03582867255,414838.85751593515,293.1532594846383
290.0,114.28729242857142,0.0002747672802179696,71061.61074242971,-194017.9796818516,206622.18893704517,420047.8526997878,293.15310330394703
294.99999999999994,114.28729242857142,0.00027109342064756396,73747.99292038035,-190147.78191964433,203948.38913005684,409246.9124289105,293.1529607921152
300.0,114.28729242857142,0.00026739248092593154,71652.76672914183,-183374.74138543222,196876.64858513555,381358.35738494195,293.1528282390592
305.0,114.28729242857142,0.00026392814397464977,65432.47764203545,-176055.30772566417,187821.4058853617,347084.34593483387,293.1527020426763
310.0,114.28729242857142,0.000260849233161728,51506.01026249702,-170944.43332579202,178535.3420985229,313612.41933151876,293.1525792025161
314.99999999999994,114.28729242857142,0.00025877754294840007,8874.363704154224,-115421.31991745565,115761.97744787039,202197.49606346872,293.15245717465143
320.0,114.28729242857142,0.0002594883016484002,-22381.191470917864,-62509.500148416344,66395.44668471438,136871.54756375888,293.1523338627034
325.0,114.28729242857142,0.0002658403108337709,-37578.21735486426,-33846.72874982414,50573.94058834642,189627.0100466259,293.15220869361633
330.0,114.28729242857142,0.00028780469461129227,-45278.99423771632,-20267.794305851017,49608.172766223055,503706.6282963562,293.1520849409699
335.0,114.28729242857142,0.00036003428547986323,-46958.32095405799,-14331.600270403098,49096.62588340405,1539341.3959731718,293.1519702594645
339.99999999999994,114.28729242857142,0.0005925937460604145,-35772.33677332406,-11050.684184839287,37440.32183591869,2790507.3872187166,293.15187172036775
345.0,114.28729242857142,0.0010838141351753004,-27694.62397963197,-8761.41061213797,29047.452784843117,2877499.8210937497,293.15179064285223
350.0,114.28729242857142,0.0015525464066526722,-39478.50223071099,-11400.068923296245,41091.52844366047,2843033.1617204524,293.1517236167499
355.0,114.28729242857142,0.0017594195927509906,-50800.8437868125,-14039.985179768593,52705.283542546735,1476810.6456381802,293.15166545115187
359.99999999999994,114.28729242857142,0.0018270465523529697,-50957.691611488364,-17463.935792041662,53867.201409764224,511579.4671594666,293.1516127200326
365.0,114.28729242857142,0.0018507318697618235,-48230.028769141994,-22645.317048220873,53281.7610377764,192083.15791726595,293.1515641925846
370.0,114.28729242857142,0.0018602134472435281,-44196.594509937444,-29835.333895364707,53324.34823721459,87178.79967743316,293.1515207869333
375.0,114.28729242857142,0.001864504082652385,-38138.16925990881,-38091.94843321886,53902.843059865205,47906.409789708,293.151484251593
379.99999999999994,114.28729242857142,0.0018666046893547495,-31154.124521729904,-45360.38720086526,55028.57622842766,31914.758467490356,293.1514553004848
385.0,114.28729242857142,0.001867841309341146,-21590.60467174078,-41921.510610740566,47154.716222005074,21877.37060747688,293.1514332874058
390.0,114.28729242857142,0.0018687637498219236,-16074.984765365643,-38490.213655030886,41712.12872075295,17118.651896747277,293.1514171281216
395.0,114.28729242857142,0.0018694488078176827,-11010.819953071254,-35914.483491218525,37564.45501374884,13883.502334203367,293.15140611989835
399.99999999999994,114.28729242857142,0.0018698648318172307,-8217.545155660144,-33495.48070674719,34488.77029065239,11849.678118989577,293.15140027525405
0.0,119.25630514285713,0.002670735384965396,-142962.52818116717,-859949.4175297925,871751.848391376,7477055.537589996,293.1654397320477
5.0,119.25630514285713,0.0026778835113744543,-212438.85776940297,-863306.4831185564,889060.3759503057,7776915.181705434,293.16548313525743
10.0,119.25630514285713,0.0026919792707423363,-348151.893530828,-868383.7042993137,935574.6890877814,8611955.570342634,293.1655672203238
14.999999999999998,119.25630514285713,0.002712698700727537,-476114.15418732754,-874859.9176459134,996024.3788788148,9760785.962917764,293.1656958260896
20.0,119.25630514285713,0.002739590686161069,-592684.3525389491,-884577.8425235148,1064778.2403994126,11154835.945881004,293.1658800019567
24.999999999999996,119.25630514285713,0.002771967135981432,-700211.796894985,-901021.1324698725,1141111.5816028665,12811532.397108966,293.16613520321755
29.999999999999996,119.25630514285713,0.0028096118658505675,-994746.8598214763,-917158.587479699,1353034.0682009617,18892542.050130125,293.1664703156517
35.0,119.25630514285713,0.002876304691573845,-980147.5803889317,-543149.9627305319,1120580.7250512815,27369795.32466228,293.1668650333222
40.0,119.25630514285713,0.003026747885889792,-939705.3100626521,-335280.0893129774,997726.8203519756,54353577.7566164,293.16726832929453
44.99999999999999,119.25630514285713,0.003397801519156763,-828333.3052103745,-231970.87003871877,860201.4584196331,118931298.24497806,293.167622180663
49.99999999999999,119.25630514285713,0.004379929478602692,-563350.1057869403,-181630.9515313362,591906.3644229005,181893162.55740753,293.1678894131451
54.99999999999999,119.25630514285713,0.006370452229512666,-349266.9334276912,-160495.07097457844,384377.4949097804,165846358.26865247,293.1680792374766
59.99999999999999,119.25630514285713,0.008364693925359679,-422797.3013468786,-288511.0937965822,511855.65276736324,182430417.6449181,293.16823837501613
65.0,119.25630514285713,0.009362645201736877,-536822.5027332304,-618758.8113395595,819170.8405766856,171065980.2937134,293.16838028835474
70.0,119.25630514285713,0.009755608765973176,-581546.4556087516,-1221517.8137491161,1352886.5618881437,171520973.04937226,293.1685079132774
75.0,119.25630514285713,0.009916548595744616,-578391.8464791719,-2228183.313449657,2302029.1063340353,199097072.01926172,293.16859288611215
80.0,119.25630514285713,0.00997647054280631,-404987.96756642766,-3828781.138682348,3850140.291184632,247948265.21130675,293.16858956322886
84.99999999999999,119.25630514285713,0.009985398799910424,-286378.47339115303,-5431094.966048006,5438640.010172933,291021771.0444395,293.1684673136684
89.99999999999999,119.25630514285713,0.010005108390145425,-628609.4886510767,-5082003.8210920505,5120733.612170855,257993770.89731428,293.16822999818197
94.99999999999999,119.25630514285713,0.010048259748775532,-1021710.521816894,-4719557.700661484,4828883.6474142205,229423729.30747133,293.167916593343
99.99999999999999,119.25630514285713,0.010107279442327114,-1278622.5612604516,-4348017.913500084,4532122.618628258,202091550.2849868,293.1675531768188
104.99999999999999,119.25630514285713,0.010176122004901577,-1431430.9159055469,-4000724.8243454364,4249093.266468037,177638615.79618144,293.1671557298911
109.99999999999999,119.25630514285713,0.010250422533917669,-1510776.8712927136,-3692028.769298686,3989175.752979827,156570952.63600457,293.1667345557537
114.99999999999999,119.25630514285713,0.010327199692030848,-1540250.8178084288,-3425418.6164992773,3755777.5866016555,138785656.6100141,293.1662981590021
119.99999999999999,119.25630514285713,0.010404447615698512,-1536593.9265616497,-3200155.891411316,3549946.2847317425,123990501.34508601,293.16585438545235
125.0,119.25630514285713,0.010480859084687013,-1510476.7146794514,-3010318.6485383236,3368019.9333327035,111607700.18199368,293.16540744186955
130.0,119.25630514285713,0.010555495287166457,-1468920.966872234,-2848505.5554042477,3204951.279830275,101061959.98077582,293.16495303484294
135.0,119.25630514285713,0.010627751181374236,-1378085.5161072381,-2702657.843759376,3033723.6377327833,90551757.44563651,293.1644757099746
140.0,119.25630514285713,0.010693303838777181,-597032.0907197259,-1463852.0280079741,1580920.6423006267,46376043.29030852,293.1639510129817
145.0,119.25630514285713,0.010740348066154485,-137214.45190219278,-704421.8862049606,717661.4797906975,21383538.896274395,293.1633654404927
150.0,119.25630514285713,0.010751206071547262,74390.09332136509,-348829.5357274836,356673.42342850997,13481326.665518325,293.16271576886004
155.0,119.25630514285713,0.010660224294878663,159460.74733709556,-201100.95467175564,256650.19756703198,20176222.01688234,293.16202130031263
160.0,119.25630514285713,0.010254767422840368,169876.05685542655,-144612.43907486042,223093.32627384516,47407859.11485918,293.1613227210001
165.0,119.25630514285713,0.009015608318222774,136255.56215253132,-119688.28671479582,181358.38605982767,86699635.57583289,293.16065727397097
169.99999999999997,119.25630514285713,0.006604275644838934,117686.24676664836,-117127.6181395513,166038.94606105218,116303398.40284532,293.1600471347772
175.0,119.25630514285713,0.003969537643007489,136201.56998000212,-154268.79645302112,205790.49838143907,134501060.07787055,293.1594992606281
179.99999999999997,119.25630514285713,0.0022077224681374104,158612.4921809763,-211122.11648441793,264065.2774310178,115461034.8771527,293.15900377184477
185.0,119.25630514285713,0.001300188481566306,158962.76346168222,-247219.60902642732,293916.1364310478,72228892.30978473,293.15854726792475
189.99999999999997,119.25630514285713,0.0008568490816148381,141443.4930675505,-250072.15971568422,287301.8391796629,38302511.628336996,293.15811220042144
195.0,119.25630514285713,0.0006330921366112755,115083.08032727617,-229679.5403379768,256898.43640528177,19390771.439431384,293.1576795611938
199.99999999999997,119.25630514285713,0.0005131813230237552,86903.24040900478,-197294.40645877112,215585.84372241158,9932822.511486113,293.1572423144845
205.0,119.25630514285713,0.00044432633645385787,61696.55387262733,-161451.98562508583,172838.67744819424,5306520.0804235805,293.1568156777311
209.99999999999997,119.25630514285713,0.00040179188904521687,41910.70709698737,-127655.83208114626,134359.6622267981,3004585.1517505953,293.156427493985
215.0,119.25630514285713,0.00037342950183938634,27996.40643482655,-98926.02460124047,102811.26940500847,1811227.5958368778,293.1560943339524
219.99999999999997,119.25630514285713,0.00035303353678024617,19173.577697653942,-77097.38026061202,79445.78103824885,1163224.4000513374,293.1558120926592
225.0,119.25630514285713,0.0003375141495684758,14344.073189526487,-64040.43091399734,65627.19883795864,812665.7933989915,293.1555658191054
229.99999999999997,119.25630514285713,0.0003255247216738549,12539.459044458703,-61252.84407295604,62523.18722005079,645597.1953593007,293.155341346565
235.0,119.25630514285713,0.0003164660269021399,12627.104164669025,-68253.91174011107,69412.10432923262,585592.8861388146,293.15513110192313
239.99999999999997,119.25630514285713,0.00030992616982376765,13307.38966727476,-82812.13748176898,83874.52970989523,575890.4728739733,293.1549345533624
245.0,119.25630514285713,0.000305393985038766,13864.693140210256,-103099.76984421336,104027.8436660203,587811.137941976,293.15475339271734
250.0,119.25630514285713,0.00030227189541959346,14486.0571053917,-128785.17212325809,129597.32408224285,611375.1134368656,293.154585479218
254.99999999999997,119.25630514285713,0.0003000345251129855,15807.738408610043,-159069.92832822277,159853.45380047619,634705.8870798055,293.1544232991483
260.0,119.25630514285713,0.0002982811560439786,17409.848246837526,-191184.72421946327,191975.78386570045,645585.5296898413,293.1542567377559
265.0,119.25630514285713,0.00029693488679359965,21728.390675257724,-221391.77464065354,222455.480579541,641824.6514873327,293.1540774242222
270.0,119.25630514285713,0.0002954168931120348,32965.59027592904,-249114.70272012768,251286.42075046158,637624.7257224822,293.1538837622154
274.99999999999994,119.25630514285713,0.0002935515665075505,43094.86625098374,-234103.6284975062,238037.13234049972,557486.3933497508,293.153683440998
280.0,119.25630514285713,0.0002911074064869364,54702.64562555227,-219733.5236702573,226440.2810080006,504489.6061540714,293.15348882864686
285.0,119.25630514285713,0.00028808130194499525,65800.61564117798,-209336.3115139312,219434.30073034542,473755.08309711306,293.1533088510803
290.0,119.25630514285713,0.00028452734492281863,75260.41070321402,-201354.09820978408,214959.5363902049,454630.2049683304,293.1531457575756
294.99999999999994,119.25630514285713,0.00028055526087467385,81397.89376078335,-194587.81459376105,210926.60974155847,437731.29513586126,293.1529971503952
300.0,119.25630514285713,0.0002763875555467403,80692.38083981872,-188373.5170695046,204928.87121812114,413191.2808656059,293.15285888383033
305.0,119.25630514285713,0.000272486022790692,70650.91796992156,-184060.7843212115,197154.5701598929,382435.80892577826,293.15272680136195
310.0,119.25630514285713,0.00026932246374974814,33030.72591236111,-136427.29057401555,140368.92272744846,269527.9389698174,293.15259738449356
314.99999999999994,119.25630514285713,0.0002678936712865671,-2571.6949291283736,-84312.7553153945,84351.96692242623,174650.40527542494,293.1524678493701
320.0,119.25630514285713,0.00026996404810554784,-23117.81637524061,-48660.078502163306,53872.41106351226,148212.14845264523,293.1523363925112
325.0,119.25630514285713,0.0002798928890255055,-33564.844147913165,-28485.62775860021,44023.05931526381,238443.52592886,293.15220373158496
330.0,119.25630514285713,0.00031193655196346974,-38848.86769922754,-18331.096920777974,42956.531934399,627924.1825348187,293.15207552467825
335.0,119.25630514285713,0.0004142566953108873,-38396.293758744425,-13207.79161473341,40604.44721635819,1710962.2206087564,293.15196117994066
339.99999999999994,119.25630514285713,0.0007169203679035326,-28117.449678532976,-9553.62821374646,29696.17464373697,2522139.2409793427,293.15186689128006
345.0,119.25630514285713,0.0012315898492222504,-26243.7788510672,-8183.753095287804,27490.175392462574,2598308.2162631075,293.151791792548
350.0,119.25630514285713,0.0016340213571157975,-40307.92190400392,-10301.732353122716,41603.5366008066,2357128.5604736255,293.15173068668275
355.0,119.25630514285713,0.0017895052181552684,-49104.351192028604,-12560.661729045849,50685.377862472305,1057839.446131367,293.1516778419867
359.99999999999994,119.25630514285713,0.0018395297225206502,-49167.53920522183,-16228.993531852882,51776.70463204422,362678.83194145834,293.1516293481758
365.0,119.25630514285713,0.001857111494526688,-46805.328519417955,-22329.645275371633,51858.96099937374,139257.97771760295,293.1515832336613
370.0,119.25630514285713,0.0018641630401330972,-42856.20162100556,-31597.474100394953,53245.22877127498,66462.25718703336,293.1515399662636
375.0,119.25630514285713,0.001867322829330187,-36832.09958474616,-43835.29973994521,57255.0177985432,41314.60638880358,293.1515018093524
379.99999999999994,119.25630514285713,0.0018688810422886257,-26148.67328400899,-48100.69534720021,54748.79000852908,29491.29907745169,293.1514706639342
385.0,119.25630514285713,0.001869937696658588,-18504.552072213817,-44801.45727523256,48472.559467989326,23117.281260121712,293.1514467531819
390.0,119.25630514285713,0.001870731497495847,-13403.451856097618,-42057.61638017874,44141.76726458747,19170.97875757939,293.1514292587661
395.0,119.25630514285713,0.0018712780418441977,-8398.477651834492,-39329.54126147236,40216.25595087415,15912.855722741639,293.1514174443114
399.99999999999994,119.25630514285713,0.0018715713452610305,-5866.068336656851,-37151.08763139563,37611.35559808986,13918.192088686254,293.1514112305097
0.0,124.22531785714284,0.002709936480587103,-148278.94901733688,-715231.1572171183,730439.768205308,5249448.418516705,293.16531228436816
5.0,124.22531785714284,0.00271735042803797,-219219.7423422828,-723759.5893067688,756230.9426002876,5626699.728206168,293.16535775822365
10.0,124.22531785714284,0.0027318584548213314,-357720.31114047865,-735416.4206137613,817802.6245438429,6580241.800286203,293.1654450901631
14.999999999999998,124.22531785714284,0.002753122459152018,-489786.69017102005,-749410.0779948218,895268.935498651,7885911.220145897,293.165577625305
20.0,124.22531785714284,0.0027808371238384334,-614584.8425070759,-770155.2014959434,985319.0158678073,9552093.866105823,293.1657663660135
24.999999999999996,124.22531785714284,0.0028145809434027254,-762958.8328690423,-805527.7813351051,1109495.9157903863,12111453.565060768,293.1660273095964
29.999999999999996,124.22531785714284,0.0028571330071253376,-1065585.9772697042,-815263.2257872078,1341688.3402172036,20954667.8285802,293.166370719792
35.0,124.22531785714284,0.002940653666551126,-1121246.8023788384,-577468.5520113938,1261215.4139586566,38910313.04653855,293.16677735843825
40.0,124.22531785714284,0.0031359007700836328,-1124224.1663166732,-429249.6967260539,1203384.9252295909,88275769.73960365,293.1671902428123
44.99999999999999,124.22531785714284,0.0036371846561526135,-1023180.6653440305,-341173.50799661694,1078562.9497125193,207088789.2896566,293.16753664020723
49.99999999999999,124.22531785714284,0.004987184848871687,-668402.4434428276,-265315.9175792526,719134.453715898,283346515.729516,293.1677575983948
54.99999999999999,124.22531785714284,0.007359308852131603,-480436.23230837245,-225446.39398874273,530702.4117876155,245891374.15343082,293.1678717726327
59.99999999999999,124.22531785714284,0.009250349156164381,-628344.4782552856,-364850.0858600697,726589.5461028926,215811158.8021083,293.16793542047077
65.0,124.22531785714284,0.009969958282507702,-634279.1992617096,-672990.2311386144,924784.2742088995,125377986.07810454,293.1679733528771
70.0,124.22531785714284,0.010195445393302766,-496882.3759404398,-1286211.1853622205,1378851.4455412175,107873047.69122052,293.16801085542465
75.0,124.22531785714284,0.01025649925568293,-237114.30979238125,-2398607.825861098,2410299.2963925498,142113851.52365792,293.1680331796486
80.0,124.22531785714284,0.01025439859189869,163238.19981060238,-4252471.386428626,4255603.318246616,212735495.01310295,293.16800418968955
84.99999999999999,124.22531785714284,0.010237010028214455,83408.40766575195,-4816155.537074097,4816877.735604135,228284328.5187777,293.1678876562828
89.99999999999999,124.22531785714284,0.010246057751132114,-379290.1389059085,-4651932.427018196,4667369.314187026,214333070.62525246,293.16768606275764
94.99999999999999,124.22531785714284,0.010274939042105045,-724245.0779387614,-4416147.192793402,4475140.999045233,197041769.6190894,293.16742036999017
99.99999999999999,124.22531785714284,0.01031848225892599,-972842.2545804763,-4149052.0769849056,4261578.955015381,178684109.0012026,293.16710747629395
104.99999999999999,124.22531785714284,0.010372223267563093,-1141746.4064559026,-3879971.953811482,4044473.664028319,160941808.1839325,293.1667591833675
109.99999999999999,124.22531785714284,0.01043265689957158,-1249534.3677052483,-3626807.4776245006,3836022.499390423,144779523.93336004,293.16638417499126
114.99999999999999,124.22531785714284,0.010497176704333618,-1312199.2875915132,-3399072.0684472932,3643563.9004763225,130616377.15971754,293.1659899756372
119.99999999999999,124.22531785714284,0.010563876828330732,-1341421.6194883832,-3201095.439535969,3470795.870437905,118523098.57495274,293.1655831837803
125.0,124.22531785714284,0.010631318866282456,-1343365.100402328,-3033403.0157202613,3317553.8652386237,108288121.17708611,293.16516690955535
130.0,124.22531785714284,0.010698213338370965,-1315449.2011216434,-2894462.2877547937,3179358.195605881,99454347.35041875,293.16473680168065
135.0,124.22531785714284,0.01076286378639462,-1317163.8375324495,-2780467.5137185683,3076673.555928143,93133878.7162005,293.1642785944615
140.0,124.22531785714284,0.01082992972212421,-935095.4160414076,-2112231.439391868,2309962.1405246225,67923849.59655674,293.1637678409292
145.0,124.22531785714284,0.010883846589584282,-335106.11455218866,-1025010.0656096778,1078397.766416187,32040740.55303109,293.16318375750745
150.0,124.22531785714284,0.010923768444367309,-56252.25993061615,-486094.3577852814,489338.37108690623,16327276.165927812,293.16252378410616
155.0,124.22531785714284,0.010922830941328985,68576.53106638714,-250500.80915779385,259717.91621258747,12794566.750648286,293.16180742250884
160.0,124.22531785714284,0.01079156206101186,110302.8416980899,-159894.9845738208,194250.15567184568,20970555.017452244,293.1610842013205
165.0,124.22531785714284,0.0102997721585335,113780.9777909546,-135033.98791757622,176579.41216345076,46114333.985277504,293.1604135930918
169.99999999999997,124.22531785714284,0.009081229294004166,108972.74651656476,-133684.6259461654,172472.1389028664,88536717.34181613,293.15983197174296
175.0,124.22531785714284,0.007003230553200233,107087.34581962558,-139485.12561875753,175851.64174261395,125448567.91447176,293.15933785499703
179.99999999999997,124.22531785714284,0.004665868923488884,114534.76779205308,-160150.33454440386,196891.70294317635,139186208.37337407,293.1589075153221
185.0,124.22531785714284,0.002823638828305058,122385.35819728817,-190771.72597312712,226653.98150450486,121596045.2043455,293.15851254983204
189.99999999999997,124.22531785714284,0.0017216008084938645,113225.21891885051,-203739.47682607675,233087.3754980846,79677845.05806161,293.1581260120976
195.0,124.22531785714284,0.0011359266180854368,90358.87222527392,-190823.16509994387,211135.51602841198,43430926.497071944,293.15772597932073
199.99999999999997,124.22531785714284,0.0008268492671738069,64812.18621145776,-164910.8206353993,177189.7238672421,22789401.70850228,293.1573019512685
205.0,124.22531785714284,0.000657772743293736,42856.806884828635,-136462.2541044581,143033.7466880917,12510620.605729254,293.1568698224515
209.99999999999997,124.22531785714284,0.0005604844983594808,26760.434194536203,-110358.29572463517,113556.48054393959,7442844.833546717,293.1564684453044
215.0,124.22531785714284,0.0005007858409504067,16575.867921218432,-88472.49390888719,90011.89685702529,4815211.413896214,293.1561264387877
219.99999999999997,124.22531785714284,0.00046035847753888654,11262.021857445288,-72030.51200382902,72905.60880927702,3343658.3098441754,293.15584301388856
225.0,124.22531785714284,0.0004287793708383861,9485.898827482628,-63095.42932682785,63804.50986021258,2497449.2923609396,293.15560082379267
229.99999999999997,124.22531785714284,0.00040121218034087317,10199.398183046824,-63653.35128987065,64465.315121606414,2056530.3447895874,293.1553824092855
235.0,124.22531785714284,0.0003774799341298593,12455.923368602455,-73199.0647514377,74251.2835407555,1847082.7759070105,293.15517741485723
239.99999999999997,124.22531785714284,0.0003587981539180991,15181.577326517261,-89526.092617908,90804.19345796351,1736823.4373424354,293.1549841286486
245.0,124.22531785714284,0.0003449774987335824,17970.393717142968,-111579.74931868476,113017.58937603324,1678294.316770047,293.154805441449
250.0,124.22531785714284,0.00033479939494249905,21295.189126087498,-139788.61703531144,141401.35265463623,1659052.109566043,293.1546412673955
254.99999999999997,124.22531785714284,0.0003270181928296823,25701.178139924432,-173270.38256776848,175166.1383742902,1648497.411066693,293.15448492994494
260.0,124.22531785714284,0.0003207649210531557,31012.821489017748,-207260.36230593297,209567.7763395324,1597225.5544245811,293.1543254627983
265.0,124.22531785714284,0.00031555478704082277,36872.83846957541,-234211.4859633855,237096.23863313504,1467026.234273664,293.15415212217283
270.0,124.22531785714284,0.00031098466398977103,42530.51066541194,-251788.28349519405,255355.01569954903,1289881.2672203442,293.15396005494017
274.99999999999994,124.22531785714284,0.00030700379120771916,49944.880631184285,-262844.77436830435,267547.87705004885,1116158.73073135,293.1537551072622
280.0,124.22531785714284,0.00030306933320385643,62048.53292389073,-270757.21012458956,277775.9659734051,978835.428782817,293.15355105583285
285.0,124.22531785714284,0.0002990034775912949,75390.18413619784,-273440.6707971828,283643.22715359007,870571.4125117185,293.1533598749596
290.0,124.22531785714284,0.0002947779016995286,84431.745846214,-264824.0200568355,277957.6969715048,771741.9199548298,293.15318590379013
294.99999999999994,124.22531785714284,0.00029043160714279335,82850.13416520566,-240132.5432112491,254023.19390223996,663983.921263222,293.15302739481115
300.0,124.22531785714284,0.00028611308895299325,66895.07395894694,-200111.4288437438,210996.52810853955,537677.0290750489,293.15288006892536
305.0,124.22531785714284,0.0002822201515245198,38635.19129179992,-151273.38235584198,156129.15876136252,398133.2251186308,293.15273937360814
310.0,124.22531785714284,0.00027969953730055833,9766.085386995153,-104594.49182803983,105049.43666936996,282241.8960542981,293.1526014536426
314.99999999999994,124.22531785714284,0.000279681461422829,-10356.998317928272,-66945.16756518517,67741.58895751035,213131.71526668916,293.15246351214563
320.0,124.22531785714284,0.00028458860864172123,-21706.285250761714,-41155.18394713671,46528.614691500276,211558.21693182414,293.1523243995705
325.0,124.22531785714284,0.0003012405455162327,-27488.768763690576,-25820.80005709739,37714.00434496781,337138.0592067183,293.1521864228007
330.0,124.22531785714284,0.00035081222973011144,-29852.35406517685,-17219.376869722808,34462.588164765366,772067.4626737823,293.1520571081117
335.0,124.22531785714284,0.0004984797313818118,-27274.700807071476,-11870.427628963767,29745.862841910162,1652628.5061211884,293.15194594663797
339.99999999999994,124.22531785714284,0.0008685826547971814,-20583.259483795595,-7939.201803097948,22061.31220593134,2022956.184202571,293.1518570491645
345.0,124.22531785714284,0.001368026791915637,-22785.65401792431,-7234.084294861795,23906.442742694202,2037603.3816806728,293.15178748142324
350.0,124.22531785714284,0.0016942524208526395,-34639.55254880208,-8589.475957251074,35688.62140797001,1604937.0693501418,293.15173115160906
355.0,124.22531785714284,0.0018116618762029006,-40653.808325724785,-10892.997874233206,42087.87870720998,664367.1176564868,293.1516824115436
359.99999999999994,124.22531785714284,0.0018492234215282568,-40640.25718944863,-15080.04231193043,43347.87400270218,230861.93742705646,293.1516372804517
365.0,124.22531785714284,0.001862410974046013,-38678.91440876581,-22239.301944403374,44616.64454903546,93536.33999792252,293.15159343192727
370.0,124.22531785714284,0.0018676955093609156,-35499.37654153514,-33573.06209727872,48860.5795445104,50772.478842891134,293.15155081555304
375.0,124.22531785714284,0.0018700843594663579,-31752.34398313717,-49953.47045290997,59190.88239512245,40053.370092291276,293.15151169736606
379.99999999999994,124.22531785714284,0.001871384948689674,-22093.30091171389,-53316.43833428424,57712.70693555339,32770.85272610893,293.15147879778056
385.0,124.22531785714284,0.0018722936895575293,-15584.97742762833,-49987.491874746156,52360.6805279257,26974.625103294446,293.1514532141765
390.0,124.22531785714284,0.0018729434464324368,-10636.980716590037,-46858.399860305486,48050.54626363144,22716.504823242027,293.151434487688
395.0,124.22531785714284,0.0018733573876291883,-6134.6992059289205,-43977.092686426775,44402.91899749155,19398.488641131204,293.1514218981034
399.99999999999994,124.22531785714284,0.0018735569163530297,-3990.574476827811,-41941.98797298978,42131.402062850095,17464.520915561738,293.1514153091108
0.0,129.19433057142857,0.002741815239242699,-159913.68317572545,-562089.8464354528,584394.8849302647,3360142.259892439,293.16512632068486
5.0,129.19433057142857,0.002749810923401485,-232499.02386122785,-581122.9523607434,625907.0872397041,3854469.3005719804,293.1651747683976
10.0,129.19433057142857,0.0027650651416288217,-373643.41441454337,-600141.1858590792,706950.3830536483,4917254.890872994,293.1652666301864
14.999999999999998,129.19433057142857,0.0027871752648429395,-510637.64296379726,-617292.1967540266,801124.4963081796,6314585.903744709,293.1654044381821
20.0,129.19433057142857,0.0028161289059252014,-648454.2688178255,-641285.8483795574,911998.0691207353,8183379.472860979,293.1655991458966
24.999999999999996,129.19433057142857,0.002852020691724722,-893414.521324675,-718796.0847631863,1146672.2802896579,12936699.213977626,293.16586771589675
29.999999999999996,129.19433057142857,0.002905470358057669,-1118144.224767039,-693731.2718537984,1315868.3767488948,25439025.521392357,293.1662219696091
35.0,129.19433057142857,0.00301898688412049,-1233195.04998081,-584246.7826563946,1364593.1021156162,57283752.013545305,293.16664356814067
40.0,129.19433057142857,0.0032910481685093293,-1279572.7020444006,-498146.10118137684,1373119.0181260381,143858079.65127757,293.1670666947296
44.99999999999999,129.19433057142857,0.004011275497402413,-1147480.5970155965,-428971.98772305815,1225042.3204029896,329051622.0801013,293.16739784321726
49.99999999999999,129.19433057142857,0.005848234354894562,-725627.7623234463,-321746.1353535441,793760.8109937609,371388316.6943799,293.16756216985027
54.99999999999999,129.19433057142857,0.008358559051359097,-681385.7248173625,-323287.91444828594,754189.353951118,330412791.9198863,293.16760816708984
59.99999999999999,129.19433057142857,0.009871180654367566,-872881.2103656111,-469548.4439584395,991159.5979624704,221537708.36822444,293.16759166359896
65.0,129.19433057142857,0.010359207444134972,-738788.1335336029,-800215.020088299,1089106.0483832515,98185809.4778863,293.16755712895673
70.0,129.19433057142857,0.010492741206171732,-433970.08027294354,-1517477.9029735203,1578312.1416833294,84718578.08082964,293.16753393884125
75.0,129.19433057142857,0.01050921315684702,73013.62893523648,-2843473.0890576867,2844410.3427961227,127656137.23441945,293.16751038214545
80.0,129.19433057142857,0.01048103230117443,451835.9498262119,-4313220.672744633,4336822.37327597,185049587.882031,293.16745472669714
84.99999999999999,129.19433057142857,0.010464029561864398,136136.83511977046,-4366050.8482812,4368172.758448711,187734661.92524087,293.1673370453294
89.99999999999999,129.19433057142857,0.010467418617662453,-231080.17894084635,-4292538.89931013,4298754.267365134,181815160.05685234,293.1671572516283
94.99999999999999,129.19433057142857,0.010487137579758483,-521946.75120091974,-4143659.6857753713,4176403.237548937,171612809.08082962,293.16692489710744
99.99999999999999,129.19433057142857,0.010519613292782545,-745770.245343183,-3952046.7200797377,4021796.431513192,159142076.90035158,293.1666500750299
104.99999999999999,129.19433057142857,0.010561714604292801,-912422.9050677668,-3743500.0980755524,3853090.7778021493,146070775.40664554,293.1663411038434
109.99999999999999,129.19433057142857,0.010610855583289322,-1032857.342358074,-3536471.33335473,3684212.776334012,133547038.38001634,293.1660049551006
114.99999999999999,129.19433057142857,0.010665000338528609,-1117177.111831149,-3343334.454670758,3525048.9322827854,122257399.15705927,293.16564790243143
119.99999999999999,129.19433057142857,0.010722573294472437,-1173191.092117363,-3172124.9895212646,3382122.748773145,112544320.61514984,293.16527495197255
125.0,129.19433057142857,0.010782319447740345,-1205743.9087150188,-3028090.957548889,3259317.9072610755,104519734.57290266,293.16488743107936
130.0,129.19433057142857,0.010843147685343939,-1217553.0218041034,-2915781.3110008254,3159781.0073620602,98233319.81409334,293.1644798210842
135.0,129.19433057142857,0.010904074749920755,-1217433.6812614992,-2842932.144731771,3092637.700704548,94102886.33653331,293.1640377412001
140.0,129.19433057142857,0.010964891053470089,-1215248.3610279423,-2747215.947203091,3004001.338140194,88786123.83794956,293.1635378351905
145.0,129.19433057142857,0.01102559958602355,-598946.5786321863,-1427583.229183009,1548137.8750937493,47679771.10470367,293.16295296341013
150.0,129.19433057142857,0.01108599495256894,-238942.99148865903,-676586.6862486093,717539.7530384108,24287901.964070227,293.1622816096424
155.0,129.19433057142857,0.011140163412696007,-54010.403436094784,-336119.4150552626,340431.17491854593,14010015.753199698,293.16154916207154
160.0,129.19433057142857,0.011152355894971658,34983.06790080069,-202295.80610681648,205298.33951632128,12722806.284343055,293.1608155172773
165.0,129.19433057142857,0.011032832435961124,79440.2434562351,-170253.42578514694,187874.90857473342,23127638.455965064,293.16015226357194
169.99999999999997,129.19433057142857,0.01062331476314619,107147.96695940846,-179853.1143768994,209350.97223228877,54240931.15676631,293.1596005219178
175.0,129.19433057142857,0.009685060979042238,117299.07830128579,-182011.78628331624,216534.90276713995,102553505.78964646,293.15915311983656
179.99999999999997,129.19433057142857,0.008015693944734338,107330.756736976,-160153.77748845876,192792.95574671467,130287899.3587042,293.15877486770455
185.0,129.19433057142857,0.005861208780441944,94266.18384712332,-142055.22636837937,170486.9518633938,125618024.31435877,293.15843041467787
189.99999999999997,129.19433057142857,0.0038749274570836923,84442.72109546694,-136729.3517654192,160703.10756235724,100811357.14104815,293.15808955604103
195.0,129.19433057142857,0.002510950583589689,68750.01260052771,-129260.59197903959,146406.50556360013,66033841.49663818,293.1577255564159
199.99999999999997,129.19433057142857,0.001722275876641008,48513.65191776947,-114574.30618333381,124422.0481256872,38420549.91530473,293.1573225252108
205.0,129.19433057142857,0.0012872138414699325,30726.623714216606,-97711.40566654514,102428.72742647547,22746863.83378816,293.1568937122775
209.99999999999997,129.19433057142857,0.0010451834394096424,18163.91331443038,-82061.63856587624,84047.84513008437,14642845.180966282,293.15648493190446
215.0,129.19433057142857,0.0009045328662181577,10871.298131832642,-68942.6948815552,69794.55781507901,10336523.31708091,293.15613613254584
219.99999999999997,129.19433057142857,0.0008107238923758488,7919.779140036259,-59646.10307145784,60169.59791487663,7917913.920213944,293.15585123103045
225.0,129.19433057142857,0.000728487428279135,8082.643260874736,-56542.804768454786,57117.57954575944,6633198.256861443,293.1556120413702
229.99999999999997,129.19433057142857,0.000643694867434422,10403.726481133745,-61904.59199941172,62772.733215209555,6123112.372268807,293.1553993301343
235.0,129.19433057142857,0.0005641735580178039,14012.440430412922,-75476.65688710907,76766.36126370885,5929058.994484163,293.1552010710826
239.99999999999997,129.19433057142857,0.0005004058887085951,17940.18399240304,-95380.08020488308,97052.61408932375,5718093.637757368,293.15501427763553
245.0,129.19433057142857,0.00045348089695511926,22037.71386362752,-121215.78112134391,123202.78578503279,5487367.724449895,293.1548418865503
250.0,129.19433057142857,0.00041943205604502747,26895.96486968431,-153878.74068046187,156211.5865090555,5303817.688177334,293.1546850000026
254.99999999999997,129.19433057142857,0.00039406476476620215,32875.85890268594,-191926.4749819977,194721.83723867414,5108055.087250084,293.15453777456594
260.0,129.19433057142857,0.00037441692588175747,39529.37220470114,-229183.6262607667,232567.63707131005,4764618.01651194,293.15438884794247
265.0,129.19433057142857,0.00035867280658087266,45951.23020741535,-257787.24457830732,261850.68077981184,4212022.927028904,293.15422556114066
270.0,129.19433057142857,0.00034572659202933124,51520.34523485043,-274548.9345217303,279341.1237539785,3535192.1123319687,293.15403949233513
274.99999999999994,129.19433057142857,0.00033494939303338423,56431.74421971714,-281405.53157912317,287008.03988565976,2861605.0546951313,293.15383294097353
280.0,129.19433057142857,0.00032580150669472217,60566.97232998611,-281457.5233834442,287900.4960161815,2286478.609385465,293.15361937826657
285.0,129.19433057142857,0.00031796799943696125,61879.878153916594,-272977.88624738186,279903.6364544629,1813077.9445917744,293.15341392305095
290.0,129.19433057142857,0.00031124678215298257,57812.0702846991,-252069.5473515973,258614.17627934116,1417591.0219705955,293.15322437623604
294.99999999999994,129.19433057142857,0.00030551368093288905,47103.83025532793,-218055.8310491016,223085.4461394492,1086037.018897915,293.15305089707186
300.0,129.19433057142857,0.00030079925465297056,30859.519748127477,-175260.80476320913,177956.90389904173,814963.8006208716,293.15288986455136
305.0,129.19433057142857,0.00029744220518244176,12493.219333293067,-130637.40089798323,131233.42197279684,604372.0510338958,293.1527369393071
310.0,129.19433057142857,0.0002963432567537008,-3290.618260404929,-90461.38485569526,90521.21474298675,455066.75834203226,293.1525886077625
314.99999999999994,129.19433057142857,0.0002992996119194388,-13742.822592661081,-59491.4067221958,61058.10877024509,380166.60476117313,293.1524427944931
320.0,129.19433057142857,0.00031058681038666805,-19288.05244134771,-38483.7246929923,43046.78888402948,400901.37196818425,293.15229932210093
325.0,129.19433057142857,0.0003417126660874982,-21510.940542105025,-25228.610385023396,33154.23570172125,575240.42243403,293.1521611894533
330.0,129.19433057142857,0.0004250025842602863,-21117.048885152795,-16702.62382145056,26924.10437022596,1001393.0103081207,293.1520354533669
335.0,129.19433057142857,0.0006382029032547536,-17788.68693793515,-10734.435710860815,20776.56114486872,1492762.0438325913,293.1519296729973
339.99999999999994,129.19433057142857,0.0010502361574384767,-14712.51705626981,-7043.554509676786,16311.646706014026,1519358.3385983952,293.1518460050893
345.0,129.19433057142857,0.0014921023405480977,-17426.633915084763,-6317.081356087826,18536.26409149953,1344553.825807221,293.1517806233886
350.0,129.19433057142857,0.0017433465829199365,-24726.608053914442,-7289.86290040893,25778.813916832267,895533.8157855463,293.15172747670493
355.0,129.19433057142857,0.0018307716315657438,-28073.54515985928,-9891.354457081328,29765.12776452137,356757.9025740208,293.1516812473085
359.99999999999994,129.19433057142857,0.0018582440636799775,-27468.828932464476,-14674.210850064124,31142.7202889076,128169.60675305485,293.1516380615076
365.0,129.19433057142857,0.0018676666093848872,-25547.425358439825,-22670.92638000978,34156.13920472976,58997.44161343853,293.15159550475573
370.0,129.19433057142857,0.0018713750671365051,-23313.19306740878,-35081.822295560145,42121.71917877448,40618.0669455887,293.1515532435533
375.0,129.19433057142857,0.0018730911626977285,-22420.92321326866,-52658.44545761828,57232.942225157785,40313.52499919018,293.15151344194135
379.99999999999994,129.19433057142857,0.0018741796434878955,-18143.03614476815,-58968.67693750527,61696.633784269216,37451.3770734371,293.151479247224
385.0,129.19433057142857,0.0018749054663122053,-12086.537014904463,-54976.14153176572,56289.07988885048,31174.044573008538,293.15145235321904
390.0,129.19433057142857,0.001875388297189386,-7430.301859159306,-51414.46025470153,51948.591020358865,26551.704033554157,293.1514326005161
395.0,129.19433057142857,0.0018756484964981212,-3512.5350164870624,-47788.89775655721,47917.811417350094,22591.174007424743,293.15141931737077
399.99999999999994,129.19433057142857,0.0018757395506910346,-1821.0838582683602,-44829.808388809986,44866.78132645871,19805.90459719507,293.1514123657364
0.0,134.1633432857143,0.0027657971124572765,-186109.24715138297,-439026.51672711555,476844.76956846117,2237169.548701039,293.1648754152056
5.0,134.1633432857143,0.0027751025748148457,-257035.26022060297,-459066.2936929692,526126.3983128698,2723485.3200389603,293.164928404835
10.0,134.1633432857143,0.002791500638479337,-393665.39819174487,-474186.7260030034,616299.8432994385,3737050.505674927,293.1650270316287
14.999999999999998,134.1633432857143,0.00281446911463402,-530676.3604088702,-490870.7683356379,722891.0780354289,5141508.783680552,293.1651723621281
20.0,134.1633432857143,0.002844568274520224,-715459.6645204654,-543779.097554457,898653.5697880895,7945650.540981108,293.165375029406
24.999999999999996,134.1633432857143,0.0028860150810860667,-942155.1536279179,-603277.5770245786,1118749.376959957,15098076.471518412,293.16565276222815
29.999999999999996,134.1633432857143,0.0029600819980050617,-1095565.6926690727,-592727.6845929105,1245628.4739184224,32909959.91237686,293.16601911208375
35.0,134.1633432857143,0.003122195489938454,-1243482.5918960543,-564060.0450811528,1365434.9822695628,82570542.48246975,293.16645596509466
40.0,134.1633432857143,0.0035198111731032785,-1320291.8516919648,-529659.7456756755,1422571.6220399654,220938881.18756148,293.1668869050612
44.99999999999999,134.1633432857143,0.004587233723567172,-1102192.3951850275,-472636.3623223868,1199255.2718220782,434326692.19895005,293.16719282978136
49.99999999999999,134.1633432857143,0.006902840832921826,-757763.3254881306,-359847.3515680706,838865.5278919173,426595274.55413544,293.1673058859512
54.99999999999999,134.1633432857143,0.009256192871980484,-931561.1709267886,-440475.4162731718,1030448.8378951733,383210307.214842,293.1673000443012
59.99999999999999,134.1633432857143,0.010319886945621293,-1059673.735256689,-605994.9593477349,1220712.2166783316,191323873.55927584,293.16722857411685
65.0,134.1633432857143,0.010639026399372094,-804682.2159075859,-1022837.8610698734,1301426.4322795724,82181239.12107082,293.1671512347453
70.0,134.1633432857143,0.010716724705582738,-332434.9413391338,-1943775.586395391,1971998.103571578,81305913.40709363,293.1670879189345
75.0,134.1633432857143,0.01070966969629285,322395.5806676904,-3631750.3072124575,3646031.9807116115,136625575.86433923,293.16702683729864
80.0,134.1633432857143,0.01068304755914645,387604.2455185081,-3927330.1434847843,3946410.914624602,153231996.4011682,293.1669403315801
84.99999999999999,134.1633432857143,0.010670909271740999,103962.00669575766,-4025453.158788226,4026795.4048392274,159537940.50591025,293.16681316364276
89.99999999999999,134.1633432857143,0.010672651358476875,-158277.2360986598,-4007581.360123273,4010705.678739657,158265567.20270243,293.1666418790377
94.99999999999999,134.1633432857143,0.010686736995350865,-385863.0843966288,-3913377.891061186,3932355.126148524,152142418.54106063,293.1664299198604
99.99999999999999,134.1633432857143,0.010711237666916538,-575162.6387757309,-3771765.7786604348,3815367.498697526,143224595.49871647,293.166182551744
104.99999999999999,134.1633432857143,0.010744253259228438,-728746.5303797495,-3605529.1404686808,3678438.784091608,133128769.74737997,293.1659049903672
109.99999999999999,134.1633432857143,0.010784112319954513,-851848.7337254994,-3432414.958218646,3536540.500341095,123055810.33743486,293.1656022251042
114.99999999999999,134.1633432857143,0.010829438132600988,-950110.964609112,-3265940.3735724846,3401334.645224024,113826551.37614715,293.16527878177186
119.99999999999999,134.1633432857143,0.010879123416415424,-1028131.8304294908,-3116314.8997273487,3281535.2527445094,105949521.82501106,293.1649374707277
125.0,134.1633432857143,0.010932251315643937,-1088610.1008433618,-2991446.516506117,3183366.804622863,99705294.17522384,293.1645770631395
130.0,134.1633432857143,0.01098798442649976,-1131437.9021115825,-2898127.4476216603,3111156.445599079,95233238.52753821,293.1641898775929
135.0,134.1633432857143,0.011045395105855095,-1149643.1503526217,-2842612.1870503956,3066288.2152726827,92506191.31456697,293.16376044354126
140.0,134.1633432857143,0.011102948741535022,-1253125.3034803008,-2824706.2896805773,3090192.3320699004,93954129.64937116,293.1632660384381
145.0,134.1633432857143,0.011170707636203125,-916700.7213238332,-1875928.1725799206,2087928.8113234793,67005476.591522835,293.1626798838087
150.0,134.1633432857143,0.011246154884095583,-472805.3730366978,-925182.79595964,1038993.8049440274,36513901.13453098,293.1620009500857
155.0,134.1633432857143,0.01133325123454156,-215040.03680912763,-482243.7687519267,528016.3538479966,20693198.732521906,293.1612664968269
160.0,134.1633432857143,0.011408375988595754,-63178.24619187419,-298428.42717032717,305042.64773181523,13522383.746805744,293.1605449654244
165.0,134.1633432857143,0.011426566961953766,30748.46174874357,-239437.6342787497,241403.91175148395,14706320.57299211,293.1599076452894
169.99999999999997,134.1633432857143,0.011329509235092444,91487.4938970495,-233008.23277280736,250325.38440891175,27103693.372955125,293.15938885692253
175.0,134.1633432857143,0.011024372977687017,122383.88726478592,-231944.17727365572,262251.62961017585,54917211.949958436,293.15897691698785
179.99999999999997,134.1633432857143,0.010336275457487918,122755.83766876487,-204046.86401943103,238126.2656615694,90871205.91470383,293.1586358765908
185.0,134.1633432857143,0.00902493015048661,99202.95275918102,-152337.89915132444,181791.25763902784,105658170.85250375,293.1583277733351
189.99999999999997,134.1633432857143,0.007112707382391738,73056.66774960978,-110945.34406548657,132838.7973164695,91893180.85794277,293.1580206810203
195.0,134.1633432857143,0.005158159429414245,54460.30316573554,-89404.79989545145,104685.92486695401,67587159.08274463,293.1576869462814
199.99999999999997,134.1633432857143,0.0036990274008630863,38350.067200196194,-76140.44943654127,85253.12718403978,44016398.699308254,293.15730646297504
205.0,134.1633432857143,0.0027975988693441844,24243.67357396687,-65531.42507676351,69872.19318836735,28142042.13628633,293.1568873250038
209.99999999999997,134.1633432857143,0.0022786608592842384,14256.68676519282,-57084.020355031105,58837.390300848914,19570298.24623967,293.15647695474064
215.0,134.1633432857143,0.0019784470575934998,8619.0792196234,-50779.582629805926,51505.86897287951,15161772.563972825,293.156123470628
219.99999999999997,134.1633432857143,0.0017779897172801747,6668.617467103401,-47116.635562884345,47586.21445007172,12977752.292663492,293.15583623553846
225.0,134.1633432857143,0.0015900033250915244,7508.249118367551,-47595.61382236289,48184.190975370424,12325680.05794456,293.1555978789715
229.99999999999997,134.1633432857143,0.0013728586309549589,10319.415045501875,-54385.09777065498,55355.480184034466,13015273.152091606,293.15538885578644
235.0,134.1633432857143,0.0011445089041501645,14429.49782824598,-69109.16875273977,70599.48734424365,14586796.400681624,293.1551969021948
239.99999999999997,134.1633432857143,0.0009436551942662894,19203.60027899767,-92252.4413914408,94229.9910132477,16236521.654677272,293.1550186494685
245.0,134.1633432857143,0.0007876040114676975,24490.42040228714,-123995.93021204177,126391.34226928004,17393888.7425918,293.15485661909685
250.0,134.1633432857143,0.000672627654195958,30594.260561457868,-164170.68392673793,166997.07255001587,17885094.735012814,293.15471185528185
254.99999999999997,134.1633432857143,0.0005881840457795519,37562.525333126316,-209563.06789930532,212902.8481180339,17564462.931258056,293.1545785550232
260.0,134.1633432857143,0.0005246889324450035,44818.6105713317,-252141.9816268302,256094.29269753254,16222130.730231004,293.1544448322311
265.0,134.1633432857143,0.00047551058518958034,51461.510990172756,-283092.63883784204,287732.0442313726,13939663.026762744,293.1542962904314
270.0,134.1633432857143,0.00043662187333591,56784.45624881266,-299421.4949391129,304758.438936556,11226710.390405526,293.15412093901284
274.99999999999994,134.1633432857143,0.00040574750335128787,60213.986212977616,-304074.94017701125,309979.5047729924,8655414.644697493,293.1539165032537
280.0,134.1633432857143,0.0003814935931941225,60542.868458041776,-299479.87055583467,305538.26567104034,6513651.953711494,293.1536942461472
285.0,134.1633432857143,0.0003628125029151178,55967.455124949855,-283723.6810882602,289191.0843083446,4814858.189681664,293.1534716091374
290.0,134.1633432857143,0.0003487441132191448,45722.06850476986,-254256.40386123492,258334.71786192863,3492065.6062544547,293.15326091372185
294.99999999999994,134.1633432857143,0.0003384961823066365,31206.082495963023,-212859.613938811,215134.92238807838,2491612.3585134675,293.15306594691987
300.0,134.1633432857143,0.0003316694145731941,15388.752399833815,-166013.44193262164,166725.15287964,1771885.4230327026,293.1528852378338
305.0,134.1633432857143,0.00032852625605060985,1376.7062635078546,-121406.94626310903,121414.75166168823,1290493.9148717616,293.1527159749282
310.0,134.1633432857143,0.0003304444896115345,-8756.71854045268,-84442.27694803497,84895.10148274366,1006730.5872733383,293.15255624147426
314.99999999999994,134.1633432857143,0.0003409583572967402,-14578.867241511898,-57043.086851674416,58876.62632669521,894653.3663023724,293.1524054102766
320.0,134.1633432857143,0.00036868713228208825,-16881.822517019187,-38119.277254828354,41690.22943000686,948544.2571178095,293.15226359138114
325.0,134.1633432857143,0.00043459881031865914,-16582.156666202503,-25187.0500930314,30155.520424813716,1161029.9967323286,293.15213199716595
330.0,134.1633432857143,0.0005838691353224929,-14356.971389000044,-16194.033083952954,21641.842227239544,1408547.251610211,293.15201420342487
335.0,134.1633432857143,0.0008734334984469734,-11685.682918407405,-10411.596235085488,15651.086908965937,1425101.0924369558,293.1519148171136
339.99999999999994,134.1633432857143,0.0012748498273441105,-10222.97992289845,-7197.315390695653,12502.42645797724,1119684.5647857145,293.1518352785372
345.0,134.1633432857143,0.001617719291613966,-11114.328770273029,-6202.012156138615,12727.657239201953,743731.2288127872,293.15177235859517
350.0,134.1633432857143,0.00179347962120081,-13869.332917216505,-7219.690365210024,15635.93056194903,406140.28917410143,293.1517207013957
355.0,134.1633432857143,0.0018518936439876838,-14565.140549895164,-10261.502827216591,17816.895338727634,161536.42373414844,293.15167536682486
359.99999999999994,134.1633432857143,0.001868811054944463,-12921.165835895801,-15605.250106868169,20260.314841004565,69068.71992732219,293.15163260060876
365.0,134.1633432857143,0.0018739912830210868,-10666.745366169169,-24074.088136654045,26331.372473118037,44746.295820307954,293.1515900182735
370.0,134.1633432857143,0.0018758078180775184,-8880.77175485195,-36442.65803352595,37509.137973436416,41137.220857858876,293.1515472910264
375.0,134.1633432857143,0.0018766304485932463,-8994.898035381086,-52366.889720846964,53133.78708225351,44389.85430927928,293.15150666742124
379.99999999999994,134.1633432857143,0.0018772452707986153,-11030.895695317848,-68132.37323445418,69019.56927133021,47876.14711835419,293.1514714952899
385.0,134.1633432857143,0.0018777572324826036,-8077.577678964125,-62217.05262564588,62739.213404234586,38727.81468554802,293.15144366108825
390.0,134.1633432857143,0.0018780530285665118,-3494.279576653648,-56976.86777632355,57083.915872691105,32060.65328722626,293.1514231054071
395.0,134.1633432857143,0.001878106660440269,409.14456222312936,-52839.31391171634,52840.897928911996,27471.68073836854,293.1514092057247
399.99999999999994,134.1633432857143,0.0018780121141102894,1890.9265995896428,-49882.64423827319,49918.471527152804,24517.004727423882,293.1514018929461
0.0,139.13235599999996,0.002785445806113211,-120562.53464384816,-238168.87730098504,266945.1982609179,1161588.4661575223,293.164549920956
5.0,139.13235599999996,0.002795433048402693,-218582.30118264767,-327741.1471754842,393944.77016734733,1868224.4854072025,293.1646095619003
10.0,139.13235599999996,0.0028121899390379105,-377151.82755856664,-387799.81474724086,540954.8940057397,3093674.419839566,293.1647178229331
14.999999999999998,139.13235599999996,0.002835958126621559,-516645.15855103877,-413353.83722737205,661652.1855210793,4833806.292915504,293.1648732423782
20.0,139.13235599999996,0.0028701698109154196,-642577.8525864099,-432374.69728220877,774502.5342014341,8226688.274709567,293.16508537488124
24.999999999999996,139.13235599999996,0.0029255276483558823,-788322.6709970254,-469057.91098096804,917315.6258680619,17043735.59672191,293.16537231631247
29.999999999999996,139.13235599999996,0.003032457796289622,-957010.0890898327,-498866.80103769,1079229.5380489305,41406035.46962084,293.16574937909843
35.0,139.13235599999996,0.0032713138561761114,-1120553.8453812927,-511174.2649773143,1231641.2016386508,112238244.4059767,293.1661986140304
40.0,139.13235599999996,0.003875133214100602,-1191857.992064418,-510240.73219339584,1296484.1217836335,302721051.58623236,293.16663266886457
44.99999999999999,139.13235599999996,0.005452977925500862,-912591.0338389028,-445312.87287968124,1015443.72064409,464300418.8537489,293.1669080353354
49.99999999999999,139.13235599999996,0.008051693010438642,-812540.8246985307,-407048.31732650066,908796.4152878817,451161089.59823984,293.1669879847306
54.99999999999999,139.13235599999996,0.009964247340116217,-1141324.1999583922,-541538.9749448948,1263283.5749723937,358434447.83652663,293.1669459344832
59.99999999999999,139.13235599999996,0.010657079852851636,-1129816.8790425851,-763368.9018822961,1363531.5399837696,145110885.9721335,293.16684542447075
65.0,139.13235599999996,0.010860504882444267,-797576.8632640307,-1337417.0852250953,1557181.2073956197,73631912.58744611,293.16674589680883
70.0,139.13235599999996,0.010903238710677363,-186320.60534836017,-2568607.388518343,2575356.1470849817,90102838.15843017,293.1666562176854
75.0,139.13235599999996,0.010886231335429404,319073.41179464315,-3520595.52233711,3535024.847722344,122950357.05902678,293.16656303255013
80.0,139.13235599999996,0.010871331369497899,221512.15029400305,-3713146.217380242,3719747.6345006353,136135629.91681936,293.16645004109154
84.99999999999999,139.13235599999996,0.010864080120400004,56382.97195706063,-3799416.992670828,3799835.328500769,142060848.78253964,293.16630923435105
89.99999999999999,139.13235599999996,0.010865693072302193,-119699.49288231919,-3798012.2986047855,3799898.0761264493,142065540.5935219,293.16613800770057
94.99999999999999,139.13235599999996,0.010876050069688236,-287592.6266978149,-3729918.9345086254,3740989.812460989,137694915.4603586,293.1659371799263
99.99999999999999,139.13235599999996,0.010894452334971974,-439829.3741889568,-3615805.0899361162,3642457.457103291,130537060.48753537,293.16570890553396
104.99999999999999,139.13235599999996,0.010920033007107132,-575175.196792059,-3474350.7445070613,3521638.766662696,122020967.65087752,293.16545589524645
109.99999999999999,139.13235599999996,0.01095196985465118,-695373.1622909126,-3321801.027705143,3393804.045978113,113323082.39996648,293.16518114666786
114.99999999999999,139.13235599999996,0.010989570323336223,-803036.0699052068,-3171905.3778086025,3271979.623307568,105333383.19023442,293.164887124537
119.99999999999999,139.13235599999996,0.011032273461641701,-900398.3989661416,-3036053.630443602,3166755.267429197,98667439.0132929,293.1645740329981
125.0,139.13235599999996,0.011079610163232837,-988908.6639928644,-2923642.6004122277,3086361.352898478,93721320.0604315,293.1642376273806
130.0,139.13235599999996,0.011131164328040987,-1069641.08672657,-2843136.898906397,3037689.8262226647,90788680.87592633,293.1638674896411
135.0,139.13235599999996,0.011186574271905494,-1144467.5478001349,-2805147.5864825035,3029630.167184811,90307555.32366487,293.16344658745686
140.0,139.13235599999996,0.011245611082821001,-1302648.8524369753,-2832485.4327390557,3117670.245461236,95632433.91147345,293.162953109328
145.0,139.13235599999996,0.011316839157149192,-1237739.2051590024,-2267185.6164563503,2583046.449341204,82990956.86709872,293.1623654389644
150.0,139.13235599999996,0.011402088127366683,-757325.2608384214,-1228839.7425389267,1443464.1192447834,50040797.019867964,293.16168804907073
155.0,139.13235599999996,0.011501702083181305,-439843.58146710903,-719090.3216681174,842943.2168744048,29932540.430949412,293.1609709701409
160.0,139.13235599999996,0.011590409817579092,-213954.73513209488,-473972.94374569604,520025.9417456072,17591410.603491448,293.1602841174916
165.0,139.13235599999996,0.011643160142980426,-51325.51601164526,-353479.1058094476,357185.92754713655,12448264.467914011,293.15968743989754
169.99999999999997,139.13235599999996,0.011641308741146352,54287.08209046231,-294168.8366078356,299136.07557949953,14169367.040577516,293.15920402810485
175.0,139.13235599999996,0.011555789704917151,108308.34682715368,-257268.59217344402,279137.6479648291,22841462.264486123,293.15881977679936
179.99999999999997,139.13235599999996,0.011318604890326925,122141.47259312136,-217567.198265359,249507.5651924291,38868727.739253104,293.1585021478471
185.0,139.13235599999996,0.010780701392656616,107105.47659179653,-166091.40194033895,197630.80962861815,57690598.09852297,293.1582167001697
189.99999999999997,139.13235599999996,0.009710691813721748,77194.63023722872,-112548.68650670805,136477.90213748053,64108019.69990691,293.157932239305
195.0,139.13235599999996,0.008080290046904595,52041.483218614456,-77241.81557446983,93137.60813352327,54625153.39125393,293.1576203704272
199.99999999999997,139.13235599999996,0.0063799012829154535,36023.49823013531,-60997.04915718515,70840.18937453954,40811348.234388344,293.157259066253
205.0,139.13235599999996,0.005102716158565675,23618.340829272856,-53002.42910018836,58026.575929036095,29107049.95048081,293.15685167782124
209.99999999999997,139.13235599999996,0.0043047544322013355,14272.798112050325,-48303.833023011335,50368.37351614908,22153400.99215802,293.156443296753
215.0,139.13235599999996,0.0038359722493745084,8600.203415909062,-45642.95841196724,46446.13171612449,18917242.3552649,293.15608623520694
219.99999999999997,139.13235599999996,0.0035382360052611207,6253.842094594355,-44887.98560664234,45321.537846439525,17942403.16884689,293.15579503971884
225.0,139.13235599999996,0.0032807416480944204,6542.045456861754,-46596.87228132582,47053.8719465448,18688977.962339945,293.1555543944167
229.99999999999997,139.13235599999996,0.0029769767389982256,8649.585305715755,-51895.09911403448,52610.99350911666,21210290.367788382,293.155345583472
235.0,139.13235599999996,0.002607076559719348,11992.384155130005,-62473.82439570916,63614.43242181854,25652929.909033995,293.1551574756516
239.99999999999997,139.13235599999996,0.0022043204561787147,16534.588328509668,-80984.54308037233,82655.24078441711,32110852.774849758,293.1549878807544
245.0,139.13235599999996,0.001817199351660784,22568.600549752216,-111053.42373623425,113323.45147547296,40389482.275816046,293.1548395627593
250.0,139.13235599999996,0.0014828999599455803,30111.580245365258,-154886.98694368426,157786.83718664903,49044791.09440423,293.15471271338316
254.99999999999997,139.13235599999996,0.0012143066281678544,38583.338173414406,-208539.4183922329,212078.67174229198,54884254.28180715,293.15460035017713
260.0,139.13235599999996,0.0010043704499228465,47082.11836637269,-260594.76932198077,264813.82076440327,54833287.79322715,293.1544892006361
265.0,139.13235599999996,0.0008401321736552618,54716.97156645388,-298798.485433417,303767.15074989275,48626232.833903655,293.1543624088427
270.0,139.13235599999996,0.0007113039283777897,60643.68928387402,-318347.1321858765,324071.83404444606,38936551.015688255,293.15420361760033
274.99999999999994,139.13235599999996,0.0006116166719090648,63681.382531686955,-321742.14059295505,327983.7244658398,28991896.058654916,293.1540050546424
280.0,139.13235599999996,0.0005368665049507578,61981.93754695403,-311686.5363511848,317789.6435138706,20624782.70541375,293.1537746346473
285.0,139.13235599999996,0.00048296062668190195,54041.451300773246,-287875.90307842894,292904.4452238901,14250823.090498928,293.153531456853
290.0,139.13235599999996,0.00044562967772083525,40478.70813208125,-250711.62717718078,253958.35448725036,9672368.404078985,293.15329319225947
294.99999999999994,139.13235599999996,0.000421259994783446,24218.63078778953,-204665.4243954617,206093.3720918985,6546966.146174362,293.15306928082094
300.0,139.13235599999996,0.0004076879783540593,8856.099972292333,-157040.1611486141,157289.67772966516,4525580.485649682,293.1528627248043
305.0,139.13235599999996,0.0004047946243583839,-3043.9548479316336,-114438.43489775325,114478.9109092306,3302742.343824368,293.1526742995621
310.0,139.13235599999996,0.00041548479048286914,-10568.500883690884,-80344.76756636442,81036.87362072711,2641719.45146812,293.15250473444553
314.99999999999994,139.13235599999996,0.00044800518228827873,-14076.517839132963,-54980.674071913745,56754.056030185515,2369152.869928938,293.1523540570058
320.0,139.13235599999996,0.0005207172346672555,-14405.733042291964,-36707.189756489264,39432.764603875956,2320755.4697335134,293.1522203686145
325.0,139.13235599999996,0.0006665323515230084,-12546.413189453548,-23956.249861302458,27042.825136025414,2272208.5129835536,293.15210072962816
330.0,139.13235599999996,0.0009169211801788557,-10053.908458540727,-15982.673076224059,18881.92029307862,2035831.8767798552,293.151993862625
335.0,139.13235599999996,0.0012500307443077097,-8028.51085920515,-11407.303222516517,13949.320894825338,1559695.1775787566,293.15190131191173
339.99999999999994,139.13235599999996,0.0015709904508668404,-6296.304762909801,-8475.130501456433,10557.9965279478,922653.4939716868,293.1518247009265
345.0,139.13235599999996,0.0017797142991248598,-5110.002890452075,-7290.521085028428,8903.023488213015,447927.02046477643,293.15176253609377
350.0,139.13235599999996,0.0018644907283238061,-4403.874191286213,-8566.323848515776,9632.030532049144,215153.47093859312,293.15171068851714
355.0,139.13235599999996,0.0018835155785468572,-2653.1777864651144,-12165.99721874588,12451.941241955989,116582.16222424421,293.1516646607631
359.99999999999994,139.13235599999996,0.0018847665974959416,60.51842989125108,-18029.36126374099,18029.462833341448,82249.43937597243,293.15162080117625
365.0,139.13235599999996,0.001883359942507427,2650.6151646811063,-26703.07180667546,26834.30276090108,70262.16653387257,293.15157683987604
370.0,139.13235599999996,0.0018821378871654018,4336.443539713679,-38540.84178325324,38784.03315714965,66619.46609770489,293.1515327230844
375.0,139.13235599999996,0.0018814079234535895,4300.7117578884,-52545.12110471607,52720.82959830695,66244.4015023218,293.15149099851226
379.99999999999994,139.13235599999996,0.0018810960971443133,2061.634176995402,-65100.20490450333,65132.841286773866,64646.7464440727,293.15145503740405
385.0,139.13235599999996,0.0018810886128230496,385.7849512650182,-71955.8602955719,71956.89446400868,59983.677121876244,293.1514265344443
390.0,139.13235599999996,0.0018810506727974005,1774.7380291364436,-70662.16381664544,70684.44730152807,52331.5451728259,293.1514053164626
395.0,139.13235599999996,0.0018808996809509503,3090.3723843823564,-61491.20949904074,61568.817165258835,42695.23488908838,293.151390805258
399.99999999999994,139.13235599999996,0.001880696900559878,2770.1716560125647,-46975.385817207825,47056.994418251,31896.460521260182,293.15138308318564
0.0,144.1013687142857,0.002805011760809066,-60803.6706936939,-135090.5572269471,148143.66345448003,706152.3357539605,293.164136884565
5.0,144.1013687142857,0.0028149540682750438,-115562.74963993144,-187591.4870283446,220330.0140921501,1153124.1231864817,293.1642049019859
10.0,144.1013687142857,0.0028329116030212467,-215276.5923778409,-235081.78581843388,318759.246531609,2118301.8695336236,293.16432517737036
14.999999999999998,144.1013687142857,0.002860569755693558,-323563.2808242449,-276985.186780722,425927.21255362476,3947115.075567223,293.16449257669336
20.0,144.1013687142857,0.002904463868620416,-442436.6137636164,-317992.7193077293,544857.3453036491,8015154.843976378,293.1647146178672
24.999999999999996,144.1013687142857,0.0029819792090702885,-580000.0883199052,-359213.25454252,682227.42886088,18534592.095913827,293.16500893022754
29.999999999999996,144.1013687142857,0.00313921510446942,-736841.4731188654,-395416.4530867019,836235.3304421236,48764367.315855265,293.16539190537964
35.0,144.1013687142857,0.003504224795984716,-892772.9687918439,-425757.6855469962,989097.1542814879,141107988.5404569,293.1658462770498
40.0,144.1013687142857,0.004448004827156826,-901814.4233720055,-433804.94489934156,1000727.727416855,339621964.4473474,293.1662741228524
44.99999999999999,144.1013687142857,0.006612619983462887,-704088.7259898017,-372315.5476062574,796467.0746837495,416699890.45088595,293.16652508921663
49.99999999999999,144.1013687142857,0.009148788543540431,-882709.7985390803,-451420.2512643207,991441.7944027002,424238949.08541965,293.1665918522211
54.99999999999999,144.1013687142857,0.010484743368821572,-1182566.2204145878,-605865.4636117879,1328734.6709043044,260424712.30574632,293.1665314721864
59.99999999999999,144.1013687142857,0.010921696851651357,-1076503.2296389618,-929477.5063880343,1422247.3899798284,104361675.26344626,293.1664253366308
65.0,144.1013687142857,0.011049239845338154,-703156.2330844003,-1735060.3179406065,1872127.9323319767,72333103.65349294,293.1663187550531
70.0,144.1013687142857,0.01106919040284365,-103075.29201704357,-3296512.5883725057,3298123.6728059174,107023395.65371354,293.1662141450586
75.0,144.1013687142857,0.011059547374539859,171294.2841391313,-3466504.4972174536,3470734.0954051157,118518879.54080854,293.16609854192046
80.0,144.1013687142857,0.011052060974429737,110510.75929769187,-3598158.879269321,3599855.5454886253,127501413.75354518,293.16596640336644
84.99999999999999,144.1013687142857,0.01104849629861009,19621.87937248547,-3659972.9334634873,3660025.5315824547,131799293.60481238,293.1658146788948
89.99999999999999,144.1013687142857,0.011050098786492489,-89209.88917342915,-3654307.868177652,3655396.613194173,131466125.2308746,293.1656421370635
94.99999999999999,144.1013687142857,0.011057417287527432,-204785.09709480344,-3591911.806098178,3597744.760093412,127351935.96666974,293.1654484775746
99.99999999999999,144.1013687142857,0.011070577296201969,-321178.3216787792,-3486847.0690104333,3501607.9159413385,120636820.79726647,293.1652339997355
104.99999999999999,144.1013687142857,0.01108953511969531,-436564.5457242787,-3354130.6198974825,3382422.3299164334,112564259.36486256,293.16499967699326
109.99999999999999,144.1013687142857,0.011114233750774397,-551277.7592252098,-3208565.825279359,3255580.1054446474,104280144.54125483,293.16474686362756
114.99999999999999,144.1013687142857,0.011144662895617831,-666134.4745957816,-3064000.0130763804,3135575.1016961876,96734026.89121829,293.16447607597854
119.99999999999999,144.1013687142857,0.011180847198233975,-781407.6509561966,-2932641.2891862867,3034960.106494497,90625585.68426366,293.16418500825705
125.0,144.1013687142857,0.011222803660713451,-896888.9624819988,-2824327.594170055,2963315.064283993,86397367.58700047,293.16386652014364
130.0,144.1013687142857,0.011270536094482175,-1013677.25595233,-2746155.315117864,2927270.1607445017,84308325.62276544,293.1635074754709
135.0,144.1013687142857,0.011324171386308684,-1139057.6961903612,-2703163.0426499657,2933350.1104367194,84658906.65983433,293.1630894121053
140.0,144.1013687142857,0.011384441864101211,-1313812.946431934,-2702028.255756444,3004506.80696822,88816005.57811117,293.1625928249002
145.0,144.1013687142857,0.011455552680951877,-1528112.6372070105,-2556521.4775558873,2978410.6998861493,91279283.17142887,293.1620067169755
150.0,144.1013687142857,0.011544255403004319,-1102272.748522889,-1585594.3437315063,1931091.5656720037,61137492.91868162,293.161345484849
155.0,144.1013687142857,0.011639226014957376,-757180.9765297505,-1059633.6164085763,1302361.866856391,38690916.44096796,293.1606666761476
160.0,144.1013687142857,0.011719805274109686,-446160.6736166515,-743435.1260596315,867038.1383430399,22497832.587419443,293.1600321267352
165.0,144.1013687142857,0.011774935659471906,-189447.1214439563,-531296.2886162683,564062.0162010754,13253683.561843572,293.15948447741965
169.99999999999997,144.1013687142857,0.01180001481760542,-16737.18450661761,-387019.76639753976,387381.50824170065,9894576.546802696,293.15903657251295
175.0,144.1013687142857,0.011786152149956179,73985.6244495739,-287299.48505534796,296672.9963078229,10727500.70208215,293.1586751117459
179.99999999999997,144.1013687142857,0.011708362171745286,105455.68881357006,-213633.44583400778,238243.8907549498,14999369.461757531,293.15837276770844
185.0,144.1013687142857,0.011502912129595902,101529.1034285978,-154077.11370529668,184520.77338546418,22531895.681962483,293.1580995587012
189.99999999999997,144.1013687142857,0.011025468799330723,78294.78143989916,-104271.43294227323,130394.03563260307,30590290.336240366,293.15782705309846
195.0,144.1013687142857,0.010071198666432149,51358.84597417738,-67973.36776649884,85194.54081875774,32201114.572306026,293.1575278906396
199.99999999999997,144.1013687142857,0.008709579611971939,34090.24296508456,-50320.56549922058,60780.78625338641,28207725.809921555,293.1571795733629
205.0,144.1013687142857,0.007425619939629192,23201.59958377977,-44688.06179042007,50352.13093634124,23334824.457215402,293.1567824754496
209.99999999999997,144.1013687142857,0.006539169005902698,14406.224609855113,-43308.34326486967,45641.55895516034,19979388.275284078,293.15637747003393
215.0,144.1013687142857,0.006021298339170881,8155.4382650140815,-43625.384525715766,44381.137303036936,19024792.48077057,293.1560171047398
219.99999999999997,144.1013687142857,0.00573855068188342,4674.308770303606,-45363.36986030806,45603.5578388709,20066503.236474328,293.1557197779022
225.0,144.1013687142857,0.005562896035475766,3591.6064987676964,-48962.21299206159,49093.76679703845,23038674.821013432,293.15547300888613
229.99999999999997,144.1013687142857,0.0053896123501780465,4419.546242339547,-55010.93574796952,55188.182076015226,28356710.29008569,293.15525996439874
235.0,144.1013687142857,0.005144684026971286,6733.585999100291,-64116.122868474726,64468.73965025706,36510588.315546,293.1550718688194
239.99999999999997,144.1013687142857,0.004788408117327531,10384.242912161935,-77433.00343527112,78126.1961307825,47952775.1400902,293.154908875826
245.0,144.1013687142857,0.004315501058924455,15646.476856636138,-97472.55488668765,98720.3686893621,63358261.68163471,293.1547744999554
250.0,144.1013687142857,0.0037545488491869863,23057.418717508113,-127658.97936000109,129724.55268433836,83078485.33921418,293.15466814331234
254.99999999999997,144.1013687142857,0.003158563181147085,32715.928151018008,-169353.79950623692,172484.90183775872,104832450.9293488,293.1545819367795
260.0,144.1013687142857,0.0025828716981270445,43640.50310322167,-218169.03724331877,222490.94885585553,121937755.5155752,293.15450147596493
265.0,144.1013687142857,0.002065970224801258,54137.059137313845,-264153.9492292986,269644.45120467787,126074350.7803526,293.154406587932
270.0,144.1013687142857,0.0016287724087296308,62402.91115646466,-296786.06459671876,303275.60313947004,113744733.36595738,293.1542740955144
274.99999999999994,144.1013687142857,0.0012816085873358122,66319.06158829607,-309780.15866714116,316799.56539394334,89979289.37301825,293.154087964587
280.0,144.1013687142857,0.0010244524687965076,63583.73026157008,-301797.27083846944,308422.57284369535,64146485.98291799,293.153851416028
285.0,144.1013687142857,0.0008458141231787014,53390.71871487926,-274833.8235675529,279971.7832597638,42745183.8953893,293.15358537815234
290.0,144.1013687142857,0.0007285288854626974,37813.514780835496,-234074.0165442253,237108.63991265002,27599060.56669369,293.153314255274
294.99999999999994,144.1013687142857,0.0006571446072391975,20841.72396468377,-187198.79729440657,188355.42775904387,17869958.12207875,293.1530556669678
300.0,144.1013687142857,0.0006218309435370017,6161.2475628255925,-141705.32634498394,141839.2064489534,11986988.775443008,293.15282010223933
305.0,144.1013687142857,0.0006198332265970265,-4244.800254844551,-102529.275337032,102617.10690884072,8561424.006254155,293.15261381306345
310.0,144.1013687142857,0.0006569076557274392,-10081.777416944697,-71495.1056364232,72202.44016546899,6593471.246903215,293.1524392957534
314.99999999999994,144.1013687142857,0.0007494325154020408,-12020.53016450493,-48391.98383701556,49862.5836185586,5396019.000796332,293.15229424153307
320.0,144.1013687142857,0.0009220644042999286,-11247.49712640698,-32465.204343891968,34358.34228683327,4512617.610400127,293.1521724339043
325.0,144.1013687142857,0.0011864262076413164,-9339.365471269102,-22726.93221702701,24571.06418947445,3712119.4622186427,293.15206669848016
330.0,144.1013687142857,0.0015057063937194658,-7312.937022423979,-17230.203764289392,18717.87834272014,2878127.0473104278,293.15197190498975
335.0,144.1013687142857,0.0017970077913248988,-5098.086189223917,-13608.6228477012,14532.209006332476,1946974.3249493912,293.15188672207154
339.99999999999994,144.1013687142857,0.0019834108299986324,-2581.9614053837854,-10775.228694024188,11080.256229321307,1108108.8333276454,293.1518125353556
345.0,144.1013687142857,0.0020338655980288887,-151.11337318072495,-9428.92501751609,9430.135854667995,621238.4577351403,293.1517497984464
350.0,144.1013687142857,0.0019941403546379355,2508.1409773724245,-10830.956766528467,11117.571481253606,434306.3641543956,293.1516961597455
355.0,144.1013687142857,0.0019442912979358573,6110.991915800414,-15075.007472193409,16266.532282009744,337616.8110610505,293.1516478401395
359.99999999999994,144.1013687142857,0.0019148900462021964,9692.481908179034,-21512.81625660718,23595.454410350314,248564.4266576509,293.1516013948034
365.0,144.1013687142857,0.0019003095556120665,12326.543390350356,-30278.280695414254,32691.251946422693,186310.1170000295,293.1515548372902
370.0,144.1013687142857,0.0018930491834719817,13655.437863171439,-41484.928589564486,43674.59539957069,151585.68499198134,293.1515086393261
375.0,144.1013687142857,0.0018892799194230427,13283.942717533695,-54093.11855967643,55700.34658450455,132900.5498578064,293.15146569743735
379.99999999999994,144.1013687142857,0.0018872656517194121,11138.151568289502,-65254.69123522267,66198.43765952816,120107.93573193817,293.1514291266243
385.0,144.1013687142857,0.0018861771857853955,8198.834814634312,-70930.75049980375,71403.0269581274,106262.523086312,293.15140012281256
390.0,144.1013687142857,0.0018855288343194113,5611.801522574185,-69236.01238158187,69463.0673583547,90933.01300101208,293.15137828389294
395.0,144.1013687142857,0.0018851022782258532,3311.3996063431796,-60227.73670326592,60318.70054759812,73727.87503412082,293.1513630982767
399.99999999999994,144.1013687142857,0.0018848468184136378,1940.1899921795211,-46075.29322418689,46116.12497706801,55100.91259645786,293.1513548824574
0.0,149.0703814285714,0.0028293506546958227,-29274.849212210287,-85095.49044561957,89990.32887248596,603738.449164733,293.16361984213495
5.0,149.0703814285714,0.0028404418148215765,-57777.90954329823,-121313.85324713138,134370.15226924498,994413.3800318755,293.16369659035206
10.0,149.0703814285714,0.002861693506625433,-114775.5003243374,-157627.17370063972,194986.51585059316,1837796.4208091288,293.1638295314172
14.999999999999998,149.0703814285714,0.002896830580098457,-185759.63038484345,-192280.1869568676,267354.27914451197,3604021.6050145053,293.1640090894231
20.0,149.0703814285714,0.002956889702105339,-272629.91374653357,-225773.82934465556,353978.6602132846,7831345.332989713,293.1642396535406
24.999999999999996,149.0703814285714,0.0030700158163225323,-378715.2005004719,-258884.45541538243,458744.3344018886,19359057.718744777,293.16453717763886
29.999999999999996,149.0703814285714,0.003310977263951271,-504244.7931052824,-291412.26787847694,582394.987310044,54373874.04536783,293.1649178042228
35.0,149.0703814285714,0.00389159909144934,-618656.8126853997,-319535.8383061477,696304.102992414,158079706.81910425,293.165364430656
40.0,149.0703814285714,0.005361115569808551,-572977.114085271,-312881.73854259576,652838.230788396,295058000.42461836,293.1657732002938
44.99999999999999,149.0703814285714,0.00792330327745063,-564810.5180920417,-312176.22401254345,645340.9301959161,337962448.28479356,293.1660172157799
49.99999999999999,149.0703814285714,0.01001963540641989,-879885.418037519,-446930.7803097339,986886.7570614812,320580223.2205642,293.16608758391857
54.99999999999999,149.0703814285714,0.010866934170447023,-1044679.4386885205,-632166.5368075182,1221060.8747633237,157529091.56900376,293.16603534060636
59.99999999999999,149.0703814285714,0.011141458384364493,-930372.3224628097,-1090278.7050277926,1433283.0540552423,77178894.6317158,293.1659442889303
65.0,149.0703814285714,0.011222194366678623,-570698.5317820483,-2190175.7932486353,2263308.8210649635,78941940.00807136,293.16584481008056
70.0,149.0703814285714,0.011230846969965881,-85390.67166824303,-3321436.3859970057,3322533.8573192605,108613468.56306645,293.1657364746729
75.0,149.0703814285714,0.011230733433845447,19296.560857962748,-3461992.1929339315,3462045.9704048466,117926256.76776761,293.16561232550464
80.0,149.0703814285714,0.011228917313880085,29242.726390099615,-3552148.88659903,3552269.2535354714,124152825.09924747,293.1654729616761
84.99999999999999,149.0703814285714,0.011227809161206437,581.964001104135,-3587174.187604282,3587174.2348116487,126604690.48432131,293.16531868912193
89.99999999999999,149.0703814285714,0.011228859117479974,-52060.17143695105,-3566633.437652666,3567013.36415104,125185585.71274173,293.16514901396863
94.99999999999999,149.0703814285714,0.011233015178350132,-121169.65865654334,-3496046.116965367,3498145.2997449324,120398351.79341307,293.1649629592896
99.99999999999999,149.0703814285714,0.011240976083345629,-203521.82669911708,-3385199.0815696283,3391311.5391840367,113156688.09660603,293.1647597766665
104.99999999999999,149.0703814285714,0.011253367361020044,-298618.58914266917,-3246600.0801370996,3260304.4554347647,104583017.35887763,293.16453938070293
109.99999999999999,149.0703814285714,0.011270837942259896,-407040.627471416,-3094343.984370325,3121000.923745641,95836875.68201414,293.1643019217
114.99999999999999,149.0703814285714,0.011294071423767186,-528821.5642992347,-2943050.7534948573,2990183.9382410133,87971229.42114152,293.164046326418
119.99999999999999,149.0703814285714,0.011323720098689819,-662211.3396043129,-2806468.6750883544,2883537.8066799683,81808071.04213749,293.1637682776309
125.0,149.0703814285714,0.011360292557727617,-803578.4287564742,-2695243.614545519,2812485.8102595145,77826147.47724722,293.16345844151664
130.0,149.0703814285714,0.011404077941565467,-949227.44732176,-2614428.4267007546,2781414.8818703704,76116077.68717946,293.1631018676821
135.0,149.0703814285714,0.011455215302459793,-1100613.9639979478,-2559838.2255068314,2786417.563559568,76390130.25809838,293.1626801268584
140.0,149.0703814285714,0.011514139337965261,-1273337.6365423566,-2515856.5642451947,2819738.106365715,78228031.0855097,293.16217888226015
145.0,149.0703814285714,0.011582549066114028,-1505212.84062349,-2433344.3857099605,2861263.8108087867,80549093.38298868,293.16160085483597
150.0,149.0703814285714,0.01166466062202761,-1471822.4149658617,-2018597.3509707523,2498198.6483348515,68129856.17493604,293.160974636525
155.0,149.0703814285714,0.011745852040127732,-1164272.5677265553,-1523101.2163070072,1917124.9117041046,46737964.176414356,293.16035237176857
160.0,149.0703814285714,0.011815140621962188,-780306.1161808325,-1129776.2096301182,1373052.0451881683,28729632.263510525,293.1597806535547
165.0,149.0703814285714,0.011866710269310417,-403110.5471161479,-801401.9226070853,897074.7765680477,16483972.163168477,293.15928494016293
169.99999999999997,149.0703814285714,0.011899064180360276,-131267.72794609438,-540262.3669393542,555980.792411971,9911087.087872766,293.1588710782489
175.0,149.0703814285714,0.011909487713318252,16993.57420327865,-346668.00697815185,347084.2673276999,7131132.18883071,293.15852861135477
179.99999999999997,149.0703814285714,0.011888839999819156,75329.5161432744,-219136.23196061698,231722.29966120474,6934162.08972213,293.1582361712306
185.0,149.0703814285714,0.01181061449862533,84368.38475853264,-138963.6179475776,162569.71261537037,8729617.024659105,293.15796828427017
189.99999999999997,149.0703814285714,0.011605602470655924,70258.0115714819,-88208.77025656714,112769.5674380031,12185508.195782386,293.1576992395637
195.0,149.0703814285714,0.011126370781055477,47192.11691138003,-55917.875908909096,73170.38160855469,15010434.842524273,293.1574036243716
199.99999999999997,149.0703814285714,0.010260834861322954,29388.941377127754,-39195.57492526133,48989.82515778176,15018444.476278117,293.1570603207992
205.0,149.0703814285714,0.009257185880087528,19561.608296159746,-35059.87558475178,40147.869123412514,14272853.7049895,293.15666920491805
209.99999999999997,149.0703814285714,0.008500296386979123,11880.555949046793,-36319.34832438464,38213.121730191226,14089005.276733432,293.15626706378305
215.0,149.0703814285714,0.008092128789453906,5436.604006033013,-39225.33856591642,39600.30111917312,15351225.963203456,293.15590323764116
219.99999999999997,149.0703814285714,0.007959381497912515,844.318629876595,-43190.64508257493,43198.896937279664,18267051.58533972,293.1555976849333
225.0,149.0703814285714,0.008008127750100437,-1932.0377894071908,-48717.91565407066,48756.210637177704,23109580.067469906,293.1553412282338
229.99999999999997,149.0703814285714,0.00815028017930193,-2970.249917552422,-56438.46394652967,56516.56922723149,30475989.380282193,293.1551203116908
235.0,149.0703814285714,0.008296168791282492,-2133.5203314120286,-66835.96034446766,66870.00451750995,40985418.81070973,293.1549296606521
239.99999999999997,149.0703814285714,0.008349035427581695,901.9464294360375,-80448.4647259908,80453.52064472105,55266145.512197286,293.1547715605871
245.0,149.0703814285714,0.008217897056406884,6398.068926850472,-97922.70261502158,98131.49837550981,74097171.37249313,293.15464878735764
250.0,149.0703814285714,0.007848668230369265,14206.587900889255,-119281.97974642731,120125.00918631718,97537490.4978757,293.154558918979
254.99999999999997,149.0703814285714,0.007241897455820483,23782.203948148777,-143189.76215809127,145151.30454640114,123425468.19510601,293.15449368508024
260.0,149.0703814285714,0.00643264576687411,34654.47721010858,-167428.40122219583,170977.19826493392,147338377.25244415,293.15443955401264
265.0,149.0703814285714,0.005466670070723779,46349.355876633126,-190524.05897480596,196080.79925993294,164378348.51024607,293.1543762401297
270.0,149.0703814285714,0.004418581491554703,57245.67705384886,-212145.26981196922,219733.20878953818,170094840.83026347,293.1542765302323
274.99999999999994,149.0703814285714,0.0034169356742414806,63853.82444374095,-229613.38302307835,238326.7013143827,159814942.21821988,293.15411516086385
280.0,149.0703814285714,0.002592525712682966,62361.66370157706,-234362.4920480749,242517.53499203426,131776724.0724856,293.1538852504557
285.0,149.0703814285714,0.001996814978630876,51976.92723740941,-218776.3045140125,224865.8986637389,94397133.54475236,293.15360495341247
290.0,149.0703814285714,0.0016062976461549453,36051.027473084614,-186435.08514007687,189888.69780229896,61321401.90883213,293.15330537078916
294.99999999999994,149.0703814285714,0.0013736735342081627,19557.420282903815,-147580.06133152626,148870.30325333253,38552947.82753184,293.153015286708
300.0,149.0703814285714,0.0012605110452499333,6196.654286342975,-110518.29457316984,110691.87847220949,24684537.38943292,293.15275579694014
305.0,149.0703814285714,0.0012467898173828017,-2570.8783520679644,-79532.1719228706,79573.71290991882,16559110.636905562,293.15253898771977
310.0,149.0703814285714,0.0013288446666295654,-7003.244776642097,-56057.0194861569,56492.78600912633,11749937.06015508,293.15236635258873
314.99999999999994,149.0703814285714,0.0015088517910890624,-8294.447432741332,-39915.5652704983,40768.25001245355,8781366.44568972,293.152230620443
320.0,149.0703814285714,0.0017742552865404435,-7848.835925576872,-29839.92080869606,30854.903974180153,6792212.5350258,293.1521210997838
325.0,149.0703814285714,0.002077997238786842,-6538.835685886665,-23771.93498159158,24654.842625659618,5234995.5779110575,293.1520280074184
330.0,149.0703814285714,0.002346612843308235,-4597.306556409416,-19666.936933671754,20197.11949577531,3835102.122544198,293.15194433875973
335.0,149.0703814285714,0.0025172926579204243,-2105.130716641728,-16377.136454244137,16511.879777150774,2634203.1051972476,293.15186668628667
339.99999999999994,149.0703814285714,0.002553336623108588,750.5715777441754,-13713.1474709971,13733.672897467433,1786194.300587044,293.1517951880393
345.0,149.0703814285714,0.0024450485283883873,3623.887897024937,-12262.439244786732,12786.711059623176,1351384.5510986447,293.15173123625084
350.0,149.0703814285714,0.002248904028896161,6764.502252551066,-13316.007237897014,14935.68008108416,1191555.7338124604,293.1516744400603
355.0,149.0703814285714,0.0020778039874338014,11057.370857543638,-17844.941450619786,20993.03183576168,1047502.6940747905,293.1516222753463
359.99999999999994,149.0703814285714,0.0019817806848130325,15300.31506966351,-25011.116520884883,29319.883881970833,780155.9970129773,293.15157187220836
365.0,149.0703814285714,0.0019366762169710555,17868.86450616413,-33994.76000234859,38404.94794107826,538784.5698466672,293.1515218356706
370.0,149.0703814285714,0.0019154380231986823,18624.010980863917,-44619.83193813746,48350.62757817081,393520.006376209,293.1514733124395
375.0,149.0703814285714,0.0019048129023413374,17575.6577870863,-55998.605642963164,58691.9720285907,313875.3682180764,293.1514293255673
379.99999999999994,149.0703814285714,0.0018991613154154953,14810.79532540775,-65901.80734643701,67545.59844799673,266459.2471545876,293.15139237623885
385.0,149.0703814285714,0.0018960212558598955,10915.681721795687,-71245.49880729606,72076.85625602693,230902.05401093102,293.1513630051103
390.0,149.0703814285714,0.0018942302344244623,6838.484926730634,-69665.82956715253,70000.66203524554,196973.24567533957,293.15134058395915
395.0,149.0703814285714,0.0018932273099909454,3358.7595939350977,-60736.135809512714,60828.93603443532,159906.6108148125,293.15132470977983
399.99999999999994,149.0703814285714,0.0018927549354334741,1683.3432126054695,-46457.37577052923,46487.863016658244,119335.00060887575,293.1513159746903
0.0,154.03939414285713,0.002869091237077296,-12986.114023433973,-62638.42356367957,63970.39365184926,827873.8509180647,293.1629821593111
5.0,154.03939414285713,0.002882442135210939,-26761.780541753073,-87725.38892375186,91716.61114317559,1261231.875346046,293.16306523900244
10.0,154.03939414285713,0.002909873290711594,-56809.90564840398,-112509.80251587724,126038.96636335233,2092457.3982417835,293.16320803588883
14.999999999999998,154.03939414285713,0.002958496855624044,-98249.56467132072,-135946.91041926848,167733.53692881053,3863328.41971913,293.1633969502999
20.0,154.03939414285713,0.0030469954366319544,-152976.2245020261,-158111.37613427153,220002.11936699014,8219219.177280811,293.16363236393545
24.999999999999996,154.03939414285713,0.0032225284620410128,-223277.51656760045,-179519.96731207924,286496.54111057793,20402491.37304647,293.1639269051203
29.999999999999996,154.03939414285713,0.003611080470174192,-307271.34071186825,-199559.6773956256,366387.4201785798,57341515.30507363,293.16429415703357
35.0,154.03939414285713,0.004556557430423991,-360631.23442360485,-210501.10614576016,417571.0753039315,143894950.82248223,293.1647156566971
40.0,154.03939414285713,0.0066359261644207065,-339232.2463782605,-200387.82941760874,393997.20704789454,207777079.6251821,293.16509829591234
44.99999999999999,154.03939414285713,0.009171471586241493,-473837.5121262307,-264426.601455132,542626.4050477889,244481407.5330931,293.16535106324363
49.99999999999999,154.03939414285713,0.010634715978143998,-738123.9223802817,-392321.19894709165,835908.3968553825,185152818.7137539,293.16544498440754
54.99999999999999,154.03939414285713,0.011159384617273078,-819767.8588368074,-626433.9219511825,1031716.4343718792,89519913.59291309,293.1654323917968
59.99999999999999,154.03939414285713,0.011335436749160745,-746218.5861277896,-1219196.3302625383,1429434.1083128657,62172607.36269394,293.16537734585626
65.0,154.03939414285713,0.011390161343699188,-492597.93117204495,-2600266.814608842,2646514.7324265917,89307088.45649691,293.1653022614764
70.0,154.03939414285713,0.011399275595477857,-134396.95309602068,-3425494.6081556,3428130.080890248,115627048.12529697,293.16520655056496
75.0,154.03939414285713,0.01140360103900879,-57988.385628090364,-3507256.2449862254,3507735.5973423407,121059409.97792764,293.1650901423364
80.0,154.03939414285713,0.011405074434040666,-13895.425325632232,-3560589.0552146975,3560616.1690021674,124736964.74218678,293.1649580503639
84.99999999999999,154.03939414285713,0.011404990581541354,5227.0957032370125,-3569254.8904704503,3569258.7179520507,125343238.27560481,293.16481206371793
89.99999999999999,154.03939414285713,0.011404551724470342,1353.4191531903996,-3528387.1771213003,3528387.436693627,122489083.96646346,293.1646517338428
94.99999999999999,154.03939414285713,0.011404855239626034,-24475.172657831976,-3439942.6731421393,3440029.742397719,116431166.25384167,293.1644757318737
99.99999999999999,154.03939414285713,0.011406999241736125,-73278.21597321107,-3310960.1428364166,3311770.9408090953,107910929.87656303,293.1642829044006
104.99999999999999,154.03939414285713,0.011412183061223356,-147512.01052464955,-3152557.8807453243,3156007.1268453235,97998810.25415404,293.1640725936203
109.99999999999999,154.03939414285713,0.01142175044278859,-249609.66652557568,-2979171.176215666,2989609.6539209336,87937441.76973106,293.1638440184699
114.99999999999999,154.03939414285713,0.011437144027875913,-380043.2602055725,-2807572.1198854833,2833177.3837841405,78975500.22104289,293.1635948081504
119.99999999999999,154.03939414285713,0.011459754768809147,-535136.2861301911,-2655252.3672652408,2708640.9837039826,72185130.08250138,293.1633192372919
125.0,154.03939414285713,0.011490657656488932,-706038.8753034851,-2536125.5219915863,2632569.7629382787,68187478.38671552,293.163006930451
130.0,154.03939414285713,0.011530358656339496,-879111.0360091212,-2456800.600832731,2609349.6135790427,66989910.34306965,293.16264318592863
135.0,154.03939414285713,0.011578568760089844,-1041096.7286278612,-2406035.95291679,2621619.9963167505,67621427.50757428,293.162213002421
140.0,154.03939414285713,0.011634468329202282,-1188103.0467860398,-2351910.359047452,2634970.8132685237,68311916.66858111,293.1617112101068
145.0,154.03939414285713,0.011697379064768448,-1323682.760985042,-2245859.4977488583,2606917.899619729,66865109.59274748,293.1611540392937
150.0,154.03939414285713,0.011766836605300786,-1374848.4734269625,-2017095.2472939217,2441082.0472774315,58628611.13178905,293.1605777407418
155.0,154.03939414285713,0.011834863912111145,-1268703.3560432154,-1768340.848681995,2176381.759423809,46603121.55408483,293.16002313292415
160.0,154.03939414285713,0.011893706940905108,-1058815.537465698,-1570214.9410416665,1893849.3349390968,35288703.62065998,293.1595175124098
165.0,154.03939414285713,0.011940745465857714,-678729.93694011,-1225453.3472967122,1400860.5332792562,23120961.451477263,293.15907243965415
169.99999999999997,154.03939414285713,0.0119749840488948,-282528.89744101814,-787371.3386803515,836526.2714730041,12839348.215157956,293.1586898030036
175.0,154.03939414285713,0.011993432266836086,-55871.36231179524,-451666.9472635808,455109.4817480495,7010826.519664807,293.1583626677577
179.99999999999997,154.03939414285713,0.011994205309261506,35743.86093717658,-245155.7371681507,247747.773070023,4543002.946964044,293.158075373431
185.0,154.03939414285713,0.011966542928929406,59254.07137621446,-132204.34606448526,144875.92654749684,4007696.4355174596,293.1578066889571
189.99999999999997,154.03939414285713,0.011879211169456868,53847.66277073882,-73974.64823988974,91497.64678988545,4769604.498393364,293.1575333850975
195.0,154.03939414285713,0.011654736888714557,37405.63574334197,-44032.092915365065,57775.48608078451,6077332.892825686,293.15723223339955
199.99999999999997,154.03939414285713,0.011187032841187682,21890.917060818356,-29594.570867861563,36811.01566945021,6658459.1998949945,293.15688520122364
205.0,154.03939414285713,0.010561442183318141,13210.974990252605,-26347.2470606225,29473.840738298102,7170417.905536611,293.1564944960614
209.99999999999997,154.03939414285713,0.010078723431049343,6825.502359553215,-29078.34417495742,29868.672257359325,8508273.961768389,293.1560940631117
215.0,154.03939414285713,0.009899836238371639,702.925715592404,-33629.84705430201,33637.1924728772,11050699.89285067,293.1557274693029
219.99999999999997,154.03939414285713,0.01000894601494251,-4526.312578880468,-38989.55407004212,39251.405479835616,14966326.204889003,293.15541371128245
225.0,154.03939414285713,0.01034673018499346,-8539.24148130676,-45643.134580679245,46435.05550148581,20369080.856559515,293.1551474740666
229.99999999999997,154.03939414285713,0.0108288328946541,-11018.837269222398,-54594.24797087578,55695.12264346923,27301457.050657935,293.1549201507468
235.0,154.03939414285713,0.011332424865569582,-11511.835234994696,-67707.44569125623,68679.11292752752,36189340.51119543,293.1547299511545
239.99999999999997,154.03939414285713,0.011726532485166778,-9319.979421465618,-87696.96382941818,88190.8129076653,48751063.399741516,293.1545787066965
245.0,154.03939414285713,0.01192618017002214,-3384.8186386068965,-116225.71007688019,116274.98733644855,67578941.66319604,293.15446565564497
250.0,154.03939414285713,0.01189849323707724,7041.833120562246,-151074.13782151518,151238.1649327048,94198415.71025293,293.15438569261056
254.99999999999997,154.03939414285713,0.011631424833697125,21279.691708350612,-184483.52726772954,185706.75031442867,126288316.26199992,293.154330702103
260.0,154.03939414285713,0.011106487602203105,36755.9786681325,-205938.98535549652,209193.37383651428,156704827.57493535,293.1542891400335
265.0,154.03939414285713,0.010293691140815357,49669.231734492656,-209433.97238148574,215243.16799513908,177006198.34032822,293.1542424753569
270.0,154.03939414285713,0.009177753703631364,57090.35739502014,-198308.99643944134,206363.19191248593,182482634.66379032,293.1541631679458
274.99999999999994,154.03939414285713,0.007807268347784604,59029.405213992184,-181900.01723979114,191238.29886231993,173691659.51772574,293.15402333073393
280.0,154.03939414285713,0.006328357931936819,56457.21643479496,-166438.4054761935,175753.12260390449,152666747.36022747,293.1538114136809
285.0,154.03939414285713,0.004971224361874415,48510.84975728673,-149844.9449282516,157501.77797321783,120613073.95553029,293.1535389761473
290.0,154.03939414285713,0.003931084931718356,35485.51540164026,-127909.4715566494,132740.55415441561,84075418.84066118,293.1532345061732
294.99999999999994,154.03939414285713,0.003250275158839429,21265.524418813842,-102598.18134804643,104778.85924523987,53856720.067234434,293.1529335237868
300.0,154.03939414285713,0.002870797011471144,9688.409625980958,-79093.61232078535,79684.78393665561,34149260.4204889,293.1526673669742
305.0,154.03939414285713,0.0027206871494774654,2048.792030899364,-60272.7492557346,60307.56048482256,22571402.108603355,293.1524528361107
310.0,154.03939414285713,0.002741565614466046,-2147.895221568556,-46571.75724898238,46621.26153528001,15822758.9323795,293.1522890768624
314.99999999999994,154.03939414285713,0.0028796085590900543,-3902.7372072104104,-37152.49946862253,37356.92137308081,11641001.829805575,293.15216453087305
320.0,154.03939414285713,0.0030724472448148995,-4039.5641625920543,-30654.00269242789,30919.022618625484,8725244.375430519,293.1520660003618
325.0,154.03939414285713,0.0032543362124828707,-3095.8963911949263,-25853.778261294032,26038.47969542718,6483226.994057778,293.15198291911594
330.0,154.03939414285713,0.003373332943390494,-1422.7019804055742,-22076.30750460142,22122.102837722523,4769961.119980044,293.15190791571797
335.0,154.03939414285713,0.0033952751874881753,785.5238091703576,-19054.864627656232,19071.049096289335,3561583.653597902,293.1518366057033
339.99999999999994,154.03939414285713,0.0032951506364092007,3426.401547309386,-16743.03050612708,17090.035052407184,2831869.612222845,293.1517676967509
345.0,154.03939414285713,0.0030576143050546198,6262.002897767164,-15413.034863188224,16636.535816855023,2533388.878866511,293.15170226833385
350.0,154.03939414285713,0.002712585524313163,9121.392783794661,-15862.4613977344,18298.018688122364,2473531.728515711,293.1516413217368
355.0,154.03939414285713,0.0023727166853885397,12716.963467185908,-19500.792978237456,23280.93826729963,2383618.2739878753,293.15158405053205
359.99999999999994,154.03939414285713,0.002144159021370195,16927.01658925776,-26812.348021072616,31708.451507699396,2027743.2566675637,293.15152876306837
365.0,154.03939414285713,0.002025741460695223,19663.23767197896,-36336.16988713798,41315.37435158594,1496775.2007430238,293.1514749597537
370.0,154.03939414285713,0.001968914935424196,20076.23603708429,-46799.46242773298,50923.9132131606,1079273.020541091,293.1514243481726
375.0,154.03939414285713,0.0019408184812683643,18460.751937127818,-57267.67281520452,60169.64111371683,825307.7243285688,293.15137967061355
379.99999999999994,154.03939414285713,0.001926142340235246,15178.81496762703,-66062.67041430896,67784.01615492454,674756.4095161181,293.1513425890507
385.0,154.03939414285713,0.0019181623663448275,10828.635246289237,-70807.37822887948,71630.60905049441,574683.5704967737,293.1513130399752
390.0,154.03939414285713,0.001913815255931094,6355.515047542689,-69415.90515625074,69706.2440544686,492524.8085783347,293.1512902545953
395.0,154.03939414285713,0.001911614638126789,2760.9332492470035,-61227.00738884012,61289.22569424319,409159.40405510133,293.1512739471349
399.99999999999994,154.03939414285713,0.0019107586790620098,1212.4650811695876,-47575.73431345577,47591.18161001666,314638.29469344736,293.1512648988778
0.0,159.00840685714286,0.0029573483615038085,-4985.796899269924,-52624.42109459515,52860.07819008633,1758845.424453646,293.16221401062296
5.0,159.00840685714286,0.002973297300823754,-11266.63714831236,-70419.15450292491,71314.75607150698,2399855.3763203584,293.16229813971245
10.0,159.00840685714286,0.0030113834321100494,-26499.480837297655,-86422.34624839848,90393.82952239815,3400629.5298730703,293.1624438084281
14.999999999999998,159.00840685714286,0.003085389209271092,-49210.26387065245,-100179.38209859833,111613.43408334054,5397597.316654384,293.16263542328346
20.0,159.00840685714286,0.003228093147214451,-80529.0779107183,-111590.49736195608,137613.12252339622,10072860.192785386,293.16286941798114
24.999999999999996,159.00840685714286,0.0035207416474092403,-121435.58958269654,-120359.32230410234,170976.5155885448,22356421.163808282,293.1631535898773
29.999999999999996,159.00840685714286,0.004172002938808583,-166433.98101763922,-124701.37464792821,207968.0333043106,54345282.10471163,293.16349646579386
35.0,159.00840685714286,0.005646264734407941,-183681.00586753112,-120880.45255522957,219888.14366960558,100962181.03182422,293.16387911215355
40.0,159.00840685714286,0.008070296084631588,-214811.8904628895,-131294.13900309562,251758.41439921057,130484745.42887592,293.1642377593451
44.99999999999999,159.00840685714286,0.010141011387475772,-369858.4391890852,-203990.53373033536,422383.00497412693,142349200.4632496,293.1645058350881
49.99999999999999,159.00840685714286,0.011069685405863937,-527074.828285033,-322207.2878887971,617758.3758884628,89621805.05907762,293.16464866703177
54.99999999999999,159.00840685714286,0.011399078544810936,-586448.818667935,-598192.5818271693,837709.1272452933,52566594.51470093,293.16470267397796
59.99999999999999,159.00840685714286,0.011516172192590582,-565020.0490112676,-1288467.8172485656,1406910.4349140276,54463374.026285015,293.16470600514276
65.0,159.00840685714286,0.011557090754631353,-462021.98355253966,-2846296.9076295896,2883551.6988026393,97566238.6495947,293.16467659581514
70.0,159.00840685714286,0.011571273495178728,-221946.96685984635,-3510353.5941055804,3517363.048044408,121724849.48771663,293.16461400195954
75.0,159.00840685714286,0.011579285451317338,-114960.64415524727,-3580597.8426797013,3582442.86216921,126270935.33931667,293.16452374706677
80.0,159.00840685714286,0.011582769559594253,-32371.685145821815,-3613144.27106732,3613289.28395524,128454794.53712611,293.1644136396826
84.99999999999999,159.00840685714286,0.01158252261983192,32584.27233509762,-3600257.0803602813,3600404.5299782557,127540305.11179735,293.16428626269436
89.99999999999999,159.00840685714286,0.011579511132360743,76450.63896642019,-3537129.824330062,3537955.920353388,123154330.63516031,293.1641413822215
94.99999999999999,159.00840685714286,0.011574877555935278,94909.88090166131,-3423876.347287636,3425191.5460319137,115428906.0016488,293.16397792742356
99.99999999999999,159.00840685714286,0.011570020144270577,82081.91076330974,-3265777.41080173,3266808.7695758087,105000720.27523345,293.16379490353756
104.99999999999999,159.00840685714286,0.011566669364858947,31114.129576976375,-3073314.968442137,3073472.4635678492,92940179.22286671,293.1635913534307
109.99999999999999,159.00840685714286,0.011566908731312879,-64192.90107939971,-2862232.808946802,2862952.5635540118,80644203.55396011,293.1633656301278
114.99999999999999,159.00840685714286,0.011573088654966887,-206910.22828504478,-2653052.4073944557,2661108.5883425516,69673887.97068529,293.16311423673307
119.99999999999999,159.00840685714286,0.011587599754141384,-392447.02036743757,-2471253.300448048,2502220.5216108854,61602170.701647416,293.16283073648833
125.0,159.00840685714286,0.01161233335700363,-606356.5586413543,-2337697.3180295327,2415056.3196186246,57385131.18404774,293.1625054256499
130.0,159.00840685714286,0.011648235410005519,-819944.1027760372,-2270965.4069040404,2414454.8475861032,57356551.10237907,293.1621272632114
135.0,159.00840685714286,0.011694327767281234,-996373.7749908372,-2255553.096731902,2465822.473672094,59823038.21011003,293.1616894239312
140.0,159.00840685714286,0.011747872787504603,-1114153.8680906235,-2239247.806410211,2501113.668007562,61547683.49450557,293.16119841959585
145.0,159.00840685714286,0.011805743154090297,-1172472.7311758325,-2165825.1512247305,2462821.733505806,59677525.57270282,293.1606785748137
150.0,159.00840685714286,0.011865120060622186,-1158470.4924326797,-2006814.7184036484,2317187.7774230405,52828382.15001532,293.16016237387436
155.0,159.00840685714286,0.011921590203333565,-1060689.2146395112,-1813630.2996044667,2101027.480471393,43431848.959602185,293.15967537540763
160.0,159.00840685714286,0.011971188982086137,-909572.0066642015,-1641197.4225252876,1876392.8733105948,34641158.07258803,293.15923005023615
165.0,159.00840685714286,0.012012547403999985,-737964.8845405076,-1505379.6071953622,1676532.1149845438,27654678.04148362,293.1588298776302
169.99999999999997,159.00840685714286,0.012044985470540188,-408723.44079657714,-1127755.0948648653,1199535.9123637169,17790653.259734645,293.15847374778673
175.0,159.00840685714286,0.012063910368179899,-117119.16272998984,-601077.430396896,612381.3971791674,8549129.65446329,293.1581569710465
179.99999999999997,159.00840685714286,0.012072122420340716,-3318.0071884544077,-292253.24672077567,292272.08110002097,4261854.407131756,293.1578689961997
185.0,159.00840685714286,0.012065592873380647,31094.844764785168,-135975.4720825628,139485.5489970983,2513149.6233303137,293.157592352908
189.99999999999997,159.00840685714286,0.012031299557884328,32641.139730362196,-65028.007025045605,72760.4679791603,2066094.676745235,293.15730624118345
195.0,159.00840685714286,0.011936119723665468,22785.529441111026,-34552.43203485552,41389.01921325326,2230845.910112663,293.1569902477353
199.99999999999997,159.00840685714286,0.01172971189289075,12018.843837131748,-22067.154975583297,25127.91149096499,2492842.141846078,293.15663140331503
205.0,159.00840685714286,0.0114538390818535,5507.488170309303,-19520.643086709963,20282.7003247796,3147514.740185455,293.1562369200745
209.99999999999997,159.00840685714286,0.011301434702576038,462.04932734031115,-22744.441624268882,22749.13436552412,4855597.603425294,293.1558388876742
215.0,159.00840685714286,0.011409777871156237,-4929.460901174003,-27912.542302267822,28344.48098928774,7755148.489808882,293.15547343899925
219.99999999999997,159.00840685714286,0.011785058511495626,-10044.451519356342,-33814.19563269492,35274.50683724528,11622339.350304663,293.1551569266511
225.0,159.00840685714286,0.012363348848808253,-14362.361492988743,-41386.63655006272,43807.888702632925,16022216.932625696,293.1548883470783
229.99999999999997,159.00840685714286,0.013003764547648494,-17798.919080845233,-53538.63124147307,56419.73551565899,20762617.781631317,293.1546642355519
235.0,159.00840685714286,0.013543312945887542,-19908.756833061914,-74761.52087093524,77366.94127063105,26552586.766362984,293.15448354329624
239.99999999999997,159.00840685714286,0.013901390233710809,-18736.79227639422,-108692.36498969588,110295.50123129235,34665595.0798307,293.1543438027691
245.0,159.00840685714286,0.014085979994951448,-11938.963464476807,-155930.30647156728,156386.6980434174,46701038.07072639,293.1542390007501
250.0,159.00840685714286,0.01413310231843129,1407.7849147014704,-212533.64695113662,212538.3093579048,64313610.1894694,293.1541613035714
254.99999999999997,159.00840685714286,0.014065608640742798,20327.41206012503,-268339.2294158604,269108.05585221684,88247206.66687818,293.1541027504149
260.0,159.00840685714286,0.01388134343250522,41964.17271298932,-307843.90095016983,310690.938303169,116937809.37594655,293.1540544295007
265.0,159.00840685714286,0.0135489168118401,61880.91357719744,-316322.866151599,322318.79113001,145268715.06414673,293.1540029243051
270.0,159.00840685714286,0.013001890283911726,74793.40123299131,-288702.2406440246,298233.19168207876,164497984.8265936,293.1539268970245
274.99999999999994,159.00840685714286,0.012142975928838057,76308.17778416474,-235448.02100704968,247504.9668044579,165898574.32636288,293.15380173143694
280.0,159.00840685714286,0.010901494939890803,66986.4403435981,-178160.54472223675,190337.49731892176,148307599.6382113,293.1536137561363
285.0,159.00840685714286,0.009355849022205747,53274.265373426686,-133746.40534799398,143966.1359299061,119824620.02360216,293.15336873812316
290.0,159.00840685714286,0.0077711083033704,39870.32982940679,-104121.87032154384,111494.42622822935,88911450.40116325,293.1530885701933
294.99999999999994,159.00840685714286,0.006457462131107561,27379.592919055514,-82997.78563197669,87397.22265738626,60769527.3080638,293.1528061011474
300.0,159.00840685714286,0.005557133219993417,16665.446104701612,-66551.37910800148,68606.29092908061,39803874.27247589,293.1525555947728
305.0,159.00840685714286,0.005025044838739931,8907.352511272642,-53941.22474707285,54671.717148579664,26539045.172481887,293.15235631167116
310.0,159.00840685714286,0.004753304254266672,4102.8544834509785,-44447.96753879561,44636.926789847465,18436115.77995403,293.1522066939975
314.99999999999994,159.00840685714286,0.004639191630316144,1579.5401146532533,-37217.41686400235,37250.920324237966,13230785.540920401,293.1520940516844
320.0,159.00840685714286,0.00460023166681959,649.5294918605337,-31594.648652915606,31601.32453018352,9692757.538747322,293.15200505902334
325.0,159.00840685714286,0.004575116307983832,806.0127807981729,-27197.607250345733,27209.54789677456,7247899.543448477,293.151929555453
330.0,159.00840685714286,0.004520033103295252,1733.5567602625808,-23793.67489554645,23856.742947770752,5590431.948056661,293.151860460488
335.0,159.00840685714286,0.004402048506746747,3273.313963190507,-21216.356976596122,21467.37961792209,4528942.554923695,293.1517931296587
339.99999999999994,159.00840685714286,0.004193082946378073,5345.383678550909,-19394.486386839933,20117.634773507496,3962954.4336026134,293.1517253885554
345.0,159.00840685714286,0.0038700636495058076,7793.930938949313,-18421.05562697198,20002.016145706595,3840900.7969493223,293.1516576963288
350.0,159.00840685714286,0.0034325864040063124,10280.087575125473,-18606.154424803008,21257.21484653777,4004757.8281028736,293.1515918430183
355.0,159.00840685714286,0.002944054033192368,12761.715664376758,-20719.29592155118,24334.144944567222,4129776.1608129824,293.15152881361973
359.99999999999994,159.00840685714286,0.0025279823217172178,15682.763587547486,-26093.69067139096,30443.878967653593,3986203.6360235033,293.1514685272077
365.0,159.00840685714286,0.002258507008182465,18267.09694696814,-34956.80721798065,39441.92188198994,3484051.6141152116,293.1514113963686
370.0,159.00840685714286,0.00211217405056854,18892.27840944513,-45558.18140782396,49320.03727379151,2810140.456883144,293.1513592323976
375.0,159.00840685714286,0.002036676783314672,17249.215775879868,-55870.045760803616,58472.193889037146,2243051.1978103267,293.1513141867274
379.99999999999994,159.00840685714286,0.0019971562891192823,13872.219387230767,-64191.968425436695,65673.7944773996,1852224.3967678982,293.1512771992948
385.0,159.00840685714286,0.0019761272950563746,9502.644294888549,-68739.8332715883,69393.55104619547,1588189.4943318202,293.1512478498702
390.0,159.00840685714286,0.0019653023082346495,5110.514176174043,-67916.78229828026,68108.78557790375,1387549.133038332,293.1512253247759
395.0,159.00840685714286,0.0019605904855199588,1774.997462357837,-61020.83056989348,61046.641016775226,1196045.9405461324,293.151209342844
399.99999999999994,159.00840685714286,0.001959512326417568,521.4313328356224,-48669.75965130526,48672.552790568574,963893.0023973844,293.15120056674823
0.0,163.97741957142856,0.0032036825439169473,-1379.564687060295,-43388.766642398565,43410.69303149055,3870294.884572051,293.16131818237136
5.0,163.97741957142856,0.0032180810633971476,-4269.026771846071,-55223.57895661187,55388.34049108065,4913233.525266752,293.1613971080202
10.0,163.97741957142856,0.0032731713301103827,-12281.103507294327,-64782.721230518284,65936.53367737737,6229318.84107286,293.1615363977414
14.999999999999998,163.97741957142856,0.0033969277401743325,-24737.077633823854,-71397.56043199841,75561.46270092111,8478627.897190921,293.161721329999
20.0,163.97741957142856,0.003646531858476067,-41813.00961384677,-74735.67564914681,85637.31072203352,13034844.19357622,293.161945792662
24.999999999999996,163.97741957142856,0.0041522745141225085,-63186.81011261304,-74614.7582413149,97774.9207088264,23031910.101917665,293.16221252295327
29.999999999999996,163.97741957142856,0.005193767960720108,-83679.4685288606,-71247.95272433636,109902.33946864752,41949639.84859833,293.1625246962944
35.0,163.97741957142856,0.007106124412520884,-97666.98713045067,-69047.86594096651,119609.56552943958,60132476.14822276,293.1628683569464
40.0,163.97741957142856,0.009366112845821416,-145392.5109267554,-89280.46769480006,170616.48263104277,73070950.25242211,293.16320776524935
44.99999999999999,163.97741957142856,0.01081549283420675,-251398.5660882463,-143867.37837611066,289653.34728264634,66750885.29314247,293.1634960306624
49.99999999999999,163.97741957142856,0.011399021526000228,-340344.2446113453,-259716.3896045583,428120.08580454846,42202854.97669524,293.1637045753586
54.99999999999999,163.97741957142856,0.011611989903352224,-390898.8323996585,-556828.4775332144,680338.0413907294,34310974.45973877,293.1638424642654
59.99999999999999,163.97741957142856,0.011693533571632131,-411972.77658529574,-1289525.2734060725,1353734.4641399968,50559461.685362846,293.1639250336991
65.0,163.97741957142856,0.011727510423576943,-449860.64178364124,-2893126.8425356685,2927893.0178588144,102372821.43343382,293.1639633929016
70.0,163.97741957142856,0.01174813542829284,-319313.3953223633,-3632115.2124160817,3646124.2382421107,130800010.30124803,293.16395527360453
75.0,163.97741957142856,0.011759441763109179,-160142.02177467436,-3691171.4472255143,3694643.706766727,134304319.21358594,293.1639079363592
80.0,163.97741957142856,0.011764149630470308,-33432.82572322582,-3710571.705236376,3710722.319648376,135475812.92337927,293.16383194084744
84.99999999999999,163.97741957142856,0.011762785045681502,80770.44616460263,-3680878.5439141993,3681764.6203989666,133369613.58537091,293.16373110440304
89.99999999999999,163.97741957142856,0.011756072585853847,176641.04019179256,-3595379.3076098016,3599715.880825704,127491520.52515945,293.1636061211675
94.99999999999999,163.97741957142856,0.011745120941662322,245195.54591704783,-3452101.3476964617,3460798.2562561035,117841271.33073175,293.1634568020943
99.99999999999999,163.97741957142856,0.011731553031262143,275110.57375095156,-3254533.5717806653,3266140.6273516444,104957774.24105571,293.16328266571725
104.99999999999999,163.97741957142856,0.011717609884287227,253531.64095505077,-3012461.6986317188,3023111.605397403,89919361.35351065,293.1630825393983
109.99999999999999,163.97741957142856,0.011706199867166638,168048.33531126537,-2743416.182818217,2748558.2757419874,74328394.40987766,293.162853918801
114.99999999999999,163.97741957142856,0.0117008050507561,8513.169545525114,-2471489.737423262,2471504.399398111,60099052.95656286,293.16259247577403
119.99999999999999,163.97741957142856,0.011705348550212085,-221735.5964163892,-2239607.2255514655,2250557.086470029,49833904.971946865,293.1622922539697
125.0,163.97741957142856,0.01172297861039774,-506992.2573959496,-2073270.7547997045,2134360.037989649,44820863.02124482,293.1619468785956
130.0,163.97741957142856,0.01175604777595168,-797475.9000025159,-2034444.7429694242,2185162.0588141168,46979907.25891013,293.1615533741263
135.0,163.97741957142856,0.011802726200397991,-1009575.6966037665,-2105952.186582276,2335439.5088170557,53663883.55551675,293.1611165989713
140.0,163.97741957142856,0.011857005345612057,-1098931.186375666,-2182996.8475858197,2443997.7473309287,58768750.24324438,293.16065209819726
145.0,163.97741957142856,0.011912619319035558,-1092690.167079982,-2170321.0164646097,2429869.3618672704,58091247.479050525,293.16018280521695
150.0,163.97741957142856,0.011966274362320055,-1024836.3343055499,-2083667.625186276,2322059.491994607,53050751.13260308,293.15972959419605
155.0,163.97741957142856,0.012015102952466113,-905351.9576867481,-1952696.5526519022,2152367.532282963,45580356.4535398,293.1593037001593
160.0,163.97741957142856,0.01205680955808873,-752475.2155120551,-1804241.1301501018,1954867.0046029296,37599258.95533242,293.1589081232038
165.0,163.97741957142856,0.012090350474017318,-590175.4518904471,-1645908.2488103523,1748519.6674661837,30080558.537053894,293.15854230894644
169.99999999999997,163.97741957142856,0.012115827103277774,-414905.58939502254,-1485375.5722460027,1542234.4953788226,23401606.821961198,293.15820443794456
175.0,163.97741957142856,0.01213184103295682,-140069.3939480898,-766146.9647750139,778845.6886668575,10932026.689593922,293.1578901967491
179.99999999999997,163.97741957142856,0.012141483534108235,-30210.897522259198,-349971.5689253079,351273.10939658043,4866857.744807417,293.15759321182986
185.0,163.97741957142856,0.012143951966395256,5709.556491101111,-147345.55960914155,147456.1391460395,2223094.780917138,293.1572994954648
189.99999999999997,163.97741957142856,0.012135550323240154,10999.822503977886,-61326.35792874276,62305.04210674517,1205405.1023738342,293.15699133071763
195.0,163.97741957142856,0.012109236143639852,6380.103835254774,-28375.05023398,29083.4867361106,893716.3434837018,293.1566528627781
199.99999999999997,163.97741957142856,0.01206703469395375,1134.7108025363414,-16801.476995942783,16839.750528157692,964444.9190981975,293.15627846286276
205.0,163.97741957142856,0.01207001263322558,-2280.224512282398,-14682.936342517782,14858.938167474922,1592542.441186725,293.1558813284041
209.99999999999997,163.97741957142856,0.012234200798184956,-5889.661462087068,-17736.23914031298,18688.56043092575,3216694.9306892026,293.1554908955991
215.0,163.97741957142856,0.012621332516790987,-10188.325219241755,-22716.698076572353,24896.79381517194,5776412.179491632,293.1551351265276
219.99999999999997,163.97741957142856,0.013199205160309774,-14512.975180313435,-28847.86868438335,32292.81617040885,8592932.042596532,293.15482748351087
225.0,163.97741957142856,0.013836793819003546,-19144.683754813534,-38745.547227736555,43217.31534985237,11105007.754000686,293.15457052217874
229.99999999999997,163.97741957142856,0.014356133980724278,-24229.440172205603,-57167.850301181905,62090.48944175617,13236445.164901678,293.1543631293718
235.0,163.97741957142856,0.014682305720848159,-27285.688796289203,-87476.81789516594,91633.5226985843,15105613.802927217,293.15420118392126
239.99999999999997,163.97741957142856,0.014855041076420834,-25140.725112420245,-130781.66031391083,133176.19432031177,17451222.81818943,293.1540765987875
245.0,163.97741957142856,0.0149337290716248,-16211.120543444931,-186911.55409878292,187613.24442825554,21333052.738477584,293.15397921706256
250.0,163.97741957142856,0.014954901683462325,-120.55404065676802,-251944.78146178366,251944.81030396844,27539988.16167299,293.1538992655529
254.99999999999997,163.97741957142856,0.014934260677575865,21953.330574106938,-315213.8880987036,315977.4421910495,36476454.24099737,293.15382815350006
260.0,163.97741957142856,0.0148733832131982,46797.33425340697,-360893.3733852538,363914.8491702603,48125196.95774438,293.1537578768358
265.0,163.97741957142856,0.014761418699375028,69667.80564495892,-374751.2030361808,381171.9655489482,62036153.50305131,293.1536799698348
270.0,163.97741957142856,0.014571046952390632,85599.07924437779,-351299.8637496174,361578.2026588232,77175334.04226094,293.1535848642582
274.99999999999994,163.97741957142856,0.014247850321232741,90793.28660890214,-295880.50096861506,309497.48261768604,90914377.82740381,293.15346230208394
280.0,163.97741957142856,0.013695202035587077,83811.3604175342,-222535.80006465863,237795.13545372523,97343051.39219455,293.1533031429152
285.0,163.97741957142856,0.012781434758091063,67414.36336605628,-152086.08668053418,166357.66934484753,90549311.0209266,293.15310374067104
290.0,163.97741957142856,0.011453349302749523,49546.30934672013,-102617.74840865999,113952.79311339378,73783118.19025545,293.15287303962356
294.99999999999994,163.97741957142856,0.00992006809496056,35854.700744235975,-75210.36059423164,83319.61297421555,55203310.09877901,293.1526350846465
300.0,163.97741957142856,0.008555526128956483,25398.025870852576,-59872.027887138785,65036.29326349113,38697584.169084795,293.1524198317648
305.0,163.97741957142856,0.007558353569868038,17047.395364156946,-49551.60150808249,52402.05053924591,26304332.287058786,293.15224637080235
310.0,163.97741957142856,0.006895771457990235,11069.41567669196,-41813.26115191847,43253.67928375491,18198331.979084678,293.15211494643074
314.99999999999994,163.97741957142856,0.006463980706700567,7295.556574470718,-35790.082377221064,36526.088516286174,13060168.357315516,293.152014893672
320.0,163.97741957142856,0.006169906187388667,5213.2677483086445,-31077.090132314483,31511.32640349424,9749343.267731149,293.1519345476109
325.0,163.97741957142856,0.005943736597834057,4362.04276469747,-27431.716039883697,27776.365168500037,7585272.46428651,293.15186486400427
330.0,163.97741957142856,0.005734027709679809,4425.437111944267,-24675.792632358887,25069.488141303376,6181934.058816945,293.15179934387726
335.0,163.97741957142856,0.005501306406473281,5207.958479963353,-22684.800660863337,23274.943878603186,5328501.2835615305,293.15173342381405
339.99999999999994,163.97741957142856,0.005213372221882652,6582.622550389451,-21406.801050559454,22396.027568725865,4928444.783076981,293.15166462234464
345.0,163.97741957142856,0.004843918048182559,8409.704764631204,-20878.937495154805,22508.95744264585,4950500.042844116,293.15159325173965
350.0,163.97741957142856,0.00437820353037072,10427.972397102689,-21208.350677194543,23633.38204239067,5331133.083275598,293.1515219329315
355.0,163.97741957142856,0.003832285501435317,12268.91365011762,-22553.86283973721,25674.948318306728,5817493.460820282,293.1514533139483
359.99999999999994,163.97741957142856,0.003277734044507348,13815.686000455704,-25429.730110234806,28940.35855241898,6058613.1288635405,293.15138872603006
365.0,163.97741957142856,0.002816521053863713,15147.618713283951,-30824.32125265311,34345.14715894798,5954735.584557574,293.1513291270057
370.0,163.97741957142856,0.0025005368383566313,15680.927253806234,-38899.11570861138,41940.82357859821,5578820.151926164,293.1512760281451
375.0,163.97741957142856,0.0023110511065587477,14544.893573220392,-48125.16260474045,50275.09527379353,5060019.196608338,293.15123094383904
379.99999999999994,163.97741957142856,0.002204591124166965,11682.272797230895,-56189.237577843196,57390.81736034282,4546342.5197649775,293.1511944357771
385.0,163.97741957142856,0.002147158326203513,7756.528993310627,-61024.46567844604,61515.43833351029,4107749.5916336006,293.1511660359708
390.0,163.97741957142856,0.0021190138827825115,3742.7173395811933,-61189.9885597069,61304.344324208076,3727520.9982445887,293.1511449153138
395.0,163.97741957142856,0.0021094289372612794,765.3410481078104,-56080.390939853976,56085.613082917924,3329876.2603582926,293.151130530582
399.99999999999994,163.97741957142856,0.0021107794193336825,-202.1260172676421,-46063.90737071811,46064.35082778172,2789789.0371902077,293.15112293827656
0.0,168.94643228571428,0.0038574326349626637,-336.04306380876847,-34302.465618368864,34304.11159671843,6333887.702695873,293.16030887350865
5.0,168.94643228571428,0.003866624382629044,-1943.3906571861596,-40040.51552824708,40087.64960700782,7445882.985842268,293.1603779995686
10.0,168.94643228571428,0.003948951426590309,-6609.644185181244,-44604.91870208429,45091.97454840771,8768289.855672179,293.16050317543215
14.999999999999998,168.94643228571428,0.004156325132769636,-13838.85808939618,-47309.571837611504,49292.08436124983,10724974.783200538,293.16067271827797
20.0,168.94643228571428,0.004569816624834238,-23506.845478225605,-47968.2234978022,53418.36996644767,14095270.997772643,293.1608801452827
24.999999999999996,168.94643228571428,0.005336487241390331,-35357.073273139635,-46790.802245925384,58647.265965767416,20114939.712146018,293.1611249362648
29.999999999999996,168.94643228571428,0.006671438834527577,-47399.958900415004,-44440.50576777829,64974.723213392506,28403086.287491668,293.1614075279329
35.0,168.94643228571428,0.008577716639598018,-61043.876001106175,-44646.51765615921,75628.47569573356,33764098.79150316,293.1617207117355
40.0,168.94643228571428,0.010333973270315756,-96371.36574887719,-59209.48902896712,113107.04543650337,35518760.96882576,293.16204726276237
44.99999999999999,168.94643228571428,0.011297170236045373,-156934.7769347716,-101178.1236683542,186723.15582330784,29285069.78636783,293.1623600620418
49.99999999999999,168.94643228571428,0.011673724756258615,-208953.7422869518,-212961.97721398275,298352.9288520741,21746281.360868666,293.1626358924532
54.99999999999999,168.94643228571428,0.011816005746386884,-249699.4114486829,-510856.9155548019,568616.3770486958,25709103.006634023,293.162863753961
59.99999999999999,168.94643228571428,0.011875524617151467,-295615.9583555978,-1234639.6949280465,1269536.9120772025,48311440.67113436,293.16303942273737
65.0,168.94643228571428,0.011906067903705667,-423794.5458678358,-2767899.918616076,2800155.670062328,103230725.90954071,293.1631626508047
70.0,168.94643228571428,0.01193223402858365,-400471.0464911021,-3789417.0473619127,3810519.468250327,142860847.54812202,293.1632264787154
75.0,168.94643228571428,0.011946115008354777,-192930.90622370807,-3840911.019262065,3845753.4752587895,145514990.41668352,293.1632348497963
80.0,168.94643228571428,0.01195152711920602,-22142.571661654816,-3856485.9356173137,3856549.5024819714,146333133.79871866,293.16320154257426
84.99999999999999,168.94643228571428,0.011948329265520943,147062.77001419815,-3816616.5143604907,3819448.792170602,143531173.69789496,293.16313242928874
89.99999999999999,168.94643228571428,0.0119368208422046,303809.9983153353,-3710693.571364378,3723109.895724445,136381845.76889008,293.16302983845463
94.99999999999999,168.94643228571428,0.011917948265689409,433643.2398906708,-3533945.3316808785,3560451.6661249525,124725439.14402525,293.1628948401761
99.99999999999999,168.94643228571428,0.011893456518215533,518996.9119446733,-3287243.9148567016,3327961.89136392,108968642.78338555,293.16272758205247
104.99999999999999,168.94643228571428,0.011866048574494942,539063.8904263605,-2978248.7715134816,3026640.980192921,90129439.19499354,293.1625267109787
109.99999999999999,168.94643228571428,0.011839550129172897,473426.4095839804,-2627444.888048134,2669756.3943217457,70127462.3062765,293.16228911709595
114.99999999999999,168.94643228571428,0.011818705933536544,293776.3945608588,-2250377.9370260085,2269472.5002640174,50675110.22615692,293.1620104874913
119.99999999999999,168.94643228571428,0.011810172489716811,3304.0171778381255,-1951322.1204002504,1951324.9176118367,37463127.76148265,293.16168763846605
125.0,168.94643228571428,0.01181837553181876,-402465.5617524374,-1810567.6707414496,1854759.773860438,33847000.618611984,293.16132129771245
130.0,168.94643228571428,0.011850419045892055,-852422.9927857688,-1875872.668610287,2060466.7499061774,41771115.56651224,293.1609200817419
135.0,168.94643228571428,0.011903617831097337,-1144005.2343053913,-2065728.2509567682,2361351.558518774,54861307.28985953,293.1604994271516
140.0,168.94643228571428,0.011964819569322594,-1178123.7749084253,-2215357.7491039666,2509140.407693334,61943363.20508109,293.16007617951965
145.0,168.94643228571428,0.01202143020858818,-1073759.0973751433,-2247880.3377095866,2491169.326211538,61059233.51960958,293.1596638714971
150.0,168.94643228571428,0.012072195479060108,-942194.7469076889,-2204290.601539007,2397212.547341942,56540277.68189405,293.1592702321387
155.0,168.94643228571428,0.012115649683278948,-782994.4533309028,-2109031.1101946826,2249687.2088617063,49795389.15672887,293.1588959270896
160.0,168.94643228571428,0.012150494924393199,-604685.0101876396,-1977040.2457354527,2067445.7900519,42054562.025827214,293.15853844586417
165.0,168.94643228571428,0.012176118184297712,-421075.4822658522,-1816874.6667587203,1865030.3258861585,34222887.41764904,293.15819527526645
169.99999999999997,168.94643228571428,0.012192602472619784,-272571.6721684903,-1629221.9624004723,1651865.4664459734,26846903.4351873,293.15786439335614
175.0,168.94643228571428,0.012203375351514561,-112298.08413847559,-899023.9074610254,906010.400540558,13626299.893614065,293.1575424058442
179.99999999999997,168.94643228571428,0.012211549412227199,-38982.708142488584,-401095.4511047177,402985.37495921535,5896442.655805392,293.157226196215
185.0,168.94643228571428,0.012217761305364717,-12650.278807009887,-160687.67221276095,161184.85522855673,2444747.920134946,293.15690596845377
189.99999999999997,168.94643228571428,0.012223648172257571,-7287.396595327967,-61210.65150152962,61642.92340876857,1087010.8245359634,293.1565690111238
195.0,168.94643228571428,0.012238949549470642,-8367.614366593574,-25226.863798447623,26578.405281232554,691409.9257887761,293.15620658297496
199.99999999999997,168.94643228571428,0.01230688865212152,-8720.401547491432,-13716.530806312281,16253.880167824691,848443.0847259175,293.1558212354297
205.0,168.94643228571428,0.012523592372318627,-9026.918235545449,-11636.867290041708,14727.590880971185,1523700.9082411346,293.1554296738987
209.99999999999997,168.94643228571428,0.012951400580777993,-11213.263256501656,-14126.902104714201,18036.25892295264,2924274.5752788056,293.15505611558785
215.0,168.94643228571428,0.01354809338356592,-14281.770579056367,-18522.273000430367,23388.962524559993,4653114.448200758,293.15472071135133
219.99999999999997,168.94643228571428,0.014186093672363623,-18253.80989883506,-25299.866331939957,31197.512917488115,5991862.6363532,293.15443470741224
225.0,168.94643228571428,0.014690262920473394,-24203.274309624856,-38236.90354255068,45253.27921630952,6661791.369356011,293.1542023186749
229.99999999999997,168.94643228571428,0.014986333546203184,-29959.673504333055,-60205.633292263075,67248.05065285307,6573424.884979526,293.1540214583577
235.0,168.94643228571428,0.015132876290471267,-31838.741674584533,-92723.89314216611,98037.87957142263,6381384.788696123,293.1538834988329
239.99999999999997,168.94643228571428,0.01520118493060447,-28061.49703963825,-138416.12985781813,141231.9815796762,6807872.863229615,293.15377587026194
245.0,168.94643228571428,0.015230220767238846,-17332.127810746915,-198310.92853081983,199066.89084125464,8105135.590034197,293.15368594587704
250.0,168.94643228571428,0.01523721534424259,948.5042882123349,-267278.9932705756,267280.6762639551,10332245.188722804,293.1536029174031
254.99999999999997,168.94643228571428,0.015228826474304149,25330.221841916467,-332253.2520452499,333217.411959827,13457577.598260941,293.15351790134605
260.0,168.94643228571428,0.015206011675456113,51981.847979256156,-375847.88969028904,379425.5509371795,17353845.465189822,293.1534241464788
265.0,168.94643228571428,0.015165139672376593,75710.6958901057,-384485.9238996281,391869.2832426582,21849979.666850694,293.1533183603418
270.0,168.94643228571428,0.015096520031284907,91738.3941910289,-355651.4318895891,367292.6271705759,26855681.872971106,293.1532014302028
274.99999999999994,168.94643228571428,0.014979522546549499,97415.27222010071,-298542.9728006191,314034.4596861107,32423887.01037504,293.153075118491
280.0,168.94643228571428,0.01477098880098893,92751.63364507392,-228149.85687048684,246282.8104717291,38439044.302641794,293.1529371557869
285.0,168.94643228571428,0.014382100707387114,79199.21185825494,-158844.63251574783,177494.03493647813,43453983.680050015,293.1527820346416
290.0,168.94643228571428,0.013660694579607838,59877.301836842154,-102636.38852776344,118825.58447271492,43703585.12200886,293.1526083912511
294.99999999999994,168.94643228571428,0.012498388657604456,42475.58611583366,-67666.63812905313,79893.36224976282,38007959.802776285,293.15242691116237
300.0,168.94643228571428,0.011090016532615885,31224.896369750215,-50867.67396120971,59686.80262441248,30070957.590869673,293.15225799355375
305.0,168.94643228571428,0.00981954861668783,23094.900576119377,-42455.78308313401,48330.81780627105,22176152.652690902,293.1521173498083
310.0,168.94643228571428,0.008861534387018066,16535.01181526002,-36913.763429182516,40447.899157267006,15980075.332743187,293.1520072905697
314.99999999999994,168.94643228571428,0.008178027249481266,11810.566858436536,-32679.724585624936,34748.43720960553,11861975.137198333,293.15192074723774
320.0,168.94643228571428,0.007682266846455471,8791.037882365657,-29336.320099727498,30625.186106256784,9224449.450321909,293.1518487276521
325.0,168.94643228571428,0.007299251060296171,7106.514442905867,-26735.24005613146,27663.615244327808,7528644.113469831,293.15178373001265
330.0,168.94643228571428,0.006971690597452173,6434.120935119147,-24793.393505436197,25614.649592042915,6455145.3602933455,293.1517200308981
335.0,168.94643228571428,0.006655862173562327,6540.558035467356,-23460.648275060128,24355.30572383353,5835893.289111753,293.1516534199768
339.99999999999994,168.94643228571428,0.006317671963785435,7253.853551641937,-22725.6452414529,23855.258183240006,5597289.3439665865,293.15158169209167
345.0,168.94643228571428,0.005930702832149479,8417.592976602655,-22620.236824122454,24135.67868320955,5722077.790217915,293.1515057581032
350.0,168.94643228571428,0.005477287923598097,9832.859548853095,-23201.023095133714,25198.66265436322,6202388.666985293,293.1514293530447
355.0,168.94643228571428,0.004954502444972863,11207.707730033975,-24485.42899849145,26928.589747738915,6946614.968352747,293.15135637367587
359.99999999999994,168.94643228571428,0.004386053764737949,12196.498799869809,-26414.142272262903,29094.011324576262,7676834.500554486,293.15128888995065
365.0,168.94643228571428,0.0038302462336291965,12575.519978305014,-29088.602812625784,31690.543010738224,8075427.64032717,293.15122787043316
370.0,168.94643228571428,0.0033583042812031297,12268.063788077356,-32896.996999472954,35110.081183211005,8111020.879244378,293.1511744630196
375.0,168.94643228571428,0.003009813414528273,11106.303407912703,-37808.69323506656,39406.18301145115,7947665.522162825,293.15112988317674
379.99999999999994,168.94643228571428,0.002780560176736947,8909.731048891805,-42808.934158398995,43726.28672940028,7697654.021846333,293.1510946368893
385.0,168.94643228571428,0.002645233337219044,5864.810226523592,-46287.57979794786,46657.64720326698,7385898.924253504,293.1510683098128
390.0,168.94643228571428,0.002578320295628152,2636.4475329938828,-46845.70499175536,46919.83516348712,6983389.175940922,293.1510499504024
395.0,168.94643228571428,0.0025602316452795052,209.19718278044505,-43897.574967209184,43898.07343680396,6417818.772581654,293.1510384916767
399.99999999999994,168.94643228571428,0.002571239085092642,-556.4457194056249,-37882.503172748504,37886.589691762245,5587395.211415902,293.1510330077532
0.0,173.915445,0.005068595623434947,-539.3407637784695,-32064.752277339074,32069.287910189003,8780469.157377703,293.1592055250393
5.0,173.915445,0.0050919962499917405,-1779.9649782356366,-34126.29998625444,34172.6883062421,9520596.51891852,293.15926322607135
10.0,173.915445,0.005216088985135693,-5120.024665204416,-35925.92895610174,36288.93803807396,10483451.632524721,293.15937063010324
14.999999999999998,173.915445,0.005506265766961288,-10102.078683799971,-37034.40863103857,38387.49036319553,11822697.612936705,293.1595197938857
20.0,173.915445,0.006039853414923305,-16688.446042604774,-37138.211890615545,40715.48862225761,13780717.233406255,293.15970559530183
24.999999999999996,173.915445,0.006916280224019541,-24650.83857136918,-35827.0625633223,43488.4151721802,16409988.775696103,293.15992668291534
29.999999999999996,173.915445,0.00821379548283359,-32636.637492200876,-32891.11145955587,46335.46503319309,18459089.1519913,293.1601833563819
35.0,173.915445,0.009768242457342707,-41601.95301777311,-31256.807754241432,52035.66590213493,18012199.151771344,293.1604741824655
40.0,173.915445,0.011026559990527504,-62466.37351657634,-40366.49449277665,74374.06603075966,16602969.344805276,293.16079400633134
44.99999999999999,173.915445,0.011673896923450704,-96461.85552068854,-75815.44974686232,122690.14626616595,13787058.105889102,293.1611302534523
49.99999999999999,173.915445,0.011924532407170839,-127075.3626932615,-181509.1603652972,221571.0339826466,13242814.048672998,293.1614654001191
54.99999999999999,173.915445,0.012022291044024365,-158074.01236471452,-468257.7191453725,494219.2680625741,21711812.370693717,293.1617791125926
59.99999999999999,173.915445,0.012067346924108342,-212237.49427413102,-1152110.468543825,1171496.1740031564,46638564.88287776,293.1620516760108
65.0,173.915445,0.012095597240418178,-372042.06211778196,-2545552.4268043167,2572596.442039481,100431467.0434255,293.1622687745888
70.0,173.915445,0.012124728658054288,-455552.3647406697,-3938429.9611029723,3964688.955710697,154654689.97231877,293.16241619190623
75.0,173.915445,0.012141152476892245,-226795.2534694938,-4026125.8128249464,4032508.5427921447,159990960.21686223,293.16248953740467
80.0,173.915445,0.012147408183401237,-9288.884974586326,-4057159.4053304694,4057170.0387888057,161953848.29463452,293.1625047695439
84.99999999999999,173.915445,0.012142081365389704,225659.26848832492,-4017591.8158206637,4023924.2169807153,159310513.95580775,293.1624702889033
89.99999999999999,173.915445,0.012124842256552405,457560.38033122756,-3895957.978616301,3922735.0245451033,151398927.59319487,293.16239049234446
94.99999999999999,173.915445,0.01209632532735658,666020.8913263598,-3684878.1159662297,3744584.163456603,137959637.7094143,293.1622678487552
99.99999999999999,173.915445,0.012058240167419769,827363.2283022776,-3381478.251658112,3481224.6520418026,119236426.90235643,293.1621031773332
104.99999999999999,173.915445,0.012013589004526353,909241.5915720742,-2985327.974577176,3120721.613287155,95819722.8233359,293.16189520138244
109.99999999999999,173.915445,0.011967316008262561,891408.2214964669,-2537412.141087632,2689436.5564352726,71165164.93716562,293.1616411869421
114.99999999999999,173.915445,0.011924448182376706,680445.6953176004,-2135759.8919339683,2241534.443248653,49435130.60521109,293.1613389751373
119.99999999999999,173.915445,0.011899271438730801,211493.96245882486,-1810074.2637796437,1822388.141026481,33271426.992327724,293.16099155512956
125.0,173.915445,0.011902913285917518,-319265.23136974993,-1348755.2301074388,1386027.0411156307,25575894.754258573,293.1606100538095
130.0,173.915445,0.011942472478765792,-698085.3157537064,-1351881.607222587,1521481.8395293704,34292203.60503287,293.1602152430069
135.0,173.915445,0.012008018799263259,-1081474.0654177142,-1810298.5531917384,2108735.8786389586,54491253.18149994,293.1598279651283
140.0,173.915445,0.012077168162051836,-1279954.3933773516,-2347793.415274851,2674026.3966412023,70351965.10564135,293.15945842492806
145.0,173.915445,0.012136014238600994,-1081691.6076877501,-2400611.5013474077,2633057.59803001,68212752.03932682,293.1591054025148
150.0,173.915445,0.012185337322820611,-886847.6189274888,-2375944.8754355423,2536062.4500011373,63279747.884512626,293.15876597014926
155.0,173.915445,0.012224699000493743,-679509.9762239854,-2301643.1694272025,2399853.1386647015,56664907.42786026,293.1584340251846
160.0,173.915445,0.01225328832044301,-462129.39911329665,-2177665.9348146035,2226160.934249089,48759356.707325794,293.1581038044182
165.0,173.915445,0.012270911940405072,-244512.75745993736,-2014988.5652641035,2029769.791554144,40535769.54191761,293.15777185973525
169.99999999999997,173.915445,0.012277739596189004,-116724.09894468093,-1821867.88016091,1825603.2121018127,32791224.54373434,293.15743646157364
175.0,173.915445,0.01228258435029954,-60621.6801835668,-964751.7876078059,966654.5400507544,16446414.688121326,293.15709588582035
179.99999999999997,173.915445,0.012288584151868258,-36076.357379994435,-432851.47620737244,434352.2810078365,7253407.2960833935,293.1567517948745
185.0,173.915445,0.012296681641780854,-23571.10002065681,-171225.74310553484,172840.5388160614,2972071.6406481275,293.15640006496767
189.99999999999997,173.915445,0.012312418487389728,-20200.570125891,-62759.93169877769,65930.81267697434,1311687.227898296,293.15603527726273
195.0,173.915445,0.012358636048991026,-19114.6147411916,-24242.73406934419,30871.97194642935,979012.423778265,293.15565687464056
199.99999999999997,173.915445,0.012511981548828113,-15893.71652980191,-12341.527892016331,20122.711940469544,1346284.5316278313,293.15527300655197
205.0,173.915445,0.012895722807968982,-13963.360760903874,-9976.736462015893,17161.314465147112,2085403.5879747847,293.1548990664965
209.99999999999997,173.915445,0.013516907643448478,-15026.044567766925,-11717.128217649644,19054.477400898704,3130931.5288748574,293.1545520136286
215.0,173.915445,0.014212703190484361,-17501.81870439759,-15538.377080388154,23404.162455724265,3866144.440730562,293.15424552492794
219.99999999999997,173.915445,0.014772446608785867,-22510.35739349023,-23027.734596566886,32202.371816879946,3990839.706568363,293.15398919431254
225.0,173.915445,0.015093196584093412,-29336.84121652619,-36651.67689074022,46946.732276771836,3456573.1445453176,293.1537872882842
229.99999999999997,173.915445,0.015240077843763857,-33808.27869918474,-58012.541152143494,67145.02691585499,2767665.4676969973,293.15363570283614
235.0,173.915445,0.015304139088424288,-34092.46519393935,-90791.21828352215,96981.13992115235,2501212.677210553,293.1535221497705
239.99999999999997,173.915445,0.015332226627045259,-28871.722436258504,-139269.37120771658,142230.56673243313,2708448.7341675214,293.15343115997734
245.0,173.915445,0.015343427328935571,-16251.813926676283,-203868.53796013555,204515.28604461462,3326740.2883827984,293.15334866130524
250.0,173.915445,0.01534536447823657,4229.769736913908,-276897.4735964041,276929.7778067548,4296918.449304087,293.15326341484575
254.99999999999997,173.915445,0.015341018590349326,30126.747017606252,-342412.7751758425,343735.55168106325,5539575.396309222,293.15316732705276
260.0,173.915445,0.015331008428285994,56990.24210214539,-381797.5678846078,386027.5515263941,6948289.030015411,293.15305689373844
265.0,173.915445,0.015314010310781789,80012.46389338649,-382319.0845740924,390601.941633503,8408801.556450428,293.1529352734635
270.0,173.915445,0.015286187783555723,94978.65373818684,-344114.8995021312,356981.8044736738,9862032.883634388,293.1528107049209
274.99999999999994,173.915445,0.015239304317910726,99672.8488933944,-280353.85113832774,297544.8851091497,11409830.306038791,293.15268956960864
280.0,173.915445,0.01515562896053287,95069.16953651232,-209413.4904440486,229982.94931651294,13401543.604203328,293.15257121027923
285.0,173.915445,0.014994477835356719,83721.96480200591,-145501.4098884229,167869.07895686795,16339691.73840532,293.1524501782791
290.0,173.915445,0.014662231394290844,66963.05923888697,-95152.07939066514,116352.78043518396,19981136.80785943,293.1523227105878
294.99999999999994,173.915445,0.013989961288037353,47611.29469183874,-60355.52387260119,76874.08304603864,21612239.818557158,293.15219204601846
300.0,173.915445,0.012892509517299519,33612.2527147285,-41846.14487912724,53673.86117845147,19904297.563295886,293.15206855812335
305.0,173.915445,0.011629624659974509,25656.543282528703,-34428.906608704136,42937.2544939606,16648400.74053386,293.1519621701512
310.0,173.915445,0.010537691937685357,19535.268836478426,-30993.27486592215,36636.18178014852,12998403.998927832,293.15187505406675
314.99999999999994,173.915445,0.009706780179077942,14569.430734189396,-28676.982911109524,32165.78400727099,10155049.774917,293.1518029057846
320.0,173.915445,0.009084270692511104,11067.271558450499,-26836.811597669173,29029.27757415396,8288520.969254889,293.1517393283851
325.0,173.915445,0.008600410415894969,8863.94588516913,-25377.438957141378,26880.92157420656,7109110.809837333,293.15167845104344
330.0,173.915445,0.008197912589520354,7677.167455427661,-24307.136737346413,25490.70019647819,6393008.95552477,293.15161552473126
335.0,173.915445,0.007832699097576659,7267.714902516931,-23647.78652920163,24739.391416018236,6021687.242662125,293.1515471313587
339.99999999999994,173.915445,0.0074711489331203695,7444.9487608656755,-23429.358320920586,24583.777036533793,5945868.028539604,293.15147209662064
345.0,173.915445,0.007088250169063401,8040.979694508051,-23693.13897482117,25020.435426420554,6157345.863309873,293.1513926173702
350.0,173.915445,0.006667312039792774,8880.025868319735,-24483.3939650056,26044.02886397764,6664014.932479362,293.1513134221335
355.0,173.915445,0.0062015250653283185,9750.59458730066,-25815.010548950864,27595.087686911622,7452147.070618002,293.15123875025586
359.99999999999994,173.915445,0.005697463073363799,10396.557838650684,-27612.51035568657,29504.900322409274,8423252.192033168,293.1511706342703
365.0,173.915445,0.005179088856309513,10554.075613136756,-29677.81393694233,31498.589684675986,9346908.856426593,293.1511099081871
370.0,173.915445,0.004686905320913523,10032.419277633966,-31808.84331535351,33353.439846932604,9965513.5504566,293.15105756670096
375.0,173.915445,0.004265650500682188,8772.01207182901,-33919.534529270924,35035.453735761956,10208167.229061855,293.151014743764
379.99999999999994,173.915445,0.003945447157073141,6847.461234259091,-35842.73127984405,36490.94560235171,10183042.68241186,293.15098193844653
385.0,173.915445,0.003733429436992392,4481.689788731222,-37137.5587109211,37407.00215694288,9997277.939629283,293.15095869908026
390.0,173.915445,0.0036200056842498026,2087.4650083380684,-37275.51506424373,37333.91934241163,9676910.101154573,293.15094388444703
395.0,173.915445,0.003586129049858988,274.1713346379214,-36018.67330467136,36019.71677497454,9197482.331692465,293.1509359413779
399.99999999999994,173.915445,0.0036002512057837755,-368.0817120780088,-33651.376453638586,33653.38944848301,8550455.14440226,293.15093299804016
0.0,178.88445771428573,0.006622605130468822,-1111.7530624883873,-32573.756804178196,32592.72353163659,10210324.603254372,293.1580258742062
5.0,178.88445771428573,0.006676909119117185,-2220.5833448730004,-33336.01255315489,33409.88960376295,10641005.615430938,293.15807280544743
10.0,178.88445771428573,0.006837761801737921,-4982.267989816089,-33940.38086548488,34304.117065106315,11169311.633155294,293.1581623009653
14.999999999999998,178.88445771428573,0.007157544954673945,-8803.660326661275,-33953.70972159519,35076.47130207908,11693738.839693878,293.15828967848756
20.0,178.88445771428573,0.007688194640545753,-13577.05316269778,-32912.16480498904,35602.62581233976,12115023.202177407,293.158451880147
24.999999999999996,178.88445771428573,0.008476472250917539,-18923.07866641408,-30265.65689625758,35694.4378520979,12186664.815486465,293.1586484811847
29.999999999999996,178.88445771428573,0.009527825622533726,-23741.081876629887,-26062.56458746564,35254.733604846064,11339410.947945697,293.1588813053213
35.0,178.88445771428573,0.010677934654744682,-28637.778058663116,-23404.592043329678,36985.09511751913,9540013.917954171,293.1591533412869
40.0,178.88445771428573,0.011557797375265143,-40364.33860202496,-30258.333547535967,50446.472422289975,8192025.875146081,293.1594669188438
44.99999999999999,178.88445771428573,0.011998569335707776,-59737.82184312975,-62026.15251956109,86115.33519032114,7456316.631743519,293.15981941950315
49.99999999999999,178.88445771428573,0.012168272370216756,-77896.52483160347,-162102.22264387872,179847.1550148243,9717907.058920454,293.16020016294823
54.99999999999999,178.88445771428573,0.012236438872737402,-100777.41831991209,-435244.9753847592,446759.752709335,20016648.62758028,293.1605873266899
59.99999999999999,178.88445771428573,0.012270993942391423,-151229.57472996984,-1073405.4951236036,1084006.3381892913,45722556.530130714,293.16095127504144
65.0,178.88445771428573,0.012296246798504828,-292753.281582341,-2322124.5632992038,2340505.708464465,96916337.35601935,293.16126401164547
70.0,178.88445771428573,0.012323636199604538,-499856.16914769926,-4122787.0488472236,4152978.3577545183,169693101.93003732,293.1615020414722
75.0,178.88445771428573,0.012346232415419598,-310924.5298090098,-4267302.718068916,4278615.027187573,180115578.37035668,293.1616477138637
80.0,178.88445771428573,0.01235472865258544,-13661.463738063456,-4327561.673143156,4327583.236686391,184261971.00201795,293.1617159077524
84.99999999999999,178.88445771428573,0.012347598561793405,307265.15779493784,-4299619.312908944,4310584.428257301,182817246.75518578,293.1617171906439
89.99999999999999,178.88445771428573,0.012324002136805946,634461.7192740807,-4169563.1709807487,4217558.38252694,175011690.14524657,293.16165805083733
94.99999999999999,178.88445771428573,0.012284152389865997,944934.5007901678,-3926990.149272666,4039078.2170277564,160512692.3760034,293.16154235187753
99.99999999999999,178.88445771428573,0.012229508686726929,1214211.6213131882,-3567316.930218034,3768296.6897462066,139712424.85471213,293.1613718317456
104.99999999999999,178.88445771428573,0.012162731227734678,1377898.9374508415,-3137997.5405643005,3427190.401249361,115563668.09640414,293.16114620796805
109.99999999999999,178.88445771428573,0.012091718792981845,1317729.3304450673,-2709079.681817331,3012560.9223301522,89292818.04116988,293.16086509439583
114.99999999999999,178.88445771428573,0.012030958294690171,693102.0309018437,-1677678.5638874352,1815212.3261391951,46016895.08639278,293.16053178557763
119.99999999999999,178.88445771428573,0.011993336992381748,149663.3976180469,-1049843.8085711815,1060457.9930302857,23072154.312477924,293.1601630187562
125.0,178.88445771428573,0.011999749862224844,-218261.33711506793,-835468.70382989,863507.9422671535,19953505.989322145,293.15978173852324
130.0,178.88445771428573,0.012052700356119186,-492845.84936409176,-971691.339069547,1089532.509683939,30319419.18923474,293.1594136987453
135.0,178.88445771428573,0.01212768997863007,-819067.7816716847,-1487375.2469012856,1697986.2060886228,50371826.80736254,293.15907638842276
140.0,178.88445771428573,0.012198143875942934,-1199733.901410433,-2370178.622300812,2656521.8116562255,76575742.60499494,293.15877023688495
145.0,178.88445771428573,0.012260003590033295,-1101736.0900679799,-2606968.3991333386,2830213.1803519893,78810330.90462567,293.1584794697756
150.0,178.88445771428573,0.012308317484949732,-843839.7669830595,-2596620.9132729135,2730294.0719981585,73343850.26784728,293.15819096500036
155.0,178.88445771428573,0.012344387566731601,-585944.3379467936,-2543316.9413062185,2609940.963145934,67020277.253749244,293.15789468363346
160.0,178.88445771428573,0.012366911918744412,-319806.9356486443,-2416513.5603892505,2437583.6936675855,58460688.34935559,293.1575828830941
165.0,178.88445771428573,0.012376368260296465,-67482.4708073868,-2247723.950750523,2248736.7215047223,49753321.184557356,293.15725210697263
169.99999999999997,178.88445771428573,0.01237366016582515,12651.93536245271,-1825991.1577045163,1826034.9885704531,38349300.82523072,293.15690168337886
175.0,178.88445771428573,0.012374889317512768,-27889.69448151689,-975155.0095630008,975553.7544052036,20087902.842389736,293.1565351678971
179.99999999999997,178.88445771428573,0.012379643332399961,-31944.63745976571,-446124.5692449487,447266.80085428525,9203249.55075887,293.15616059947735
185.0,178.88445771428573,0.012389826235038728,-29257.127974711148,-177740.99427554768,180132.84149035372,3851271.1376785315,293.15578134442467
189.99999999999997,178.88445771428573,0.012414937678003186,-27668.12394114162,-64757.957513455454,70421.00640957126,1775063.7944654224,293.1553997454272
195.0,178.88445771428573,0.012490483325046226,-25134.057441554178,-24508.0427394824,35105.05664994205,1478200.060509968,293.15502103140216
199.99999999999997,178.88445771428573,0.012721353798629022,-19792.938338582302,-12021.538135852941,23157.67231883826,1990465.7512076378,293.15465407662134
205.0,178.88445771428573,0.013237156105391727,-16849.695582835688,-9189.092081276698,19192.489533992575,2689988.2217980237,293.1543092967492
209.99999999999997,178.88445771428573,0.013972001415461703,-17415.786996790586,-10140.993708752014,20153.14839221227,3255238.623026041,293.15399647908225
215.0,178.88445771428573,0.014655871482734882,-20559.56751992684,-13511.936939040064,24602.20023597536,3212954.294253076,293.1537244049337
219.99999999999997,178.88445771428573,0.015081242053416877,-27149.49642525505,-20759.904768392513,34177.0215515873,2603318.201408053,293.1535008732329
225.0,178.88445771428573,0.015270872389590354,-33292.832471413065,-33069.231840773944,46925.33205538809,1723231.144406471,293.1533292342293
229.99999999999997,178.88445771428573,0.01534605225926607,-35975.56631350323,-53560.66081250783,64521.20394296575,1205506.8352356434,293.1532039155775
235.0,178.88445771428573,0.015376755706718438,-34776.68441150625,-87775.71717515435,94413.95185177977,1096373.4777629287,293.1531110791849
239.99999999999997,178.88445771428573,0.015389526248184954,-27611.26168763319,-140622.31282597885,143307.42003298507,1262333.433405903,293.1530342640753
245.0,178.88445771428573,0.015394005270993672,-11884.642779714632,-211234.69673158493,211568.76385063576,1629516.9726251485,293.15295891761343
250.0,178.88445771428573,0.015393923659312081,11612.54205729067,-287709.4344788152,287943.69210168853,2123510.803756083,293.15287420349983
254.99999999999997,178.88445771428573,0.015390982384890489,37183.9731999,-351313.5263838638,353275.8719233408,2673355.5663259835,293.1527743489817
260.0,178.88445771428573,0.015385828233221113,60069.27450738819,-385194.17322558525,389849.80290720443,3237657.8144740374,293.15266061637203
265.0,178.88445771428573,0.015377976382105928,79360.89335608624,-378496.52420852747,386726.99703047954,3767678.8918621894,293.1525412565602
270.0,178.88445771428573,0.015365508097902466,93067.85065690771,-331577.98305671825,344391.61382626294,4200648.371887505,293.15242624838936
274.99999999999994,178.88445771428573,0.015344474745337698,97424.12485561248,-260016.46208236876,277668.90473676356,4560478.12843131,293.15232048355085
280.0,178.88445771428573,0.015306937785103789,92593.92050169013,-186318.06374793357,208057.81646612645,5069187.544900751,293.15222223464957
285.0,178.88445771428573,0.0152342680685668,82068.92647345715,-125195.2170661279,149696.86392420047,6117434.2682496775,293.1521268299279
290.0,178.88445771428573,0.015079230037712419,68020.64195486145,-80998.55211455475,105771.32492602001,8193990.443278676,293.15203139686355
294.99999999999994,178.88445771428573,0.01472791267803714,50328.675514336624,-51439.784478269554,71965.45703459549,10822012.42756465,293.1519375314246
300.0,178.88445771428573,0.014010346222099063,34119.74712953721,-33955.34409062562,48136.499005394515,11813155.974437598,293.15185016113685
305.0,178.88445771428573,0.012959930478531804,25320.248001503925,-26910.36220994941,36949.73008194156,11231415.14474965,293.1517737924032
310.0,178.88445771428573,0.011893277078873275,20062.16129581817,-25023.644376669523,32072.933974762098,9781205.984842386,293.1517086098774
314.99999999999994,178.88445771428573,0.011021064056294428,15528.214018521372,-24408.769785327742,28929.456839666593,8191858.5350900395,293.15165099970625
320.0,178.88445771428573,0.010348454743663188,12006.805171962716,-23990.99685861649,26827.808347079288,7076736.13652475,293.15159611668423
325.0,178.88445771428573,0.00982116358644593,9611.981894627259,-23638.085965670834,25517.627320405136,6406125.357511639,293.15153944724204
330.0,178.88445771428573,0.009387322950402717,8152.0902154934665,-23415.015643553455,24793.538119223675,6048100.983977554,293.1514774419405
335.0,178.88445771428573,0.009005959880211245,7413.806991987179,-23399.51382033082,24545.911699146378,5927918.871043286,293.1514080844372
339.99999999999994,178.88445771428573,0.008645943849948852,7213.988319754498,-23656.624160355288,24732.114631423246,6018148.039903557,293.1513319191465
345.0,178.88445771428573,0.008284568502299264,7390.305001752522,-24240.621970486016,25342.145953627085,6318413.492578353,293.1512525397986
350.0,178.88445771428573,0.007906953482071101,7784.606791860096,-25192.96059835934,26368.264383807298,6839168.979914225,293.15117490823354
355.0,178.88445771428573,0.007506295306534024,8229.505600437516,-26529.366356463248,27776.46560855208,7584183.836244549,293.15110263256656
359.99999999999994,178.88445771428573,0.0070847415464511876,8543.947120695513,-28214.023214915534,29479.317128675724,8526256.302684914,293.1510372512131
365.0,178.88445771428573,0.006654299917417827,8545.281848097751,-30127.93929602601,31316.362625446414,9578035.950927835,293.1509795827591
370.0,178.88445771428573,0.006236508134966796,8082.637685387022,-32062.208497784977,33065.3027463635,10582992.074424976,293.1509307475938
375.0,178.88445771428573,0.005859108429226631,7083.665275404724,-33772.71637135295,34507.603290200066,11367870.504134903,293.1508917909568
379.99999999999994,178.88445771428573,0.005549182245005639,5593.9509597859615,-35061.40835994707,35504.8538023107,11835654.822277168,293.15086292232553
385.0,178.88445771428573,0.005325293598460734,3793.4635945307086,-35798.93586933455,35999.36354187054,11994382.349543193,293.1508434282035
390.0,178.88445771428573,0.005192337495182214,1989.1309156669097,-35914.3226622541,35969.36493862743,11899462.443530379,293.1508320263308
395.0,178.88445771428573,0.0051393503914714984,584.642111293125,-35440.63128757443,35445.45319868399,11608424.548647597,293.15082701458545
399.99999999999994,178.88445771428573,0.0051374343205387975,40.264295930750656,-34615.71796234366,34615.74137963895,11220535.822925221,293.15082608100835
0.0,183.8534704285714,0.008231028704236707,-1423.2104890978053,-31947.647926760226,31979.332953463945,10030998.886086147,293.15678399555986
5.0,183.8534704285714,0.008301970090095322,-2399.7468446737234,-32125.276842302042,32214.782276356756,10168066.644122051,293.1568214868606
10.0,183.8534704285714,0.008470001552365755,-4661.159103489415,-32018.977859113875,32356.473036016563,10251607.88652173,293.1568943673004
14.999999999999998,183.8534704285714,0.008765864040777999,-7507.523572801386,-31239.664421170433,32129.107415916653,10109099.536600908,293.1570003674712
20.0,183.8534704285714,0.00921725341029209,-10795.423808201223,-29394.152682520133,31313.852958746284,9602464.65317795,293.15713841461735
24.999999999999996,183.8534704285714,0.009840359402866025,-14136.48218835477,-26152.553534120016,29728.709777194923,8601098.049463362,293.1573095978139
29.999999999999996,183.8534704285714,0.0106155467001345,-16740.954647573297,-21858.34140536894,27532.64701233378,7024058.260277558,293.15751754780314
35.0,183.8534704285714,0.011416981243980594,-19011.504835233438,-19303.577279247293,27093.641539593318,5299019.5770377545,293.15776832324457
40.0,183.8534704285714,0.012010412430343384,-25101.958106336053,-25326.13405446884,35658.39826628751,4419872.964275769,293.1580691255092
44.99999999999999,183.8534704285714,0.012303828593164059,-35700.01485679981,-55035.33696485207,65600.14767979215,4815855.702601633,293.15842460804475
49.99999999999999,183.8534704285714,0.012416469780051852,-46175.20769679115,-151070.80796958334,157970.05673995477,8473248.899727333,293.1588315858257
54.99999999999999,183.8534704285714,0.012463183125639078,-62422.28660553138,-413133.0325707063,417822.2642058838,20019191.19471312,293.1592722762419
59.99999999999999,183.8534704285714,0.012489224000487756,-103423.25280366911,-1014939.7018276057,1020195.5535907814,46918130.68180958,293.15971372681184
65.0,183.8534704285714,0.01251056881334859,-213585.1282410337,-2156698.0951438043,2167248.3200138034,97859116.90056968,293.16011719610447
70.0,183.8534704285714,0.012534452283334574,-474557.5913747751,-3904485.2831109413,3933218.813333598,175345893.3260234,293.16044720669356
75.0,183.8534704285714,0.012565238106128054,-430300.7958074076,-4570084.628076888,4590297.624627095,207313003.1810457,293.160673357885
80.0,183.8534704285714,0.012577482362915315,-41405.19910308949,-4685075.396199199,4685258.355585512,215979206.0731971,293.1607987619336
84.99999999999999,183.8534704285714,0.012569378626038363,382678.58170494554,-4682498.822154444,4698110.057924725,217165696.61079794,293.16083539026124
89.99999999999999,183.8534704285714,0.01253921450474482,827880.1906956915,-4554294.927646386,4628929.4548666375,210817168.99914888,293.1607915406996
94.99999999999999,183.8534704285714,0.012486590606968793,1264534.7368225001,-4284755.430656645,4467457.5768743865,196365743.79646415,293.16067224668484
99.99999999999999,183.8534704285714,0.01241276103106257,1611466.0891321418,-3964731.15522444,4279709.813717533,180207763.9656683,293.16048073728206
104.99999999999999,183.8534704285714,0.01232544399805558,1569912.207098962,-3267168.416117231,3624777.7583284066,145103397.67654246,293.16021858544013
109.99999999999999,183.8534704285714,0.01223654503592183,918843.9394520037,-1910882.2980416785,2120317.27390896,79110609.27187286,293.1598932860817
114.99999999999999,183.8534704285714,0.012161109051197197,406508.39634264255,-1071943.5248199922,1146434.471175992,38081449.3247204,293.15952826567565
119.99999999999999,183.8534704285714,0.012116832490783352,69912.15841470538,-651012.8203316734,654755.9867083328,19530094.152540695,293.159151114123
125.0,183.8534704285714,0.01212873826565269,-133074.6933465008,-545364.7738651745,561365.843797321,17782550.556932647,293.1587918945703
130.0,183.8534704285714,0.012193155011315907,-314450.8913990342,-733760.4373434774,798300.5339545618,28266907.14431259,293.1584739142527
135.0,183.8534704285714,0.012270498176119887,-545741.5215292281,-1247315.2739158014,1361480.517989401,48051836.77752473,293.1582039033596
140.0,183.8534704285714,0.012336945207228863,-812492.5337735603,-2061692.2111454764,2216014.1901476406,74093308.4061813,293.15797048013326
145.0,183.8534704285714,0.012395095421021686,-1053281.5300474828,-2991713.631249308,3171711.278307357,100025974.07304758,293.1577497659172
150.0,183.8534704285714,0.012443390169465277,-823590.6382823323,-2968903.0238209404,3081020.399854474,93397230.94607025,293.1575145203849
155.0,183.8534704285714,0.01247745448484992,-500518.8309409325,-2895419.8187397188,2938362.6438677073,84948485.57478748,293.15725197304783
160.0,183.8534704285714,0.01249344205255937,-168368.33344829886,-2796640.085160799,2801703.7069676653,77230573.91681549,293.15695355939545
165.0,183.8534704285714,0.01249429131819475,35369.365487113086,-2674633.2228874243,2674867.075012912,71189783.1767465,293.1566170040933
169.99999999999997,183.8534704285714,0.012489865244163928,24426.138149678634,-1756937.078558496,1757106.8647747552,47304734.31409586,293.15624413538836
175.0,183.8534704285714,0.012490487513474539,-21150.50606678535,-966710.6087040089,966941.9552836439,26219813.24631002,293.15585010401287
179.99999999999997,183.8534704285714,0.012495893680730433,-31139.379671289138,-450848.2664195141,451922.36092031765,12443466.32058534,293.1554506831528
185.0,183.8534704285714,0.012509770700771871,-31857.627350967905,-181964.60073701417,184732.30454312565,5338775.548690313,293.1550569713234
189.99999999999997,183.8534704285714,0.01254654893990181,-30713.80991900786,-66896.96622934607,73610.74792739993,2530723.773950938,293.1546765472243
195.0,183.8534704285714,0.012655568552051926,-26924.44505078222,-25405.636902185586,37018.53762236273,2083820.844690061,293.154315785267
199.99999999999997,183.8534704285714,0.012962673902511362,-20761.4214859639,-12235.549672014946,24098.657595272573,2526416.0907637267,293.15398023967697
205.0,183.8534704285714,0.013573544725853417,-17858.33876571087,-8846.591108010422,19929.436462259055,3009290.8300472256,293.15367443823015
209.99999999999997,183.8534704285714,0.014337888042685924,-18618.213247543266,-9040.672195137078,20697.140340417085,3086941.7641986003,293.15340254127943
215.0,183.8534704285714,0.014937188377876498,-23181.67169058986,-11887.694625950056,26052.00924861914,2598026.672771844,293.1531696264299
219.99999999999997,183.8534704285714,0.015239793586130186,-30519.007686243614,-18067.32704681624,35466.01382689651,1692629.142318082,293.1529810915484
225.0,183.8534704285714,0.015354598149487902,-35145.759750823825,-29083.855136560094,45619.02079250541,914359.6609680122,293.1528384790687
229.99999999999997,183.8534704285714,0.015396740660065193,-36303.14722791281,-49636.70174140628,61495.69625930613,600484.9416118014,293.15273531521245
235.0,183.8534704285714,0.015413186611728769,-33512.681033037385,-86653.80880060961,92908.46231466062,577611.9587810774,293.15265828808236
239.99999999999997,183.8534704285714,0.015419533054493976,-23354.060495119058,-145990.59382406852,147846.76400487713,728865.9353103027,293.15259217469895
245.0,183.8534704285714,0.015421101441063373,-1304.5092368271692,-225489.02539004144,225492.79881118092,1002996.4967842118,293.1525237633728
250.0,183.8534704285714,0.015419794593439135,28879.682594831313,-307180.6286737981,308535.208200309,1320407.7020157124,293.152444212928
254.99999999999997,183.8534704285714,0.015417030018759863,50066.2722023375,-371580.70874630025,374938.4679179257,1630508.2464295381,293.1523511275187
260.0,183.8534704285714,0.01541389253640052,57212.011954952795,-398773.159495538,402856.3603146752,1872011.8751599123,293.1522493524959
265.0,183.8534704285714,0.015410322675726755,65526.64157774176,-381062.6618006624,386655.5223646286,2039689.5818647612,293.15214781020313
270.0,183.8534704285714,0.015404806202332482,80332.58721203519,-324584.9949325901,334378.1444765324,2145582.4010327985,293.1520534291853
274.99999999999994,183.8534704285714,0.015394654575795934,88294.96309283542,-243756.13379502934,259254.80375542786,2156501.460400443,293.1519677096072
280.0,183.8534704285714,0.015376013183001613,84904.92075355384,-165629.99627941614,186123.99425030255,2206452.3194580195,293.15188811178575
285.0,183.8534704285714,0.0153396906395438,75353.41304147233,-105507.72093385737,129653.44589965766,2514314.8136865813,293.15181142056355
290.0,183.8534704285714,0.015261459356246895,63325.28765584289,-65537.350486905,91133.06954963536,3406855.9335861867,293.15173668015217
294.99999999999994,183.8534704285714,0.015075672302962301,48736.57781120962,-41038.70692610082,63713.65224906265,5084170.510620351,293.1516661222061
300.0,183.8534704285714,0.014641068649504171,32898.759325994404,-26706.358673441482,42374.024576197706,6497400.414265563,293.1516029885949
305.0,183.8534704285714,0.013865701555011739,23159.37818228063,-20463.80317164544,30905.081103885524,6898077.795686824,293.1515486634016
310.0,183.8534704285714,0.012941063039244239,18577.30551434725,-19617.769756022495,27018.01566314054,6748861.78876896,293.15150131797736
314.99999999999994,183.8534704285714,0.012120034134732453,14882.048421716961,-20350.1651008564,25211.199591817167,6194397.010815051,293.1514567463189
320.0,183.8534704285714,0.011466953094840391,11720.285773984073,-21151.69649857942,24181.798183589868,5746486.245746734,293.15141049365536
325.0,183.8534704285714,0.010949407138320605,9421.842315291457,-21780.149783037938,23730.69820266113,5540017.526656962,293.1513589433356
330.0,183.8534704285714,0.01052488762587109,7912.722830683658,-22318.92644409885,23680.068838842453,5517037.173847392,293.15129986655523
335.0,183.8534704285714,0.010158143716504784,7027.624091264979,-22882.033705726044,23936.895514625758,5637415.409611937,293.15123299581705
339.99999999999994,183.8534704285714,0.009822125965312364,6609.861854729838,-23560.62559178955,24470.254432986618,5891436.0817548325,293.1511605711737
345.0,183.8534704285714,0.009497158524118969,6517.390658428932,-24421.482953655915,25276.178719305713,6285855.0820852695,293.15108685112193
350.0,183.8534704285714,0.009170391886669264,6615.270701694349,-25508.135207524923,26351.978449863458,6832137.042903526,293.15101612318927
355.0,183.8534704285714,0.008835653901207954,6769.716646706035,-26836.53182677894,27677.21994649043,7535894.836884347,293.15095096042614
359.99999999999994,183.8534704285714,0.008493505877251329,6847.701309005358,-28385.42348308373,29199.713689201733,8385516.025657068,293.1508924363366
365.0,183.8534704285714,0.008151155303297287,6724.861286055081,-30084.735867437597,30827.18105065996,9340254.816282602,293.1508414174005
370.0,183.8534704285714,0.007821722000463239,6303.134195859277,-31809.96487257451,32428.43452720829,10322676.00705643,293.150799043286
375.0,183.8534704285714,0.007522298114587877,5535.767376602828,-33394.688690585004,33850.40550996319,11225453.19478493,293.15076605480203
379.99999999999994,183.8534704285714,0.007270522124318278,4451.77986433934,-34666.94551789308,34951.61592117172,11938717.37610246,293.15074222225627
385.0,183.8534704285714,0.007080104995006052,3168.5524789929027,-35496.59187273019,35637.729436529866,12385807.825048843,293.1507265725345
390.0,183.8534704285714,0.006956456548691748,1882.3846135362617,-35834.19895722427,35883.6060999896,12545578.25328028,293.15071783622784
395.0,183.8534704285714,0.006893698073631277,828.328502934359,-35742.774276617645,35752.37112553534,12462485.289481636,293.1507145057285
399.99999999999994,183.8534704285714,0.00687437364484738,389.24876598581636,-35439.95452950098,35442.09208913772,12271367.674634006,293.1507144563727
0.0,188.8224831428571,0.009787793210042875,-1368.5789129909165,-30683.834782579124,30714.340709279368,9278538.410080107,293.1554916633934
5.0,188.8224831428571,0.009856198891018722,-2169.541803848193,-30529.175459043418,30606.16712114903,9212174.657926178,293.155520843173
10.0,188.8224831428571,0.010004647212727749,-3916.8495954890527,-29996.51597462248,30251.16000039444,8999063.841350341,293.15557839021744
14.999999999999998,188.8224831428571,0.010247675042420029,-5914.365583385051,-28826.73781409696,29427.20736421683,8515055.659798719,293.1556636090367
20.0,188.8224831428571,0.010595735978459813,-8006.12616151625,-26759.08916796028,27931.110060521478,7666183.330586951,293.15577687702086
24.999999999999996,188.8224831428571,0.01104728903515223,-9851.388298942624,-23627.873673477432,25599.34111937945,6400263.834722932,293.1559205064282
29.999999999999996,188.8224831428571,0.011573632467216636,-10910.539773121123,-19834.201669336275,22637.036776061475,4797371.796798539,293.156099424613
35.0,188.8224831428571,0.012085452184140635,-11392.744680130043,-17736.650744361792,21080.403482241538,3351823.049332339,293.15632156612
40.0,188.8224831428571,0.012447019534678479,-13566.790010198893,-23530.931245395055,27161.784117696352,2863617.1344514075,293.1565972697482
44.99999999999999,188.8224831428571,0.012620670067733515,-17989.277914703813,-52234.25088401419,55245.190607930635,3995835.729298597,293.15693662803994
49.99999999999999,188.8224831428571,0.012686399363311285,-22904.637542169807,-145804.9318863256,147593.02349133656,8823808.937895278,293.1573441298597
54.99999999999999,188.8224831428571,0.012714968181927737,-33250.33749363021,-400517.10044596915,401894.92742890754,22334202.472459096,293.1578101553051
59.99999999999999,188.8224831428571,0.0127331294519275,-62981.09454266888,-978553.0394679548,980577.7222238762,52792119.5606089,293.1583055608312
65.0,188.8224831428571,0.01275011373690758,-143725.52499210095,-2052602.0946501924,2057627.853985412,108738645.72497874,293.15878643747493
70.0,188.8224831428571,0.012770647420062065,-348744.09525376925,-3647891.584106026,3664523.9054160835,190544594.70961362,293.15920496124426
75.0,188.8224831428571,0.012800408587865113,-496852.1674539491,-5139590.3081958555,5163550.1946242815,262326194.42245406,293.1595176063608
80.0,188.8224831428571,0.01282033263680746,-125378.97566557504,-5181000.211534686,5182517.060219041,264256898.51242435,293.1597030558736
84.99999999999999,188.8224831428571,0.012812946485431671,437235.11999877245,-5189453.337147964,5207840.290235145,266845674.2923875,293.15977242604555
89.99999999999999,188.8224831428571,0.012776609124807582,1029740.1131492171,-5104953.159975117,5207774.137399633,266838895.096061,293.159734637518
94.99999999999999,188.8224831428571,0.01270997247411675,1530844.4769995476,-4970058.058022248,5200477.085121316,266091637.95059288,293.1595947492374
99.99999999999999,188.8224831428571,0.012623524677107627,1523150.7850769595,-4065723.1727876724,4341669.40609522,222568454.43836123,293.1593561010574
104.99999999999999,188.8224831428571,0.012527184275283734,998101.339946479,-2521406.422223648,2711770.0180571387,139298433.97772965,293.1590328223803
109.99999999999999,188.8224831428571,0.012431361438079871,536067.8731100023,-1406897.2487257288,1505565.8846602186,75927971.17086834,293.1586572613105
114.99999999999999,188.8224831428571,0.012344678255993646,219743.36364553613,-733635.4569773949,765838.1876092921,36360316.24433235,293.15826639162714
119.99999999999999,188.8224831428571,0.012292901373150296,31843.26389476165,-420509.90726835997,421713.8550798588,18728414.360256582,293.15789908908494
125.0,188.8224831428571,0.01231059524195844,-72991.4736166615,-379045.91365354834,386009.79246410966,17783325.252360992,293.1575865247686
130.0,188.8224831428571,0.012381442206709937,-184033.9242365801,-595006.6044488209,622817.2642177085,29799890.044113744,293.1573417753318
135.0,188.8224831428571,0.012454291814936692,-320033.88615015685,-1099953.5943449992,1145565.1871442562,52814119.1825824,293.1571572858737
140.0,188.8224831428571,0.0125123488054587,-462721.36558841006,-1878095.3564678102,1934257.7982673235,84470099.36002597,293.1570103393583
145.0,188.8224831428571,0.012560473348228351,-609402.8507174122,-2749152.397476306,2815885.427181339,116520535.6176015,293.1568691929578
150.0,188.8224831428571,0.012603367822406683,-623610.4072042543,-3422942.645296167,3479285.3135321597,136867128.36795634,293.1567002916901
155.0,188.8224831428571,0.012632135124581851,-395062.2037098766,-3633749.980796496,3655162.522753077,137999684.55338305,293.156479133797
160.0,188.8224831428571,0.012644842721553314,-114329.6799616475,-3319930.9790993216,3321899.002333381,123788252.01871215,293.1561940203002
165.0,188.8224831428571,0.01264517041517062,-4917.520354066018,-2607268.55386822,2607273.1912855837,98474624.09617464,293.15584690508337
169.99999999999997,188.8224831428571,0.012645566744893847,-15698.457156157736,-1738944.2170200467,1739015.0751113535,67258873.04309782,293.1554526340034
175.0,188.8224831428571,0.012648718998532394,-27975.342996843756,-968332.904925983,968736.9274360217,38074497.73216528,293.1550370703953
179.99999999999997,188.8224831428571,0.012657102686267054,-32110.670989447968,-456491.74884499726,457619.72417604184,18381724.369044445,293.15462601181247
185.0,188.8224831428571,0.012677366140985344,-32277.78137881558,-186242.80691977823,189019.14797209413,7996497.3946013525,293.15423657314585
189.99999999999997,188.8224831428571,0.012730528204549892,-30432.52373594738,-69385.38877155542,75765.89388319053,3773694.4046525797,293.1538773986191
195.0,188.8224831428571,0.012880701235457455,-25466.49102492874,-26695.084529772157,36894.03343596979,2779144.866023519,293.1535518198359
199.99999999999997,188.8224831428571,0.013259001646778505,-19535.065284782104,-12778.455820901649,23343.2583168553,2836320.922570095,293.1532602430984
205.0,188.8224831428571,0.013914182078773022,-17254.208514861293,-8748.93729483071,19345.58386979291,2925964.353260822,293.15300214864556
209.99999999999997,188.8224831428571,0.014630058730225005,-18447.297117199552,-8190.584563127923,20183.865992816845,2610246.271855015,293.1527778330028
215.0,188.8224831428571,0.015115507496303941,-23975.578843425632,-10319.757059608759,26102.217657637128,1948109.9141364864,293.15258945695484
219.99999999999997,188.8224831428571,0.01532681821831994,-30801.376397714746,-15396.336823598662,34435.03993869325,1077362.821348729,293.1524395399168
225.0,188.8224831428571,0.015399944485934808,-33920.9894148369,-25742.20481382723,42582.79736652474,519873.64422079024,293.1523271483802
229.99999999999997,188.8224831428571,0.015425662849136233,-33944.66594480559,-47202.202302851976,58140.246373263755,346648.07790947176,293.1522451092084
235.0,188.8224831428571,0.015435324805173374,-29773.280047403023,-88444.45953941563,93321.3299733797,375104.70061492757,293.15218175115166
239.99999999999997,188.8224831428571,0.015438696692490698,-16560.760906471474,-157363.374183974,158232.39344826562,536720.922552986,293.15212476221456
245.0,188.8224831428571,0.015438933026467,13471.307664206195,-252470.37616225897,252829.5215549328,810229.4027882232,293.15206420191566
250.0,188.8224831428571,0.015436961221590438,44183.62120089948,-323286.2337334697,326291.5587384941,1047506.0257356747,293.1519947083524
254.99999999999997,188.8224831428571,0.01543451466434691,46719.06302957524,-335233.6410277851,338473.4331186235,1127181.949942058,293.15191697635476
260.0,188.8224831428571,0.01543228931528748,40252.26493471063,-351313.77764863323,353612.2384733416,1230267.149469403,293.1518365655375
265.0,188.8224831428571,0.01543048943785344,38663.73767539428,-373316.1531083631,375312.9824328736,1385900.4231367887,293.15175952317736
270.0,188.8224831428571,0.01542842294151994,56001.68404189191,-333015.4787950095,337691.42383631435,1406110.308911644,293.1516884703569
274.99999999999994,188.8224831428571,0.015423471079098836,71207.5875558123,-235721.8229322982,246242.3569007664,1250649.0251916472,293.1516223065542
280.0,188.8224831428571,0.015413495294743304,71529.75001137446,-149953.77793902048,166140.4245055212,1131499.743561507,293.1515584544453
285.0,188.8224831428571,0.015393669060404442,63900.96710957098,-89105.44164859923,109649.95818024917,1161032.7587995494,293.151495272963
290.0,188.8224831428571,0.015350777596503985,53941.197097672164,-51913.00974942965,74863.96546786909,1498591.48364926,293.1514337495669
294.99999999999994,188.8224831428571,0.01524707602660233,42538.94100104497,-31175.88819566892,52739.90430669394,2343640.7523316834,293.15137726771934
300.0,188.8224831428571,0.014986481776979978,29207.67954977803,-20060.765143240158,35433.35776940652,3359435.5035262103,293.1513288548171
305.0,188.8224831428571,0.014452758964344076,19728.234070507504,-15221.010402212758,24917.511456905202,3905234.544141726,293.1512886129698
310.0,188.8224831428571,0.013725289947954543,15712.52447976197,-15142.620667107565,21821.603657729473,4259274.544878711,293.1512536539664
314.99999999999994,188.8224831428571,0.013024314295885311,12963.072621358348,-16848.338628743844,21258.12236147474,4381023.013178982,293.1512193518007
320.0,188.8224831428571,0.012448001951614022,10408.435961891882,-18601.184244983033,21315.24324253911,4461865.977850188,293.15118133542956
325.0,188.8224831428571,0.011985407572374018,8428.086019144726,-20027.983190016388,21729.076018222262,4644534.152774563,293.15113661847454
330.0,188.8224831428571,0.011605358696317675,7054.4003624446705,-21200.811533688466,22343.656239761596,4911857.888489969,293.15108410693335
335.0,188.8224831428571,0.011279979786219715,6179.582168415059,-22250.666105363645,23092.842568825778,5246855.087315934,293.1510248676491
339.99999999999994,188.8224831428571,0.01098740129450421,5684.168134985236,-23284.48982637724,23968.2547103757,5652200.582556763,293.1509619458217
345.0,188.8224831428571,0.01071156311641861,5455.293656858716,-24378.53449940172,24981.456587258537,6140163.996357157,293.15089928714656
350.0,188.8224831428571,0.010441872426327454,5385.860721089453,-25580.60352453529,26141.43784083885,6723602.748550901,293.15084013730404
355.0,188.8224831428571,0.010172979213182873,5373.069405344982,-26909.75770460895,27440.935380475188,7408600.1033409685,293.1507862497524
359.99999999999994,188.8224831428571,0.009904573554175075,5319.978022516063,-28353.518669577334,28848.296086703707,8187753.188011351,293.1507384366604
365.0,188.8224831428571,0.009641006453064536,5141.503934788202,-29864.897691020342,30304.24354453605,9034370.088029303,293.15069746193416
370.0,188.8224831428571,0.009390486932908781,4775.061793756117,-31362.867352783058,31724.29138251089,9899411.720102495,293.1506641162789
375.0,188.8224831428571,0.009163631454334225,4194.09067631111,-32740.680406368574,33008.219432030666,10714375.698271753,293.15063861623656
379.99999999999994,188.8224831428571,0.008971292372684755,3420.0966492778666,-33885.10019168793,34057.261723326075,11402932.82345951,293.1506203684723
385.0,188.8224831428571,0.008821895527670123,2526.593180585615,-34705.099152632,34796.94785888843,11900621.064455396,293.1506083491647
390.0,188.8224831428571,0.008718899091922623,1627.6869935317459,-35163.68827402549,35201.34000264407,12177472.75656186,293.15060149113214
395.0,188.8224831428571,0.008659316390225017,844.9956741154493,-35305.04060329633,35315.151276607554,12257344.363824906,293.1505986914473
399.99999999999994,188.8224831428571,0.008634491039726647,496.9277943740748,-35267.190250743835,35270.691025481516,12229392.549390454,293.15059846175285
0.0,193.79149585714285,0.011279359274548323,-1104.176850616086,-29472.15521440682,29492.83200202252,8557838.759574665,293.1541587821197
5.0,193.79149585714285,0.011334566374617822,-1701.2179621942478,-29163.07850912621,29212.656344200394,8395918.30607163,293.1541803299916
10.0,193.79149585714285,0.011449473726967982,-2944.37483692782,-28439.958186987387,28591.966788906368,8042839.881105983,293.1542232676701
14.999999999999998,193.79149585714285,0.011628987932360958,-4238.343242446203,-27160.963879139985,27489.661916523022,7434228.443198651,293.15428775829787
20.0,193.79149585714285,0.01187326145596028,-5426.182492637253,-25190.644231702554,25768.43055468478,6528724.251172493,293.15437495023764
24.999999999999996,193.79149585714285,0.012171240893718682,-6212.026154950951,-22485.826785295634,23328.130554506788,5325507.374153989,293.1544877028686
29.999999999999996,193.79149585714285,0.012491120686163516,-6199.4304885000865,-19439.54579762811,20404.138776234227,3944841.031043679,293.15463134324506
35.0,193.79149585714285,0.012768276058636426,-5433.478278065344,-18001.00034656158,18803.15664124293,2828792.3937057625,293.15481435665225
40.0,193.79149585714285,0.012932968418130067,-4881.914301577061,-23930.717652540723,24423.601999163984,2720753.4621759243,293.1550484951256
44.99999999999999,193.79149585714285,0.012994591955561581,-4726.111160249728,-52419.402536649985,52632.0234172921,4616867.652878159,293.1553474342109
49.99999999999999,193.79149585714285,0.013013026719548862,-5173.493834352927,-145235.8140470795,145327.92821881123,11242559.183367537,293.15572274508054
54.99999999999999,193.79149585714285,0.013022582161959796,-10094.119893848147,-397486.49096306687,397614.6397638844,29091443.144455705,293.1561756494925
59.99999999999999,193.79149585714285,0.013031905074150913,-27353.591052009644,-966744.4933138283,967131.3945354328,68885808.27869971,293.15668768471716
65.0,193.79149585714285,0.013043057368575032,-71888.16897663008,-2013248.9006937756,2014531.966731605,140942609.24778864,293.1572178753155
70.0,193.79149585714285,0.013057280103325884,-167328.96263121325,-3537593.1212758524,3541548.259368135,243038555.50291842,293.1577094983021
75.0,193.79149585714285,0.01307601189788095,-269752.6439695282,-5180968.715643461,5187986.441906417,344490485.12086505,293.158102894934
80.0,193.79149585714285,0.013092371481391972,-89489.40199432064,-6458874.470022612,6459494.389855849,417269795.4537524,293.15835658065254
84.99999999999999,193.79149585714285,0.013085107818287976,458254.33492163377,-6538408.930754315,6554447.984479109,422685252.24185246,293.158454486002
89.99999999999999,193.79149585714285,0.013046546047899808,1025827.403649871,-6432944.687546761,6514222.840455731,425689062.99446374,293.1584078382144
94.99999999999999,193.79149585714285,0.012980516240589808,1144732.360252179,-5163579.500208586,5288947.4786183005,357980832.5450971,293.15821771974515
99.99999999999999,193.79149585714285,0.012897650959342605,892130.5438892103,-3581403.8053526976,3690846.803151662,259360281.87754858,293.15790848058566
104.99999999999999,193.79149585714285,0.01280787880073802,557366.3248180362,-2149526.1205064533,2220612.47469717,161115271.6724099,293.15751810230284
109.99999999999999,193.79149585714285,0.012712559222549505,291193.14690086676,-1127487.1102646536,1164482.9894055855,85848738.56581113,293.15709648264476
114.99999999999999,193.79149585714285,0.01262050713500622,111230.41333830242,-545458.8002538452,556684.3878049516,40687215.89292559,293.1566959698869
119.99999999999999,193.79149585714285,0.012564130281733829,14228.160942582737,-297871.9118908182,298211.52971892187,21415536.21703857,293.1563609069796
125.0,193.79149585714285,0.012585682705673378,-36486.84658702217,-294741.3638937821,296991.18095295655,21581167.88235319,293.15611593196843
130.0,193.79149585714285,0.012654866215838582,-96762.0766430929,-526492.1508742388,535310.0824834761,38447324.23473361,293.1559610831159
135.0,193.79149585714285,0.012717634591416182,-164641.89948226995,-1031890.3826868247,1044942.4467149812,72023162.2024424,293.15587688505735
140.0,193.79149585714285,0.012765244327117556,-231727.40617716018,-1811980.269666936,1826737.5532450897,121172439.69083233,293.1558321936729
145.0,193.79149585714285,0.012803157819697476,-289427.3437327992,-2717604.48124743,2732973.1619239035,175331674.2071738,293.1557874209092
150.0,193.79149585714285,0.01283429761346859,-292085.54337207344,-3433893.187544177,3446293.13728668,213699731.61781165,293.15569897434244
155.0,193.79149585714285,0.012856573007039513,-212044.79411387347,-3699726.1340738796,3705797.682262221,225063284.2279654,293.15553195550996
160.0,193.79149585714285,0.012869617882525072,-106528.96708056802,-3411764.149793622,3413426.8755378732,206789496.4218251,293.1552699574769
165.0,193.79149585714285,0.012875789323040308,-46901.673854991575,-2683759.364315248,2684169.1624337286,164646683.64608562,293.15492074054566
169.99999999999997,193.79149585714285,0.012880511615154603,-32423.973551603103,-1773786.4491750635,1774082.7718395654,110081870.29937872,293.15451392763754
175.0,193.79149585714285,0.012887315609969944,-31128.451148109747,-987412.6278455135,987903.172431217,62038892.26677999,293.1540913976207
179.99999999999997,193.79149585714285,0.012900623275875385,-31283.139528564116,-467015.05547348177,468061.63788294257,29969326.762410272,293.15368885984685
185.0,193.79149585714285,0.012930810313001528,-30395.22383990637,-191812.51124634725,194205.84209263144,13020593.358825153,293.1533260928289
189.99999999999997,193.79149585714285,0.01300727470730657,-27430.340115853942,-72372.04080901861,77395.96791651152,5914893.569725461,293.15300870827514
195.0,193.79149585714285,0.013206104222007988,-21692.997819678025,-28336.13323757364,35686.44842600733,3622974.8995679272,293.1527343811599
199.99999999999997,193.79149585714285,0.0136345141904647,-16754.45259676972,-13696.017129465334,21640.06855414306,2910433.996461165,293.15249813912925
205.0,193.79149585714285,0.014264445854674245,-15127.103052644716,-8901.782569817991,17551.95087976401,2471516.021499771,293.152295695568
209.99999999999997,193.79149585714285,0.014867969881915851,-16352.084643945615,-7550.955046259767,18011.318505689633,1894904.7891632016,293.15212493426736
215.0,193.79149585714285,0.015235234425786693,-21551.43148636838,-8896.157138456278,23315.355689839627,1273422.4491639845,293.15198581725815
219.99999999999997,193.79149585714285,0.015381090753939512,-26943.920303562652,-13199.060944105328,30003.1673516471,637411.9456511012,293.15187814337185
225.0,193.79149585714285,0.015429145191804612,-28858.584801271452,-23365.9134013109,37131.97847960348,303402.3773755109,293.1517985939552
229.99999999999997,193.79149585714285,0.015445634322941928,-28276.31840430927,-46251.388396924485,54210.15690020681,230275.3522192319,293.15173958975345
235.0,193.79149585714285,0.015451664971489002,-23867.557888665284,-92560.89998055149,95588.60039135652,300281.4657956926,293.1516914450781
239.99999999999997,193.79149585714285,0.015453606546222555,-10592.26806770394,-173353.8902476311,173677.19311068402,493107.60913074703,293.15164528864045
245.0,193.79149585714285,0.01545342492109091,16836.846679166993,-286846.04909921606,287339.7558465025,812337.1024166564,293.1515951445383
250.0,193.79149585714285,0.015451922861554638,30792.97840579906,-301845.9749894681,303412.5906030312,905757.7315747165,293.15153929040457
254.99999999999997,193.79149585714285,0.01545034562325033,31166.72597322512,-318217.9513258085,319740.56569957576,1005866.4683168504,293.1514803824906
260.0,193.79149585714285,0.015448806188957316,29226.932987021224,-330845.4186347213,332133.86554732994,1085353.4043870277,293.15142282254027
265.0,193.79149585714285,0.015447422929951628,25237.827042962763,-338369.51305095135,339309.4093540414,1132756.7507627243,293.1513692515284
270.0,193.79149585714285,0.01544628240625302,36589.152466945394,-347147.0133129826,349069.928424626,1198863.4682960322,293.15131910165314
274.99999999999994,193.79149585714285,0.015443764014704934,51167.75302098668,-237086.99002698672,242545.62413961047,925308.7987692817,293.1512697660395
280.0,193.79149585714285,0.015438102444039807,53982.43817902658,-140064.50075852172,150107.18838378912,704710.2980781264,293.1512189548613
285.0,193.79149585714285,0.015426604093845001,48591.8445814252,-76935.59186748946,90995.89362068099,610884.6718277097,293.15116639011836
290.0,193.79149585714285,0.015401666152176124,41058.28486946102,-41359.62829591988,58278.6548334677,696699.7295895055,293.1511146606301
294.99999999999994,193.79149585714285,0.015341002361263952,32779.999856460905,-23267.456698371512,40198.295135492626,1059342.2100866055,293.15106806555673
300.0,193.79149585714285,0.015183249823392224,22934.90435378561,-14606.087478410296,27190.94755877897,1612123.4124864368,293.15102955880025
305.0,193.79149585714285,0.014832723929562041,15211.585052460809,-11236.754302235175,18911.82082870525,2022043.2381421165,293.1509987037113
310.0,193.79149585714285,0.014309165430137258,12022.736733653046,-11781.335793204564,16832.886610411577,2464543.2824892574,293.1509723679718
314.99999999999994,193.79149585714285,0.013769859829299036,10165.402787311448,-14123.932424224415,17401.749364714375,2922322.8915917464,293.1509462337117
320.0,193.79149585714285,0.013312103532121158,8324.883731541124,-16538.852796140945,18515.867275288438,3364898.769838062,293.1509164397482
325.0,193.79149585714285,0.01293940271618284,6804.855882031823,-18551.962946126478,19760.602033583717,3840903.6071768166,293.1508806420551
330.0,193.79149585714285,0.01263179307973385,5699.980431141008,-20207.20232455433,20995.73296412546,4337076.094204979,293.15083843792377
335.0,193.79149585714285,0.012369417655618751,4956.50020544544,-21635.425640296628,22195.91261749301,4847190.949374298,293.15079133771525
339.99999999999994,193.79149585714285,0.012136143900180273,4495.164386582395,-22948.87167619912,23384.978385131188,5380451.796254721,293.15074218938787
345.0,193.79149585714285,0.011919901272299862,4235.554086598081,-24228.732217420376,24596.166028142714,5952229.154767318,293.1506941063842
350.0,193.79149585714285,0.01171258853231341,4099.891309536235,-25526.7679312846,25853.916333268942,6576538.3328786045,293.1506494405209
355.0,193.79149585714285,0.011509912306490342,4014.3600059790383,-26866.623925854172,27164.877460258933,7260385.84352331,293.1506094869274
359.99999999999994,193.79149585714285,0.011311153134349786,3911.458481941059,-28244.148465077153,28513.70600208378,7999266.093245966,293.1505748992985
365.0,193.79149585714285,0.011118768298999715,3734.42294200155,-29628.230874421526,29862.65191602669,8773971.334369645,293.15054610697575
370.0,193.79149585714285,0.010937715471189286,3443.666492751727,-30964.161646132758,31155.066126733545,9549712.060825467,293.1505232545352
375.0,193.79149585714285,0.010774411109578837,3023.9423479002503,-32181.48585162946,32323.246417122948,10279040.635126827,293.15050597056006
379.99999999999994,193.79149585714285,0.010635336704719191,2489.5609161162824,-33207.44311850143,33300.63350784129,10909756.765152995,293.1504934595165
385.0,193.79149585714285,0.010525474952132323,1883.9353858958073,-33985.045066942796,34037.22228297079,11397439.98033073,293.15048483579756
390.0,193.79149585714285,0.01044696301565741,1269.6769385786345,-34492.012931392586,34515.37390189641,11719778.369689949,293.15047934644383
395.0,193.79149585714285,0.010398522055969375,707.0251643881115,-34753.93441133318,34761.12543705003,11887360.716404708,293.1504763731966
399.99999999999994,193.79149585714285,0.010376268161576451,445.1155960297858,-34841.92255588932,34844.76567986099,11944917.551582586,293.15047528876045
0.0,198.7605085714286,0.01271665104820174,-753.1396696448062,-28551.159524977276,28561.09118333355,8025893.04091371,293.15279399367597
5.0,198.7605085714286,0.012754307938343333,-1142.1397402059156,-28185.72205972765,28208.853418995524,7829141.873608367,293.1528082207767
10.0,198.7605085714286,0.012830864612526176,-1923.3525075672646,-27410.869293354695,27478.264870361458,7428827.995166402,293.15283677413555
14.999999999999998,198.7605085714286,0.01294664178930798,-2666.50724070687,-26170.19572257517,26305.691494857798,6808080.569849217,293.152880114408
20.0,198.7605085714286,0.013097503295971397,-3234.033947857556,-24433.42920073228,24646.529939995446,5974115.490709172,293.15293949980094
24.999999999999996,198.7605085714286,0.013269909085818744,-3378.417855703208,-22268.912715307757,22523.724841369596,4973812.559973914,293.15301753489985
29.999999999999996,198.7605085714286,0.01343415242823084,-2771.1871223134485,-20087.31154109917,20277.5630443121,3946044.8440041384,293.15311884591847
35.0,198.7605085714286,0.013540212477560789,-1327.8799953805483,-19502.096529412564,19547.25132402654,3266328.394441687,293.1532508767812
40.0,198.7605085714286,0.013549524961367314,652.6367560497492,-25768.30129294292,25776.564671407068,3714508.221677486,293.15342458781566
44.99999999999999,198.7605085714286,0.013503129215814758,3467.5240453897327,-54446.690682603585,54556.99633678955,6944290.982106278,293.1536545278559
49.99999999999999,198.7605085714286,0.013467300386790901,6149.645403932009,-148259.32132488367,148386.80702242098,17394030.918686222,293.15395704404364
54.99999999999999,198.7605085714286,0.013453753332285663,5299.851911964145,-403969.5868865694,404004.3509166631,45483085.81184648,293.15434427976743
59.99999999999999,198.7605085714286,0.013452289832854509,-2266.130756914268,-981508.9605398908,981511.5765841503,108384118.73633027,293.1548134379391
65.0,198.7605085714286,0.013456344615672262,-19816.30001894834,-2043270.4419583217,2043366.5321539834,222844844.12271053,293.1553363002769
70.0,198.7605085714286,0.013463039320250003,-45529.77536439941,-3594984.445761831,3595272.747054698,387286015.1009236,293.15585666812234
75.0,198.7605085714286,0.01347020958088751,-47963.49917760528,-5312619.379912849,5312835.8880242985,562822873.4816031,293.1563003727563
80.0,198.7605085714286,0.013472759738322149,46744.67016036817,-6613569.333010739,6613734.526478101,688144894.2712132,293.1565995834259
84.99999999999999,198.7605085714286,0.01346273522759402,296568.20075025014,-7054210.492601147,7060441.797197988,733025854.5282632,293.1567167585702
89.99999999999999,198.7605085714286,0.013428436113714488,516121.85686535767,-6476389.3234667685,6496922.382193625,686363632.8640445,293.15664647535374
94.99999999999999,198.7605085714286,0.013377435762853745,538434.4028900549,-5113951.509653011,5142218.553241187,561286771.1227883,293.1564051728882
99.99999999999999,198.7605085714286,0.013312272077662625,425229.9552318434,-3452447.544266823,3478536.266986517,394353618.086997,293.1560357569677
104.99999999999999,198.7605085714286,0.013236580928756733,269160.61663104873,-1990878.5019575641,2008990.9524689259,235923010.5999142,293.1556001356977
109.99999999999999,198.7605085714286,0.01315236009729443,137472.9288450392,-996628.1290307539,1006064.8258142087,122089495.21734029,293.15516657164505
114.99999999999999,198.7605085714286,0.013068042593441073,48788.02631513641,-455854.5841703877,458457.9298265911,57185934.80360498,293.15479327500464
119.99999999999999,198.7605085714286,0.013017445592543924,5415.130250112089,-241144.07846033084,241204.87186644445,30680145.519673627,293.15451792149435
125.0,198.7605085714286,0.013039019124511095,-15643.669746969683,-259600.3691795962,260071.2903827235,32972474.45335977,293.1543531562288
130.0,198.7605085714286,0.013094956086000555,-41595.69259876578,-503153.8518309041,504870.2806217122,61966593.45341377,293.15428995369166
135.0,198.7605085714286,0.013141797444908482,-69473.32394741844,-1019031.7883482864,1021397.24319415,121140888.03179199,293.15430531837103
140.0,198.7605085714286,0.013176948677990373,-97789.41141660043,-1820285.779782023,1822910.6091802344,210764789.26300693,293.1543661080141
145.0,198.7605085714286,0.01320483716745781,-121576.53654643975,-2771576.9119957876,2774242.1367549617,314545935.7309129,293.15442697471667
150.0,198.7605085714286,0.01322744971136187,-125114.9714749523,-3568613.301183482,3570805.882356369,398485437.74498874,293.15443310175374
155.0,198.7605085714286,0.013244578680778194,-100507.03902561597,-3887445.4230417334,3888744.4737372263,429493559.68551445,293.15433608516815
160.0,198.7605085714286,0.013256462499591979,-64381.377044963294,-3584016.286861655,3584594.4967596834,394272361.01755905,293.15411393608747
165.0,198.7605085714286,0.013264657199734435,-39332.36634467414,-2793565.258513288,2793842.13738262,307595159.9272324,293.153782600956
169.99999999999997,198.7605085714286,0.013272216142389858,-29554.9280662174,-1836372.2149435915,1836610.0308965514,202818658.81670123,293.15338927220205
175.0,198.7605085714286,0.013282718917704817,-27287.39484220877,-1019721.1122601933,1020086.1476887334,113232378.98349091,293.15299083486815
179.99999999999997,198.7605085714286,0.013302395789275069,-26883.929658720535,-481979.3617199943,482728.54773455043,54164457.82957573,293.1526295279798
185.0,198.7605085714286,0.0133462309971292,-25582.286514715488,-198298.23876721377,199941.60367842385,23056905.87748429,293.1523234027669
189.99999999999997,198.7605085714286,0.01345236054012355,-21780.379458260435,-75417.96500205451,78500.02786239589,9707079.106685877,293.1520718792936
195.0,198.7605085714286,0.013694945119651131,-16279.8104388441,-30208.0499236265,34315.57238504129,4742749.880247081,293.15186607897135
199.99999999999997,198.7605085714286,0.01411878697856999,-12712.579110892435,-15041.606046449297,19694.150911051704,2823473.842537345,293.1516965344354
205.0,198.7605085714286,0.014635530147875157,-11420.44741981812,-9364.654871532408,14769.000647699424,1797939.2033004714,293.1515566499527
209.99999999999997,198.7605085714286,0.015075564688474194,-12064.338480412436,-7214.430555673484,14056.89408128963,1112673.3677029135,293.1514431961435
215.0,198.7605085714286,0.015326004591813576,-15677.640408798034,-7892.3680899736455,17552.1475283001,668296.2511654008,293.15135493854496
219.99999999999997,198.7605085714286,0.015421220887638578,-19198.511703748412,-11734.015040843851,22500.443564910325,326586.96501323895,293.15129005711356
225.0,198.7605085714286,0.015451879566903711,-20242.304322445776,-21969.03528677452,29872.88730126452,178050.53091029314,293.1512440127502
229.99999999999997,198.7605085714286,0.015462270018778533,-19650.883836680652,-46261.301122835095,50261.96591002326,179239.8530280272,293.15120959829505
235.0,198.7605085714286,0.015466050318078146,-16710.23813469037,-96879.71248358623,98310.27794396879,287469.87642368267,293.15117923584796
239.99999999999997,198.7605085714286,0.015467321657467078,-9241.69389174932,-187028.80631582066,187256.99799449302,518729.52486736875,293.1511472067459
245.0,198.7605085714286,0.015467439859767333,3629.061270677553,-287766.4365833327,287789.3189636745,814881.0071877212,293.1511109023885
250.0,198.7605085714286,0.01546695875134001,13006.144993846225,-305956.10789649,306232.4276865035,922671.7149594094,293.1510711859805
254.99999999999997,198.7605085714286,0.015466139245267949,17899.34219348019,-319342.1215218511,319843.3632718303,1006513.3505949179,293.15103135194374
260.0,198.7605085714286,0.015465168817120662,20225.59164972099,-330105.3098615492,330724.3416447762,1076160.8134335375,293.15099431835824
265.0,198.7605085714286,0.015464116686102976,22463.171431511695,-337368.95067021955,338115.96079908224,1124802.3033879593,293.1509604691609
270.0,198.7605085714286,0.015462922499977511,29784.55543440478,-337504.4725114585,338816.15768387285,1129465.78369913,293.15092765171
274.99999999999994,198.7605085714286,0.015461138230559536,35803.45435724238,-241062.1843685736,243706.5121749095,845357.1012449884,293.150892806607
280.0,198.7605085714286,0.01545774302172606,35235.16015435884,-134562.49357176403,139099.17752220662,547681.7344074439,293.15085415069836
285.0,198.7605085714286,0.015451001205265978,31328.750390464087,-69066.52380696444,75839.80031491374,384202.5400562291,293.1508125009725
290.0,198.7605085714286,0.015436473188243496,26375.670695391625,-34287.39591577116,43258.54277846841,347995.376546095,293.15077138390825
294.99999999999994,198.7605085714286,0.015401148542275464,21146.957919212487,-17884.747700773514,27695.81249137254,457882.05818437634,293.15073519591095
300.0,198.7605085714286,0.015308172657125679,14973.258334227425,-10831.85273452302,18480.462624239277,688301.4136174108,293.1507063464236
305.0,198.7605085714286,0.015094441005016737,9960.372289705283,-8568.316519523358,13138.685783907984,934128.2940452105,293.15068406651983
310.0,198.7605085714286,0.014760358322152578,7939.013780022179,-9574.54960639332,12437.843059175033,1329356.0258912223,293.1506655363563
314.99999999999994,198.7605085714286,0.014401058521037034,6872.569651178294,-12271.548400931468,14064.960496450056,1905217.004808445,293.1506473352166
320.0,198.7605085714286,0.014087626900609086,5739.741549382712,-15074.33882540672,16130.1061396655,2552976.5235791635,293.15062656255293
325.0,198.7605085714286,0.013828631856759355,4742.5193883304755,-17461.021326727205,18093.610914383913,3220118.0602323175,293.15060157241214
330.0,198.7605085714286,0.013613509862074645,3985.3164935554328,-19441.7071224033,19845.97499210135,3875063.285127469,293.1505722501002
335.0,198.7605085714286,0.013430110239705927,3454.4479243685314,-21133.932637355905,21414.39513930924,4511860.501049689,293.1505398750731
339.99999999999994,198.7605085714286,0.013268065716485611,3106.898232203706,-22646.451081422725,22858.577453738082,5140947.875934523,293.1505065649035
345.0,198.7605085714286,0.01311942045330372,2893.376278947291,-24060.954839637743,24234.297474584688,5778374.9051219495,293.1504744982702
350.0,198.7605085714286,0.012978728092582076,2764.333402298397,-25431.503241181545,25581.29973760696,6438579.324205294,293.1504453274579
355.0,198.7605085714286,0.012842987122520633,2672.5712476920594,-26785.787187575257,26918.785862888788,7129445.16724214,293.1504200584518
359.99999999999994,198.7605085714286,0.012711471001603629,2575.5616731340583,-28126.63022752786,28244.306433123846,7848858.685720017,293.1503992058816
365.0,198.7605085714286,0.012585431057281845,2438.4259754317964,-29434.438300428203,29535.268397280142,8582745.656795617,293.1503828278816
370.0,198.7605085714286,0.012467628658724722,2237.5947058009797,-30671.636251466018,30753.147813023515,9305141.876546111,293.1503704496477
375.0,198.7605085714286,0.012361672104373212,1964.3723848965,-31789.923281686955,31850.556998615994,9981068.702107629,293.1503612125508
379.99999999999994,198.7605085714286,0.012271192266511641,1626.911074255075,-32740.451365463134,32780.847994794014,10572611.935008693,293.1503542236355
385.0,198.7605085714286,0.012198982094106449,1248.687692215866,-33485.73033519293,33509.00411880292,11047500.768978044,293.150348794596
390.0,198.7605085714286,0.012146324605388706,861.8602085916193,-34010.390960788405,34021.30944459415,11387873.646489415,293.1503444986238
395.0,198.7605085714286,0.012112796919271,495.2823001002606,-34326.35704968654,34329.9299862286,11595426.407747498,293.1503411876268
399.99999999999994,198.7605085714286,0.012096796827465645,320.00411934117443,-34467.126162767236,34468.61164242779,11689322.366439853,293.1503390980332
0.0,203.72952128571427,0.014116773735154617,-377.7364075942299,-27989.40441919396,27991.95321042847,7709233.249521516,293.1514052344441
5.0,203.72952128571427,0.014135660552318453,-567.7934698078766,-27610.492279196067,27616.329830806666,7503719.994486535,293.1514122775168
10.0,203.72952128571427,0.014173553061878516,-940.1085311838467,-26840.2005545871,26856.659692911595,7096560.179516063,293.1514264765488
14.999999999999998,203.72952128571427,0.014229671198704276,-1268.899309636684,-25675.755321526536,25707.090788124875,6501902.799673563,293.15144818170273
20.0,203.72952128571427,0.014300440000237518,-1468.8178836052155,-24162.812762133493,24207.415115065876,5764205.810482083,293.1514782049961
24.999999999999996,203.72952128571427,0.014376518423207663,-1381.4186360428612,-22466.981508314584,22509.410821764217,4975180.921454382,293.1515181300669
29.999999999999996,203.72952128571427,0.014438307240124314,-767.6485490075848,-21064.196400502253,21078.17957731942,4310177.569310723,293.1515707386545
35.0,203.72952128571427,0.014452209824014121,545.0571537309474,-21375.01347615061,21381.961752992953,4146228.9892161395,293.151640615966
40.0,203.72952128571427,0.01438806657522387,2491.0628057273275,-27986.22779339148,28096.87420347103,5442090.795143855,293.15173498397223
44.99999999999999,203.72952128571427,0.01427767198533806,5391.891249223543,-56367.79815760174,56625.09302755788,11235685.524713425,293.1518647386742
49.99999999999999,203.72952128571427,0.014196032636462613,8772.12982630161,-151878.24342527607,152131.36128897587,30639713.672243185,293.1520450031992
54.99999999999999,203.72952128571427,0.014159637911258105,9867.26814887626,-416449.8663974749,416566.74639629666,84340563.87951246,293.15229280664494
59.99999999999999,203.72952128571427,0.014147288836628719,7444.262603409612,-1017386.5104924245,1017413.7451291194,206086728.43747973,293.1526190829141
65.0,203.72952128571427,0.014144574211325629,2100.540550771093,-2126003.3549233438,2126004.3926144456,429777431.6965516,293.1530155563787
70.0,203.72952128571427,0.014145258811057541,-2633.558353826349,-3757055.9208432487,3757056.8438570257,757008688.8451526,293.1534433375341
75.0,203.72952128571427,0.014146009712081544,5345.97953485073,-5599577.718099453,5599580.270032126,1124283646.5245175,293.15383390302804
80.0,203.72952128571427,0.014143310548951604,45476.37527857576,-7049344.284672056,7049490.970598307,1413645673.3366854,293.15410968176286
84.99999999999999,203.72952128571427,0.014132861519998714,121419.17557707142,-7525824.412596975,7526803.817387459,1516997932.9168236,293.1542150087208
89.99999999999999,203.72952128571427,0.014110265513430226,183943.87977180938,-6856036.210690466,6858503.326032903,1405919771.268873,293.1541358506363
94.99999999999999,203.72952128571427,0.014076983331165673,189513.65471360777,-5314454.984882293,5317832.943188717,1117266923.9565516,293.1538948864413
99.99999999999999,203.72952128571427,0.014034165765895121,149294.46461044234,-3507417.076600805,3510593.0248882817,760436627.6856211,293.1535496445998
104.99999999999999,203.72952128571427,0.01398335637405412,93208.25152249179,-1976191.2163522304,1978388.106954646,443472619.84560364,293.15317209418424
109.99999999999999,203.72952128571427,0.013926827806465878,44845.9703251571,-961678.7162562906,962723.7996199906,223833356.05575505,293.15282742806323
114.99999999999999,203.72952128571427,0.013873278517972243,13583.719895106287,-424511.03849661065,424728.31227934355,102239938.31598002,293.1525586774304
119.99999999999999,203.72952128571427,0.013848580027369235,823.0579254886086,-220636.10628643303,220637.64144312928,54189977.99858535,293.15238414284056
125.0,203.72952128571427,0.013863966467730368,-4225.349492166956,-250030.97141047302,250066.6715953882,60892097.69317498,293.1523039863364
130.0,203.72952128571427,0.013890398396529344,-10202.397699384033,-504765.6095202107,504868.7051829676,120148353.34843929,293.1523085873831
135.0,203.72952128571427,0.013912845018019943,-17991.511436598532,-1040075.4673404045,1040231.0667573499,242715359.48278385,293.15238320627054
140.0,203.72952128571427,0.013931415068247749,-27660.154789218952,-1875489.8274352697,1875693.7855034177,431106372.89446115,293.1525042211839
145.0,203.72952128571427,0.013947293518119972,-36634.73508410306,-2876404.5092325048,2876637.7951608314,653200318.3276407,293.1526313521874
150.0,203.72952128571427,0.013960806735751742,-39956.881115338096,-3727827.9393105535,3728042.0729188174,838162888.7365066,293.1527088971146
155.0,203.72952128571427,0.01397178491446569,-35281.39359818035,-4076748.805799794,4076901.4707648107,909663532.8997744,293.1526842659499
160.0,203.72952128571427,0.013980432258430396,-26615.630138624605,-3760364.93711958,3760459.127830805,834622170.9321252,293.1525343183788
165.0,203.72952128571427,0.013987751059564148,-20004.561864929576,-2924284.474829122,2924352.8980309544,646677367.9054955,293.1522795623436
169.99999999999997,203.72952128571427,0.01399580715818787,-17438.463803630344,-1916739.1056358812,1916818.431436235,422449140.8746279,293.1519733802954
175.0,203.72952128571427,0.014008129730155677,-17322.164203298336,-1060499.3907711455,1060640.8511832159,232673988.73316187,293.15167387873396
179.99999999999997,203.72952128571427,0.014032221161974986,-17575.105299645624,-498423.9292755263,498733.69407004025,108489008.24794999,293.1514187042034
185.0,203.72952128571427,0.014086041200875497,-16435.534992513934,-203316.77290387935,203979.99155441154,43600524.438865274,293.15121868526194
189.99999999999997,203.72952128571427,0.014207268522599334,-13068.425031244702,-77089.04206117043,78188.9003548852,16062877.640644744,293.15106693706787
195.0,203.72952128571427,0.01443503004041306,-9368.960847726423,-31880.449968470853,33228.609925159435,6183189.2033670675,293.1509509717987
199.99999999999997,203.72952128571427,0.014740523306523904,-7261.685701989352,-16548.39015975325,18071.560422771876,2695185.7459427277,293.15086024160024
205.0,203.72952128571427,0.015044131987937602,-6206.703241695953,-10018.811665441466,11785.573907029944,1184123.8617522838,293.1507884605335
209.99999999999997,203.72952128571427,0.015278312151878958,-6157.612533031381,-7194.2169359362,9469.580213940657,521596.16264850716,293.1507328977299
215.0,203.72952128571427,0.01540816472255295,-7691.737661473611,-7437.617036105789,10699.578282750334,262469.3252686041,293.15069243285853
219.99999999999997,203.72952128571427,0.015457547987322805,-9311.854411598064,-11059.781125831012,14457.84877269389,144122.10615556737,293.1506654352695
225.0,203.72952128571427,0.015473419839027443,-9766.762663343903,-21453.19287928305,23571.786899550265,118885.6300082454,293.1506483454712
229.99999999999997,203.72952128571427,0.015478787773128694,-9496.612491162887,-46763.94190360789,47718.46509655697,173421.7480731568,293.15063602903956
235.0,203.72952128571427,0.015480770975616023,-8519.04254618349,-99797.77057713016,100160.71634163361,320404.70617162,293.150623608814
239.99999999999997,203.72952128571427,0.015481553122307343,-7755.533194661849,-192709.7897213376,192865.78584491252,590926.7019013438,293.1506080627408
245.0,203.72952128571427,0.015482023222733456,-7757.350503154875,-309969.45536616736,310066.50858618575,945920.3544545611,293.1505888604947
250.0,203.72952128571427,0.015482328857357659,-587.0175785564758,-314810.54206674674,314811.08936312335,975090.4366580009,293.1505676446674
254.99999999999997,203.72952128571427,0.015482081924491312,7167.187652378642,-323056.7080476246,323136.2022327622,1027344.4655356251,293.1505470124796
260.0,203.72952128571427,0.015481612138592421,11311.824339721445,-332821.50644003187,333013.682179734,1091111.1836966528,293.150528475592
265.0,203.72952128571427,0.01548095074205734,17884.520386469292,-343408.428613335,343873.82120791636,1163437.5645561325,293.1505115461218
270.0,203.72952128571427,0.015479823686553774,25297.82510172357,-355424.76057030505,356323.9261982502,1249208.18976039,293.1504941935418
274.99999999999994,203.72952128571427,0.015478420959547167,20907.361433300597,-240341.22794821285,241248.88313473592,889604.081265012,293.15047411282364
280.0,203.72952128571427,0.015476575652916828,16886.362180974935,-131924.18655131254,133000.52716035594,537650.5582770945,293.15045044062015
285.0,203.72952128571427,0.015473204394542745,14413.406671108398,-65227.74682934874,66801.23687702471,319980.4347482202,293.1504244724789
290.0,203.72952128571427,0.015466071133115638,12019.922034622172,-30662.22447092204,32934.03308469229,216331.20874958418,293.1503992526656
294.99999999999994,203.72952128571427,0.015448838287936122,9606.971260661887,-15061.225927201182,17864.333831223055,203685.51035114698,293.15037783352057
300.0,203.72952128571427,0.015403751035815913,6819.353226292232,-8825.461999290324,11153.132202473878,265227.92610902415,293.1503614767015
305.0,203.72952128571427,0.015301055490578627,4643.1107144079215,-7158.671007775467,8532.587397959347,406578.2364798043,293.15034937193985
310.0,203.72952128571427,0.01514021086456158,3829.6696587183355,-8427.086395617946,9256.465568137595,742757.7250141385,293.1503396385292
314.99999999999994,203.72952128571427,0.014963633596713048,3407.705679632602,-11262.23813191078,11766.497598642747,1335349.0247945534,293.1503302564625
320.0,203.72952128571427,0.014806156155709974,2901.722996871094,-14229.873800521154,14522.716850828185,2069897.3143412836,293.1503195957028
325.0,203.72952128571427,0.014674189857549575,2423.5410433352085,-16804.6980572734,16978.557888844938,2835511.49689722,293.1503067591842
330.0,203.72952128571427,0.014563866239689992,2044.8532803726105,-18965.326976445645,19075.247108799078,3579933.989332489,293.15029171913636
335.0,203.72952128571427,0.01446970932235796,1771.1284783384679,-20810.351951353696,20885.58460819309,4291779.172075564,293.1502752153459
339.99999999999994,203.72952128571427,0.014386753700613474,1586.24290027195,-22440.868620261717,22496.860913703276,4979533.425449913,293.1502584207573
345.0,203.72952128571427,0.014311085049635576,1467.75996614066,-23936.58862892109,23981.546958201,5658472.8791807825,293.15024252438957
350.0,203.72952128571427,0.014239977704919742,1391.9473813926986,-25352.28587697576,25390.469013007034,6342877.121393596,293.15022846226765
355.0,203.72952128571427,0.014171890311866327,1335.9401536325925,-26718.16069970191,26751.5391570127,7041130.5626690425,293.15021687673317
359.99999999999994,203.72952128571427,0.014106383690756003,1279.2310843152654,-28041.523941013464,28070.687506748203,7752663.596606678,293.15020812005497
365.0,203.72952128571427,0.014043967207031723,1205.2027042722484,-29309.784750924573,29334.552931720566,8466497.181661917,293.15020210943914
370.0,203.72952128571427,0.013985863429258765,1102.790667216846,-30495.157851579283,30515.091342619933,9161659.144472338,293.1501982138296
375.0,203.72952128571427,0.013933688158410874,967.9431471369082,-31561.335598520738,31576.17485856293,9809881.396683227,293.150195497483
379.99999999999994,203.72952128571427,0.013889069144130097,804.2238053243987,-32471.782284537672,32481.7398035183,10380618.036278293,293.15019314469487
385.0,203.72952128571427,0.013853265816356845,621.780441322614,-33198.39247608688,33204.21470105133,10847533.650196183,293.1501906652438
390.0,203.72952128571427,0.013826891139144707,434.1283677206766,-33728.25372772773,33731.04752244791,11194487.279813603,293.1501878854503
395.0,203.72952128571427,0.01380985300981906,252.95671330920462,-34065.61998186197,34066.55914305761,11418291.134436425,293.1501849688181
399.99999999999994,203.72952128571427,0.013801595484195182,165.15059607820436,-34226.61394748492,34227.01238831041,11526106.203850804,293.1501826224719
0.0,208.69853399999997,0.015498244703062427,-0.0,-27801.71967914193,27801.71967914193,7604806.485245903,293.15
5.0,208.69853399999997,0.015498244703062427,-0.0,-27421.629498402912,27421.629498402912,7398289.753133919,293.15
10.0,208.69853399999997,0.015498244703062427,-0.0,-26659.07630843741,26659.07630843741,6992534.832109007,293.15
14.999999999999998,208.69853399999997,0.015498244703062427,-0.0,-25529.97405224198,25529.97405224198,6412697.510084991,293.15
20.0,208.69853399999997,0.015498244703062427,-0.0,-24108.193082261445,24108.193082261445,5717753.384900478,293.15
24.999999999999996,208.69853399999997,0.015498244703062427,-0.0,-22595.892308492264,22595.892308492264,5018698.841300836,293.15
29.999999999999996,208.69853399999997,0.015498244703062427,-0.0,-21475.33681390704,21475.33681390704,4507076.929985158,293.15
35.0,208.69853399999997,0.015498244703062427,-0.0,-21904.04675128323,21904.04675128323,4536754.392303432,293.15
40.0,208.69853399999997,0.015498244703062427,-0.0,-26896.70838522394,26896.70838522394,5912437.269186271,293.15
44.99999999999999,208.69853399999997,0.015498244703062427,-0.0,-45746.96034548562,45746.96034548562,11056066.5900839,293.15
49.99999999999999,208.69853399999997,0.015498244703062427,-0.0,-106583.76536761492,106583.76536761492,27481948.33712033,293.15
54.99999999999999,208.69853399999997,0.015498244703062427,-0.0,-273998.3298038712,273998.3298038712,72623250.68341939,293.15
59.99999999999999,208.69853399999997,0.015498244703062427,-0.0,-654073.1615845116,654073.1615845116,174961396.09370524,293.15
65.0,208.69853399999997,0.015498244703062427,-0.0,-1355232.712905263,1355232.712905263,363246620.83228403,293.15
70.0,208.69853399999997,0.015498244703062427,-0.0,-2387121.095190485,2387121.095190485,639502819.4053388,293.15
75.0,208.69853399999997,0.015498244703062427,-0.0,-3554272.1798539422,3554272.1798539422,951650755.432273,293.15
80.0,208.69853399999997,0.015498244703062427,-0.0,-4473272.386827608,4473272.386827608,1200102330.3339124,293.15
84.99999999999999,208.69853399999997,0.015498244703062427,-0.0,-4770380.260550428,4770380.260550428,1289680975.547935,293.15
89.99999999999999,208.69853399999997,0.015498244703062427,-0.0,-4324499.172477579,4324499.172477579,1188484487.9913414,293.15
94.99999999999999,208.69853399999997,0.015498244703062427,-0.0,-3330863.44243306,3330863.44243306,937358075.6690243,293.15
99.99999999999999,208.69853399999997,0.015498244703062427,-0.0,-2181859.930828385,2181859.930828385,632508118.370458,293.15
104.99999999999999,208.69853399999997,0.015498244703062427,-0.0,-1220289.299416495,1220289.299416495,366031252.0844475,293.15
109.99999999999999,208.69853399999997,0.015498244703062427,-0.0,-591246.944159538,591246.944159538,183964943.92110866,293.15
114.99999999999999,208.69853399999997,0.015498244703062427,-0.0,-263552.93730761675,263552.93730761675,84798258.53574982,293.15
119.99999999999999,208.69853399999997,0.015498244703062427,-0.0,-142676.7373614672,142676.7373614672,46604042.461564265,293.15
125.0,208.69853399999997,0.015498244703062427,-0.0,-163642.87445171265,163642.87445171265,52953886.6104861,293.15
130.0,208.69853399999997,0.015498244703062427,-0.0,-321268.55288790195,321268.55288790195,102279240.43408452,293.15
135.0,208.69853399999997,0.015498244703062427,-0.0,-650987.9396648642,650987.9396648642,204355558.5153884,293.15
140.0,208.69853399999997,0.015498244703062427,-0.0,-1166101.4512418048,1166101.4512418048,361770256.4184418,293.15
145.0,208.69853399999997,0.015498244703062427,-0.0,-1784813.523130344,1784813.523130344,548107470.6260147,293.15
150.0,208.69853399999997,0.015498244703062427,-0.0,-2313168.518113976,2313168.518113976,704173406.3060067,293.15
155.0,208.69853399999997,0.015498244703062427,-0.0,-2531659.33374947,2531659.33374947,765183115.7395449,293.15
160.0,208.69853399999997,0.015498244703062427,-0.0,-2337865.0734489155,2337865.0734489155,702606716.2066789,293.15
165.0,208.69853399999997,0.015498244703062427,-0.0,-1821387.9724811325,1821387.9724811325,544748585.354502,293.15
169.99999999999997,208.69853399999997,0.015498244703062427,-0.0,-1198301.7738990926,1198301.7738990926,356481810.38374823,293.15
175.0,208.69853399999997,0.015498244703062427,-0.0,-668544.1685627314,668544.1685627314,197253459.29180476,293.15
179.99999999999997,208.69853399999997,0.015498244703062427,-0.0,-320601.96955129644,320601.96955129644,93064034.24825995,293.15
185.0,208.69853399999997,0.015498244703062427,-0.0,-137647.1119169552,137647.1119169552,38489221.9875417,293.15
189.99999999999997,208.69853399999997,0.015498244703062427,-0.0,-58680.9497000732,58680.9497000732,14999960.240043638,293.15
195.0,208.69853399999997,0.015498244703062427,-0.0,-28845.912407111504,28845.912407111504,6072674.208737133,293.15
199.99999999999997,208.69853399999997,0.015498244703062427,-0.0,-16683.087562203524,16683.087562203524,2502999.281677092,293.15
205.0,208.69853399999997,0.015498244703062427,-0.0,-10143.060118399942,10143.060118399942,912026.3931805185,293.15
209.99999999999997,208.69853399999997,0.015498244703062427,-0.0,-6818.832952478586,6818.832952478586,296943.83148879866,293.15
215.0,208.69853399999997,0.015498244703062427,-0.0,-6492.60791475447,6492.60791475447,115803.63854050753,293.15
219.99999999999997,208.69853399999997,0.015498244703062427,-0.0,-9343.787764774554,9343.787764774554,75293.42840296896,293.15
225.0,208.69853399999997,0.015498244703062427,-0.0,-18127.268524454885,18127.268524454885,89103.34158346527,293.15
229.99999999999997,208.69853399999997,0.015498244703062427,-0.0,-39761.99709401369,39761.99709401369,153185.35554650938,293.15
235.0,208.69853399999997,0.015498244703062427,-0.0,-85049.19926236769,85049.19926236769,294259.5260572403,293.15
239.99999999999997,208.69853399999997,0.015498244703062427,-0.0,-163255.6849247891,163255.6849247891,539560.9690150605,293.15
245.0,208.69853399999997,0.015498244703062427,-0.0,-268341.71064355585,268341.71064355585,861893.1179632021,293.15
250.0,208.69853399999997,0.015498244703062427,-0.0,-320301.9718386103,320301.9718386103,1009401.8055606936,293.15
254.99999999999997,208.69853399999997,0.015498244703062427,-0.0,-325271.4271518835,325271.4271518835,1040966.3313613344,293.15
260.0,208.69853399999997,0.015498244703062427,-0.0,-334725.7378148439,334725.7378148439,1102359.0395418648,293.15
265.0,208.69853399999997,0.015498244703062427,-0.0,-348036.1592830781,348036.1592830781,1191773.1245246418,293.15
270.0,208.69853399999997,0.015498244703062427,-0.0,-313245.79051686445,313245.79051686445,1142545.6995880585,293.15
274.99999999999994,208.69853399999997,0.015498244703062427,-0.0,-201514.50454864287,201514.50454864287,790982.2282262373,293.15
280.0,208.69853399999997,0.015498244703062427,-0.0,-110819.58055738933,110819.58055738933,475478.7599389297,293.15
285.0,208.69853399999997,0.015498244703062427,-0.0,-54344.52775248502,54344.52775248502,269445.06848543754,293.15
290.0,208.69853399999997,0.015498244703062427,-0.0,-25193.27549554305,25193.27549554305,160493.93786565872,293.15
294.99999999999994,208.69853399999997,0.015498244703062427,-0.0,-12236.983674480316,12236.983674480316,119710.56166955657,293.15
300.0,208.69853399999997,0.015498244703062427,-0.0,-7293.047086707255,7293.047086707255,136454.06134486338,293.15
305.0,208.69853399999997,0.015498244703062427,-0.0,-6339.716858860841,6339.716858860841,247529.95299043474,293.15
310.0,208.69853399999997,0.015498244703062427,-0.0,-7968.198300502376,7968.198300502376,564883.5827187117,293.15
314.99999999999994,208.69853399999997,0.015498244703062427,-0.0,-10928.559556551918,10928.559556551918,1156846.2547133593,293.15
320.0,208.69853399999997,0.015498244703062427,-0.0,-13955.5888595436,13955.5888595436,1912425.7106105955,293.15
325.0,208.69853399999997,0.015498244703062427,-0.0,-16587.320905982477,16587.320905982477,2706494.2510745125,293.15
330.0,208.69853399999997,0.015498244703062427,-0.0,-18804.452631173288,18804.452631173288,3479030.697359065,293.15
335.0,208.69853399999997,0.015498244703062427,-0.0,-20699.017013003242,20699.017013003242,4215447.66465697,293.15
339.99999999999994,208.69853399999997,0.015498244703062427,-0.0,-22368.449456397946,22368.449456397946,4922849.702530658,293.15
345.0,208.69853399999997,0.015498244703062427,-0.0,-23891.25822492345,23891.25822492345,5615945.640330227,293.15
350.0,208.69853399999997,0.015498244703062427,-0.0,-25322.27367734177,25322.27367734177,6308850.687514636,293.15
355.0,208.69853399999997,0.015498244703062427,-0.0,-26692.51354708142,26692.51354708142,7010093.265926217,293.15
359.99999999999994,208.69853399999997,0.015498244703062427,-0.0,-28010.816125389338,28010.816125389338,7719628.081334452,293.15
365.0,208.69853399999997,0.015498244703062427,-0.0,-29266.930597500377,29266.930597500377,8427508.634787135,293.15
370.0,208.69853399999997,0.015498244703062427,-0.0,-30436.253147273037,30436.253147273037,9114381.936049305,293.15
375.0,208.69853399999997,0.015498244703062427,-0.0,-31486.2662503276,31486.2662503276,9754099.285176592,293.15
379.99999999999994,208.69853399999997,0.015498244703062427,-0.0,-32384.211864099798,32384.211864099798,10318379.682263443,293.15
385.0,208.69853399999997,0.015498244703062427,-0.0,-33104.744205536714,33104.744205536714,10782645.058063578,293.15
390.0,208.69853399999997,0.015498244703062427,-0.0,-33635.52740932953,33635.52740932953,11131182.887497086,293.15
395.0,208.69853399999997,0.015498244703062427,-0.0,-33978.41494224729,33978.41494224729,11359286.861507282,293.15
399.99999999999994,208.69853399999997,0.015498244703062427,-0.0,-34144.595068579816,34144.595068579816,11470669.660584481,293.15
