x_um,y_um,sigma_s_m,k_w_mk
0.0,0.0,68563.19044096376,24.04992150209794
5.0,0.0,100000.0,26.587942710117105
10.0,0.0,100000.0,29.438817382671978
14.999999999999998,0.0,100000.0,32.07823520220201
20.0,0.0,100000.0,34.12966315120282
24.999999999999996,0.0,100000.0,35.60568873730706
29.999999999999996,0.0,100000.0,36.793916955786585
35.0,0.0,100000.0,37.891699457543645
40.0,0.0,100000.0,38.80463948075914
44.99999999999999,0.0,100000.0,39.29961047969071
49.99999999999999,0.0,100000.0,39.25148159268241
54.99999999999999,0.0,100000.0,38.70374898039942
59.99999999999999,0.0,100000.0,37.81262441104175
65.0,0.0,100000.0,36.83502295463285
70.0,0.0,100000.0,36.09187913885309
75.0,0.0,100000.0,35.813214170783525
80.0,0.0,100000.0,36.00310975237095
84.99999999999999,0.0,100000.0,36.473646281759414
89.99999999999999,0.0,100000.0,36.96250980694856
94.99999999999999,0.0,100000.0,37.2178902433636
99.99999999999999,0.0,100000.0,37.101276238008786
104.99999999999999,0.0,100000.0,36.70713014172669
109.99999999999999,0.0,100000.0,36.30348080144205
114.99999999999999,0.0,100000.0,36.03706940346248
119.99999999999999,0.0,100000.0,35.72330493036773
125.0,0.0,100000.0,35.013258243604604
130.0,0.0,100000.0,33.73786809440293
134.99999999999997,0.0,100000.0,32.00445948763319
140.0,0.0,77094.1978505088,30.00164898893492
145.0,0.0,40956.88224975614,27.848679208259643
150.0,0.0,18678.729735056808,25.662763585540482
154.99999999999997,0.0,7325.813737697957,23.655145758916316
160.0,0.0,2500.132254734833,22.065266317812046
165.0,0.0,781.1780354295308,21.01444652494557
169.99999999999997,0.0,273.0713313284342,20.46102201101683
174.99999999999997,0.0,181.03049931489315,20.288102208075884
179.99999999999997,0.0,313.9671607711703,20.415132967672402
185.0,0.0,879.1996943422591,20.835546805314653
189.99999999999997,0.0,2587.680154090271,21.567351461473116
194.99999999999997,0.0,6909.592461120797,22.574229763917835
199.99999999999997,0.0,16095.388474589367,23.74086496073874
205.0,0.0,32380.46106831908,24.93426218516354
209.99999999999997,0.0,56110.33403188439,26.072803497684827
214.99999999999997,0.0,83713.82385216943,27.098640005301977
219.99999999999997,0.0,100000.0,27.892462967284786
225.0,0.0,100000.0,28.297624922872476
229.99999999999997,0.0,100000.0,28.294329219143798
234.99999999999997,0.0,100000.0,28.11769973306284
239.99999999999997,0.0,90635.89295931917,28.12631847156241
245.0,0.0,77956.6174395375,28.524419651062114
250.0,0.0,67400.41437300236,29.2086615400751
254.99999999999997,0.0,55931.698118932916,29.84518621724575
260.0,0.0,42320.25347568213,30.07278380644616
265.0,0.0,28763.778095179332,29.711868005291905
269.99999999999994,0.0,19148.826557481938,28.89274227325471
274.99999999999994,0.0,16809.060660197265,28.001621304238192
280.0,0.0,23679.10776032501,27.441340131662457
285.0,0.0,40272.17199430771,27.400157614401657
290.0,0.0,65549.4764955788,27.827988952217417
294.99999999999994,0.0,97091.47706323807,28.592853563903795
300.0,0.0,100000.0,29.633074183132223
305.0,0.0,100000.0,30.98514844140893
309.99999999999994,0.0,100000.0,32.69928787419307
314.99999999999994,0.0,100000.0,34.71148544729566
320.0,0.0,100000.0,36.74915870712616
325.0,0.0,100000.0,38.357554970663344
330.0,0.0,100000.0,39.091355436758334
334.99999999999994,0.0,100000.0,38.76998364491593
339.99999999999994,0.0,100000.0,37.589520732995524
345.0,0.0,100000.0,36.000469329932244
349.99999999999994,0.0,100000.0,34.48069585250833
354.99999999999994,0.0,100000.0,33.37769034990594
359.99999999999994,0.0,100000.0,32.84890746226097
365.0,0.0,100000.0,32.82186247313127
370.0,0.0,100000.0,32.95639922965968
374.99999999999994,0.0,100000.0,32.71523340605745
379.99999999999994,0.0,100000.0,31.62457007551449
385.0,0.0,98584.74170864873,29.59062645238967
389.99999999999994,0.0,67828.59744846045,26.993585096796934
394.99999999999994,0.0,39933.28535677144,24.450665566516896
399.99999999999994,0.0,19965.976667194533,22.452911492962407
0.0,4.9690127142857135,99999.99999999999,26.40507825035247
5.0,4.9690127142857135,100000.0,30.130210998736192
10.0,4.9690127142857135,100000.0,34.15902572687206
14.999999999999998,4.9690127142857135,100000.0,37.77419838094187
20.0,4.9690127142857135,100000.0,40.543211138468244
24.999999999999996,4.9690127142857135,100000.0,42.57526958811585
29.999999999999996,4.9690127142857135,100000.0,44.296931667091044
35.0,4.9690127142857135,100000.0,45.96006620647117
40.0,4.9690127142857135,100000.0,47.413847731325355
44.99999999999999,4.9690127142857135,100000.0,48.32480626308655
49.99999999999999,4.9690127142857135,100000.0,48.49068382173635
54.99999999999999,4.9690127142857135,100000.0,47.92725218768325
59.99999999999999,4.9690127142857135,100000.0,46.83141616237043
65.0,4.9690127142857135,100000.0,45.58204327529445
70.0,4.9690127142857135,100000.0,44.654709868593415
75.0,4.9690127142857135,100000.0,44.36187889524418
80.0,4.9690127142857135,100000.0,44.65939757384249
84.99999999999999,4.9690127142857135,100000.0,45.23218514201602
89.99999999999999,4.9690127142857135,100000.0,45.7113911701441
94.99999999999999,4.9690127142857135,100000.0,45.818062428911105
99.99999999999999,4.9690127142857135,100000.0,45.47091377812926
104.99999999999999,4.9690127142857135,100000.0,44.876426369691245
109.99999999999999,4.9690127142857135,100000.0,44.40092926271885
114.99999999999999,4.9690127142857135,100000.0,44.18959953042598
119.99999999999999,4.9690127142857135,100000.0,43.93276978682477
125.0,4.9690127142857135,100000.0,43.113661788443004
130.0,4.9690127142857135,100000.0,41.45627613107489
134.99999999999997,4.9690127142857135,100000.0,39.04222296688757
140.0,4.9690127142857135,99999.99999999999,36.07204821611948
145.0,4.9690127142857135,63618.63875300621,32.70883617429532
150.0,4.9690127142857135,29371.658539476055,29.190103270972614
154.99999999999997,4.9690127142857135,11639.236458227195,25.924221023746135
160.0,4.9690127142857135,3983.703512714548,23.337661649923792
165.0,4.9690127142857135,1216.3826497027885,21.63498460101588
169.99999999999997,4.9690127142857135,388.9434422877117,20.74490962592918
174.99999999999997,4.9690127142857135,244.92588457157032,20.477299631449878
179.99999999999997,4.9690127142857135,493.30879523698746,20.708526601924767
185.0,4.9690127142857135,1510.111201473509,21.440660357552463
189.99999999999997,4.9690127142857135,4508.618231216182,22.714223325180555
194.99999999999997,4.9690127142857135,11881.887001686537,24.46636187115681
199.99999999999997,4.9690127142857135,27053.786143987432,26.474512864703396
205.0,4.9690127142857135,52994.543239096405,28.45253675692819
209.99999999999997,4.9690127142857135,89295.7155997119,30.191049705255484
214.99999999999997,4.9690127142857135,99999.99999999994,31.570976121709382
219.99999999999997,4.9690127142857135,100000.0,32.471904447872355
225.0,4.9690127142857135,100000.0,32.78754611971654
229.99999999999997,4.9690127142857135,100000.0,32.60941258166146
234.99999999999997,4.9690127142857135,100000.0,32.32873293017675
239.99999999999997,4.9690127142857135,99999.99999999999,32.438005516734634
245.0,4.9690127142857135,99999.99999999999,33.18543033227063
250.0,4.9690127142857135,85567.64591556783,34.40364714377736
254.99999999999997,4.9690127142857135,70043.39516047221,35.605005887112036
260.0,4.9690127142857135,52743.31136581764,36.22731991525558
265.0,4.9690127142857135,36124.63950120729,35.940620423077576
269.99999999999994,4.9690127142857135,25156.77392352615,34.897405946195825
274.99999999999994,4.9690127142857135,24570.48519859866,33.69291961828644
280.0,4.9690127142857135,37664.257499414714,32.97698021948275
285.0,4.9690127142857135,65888.11806503263,33.05226516228195
290.0,4.9690127142857135,99999.99999999999,33.826484545251375
294.99999999999994,4.9690127142857135,99999.99999999999,35.077142200474206
300.0,4.9690127142857135,100000.0,36.69975135702663
305.0,4.9690127142857135,100000.0,38.7329614021304
309.99999999999994,4.9690127142857135,99999.99999999999,41.21161833776604
314.99999999999994,4.9690127142857135,100000.0,44.002686395605004
320.0,4.9690127142857135,100000.0,46.73462100228194
325.0,4.9690127142857135,100000.0,48.86668968605044
330.0,4.9690127142857135,100000.0,49.8944965586851
334.99999999999994,4.9690127142857135,99999.99999999999,49.5978301398366
339.99999999999994,4.9690127142857135,100000.0,48.162789240246106
345.0,4.9690127142857135,100000.0,46.089274891456
349.99999999999994,4.9690127142857135,99999.99999999999,43.96775443827414
354.99999999999994,4.9690127142857135,99999.99999999999,42.272411780350026
359.99999999999994,4.9690127142857135,100000.0,41.23642239250006
365.0,4.9690127142857135,100000.0,40.783042768621584
370.0,4.9690127142857135,100000.0,40.49615133834489
374.99999999999994,4.9690127142857135,99999.99999999999,39.713226856481704
379.99999999999994,4.9690127142857135,100000.0,37.832143820648305
385.0,4.9690127142857135,100000.0,34.70877834882947
389.99999999999994,4.9690127142857135,86961.67876420819,30.816588572495974
394.99999999999994,4.9690127142857135,50958.80560014494,26.98470602311754
399.99999999999994,4.9690127142857135,25406.7019007073,23.920726184353146
0.0,9.938025428571427,100000.0,28.952546357954052
5.0,9.938025428571427,100000.0,33.79201085384907
10.0,9.938025428571427,100000.0,38.8104955825694
14.999999999999998,9.938025428571427,100000.0,43.14102641975369
20.0,9.938025428571427,100000.0,46.37528161518196
24.999999999999996,9.938025428571427,100000.0,48.76906735580991
29.999999999999996,9.938025428571427,100000.0,50.88078560359569
35.0,9.938025428571427,100000.0,52.99727336301879
40.0,9.938025428571427,100000.0,54.92951401637722
44.99999999999999,9.938025428571427,100000.0,56.2882102250609
49.99999999999999,9.938025428571427,100000.0,56.816836294959124
54.99999999999999,9.938025428571427,100000.0,56.48389852956789
59.99999999999999,9.938025428571427,100000.0,55.47686445300449
65.0,9.938025428571427,100000.0,54.22761866538858
70.0,9.938025428571427,100000.0,53.29079934132609
75.0,9.938025428571427,100000.0,53.00877990267849
80.0,9.938025428571427,100000.0,53.28921678384655
84.99999999999999,9.938025428571427,100000.0,53.74354641256465
89.99999999999999,9.938025428571427,100000.0,53.98285275270872
94.99999999999999,9.938025428571427,100000.0,53.793595707289136
99.99999999999999,9.938025428571427,100000.0,53.21142652285151
104.99999999999999,9.938025428571427,100000.0,52.5411606672119
109.99999999999999,9.938025428571427,100000.0,52.16851637966714
114.99999999999999,9.938025428571427,100000.0,52.16460500533925
119.99999999999999,9.938025428571427,100000.0,52.08880015264098
125.0,9.938025428571427,100000.0,51.291293420781734
130.0,9.938025428571427,100000.0,49.3905297678813
134.99999999999997,9.938025428571427,100000.00000000001,46.39004050662163
140.0,9.938025428571427,100000.0,42.45322756136294
145.0,9.938025428571427,85712.77376477284,37.79677724686557
150.0,9.938025428571427,40014.84777910775,32.83615458807487
154.99999999999997,9.938025428571427,16015.881821979794,28.22986418575061
160.0,9.938025428571427,5515.264306200498,24.607618509375836
165.0,9.938025428571427,1672.8399808526233,22.244891089878465
169.99999999999997,9.938025428571427,514.0176173601095,21.023812893455563
174.99999999999997,9.938025428571427,322.94730026611796,20.674059139683088
179.99999999999997,9.938025428571427,723.1642368275391,21.034494434358958
185.0,9.938025428571427,2308.412492856399,22.130959694778415
189.99999999999997,9.938025428571427,6889.005259058211,24.04443275743722
194.99999999999997,9.938025428571427,17881.023547887515,26.69233299806942
199.99999999999997,9.938025428571427,39840.68004693751,29.721872526528966
205.0,9.938025428571427,76082.6119127678,32.63322719792657
209.99999999999997,9.938025428571427,100000.0,35.01370273589288
214.99999999999997,9.938025428571427,100000.00000000001,36.64362187622155
219.99999999999997,9.938025428571427,100000.0,37.440217739704394
225.0,9.938025428571427,100000.0,37.44958167291714
229.99999999999997,9.938025428571427,100000.0,36.96688213268175
234.99999999999997,9.938025428571427,100000.00000000001,36.55463372625916
239.99999999999997,9.938025428571427,100000.0,36.78199556905503
245.0,9.938025428571427,100000.0,37.88023287258167
250.0,9.938025428571427,92053.91561941968,39.61103852707794
254.99999999999997,9.938025428571427,74105.98405129701,41.372741861491335
260.0,9.938025428571427,55493.864615280436,42.44047054986883
265.0,9.938025428571427,38412.048385747374,42.34146258388249
269.99999999999994,9.938025428571427,28281.15361309528,41.23764477608646
274.99999999999994,9.938025428571427,30904.521094712298,39.92006694761781
280.0,9.938025428571427,51049.441289281924,39.272616432870436
285.0,9.938025428571427,91528.70819308993,39.68894673908078
290.0,9.938025428571427,100000.0,41.001518694093114
294.99999999999994,9.938025428571427,100000.0,42.871522771697784
300.0,9.938025428571427,100000.0,45.14580501734878
305.0,9.938025428571427,100000.0,47.86884174818904
309.99999999999994,9.938025428571427,100000.0,51.051301994567986
314.99999999999994,9.938025428571427,100000.0,54.47389866327017
320.0,9.938025428571427,100000.0,57.68265038202761
325.0,9.938025428571427,100000.0,60.130383451435776
330.0,9.938025428571427,100000.0,61.35479272127185
334.99999999999994,9.938025428571427,100000.0,61.13565391463311
339.99999999999994,9.938025428571427,100000.0,59.596862391886816
345.0,9.938025428571427,100000.0,57.19721792975437
349.99999999999994,9.938025428571427,100000.0,54.572895065718356
354.99999999999994,9.938025428571427,100000.0,52.28533521944705
359.99999999999994,9.938025428571427,100000.0,50.61116182200283
365.0,9.938025428571427,100000.0,49.46319914421656
370.0,9.938025428571427,100000.0,48.411228782302445
374.99999999999994,9.938025428571427,100000.0,46.788229913631284
379.99999999999994,9.938025428571427,100000.0,43.9645259214793
385.0,9.938025428571427,100000.0,39.75293351911909
389.99999999999994,9.938025428571427,94162.54390309833,34.64262848733766
394.99999999999994,9.938025428571427,54869.542294821134,29.587207360549833
399.99999999999994,9.938025428571427,27274.504447124404,25.4736093378241
0.0,14.90703814285714,100000.0,31.166589889794402
5.0,14.90703814285714,100000.0,36.837823125915435
10.0,14.90703814285714,100000.0,42.479047603004595
14.999999999999998,14.90703814285714,100000.0,47.12295866398968
20.0,14.90703814285714,100000.0,50.42433057161249
24.999999999999996,14.90703814285714,100000.0,52.781000302932895
29.999999999999996,14.90703814285714,100000.0,54.860457523389705
35.0,14.90703814285714,100000.0,57.00789284014601
40.0,14.90703814285714,100000.0,59.09029273831861
44.99999999999999,14.90703814285714,100000.0,60.778148716401496
49.99999999999999,14.90703814285714,100000.0,61.825521058496136
54.99999999999999,14.90703814285714,100000.0,62.12838016483185
59.99999999999999,14.90703814285714,100000.0,61.74378623647091
65.0,14.90703814285714,100000.0,60.964018750463225
70.0,14.90703814285714,100000.0,60.23376868981212
75.0,14.90703814285714,100000.0,59.84603406976653
80.0,14.90703814285714,100000.0,59.74089857247179
84.99999999999999,14.90703814285714,100000.0,59.642090917384195
89.99999999999999,14.90703814285714,100000.0,59.32833624115353
94.99999999999999,14.90703814285714,100000.0,58.766194759555255
99.99999999999999,14.90703814285714,100000.0,58.115149478184144
104.99999999999999,14.90703814285714,100000.0,57.67636780898638
109.99999999999999,14.90703814285714,100000.0,57.70270453113694
114.99999999999999,14.90703814285714,100000.0,58.097664686381805
119.99999999999999,14.90703814285714,100000.0,58.31712493510438
125.0,14.90703814285714,100000.0,57.666856388676756
130.0,14.90703814285714,100000.0,55.698524922719585
134.99999999999997,14.90703814285714,100000.00000000001,52.301219149276726
140.0,14.90703814285714,100000.0,47.5647275041163
145.0,14.90703814285714,100000.0,41.78012662274753
150.0,14.90703814285714,47340.52456975252,35.584642970805234
154.99999999999997,14.90703814285714,19100.754652556974,29.888850735303144
160.0,14.90703814285714,6616.568138839981,25.47754993091919
165.0,14.90703814285714,2006.9626990641757,22.644454831670384
169.99999999999997,14.90703814285714,609.6130446143736,21.204929574943623
174.99999999999997,14.90703814285714,395.3681402138949,20.81867147050767
179.99999999999997,14.90703814285714,951.7081973281037,21.306886492272945
185.0,14.90703814285714,3094.180494496759,22.737687865999973
189.99999999999997,14.90703814285714,9186.57741947048,25.253010357562346
194.99999999999997,14.90703814285714,23519.246522808466,28.774284362930906
199.99999999999997,14.90703814285714,51436.69066975138,32.82950762941415
205.0,14.90703814285714,96045.87197061798,36.681012710944636
209.99999999999997,14.90703814285714,100000.0,39.65937939934207
214.99999999999997,14.90703814285714,100000.00000000001,41.41023736111623
219.99999999999997,14.90703814285714,100000.0,41.91996122348306
225.0,14.90703814285714,100000.0,41.46415191609661
229.99999999999997,14.90703814285714,100000.0,40.58478734596193
234.99999999999997,14.90703814285714,100000.00000000001,39.972463215374084
239.99999999999997,14.90703814285714,100000.0,40.18100591968478
245.0,14.90703814285714,100000.0,41.37105037066
250.0,14.90703814285714,84166.4377397396,43.268053053755864
254.99999999999997,14.90703814285714,66324.54472499821,45.26111767058651
260.0,14.90703814285714,49325.73033181256,46.5813532752216
265.0,14.90703814285714,34625.388661716344,46.68729080365481
269.99999999999994,14.90703814285714,27273.568279351883,45.74374661737866
274.99999999999994,14.90703814285714,33439.43773244757,44.66009911759198
280.0,14.90703814285714,59013.63074454008,44.45731532417163
285.0,14.90703814285714,100000.0,45.55025732179002
290.0,14.90703814285714,100000.0,47.65877682765574
294.99999999999994,14.90703814285714,100000.0,50.304776388867154
300.0,14.90703814285714,100000.0,53.271995107982754
305.0,14.90703814285714,100000.0,56.60952747043769
309.99999999999994,14.90703814285714,100000.0,60.31193114698172
314.99999999999994,14.90703814285714,100000.0,64.08760322771647
320.0,14.90703814285714,100000.0,67.43683467879903
325.0,14.90703814285714,100000.0,69.88231951773362
330.0,14.90703814285714,100000.0,71.0945684651693
334.99999999999994,14.90703814285714,100000.0,70.90184201984466
339.99999999999994,14.90703814285714,100000.0,69.34654432118943
345.0,14.90703814285714,100000.0,66.78709900885805
349.99999999999994,14.90703814285714,100000.0,63.83789121565174
354.99999999999994,14.90703814285714,100000.0,61.073362671055044
359.99999999999994,14.90703814285714,100000.0,58.73961064613386
365.0,14.90703814285714,100000.0,56.714438597314334
370.0,14.90703814285714,100000.0,54.63065315813919
374.99999999999994,14.90703814285714,100000.0,51.976827963751106
379.99999999999994,14.90703814285714,100000.0,48.239590233381065
385.0,14.90703814285714,100000.0,43.217564036826275
389.99999999999994,14.90703814285714,86158.58506795151,37.31831626019811
394.99999999999994,14.90703814285714,49862.30315836872,31.47397050555375
399.99999999999994,14.90703814285714,24701.30177425842,26.64612574744497
0.0,19.876050857142854,100000.0,32.63603722312327
5.0,19.876050857142854,100000.0,38.78864198282021
10.0,19.876050857142854,100000.0,44.70090711550988
14.999999999999998,19.876050857142854,100000.0,49.31550882240296
20.0,19.876050857142854,100000.0,52.2971286638312
24.999999999999996,19.876050857142854,100000.0,54.109657639985976
29.999999999999996,19.876050857142854,100000.0,55.51632126294801
35.0,19.876050857142854,100000.0,57.01932683538058
40.0,19.876050857142854,100000.0,58.716214067934175
44.99999999999999,19.876050857142854,100000.0,60.50269876273894
49.99999999999999,19.876050857142854,100000.0,62.228445467437396
54.99999999999999,19.876050857142854,100000.0,63.67678578784787
59.99999999999999,19.876050857142854,100000.0,64.5858924591837
65.0,19.876050857142854,100000.0,64.81197031796148
70.0,19.876050857142854,100000.0,64.42707466457615
75.0,19.876050857142854,100000.0,63.61285528674485
80.0,19.876050857142854,100000.0,62.5234380350403
84.99999999999999,19.876050857142854,100000.0,61.29477494551259
89.99999999999999,19.876050857142854,100000.0,60.114676616759596
94.99999999999999,19.876050857142854,100000.0,59.21422253529947
99.99999999999999,19.876050857142854,100000.0,58.804585238996395
104.99999999999999,19.876050857142854,100000.0,59.01320441763482
109.99999999999999,19.876050857142854,100000.0,59.78510422551276
114.99999999999999,19.876050857142854,100000.0,60.77424412855122
119.99999999999999,19.876050857142854,100000.0,61.37767689769121
125.0,19.876050857142854,100000.0,60.95964954389511
130.0,19.876050857142854,100000.0,59.06811247997127
134.99999999999997,19.876050857142854,100000.0,55.481332658233626
140.0,19.876050857142854,100000.0,50.21652980677232
145.0,19.876050857142854,100000.0,43.66720239516763
150.0,19.876050857142854,49012.6625915077,36.70199820228626
154.99999999999997,19.876050857142854,19870.62479745362,30.426903240454443
160.0,19.876050857142854,6909.137616986186,25.682403920247925
165.0,19.876050857142854,2100.37824385665,22.705623917020585
169.99999999999997,19.876050857142854,641.6269306154951,21.230195538232493
174.99999999999997,19.876050857142854,439.3571489365727,20.87101273088785
179.99999999999997,19.876050857142854,1111.5752734880143,21.459640233290493
185.0,19.876050857142854,3638.875212681235,23.12205075997779
189.99999999999997,19.876050857142854,10740.3464931319,26.07654254997032
194.99999999999997,19.876050857142854,27194.84225436106,30.27999573256955
199.99999999999997,19.876050857142854,58597.401325946455,35.18251759728733
205.0,19.876050857142854,99999.99999999999,39.83377819390811
209.99999999999997,19.876050857142854,100000.0,43.30554931675738
214.99999999999997,19.876050857142854,100000.0,45.10245997943177
219.99999999999997,19.876050857142854,100000.0,45.290142070524325
225.0,19.876050857142854,100000.0,44.37349424413894
229.99999999999997,19.876050857142854,100000.0,43.083858501815484
234.99999999999997,19.876050857142854,100000.0,42.1336143855493
239.99999999999997,19.876050857142854,100000.0,41.98074839408382
245.0,19.876050857142854,87452.00721984223,42.724090983060705
250.0,19.876050857142854,65789.24127845079,44.14800754528798
254.99999999999997,19.876050857142854,50351.841781151445,45.77453311183808
260.0,19.876050857142854,37091.30266954685,46.94114005976572
265.0,19.876050857142854,26514.928748377657,47.14198671396548
269.99999999999994,19.876050857142854,22636.72475334321,46.5389822210311
274.99999999999994,19.876050857142854,31164.163293856407,46.04162005766399
280.0,19.876050857142854,58400.28843366307,46.66540279896668
285.0,19.876050857142854,100000.0,48.7682842172969
290.0,19.876050857142854,100000.0,51.941542566068215
294.99999999999994,19.876050857142854,100000.0,55.55318190931057
300.0,19.876050857142854,100000.0,59.28524612467052
305.0,19.876050857142854,100000.0,63.16127114948923
309.99999999999994,19.876050857142854,99999.99999999999,67.17233549637116
314.99999999999994,19.876050857142854,100000.0,71.00387820181906
320.0,19.876050857142854,100000.0,74.16571913309349
325.0,19.876050857142854,100000.0,76.29293045766174
330.0,19.876050857142854,100000.0,77.22280519894177
334.99999999999994,19.876050857142854,99999.99999999999,76.86748646556
339.99999999999994,19.876050857142854,100000.0,75.22172293935428
345.0,19.876050857142854,100000.0,72.55499493718226
349.99999999999994,19.876050857142854,99999.99999999999,69.42423041740709
354.99999999999994,19.876050857142854,99999.99999999999,66.33444006957167
359.99999999999994,19.876050857142854,100000.0,63.4142467659711
365.0,19.876050857142854,100000.0,60.47728134439552
370.0,19.876050857142854,100000.0,57.283339359231334
374.99999999999994,19.876050857142854,99999.99999999999,53.61013325178212
379.99999999999994,19.876050857142854,100000.0,49.18954945808252
385.0,19.876050857142854,100000.0,43.84972581543041
389.99999999999994,19.876050857142854,66673.32924733977,37.84198354629738
394.99999999999994,19.876050857142854,38261.66718710834,31.92391045321015
399.99999999999994,19.876050857142854,18880.855148978313,26.984731009393634
0.0,24.845063571428565,100000.0,33.31164153640311
5.0,24.845063571428565,100000.0,39.685609885697986
10.0,24.845063571428565,100000.0,45.67718949151129
14.999999999999998,24.845063571428565,100000.0,50.10306388218935
20.0,24.845063571428565,100000.0,52.52043816754635
24.999999999999996,24.845063571428565,100000.0,53.35488622530811
29.999999999999996,24.845063571428565,100000.0,53.4773558620739
35.0,24.845063571428565,100000.0,53.68444389662272
40.0,24.845063571428565,100000.0,54.484568239995745
44.99999999999999,24.845063571428565,100000.0,56.139626241176664
49.99999999999999,24.845063571428565,100000.0,58.6592198877303
54.99999999999999,24.845063571428565,100000.0,61.670899070365444
59.99999999999999,24.845063571428565,100000.0,64.40995007571286
65.0,24.845063571428565,100000.0,66.01255093267044
70.0,24.845063571428565,100000.0,65.95080397588026
75.0,24.845063571428565,100000.0,64.2882140428679
80.0,24.845063571428565,100000.0,61.61749325897308
84.99999999999999,24.845063571428565,100000.0,58.783360313446146
89.99999999999999,24.845063571428565,100000.0,56.566837276702216
94.99999999999999,24.845063571428565,100000.0,55.463786411080484
99.99999999999999,24.845063571428565,100000.0,55.60632192134653
104.99999999999999,24.845063571428565,100000.0,56.78844361042826
109.99999999999999,24.845063571428565,100000.0,58.539545360128834
114.99999999999999,24.845063571428565,100000.0,60.23890557314758
119.99999999999999,24.845063571428565,100000.0,61.26528650497191
125.0,24.845063571428565,100000.0,61.10543370596108
130.0,24.845063571428565,100000.0,59.358792398200904
134.99999999999997,24.845063571428565,100000.0,55.73721369195045
140.0,24.845063571428565,100000.0,50.226778371457286
145.0,24.845063571428565,95277.76209380348,43.34419752400913
150.0,24.845063571428565,45171.43736667113,36.154138332633934
154.99999999999997,24.845063571428565,18314.840013050347,29.862481782695028
160.0,24.845063571428565,6367.331712709549,25.258216535081353
165.0,24.845063571428565,1939.3746807874613,22.461018192569462
169.99999999999997,24.845063571428565,603.446228791267,21.12348605933327
174.99999999999997,24.845063571428565,444.1303554309939,20.848189960332327
179.99999999999997,24.845063571428565,1164.2932898423041,21.503928608793604
185.0,24.845063571428565,3816.1536894127785,23.282181452306396
189.99999999999997,24.845063571428565,11207.274278756777,26.479710355189788
194.99999999999997,24.845063571428565,28151.486016654886,31.10815384181588
199.99999999999997,24.845063571428565,60001.05951858777,36.58514723565692
205.0,24.845063571428565,100000.0,41.80735677011232
209.99999999999997,24.845063571428565,100000.0,45.64277343498513
214.99999999999997,24.845063571428565,100000.0,47.48892692800185
219.99999999999997,24.845063571428565,100000.0,47.47920372414491
225.0,24.845063571428565,100000.0,46.262868021424715
229.99999999999997,24.845063571428565,100000.0,44.61420146109067
234.99999999999997,24.845063571428565,100000.0,43.13815576899432
239.99999999999997,24.845063571428565,94869.24458439916,42.17251184501727
245.0,24.845063571428565,63450.678625145265,41.84242680135783
250.0,24.845063571428565,44549.09773125531,42.12261416140166
254.99999999999997,24.845063571428565,32634.12603019535,42.78746565787604
260.0,24.845063571428565,23671.371215359493,43.38317912086937
265.0,24.845063571428565,17309.540130286776,43.508160356802655
269.99999999999994,24.845063571428565,16247.872778590052,43.30357107055413
274.99999999999994,24.845063571428565,25119.12676303964,43.568035400046234
280.0,24.845063571428565,49875.96715341782,45.19502407715926
285.0,24.845063571428565,96976.3388091675,48.45261852180611
290.0,24.845063571428565,100000.0,52.83700043617071
294.99999999999994,24.845063571428565,100000.0,57.57134731178965
300.0,24.845063571428565,100000.0,62.176745515605454
305.0,24.845063571428565,100000.0,66.57581741168768
309.99999999999994,24.845063571428565,100000.0,70.74429906096015
314.99999999999994,24.845063571428565,100000.0,74.40765358086762
320.0,24.845063571428565,100000.0,77.15378372792334
325.0,24.845063571428565,100000.0,78.7397241498212
330.0,24.845063571428565,100000.0,79.1401343193244
334.99999999999994,24.845063571428565,100000.0,78.35719757126728
339.99999999999994,24.845063571428565,100000.0,76.40641918910248
345.0,24.845063571428565,100000.0,73.54036868773379
349.99999999999994,24.845063571428565,100000.0,70.26610334648481
354.99999999999994,24.845063571428565,100000.0,66.96625274186782
359.99999999999994,24.845063571428565,100000.0,63.59700517437134
365.0,24.845063571428565,100000.0,59.890933988296844
370.0,24.845063571428565,100000.0,55.75392121538858
374.99999999999994,24.845063571428565,100000.0,51.295745192675774
379.99999999999994,24.845063571428565,96966.29540930127,46.55168150718614
385.0,24.845063571428565,67990.6317548703,41.42402976313232
389.99999999999994,24.845063571428565,43692.37633051812,35.99005218397639
394.99999999999994,24.845063571428565,24815.013316557543,30.733076732201486
399.99999999999994,24.845063571428565,12193.551310835552,26.334792687813312
0.0,29.81407628571428,100000.0,33.4735072826049
5.0,29.81407628571428,100000.0,39.950745625924
10.0,29.81407628571428,100000.0,45.97848622790478
14.999999999999998,29.81407628571428,100000.0,50.211008289690724
20.0,29.81407628571428,100000.0,52.01328109001652
24.999999999999996,29.81407628571428,100000.0,51.715277439524314
29.999999999999996,29.81407628571428,100000.0,50.318106430614506
35.0,29.81407628571428,95776.55601321183,48.9847527366039
40.0,29.81407628571428,78298.18291963,48.6901503354531
44.99999999999999,29.81407628571428,75810.1794228264,50.08309945228268
49.99999999999999,29.81407628571428,81527.40604661177,53.343687531100116
54.99999999999999,29.81407628571428,89438.97886793142,57.94145845103239
59.99999999999999,29.81407628571428,94897.07215099319,62.55648683335433
65.0,29.81407628571428,95589.13272230711,65.50657440663831
70.0,29.81407628571428,91942.13237801015,65.59940014385923
75.0,29.81407628571428,85903.88660339978,62.82806585929726
80.0,29.81407628571428,79576.61670375027,58.365353341963726
84.99999999999999,29.81407628571428,75408.63743663437,53.891325163206766
89.99999999999999,29.81407628571428,77193.20753047493,50.790975519943366
94.99999999999999,29.81407628571428,90228.52648589261,49.71287653479881
99.99999999999999,29.81407628571428,100000.0,50.5647138232119
104.99999999999999,29.81407628571428,100000.0,52.736074668946735
109.99999999999999,29.81407628571428,100000.0,55.37578746835291
114.99999999999999,29.81407628571428,100000.0,57.66706606177879
119.99999999999999,29.81407628571428,100000.0,59.01665786884501
125.0,29.81407628571428,100000.0,59.04185341374118
130.0,29.81407628571428,100000.0,57.413539080792845
134.99999999999997,29.81407628571428,100000.0,53.83349714864062
140.0,29.81407628571428,100000.0,48.31029160957276
145.0,29.81407628571428,80902.0905932854,41.47812935767624
150.0,29.81407628571428,38164.564631770554,34.52184668180446
154.99999999999997,29.81407628571428,15379.048896297087,28.644767978896606
160.0,29.81407628571428,5316.448043652361,24.51030465252565
165.0,29.81407628571428,1619.3868373441915,22.09959879144211
169.99999999999997,29.81407628571428,519.6571358632191,21.00407736243515
174.99999999999997,29.81407628571428,419.11124343545504,20.846425504437125
179.99999999999997,29.81407628571428,1130.1742976771643,21.553888897871726
185.0,29.81407628571428,3699.965825449327,23.383599275303972
189.99999999999997,29.81407628571428,10829.619663079717,26.695919128183743
194.99999999999997,29.81407628571428,27074.257964212364,31.54744147111553
199.99999999999997,29.81407628571428,57314.5738604862,37.34402084719573
205.0,29.81407628571428,100000.0,42.894031561087985
209.99999999999997,29.81407628571428,100000.0,46.95277626427874
214.99999999999997,29.81407628571428,100000.0,48.87483860044769
219.99999999999997,29.81407628571428,100000.0,48.83786872440644
225.0,29.81407628571428,100000.0,47.51121255411562
229.99999999999997,29.81407628571428,100000.0,45.55457180834007
234.99999999999997,29.81407628571428,100000.0,43.38215206084126
239.99999999999997,29.81407628571428,70323.44184197298,41.255314899707926
245.0,29.81407628571428,42635.34695411394,39.445155376907486
250.0,29.81407628571428,27002.83667194495,38.216004415556675
254.99999999999997,29.81407628571428,18370.950046722915,37.63225843884862
260.0,29.81407628571428,12927.529831271437,37.45358596832839
265.0,29.81407628571428,9699.964453916387,37.378744893496176
269.99999999999994,29.81407628571428,10170.171888102048,37.49744479842136
274.99999999999994,29.81407628571428,17685.349372432564,38.43498129555627
280.0,29.81407628571428,37342.12037015748,40.921411708245905
285.0,29.81407628571428,75828.45035754518,45.16942226272497
290.0,29.81407628571428,100000.0,50.665697771993585
294.99999999999994,29.81407628571428,100000.0,56.53373583547304
300.0,29.81407628571428,100000.0,62.079605695138426
305.0,29.81407628571428,100000.0,67.01733072134715
309.99999999999994,29.81407628571428,99999.99999999999,71.25226929694614
314.99999999999994,29.81407628571428,100000.0,74.59394148343166
320.0,29.81407628571428,100000.0,76.7820621020725
325.0,29.81407628571428,100000.0,77.70442445949702
330.0,29.81407628571428,100000.0,77.42229053427073
334.99999999999994,29.81407628571428,99999.99999999999,76.00904518123296
339.99999999999994,29.81407628571428,100000.0,73.55962893584625
345.0,29.81407628571428,100000.0,70.38978094669241
349.99999999999994,29.81407628571428,99999.99999999999,66.99132270128591
354.99999999999994,29.81407628571428,99999.99999999999,63.61991506555111
359.99999999999994,29.81407628571428,100000.0,60.05198373236884
365.0,29.81407628571428,100000.0,55.922459736453476
370.0,29.81407628571428,100000.0,51.23138464412622
374.99999999999994,29.81407628571428,84406.08881075711,46.35606708591199
379.99999999999994,29.81407628571428,57766.10845397973,41.61802497598466
385.0,29.81407628571428,38784.91899128588,37.0397936319331
389.99999999999994,29.81407628571428,24301.79698577869,32.57529273714661
394.99999999999994,29.81407628571428,13628.551113464428,28.42294876255561
399.99999999999994,29.81407628571428,6671.15539576519,24.9860562334734
0.0,34.78308899999999,100000.0,33.43623568559589
5.0,34.78308899999999,100000.0,39.96175596319972
10.0,34.78308899999999,100000.0,46.00708204840768
14.999999999999998,34.78308899999999,100000.0,50.09064978465406
20.0,34.78308899999999,100000.0,51.419902176312824
24.999999999999996,34.78308899999999,100000.0,50.264487266428
29.999999999999996,34.78308899999999,100000.0,47.749249187223995
35.0,34.78308899999999,62704.25148941411,45.3072188791549
40.0,34.78308899999999,43325.18083214174,44.20608867863489
44.99999999999999,34.78308899999999,37599.388730182975,45.32181200609652
49.99999999999999,34.78308899999999,39118.83466695831,48.95853037955061
54.99999999999999,34.78308899999999,43000.44221179668,54.52199307805202
59.99999999999999,34.78308899999999,46031.5079538357,60.325834657247704
65.0,34.78308899999999,46703.40544141541,64.08145019781773
70.0,34.78308899999999,45093.817674634774,64.09857068495887
75.0,34.78308899999999,42139.56699411362,60.36679086520828
80.0,34.78308899999999,38979.51742793286,54.58772798531349
84.99999999999999,34.78308899999999,37190.26420153761,49.12769761895341
89.99999999999999,34.78308899999999,39559.90875861291,45.76469952006338
94.99999999999999,34.78308899999999,50478.41970066445,45.07883042338904
99.99999999999999,34.78308899999999,75273.030687007,46.61211788372453
104.99999999999999,34.78308899999999,100000.0,49.37958948349803
109.99999999999999,34.78308899999999,100000.0,52.34010697855539
114.99999999999999,34.78308899999999,100000.0,54.695266133580375
119.99999999999999,34.78308899999999,100000.0,55.98329413458564
125.0,34.78308899999999,100000.0,55.945518604869164
130.0,34.78308899999999,100000.0,54.30781324555541
134.99999999999997,34.78308899999999,100000.0,50.78809861827691
140.0,34.78308899999999,100000.0,45.437546834298765
145.0,34.78308899999999,65667.05841695186,38.961276209339964
150.0,34.78308899999999,30648.43760497751,32.56582816947231
154.99999999999997,34.78308899999999,12198.64978138513,27.367302298360038
160.0,34.78308899999999,4169.294081663153,23.872271048098227
165.0,34.78308899999999,1268.0598166825162,21.935019513498094
169.99999999999997,34.78308899999999,426.6457161247271,21.113681818952024
174.99999999999997,34.78308899999999,387.3938801948004,21.079932564850345
179.99999999999997,34.78308899999999,1074.406264721165,21.840710698225443
185.0,34.78308899999999,3510.1763827549516,23.71981891599704
189.99999999999997,34.78308899999999,10251.876072224892,27.113850061628064
194.99999999999997,34.78308899999999,25574.195867050825,32.083670519914676
199.99999999999997,34.78308899999999,53969.25109660625,38.010217630168924
205.0,34.78308899999999,96132.14755467307,43.66359424671774
209.99999999999997,34.78308899999999,100000.0,47.78351306492027
214.99999999999997,34.78308899999999,100000.0,49.75126009357496
219.99999999999997,34.78308899999999,100000.0,49.762931757380926
225.0,34.78308899999999,100000.0,48.40382852662355
229.99999999999997,34.78308899999999,100000.0,46.13245823594251
234.99999999999997,34.78308899999999,92071.69280856627,43.18066489803671
239.99999999999997,34.78308899999999,53810.78234106079,39.81874967928431
245.0,34.78308899999999,29090.615919179087,36.540448061588926
250.0,34.78308899999999,15863.665455662727,33.90396693154733
254.99999999999997,34.78308899999999,9438.394171947166,32.202444184515414
260.0,34.78308899999999,6192.711975600551,31.332177643525075
265.0,34.78308899999999,4742.3587123029965,31.038299260796144
269.99999999999994,34.78308899999999,5647.196568405267,31.333973568605703
274.99999999999994,34.78308899999999,11110.73704596781,32.66957521660952
280.0,34.78308899999999,25227.50573749551,35.64146054194946
285.0,34.78308899999999,54427.42221448911,40.48093185948076
290.0,34.78308899999999,100000.0,46.76660199268599
294.99999999999994,34.78308899999999,100000.0,53.589698029025776
300.0,34.78308899999999,100000.0,60.01556863354292
305.0,34.78308899999999,100000.0,65.44790398670725
309.99999999999994,34.78308899999999,100000.0,69.63895431547208
314.99999999999994,34.78308899999999,100000.0,72.4921688946654
320.0,34.78308899999999,100000.0,73.97055302720266
325.0,34.78308899999999,100000.0,74.13856481968497
330.0,34.78308899999999,100000.0,73.13458532390348
334.99999999999994,34.78308899999999,100000.0,71.08566520752098
339.99999999999994,34.78308899999999,100000.0,68.1807720321703
345.0,34.78308899999999,100000.0,64.83181446755245
349.99999999999994,34.78308899999999,100000.0,61.54337535456165
354.99999999999994,34.78308899999999,100000.0,58.46464678088015
359.99999999999994,34.78308899999999,100000.0,55.18869093295643
365.0,34.78308899999999,100000.0,51.18546064885746
370.0,34.78308899999999,77176.8418607433,46.418442879661086
374.99999999999994,34.78308899999999,47410.913438994205,41.41347071455077
379.99999999999994,34.78308899999999,29949.442466576616,36.75502051490334
385.0,34.78308899999999,19004.444995814694,32.66511760120472
389.99999999999994,34.78308899999999,11524.013875492006,29.085456011650333
394.99999999999994,34.78308899999999,6366.920314043834,25.998142129896717
399.99999999999994,34.78308899999999,3114.613974615463,23.534246431693003
0.0,39.75210171428571,100000.0,33.322381328317825
5.0,39.75210171428571,100000.0,39.800595520556776
10.0,39.75210171428571,100000.0,45.77050321834602
14.999999999999998,39.75210171428571,100000.0,49.730172195668395
20.0,39.75210171428571,100000.0,50.89486780483075
24.999999999999996,39.75210171428571,100000.0,49.58967949448897
29.999999999999996,39.75210171428571,85358.77158844998,47.001066671296584
35.0,39.75210171428571,45960.76217695532,44.54414531686673
40.0,39.75210171428571,25446.209908475572,43.37054058895259
44.99999999999999,39.75210171428571,17769.77058152014,44.25779550671771
49.99999999999999,39.75210171428571,16783.955058198775,47.55848682553928
54.99999999999999,39.75210171428571,18330.342497067937,52.831811893165764
59.99999999999999,39.75210171428571,20051.109051853822,58.4623568804542
65.0,39.75210171428571,20834.57574831433,62.054567910809055
70.0,39.75210171428571,20440.805937091598,61.77322802985337
75.0,39.75210171428571,19150.577236365385,57.6539626813667
80.0,39.75210171428571,17558.619449789207,51.68396407966563
84.99999999999999,39.75210171428571,16757.738278618202,46.531997967540605
89.99999999999999,39.75210171428571,18822.450825811637,43.98958357507073
94.99999999999999,39.75210171428571,27232.49990503089,44.26511060682496
99.99999999999999,39.75210171428571,46619.491016033564,46.37693731318045
104.99999999999999,39.75210171428571,80787.56494250354,49.037529223139614
109.99999999999999,39.75210171428571,100000.0,51.30513915471501
114.99999999999999,39.75210171428571,100000.0,52.73912972250853
119.99999999999999,39.75210171428571,100000.0,53.214553055122174
125.0,39.75210171428571,100000.0,52.63607167893242
130.0,39.75210171428571,100000.0,50.7561199753545
134.99999999999997,39.75210171428571,100000.00000000001,47.2853273670842
140.0,39.75210171428571,95803.09750339697,42.28040780514906
145.0,39.75210171428571,51971.25963502029,36.43579339097357
150.0,39.75210171428571,23939.715896503116,30.88203024730843
154.99999999999997,39.75210171428571,9385.294908285743,26.585673722574082
160.0,39.75210171428571,3164.539217860416,23.878674342629584
165.0,39.75210171428571,964.2087039959774,22.488813484284144
169.99999999999997,39.75210171428571,350.6491733672773,21.947902273192195
174.99999999999997,39.75210171428571,374.86875701422485,22.001716183423273
179.99999999999997,39.75210171428571,1074.2878602944152,22.77720140642612
185.0,39.75210171428571,3486.9348380439137,24.687157441930573
189.99999999999997,39.75210171428571,10124.053144191144,28.139583736809918
194.99999999999997,39.75210171428571,25160.250412755977,33.1436924294625
199.99999999999997,39.75210171428571,52953.97350015713,39.025604628062
205.0,39.75210171428571,94086.15336631438,44.5571491562185
209.99999999999997,39.75210171428571,100000.0,48.54807367677675
214.99999999999997,39.75210171428571,100000.00000000001,50.45816141555086
219.99999999999997,39.75210171428571,100000.0,50.47295835529756
225.0,39.75210171428571,100000.0,49.03400998923701
229.99999999999997,39.75210171428571,100000.0,46.400998112707384
234.99999999999997,39.75210171428571,83883.63470084309,42.70669797070403
239.99999999999997,39.75210171428571,46551.24530750219,38.313290515872836
245.0,39.75210171428571,22813.19446005981,33.934724388775024
250.0,39.75210171428571,10510.831716441191,30.3326067967744
254.99999999999997,39.75210171428571,5053.6600835370145,27.908748080474826
260.0,39.75210171428571,2820.19894828889,26.598668119996006
265.0,39.75210171428571,2118.3604318624134,26.142670425050305
269.99999999999994,39.75210171428571,2890.1876378009506,26.478816047427852
274.99999999999994,39.75210171428571,6499.434721927836,27.926138050563832
280.0,39.75210171428571,16152.817780188623,31.007961165482445
285.0,39.75210171428571,37727.026485879804,36.03575783626152
290.0,39.75210171428571,79999.23725534091,42.74215812514971
294.99999999999994,39.75210171428571,100000.0,50.23590670153879
300.0,39.75210171428571,100000.0,57.34531454483308
305.0,39.75210171428571,100000.0,63.110605392947775
309.99999999999994,39.75210171428571,100000.0,67.06640976298706
314.99999999999994,39.75210171428571,100000.0,69.19787996279467
320.0,39.75210171428571,100000.0,69.74887282922859
325.0,39.75210171428571,100000.0,69.04787213627154
330.0,39.75210171428571,100000.0,67.37388636746606
334.99999999999994,39.75210171428571,100000.0,64.92117822598777
339.99999999999994,39.75210171428571,100000.0,61.94733839354193
345.0,39.75210171428571,100000.0,58.932226499967506
349.99999999999994,39.75210171428571,100000.0,56.390063906702906
354.99999999999994,39.75210171428571,100000.0,54.36071696036155
359.99999999999994,39.75210171428571,100000.0,52.180636836602055
365.0,39.75210171428571,79419.14017907831,48.98247611145759
370.0,39.75210171428571,43784.14516714178,44.50201563713526
374.99999999999994,39.75210171428571,24144.52316365414,39.32915864831666
379.99999999999994,39.75210171428571,13774.828116877065,34.37866590614499
385.0,39.75210171428571,8105.328006451335,30.22689154200116
389.99999999999994,39.75210171428571,4708.048180120483,26.95488947421218
394.99999999999994,39.75210171428571,2562.2939895067757,24.431032415318565
399.99999999999994,39.75210171428571,1268.8009746554449,22.56406938544421
0.0,44.72111442857142,100000.0,33.139255074359696
5.0,44.72111442857142,100000.0,39.429797667405204
10.0,44.72111442857142,100000.0,45.174450455829486
14.999999999999998,44.72111442857142,100000.0,49.015684996531945
20.0,44.72111442857142,100000.0,50.40664625369391
24.999999999999996,44.72111442857142,100000.0,49.878388453136466
29.999999999999996,44.72111442857142,78501.55657528859,48.581555744890615
35.0,44.72111442857142,38924.12849369323,47.5229907074626
40.0,44.72111442857142,18005.955582166494,47.21076037559972
44.99999999999999,44.72111442857142,9631.099834977793,47.92664384030692
49.99999999999999,44.72111442857142,7873.222419578355,50.0051716668097
54.99999999999999,44.72111442857142,8994.28520272198,53.458250955267204
59.99999999999999,44.72111442857142,10973.630983719098,57.29609732753238
65.0,44.72111442857142,12621.872228684053,59.6177055351175
70.0,44.72111442857142,13198.954503750485,58.83812595364332
75.0,44.72111442857142,12467.962939515715,55.058736797131445
80.0,44.72111442857142,10838.74297401426,50.23912406981415
84.99999999999999,44.72111442857142,9416.208394112422,46.904570189375406
89.99999999999999,44.72111442857142,10049.828249331098,46.446902684325906
94.99999999999999,44.72111442857142,15530.24929002327,48.37988126728133
99.99999999999999,44.72111442857142,29565.848322442962,51.01660262839734
104.99999999999999,44.72111442857142,55449.033083564034,52.816452897407686
109.99999999999999,44.72111442857142,92767.13181841571,53.22680700169452
114.99999999999999,44.72111442857142,100000.0,52.54169095005815
119.99999999999999,44.72111442857142,100000.0,51.24180490108457
125.0,44.72111442857142,100000.0,49.49017852068289
130.0,44.72111442857142,100000.0,47.05461124582748
134.99999999999997,44.72111442857142,100000.0,43.59535592323106
140.0,44.72111442857142,73522.34731436717,39.11529187572362
145.0,44.72111442857142,39558.12598954839,34.22249054209744
150.0,44.72111442857142,18020.0983706169,29.90063419185099
154.99999999999997,44.72111442857142,6976.661555539737,26.911566294388752
160.0,44.72111442857142,2331.353521818082,25.34955667399723
165.0,44.72111442857142,722.9712203858061,24.73193332327773
169.99999999999997,44.72111442857142,305.0928369946075,24.503407321147183
174.99999999999997,44.72111442857142,414.81006960660886,24.505800635484686
179.99999999999997,44.72111442857142,1227.4903059876988,25.08116909685383
185.0,44.72111442857142,3885.5343884165095,26.815957271933897
189.99999999999997,44.72111442857142,11024.245725297977,30.13749395307179
194.99999999999997,44.72111442857142,26960.815654888684,34.958372890273544
199.99999999999997,44.72111442857142,56155.290032063895,40.53220201473746
205.0,44.72111442857142,99125.74073603723,45.682608294273464
209.99999999999997,44.72111442857142,100000.0,49.36133909349614
214.99999999999997,44.72111442857142,100000.0,51.12375862690801
219.99999999999997,44.72111442857142,100000.0,51.09603734953812
225.0,44.72111442857142,100000.0,49.53715988371536
229.99999999999997,44.72111442857142,100000.0,46.550694787107645
234.99999999999997,44.72111442857142,86351.39877821419,42.26575537681746
239.99999999999997,44.72111442857142,47052.21934857693,37.18254650302447
245.0,44.72111442857142,22050.644042582207,32.175353430125035
250.0,44.72111442857142,9150.384943127032,28.086482322978803
254.99999999999997,44.72111442857142,3599.5332672821824,25.31825496848269
260.0,44.72111442857142,1550.2637261651416,23.78693882953472
265.0,44.72111442857142,1004.3743115402189,23.217175837466634
269.99999999999994,44.72111442857142,1489.2934900540504,23.50386206171859
274.99999999999994,44.72111442857142,3813.2552277133955,24.894421606065293
280.0,44.72111442857142,10499.983317752858,27.88860542358225
285.0,44.72111442857142,26761.97762210006,32.88857005993167
290.0,44.72111442857142,60967.27053603335,39.767922963798256
294.99999999999994,44.72111442857142,100000.0,47.654057347946505
300.0,44.72111442857142,100000.0,55.16537668331869
305.0,44.72111442857142,100000.0,61.00700773079655
309.99999999999994,44.72111442857142,100000.0,64.49846479267435
314.99999999999994,44.72111442857142,100000.0,65.6922053842223
320.0,44.72111442857142,100000.0,65.12661434009168
325.0,44.72111442857142,100000.0,63.46716278653048
330.0,44.72111442857142,100000.0,61.23321340272711
334.99999999999994,44.72111442857142,100000.0,58.73958199400908
339.99999999999994,44.72111442857142,100000.0,56.29073728251621
345.0,44.72111442857142,100000.0,54.38750741780226
349.99999999999994,44.72111442857142,100000.0,53.528343862178595
354.99999999999994,44.72111442857142,100000.0,53.592328701586005
359.99999999999994,44.72111442857142,86864.34963285076,53.490873881078194
365.0,44.72111442857142,46504.814542578686,51.75147103165643
370.0,44.72111442857142,23380.72638835919,47.67582286397075
374.99999999999994,44.72111442857142,11486.89915502668,41.917604328762835
379.99999999999994,44.72111442857142,5798.667257265793,35.904049898102755
385.0,44.72111442857142,3092.678411124646,30.78815653363108
389.99999999999994,44.72111442857142,1703.6790863294716,26.950161058336512
394.99999999999994,44.72111442857142,924.0401448794877,24.236953306645855
399.99999999999994,44.72111442857142,483.6420117239019,22.386855430920097
0.0,49.69012714285713,100000.0,32.97424852913055
5.0,49.69012714285713,100000.0,38.992138302929035
10.0,49.69012714285713,100000.0,44.411254670385446
14.999999999999998,49.69012714285713,100000.0,48.145513174613676
20.0,49.69012714285713,100000.0,50.07247817774008
24.999999999999996,49.69012714285713,100000.0,51.05772570437778
29.999999999999996,49.69012714285713,75802.88280251251,52.14417843924171
35.0,49.69012714285713,36336.110658884434,53.61609041409958
40.0,49.69012714285713,15604.436488993944,54.91039784972691
44.99999999999999,49.69012714285713,7576.015999413838,55.49830201398535
49.99999999999999,49.69012714285713,6637.833568448961,55.659633193385154
54.99999999999999,49.69012714285713,9364.050907015244,56.11443564058
59.99999999999999,49.69012714285713,13673.363921164588,56.93445880227385
65.0,49.69012714285713,17704.75122109839,57.1561403265456
70.0,49.69012714285713,19692.294773570276,55.71595466806534
75.0,49.69012714285713,18706.584996160174,52.778735413390706
80.0,49.69012714285713,15281.465564002456,50.045492931812895
84.99999999999999,49.69012714285713,11209.465869299202,49.582377609244446
89.99999999999999,49.69012714285713,8823.388847870247,52.09501272085344
94.99999999999999,49.69012714285713,10604.115949209003,56.1823126175994
99.99999999999999,49.69012714285713,19213.634477213727,59.3276316048962
104.99999999999999,49.69012714285713,36901.67912650226,59.76361802425603
109.99999999999999,49.69012714285713,63367.41344251844,57.51093517436785
114.99999999999999,49.69012714285713,93229.5501531973,53.84595319441845
119.99999999999999,49.69012714285713,100000.0,50.04323519306648
125.0,49.69012714285713,100000.0,46.60786708853905
130.0,49.69012714285713,100000.0,43.34034437410804
134.99999999999997,49.69012714285713,82172.98127809548,39.84943518572728
140.0,49.69012714285713,52115.681282644255,36.08194382249892
145.0,49.69012714285713,27896.00465381305,32.55788595494189
150.0,49.69012714285713,12622.60247722688,30.103013068404515
154.99999999999997,49.69012714285713,4856.842392468316,29.21099012020283
160.0,49.69012714285713,1627.712724307464,29.570313566480838
165.0,49.69012714285713,536.2285678870152,30.24201036446417
169.99999999999997,49.69012714285713,307.69146245447916,30.400697471241852
174.99999999999997,49.69012714285713,576.1138051917789,30.001461723095023
179.99999999999997,49.69012714285713,1727.0887248364734,29.797702624159935
185.0,49.69012714285713,5160.860268197805,30.757658700338514
189.99999999999997,49.69012714285713,13860.887291405892,33.41520834403936
194.99999999999997,49.69012714285713,32509.276828368267,37.577900003797474
199.99999999999997,49.69012714285713,65745.07773352484,42.43262194463014
205.0,49.69012714285713,100000.0,46.91558904919606
209.99999999999997,49.69012714285713,100000.0,50.170571040948744
214.99999999999997,49.69012714285713,100000.00000000001,51.81939727050063
219.99999999999997,49.69012714285713,100000.0,51.84614680831077
225.0,49.69012714285713,100000.0,50.27971100592161
229.99999999999997,49.69012714285713,100000.0,47.09720635439613
234.99999999999997,49.69012714285713,98534.01244943839,42.47678654431698
239.99999999999997,49.69012714285713,54296.54405073633,37.049922494442306
245.0,49.69012714285713,25712.073854352227,31.77047592376389
250.0,49.69012714285713,10642.679733537632,27.468424586813313
254.99999999999997,49.69012714285713,3999.1121980901416,24.50228415737124
260.0,49.69012714285713,1499.3952678206972,22.779070472336013
265.0,49.69012714285713,755.0612954626795,22.046903397323135
269.99999999999994,49.69012714285713,945.1895905264798,22.2098284898719
274.99999999999994,49.69012714285713,2487.8200774225033,23.4932751909252
280.0,49.69012714285713,7379.487079053555,26.38496929228941
285.0,49.69012714285713,20133.08274558547,31.32582076952623
290.0,49.69012714285713,48301.88732144847,38.24669428282345
294.99999999999994,49.69012714285713,100000.0,46.257210256891035
300.0,49.69012714285713,100000.0,53.83003778372068
305.0,49.69012714285713,100000.0,59.463826405425536
309.99999999999994,49.69012714285713,100000.0,62.352694437325304
314.99999999999994,49.69012714285713,100000.0,62.59983345890659
320.0,49.69012714285713,100000.0,60.96005942616922
325.0,49.69012714285713,100000.0,58.40156302768219
330.0,49.69012714285713,100000.0,55.7346246436119
334.99999999999994,49.69012714285713,100000.0,53.47051990325613
339.99999999999994,49.69012714285713,100000.0,51.9961506940593
345.0,49.69012714285713,100000.0,51.83287063420535
349.99999999999994,49.69012714285713,100000.0,53.447604100213
354.99999999999994,49.69012714285713,90366.33078203796,56.48558452695936
359.99999999999994,49.69012714285713,50279.77792521257,59.24809383574054
365.0,49.69012714285713,25422.83970819634,59.41337804011185
370.0,49.69012714285713,11832.658292278169,55.70007844665836
374.99999999999994,49.69012714285713,5235.751319311266,48.87015609890724
379.99999999999994,49.69012714285713,2333.40694491829,41.04278548503998
385.0,49.69012714285713,1117.8230344377416,34.12976317040759
389.99999999999994,49.69012714285713,590.3232391026311,28.927786934605898
394.99999999999994,49.69012714285713,336.88229507227993,25.33181564811298
399.99999999999994,49.69012714285713,206.97487368464937,22.957641077358335
0.0,54.65913985714284,100000.0,32.99615536651702
5.0,54.65913985714284,100000.0,38.80358125738933
10.0,54.65913985714284,100000.0,43.94192248102106
14.999999999999998,54.65913985714284,100000.0,47.602442568037766
20.0,54.65913985714284,100000.0,50.12012725974914
24.999999999999996,54.65913985714284,100000.0,52.73523839674569
29.999999999999996,54.65913985714284,74704.13986559222,56.39132315083088
35.0,54.65913985714284,35485.55199326512,60.60437120495854
40.0,54.65913985714284,15370.617408876844,63.66076445251125
44.99999999999999,54.65913985714284,8595.502495078774,64.1547999235375
49.99999999999999,54.65913985714284,10072.890668160802,62.29453401197941
54.99999999999999,54.65913985714284,16739.015057887184,59.547320472432
59.99999999999999,54.65913985714284,26107.953276286415,57.12480932849971
65.0,54.65913985714284,34864.61744884422,55.08582735741782
70.0,54.65913985714284,39315.26242138401,52.93945725444067
75.0,54.65913985714284,37367.07017363871,50.90077354804361
80.0,54.65913985714284,29990.317980643158,50.337255087814015
84.99999999999999,54.65913985714284,20588.766349149217,52.76429190090146
89.99999999999999,54.65913985714284,12961.19400076018,58.157045164194436
94.99999999999999,54.65913985714284,9845.040657237625,64.2367199435382
99.99999999999999,54.65913985714284,12886.799122273413,67.74584977637805
104.99999999999999,54.65913985714284,22938.114342097255,66.76057148438383
109.99999999999999,54.65913985714284,39287.303519604604,61.877815944636794
114.99999999999999,54.65913985714284,58212.72902133459,55.302799489917405
119.99999999999999,54.65913985714284,73068.55526220355,49.04322232991613
125.0,54.65913985714284,77370.46718088957,43.92193552312548
130.0,54.65913985714284,69039.67482188392,39.800575360774396
134.99999999999997,54.65913985714284,51900.52083793481,36.312694808588084
140.0,54.65913985714284,32873.276654541856,33.46035931507708
145.0,54.65913985714284,17557.356901408148,31.799945079330406
150.0,54.65913985714284,7928.954037470701,32.081118047255714
154.99999999999997,54.65913985714284,3057.765652542797,34.46762148982092
160.0,54.65913985714284,1051.6199107685736,37.95911873905363
165.0,54.65913985714284,409.92432641139516,40.73089913923513
169.99999999999997,54.65913985714284,400.6208457690782,41.36163649411953
174.99999999999997,54.65913985714284,1000.4087425020268,39.92674944486514
179.99999999999997,54.65913985714284,2956.282662339294,37.906732542801755
185.0,54.65913985714284,8186.433731834511,37.021390199686834
189.99999999999997,54.65913985714284,20316.787948262518,38.11605828063617
194.99999999999997,54.65913985714284,44539.62174899192,40.93347011619107
199.99999999999997,54.65913985714284,85453.03626122225,44.596286034164415
205.0,54.65913985714284,100000.0,48.17683169613721
209.99999999999997,54.65913985714284,100000.0,51.00628490877372
214.99999999999997,54.65913985714284,100000.0,52.70146518726166
219.99999999999997,54.65913985714284,100000.0,53.01477001007819
225.0,54.65913985714284,100000.0,51.70847096598621
229.99999999999997,54.65913985714284,100000.0,48.6471592077373
234.99999999999997,54.65913985714284,100000.0,44.0536084200126
239.99999999999997,54.65913985714284,69203.44587728223,38.622887366061704
245.0,54.65913985714284,34415.47851255497,33.289967185061236
250.0,54.65913985714284,15246.806292121833,28.814984644312705
254.99999999999997,54.65913985714284,6247.90039357114,25.533363334298155
260.0,54.65913985714284,2547.8129771672916,23.418747649268155
265.0,54.65913985714284,1223.0062828371822,22.32811971898067
269.99999999999994,54.65913985714284,1048.389124650451,22.241029599043568
274.99999999999994,54.65913985714284,2079.169238329574,23.390211137787027
280.0,54.65913985714284,5819.389689821264,26.21764627170866
285.0,54.65913985714284,15991.492201445348,31.097756338733667
290.0,54.65913985714284,38999.82722743915,37.89736665214741
294.99999999999994,54.65913985714284,82230.31796008606,45.6784423996903
300.0,54.65913985714284,100000.0,52.895812968516005
305.0,54.65913985714284,100000.0,58.06411331831618
309.99999999999994,54.65913985714284,100000.0,60.40381847059667
314.99999999999994,54.65913985714284,100000.0,60.02622778315235
320.0,54.65913985714284,100000.0,57.70337704145393
325.0,54.65913985714284,100000.0,54.512023616232575
330.0,54.65913985714284,100000.0,51.493611874584715
334.99999999999994,54.65913985714284,100000.0,49.426183066192344
339.99999999999994,54.65913985714284,100000.0,48.887183737307495
345.0,54.65913985714284,100000.0,50.48771021509773
349.99999999999994,54.65913985714284,83936.6777659518,54.67291750734884
354.99999999999994,54.65913985714284,49390.933395659406,60.819832188904904
359.99999999999994,54.65913985714284,26386.39439408465,66.57216987703013
365.0,54.65913985714284,12759.080954955956,68.72941323654926
370.0,54.65913985714284,5616.903944315403,65.4203145266183
374.99999999999994,54.65913985714284,2308.6819992453156,57.505134631253476
379.99999999999994,54.65913985714284,943.5895032748165,47.76443014090717
385.0,54.65913985714284,427.24998112594665,38.84141365410945
389.99999999999994,54.65913985714284,235.86777389778456,31.965263254895934
394.99999999999994,54.65913985714284,159.47679630550525,27.1442897036818
399.99999999999994,54.65913985714284,125.52540128397966,23.94809936048463
0.0,59.62815257142856,100000.0,33.29809597561684
5.0,59.62815257142856,100000.0,39.09832613131951
10.0,59.62815257142856,100000.0,44.15623686564243
14.999999999999998,59.62815257142856,100000.0,47.798803875040306
20.0,59.62815257142856,100000.0,50.642842124139484
24.999999999999996,59.62815257142856,100000.0,54.20489535453043
29.999999999999996,59.62815257142856,73650.18166015009,59.425350057174974
35.0,59.62815257142856,35033.34652200842,65.36567163619455
40.0,59.62815257142856,16011.751961636579,69.56240390532373
44.99999999999999,59.62815257142856,11342.729933544762,69.99834388137673
49.99999999999999,59.62815257142856,16773.498801228954,66.78623895398462
54.99999999999999,59.62815257142856,29751.687324544746,61.85706179596527
59.99999999999999,59.62815257142856,47093.77234128531,57.1851128173695
65.0,59.62815257142856,63195.40327697335,53.549000415529065
70.0,59.62815257142856,71395.0132645933,50.880769902059
75.0,59.62815257142856,67847.58919103243,49.428557383769856
80.0,59.62815257142856,54262.89578355324,50.274384022420186
84.99999999999999,59.62815257142856,36660.439580517144,54.47536636624563
89.99999999999999,59.62815257142856,21385.443844723715,61.481619128448976
94.99999999999999,59.62815257142856,12097.863748579692,68.50325377139933
99.99999999999999,59.62815257142856,9616.167918404293,71.94255481366817
104.99999999999999,59.62815257142856,13263.08729321306,69.89801566951411
109.99999999999999,59.62815257142856,21541.304403496946,63.36688166081876
114.99999999999999,59.62815257142856,31739.512047207143,55.08517004141948
119.99999999999999,59.62815257142856,39896.42351146611,47.42801877203854
125.0,59.62815257142856,42315.51446001386,41.352793287585456
130.0,59.62815257142856,37796.2165027541,36.77821538221341
134.99999999999997,59.62815257142856,28423.261619473706,33.48099868937019
140.0,59.62815257142856,18004.011993571276,31.718584014092524
145.0,59.62815257142856,9621.317273399047,32.32031274833874
150.0,59.62815257142856,4360.328848459535,36.13765074502699
154.99999999999997,59.62815257142856,1708.336320123991,42.983889373527255
160.0,59.62815257142856,636.0996956645583,50.86310284481795
165.0,59.62815257142856,367.312479351231,56.57182902149158
169.99999999999997,59.62815257142856,655.4261903588922,57.707239696537904
174.99999999999997,59.62815257142856,1909.653259883813,54.45444346341743
179.99999999999997,59.62815257142856,5494.430697143036,49.375869455367116
185.0,59.62815257142856,14231.47800255112,45.39441525944527
189.99999999999997,59.62815257142856,32718.292033188936,43.95649299519586
194.99999999999997,59.62815257142856,66592.9351188562,44.816506766755154
199.99999999999997,59.62815257142856,99999.99999999999,46.9914745250781
205.0,59.62815257142856,100000.0,49.611217952597805
209.99999999999997,59.62815257142856,100000.0,52.10094306452507
214.99999999999997,59.62815257142856,100000.00000000001,53.99078384196676
219.99999999999997,59.62815257142856,100000.0,54.77924977079027
225.0,59.62815257142856,100000.0,54.00453482329928
229.99999999999997,59.62815257142856,100000.0,51.45664639705793
234.99999999999997,59.62815257142856,100000.00000000001,47.35820557294656
239.99999999999997,59.62815257142856,93712.11204332353,42.337903715043154
245.0,59.62815257142856,50078.78347452203,37.17330426373495
250.0,59.62815257142856,24529.406594606447,32.493221713772506
254.99999999999997,59.62815257142856,11491.139306012861,28.653550547081
260.0,59.62815257142856,5500.248310394587,25.80551923663997
265.0,59.62815257142856,2982.318424279323,24.033043335188843
269.99999999999994,59.62815257142856,2206.1519155057895,23.47370983895433
274.99999999999994,59.62815257142856,2800.473751548777,24.388695895769168
280.0,59.62815257142856,5694.46443335854,27.11321139388758
285.0,59.62815257142856,13623.880901042638,31.82290806148442
290.0,59.62815257142856,31479.415959900307,38.19831369322257
294.99999999999994,59.62815257142856,64921.90313678644,45.26183810427919
300.0,59.62815257142856,100000.0,51.63775444028289
305.0,59.62815257142856,100000.0,56.122433897481834
309.99999999999994,59.62815257142856,100000.0,58.11656672110982
314.99999999999994,59.62815257142856,100000.0,57.65686982899909
320.0,59.62815257142856,100000.0,55.25728499299856
325.0,59.62815257142856,100000.0,51.80815167536581
330.0,59.62815257142856,100000.0,48.43210803959562
334.99999999999994,59.62815257142856,100000.0,46.20822639864259
339.99999999999994,59.62815257142856,100000.0,46.028123820833535
345.0,59.62815257142856,69944.63478668375,48.67772315608988
349.99999999999994,59.62815257142856,42758.01896816499,54.59620144911447
354.99999999999994,59.62815257142856,24071.79617889043,62.94445178518628
359.99999999999994,59.62815257142856,12374.61832585597,70.91586280037392
365.0,59.62815257142856,5779.527504669949,74.74148546167105
370.0,59.62815257142856,2463.4382705278317,72.13966531610711
374.99999999999994,59.62815257142856,987.3541966887216,63.934141675656896
379.99999999999994,59.62815257142856,406.6801034852224,53.19864041437325
385.0,59.62815257142856,202.49600830173014,42.973859472637514
389.99999999999994,59.62815257142856,135.6803985754203,34.80868643647835
394.99999999999994,59.62815257142856,113.5170421827932,28.90483565029204
399.99999999999994,59.62815257142856,105.34653671876352,24.917181176665284
0.0,64.59716528571427,100000.0,33.85516539641105
5.0,64.59716528571427,100000.0,39.91067053027003
10.0,64.59716528571427,100000.0,45.16958166679829
14.999999999999998,64.59716528571427,100000.0,48.85867565654505
20.0,64.59716528571427,100000.0,51.54951226899951
24.999999999999996,64.59716528571427,100000.0,54.821896745436874
29.999999999999996,64.59716528571427,71368.84387262336,59.757339629598356
35.0,64.59716528571427,34135.372374268554,65.53381662860811
40.0,64.59716528571427,16773.432073762488,69.69434215409807
44.99999999999999,64.59716528571427,14801.699590870809,70.11710503606355
49.99999999999999,64.59716528571427,25071.984068546713,66.77518558667691
54.99999999999999,64.59716528571427,45690.987103070904,61.52930987241854
59.99999999999999,64.59716528571427,72645.22736932084,56.42552277660321
65.0,64.59716528571427,97579.4653971276,52.434968072260055
70.0,64.59716528571427,99999.99999999993,49.6739425995018
75.0,64.59716528571427,99999.99999999991,48.41055989882933
80.0,64.59716528571427,83735.85704053847,49.529606921135446
84.99999999999999,64.59716528571427,56340.95257778421,53.78924447540703
89.99999999999999,64.59716528571427,32138.18739398672,60.451765626394945
94.99999999999999,64.59716528571427,16173.099502390432,66.79412915526008
99.99999999999999,64.59716528571427,8697.852287237432,69.49457388193682
104.99999999999999,64.59716528571427,7611.093513534167,66.94853256080192
109.99999999999999,64.59716528571427,10468.004493686729,60.30052341468673
114.99999999999999,64.59716528571427,14938.16760679014,52.23732576719526
119.99999999999999,64.59716528571427,18689.293862667913,44.954594321418206
125.0,64.59716528571427,19818.684221160387,39.228559920218835
130.0,64.59716528571427,17711.632539745584,34.94254080926347
134.99999999999997,64.59716528571427,13331.48295013685,32.08646666024304
140.0,64.59716528571427,8460.231002389353,31.36914641817054
145.0,64.59716528571427,4542.445541623555,34.15734354958167
150.0,64.59716528571427,2086.6879894774456,41.6277718219297
154.99999999999997,64.59716528571427,856.9044626712654,53.30797383082091
160.0,64.59716528571427,394.59503434345737,66.063927911062
165.0,64.59716528571427,429.6678582929351,75.03888360428817
169.99999999999997,64.59716528571427,1146.862309783218,76.6165970170388
174.99999999999997,64.59716528571427,3527.7027375999446,71.05854546696519
179.99999999999997,64.59716528571427,9895.64469004857,62.19150439865151
185.0,64.59716528571427,24424.530951816105,54.41804413836383
189.99999999999997,64.59716528571427,52924.15320584521,50.004932519589886
194.99999999999997,64.59716528571427,99999.99999999965,48.79191417430373
199.99999999999997,64.59716528571427,100000.0,49.61066860581596
205.0,64.59716528571427,100000.0,51.47422688846884
209.99999999999997,64.59716528571427,100000.0,53.74069615699014
214.99999999999997,64.59716528571427,100000.0,55.812249398440514
219.99999999999997,64.59716528571427,100000.0,57.0386280286211
225.0,64.59716528571427,100000.0,56.89852190824597
229.99999999999997,64.59716528571427,100000.0,55.197043738826835
234.99999999999997,64.59716528571427,100000.0,52.099725046972786
239.99999999999997,64.59716528571427,99999.99999999999,48.00346615871246
245.0,64.59716528571427,74617.50930976962,43.35653837169497
250.0,64.59716528571427,40800.918617540214,38.565322573701756
254.99999999999997,64.59716528571427,21964.05633786245,34.021277244450154
260.0,64.59716528571427,12320.018026711796,30.14211608670195
265.0,64.59716528571427,7729.379817582787,27.34919646199843
269.99999999999994,64.59716528571427,5963.913855277209,26.028903673086916
274.99999999999994,64.59716528571427,6178.86838956747,26.50896042495878
280.0,64.59716528571427,8591.396285809958,28.975361491319866
285.0,64.59716528571427,14685.04528348566,33.294056021683154
290.0,64.59716528571427,27469.62198549666,38.8649397417258
294.99999999999994,64.59716528571427,50599.48965016623,44.70227426389294
300.0,64.59716528571427,85395.14223569496,49.77762214416445
305.0,64.59716528571427,100000.0,53.3813176148349
309.99999999999994,64.59716528571427,100000.0,55.18894617796019
314.99999999999994,64.59716528571427,100000.0,55.07500296798051
320.0,64.59716528571427,100000.0,53.077839753993594
325.0,64.59716528571427,100000.0,49.66444405800382
330.0,64.59716528571427,100000.0,45.882870170751644
334.99999999999994,64.59716528571427,83465.73565096076,43.077672082180776
339.99999999999994,64.59716528571427,54811.493663144814,42.487765758238176
345.0,64.59716528571427,33736.51832216677,45.08403770659525
349.99999999999994,64.59716528571427,19440.695799901405,51.29144974223134
354.99999999999994,64.59716528571427,10419.769809070203,60.19129274321791
359.99999999999994,64.59716528571427,5156.744925841926,68.95323783463847
365.0,64.59716528571427,2351.112446234992,73.81433885933218
370.0,64.59716528571427,1002.0147888177179,72.39651148737057
374.99999999999994,64.59716528571427,423.8326457995426,65.2603883780007
379.99999999999994,64.59716528571427,204.94436310796294,55.16871718598035
385.0,64.59716528571427,131.8296014777574,45.01551325440757
389.99999999999994,64.59716528571427,109.87909462838829,36.46616074708518
394.99999999999994,64.59716528571427,103.54456372055564,29.998378164837824
399.99999999999994,64.59716528571427,101.51340920583957,25.512567144325267
0.0,69.56617799999998,100000.0,34.62445656153365
5.0,69.56617799999998,100000.0,41.166042959537734
10.0,69.56617799999998,100000.0,46.87579736419542
14.999999999999998,69.56617799999998,100000.0,50.656603614828164
20.0,69.56617799999998,100000.0,52.71383145097319
24.999999999999996,69.56617799999998,100000.0,54.47260034193897
29.999999999999996,69.56617799999998,67759.72760186467,57.290731950735704
35.0,69.56617799999998,32569.0133629852,61.03159755846551
40.0,69.56617799999998,17117.798472588715,64.00560423881333
44.99999999999999,69.56617799999998,17685.16265556103,64.49117550632496
49.99999999999999,69.56617799999998,32195.146247124947,62.26002663870568
54.99999999999999,69.56617799999998,59399.81634441841,58.550025182437956
59.99999999999999,69.56617799999998,94609.76907307368,54.795883368643544
65.0,69.56617799999998,100000.0,51.67788510487308
70.0,69.56617799999998,100000.0,49.31002534142995
75.0,69.56617799999998,100000.0,47.98882772716792
80.0,69.56617799999998,100000.0,48.4717893802226
84.99999999999999,69.56617799999998,73307.26896938703,51.33931601691867
89.99999999999999,69.56617799999998,41551.549796634754,55.957738253719604
94.99999999999999,69.56617799999998,20139.08349945729,60.19309469485519
99.99999999999999,69.56617799999998,8997.30043614154,61.564552075419165
104.99999999999999,69.56617799999998,4963.827252763752,59.035735029561344
109.99999999999999,69.56617799999998,4788.886289191239,53.714253946038
114.99999999999999,69.56617799999998,6160.290213035048,47.75677662961694
119.99999999999999,69.56617799999998,7534.917244420356,42.678117406544494
125.0,69.56617799999998,7946.67186549553,38.70093690391383
130.0,69.56617799999998,7095.157106037913,35.452493934608846
134.99999999999997,69.56617799999998,5349.963289090624,33.07837228951712
140.0,69.56617799999998,3414.6079592184155,32.84449970261786
145.0,69.56617799999998,1860.3508752637388,36.85276185230168
150.0,69.56617799999998,888.967565991471,46.796126872703496
154.99999999999997,69.56617799999998,414.8564822013364,62.08226560415013
160.0,69.56617799999998,297.89959742668503,78.63821129809546
165.0,69.56617799999998,593.5093692836629,90.19098017258328
169.99999999999997,69.56617799999998,1888.236956348658,92.0657742864593
174.99999999999997,69.56617799999998,5883.824787588527,84.54597864908628
179.99999999999997,69.56617799999998,16176.580817922204,72.49579574031787
185.0,69.56617799999998,38629.82695152816,61.58498801875133
189.99999999999997,69.56617799999998,80261.17267092972,54.83572329300579
194.99999999999997,69.56617799999998,99999.9999999999,52.19568096298895
199.99999999999997,69.56617799999998,100000.0,52.267841682848044
205.0,69.56617799999998,100000.0,53.79734805020649
209.99999999999997,69.56617799999998,100000.0,55.942697518147796
214.99999999999997,69.56617799999998,100000.0,58.01164333713796
219.99999999999997,69.56617799999998,100000.0,59.40939207170773
225.0,69.56617799999998,100000.0,59.790118291901415
229.99999999999997,69.56617799999998,100000.0,59.09166047249578
234.99999999999997,69.56617799999998,100000.0,57.38188100021442
239.99999999999997,69.56617799999998,100000.0,54.69091610891841
245.0,69.56617799999998,100000.0,50.998235990339765
250.0,69.56617799999998,66066.81457038401,46.39645134098238
254.99999999999997,69.56617799999998,40621.60019865361,41.27572348181833
260.0,69.56617799999998,26269.9270507037,36.32394195249191
265.0,69.56617799999998,18776.427498050653,32.33582194905058
269.99999999999994,69.56617799999998,15732.510367589342,30.009915119158777
274.99999999999994,69.56617799999998,15926.998232358694,29.807212353288257
280.0,69.56617799999998,18752.56925430006,31.79195938883492
285.0,69.56617799999998,24140.918530719384,35.492304431644165
290.0,69.56617799999998,32852.11054969016,39.987872535337544
294.99999999999994,69.56617799999998,46333.332958994,44.29644246357286
300.0,69.56617799999998,65231.17697417003,47.802111021808614
305.0,69.56617799999998,87016.91295955291,50.34475466752093
309.99999999999994,69.56617799999998,99999.99999999985,51.877929863238904
314.99999999999994,69.56617799999998,100000.0,52.091403877172866
320.0,69.56617799999998,100000.0,50.53450930072601
325.0,69.56617799999998,86566.06544808633,47.223817048447984
330.0,69.56617799999998,63324.42084537604,43.05213711251558
334.99999999999994,69.56617799999998,41947.29816664969,39.505069209321015
339.99999999999994,69.56617799999998,25646.230173206255,38.039571745820304
345.0,69.56617799999998,14683.8281299417,39.70062027281093
349.99999999999994,69.56617799999998,7923.870252483116,44.859511651385084
354.99999999999994,69.56617799999998,4029.3410688746144,52.6823285143905
359.99999999999994,69.56617799999998,1930.317376585121,60.770399931419405
365.0,69.56617799999998,881.7476417509221,65.94520718090264
370.0,69.56617799999998,403.1091400700427,66.04874516574543
374.99999999999994,69.56617799999998,206.82753760375087,61.18644926156912
379.99999999999994,69.56617799999998,135.91817749787361,53.267472198851024
385.0,69.56617799999998,113.78944708781789,44.540724820797024
389.99999999999994,69.56617799999998,107.67554672911278,36.5809557445496
394.99999999999994,69.56617799999998,105.58995845419412,30.179767931912608
399.99999999999994,69.56617799999998,104.07111480238632,25.59438952570011
0.0,74.53519071428569,100000.0,35.56114469725004
5.0,74.53519071428569,100000.0,42.71094285670133
10.0,74.53519071428569,100000.0,48.98615974243497
14.999999999999998,74.53519071428569,100000.0,52.852958898819615
20.0,74.53519071428569,100000.0,53.99226603004663
24.999999999999996,74.53519071428569,100000.0,53.56975605067024
29.999999999999996,74.53519071428569,64217.16235774436,53.30216631137893
35.0,74.53519071428569,30847.10529129427,54.05739016132768
40.0,74.53519071428569,16802.643744453722,55.33394032378497
44.99999999999999,74.53519071428569,18734.628994208313,56.07066602273598
49.99999999999999,74.53519071428569,35145.83376527117,55.75764476433771
54.99999999999999,74.53519071428569,65159.87880786507,54.65294257151568
59.99999999999999,74.53519071428569,99999.99999999999,53.1885779860336
65.0,74.53519071428569,100000.0,51.53122375070238
70.0,74.53519071428569,100000.0,49.7635293836182
75.0,74.53519071428569,100000.0,48.269815700672254
80.0,74.53519071428569,100000.0,47.73362851357889
84.99999999999999,74.53519071428569,80493.79875772345,48.61095117911544
89.99999999999999,74.53519071428569,45603.990395047615,50.500458581607305
94.99999999999999,74.53519071428569,21960.251843824615,52.09127663861967
99.99999999999999,74.53519071428569,9335.63887916403,51.999083042668445
104.99999999999999,74.53519071428569,4091.058122442905,49.89729251302329
109.99999999999999,74.53519071428569,2612.53733564258,46.82130731327887
114.99999999999999,74.53519071428569,2596.388928047348,44.21913208589606
119.99999999999999,74.53519071428569,2863.9097355100985,42.65009066858782
125.0,74.53519071428569,2887.1839372873856,41.442817773970255
130.0,74.53519071428569,2525.1171914693327,39.64063839607956
134.99999999999997,74.53519071428569,1894.711186808344,37.35591918898756
140.0,74.53519071428569,1223.7319917511518,36.40917227365444
145.0,74.53519071428569,694.2718552877684,39.72968813451583
150.0,74.53519071428569,369.09427807595165,49.635760729942795
154.99999999999997,74.53519071428569,229.34829214534102,65.64969225586775
160.0,74.53519071428569,290.38506283884755,83.30661532769246
165.0,74.53519071428569,814.2563766586549,95.70598817699037
169.99999999999997,74.53519071428569,2756.2921721163884,97.69895032776608
174.99999999999997,74.53519071428569,8586.002102473125,89.5239873840626
179.99999999999997,74.53519071428569,23252.220511893247,76.40134162661369
185.0,74.53519071428569,54282.28118116054,64.47843718051126
189.99999999999997,74.53519071428569,99999.99999999994,57.09799604900274
194.99999999999997,74.53519071428569,100000.0,54.2670774283655
199.99999999999997,74.53519071428569,100000.0,54.43394248198535
205.0,74.53519071428569,100000.0,56.09068720160168
209.99999999999997,74.53519071428569,100000.0,58.19634544403599
214.99999999999997,74.53519071428569,100000.0,60.06019804361101
219.99999999999997,74.53519071428569,100000.0,61.3331442414612
225.0,74.53519071428569,100000.0,62.02416161999286
229.99999999999997,74.53519071428569,100000.0,62.28659540174085
234.99999999999997,74.53519071428569,100000.0,62.08211470028979
239.99999999999997,74.53519071428569,100000.0,61.03581248192142
245.0,74.53519071428569,100000.0,58.63229559148817
250.0,74.53519071428569,99999.99999999991,54.62336021824448
254.99999999999997,74.53519071428569,69916.7729571808,49.33417539267746
260.0,74.53519071428569,51254.7448937913,43.62300287656615
265.0,74.53519071428569,40931.85094550421,38.57379216944946
269.99999999999994,74.53519071428569,37051.60971143157,35.1854946596344
274.99999999999994,74.53519071428569,38368.13194316958,34.12135647740832
280.0,74.53519071428569,43432.844261680475,35.430347472982845
285.0,74.53519071428569,50308.971791190415,38.39186810645296
290.0,74.53519071428569,57035.98375809451,41.80286193461311
294.99999999999994,74.53519071428569,62544.24686612582,44.65508870793898
300.0,74.53519071428569,66888.7444459966,46.64391450054793
305.0,74.53519071428569,70110.61593220421,48.018677137008005
309.99999999999994,74.53519071428569,70932.71763022378,48.928554135921594
314.99999999999994,74.53519071428569,67194.88843734463,48.95708142920963
320.0,74.53519071428569,57917.70266310174,47.39012130186654
325.0,74.53519071428569,44690.46819143887,44.0027786146823
330.0,74.53519071428569,30802.36825968591,39.5536219075278
334.99999999999994,74.53519071428569,19141.620197307282,35.48679439379688
339.99999999999994,74.53519071428569,10906.638801355673,33.22179509920416
345.0,74.53519071428569,5806.137121419668,33.68787670221483
349.99999999999994,74.53519071428569,2934.471409954376,37.15035757943347
354.99999999999994,74.53519071428569,1427.6127752638165,42.975354248771914
359.99999999999994,74.53519071428569,683.6227008340702,49.46757545758555
365.0,74.53519071428569,340.19918592046395,54.35608471290181
370.0,74.53519071428569,195.67554014616752,55.90053612105699
374.99999999999994,74.53519071428569,143.86293307542107,53.7154516481185
379.99999999999994,74.53519071428569,131.36883712983985,48.64892086827134
385.0,74.53519071428569,132.05123997276942,42.081477483927365
389.99999999999994,74.53519071428569,133.43674998722744,35.35948122786684
394.99999999999994,74.53519071428569,130.70150303824727,29.53560592131837
399.99999999999994,74.53519071428569,123.93018485929193,25.215824063571223
0.0,79.50420342857142,100000.0,36.51635023997288
5.0,79.50420342857142,100000.0,44.22554433531113
10.0,79.50420342857142,100000.0,50.98238829915223
14.999999999999998,79.50420342857142,100000.0,54.85281688900654
20.0,79.50420342857142,100000.0,55.05191169112539
24.999999999999996,79.50420342857142,100000.0,52.53389470841283
29.999999999999996,79.50420342857142,62454.27004706029,49.39173335013619
35.0,79.50420342857142,29737.66471090878,47.49008008610464
40.0,79.50420342857142,15934.876539456973,47.48655506216515
44.99999999999999,79.50420342857142,17436.537041255422,48.91116221994408
49.99999999999999,79.50420342857142,32535.863296644082,50.852577879353454
54.99999999999999,79.50420342857142,60279.24688138946,52.46576708811856
59.99999999999999,79.50420342857142,96066.52767154577,53.14049395423859
65.0,79.50420342857142,100000.0,52.616060558076
70.0,79.50420342857142,100000.0,51.10291392305333
75.0,79.50420342857142,100000.0,49.21447927709229
80.0,79.50420342857142,100000.0,47.64166203541309
84.99999999999999,79.50420342857142,74650.40451318864,46.74397452543845
89.99999999999999,79.50420342857142,42565.357551780355,46.32231096903274
94.99999999999999,79.50420342857142,20932.376075963915,45.78370467110172
99.99999999999999,79.50420342857142,9443.718024950827,44.69891847141526
104.99999999999999,79.50420342857142,4583.6185845235095,43.37986213205093
109.99999999999999,79.50420342857142,2901.0856315359674,42.856446552945364
114.99999999999999,79.50420342857142,2308.861855072616,43.99520863489527
119.99999999999999,79.50420342857142,1929.1454671351703,46.41068342125605
125.0,79.50420342857142,1532.5935012352415,48.335367488154006
130.0,79.50420342857142,1124.9357072841058,47.91333045803398
134.99999999999997,79.50420342857142,759.050998250304,44.98889503510788
140.0,79.50420342857142,475.3150481017609,41.859379965029945
145.0,79.50420342857142,287.278008276591,42.273485957125544
150.0,79.50420342857142,186.20466506339238,49.19117183175864
154.99999999999997,79.50420342857142,168.62749172062746,62.47182777008108
160.0,79.50420342857142,314.73490887450265,77.93157451379109
165.0,79.50420342857142,1008.8407631098077,89.05648585277413
169.99999999999997,79.50420342857142,3481.873690546424,90.9919013122545
174.99999999999997,79.50420342857142,10800.952019329176,83.8677387491199
179.99999999999997,79.50420342857142,28922.845655325065,72.38803351093851
185.0,79.50420342857142,66461.56853968791,62.12259355277223
189.99999999999997,79.50420342857142,100000.0,56.10724302618735
194.99999999999997,79.50420342857142,100000.0,54.324176981936766
199.99999999999997,79.50420342857142,100000.0,55.258301490548014
205.0,79.50420342857142,100000.0,57.35475552298935
209.99999999999997,79.50420342857142,100000.0,59.51700876835064
214.99999999999997,79.50420342857142,100000.0,61.15612928083264
219.99999999999997,79.50420342857142,100000.0,62.23209068747892
225.0,79.50420342857142,100000.0,63.13001116263296
229.99999999999997,79.50420342857142,100000.0,64.21688012150672
234.99999999999997,79.50420342857142,100000.0,65.36489301482376
239.99999999999997,79.50420342857142,100000.0,65.86204208372733
245.0,79.50420342857142,100000.0,64.80357109847556
250.0,79.50420342857142,100000.0,61.67405497606664
254.99999999999997,79.50420342857142,99999.99999999991,56.701781717187984
260.0,79.50420342857142,89571.53331705717,50.77587028228381
265.0,79.50420342857142,78600.09771739421,45.101364092817256
269.99999999999994,79.50420342857142,75947.10814568224,40.87565899881395
274.99999999999994,79.50420342857142,80765.77181771243,38.979129233106185
280.0,79.50420342857142,90908.86002632714,39.5692871930759
285.0,79.50420342857142,99999.99999999987,41.84638829837605
290.0,79.50420342857142,99999.99999999988,44.43455641041047
294.99999999999994,79.50420342857142,99999.9999999999,46.252029211983256
300.0,79.50420342857142,99527.73987020354,47.08984265767197
305.0,79.50420342857142,83925.82071173262,47.34065068862988
309.99999999999994,79.50420342857142,66341.85923431226,47.22264628971075
314.99999999999994,79.50420342857142,49699.870647284224,46.350737904858754
320.0,79.50420342857142,35271.18565656408,44.08885783707278
325.0,79.50420342857142,23456.229921448263,40.29261397458648
330.0,79.50420342857142,14436.358389959565,35.67897969346905
334.99999999999994,79.50420342857142,8181.70325027563,31.49135410546807
339.99999999999994,79.50420342857142,4298.217513969584,28.858681629784474
345.0,79.50420342857142,2131.1836958735057,28.421759326391935
349.99999999999994,79.50420342857142,1026.3700705355964,30.298126441069932
354.99999999999994,79.50420342857142,502.2662847873032,34.075377558189366
359.99999999999994,79.50420342857142,270.45943655276403,38.767583484817976
365.0,79.50420342857142,180.78996098224403,43.00172752722831
370.0,79.50420342857142,162.23586546105196,45.497333172482406
374.99999999999994,79.50420342857142,181.6411306137519,45.51270455273985
379.99999999999994,79.50420342857142,218.63429942806482,43.00434092089071
385.0,79.50420342857142,253.90875869299515,38.57425590046258
389.99999999999994,79.50420342857142,269.7809028296218,33.292226596354915
394.99999999999994,79.50420342857142,257.78693112364806,28.336190812759384
399.99999999999994,79.50420342857142,223.32322984740358,24.536964166105136
0.0,84.47321614285713,100000.0,37.24263729686892
5.0,84.47321614285713,100000.0,45.27637361226105
10.0,84.47321614285713,100000.0,52.22934333954402
14.999999999999998,84.47321614285713,100000.0,55.92309917360199
20.0,84.47321614285713,100000.0,55.327503688375906
24.999999999999996,84.47321614285713,100000.0,51.341935640665426
29.999999999999996,84.47321614285713,63405.631909807904,46.40367476263116
35.0,84.47321614285713,29774.06180002553,43.136679814692656
40.0,84.47321614285713,14911.462762024992,43.017053185361185
44.99999999999999,84.47321614285713,14389.736651836756,45.86240123727293
49.99999999999999,84.47321614285713,25581.23376121715,50.19037970262148
54.99999999999999,84.47321614285713,47037.76144016622,54.05583543236313
59.99999999999999,84.47321614285713,74886.82444208919,55.978113151793885
65.0,84.47321614285713,100000.0,55.55473210358856
70.0,84.47321614285713,100000.0,53.4207233273858
75.0,84.47321614285713,100000.0,50.64357506826861
80.0,84.47321614285713,86700.19558547772,48.06127762070902
84.99999999999999,84.47321614285713,58905.91370584922,45.985876161344734
89.99999999999999,84.47321614285713,34631.135632789694,44.30757938410376
94.99999999999999,84.47321614285713,18792.067816866576,42.81970484747728
99.99999999999999,84.47321614285713,10925.47454853659,41.611610234482335
104.99999999999999,84.47321614285713,7898.422353888051,41.354564347515755
109.99999999999999,84.47321614285713,6668.787581356751,43.12369136547815
114.99999999999999,84.47321614285713,5546.878634472524,47.49061063248029
119.99999999999999,84.47321614285713,4134.5881523079925,53.3882559697856
125.0,84.47321614285713,2691.0210133572896,58.018058236624086
130.0,84.47321614285713,1538.9929617596151,58.51774726469737
134.99999999999997,84.47321614285713,796.45210218001,54.3085560430581
140.0,84.47321614285713,397.27923416095484,48.02684369351416
145.0,84.47321614285713,214.0421646084757,44.10608047063623
150.0,84.47321614285713,145.67211928483175,46.05050649050308
154.99999999999997,84.47321614285713,155.1965816608774,54.1686293028207
160.0,84.47321614285713,328.56631233597074,65.05175551265923
165.0,84.47321614285713,1089.4715498553303,73.3392917022875
169.99999999999997,84.47321614285713,3767.4158646849455,75.05449169707818
174.99999999999997,84.47321614285713,11622.730664036864,70.17900116003251
179.99999999999997,84.47321614285713,30856.13400187037,62.25209515778688
185.0,84.47321614285713,70107.56476933774,55.46838681558127
189.99999999999997,84.47321614285713,100000.0,52.07234463883511
194.99999999999997,84.47321614285713,100000.0,51.97013278843989
199.99999999999997,84.47321614285713,100000.0,53.900860942533235
205.0,84.47321614285713,100000.0,56.53525195998299
209.99999999999997,84.47321614285713,100000.0,58.90780280829514
214.99999999999997,84.47321614285713,100000.0,60.569648341621225
219.99999999999997,84.47321614285713,100000.0,61.6969474950875
225.0,84.47321614285713,100000.0,62.915307580293025
229.99999999999997,84.47321614285713,100000.0,64.7270793926221
234.99999999999997,84.47321614285713,100000.0,66.94318780137175
239.99999999999997,84.47321614285713,100000.0,68.63909659253447
245.0,84.47321614285713,100000.0,68.69062494339119
250.0,84.47321614285713,100000.0,66.45276700740708
254.99999999999997,84.47321614285713,100000.0,62.09387594552242
260.0,84.47321614285713,99999.99999999997,56.457834343445576
265.0,84.47321614285713,99999.99999999994,50.72587587183036
269.99999999999994,84.47321614285713,99999.99999999993,46.146490282060064
274.99999999999994,84.47321614285713,99999.99999999994,43.73906248171739
280.0,84.47321614285713,99999.99999999997,43.81660027018751
285.0,84.47321614285713,100000.0,45.65265848349231
290.0,84.47321614285713,100000.0,47.83315076454292
294.99999999999994,84.47321614285713,100000.0,49.17820092703975
300.0,84.47321614285713,100000.0,49.3695040421075
305.0,84.47321614285713,99999.99999999996,48.69401353131314
309.99999999999994,84.47321614285713,89101.505544046,47.329271485415255
314.99999999999994,84.47321614285713,55629.42194589973,45.03531547321574
320.0,84.47321614285713,31601.939559105922,41.52142375372017
325.0,84.47321614285713,16585.920986574256,36.980720014488064
330.0,84.47321614285713,8169.3536934358135,32.196396091895615
334.99999999999994,84.47321614285713,3832.5063911034986,28.15115691525752
339.99999999999994,84.47321614285713,1742.8083658574326,25.556376921820547
345.0,84.47321614285713,792.2541230074751,24.685805241924932
349.99999999999994,84.47321614285713,382.593359642715,25.49162556537937
354.99999999999994,84.47321614285713,218.78817327065602,27.726192975853422
359.99999999999994,84.47321614285713,170.75877325429786,30.933584353663175
365.0,84.47321614285713,193.09006990201092,34.411561181799826
370.0,84.47321614285713,278.6992777296838,37.266508274851624
374.99999999999994,84.47321614285713,425.14885729117117,38.59948034681539
379.99999999999994,84.47321614285713,607.0308373305426,37.8280505311249
385.0,84.47321614285713,766.7447583734488,35.03297417921036
389.99999999999994,84.47321614285713,837.4387216717977,31.030710739189523
394.99999999999994,84.47321614285713,785.7065293838666,26.981786835560282
399.99999999999994,84.47321614285713,635.9951970201447,23.788285315055585
0.0,89.44222885714284,100000.0,37.567257043912434
5.0,89.44222885714284,100000.0,45.57040899688618
10.0,89.44222885714284,100000.0,52.29874370564119
14.999999999999998,89.44222885714284,100000.0,55.536117123410094
20.0,89.44222885714284,100000.0,54.28958880318977
24.999999999999996,89.44222885714284,100000.0,49.59363865534669
29.999999999999996,89.44222885714284,67283.97898681124,44.170447727837306
35.0,89.44222885714284,31209.226498881493,41.08291781221392
40.0,89.44222885714284,14260.762794617416,42.19088587296972
44.99999999999999,89.44222885714284,10904.18931056158,47.24178090967984
49.99999999999999,89.44222885714284,17210.711272876808,54.01981877133635
54.99999999999999,89.44222885714284,30999.018700559922,59.53236375931797
59.99999999999999,89.44222885714284,49214.1890683519,61.653815155501356
65.0,89.44222885714284,66113.82509291473,60.15803954734657
70.0,89.44222885714284,74803.65515928631,56.41667695213075
75.0,89.44222885714284,71386.37661401994,52.19169983066538
80.0,89.44222885714284,57888.34747755077,48.62674259445349
84.99999999999999,89.44222885714284,40910.56391354299,46.03879333701556
89.99999999999999,89.44222885714284,27177.881503999924,44.263453128030385
94.99999999999999,89.44222885714284,19857.48592481326,43.08393802457649
99.99999999999999,89.44222885714284,17994.67385886646,42.585006999699175
104.99999999999999,89.44222885714284,18395.47163168875,43.41831753675201
109.99999999999999,89.44222885714284,18038.805320081006,46.66673597687041
114.99999999999999,89.44222885714284,15601.883332027784,52.88957187041632
119.99999999999999,89.44222885714284,11581.366045476934,60.77155167918799
125.0,89.44222885714284,7339.727937966259,66.89140402745201
130.0,89.44222885714284,3989.2011642750435,67.63223252695249
134.99999999999997,89.44222885714284,1887.191537864547,62.00402154876772
140.0,89.44222885714284,807.1827491002999,52.76215714542138
145.0,89.44222885714284,343.80113357567944,44.698402302516996
150.0,89.44222885714284,179.69026613342817,41.606562669690504
154.99999999999997,89.44222885714284,159.77100932524021,44.18767352639289
160.0,89.44222885714284,313.57777114433753,49.96247462558245
165.0,89.44222885714284,1014.8842978428911,54.98310849045463
169.99999999999997,89.44222885714284,3476.0577463067625,56.34397347598959
174.99999999999997,89.44222885714284,10652.064720451031,53.88106462297713
179.99999999999997,89.44222885714284,28081.233781027524,49.79889447160221
185.0,89.44222885714284,63270.29094433337,46.70797438868473
189.99999999999997,89.44222885714284,100000.0,45.94358150383311
194.99999999999997,89.44222885714284,100000.00000000001,47.35801932764665
199.99999999999997,89.44222885714284,100000.0,50.08225682367985
205.0,89.44222885714284,100000.0,53.19014258845637
209.99999999999997,89.44222885714284,100000.0,55.954748697163275
214.99999999999997,89.44222885714284,100000.00000000001,58.020078663524934
219.99999999999997,89.44222885714284,100000.0,59.595299449072144
225.0,89.44222885714284,100000.0,61.34736631186368
229.99999999999997,89.44222885714284,100000.0,63.81999376223491
234.99999999999997,89.44222885714284,100000.00000000001,66.80642998855562
239.99999999999997,89.44222885714284,100000.0,69.29975175424357
245.0,89.44222885714284,100000.0,70.10138163625628
250.0,89.44222885714284,100000.0,68.55100860491747
254.99999999999997,89.44222885714284,100000.0,64.82882583211595
260.0,89.44222885714284,100000.0,59.76108011681135
265.0,89.44222885714284,100000.0,54.46932028061706
269.99999999999994,89.44222885714284,100000.0,50.13828472559818
274.99999999999994,89.44222885714284,100000.0,47.78038021438944
280.0,89.44222885714284,100000.0,47.790296300292184
285.0,89.44222885714284,100000.0,49.5637927583774
290.0,89.44222885714284,100000.0,51.744345700544855
294.99999999999994,89.44222885714284,100000.0,53.072697860813854
300.0,89.44222885714284,100000.0,53.03169409756154
305.0,89.44222885714284,100000.0,51.68982470455068
309.99999999999994,89.44222885714284,99999.99999999994,49.139484587258536
314.99999999999994,89.44222885714284,75874.80186358113,45.32157038420066
320.0,89.44222885714284,39045.53098565477,40.366481581634304
325.0,89.44222885714284,17699.008317558106,34.88833270663968
330.0,89.44222885714284,7161.655086692382,29.81102921710157
334.99999999999994,89.44222885714284,2660.8074358616377,25.908864569309355
339.99999999999994,89.44222885714284,962.4690031472974,23.50775225415436
345.0,89.44222885714284,380.8787050745415,22.542332919061383
349.99999999999994,89.44222885714284,198.7948203721679,22.807662184434633
354.99999999999994,89.44222885714284,163.78715573643194,24.139755421053618
359.99999999999994,89.44222885714284,218.4838767131256,26.39590687243277
365.0,89.44222885714284,390.322485084081,29.27818671465392
370.0,89.44222885714284,737.3080755509727,32.15510059519228
374.99999999999994,89.44222885714284,1285.2776420870089,34.100279329769656
379.99999999999994,89.44222885714284,1955.0430497832822,34.280993188417284
385.0,89.44222885714284,2540.953973552053,32.49491166200171
389.99999999999994,89.44222885714284,2800.0917261891,29.373386811904982
394.99999999999994,89.44222885714284,2610.736832219745,26.000554992512125
399.99999999999994,89.44222885714284,2062.5734491220805,23.269874141963683
0.0,94.41124157142855,100000.0,37.49931703237988
5.0,94.41124157142855,100000.0,45.119571381586034
10.0,94.41124157142855,100000.0,51.196997679433395
14.999999999999998,94.41124157142855,100000.0,53.66293345503139
20.0,94.41124157142855,100000.0,51.808245957127944
24.999999999999996,94.41124157142855,100000.0,46.95245375851981
29.999999999999996,94.41124157142855,73833.55765809755,42.01770529667311
35.0,94.41124157142855,34039.83123863227,40.19388160449321
40.0,94.41124157142855,14370.110524464217,43.346520431650745
44.99999999999999,94.41124157142855,8158.076965447219,50.90404018608128
49.99999999999999,94.41124157142855,10129.447301383794,59.89441641226763
54.99999999999999,94.41124157142855,17320.111840854075,66.44053386601334
59.99999999999999,94.41124157142855,27303.101742172064,68.00812997049026
65.0,94.41124157142855,36689.0554895137,64.76241503582187
70.0,94.41124157142855,41705.93619156345,58.97127126762819
75.0,94.41124157142855,40451.90002616826,53.20517904730158
80.0,94.41124157142855,34573.99410573491,48.98559996905125
84.99999999999999,94.41124157142855,28490.25409613647,46.62221638566187
89.99999999999999,94.41124157142855,26570.406534657326,45.73154521631216
94.99999999999999,94.41124157142855,30370.606570936892,45.75905685470096
99.99999999999999,94.41124157142855,37688.70698396035,46.39187686198691
104.99999999999999,94.41124157142855,43902.36244380859,47.95873052978543
109.99999999999999,94.41124157142855,44811.15362307695,51.45799860263416
114.99999999999999,94.41124157142855,39186.60259999751,57.61813747412626
119.99999999999999,94.41124157142855,29201.016598510498,65.34252346387012
125.0,94.41124157142855,18560.285981452118,71.23903720872244
130.0,94.41124157142855,10110.859345829984,71.50166400844593
134.99999999999997,94.41124157142855,4766.859768082858,64.90035988144425
140.0,94.41124157142855,1984.337721008606,54.01692135530436
145.0,94.41124157142855,765.282377662171,43.4967359786043
150.0,94.41124157142855,311.5618051001637,37.02662337341758
154.99999999999997,94.41124157142855,188.41090880188233,35.50536030914247
160.0,94.41124157142855,277.6600332905516,37.25921499625233
165.0,94.41124157142855,817.7403229143495,39.589967491314056
169.99999999999997,94.41124157142855,2732.71841967779,40.5304743927113
174.99999999999997,94.41124157142855,8295.78255860517,39.8161793315966
179.99999999999997,94.41124157142855,21727.855813289378,38.56334944264878
185.0,94.41124157142855,48632.31165891156,38.1035093570454
189.99999999999997,94.41124157142855,93130.16184362372,39.066996716018195
194.99999999999997,94.41124157142855,99999.99999999997,41.32353870466214
199.99999999999997,94.41124157142855,100000.0,44.40996501284327
205.0,94.41124157142855,100000.0,47.81816101833409
209.99999999999997,94.41124157142855,100000.0,51.04935132947925
214.99999999999997,94.41124157142855,100000.0,53.74895936647221
219.99999999999997,94.41124157142855,100000.0,55.992557323369596
225.0,94.41124157142855,100000.0,58.33201017483906
229.99999999999997,94.41124157142855,100000.0,61.300686615846736
234.99999999999997,94.41124157142855,100000.0,64.74608109174083
239.99999999999997,94.41124157142855,100000.0,67.70197503375175
245.0,94.41124157142855,100000.0,68.9788999539613
250.0,94.41124157142855,100000.0,67.92580674682449
254.99999999999997,94.41124157142855,100000.0,64.75768311623145
260.0,94.41124157142855,100000.0,60.34802576093888
265.0,94.41124157142855,100000.0,55.820696585619174
269.99999999999994,94.41124157142855,100000.0,52.268468294324634
274.99999999999994,94.41124157142855,100000.0,50.56397073138997
280.0,94.41124157142855,100000.0,51.036430454881
285.0,94.41124157142855,100000.0,53.13905480152665
290.0,94.41124157142855,100000.0,55.59616418367186
294.99999999999994,94.41124157142855,100000.0,57.12036332705556
300.0,94.41124157142855,100000.0,57.03997505590887
305.0,94.41124157142855,100000.0,55.24871044902334
309.99999999999994,94.41124157142855,100000.0,51.78191166839008
314.99999999999994,94.41124157142855,98492.87257123663,46.72736234349042
320.0,94.41124157142855,49383.00557964417,40.53949144261464
325.0,94.41124157142855,21413.619691781412,34.17329345549936
330.0,94.41124157142855,8055.910713617023,28.711326972369037
334.99999999999994,94.41124157142855,2671.2512418143856,24.82986753717563
339.99999999999994,94.41124157142855,827.2257785205206,22.599903926741995
345.0,94.41124157142855,289.312808667955,21.70618737433856
349.99999999999994,94.41124157142855,171.45784619236878,21.808077611378163
354.99999999999994,94.41124157142855,217.08772377491306,22.761325698966548
359.99999999999994,94.41124157142855,438.6296233300725,24.58481345806044
365.0,94.41124157142855,986.7219126970882,27.200373335530177
370.0,94.41124157142855,2063.078108157529,30.122468258814195
374.99999999999994,94.41124157142855,3755.296091253788,32.41121013539644
379.99999999999994,94.41124157142855,5821.8480702766465,33.09184173883871
385.0,94.41124157142855,7629.315193880621,31.796823742811746
389.99999999999994,94.41124157142855,8428.693371648917,29.051510258704965
394.99999999999994,94.41124157142855,7844.618376200345,25.90988196365712
399.99999999999994,94.41124157142855,6153.755021557825,23.287228059940993
0.0,99.38025428571426,100000.0,37.14168972850672
5.0,99.38025428571426,100000.0,44.1449533272281
10.0,99.38025428571426,100000.0,49.294362352436416
14.999999999999998,99.38025428571426,100000.0,50.77766408546362
20.0,99.38025428571426,100000.0,48.301429375078875
24.999999999999996,99.38025428571426,100000.0,43.51944689051176
29.999999999999996,99.38025428571426,82052.61454732933,39.43210769528894
35.0,99.38025428571426,37843.4272779486,39.08768124840302
40.0,99.38025428571426,15245.939130651994,44.099516516867304
44.99999999999999,99.38025428571426,6623.33852875967,53.52594166870678
49.99999999999999,99.38025428571426,5532.941866924829,63.869520966511125
54.99999999999999,99.38025428571426,8306.995967039757,70.7470407895995
59.99999999999999,99.38025428571426,12854.60557210511,71.49604774389627
65.0,99.38025428571426,17349.312948730923,66.71540017335136
70.0,99.38025428571426,20192.85933726761,59.441233616220515
75.0,99.38025428571426,21086.006226607926,52.9080635870473
80.0,99.38025428571426,21962.313323819246,48.91481104115202
84.99999999999999,99.38025428571426,26534.54517574479,47.65607358455219
89.99999999999999,99.38025428571426,38179.26040107677,48.371796593578715
94.99999999999999,99.38025428571426,57088.36821718488,50.00001078281578
99.99999999999999,99.38025428571426,78543.79482826311,51.70334229160371
104.99999999999999,99.38025428571426,94266.23120352076,53.40095762175497
109.99999999999999,99.38025428571426,96975.52769674778,55.94715803742927
114.99999999999999,99.38025428571426,85130.8502017501,60.29351609437651
119.99999999999999,99.38025428571426,63805.555933050426,65.88823138801837
125.0,99.38025428571426,40967.5711731956,69.98084676259015
130.0,99.38025428571426,22668.551269813863,69.19453029237208
134.99999999999997,99.38025428571426,10907.294523843495,62.294594439325145
140.0,99.38025428571426,4625.6399220845515,51.423564173695965
145.0,99.38025428571426,1770.7477071125763,40.580110810378294
150.0,99.38025428571426,649.4628688273343,32.94979401355699
154.99999999999997,99.38025428571426,279.16355116552035,29.40598495546091
160.0,99.38025428571426,248.90018450877972,28.8487564729947
165.0,99.38025428571426,581.4641351512788,29.49461016423576
169.99999999999997,99.38025428571426,1837.4559583497137,30.05152880771165
174.99999999999997,99.38025428571426,5489.011817249708,30.21473150176855
179.99999999999997,99.38025428571426,14268.615906770758,30.414417471834184
185.0,99.38025428571426,31748.77040209773,31.193696913202274
189.99999999999997,99.38025428571426,60422.54848460534,32.787621985136575
194.99999999999997,99.38025428571426,98799.50667077211,35.14625189734057
199.99999999999997,99.38025428571426,100000.0,38.13602104224574
205.0,99.38025428571426,100000.0,41.57148878569211
209.99999999999997,99.38025428571426,100000.0,45.10984147260611
214.99999999999997,99.38025428571426,100000.00000000001,48.33239243949918
219.99999999999997,99.38025428571426,100000.0,51.10313604077402
225.0,99.38025428571426,100000.0,53.78890488957329
229.99999999999997,99.38025428571426,100000.0,56.90836492518
234.99999999999997,99.38025428571426,100000.00000000001,60.45359695644885
239.99999999999997,99.38025428571426,100000.0,63.62151353879444
245.0,99.38025428571426,100000.0,65.27764458341298
250.0,99.38025428571426,100000.0,64.71983076162098
254.99999999999997,99.38025428571426,100000.0,62.11975276911981
260.0,99.38025428571426,100000.0,58.40221238466979
265.0,99.38025428571426,100000.0,54.77428498102631
269.99999999999994,99.38025428571426,100000.0,52.29580285927167
274.99999999999994,99.38025428571426,100000.0,51.656439971929096
280.0,99.38025428571426,100000.0,52.99350098533451
285.0,99.38025428571426,100000.0,55.698299595347066
290.0,99.38025428571426,100000.0,58.53681986758138
294.99999999999994,99.38025428571426,100000.0,60.24491006515487
300.0,99.38025428571426,100000.0,60.11005759945157
305.0,99.38025428571426,100000.0,57.98236968127975
309.99999999999994,99.38025428571426,100000.0,53.91835346619496
314.99999999999994,99.38025428571426,100000.0,48.10796567049023
320.0,99.38025428571426,55616.56278727963,41.17113479243533
325.0,99.38025428571426,23817.65046586376,34.24402968101918
330.0,99.38025428571426,8785.328402415942,28.526871776747125
334.99999999999994,99.38025428571426,2821.0337670034346,24.68929807466965
339.99999999999994,99.38025428571426,831.8471043222926,22.68145821013939
345.0,99.38025428571426,284.2026377419396,22.020452650972626
349.99999999999994,99.38025428571426,208.02214978787308,22.23157170093241
354.99999999999994,99.38025428571426,384.6041525040221,23.13747588496584
359.99999999999994,99.38025428571426,974.7531502620778,24.84903410605761
365.0,99.38025428571426,2402.761318755336,27.447293621370605
370.0,99.38025428571426,5200.768380874317,30.55167823867738
374.99999999999994,99.38025428571426,9598.38598214256,33.18407294104248
379.99999999999994,99.38025428571426,14968.520773625783,34.21285234495371
385.0,99.38025428571426,19665.348756198768,33.1069610810849
389.99999999999994,99.38025428571426,21742.583769214947,30.32124981647617
394.99999999999994,99.38025428571426,20224.832671761746,26.951790040831575
399.99999999999994,99.38025428571426,15831.027939163128,24.019123396454198
0.0,104.34926699999998,100000.0,36.57786885284531
5.0,104.34926699999998,100000.0,42.907928111406136
10.0,104.34926699999998,100000.0,47.10707478746869
14.999999999999998,104.34926699999998,100000.0,47.62867282582043
20.0,104.34926699999998,100000.0,44.57551006817958
24.999999999999996,104.34926699999998,100000.0,39.86411841490532
29.999999999999996,104.34926699999998,90189.26217049328,36.4277993472903
35.0,104.34926699999998,41796.034989479296,36.979763732403086
40.0,104.34926699999998,16537.491767087984,42.762857222840054
44.99999999999999,104.34926699999998,6105.6818202846825,52.60024721702618
49.99999999999999,104.34926699999998,3188.041848286269,62.91666384246386
54.99999999999999,104.34926699999998,3566.2103344952143,69.37793562070449
59.99999999999999,104.34926699999998,5259.189951759908,69.49974244126786
65.0,104.34926699999998,7312.757012197884,64.18841585193604
70.0,104.34926699999998,9488.215568110365,56.8438495479929
75.0,104.34926699999998,12828.785886934778,50.97333094116234
80.0,104.34926699999998,20312.294232760174,48.411291673550224
84.99999999999999,104.34926699999998,36448.962674329705,49.098642691041235
89.99999999999999,104.34926699999998,64910.163390314694,51.82007085633622
94.99999999999999,104.34926699999998,100000.0,55.02656277854778
99.99999999999999,104.34926699999998,100000.0,57.48485137697824
104.99999999999999,104.34926699999998,100000.0,58.83419784633634
109.99999999999999,104.34926699999998,100000.0,59.79995724205269
114.99999999999999,104.34926699999998,100000.0,61.503998172885865
119.99999999999999,104.34926699999998,100000.0,64.00790544420863
125.0,104.34926699999998,79099.874224799,65.49601815749874
130.0,104.34926699999998,44867.89236756897,63.39152613412978
134.99999999999997,104.34926699999998,22317.95547520666,56.63618447616924
140.0,104.34926699999998,9831.529457916622,46.82212197406402
145.0,104.34926699999998,3880.115453492424,37.050539247655564
150.0,104.34926699999998,1403.9123899217423,29.81108660983337
154.99999999999997,104.34926699999998,507.57364414328146,25.820451529595616
160.0,104.34926699999998,266.0232628102065,24.346611495782543
165.0,104.34926699999998,388.0504211620111,24.203322584118027
169.99999999999997,104.34926699999998,1071.868174563992,24.52388896810919
174.99999999999997,104.34926699999998,3096.2834231158936,24.99691108274631
179.99999999999997,104.34926699999998,7953.88063667852,25.684294481755202
185.0,104.34926699999998,17581.044257910682,26.721341232248875
189.99999999999997,104.34926699999998,33271.13973458513,28.173575778258595
194.99999999999997,104.34926699999998,54076.44388154359,30.097130944791626
199.99999999999997,104.34926699999998,76024.8906308345,32.60233756125907
205.0,104.34926699999998,93429.8820181335,35.7310204305141
209.99999999999997,104.34926699999998,100000.0,39.24492539130406
214.99999999999997,104.34926699999998,100000.0,42.6524853698663
219.99999999999997,104.34926699999998,92752.55723020219,45.600796432955
225.0,104.34926699999998,83779.86337888139,48.248224172967745
229.99999999999997,104.34926699999998,78945.02995906035,51.099900750545416
234.99999999999997,104.34926699999998,81828.38573302799,54.37275587596308
239.99999999999997,104.34926699999998,93356.98762126963,57.54933699944616
245.0,104.34926699999998,100000.0,59.596881017607835
250.0,104.34926699999998,100000.0,59.67031684942536
254.99999999999997,104.34926699999998,100000.0,57.74151083855815
260.0,104.34926699999998,100000.0,54.69888961856518
265.0,104.34926699999998,100000.0,51.87550088694193
269.99999999999994,104.34926699999998,100000.0,50.412207060320654
274.99999999999994,104.34926699999998,100000.0,50.88459605142853
280.0,104.34926699999998,100000.0,53.19954303139801
285.0,104.34926699999998,100000.0,56.58474908666296
290.0,104.34926699999998,100000.0,59.77642287560982
294.99999999999994,104.34926699999998,100000.0,61.545910837132325
300.0,104.34926699999998,100000.0,61.22839140548849
305.0,104.34926699999998,100000.0,58.75652271174189
309.99999999999994,104.34926699999998,100000.0,54.31236871649621
314.99999999999994,104.34926699999998,100000.0,48.200370586673756
320.0,104.34926699999998,53897.35861094782,41.10154814166283
325.0,104.34926699999998,22924.62733436744,34.18161336900368
330.0,104.34926699999998,8391.610073910499,28.673078658249466
334.99999999999994,104.34926699999998,2672.294144184851,25.264384005251852
339.99999999999994,104.34926699999998,785.9484102221751,23.85413468097499
345.0,104.34926699999998,289.32316829629235,23.804046657036395
349.99999999999994,104.34926699999998,292.72568101439106,24.43188221457482
354.99999999999994,104.34926699999998,714.9202478628133,25.434048557645273
359.99999999999994,104.34926699999998,2013.4691024554643,26.988253629938853
365.0,104.34926699999998,5140.699047495322,29.40261521322183
370.0,104.34926699999998,11266.03289756501,32.51019395277858
374.99999999999994,104.34926699999998,20892.901941378128,35.36826948625596
379.99999999999994,104.34926699999998,32648.67363083573,36.68659194560783
385.0,104.34926699999998,42930.501579766365,35.70942364797931
389.99999999999994,104.34926699999998,47477.77702038088,32.75422793207425
394.99999999999994,104.34926699999998,44155.26841704241,28.937988720053742
399.99999999999994,104.34926699999998,34536.79110072319,25.423893161158034
0.0,109.31827971428568,100000.0,35.87021499151388
5.0,109.31827971428568,100000.0,41.63769964498443
10.0,109.31827971428568,100000.0,45.112142772991895
14.999999999999998,109.31827971428568,100000.0,44.93770426389456
20.0,109.31827971428568,100000.0,41.47115424836567
24.999999999999996,109.31827971428568,100000.0,36.74199627029321
29.999999999999996,109.31827971428568,96356.81797108326,33.50055213111324
35.0,109.31827971428568,44972.7282594851,34.05425803967803
40.0,109.31827971428568,17762.928200670445,39.29835637576568
44.99999999999999,109.31827971428568,6133.181001696181,48.04343073075663
49.99999999999999,109.31827971428568,2258.4327780869326,57.08983020243958
54.99999999999999,109.31827971428568,1565.6864620646836,62.64501861251989
59.99999999999999,109.31827971428568,2093.7723911590037,62.611151687123076
65.0,109.31827971428568,3369.26280429344,57.97496630588152
70.0,109.31827971428568,6068.432696773887,52.01411110972695
75.0,109.31827971428568,12521.81565006335,48.07234717721303
80.0,109.31827971428568,27354.807851011527,47.79005211925437
84.99999999999999,109.31827971428568,56890.48211587258,50.80038603540763
89.99999999999999,109.31827971428568,99999.99999999981,55.494141793624934
94.99999999999999,109.31827971428568,100000.0,60.00310930623628
99.99999999999999,109.31827971428568,100000.0,62.9411857385797
104.99999999999999,109.31827971428568,100000.0,63.873466141164954
109.99999999999999,109.31827971428568,100000.0,63.445739487344646
114.99999999999999,109.31827971428568,100000.0,62.8368003683614
119.99999999999999,109.31827971428568,100000.0,62.55921695819019
125.0,109.31827971428568,99999.9999999999,61.63979581429041
130.0,109.31827971428568,79187.30470540849,58.30647189892122
134.99999999999997,109.31827971428568,41087.79082097945,51.73437162494943
140.0,109.31827971428568,18967.775077947856,43.03959409508851
145.0,109.31827971428568,7813.534421813675,34.51789077581689
150.0,109.31827971428568,2887.2995391854583,28.054726141309843
154.99999999999997,109.31827971428568,987.8977662781213,24.22895520160509
160.0,109.31827971428568,371.67489900768163,22.553731875386788
165.0,109.31827971428568,282.30094824365915,22.211336941637306
169.99999999999997,109.31827971428568,566.9935282879195,22.57122257308257
174.99999999999997,109.31827971428568,1508.7043246069127,23.290867919388912
179.99999999999997,109.31827971428568,3779.62776908583,24.185195258053866
185.0,109.31827971428568,8266.225453137838,25.12416463623388
189.99999999999997,109.31827971428568,15540.4332588771,26.079072817070525
194.99999999999997,109.31827971428568,25112.31209939379,27.22887179346523
199.99999999999997,109.31827971428568,35087.781005128294,28.930960401923706
205.0,109.31827971428568,42819.23124683189,31.465554320665834
209.99999999999997,109.31827971428568,46315.369833167686,34.715923427214285
214.99999999999997,109.31827971428568,45393.57583933329,38.122199541202
219.99999999999997,109.31827971428568,41785.75752355978,41.07839831108259
225.0,109.31827971428568,38345.321345432385,43.46272114785282
229.99999999999997,109.31827971428568,38005.85473013212,45.73082560850334
234.99999999999997,109.31827971428568,42882.643842999714,48.39403733117346
239.99999999999997,109.31827971428568,53699.34632493727,51.35722787711585
245.0,109.31827971428568,70011.33519851667,53.76071287560664
250.0,109.31827971428568,91446.0000822448,54.53542196348503
254.99999999999997,109.31827971428568,100000.0,53.27305233782539
260.0,109.31827971428568,100000.0,50.68813598893177
265.0,109.31827971428568,100000.0,48.249010252120996
269.99999999999994,109.31827971428568,100000.0,47.31638146332385
274.99999999999994,109.31827971428568,100000.0,48.504391473089335
280.0,109.31827971428568,100000.0,51.55003127608852
285.0,109.31827971428568,100000.0,55.47746337787961
290.0,109.31827971428568,100000.0,58.919705392473
294.99999999999994,109.31827971428568,100000.0,60.6365130980423
300.0,109.31827971428568,100000.0,60.01256016271904
305.0,109.31827971428568,100000.0,57.12163327899551
309.99999999999994,109.31827971428568,100000.0,52.373777129261036
314.99999999999994,109.31827971428568,91067.42960086442,46.27366805605143
320.0,109.31827971428568,44677.8104000826,39.56112203305464
325.0,109.31827971428568,18868.007321376554,33.343789877415006
330.0,109.31827971428568,6867.822854336336,28.798868960309775
334.99999999999994,109.31827971428568,2185.818283162471,26.60886241606073
339.99999999999994,109.31827971428568,659.2289896209854,26.611620716493533
345.0,109.31827971428568,289.70643075162025,27.91591880760765
349.99999999999994,109.31827971428568,424.73275943449806,29.426370852843853
354.99999999999994,109.31827971428568,1228.949454316313,30.520640312808528
359.99999999999994,109.31827971428568,3628.0166622643605,31.42148121515665
365.0,109.31827971428568,9395.765981341227,32.856518051437035
370.0,109.31827971428568,20691.95228448504,35.17524964628541
374.99999999999994,109.31827971428568,38445.46161375845,37.725536204807725
379.99999999999994,109.31827971428568,60125.001488562826,39.15634705526648
385.0,109.31827971428568,79086.350185744,38.40955370250687
389.99999999999994,109.31827971428568,87472.25928549828,35.48335010096313
394.99999999999994,109.31827971428568,81345.01776057991,31.34855290527108
399.99999999999994,109.31827971428568,63606.99485407889,27.24642758513753
0.0,114.2872924285714,100000.0,35.06325517434185
5.0,114.2872924285714,100000.0,40.46954311244404
10.0,114.2872924285714,100000.0,43.5821234691961
14.999999999999998,114.2872924285714,100000.0,43.122955724115215
20.0,114.2872924285714,100000.0,39.50952280397487
24.999999999999996,114.2872924285714,100000.0,34.72708982813214
29.999999999999996,114.2872924285714,98750.6003204227,31.30909514169577
35.0,114.2872924285714,46442.77435749566,31.238882644998643
40.0,114.2872924285714,18429.95163287668,35.211955367554
44.99999999999999,114.2872924285714,6254.318300530766,42.2205462244276
49.99999999999999,114.2872924285714,1982.0284848478718,49.65991453755558
54.99999999999999,114.2872924285714,929.3131814575146,54.43124586600154
59.99999999999999,114.2872924285714,1201.4135739793699,54.78759687337867
65.0,114.2872924285714,2693.027802522448,51.55769889765214
70.0,114.2872924285714,6859.727957221356,47.58688373741784
75.0,114.2872924285714,17330.504076049154,45.83715416011062
80.0,114.2872924285714,40564.922258567036,47.702998824764244
84.99999999999999,114.2872924285714,84866.65692015026,52.604167123140975
89.99999999999999,114.2872924285714,100000.0,58.7222290911789
94.99999999999999,114.2872924285714,100000.0,64.0881330616864
99.99999999999999,114.2872924285714,100000.0,67.36200408588054
104.99999999999999,114.2872924285714,100000.0,68.16544239650047
109.99999999999999,114.2872924285714,100000.0,67.08292237299916
114.99999999999999,114.2872924285714,100000.0,65.22594779310232
119.99999999999999,114.2872924285714,100000.0,63.30083440299432
125.0,114.2872924285714,100000.0,60.86051308937259
130.0,114.2872924285714,99999.99999999994,56.68981888910957
134.99999999999997,114.2872924285714,68597.69720061428,50.138190709170104
140.0,114.2872924285714,33242.70221694441,42.00960308594489
145.0,114.2872924285714,14297.63849769164,34.09654904027311
150.0,114.2872924285714,5440.380696988285,27.966538008040025
154.99999999999997,114.2872924285714,1851.8682638532212,24.20436010641467
160.0,114.2872924285714,609.5832373864694,22.543529414626775
165.0,114.2872924285714,274.2117040395855,22.413591829165483
169.99999999999997,114.2872924285714,309.3879078938847,23.298082293447838
174.99999999999997,114.2872924285714,664.162106819106,24.73402828351165
179.99999999999997,114.2872924285714,1557.223823132131,26.198426915119775
185.0,114.2872924285714,3323.4533796055703,27.18798062840306
189.99999999999997,114.2872924285714,6176.066243397655,27.519396424858197
194.99999999999997,114.2872924285714,9905.5779673486,27.56208999667604
199.99999999999997,114.2872924285714,13751.198212400212,28.105920168892883
205.0,114.2872924285714,16670.671467804117,29.866730991087035
209.99999999999997,114.2872924285714,17907.711776374155,32.94408234737945
214.99999999999997,114.2872924285714,17453.42669592089,36.647381081805946
219.99999999999997,114.2872924285714,16100.875059282198,39.923996089823724
225.0,114.2872924285714,15154.697212012012,42.157346131729646
229.99999999999997,114.2872924285714,16024.561826572592,43.66392924437698
234.99999999999997,114.2872924285714,19829.630806561276,45.349054287284936
239.99999999999997,114.2872924285714,27142.07895214003,47.7355596420132
245.0,114.2872924285714,38169.45525670372,50.254647676607114
250.0,114.2872924285714,53396.85792126276,51.55863341121666
254.99999999999997,114.2872924285714,73819.27442409971,50.690710961734524
260.0,114.2872924285714,99903.74102862066,48.05312301570975
265.0,114.2872924285714,100000.0,45.247718331121426
269.99999999999994,114.2872924285714,100000.0,43.98907860201414
274.99999999999994,114.2872924285714,100000.0,45.110037787283154
280.0,114.2872924285714,100000.0,48.30413974818529
285.0,114.2872924285714,100000.0,52.42344722927075
290.0,114.2872924285714,100000.0,55.954610069564545
294.99999999999994,114.2872924285714,100000.0,57.56875553297136
300.0,114.2872924285714,100000.0,56.62840563700481
305.0,114.2872924285714,100000.0,53.32448330690737
309.99999999999994,114.2872924285714,100000.0,48.344174081911426
314.99999999999994,114.2872924285714,65208.01096341998,42.48306753364789
320.0,114.2872924285714,31688.980629359663,36.598911183071905
325.0,114.2872924285714,13270.834814345752,31.736044589632876
330.0,114.2872924285714,4806.994758193354,28.98944525155099
334.99999999999994,114.2872924285714,1540.6826698923526,29.025072008765875
339.99999999999994,114.2872924285714,494.243336400936,31.568333902610927
345.0,114.2872924285714,288.499892927484,35.277466489932124
349.99999999999994,114.2872924285714,584.3425595224392,38.30570535637543
354.99999999999994,114.2872924285714,1850.6672795094623,39.41594269163498
359.99999999999994,114.2872924285714,5580.595871620075,38.842717349043454
365.0,114.2872924285714,14541.617154179707,38.01628418557146
370.0,114.2872924285714,32091.135143740445,38.24767136355896
374.99999999999994,114.2872924285714,59672.546582060655,39.55839043114636
379.99999999999994,114.2872924285714,93353.33624967503,40.70785284602895
385.0,114.2872924285714,99999.99999999994,40.26774176164928
389.99999999999994,114.2872924285714,99999.99999999996,37.692753566060276
394.99999999999994,114.2872924285714,99999.99999999994,33.56984886624556
399.99999999999994,114.2872924285714,98762.87383164484,29.083831018068363
0.0,119.25630514285712,100000.0,34.12315753999076
5.0,119.25630514285712,100000.0,39.3567228888566
10.0,119.25630514285712,100000.0,42.47381897241389
14.999999999999998,119.25630514285712,100000.0,42.17110223743414
20.0,119.25630514285712,100000.0,38.74297301807142
24.999999999999996,119.25630514285712,100000.0,34.005355746625234
29.999999999999996,119.25630514285712,95339.29122389838,30.324441455526863
35.0,119.25630514285712,45139.796714145996,29.56747174597992
40.0,119.25630514285712,18019.386894798306,32.463671190162444
44.99999999999999,119.25630514285712,6121.375798127038,38.295097431584075
49.99999999999999,119.25630514285712,1895.110326364219,44.951971813686406
54.99999999999999,119.25630514285712,876.5058464420482,49.75265294655716
59.99999999999999,119.25630514285712,1413.0014516831018,50.988689278929805
65.0,119.25630514285712,3859.4922353150746,49.14271532129663
70.0,119.25630514285712,10499.059256542945,46.62283544920922
75.0,119.25630514285712,26187.955868713325,46.12915946072521
80.0,119.25630514285712,58821.607353715,48.98186941740546
84.99999999999999,119.25630514285712,99999.99999999996,54.589772328498405
89.99999999999999,119.25630514285712,100000.0,61.14270092715916
94.99999999999999,119.25630514285712,100000.0,66.74731968382478
99.99999999999999,119.25630514285712,100000.0,70.19914324397705
104.99999999999999,119.25630514285712,100000.0,71.19250340461834
109.99999999999999,119.25630514285712,100000.0,70.22190660608176
114.99999999999999,119.25630514285712,100000.0,68.2302799882147
119.99999999999999,119.25630514285712,100000.0,65.89252165354283
125.0,119.25630514285712,100000.0,62.96351278010778
130.0,119.25630514285712,100000.0,58.49322446652895
134.99999999999997,119.25630514285712,99999.99999999991,51.898763096503444
140.0,119.25630514285712,53023.85513461869,43.80735668165966
145.0,119.25630514285712,23697.609804969874,35.803744675886655
150.0,119.25630514285712,9284.397393787236,29.436422140015228
154.99999999999997,119.25630514285712,3212.0937350960644,25.4809686158918
160.0,119.25630514285712,1032.9223312110043,23.950475010193948
165.0,119.25630514285712,373.2526203007316,24.513703596573958
169.99999999999997,119.25630514285712,233.22354033740817,26.721612597867544
174.99999999999997,119.25630514285712,309.7917038778692,29.854581180537483
179.99999999999997,119.25630514285712,594.1991196660912,32.77584915132585
185.0,119.25630514285712,1176.7406556945066,34.2783696463933
189.99999999999997,119.25630514285712,2120.2858348307404,33.85718518740302
194.99999999999997,119.25630514285712,3348.67259003512,32.22942345106112
199.99999999999997,119.25630514285712,4603.759809061491,31.029294961795564
205.0,119.25630514285712,5538.8156370841125,31.8196638840886
209.99999999999997,119.25630514285712,5911.506109531263,35.08222139268846
214.99999999999997,119.25630514285712,5741.868856167249,39.829527018433176
219.99999999999997,119.25630514285712,5338.546466989157,44.16933986563301
225.0,119.25630514285712,5214.35515635638,46.609451532663584
229.99999999999997,119.25630514285712,5957.518987911558,47.18624828257423
234.99999999999997,119.25630514285712,8095.049005846292,47.34716955234516
239.99999999999997,119.25630514285712,12018.911987043115,48.50934276775081
245.0,119.25630514285712,18113.660953478888,50.58210493541573
250.0,119.25630514285712,27028.949382958897,51.94276484281321
254.99999999999997,119.25630514285712,39611.05178955593,50.96881882397867
260.0,119.25630514285712,56167.35390691347,47.63541987466361
265.0,119.25630514285712,75860.32145628514,43.647943344185386
269.99999999999994,119.25630514285712,97435.61793974884,41.141989698570924
274.99999999999994,119.25630514285712,100000.0,41.296860303618615
280.0,119.25630514285712,100000.0,43.89449383793145
285.0,119.25630514285712,100000.0,47.7012930629887
290.0,119.25630514285712,100000.0,51.0792430487195
294.99999999999994,119.25630514285712,100000.0,52.578121149795436
300.0,119.25630514285712,100000.0,51.47126992372875
305.0,119.25630514285712,100000.0,47.98906627889459
309.99999999999994,119.25630514285712,71925.51764100109,43.03958393984849
314.99999999999994,119.25630514285712,40083.504310557466,37.698724159809856
320.0,119.25630514285712,19266.102906209853,32.97232792093029
325.0,119.25630514285712,7996.864866945076,29.893380143933868
330.0,119.25630514285712,2891.319379321141,29.539030926000102
334.99999999999994,119.25630514285712,948.0945224840281,32.61136462232263
339.99999999999994,119.25630514285712,344.01454956251837,38.68791156797107
345.0,119.25630514285712,286.16018475357924,45.77026420916579
349.99999999999994,119.25630514285712,722.4737683977103,50.9158675261951
354.99999999999994,119.25630514285712,2389.40887371141,51.97972505023801
359.99999999999994,119.25630514285712,7272.629383565223,49.17474967068937
365.0,119.25630514285712,19000.822079997695,44.896481075099345
370.0,119.25630514285712,41969.245398085244,41.814023248722336
374.99999999999994,119.25630514285712,78067.15294012029,40.94467392751213
379.99999999999994,119.25630514285712,99999.99999999999,41.29743065294596
385.0,119.25630514285712,100000.0,41.041149381563336
389.99999999999994,119.25630514285712,100000.0,38.95616096554394
394.99999999999994,119.25630514285712,100000.0,35.096740598026635
399.99999999999994,119.25630514285712,100000.0,30.479062471353213
0.0,124.22531785714284,100000.0,32.94916755138459
5.0,124.22531785714284,100000.0,38.11728937472542
10.0,124.22531785714284,100000.0,41.52119413637812
14.999999999999998,124.22531785714284,100000.0,41.76483536574331
20.0,124.22531785714284,100000.0,38.87237514313975
24.999999999999996,124.22531785714284,100000.0,34.3962052134427
29.999999999999996,124.22531785714284,84521.53254557685,30.618874840685173
35.0,124.22531785714284,40221.53747191284,29.54135811752392
40.0,124.22531785714284,16140.332348455675,32.17724346293079
44.99999999999999,124.22531785714284,5526.870117166767,38.13261406906291
49.99999999999999,124.22531785714284,1795.7553489614952,45.495924688579166
54.99999999999999,124.22531785714284,1126.9474917645657,51.483427385550016
59.99999999999999,124.22531785714284,2406.851226151664,53.979344751258004
65.0,124.22531785714284,6711.265735034726,53.00438223783024
70.0,124.22531785714284,17340.709443203505,50.7447343363286
75.0,124.22531785714284,40220.77095724854,49.97734771086721
80.0,124.22531785714284,83758.16849315594,52.233165295711906
84.99999999999999,124.22531785714284,100000.0,57.11595406921309
89.99999999999999,124.22531785714284,100000.0,62.980141470308496
94.99999999999999,124.22531785714284,100000.0,68.09972645407764
99.99999999999999,124.22531785714284,100000.0,71.41449208156845
104.99999999999999,124.22531785714284,100000.0,72.65611201729692
109.99999999999999,124.22531785714284,100000.0,72.19227190750652
114.99999999999999,124.22531785714284,100000.0,70.73348643153172
119.99999999999999,124.22531785714284,100000.0,68.7783054734366
125.0,124.22531785714284,100000.0,66.07138349567019
130.0,124.22531785714284,100000.0,61.742880419658384
134.99999999999997,124.22531785714284,100000.0,55.214152171191785
140.0,124.22531785714284,77291.59776331909,47.01495075589126
145.0,124.22531785714284,35710.85651444191,38.68784021008045
150.0,124.22531785714284,14429.446024649838,31.929450731696633
154.99999999999997,124.22531785714284,5187.081691964407,27.824233200656554
160.0,124.22531785714284,1770.344062934042,26.74567075166518
165.0,124.22531785714284,665.2563757520688,28.675676338247445
169.99999999999997,124.22531785714284,330.5668775430124,33.26180572550082
174.99999999999997,124.22531785714284,242.5336480680703,39.39059833483338
179.99999999999997,124.22531785714284,274.0333873039373,44.93727826361196
185.0,124.22531785714284,415.67327912150813,47.52629619978761
189.99999999999997,124.22531785714284,670.8798942926209,46.097919408837775
194.99999999999997,124.22531785714284,1009.8766870182108,41.932846298271095
199.99999999999997,124.22531785714284,1355.467133664702,38.06293375633945
205.0,124.22531785714284,1608.9517797566793,37.43497871108431
209.99999999999997,124.22531785714284,1704.6284623166403,41.118787777551816
214.99999999999997,124.22531785714284,1655.500516785647,47.62445358101532
219.99999999999997,124.22531785714284,1564.0291545919342,53.763326515330505
225.0,124.22531785714284,1603.8026515379638,56.742296507463976
229.99999999999997,124.22531785714284,1988.2086115287725,56.15032153732645
234.99999999999997,124.22531785714284,2936.746265125695,54.09719705000893
239.99999999999997,124.22531785714284,4670.904546511697,53.15345862041016
245.0,124.22531785714284,7488.051251072517,53.933067815091825
250.0,124.22531785714284,11857.46778858696,54.65633501349196
254.99999999999997,124.22531785714284,18312.890345992822,53.05112887839657
260.0,124.22531785714284,27053.75876962931,48.606213526025165
265.0,124.22531785714284,37701.297860175866,43.029495740605626
269.99999999999994,124.22531785714284,49737.494317051096,38.792067908056005
274.99999999999994,124.22531785714284,63098.917761038625,37.408042343778774
280.0,124.22531785714284,77557.62573670622,38.81926773367286
285.0,124.22531785714284,90925.41390090107,41.81702248151447
290.0,124.22531785714284,98498.62565407009,44.741564748793365
294.99999999999994,124.22531785714284,95616.76240301153,46.093744523069404
300.0,124.22531785714284,81465.5489461336,45.07253843336712
305.0,124.22531785714284,60239.9316097064,41.869867078189586
309.99999999999994,124.22531785714284,38468.99383461907,37.45531769195669
314.99999999999994,124.22531785714284,21183.978705176305,33.02618564016953
320.0,124.22531785714284,10068.278019938252,29.66727795940981
325.0,124.22531785714284,4150.900888823442,28.442422104740594
330.0,124.22531785714284,1513.5103064926252,30.51518299172283
334.99999999999994,124.22531785714284,526.7720882964487,36.71841063621873
339.99999999999994,124.22531785714284,236.71242671051394,46.512172488601394
345.0,124.22531785714284,275.9657063232452,57.18894140486934
349.99999999999994,124.22531785714284,780.8118378295787,64.60454617895401
354.99999999999994,124.22531785714284,2623.317146336321,65.6157188125533
359.99999999999994,124.22531785714284,8008.074806587771,60.39864726391013
365.0,124.22531785714284,20939.113520444233,52.37227331722614
370.0,124.22531785714284,46262.99162220326,45.63579569971097
374.99999999999994,124.22531785714284,86062.78936648896,42.237626806679316
379.99999999999994,124.22531785714284,100000.0,41.44677543131312
385.0,124.22531785714284,100000.0,41.065351342742154
389.99999999999994,124.22531785714284,100000.0,39.27621443936961
394.99999999999994,124.22531785714284,100000.0,35.666889899118424
399.99999999999994,124.22531785714284,100000.0,31.076478540016318
0.0,129.19433057142854,100000.0,31.502734479012293
5.0,129.19433057142854,100000.0,36.618954687212785
10.0,129.19433057142854,100000.0,40.45663203515719
14.999999999999998,129.19433057142854,100000.0,41.502981911152574
20.0,129.19433057142854,100000.0,39.42166632067877
24.999999999999996,129.19433057142854,100000.0,35.43543073413904
29.999999999999996,129.19433057142854,66968.30111072128,31.79838456154059
35.0,129.19433057142854,31983.039909279636,30.820910718538652
40.0,129.19433057142854,12895.166637177344,33.97118289017552
44.99999999999999,129.19433057142854,4487.278255783339,41.172152458235324
49.99999999999999,129.19433057142854,1669.1521344703078,50.444663336906174
54.99999999999999,129.19433057142854,1693.747999834403,58.48692208031994
59.99999999999999,129.19433057142854,4362.991585715354,62.457663220319574
65.0,129.19433057142854,11886.020298250345,61.88103911052421
70.0,129.19433057142854,28930.23688411098,58.93710627239804
75.0,129.19433057142854,62357.350198042106,56.76157618278771
80.0,129.19433057142854,99999.99999999991,57.30387712314952
84.99999999999999,129.19433057142854,100000.0,60.480630593201184
89.99999999999999,129.19433057142854,100000.0,64.87137560823388
94.99999999999999,129.19433057142854,100000.0,68.9312957460622
99.99999999999999,129.19433057142854,100000.0,71.72254196023366
104.99999999999999,129.19433057142854,100000.0,72.99127333175304
109.99999999999999,129.19433057142854,100000.0,72.97178452554593
114.99999999999999,129.19433057142854,100000.0,72.12020936890274
119.99999999999999,129.19433057142854,100000.0,70.69042882484948
125.0,129.19433057142854,100000.0,68.33367136803147
130.0,129.19433057142854,100000.0,64.23111670406796
134.99999999999997,129.19433057142854,100000.00000000001,57.8584562817875
140.0,129.19433057142854,99999.99999999988,49.72942705777021
145.0,129.19433057142854,49457.24977387321,41.38822529761248
150.0,129.19433057142854,20856.75718320806,34.6612104795688
154.99999999999997,129.19433057142854,8138.88433173953,30.898303697921612
160.0,129.19433057142854,3259.3636026635454,30.82995817374598
165.0,129.19433057142854,1501.5891709993236,34.817545694900545
169.99999999999997,129.19433057142854,795.0010100700381,42.67789037735366
174.99999999999997,129.19433057142854,449.83180634646845,52.842371524201745
179.99999999999997,129.19433057142854,280.6875139584735,61.91949180709058
185.0,129.19433057142854,227.65394795447088,65.98764602006092
189.99999999999997,129.19433057142854,252.04839786618862,63.2317307455892
194.99999999999997,129.19433057142854,319.373619145511,55.65627685066787
199.99999999999997,129.19433057142854,396.43863134921304,48.11508065129086
205.0,129.19433057142854,453.8024946764781,45.34084203173923
209.99999999999997,129.19433057142854,474.6489762779603,49.14958833818102
214.99999999999997,129.19433057142854,463.67479035800886,57.450293809559966
219.99999999999997,129.19433057142854,449.87130781426777,65.53941323283577
225.0,129.19433057142854,483.9065104827877,69.12608951568757
229.99999999999997,129.19433057142854,633.1617936201842,67.23148028049631
234.99999999999997,129.19433057142854,977.9147395016914,62.57156134917411
239.99999999999997,129.19433057142854,1620.7202736090874,58.88068913190553
245.0,129.19433057142854,2721.5846328023827,57.597620910679495
250.0,129.19433057142854,4526.710823950511,57.01839464859042
254.99999999999997,129.19433057142854,7303.290867636144,54.4519160794349
260.0,129.19433057142854,11169.026590081974,48.963595755690676
265.0,129.19433057142854,16016.275880153196,42.10515846845653
269.99999999999994,129.19433057142854,21717.087691330595,36.4230683561419
274.99999999999994,129.19433057142854,28321.958612492286,33.582961884780566
280.0,129.19433057142854,35666.66774789586,33.66274792387872
285.0,129.19433057142854,42515.32069635513,35.578622501903304
290.0,129.19433057142854,46419.29645993604,37.806383849423305
294.99999999999994,129.19433057142854,45086.103152419644,38.96290478641732
300.0,129.19433057142854,38232.809838296955,38.28042842405923
305.0,129.19433057142854,28036.860913557557,35.87954008498031
309.99999999999994,129.19433057142854,17716.196430541146,32.598162321596256
314.99999999999994,129.19433057142854,9648.450763616229,29.498865602640205
320.0,129.19433057142854,4547.668829723977,27.56661068736502
325.0,129.19433057142854,1880.0677401234714,27.853301374514004
330.0,129.19433057142854,712.2342066609235,31.653556019221746
334.99999999999994,129.19433057142854,284.51266376359126,40.002812581321756
339.99999999999994,129.19433057142854,172.2980062254752,52.364262281568614
345.0,129.19433057142854,251.426515522106,65.56002374071035
349.99999999999994,129.19433057142854,730.1107218671889,74.58327826046057
354.99999999999994,129.19433057142854,2443.3560226172062,75.56312456374313
359.99999999999994,129.19433057142854,7445.140383906664,68.64533685757051
365.0,129.19433057142854,19455.805828563603,57.977625142455565
370.0,129.19433057142854,42977.16645575351,48.651870305387156
374.99999999999994,129.19433057142854,79944.06428676289,43.38813822978486
379.99999999999994,129.19433057142854,100000.0,41.58400577430001
385.0,129.19433057142854,100000.0,40.80188155184977
389.99999999999994,129.19433057142854,100000.0,38.917992473037195
394.99999999999994,129.19433057142854,100000.0,35.32685979724114
399.99999999999994,129.19433057142854,100000.0,30.795470797220123
0.0,134.16334328571426,100000.0,29.865931899479747
5.0,134.16334328571426,100000.0,34.84444172117531
10.0,134.16334328571426,100000.0,39.06708495805362
14.999999999999998,134.16334328571426,100000.0,40.934910267259376
20.0,134.16334328571426,100000.0,39.75188808187757
24.999999999999996,134.16334328571426,81562.18371331308,36.38852455792671
29.999999999999996,134.16334328571426,46386.81497726613,33.05186783651981
35.0,134.16334328571426,22215.790193138688,32.36006442056101
40.0,134.16334328571426,9011.995874140217,36.230535741996
44.99999999999999,134.16334328571426,3258.0039373469376,44.86718099787025
49.99999999999999,134.16334328571426,1622.9812714160223,56.16870403385341
54.99999999999999,134.16334328571426,2726.2177336871023,66.29214308467373
59.99999999999999,134.16334328571426,7663.060768099193,71.70681430124516
65.0,134.16334328571426,20277.36009763192,71.49859522854968
70.0,134.16334328571426,47058.24272500227,67.86402677875189
75.0,134.16334328571426,95731.2643093485,64.27813725060078
80.0,134.16334328571426,100000.0,63.087241625977555
84.99999999999999,134.16334328571426,100000.0,64.5172501079033
89.99999999999999,134.16334328571426,100000.0,67.36631061735208
94.99999999999999,134.16334328571426,100000.0,70.24381877273935
99.99999999999999,134.16334328571426,100000.0,72.30500366513245
104.99999999999999,134.16334328571426,100000.0,73.30769611260806
109.99999999999999,134.16334328571426,100000.0,73.37499064167578
114.99999999999999,134.16334328571426,100000.0,72.72613531168469
119.99999999999999,134.16334328571426,100000.0,71.37244652771628
125.0,134.16334328571426,100000.0,68.89899998933555
130.0,134.16334328571426,100000.0,64.64347975472658
134.99999999999997,134.16334328571426,100000.00000000001,58.304385103778024
140.0,134.16334328571426,100000.0,50.50639242278299
145.0,134.16334328571426,64012.66767842505,42.77305215932193
150.0,134.16334328571426,29087.911050932868,36.88275537038628
154.99999999999997,134.16334328571426,13255.984014638583,34.218232296887884
160.0,134.16334328571426,6770.3749350627295,35.697592257236664
165.0,134.16334328571426,3898.7862924334513,42.011852164133785
169.99999999999997,134.16334328571426,2274.710648988018,53.198098735161125
174.99999999999997,134.16334328571426,1232.1760498313972,67.32436184604732
179.99999999999997,134.16334328571426,613.9502265270847,79.80701659361831
185.0,134.16334328571426,307.7426952003209,85.20936879644648
189.99999999999997,134.16334328571426,188.93457362620467,80.9527431524801
194.99999999999997,134.16334328571426,159.53546747328218,69.727469407384
199.99999999999997,134.16334328571426,162.46169595860007,58.14095553932412
205.0,134.16334328571426,170.68603676779344,52.629486206885424
209.99999999999997,134.16334328571426,174.0420586353057,55.73158928868093
214.99999999999997,134.16334328571426,172.1505095165545,64.89279251199054
219.99999999999997,134.16334328571426,171.67524944090965,74.20583263358957
225.0,134.16334328571426,185.32888173237905,78.18993966075536
229.99999999999997,134.16334328571426,231.63960221311746,75.3349634458164
234.99999999999997,134.16334328571426,336.1925044116738,68.6366066999757
239.99999999999997,134.16334328571426,538.059316998017,62.54036633866853
245.0,134.16334328571426,903.6137211713674,59.11251103008846
250.0,134.16334328571426,1534.1623621228434,56.94617016796863
254.99999999999997,134.16334328571426,2539.0597463969466,53.35677182287515
260.0,134.16334328571426,3977.7433245288294,47.240916238961944
265.0,134.16334328571426,5843.446063802928,39.89676980937883
269.99999999999994,134.16334328571426,8139.6140698653035,33.62983664797123
274.99999999999994,134.16334328571426,10922.52217158062,29.97762594114747
280.0,134.16334328571426,14101.052251775149,29.051876136516462
285.0,134.16334328571426,17089.570633705418,29.951051905655323
290.0,134.16334328571426,18803.037367759818,31.432361039636753
294.99999999999994,134.16334328571426,18276.212742040934,32.407325432269126
300.0,134.16334328571426,15435.171740143704,32.28787933022331
305.0,134.16334328571426,11239.106937968112,31.147921181109464
309.99999999999994,134.16334328571426,7043.635156348533,29.545089421109886
314.99999999999994,134.16334328571426,3812.201831108688,28.139109607116737
320.0,134.16334328571426,1802.8343490678867,27.55468960465316
325.0,134.16334328571426,770.6107588880938,28.67059980822228
330.0,134.16334328571426,327.1612700043026,32.85239555757098
334.99999999999994,134.16334328571426,169.1173581741988,41.37109487910126
339.99999999999994,134.16334328571426,137.35288267963452,53.90810335142027
345.0,134.16334328571426,214.30177945665795,67.33392630313553
349.99999999999994,134.16334328571426,592.2652406905097,76.51993791217829
354.99999999999994,134.16334328571426,1933.4744908027503,77.44633925233424
359.99999999999994,134.16334328571426,5847.30604765697,70.2324139701869
365.0,134.16334328571426,15245.257218692035,59.140712430188124
370.0,134.16334328571426,33649.922720025395,49.401932134498345
374.99999999999994,134.16334328571426,62575.261804208356,43.774962032318854
379.99999999999994,134.16334328571426,97897.172647812,41.59814498110178
385.0,134.16334328571426,100000.0,40.39738095320825
389.99999999999994,134.16334328571426,100000.0,38.128761230879874
394.99999999999994,134.16334328571426,100000.0,34.331918549170226
399.99999999999994,134.16334328571426,100000.0,29.846307945110848
0.0,139.13235599999996,60358.27065636532,28.13982213563509
5.0,139.13235599999996,81730.93582734058,32.773066820639514
10.0,139.13235599999996,93066.2799764776,37.09200791542075
14.999999999999998,139.13235599999996,89107.67509844221,39.5099213786311
20.0,139.13235599999996,71740.6814443415,39.08477891264812
24.999999999999996,139.13235599999996,48575.54113937126,36.36762951944827
29.999999999999996,139.13235599999996,27676.352250213884,33.41450234400723
35.0,139.13235599999996,13297.573676613923,32.94313005594535
40.0,139.13235599999996,5463.068346875747,37.11350054292423
44.99999999999999,139.13235599999996,2185.030451710645,46.344571894562264
49.99999999999999,139.13235599999996,1801.135667194043,58.59952648877434
54.99999999999999,139.13235599999996,4380.632393542556,69.90961334015529
59.99999999999999,139.13235599999996,12605.93998581992,76.47657681427597
65.0,139.13235599999996,32400.900390458064,77.09308737519581
70.0,139.13235599999996,72423.74432884323,73.76081527770651
75.0,139.13235599999996,100000.0,69.92629810472988
80.0,139.13235599999996,100000.0,68.06195703364273
84.99999999999999,139.13235599999996,100000.0,68.60032221284878
89.99999999999999,139.13235599999996,100000.0,70.53592853211225
94.99999999999999,139.13235599999996,100000.0,72.6115275342047
99.99999999999999,139.13235599999996,100000.0,74.05239656150641
104.99999999999999,139.13235599999996,100000.0,74.62446702540004
109.99999999999999,139.13235599999996,100000.0,74.3608471114952
114.99999999999999,139.13235599999996,100000.0,73.28639026584142
119.99999999999999,139.13235599999996,100000.0,71.23865541468926
125.0,139.13235599999996,100000.0,67.85151290572325
130.0,139.13235599999996,100000.0,62.79736684203782
134.99999999999997,139.13235599999996,100000.0,56.20492714568582
140.0,139.13235599999996,100000.0,48.93818014079322
145.0,139.13235599999996,79100.36956236466,42.43906927680436
150.0,139.13235599999996,40966.85458212775,38.18367177645918
154.99999999999997,139.13235599999996,23355.97035960155,37.247396838798906
160.0,139.13235599999996,15124.958976245214,40.427839215155004
165.0,139.13235599999996,10083.811682937028,48.53868424608012
169.99999999999997,139.13235599999996,6213.438239962465,61.80517860824533
174.99999999999997,139.13235599999996,3356.276863512213,78.18525198963724
179.99999999999997,139.13235599999996,1575.8394322434988,92.46489459183822
185.0,139.13235599999996,666.1148425879512,98.3328651908052
189.99999999999997,139.13235599999996,285.8624866861951,92.75242566310123
194.99999999999997,139.13235599999996,156.2436386716184,78.80626205313132
199.99999999999997,139.13235599999996,120.98271808204059,64.10709581891047
205.0,139.13235599999996,113.81527442814516,56.04779501398508
209.99999999999997,139.13235599999996,112.67311418267411,57.5992917451605
214.99999999999997,139.13235599999996,112.19826051983273,66.11455022396363
219.99999999999997,139.13235599999996,112.63503993072567,75.34757927298095
225.0,139.13235599999996,116.56013272478327,79.47438376956285
229.99999999999997,139.13235599999996,128.39592632860288,76.70704419613422
234.99999999999997,139.13235599999996,155.2098186708379,69.79760088237052
239.99999999999997,139.13235599999996,209.33112336726322,63.00618956388483
245.0,139.13235599999996,312.83558850342035,58.41547371935877
250.0,139.13235599999996,499.4517112581868,54.942830476806755
254.99999999999997,139.13235599999996,806.2896303214696,50.38393604311294
260.0,139.13235599999996,1258.2932319017564,43.915812031843444
265.0,139.13235599999996,1867.0495448604681,36.700805376898956
269.99999999999994,139.13235599999996,2653.8107402108913,30.63238353190242
274.99999999999994,139.13235599999996,3650.67204505719,26.886945104875892
280.0,139.13235599999996,4817.646729115216,25.478067382950325
285.0,139.13235599999996,5923.205896297265,25.676945693825633
290.0,139.13235599999996,6560.501389791149,26.592422821336424
294.99999999999994,139.13235599999996,6383.1170432489425,27.545891873611897
300.0,139.13235599999996,5378.621764143473,28.253961618150875
305.0,139.13235599999996,3904.1018273147447,28.808637512070234
309.99999999999994,139.13235599999996,2445.814493031395,29.40789754025155
314.99999999999994,139.13235599999996,1337.6594973379447,30.06538302517108
320.0,139.13235599999996,659.2193132204139,30.729324555594417
325.0,139.13235599999996,316.66552874058164,31.85553666333212
330.0,139.13235599999996,172.30396146524447,34.779027418832506
334.99999999999994,139.13235599999996,122.74710369377804,41.07608990667741
339.99999999999994,139.13235599999996,118.86917586262088,50.947509756819215
345.0,139.13235599999996,174.1055556992216,61.92520827448507
349.99999999999994,139.13235599999996,424.2601069860149,69.57272514308947
354.99999999999994,139.13235599999996,1308.5396063372118,70.32456679932677
359.99999999999994,139.13235599999996,3888.4586187612695,64.23647403655448
365.0,139.13235599999996,10083.329204769456,54.992791497339915
370.0,139.13235599999996,22215.17013980335,47.06095682878279
374.99999999999994,139.13235599999996,41281.944257777075,42.63548062501848
379.99999999999994,139.13235599999996,64565.15943454983,40.8800415580789
385.0,139.13235599999996,84929.11345660451,39.51150038134628
389.99999999999994,139.13235599999996,93935.34343442897,36.879743318529236
394.99999999999994,139.13235599999996,87354.85876520631,32.88888782004193
399.99999999999994,139.13235599999996,68304.72220131865,28.525695499215264
0.0,144.10136871428568,30578.24901400512,26.36461627286674
5.0,144.10136871428568,41420.57462585895,30.350132380842872
10.0,144.10136871428568,47193.54339719256,34.304844227924065
14.999999999999998,144.10136871428568,45220.55005732803,36.80305385346764
20.0,144.10136871428568,36441.69390918423,36.85056112737866
24.999999999999996,144.10136871428568,24707.008941711138,34.75379668764648
29.999999999999996,144.10136871428568,14109.099082528091,32.26664599249126
35.0,144.10136871428568,6821.3629226753965,31.878773416289693
40.0,144.10136871428568,2901.221913496939,35.671905380328504
44.99999999999999,144.10136871428568,1497.811361828557,44.19339817459973
49.99999999999999,144.10136871428568,2279.6530758208564,55.772116122835115
54.99999999999999,144.10136871428568,6670.2051933787625,66.93498959072687
59.99999999999999,144.10136871428568,19070.149671825922,74.21718167847685
65.0,144.10136871428568,47673.69335135642,76.30531452454493
70.0,144.10136871428568,99999.99999999985,74.68944148963581
75.0,144.10136871428568,100000.0,72.2559025115122
80.0,144.10136871428568,100000.0,71.20941535948266
84.99999999999999,144.10136871428568,100000.0,72.04248610213477
89.99999999999999,144.10136871428568,100000.0,73.94062096385785
94.99999999999999,144.10136871428568,100000.0,75.79859224278518
99.99999999999999,144.10136871428568,100000.0,76.91447014246653
104.99999999999999,144.10136871428568,100000.0,77.0519867045276
109.99999999999999,144.10136871428568,100000.0,76.15326836505544
114.99999999999999,144.10136871428568,100000.0,74.09481823263195
119.99999999999999,144.10136871428568,100000.0,70.65435078352837
125.0,144.10136871428568,100000.0,65.67508797145011
130.0,144.10136871428568,100000.0,59.328554325302726
134.99999999999997,144.10136871428568,100000.00000000001,52.29876706531342
140.0,144.10136871428568,100000.0,45.723897763255984
145.0,144.10136871428568,95618.4718575988,40.86493614619437
150.0,144.10136871428568,60012.67165378973,38.671974733531876
154.99999999999997,144.10136871428568,43131.9585575361,39.62615453795184
160.0,144.10136871428568,32876.121311251525,44.101682598254605
165.0,144.10136871428568,23619.02501714544,52.75174554623659
169.99999999999997,144.10136871428568,14921.944194653246,65.86833327682017
174.99999999999997,144.10136871428568,8072.393737817398,81.61334112869761
179.99999999999997,144.10136871428568,3723.1916831326253,95.02260420251018
185.0,144.10136871428568,1486.7489937647592,100.0
189.99999999999997,144.10136871428568,546.8606914325281,93.61664907241278
194.99999999999997,144.10136871428568,221.76728599329584,78.90561053359166
199.99999999999997,144.10136871428568,128.8574126322856,63.28091465021094
205.0,144.10136871428568,106.89958627597856,53.898617668235886
209.99999999999997,144.10136871428568,102.58493926999016,53.676185058567256
214.99999999999997,144.10136871428568,101.86424692445226,60.3181725800545
219.99999999999997,144.10136871428568,101.9695741627971,68.31989672096307
225.0,144.10136871428568,102.92954864587016,72.58209508922181
229.99999999999997,144.10136871428568,105.67717216308039,71.43572649124914
234.99999999999997,144.10136871428568,112.00163989488324,66.88474118047944
239.99999999999997,144.10136871428568,125.23463834070795,61.98001842425621
245.0,144.10136871428568,151.3404903239618,57.961366009529016
250.0,144.10136871428568,199.29694722939348,53.83345242460578
254.99999999999997,144.10136871428568,279.2230617574331,48.215675181249125
260.0,144.10136871428568,399.4214208480502,41.10474771992944
265.0,144.10136871428568,567.4153595849148,33.89842604874424
269.99999999999994,144.10136871428568,795.5885165178585,28.16994865600672
274.99999999999994,144.10136871428568,1097.4164048870548,24.64974720072374
280.0,144.10136871428568,1459.0302422622772,23.134839961819225
285.0,144.10136871428568,1804.2062789789104,22.990772348981306
290.0,144.10136871428568,2004.2196320130868,23.652597011031578
294.99999999999994,144.10136871428568,1953.338891878361,24.88061819374977
300.0,144.10136871428568,1651.3051666230601,26.775037665226048
305.0,144.10136871428568,1210.147699077052,29.52209952592187
309.99999999999994,144.10136871428568,777.9191930685042,32.9240931206182
314.99999999999994,144.10136871428568,453.3367613390706,36.12486414321992
320.0,144.10136871428568,257.3835120770694,38.05644415778226
325.0,144.10136871428568,160.0187382089771,38.48967579398427
330.0,144.10136871428568,119.77002284126752,38.69268912333986
334.99999999999994,144.10136871428568,106.72051172337547,40.73594691248586
339.99999999999994,144.10136871428568,109.00892148387412,45.686451791001076
345.0,144.10136871428568,140.83883327615993,52.20299986971278
349.99999999999994,144.10136871428568,280.00676251642216,57.04239470072289
354.99999999999994,144.10136871428568,771.1000797877718,57.409488429343604
359.99999999999994,144.10136871428568,2203.751237689413,53.20078534084148
365.0,144.10136871428568,5643.798755851267,47.04134869787242
370.0,144.10136871428568,12380.678409647564,42.08258154488696
374.99999999999994,144.10136871428568,22968.565378121628,39.65867815249592
379.99999999999994,144.10136871428568,35897.865782431625,38.79279558613917
385.0,144.10136871428568,47206.084039868954,37.58066085631547
389.99999999999994,144.10136871428568,52207.29422503902,34.897063496949784
394.99999999999994,144.10136871428568,48553.114059522406,31.014749349253748
399.99999999999994,144.10136871428568,37974.46602957917,27.010662975828893
0.0,149.07038142857138,13197.379210238812,24.591217628271053
5.0,149.07038142857138,17864.197526255448,27.658909974166065
10.0,149.07038142857138,20354.32053898797,30.818804040693188
14.999999999999998,149.07038142857138,19513.346037453197,32.943534925200346
20.0,149.07038142857138,15742.099020137843,33.17639371235304
24.999999999999996,149.07038142857138,10695.523969442856,31.665639954705476
29.999999999999996,149.07038142857138,6137.476362666436,29.742267204018717
35.0,149.07038142857138,3017.634522109513,29.3847797548323
40.0,149.07038142857138,1421.1784586645538,32.31703351357863
44.99999999999999,149.07038142857138,1212.4248428721774,39.13051583995852
49.99999999999999,149.07038142857138,2989.1159932142887,48.74849644485128
54.99999999999999,149.07038142857138,9312.337679181552,58.676868684469916
59.99999999999999,149.07038142857138,26188.47628672375,66.25946285084414
65.0,149.07038142857138,63844.67635800547,70.24137691552326
70.0,149.07038142857138,100000.0,71.37360141562866
75.0,149.07038142857138,100000.0,71.56825991313765
80.0,149.07038142857138,100000.0,72.4356859282832
84.99999999999999,149.07038142857138,100000.0,74.40034689423241
89.99999999999999,149.07038142857138,100000.0,76.85079550768513
94.99999999999999,149.07038142857138,100000.0,78.88628689897685
99.99999999999999,149.07038142857138,100000.0,79.90788758136472
104.99999999999999,149.07038142857138,100000.0,79.66929339195565
109.99999999999999,149.07038142857138,100000.0,78.00920399989073
114.99999999999999,149.07038142857138,100000.0,74.69965178314213
119.99999999999999,149.07038142857138,100000.0,69.57960945639479
125.0,149.07038142857138,100000.0,62.83957162408901
130.0,149.07038142857138,100000.0,55.21562346140171
134.99999999999997,149.07038142857138,100000.00000000001,47.907271668750404
140.0,149.07038142857138,100000.0,42.21888258371684
145.0,149.07038142857138,99999.99999999999,39.108021632249276
150.0,149.07038142857138,90128.32888409922,38.89172346501651
154.99999999999997,149.07038142857138,77370.58534241936,41.35885185983648
160.0,149.07038142857138,64563.755522294574,46.32439059450639
165.0,149.07038142857138,48033.06184945222,54.07750824111121
169.99999999999997,149.07038142857138,30686.201803467295,64.83296430098807
174.99999999999997,149.07038142857138,16620.964521247883,77.1820572502566
179.99999999999997,149.07038142857138,7618.799123426066,87.19954239813089
185.0,149.07038142857138,2978.7148972730242,90.04971588115906
189.99999999999997,149.07038142857138,1026.7980511535957,83.49182831009003
194.99999999999997,149.07038142857138,350.9313920402098,70.12883448301159
199.99999999999997,149.07038142857138,157.22864742759688,56.064488397225034
205.0,149.07038142857138,111.11150696919893,47.11515754956789
209.99999999999997,149.07038142857138,101.97402380157598,45.676093424639504
214.99999999999997,149.07038142857138,100.50756812063919,50.11200571846842
219.99999999999997,149.07038142857138,100.51287893281655,56.461427169619945
225.0,149.07038142857138,101.20749789077976,61.15631855804549
229.99999999999997,149.07038142857138,103.11898281450407,63.00446594733864
234.99999999999997,149.07038142857138,107.34410033836775,62.987766686989666
239.99999999999997,149.07038142857138,115.23271214946783,62.23199576473148
245.0,149.07038142857138,127.86747337744016,60.4022680173392
250.0,149.07038142857138,145.55936183123083,56.22306223746013
254.99999999999997,149.07038142857138,167.95075333372517,49.25290714024117
260.0,149.07038142857138,195.21148389799654,40.7412530020804
265.0,149.07038142857138,230.12848420283422,32.78130709977412
269.99999999999994,149.07038142857138,279.28338984842566,26.90227422159874
274.99999999999994,149.07038142857138,349.6816755685031,23.445600493096194
280.0,149.07038142857138,439.1293211508646,21.915313745276645
285.0,149.07038142857138,527.027459484021,21.660168417224483
290.0,149.07038142857138,578.5368281270917,22.35312314509806
294.99999999999994,149.07038142857138,565.5921956408172,24.1569989827625
300.0,149.07038142857138,488.37269599155496,27.58365769803746
305.0,149.07038142857138,376.22451439904034,32.970876134608886
309.99999999999994,149.07038142857138,267.2362066727002,39.71230889989752
314.99999999999994,149.07038142857138,186.2202440166565,45.91557524039909
320.0,149.07038142857138,137.9056260104657,49.23214419345059
325.0,149.07038142857138,114.24389542111903,48.57387462766836
330.0,149.07038142857138,104.65182098817783,45.20504245346189
334.99999999999994,149.07038142857138,101.83302175854152,41.94859279731711
339.99999999999994,149.07038142857138,103.89378107342708,41.0175325920077
345.0,149.07038142857138,119.03744756372123,42.36327731267981
349.99999999999994,149.07038142857138,184.19612814306117,43.96705717241687
354.99999999999994,149.07038142857138,413.9425139160649,43.74021631760614
359.99999999999994,149.07038142857138,1084.146303700198,41.301886641945956
365.0,149.07038142857138,2693.4199007624884,38.096064963036135
370.0,149.07038142857138,5844.9697394300165,35.90758452852126
374.99999999999994,149.07038142857138,10798.042221560927,35.2819644375228
379.99999999999994,149.07038142857138,16846.440944448364,35.2516565075542
385.0,149.07038142857138,22136.488412268063,34.390745818051776
389.99999999999994,149.07038142857138,24476.08238487628,32.0501430019854
394.99999999999994,149.07038142857138,22766.636556061614,28.707251903643723
399.99999999999994,149.07038142857138,17817.886103104986,25.37724078932408
0.0,154.0393941428571,4863.385928587927,22.966187516598044
5.0,154.0393941428571,6562.1463749060595,25.02801874563287
10.0,154.0393941428571,7469.609425927973,27.19685335870444
14.999999999999998,154.0393941428571,7165.112827827559,28.702881402407858
20.0,154.0393941428571,5793.860310058547,28.933237232522668
24.999999999999996,154.0393941428571,3958.2244394166123,27.95002739008997
29.999999999999996,154.0393941428571,2303.3333457842746,26.635831610129426
35.0,154.0393941428571,1192.2301858556148,26.34782088702928
40.0,154.0393941428571,735.0781291362274,28.328957610233424
44.99999999999999,154.0393941428571,1184.9522835636078,33.1537066220471
49.99999999999999,154.0393941428571,3713.0594289492005,40.38063455440826
54.99999999999999,154.0393941428571,11698.923347845415,48.627577442364704
59.99999999999999,154.0393941428571,32335.088450381987,56.20796594741083
65.0,154.0393941428571,77162.72451496415,62.023072073959455
70.0,154.0393941428571,100000.0,66.06291530711083
75.0,154.0393941428571,100000.0,69.1482973043504
80.0,154.0393941428571,100000.0,72.16764899256876
84.99999999999999,154.0393941428571,100000.0,75.41422610394135
89.99999999999999,154.0393941428571,100000.0,78.49162446415859
94.99999999999999,154.0393941428571,100000.0,80.74544657912952
99.99999999999999,154.0393941428571,100000.0,81.70317518740137
104.99999999999999,154.0393941428571,100000.0,81.10793502470277
109.99999999999999,154.0393941428571,100000.0,78.70869568094348
114.99999999999999,154.0393941428571,100000.0,74.23860262956073
119.99999999999999,154.0393941428571,100000.0,67.69667285657461
125.0,154.0393941428571,100000.0,59.66752842808703
130.0,154.0393941428571,100000.0,51.364929373584964
134.99999999999997,154.0393941428571,100000.00000000001,44.29750194199295
140.0,154.0393941428571,100000.0,39.72511779046701
145.0,154.0393941428571,100000.0,38.203921476226114
150.0,154.0393941428571,99999.99999999996,39.4605288406882
154.99999999999997,154.0393941428571,99999.99999999988,42.71088154513845
160.0,154.0393941428571,99999.99999999981,47.301573099174135
165.0,154.0393941428571,83508.13085354617,53.14367463894888
169.99999999999997,154.0393941428571,53624.226978023704,60.300785569532906
174.99999999999997,154.0393941428571,29067.48113592709,67.84968711222922
179.99999999999997,154.0393941428571,13292.94944383742,73.250355919516
185.0,154.0393941428571,5152.790522793594,73.44584046518418
189.99999999999997,154.0393941428571,1726.9602196812878,67.19714297410167
194.99999999999997,154.0393941428571,540.4046069583877,56.50756253912969
199.99999999999997,154.0393941428571,200.2288765578621,45.628920142622164
205.0,154.0393941428571,119.19933972773556,38.501502648276094
209.99999999999997,154.0393941428571,103.16567454824079,36.75306386305087
214.99999999999997,154.0393941428571,100.73828393361343,39.47030982955477
219.99999999999997,154.0393941428571,101.2838194183643,44.454244283766485
225.0,154.0393941428571,104.15145909287614,49.89813461553894
229.99999999999997,154.0393941428571,111.7875290022065,55.24305390111004
234.99999999999997,154.0393941428571,128.2370556548907,60.48270473632363
239.99999999999997,154.0393941428571,156.9666721556048,64.70152676067038
245.0,154.0393941428571,196.83669680447406,65.75183835217418
250.0,154.0393941428571,238.9043471904261,61.83152642257667
254.99999999999997,154.0393941428571,268.68106451960205,53.33412638815807
260.0,154.0393941428571,274.76304786008717,42.87252617005362
265.0,154.0393941428571,257.5224699025277,33.487959292834645
269.99999999999994,154.0393941428571,229.60840591970143,26.90512362891273
274.99999999999994,154.0393941428571,207.16464101049544,23.194544387877542
280.0,154.0393941428571,199.07031313788372,21.56061292375196
285.0,154.0393941428571,202.3584704489908,21.260442824501684
290.0,154.0393941428571,206.197343530303,22.112773289100275
294.99999999999994,154.0393941428571,200.56367721190185,24.60427842857443
300.0,154.0393941428571,182.94239021108947,29.617915218440945
305.0,154.0393941428571,158.53670844543726,37.650830674580675
309.99999999999994,154.0393941428571,135.1545538643666,47.719783276550714
314.99999999999994,154.0393941428571,117.94964873376938,56.91056023507877
320.0,154.0393941428571,107.80000157494378,61.58613495526312
325.0,154.0393941428571,102.89277309792497,59.81715891729983
330.0,154.0393941428571,100.94453860985068,52.95039644316354
334.99999999999994,154.0393941428571,100.47334742351754,44.6789294502176
339.99999999999994,154.0393941428571,101.47463699718398,38.39364630844024
345.0,154.0393941428571,107.49018037205872,35.18610282198196
349.99999999999994,154.0393941428571,133.17892370894455,33.960809440514176
354.99999999999994,154.0393941428571,223.72221213024335,33.06384720244842
359.99999999999994,154.0393941428571,487.84510779463477,31.777739572102416
365.0,154.0393941428571,1122.0485738981376,30.553239973968072
370.0,154.0393941428571,2364.052247410306,30.12187312207013
374.99999999999994,154.0393941428571,4316.0233452229495,30.52279607753649
379.99999999999994,154.0393941428571,6699.65482557571,30.951638699494797
385.0,154.0393941428571,8784.42539947742,30.453597395235754
389.99999999999994,154.0393941428571,9706.442961444092,28.711167987886213
394.99999999999994,154.0393941428571,9032.762359659815,26.209595942045016
399.99999999999994,154.0393941428571,7082.494543604034,23.76052195539582
0.0,159.00840685714283,1563.049679747287,21.67553834034208
5.0,159.00840685714283,2085.0601325967773,22.866708944863923
10.0,159.00840685714283,2364.085080213242,24.13399870469158
14.999999999999998,159.00840685714283,2270.791775391591,25.028607342340578
20.0,159.00840685714283,1849.744502525682,25.18406538275449
24.999999999999996,159.00840685714283,1286.516896679397,24.623429194939572
29.999999999999996,159.00840685714283,783.0259856299679,23.85436193428969
35.0,159.00840685714283,471.18315374600706,23.685064793395135
40.0,159.00840685714283,477.91768267133153,24.91721214909472
44.99999999999999,159.00840685714283,1233.1124758326555,28.07592498761404
49.99999999999999,159.00840685714283,4189.560352258792,33.22557860891119
54.99999999999999,159.00840685714283,13134.740738184022,39.9089212623987
59.99999999999999,159.00840685714283,35757.99931242149,47.27902088947259
65.0,159.00840685714283,83849.5574244261,54.4198486737647
70.0,159.00840685714283,100000.0,60.71853632932374
75.0,159.00840685714283,100000.0,66.06736010757908
80.0,159.00840685714283,100000.0,70.71101426021592
84.99999999999999,159.00840685714283,100000.0,74.82273270317364
89.99999999999999,159.00840685714283,100000.0,78.21596404496142
94.99999999999999,159.00840685714283,100000.0,80.47053658943554
99.99999999999999,159.00840685714283,100000.0,81.22058542819516
104.99999999999999,159.00840685714283,100000.0,80.2071994037491
109.99999999999999,159.00840685714283,100000.0,77.16415184121978
114.99999999999999,159.00840685714283,100000.0,71.90136951300178
119.99999999999999,159.00840685714283,100000.0,64.64457895731108
125.0,159.00840685714283,100000.0,56.29616377809251
130.0,159.00840685714283,100000.0,48.306161847242315
134.99999999999997,159.00840685714283,100000.00000000001,42.17675237098252
140.0,159.00840685714283,100000.0,38.89568273659625
145.0,159.00840685714283,100000.0,38.59676033530347
150.0,159.00840685714283,100000.0,40.59360793853376
154.99999999999997,159.00840685714283,100000.00000000001,43.79908535671164
160.0,159.00840685714283,100000.0,47.34035426326031
165.0,159.00840685714283,99999.99999999991,50.90775664656351
169.99999999999997,159.00840685714283,79575.51658523866,54.450110883340585
174.99999999999997,159.00840685714283,43158.558198647836,57.45257615794557
179.99999999999997,159.00840685714283,19720.63555570574,58.61637795826618
185.0,159.00840685714283,7617.017253016966,56.52422843333034
189.99999999999997,159.00840685714283,2521.0740452493483,50.869683275339
194.99999999999997,159.00840685714283,755.5192763469438,43.08627829910225
199.99999999999997,159.00840685714283,249.2085063164872,35.68382061476072
205.0,159.00840685714283,128.59634589136598,30.849617455796913
209.99999999999997,159.00840685714283,104.86532712752046,29.478143138409887
214.99999999999997,159.00840685714283,101.9275893837067,31.23301744375211
219.99999999999997,159.00840685714283,105.33512192337126,35.3627088136532
225.0,159.00840685714283,117.84926854327325,41.50212105988838
229.99999999999997,159.00840685714283,150.84288687174507,49.64163523044189
234.99999999999997,159.00840685714283,221.79352866334662,59.057269593382976
239.99999999999997,159.00840685714283,345.27234164511924,67.28072862123553
245.0,159.00840685714283,515.2499266008929,70.7475039032777
250.0,159.00840685714283,691.0610361404861,67.19156558966611
254.99999999999997,159.00840685714283,807.4158727447733,57.59008876656908
260.0,159.00840685714283,812.1702408592133,45.58878803052815
265.0,159.00840685714283,703.6294505985126,34.991218168781735
269.99999999999994,159.00840685714283,531.9811247915939,27.72270996196939
274.99999999999994,159.00840685714283,363.30387991663935,23.68202601428091
280.0,159.00840685714283,240.34226853537092,21.86142660354828
285.0,159.00840685714283,170.1842984885854,21.453522138167624
290.0,159.00840685714283,137.56041317969184,22.3785659748396
294.99999999999994,159.00840685714283,123.66712310643277,25.338262888944403
300.0,159.00840685714283,116.3449100586847,31.454878133314008
305.0,159.00840685714283,110.81153940775803,41.321923295128954
309.99999999999994,159.00840685714283,106.33200382630413,53.69058184233631
314.99999999999994,159.00840685714283,103.18896028325837,64.93837079266262
320.0,159.00840685714283,101.36967996694523,70.5357225084583
325.0,159.00840685714283,100.50214684376182,67.97920897079462
330.0,159.00840685714283,100.1663364225558,58.69911685275644
334.99999999999994,159.00840685714283,100.11660474656631,47.02509786363419
339.99999999999994,159.00840685714283,100.47999686069912,37.172616162910735
345.0,159.00840685714283,102.48476494899478,30.977300894911625
349.99999999999994,159.00840685714283,111.01491165990038,27.890615841676855
354.99999999999994,159.00840685714283,141.0751500488847,26.468683218593764
359.99999999999994,159.00840685714283,228.76276922536476,25.72521815807918
365.0,159.00840685714283,439.3153819789372,25.463195078779027
370.0,159.00840685714283,851.6548374192377,25.78434580903125
374.99999999999994,159.00840685714283,1499.7001818271167,26.503664913343787
379.99999999999994,159.00840685714283,2291.0547696214267,27.040629012407116
385.0,159.00840685714283,2983.1889236403094,26.811833201382267
389.99999999999994,159.00840685714283,3289.294474644789,25.681212864033654
394.99999999999994,159.00840685714283,3065.635641758429,24.027328738445476
399.99999999999994,159.00840685714283,2418.1557790466604,22.415108217237417
0.0,163.97741957142853,479.0647708458435,20.814369489898045
5.0,163.97741957142853,614.3475812000041,21.40047214653124
10.0,163.97741957142853,686.683349593061,22.027785872728895
14.999999999999998,163.97741957142853,662.5520309312317,22.474350913817503
20.0,163.97741957142853,553.5604447648847,22.556528690153232
24.999999999999996,163.97741957142853,408.38505526706945,22.28301444442983
29.999999999999996,163.97741957142853,283.28950829300345,21.90843610305319
35.0,163.97741957142853,234.0817689333459,21.859782089458093
40.0,163.97741957142853,391.9602864917805,22.622861423780844
44.99999999999999,163.97741957142853,1236.6446586579261,24.662504600615254
49.99999999999999,163.97741957142853,4273.013144624439,28.34912400034382
54.99999999999999,163.97741957142853,13272.762122885282,33.82261414309124
59.99999999999999,163.97741957142853,35662.302747935886,40.80908785569134
65.0,163.97741957142853,82389.25730658475,48.555997288487525
70.0,163.97741957142853,100000.0,56.079466559170136
75.0,163.97741957142853,100000.0,62.64397310174425
80.0,163.97741957142853,100000.0,68.04275641897412
84.99999999999999,163.97741957142853,100000.0,72.37968756846293
89.99999999999999,163.97741957142853,100000.0,75.64455192084067
94.99999999999999,163.97741957142853,100000.0,77.58499379532455
99.99999999999999,163.97741957142853,100000.0,77.89064993979751
104.99999999999999,163.97741957142853,100000.0,76.3300900047459
109.99999999999999,163.97741957142853,100000.0,72.75365318444419
114.99999999999999,163.97741957142853,100000.0,67.19826486785593
119.99999999999999,163.97741957142853,100000.0,60.143773245864175
125.0,163.97741957142853,100000.0,52.63271527489509
130.0,163.97741957142853,100000.0,46.0160675090582
134.99999999999997,163.97741957142853,100000.00000000001,41.45067583059561
140.0,163.97741957142853,100000.0,39.4798290912254
145.0,163.97741957142853,100000.0,39.88912622793458
150.0,163.97741957142853,100000.0,41.84279094009892
154.99999999999997,163.97741957142853,100000.00000000001,44.271028837530444
160.0,163.97741957142853,100000.0,46.36216624960616
165.0,163.97741957142853,100000.0,47.79815057197304
169.99999999999997,163.97741957142853,99999.9999999999,48.51449727105938
174.99999999999997,163.97741957142853,54594.26327601011,48.2827785589394
179.99999999999997,163.97741957142853,24945.143721442797,46.63136835669917
185.0,163.97741957142853,9623.046640422994,43.23081091243384
189.99999999999997,163.97741957142853,3168.5328564669758,38.36420532324712
194.99999999999997,163.97741957142853,931.1895550992017,33.01041521758871
199.99999999999997,163.97741957142853,289.29353608376437,28.42524762362675
205.0,163.97741957142853,136.40471689934384,25.561097134842523
209.99999999999997,163.97741957142853,106.82838833960398,24.793865206965098
214.99999999999997,163.97741957142853,105.57802243306283,26.138511640027147
219.99999999999997,163.97741957142853,119.40302133761733,29.72671341562848
225.0,163.97741957142853,165.4784928596935,36.037744755067536
229.99999999999997,163.97741957142853,286.56533538256906,45.369513527375
234.99999999999997,163.97741957142853,546.9092147946649,56.63648936539353
239.99999999999997,163.97741957142853,999.9359659618341,66.65659026803044
245.0,163.97741957142853,1623.374924679704,71.30700324342271
250.0,163.97741957142853,2267.7330909335633,68.2241611521248
254.99999999999997,163.97741957142853,2693.049869922366,58.66982456092136
260.0,163.97741957142853,2707.5213290506276,46.640326984343496
265.0,163.97741957142853,2304.315250141329,36.0958651302308
269.99999999999994,163.97741957142853,1666.751359458936,28.898040764828366
274.99999999999994,163.97741957142853,1036.6365650697264,24.81618323242462
280.0,163.97741957142853,571.5389451948726,22.802030862076357
285.0,163.97741957142853,300.7082596399119,22.128153897854418
290.0,163.97741957142853,173.15610049259985,22.843618908218005
294.99999999999994,163.97741957142853,123.72977436475111,25.7470330358284
300.0,163.97741957142853,107.54062610449333,31.992980203019837
305.0,163.97741957142853,102.71033220971499,42.145571872427226
309.99999999999994,163.97741957142853,101.14848466411604,54.870256593683614
314.99999999999994,163.97741957142853,100.50841209725401,66.40884727074672
320.0,163.97741957142853,100.20810729922792,72.07721783692831
325.0,163.97741957142853,100.07474531952141,69.25509063233737
330.0,163.97741957142853,100.0256582475309,59.33841490099273
334.99999999999994,163.97741957142853,100.0269583635375,46.71469365366979
339.99999999999994,163.97741957142853,100.13293462489884,35.74785037051914
345.0,163.97741957142853,100.69468420094692,28.511128097290925
349.99999999999994,163.97741957142853,103.0806336809974,24.72762100100831
354.99999999999994,163.97741957142853,111.48799496691234,23.115666050225208
359.99999999999994,163.97741957142853,136.0126950050775,22.60861328946921
365.0,163.97741957142853,194.90058113187013,22.72195058609894
370.0,163.97741957142853,310.22471934114014,23.278287033926254
374.99999999999994,163.97741957142853,491.4716745618736,24.030547639475614
379.99999999999994,163.97741957142853,712.7997201530126,24.563928382707566
385.0,163.97741957142853,906.3775447568728,24.507750991116183
389.99999999999994,163.97741957142853,991.9899167494062,23.79707856132437
394.99999999999994,163.97741957142853,929.436450673248,22.705238915711153
399.99999999999994,163.97741957142853,748.3476508058371,21.6256193466938
0.0,168.94643228571425,182.79606664893876,20.337314345637786
5.0,168.94643228571425,212.34881084237693,20.581676679151474
10.0,168.94643228571425,228.1541964241943,20.844047169670667
14.999999999999998,168.94643228571425,222.8963409213225,21.031649744051204
20.0,168.94643228571425,199.18319107617566,21.067403764131928
24.999999999999996,168.94643228571425,168.23705568994285,20.955828757365328
29.999999999999996,168.94643228571425,146.2406793133067,20.81127742236055
35.0,168.94643228571425,166.67113189331596,20.84438425622514
40.0,168.94643228571425,354.3776804089433,21.35237330154853
44.99999999999999,168.94643228571425,1171.3722924093474,22.738493727107358
49.99999999999999,168.94643228571425,4027.3600808358924,25.500376785416563
54.99999999999999,168.94643228571425,12373.616629065127,30.071539608372387
59.99999999999999,168.94643228571425,32823.54844213187,36.494122807600085
65.0,168.94643228571425,74730.90183181429,44.14897334130276
70.0,168.94643228571425,100000.0,51.900111582399106
75.0,168.94643228571425,100000.0,58.68711174234747
80.0,168.94643228571425,100000.0,64.04840870169447
84.99999999999999,168.94643228571425,100000.0,68.05112178344855
89.99999999999999,168.94643228571425,100000.0,70.7943849801367
94.99999999999999,168.94643228571425,100000.0,72.11433745882933
99.99999999999999,168.94643228571425,100000.0,71.72858039823566
104.99999999999999,168.94643228571425,100000.0,69.4955244868048
109.99999999999999,168.94643228571425,100000.0,65.51675671984502
114.99999999999999,168.94643228571425,100000.0,60.16737480400131
119.99999999999999,168.94643228571425,100000.0,54.15056795226275
125.0,168.94643228571425,100000.0,48.436734503195154
130.0,168.94643228571425,100000.0,43.968004477814155
134.99999999999997,168.94643228571425,100000.00000000001,41.302876963564046
140.0,168.94643228571425,100000.0,40.47021015004625
145.0,168.94643228571425,100000.0,41.0470451032982
150.0,168.94643228571425,100000.0,42.31610549668423
154.99999999999997,168.94643228571425,100000.00000000001,43.49599378748521
160.0,168.94643228571425,100000.0,44.04033396018554
165.0,168.94643228571425,100000.0,43.77142155290286
169.99999999999997,168.94643228571425,100000.0,42.6937851473468
174.99999999999997,168.94643228571425,59269.774678823196,40.75577799163728
179.99999999999997,168.94643228571425,27097.75698471816,37.89354134957849
185.0,168.94643228571425,10455.847355640644,34.26778168428555
189.99999999999997,168.94643228571425,3439.358428615708,30.3577858772147
194.99999999999997,168.94643228571425,1005.2337973387455,26.7963636441982
199.99999999999997,168.94643228571425,306.3629520055941,24.11223201059008
205.0,168.94643228571425,140.05820271414743,22.58840587157169
209.99999999999997,168.94643228571425,109.45097304345187,22.33182154344631
214.99999999999997,168.94643228571425,115.67061220627124,23.518523976689043
219.99999999999997,168.94643228571425,159.8169913396468,26.64335940553479
225.0,168.94643228571425,302.4502414944307,32.45669769472972
229.99999999999997,168.94643228571425,676.8813491665871,41.29036120545678
234.99999999999997,168.94643228571425,1481.8960447151696,51.986365159634566
239.99999999999997,168.94643228571425,2882.7004850658373,61.46337367554969
245.0,168.94643228571425,4810.41599600447,65.96793769619853
250.0,168.94643228571425,6802.761920458246,63.521467122609316
254.99999999999997,168.94643228571425,8117.706291285365,55.4288269856683
260.0,168.94643228571425,8162.106811138923,45.295187673348714
265.0,168.94643228571425,6914.746459713493,36.49423442998571
269.99999999999994,168.94643228571425,4942.345367231089,30.43346629402286
274.99999999999994,168.94643228571425,2992.501583689194,26.74265260743845
280.0,168.94643228571425,1552.5316880801693,24.52835988976341
285.0,168.94643228571425,713.3173381713094,23.34998216164396
290.0,168.94643228571425,317.8686564315954,23.47085022338583
294.99999999999994,168.94643228571425,165.23106098617004,25.696564385943844
300.0,168.94643228571425,116.56125745778344,31.003124755504473
305.0,168.94643228571425,103.63511604408151,39.781814941323276
309.99999999999994,168.94643228571425,100.72979947497271,50.7889390516287
314.99999999999994,168.94643228571425,100.15171665627334,60.730132363135546
320.0,168.94643228571425,100.0372790086375,65.54416802087192
325.0,168.94643228571425,100.01058229674776,62.95979268624443
330.0,168.94643228571425,100.00360695973289,54.171701137754624
334.99999999999994,168.94643228571425,100.00568330596163,42.96719042287714
339.99999999999994,168.94643228571425,100.03116746050671,33.14372875518868
345.0,168.94643228571425,100.16364631015857,26.562957560885668
349.99999999999994,168.94643228571425,100.72583127416966,23.081068528065416
354.99999999999994,168.94643228571425,102.70671641860096,21.661080120810947
359.99999999999994,168.94643228571425,108.48504706318727,21.381426181997277
365.0,168.94643228571425,122.35977910738598,21.756571124225278
370.0,168.94643228571425,149.53160700618312,22.54723856489971
374.99999999999994,168.94643228571425,192.23568569643209,23.476631463414833
379.99999999999994,168.94643228571425,244.38337702514804,24.149544383209722
385.0,168.94643228571425,289.9927647489408,24.222332553529828
389.99999999999994,168.94643228571425,310.16412412934193,23.630897352117742
394.99999999999994,168.94643228571425,295.42573509344476,22.63075874705671
399.99999999999994,168.94643228571425,252.75891980873777,21.604418252985262
0.0,173.91544499999995,115.24066726792441,20.118429461081806
5.0,173.91544499999995,120.68102304475771,20.204521584602045
10.0,173.91544499999995,123.59163432198258,20.297115564153362
14.999999999999998,173.91544499999995,122.63310138803445,20.363524098318194
20.0,173.91544499999995,118.35655981444611,20.376798601400232
24.999999999999996,173.91544499999995,113.39234350005046,20.340380550513785
29.999999999999996,173.91544499999995,114.4357281834412,20.303493387036504
35.0,173.91544499999995,147.904145206529,20.37252992078996
40.0,173.91544499999995,327.79485802667176,20.743062185489908
44.99999999999999,173.91544499999995,1074.2184696637767,21.756783196197706
49.99999999999999,173.91544499999995,3647.4600226898556,23.917757007389543
54.99999999999999,173.91544499999995,11068.483495546143,27.744260801535706
59.99999999999999,173.91544499999995,28952.190226042578,33.414259904796225
65.0,173.91544499999995,64836.32273438233,40.42483959999599
70.0,173.91544499999995,100000.0,47.66153661805343
75.0,173.91544499999995,100000.0,53.97885816886758
80.0,173.91544499999995,100000.0,58.799927571889064
84.99999999999999,173.91544499999995,100000.0,62.139048052989125
89.99999999999999,173.91544499999995,100000.0,64.11568299608787
94.99999999999999,173.91544499999995,100000.0,64.604882522388
99.99999999999999,173.91544499999995,100000.0,63.383184748448556
104.99999999999999,173.91544499999995,100000.0,60.47582608390214
109.99999999999999,173.91544499999995,100000.0,56.29709014899596
114.99999999999999,173.91544499999995,100000.0,51.552785555478515
119.99999999999999,173.91544499999995,98209.88127787679,47.068722695082656
125.0,173.91544499999995,73902.20955587247,43.57673866964068
130.0,173.91544499999995,66417.57349658592,41.45617286356266
134.99999999999997,173.91544499999995,80290.17998454026,40.60621708443449
140.0,173.91544499999995,100000.0,40.60161603061544
145.0,173.91544499999995,100000.0,40.9600610940883
150.0,173.91544499999995,100000.0,41.2556520694574
154.99999999999997,173.91544499999995,100000.0,41.12830380099243
160.0,173.91544499999995,100000.0,40.36693039381185
165.0,173.91544499999995,100000.0,38.970330488454934
169.99999999999997,173.91544499999995,100000.0,37.02725078442433
174.99999999999997,173.91544499999995,55900.566124197794,34.57822210488544
179.99999999999997,173.91544499999995,25590.984926298344,31.687162590981803
185.0,173.91544499999995,9889.556182266384,28.60117471205547
189.99999999999997,173.91544499999995,3260.554177746147,25.729383407985274
194.99999999999997,173.91544499999995,957.8232867054628,23.443390828196033
199.99999999999997,173.91544499999995,295.9245645907694,21.92476604629512
205.0,173.91544499999995,138.94913104210784,21.19424944441984
209.99999999999997,173.91544499999995,114.09467268652688,21.28001348445862
214.99999999999997,173.91544499999995,139.39685814286491,22.416403187975085
219.99999999999997,173.91544499999995,255.6561759222578,25.141578780128672
225.0,173.91544499999995,627.3499078372477,30.106684210708153
229.99999999999997,173.91544499999995,1602.7248186147533,37.46817333896257
234.99999999999997,173.91544499999995,3699.719516624355,46.126758936986874
239.99999999999997,173.91544499999995,7348.693161244222,53.58953121080333
245.0,173.91544499999995,12370.222260869976,57.08328384976084
250.0,173.91544499999995,17560.10287321354,55.375188551946174
254.99999999999997,173.91544499999995,20985.401361323427,49.69629834348636
260.0,173.91544499999995,21101.026431407226,42.776249153944896
265.0,173.91544499999995,17851.698558755586,36.880260816001154
269.99999999999994,173.91544499999995,12713.65925115447,32.66520718747179
274.99999999999994,173.91544499999995,7634.3250180760415,29.597261894050366
280.0,173.91544499999995,3883.12442938194,27.0803539703616
285.0,173.91544499999995,1696.8459216302142,25.13095844239583
290.0,173.91544499999995,666.6197726417047,24.317786997762305
294.99999999999994,173.91544499999995,269.03263903129067,25.416492786467163
300.0,173.91544499999995,142.40448720365112,29.09278238545108
305.0,173.91544499999995,108.95342171996404,35.46477129790245
309.99999999999994,173.91544499999995,101.59567781253793,43.47655562444601
314.99999999999994,173.91544499999995,100.24231297405213,50.659374911534215
320.0,173.91544499999995,100.03230318415868,54.048432529079484
325.0,173.91544499999995,100.00411634146965,52.001179679464116
330.0,173.91544499999995,100.00070693557937,45.39841316256956
334.99999999999994,173.91544499999995,100.00107790911656,37.01481185428779
339.99999999999994,173.91544499999995,100.00617202490999,29.645770191444978
345.0,173.91544499999995,100.03247874355813,24.687610973184412
349.99999999999994,173.91544499999995,100.14406754601958,22.082215602937534
354.99999999999994,173.91544499999995,100.53724780676693,21.127285203036593
359.99999999999994,173.91544499999995,101.68417107046595,21.20996553516176
365.0,173.91544499999995,104.43812426896484,22.01978516568038
370.0,173.91544499999995,109.83137740853901,23.35589960590014
374.99999999999994,173.91544499999995,118.30757957258754,24.86018395516859
379.99999999999994,173.91544499999995,128.65821556905138,25.971951518143108
385.0,173.91544499999995,137.7110836504878,26.18644822735692
389.99999999999994,173.91544499999995,141.71483517199206,25.393085371865237
394.99999999999994,173.91544499999995,138.78945734225945,23.954130537019232
399.99999999999994,173.91544499999995,130.32065147784837,22.437800745850808
0.0,178.88445771428567,102.36384933778702,20.03514250111907
5.0,178.88445771428567,103.20773842497725,20.060736403545274
10.0,178.88445771428567,103.65993588565296,20.08829425243024
14.999999999999998,178.88445771428567,103.51975987901156,20.10814647325305
20.0,178.88445771428567,102.94011808964974,20.112622699177923
24.999999999999996,178.88445771428567,102.86344843988834,20.10465519993167
29.999999999999996,178.88445771428567,107.84232260953947,20.107209628338925
35.0,178.88445771428567,141.07476136123435,20.18101998333812
40.0,178.88445771428567,305.64348478709223,20.465469899890305
44.99999999999999,178.88445771428567,978.546579911349,21.240154722155488
49.99999999999999,178.88445771428567,3274.7583319970017,22.949165889165148
54.99999999999999,178.88445771428567,9810.735582254421,26.077992242331163
59.99999999999999,178.88445771428567,25285.875206248158,30.836960076479635
65.0,178.88445771428567,55611.84057840944,36.835094923645315
70.0,178.88445771428567,100000.0,43.100201365148344
75.0,178.88445771428567,100000.0,48.56651310454055
80.0,178.88445771428567,100000.0,52.62609446050505
84.99999999999999,178.88445771428567,100000.0,55.202752148150026
89.99999999999999,178.88445771428567,100000.0,56.35982843839312
94.99999999999999,178.88445771428567,100000.0,56.00079325983935
99.99999999999999,178.88445771428567,100000.0,54.02095742399857
104.99999999999999,178.88445771428567,100000.0,50.652563147961054
109.99999999999999,178.88445771428567,100000.0,46.56783837834032
114.99999999999999,178.88445771428567,70450.22826113708,42.665494038239814
119.99999999999999,178.88445771428567,47956.07654576262,39.750275579461274
125.0,178.88445771428567,36767.00971333667,38.25025557079046
130.0,178.88445771428567,38521.60395126584,38.041355662151325
134.99999999999997,178.88445771428567,56315.178748716346,38.52482093978668
140.0,178.88445771428567,90673.50582354302,38.99967570351474
145.0,178.88445771428567,100000.0,39.03441646046931
150.0,178.88445771428567,100000.0,38.51223671962721
154.99999999999997,178.88445771428567,100000.0,37.45080878000053
160.0,178.88445771428567,100000.0,35.91187720041235
165.0,178.88445771428567,100000.0,34.01929303968944
169.99999999999997,178.88445771428567,85547.15910524529,31.90929500640522
174.99999999999997,178.88445771428567,46613.60189925862,29.654745092646717
179.99999999999997,178.88445771428567,21386.36529541461,27.319208709648166
185.0,178.88445771428567,8289.466053179354,25.06867207711368
189.99999999999997,178.88445771428567,2748.750628403873,23.151001243519694
194.99999999999997,178.88445771428567,820.2589795282238,21.755155293587652
199.99999999999997,178.88445771428567,265.0818251259104,20.92893190485606
205.0,178.88445771428567,134.72776308892085,20.646761715259803
209.99999999999997,178.88445771428567,122.75744152012582,20.96492737928783
214.99999999999997,178.88445771428567,185.34812750664466,22.150039198832086
219.99999999999997,178.88445771428567,441.4545754748811,24.667862297966707
225.0,178.88445771428567,1257.2337370702735,28.929839250061914
229.99999999999997,178.88445771428567,3397.6614342356283,34.81478260814988
234.99999999999997,178.88445771428567,7999.423396917513,41.266902728906395
239.99999999999997,178.88445771428567,16006.932840196328,46.46574990905898
245.0,178.88445771428567,27026.453602212117,48.75348973448646
250.0,178.88445771428567,38415.41381615146,47.73709099003064
254.99999999999997,178.88445771428567,45932.07668387835,44.5606654828138
260.0,178.88445771428567,46185.807816908775,40.978462014004066
265.0,178.88445771428567,39055.29766982248,38.04396780553556
269.99999999999994,178.88445771428567,27780.09065669425,35.62191511720528
274.99999999999994,178.88445771428567,16633.70403885107,33.03788776292786
280.0,178.88445771428567,8401.843083806765,30.044498061111316
285.0,178.88445771428567,3604.1341330561636,27.160185235318828
290.0,178.88445771428567,1343.3379643437734,25.280385072607483
294.99999999999994,178.88445771428567,470.85262943621575,25.147189123151982
300.0,178.88445771428567,192.98693809860467,27.097576019242513
305.0,178.88445771428567,119.60047730384146,30.960535227248233
309.99999999999994,178.88445771428567,103.47366412518117,35.870851443899156
314.99999999999994,178.88445771428567,100.51779848463691,40.211439969726676
320.0,178.88445771428567,100.06500933763888,42.14898031593604
325.0,178.88445771428567,100.00690812672306,40.68956325443869
330.0,178.88445771428567,100.00065202287725,36.39131242281164
334.99999999999994,178.88445771428567,100.0002156447157,30.986317173498175
339.99999999999994,178.88445771428567,100.001033289792,26.234047012976358
345.0,178.88445771428567,100.00543069290828,23.039320054238285
349.99999999999994,178.88445771428567,100.02408966694345,21.41857049110233
354.99999999999994,178.88445771428567,100.08983382408343,21.020664526381776
359.99999999999994,178.88445771428567,100.2816121993152,21.594454520803122
365.0,178.88445771428567,100.74210391151281,23.07289111679809
370.0,178.88445771428567,101.64391603049495,25.318044225006837
374.99999999999994,178.88445771428567,103.06123163504066,27.81424296528671
379.99999999999994,178.88445771428567,104.79197349687705,29.67010579320367
385.0,178.88445771428567,106.30571407896049,30.064339385714913
389.99999999999994,178.88445771428567,106.97518601914119,28.806727195429033
394.99999999999994,178.88445771428567,106.48603019593043,26.47859725625944
399.99999999999994,178.88445771428567,105.06995133523961,24.006565966994614
0.0,183.8534704285714,100.30890092380123,20.008800025036233
5.0,183.8534704285714,100.41922601089101,20.01521588851019
10.0,183.8534704285714,100.47898009081497,20.02213472785498
14.999999999999998,183.8534704285714,100.46844973574476,20.02718412196785
20.0,183.8534704285714,100.46971061115504,20.028766981708507
24.999999999999996,183.8534704285714,101.09811933623716,20.0293118419754
29.999999999999996,183.8534704285714,106.18243519789459,20.041750290104908
35.0,183.8534704285714,136.2963074043438,20.105989637741157
40.0,183.8534704285714,283.0471121038796,20.325207911978673
44.99999999999999,183.8534704285714,879.1865208801391,20.918087709568592
49.99999999999999,183.8534704285714,2897.6400595338987,22.240925043911037
54.99999999999999,183.8534704285714,8579.88529483668,24.692518965153894
59.99999999999999,183.8534704285714,21825.84189506442,28.46297677325131
65.0,183.8534704285714,47223.79776486657,33.266213885243324
70.0,183.8534704285714,86805.14549349311,38.33377937921052
75.0,183.8534704285714,100000.0,42.77576399293149
80.0,183.8534704285714,100000.0,46.01433979037492
84.99999999999999,183.8534704285714,100000.0,47.87725282514672
89.99999999999999,183.8534704285714,100000.0,48.3431627105556
94.99999999999999,183.8534704285714,100000.0,47.35029300522068
99.99999999999999,183.8534704285714,100000.0,44.93767218310483
104.99999999999999,183.8534704285714,89090.22168192494,41.50670878374515
109.99999999999999,183.8534704285714,55912.875320660474,37.842401813848355
114.99999999999999,183.8534704285714,33957.04233607413,34.841486434713545
119.99999999999999,183.8534704285714,21597.30054081753,33.16236007379807
125.0,183.8534704285714,17435.83576878068,32.968062863488825
130.0,183.8534704285714,22181.933549668833,33.84286558844293
134.99999999999997,183.8534704285714,37954.0147410048,34.98311827201571
140.0,183.8534704285714,65209.510404016175,35.637735234484744
145.0,183.8534704285714,98950.81062719926,35.47810595995435
150.0,183.8534704285714,100000.0,34.58793404411899
154.99999999999997,183.8534704285714,100000.00000000001,33.194708625074654
160.0,183.8534704285714,100000.0,31.496337560846516
165.0,183.8534704285714,98885.26746967988,29.660652514797146
169.99999999999997,183.8534704285714,64215.01613869749,27.82555420106821
174.99999999999997,183.8534704285714,35084.56269458131,26.06209492957959
179.99999999999997,183.8534704285714,16148.460931869447,24.40398411173312
185.0,183.8534704285714,6289.1055878693705,22.923961656979316
189.99999999999997,183.8534704285714,2106.6023709781234,21.736739998236978
194.99999999999997,183.8534704285714,647.0278755193472,20.92485418942363
199.99999999999997,183.8534704285714,226.1651454414926,20.501687030126302
205.0,183.8534704285714,129.85860342771073,20.475842342579096
209.99999999999997,183.8534704285714,136.53283407231467,20.96956391430516
214.99999999999997,183.8534704285714,257.02992801288184,22.287919368749574
219.99999999999997,183.8534704285714,731.1522096961315,24.82863654596074
225.0,183.8534704285714,2239.33832403769,28.781936725896156
229.99999999999997,183.8534704285714,6196.296308079274,33.7568976021055
234.99999999999997,183.8534704285714,14703.449055231884,38.67963389760448
239.99999999999997,183.8534704285714,29506.713926242355,42.2328766035407
245.0,183.8534704285714,49878.20211762767,43.64284898459404
250.0,183.8534704285714,70932.66294173834,43.18500560971333
254.99999999999997,183.8534704285714,84828.51296551005,41.91284666872991
260.0,183.8534704285714,85297.57859787843,40.778549854980355
265.0,183.8534704285714,72115.59809169093,39.887273602847905
269.99999999999994,183.8534704285714,51271.428933137104,38.54584935227226
274.99999999999994,183.8534704285714,30665.406110491807,36.05503878199333
280.0,183.8534704285714,15447.3872402572,32.49173330436168
285.0,183.8534704285714,6577.991776985173,28.765555026541037
290.0,183.8534704285714,2398.518545180486,25.99686391806562
294.99999999999994,183.8534704285714,785.5787857799199,24.875343801999506
300.0,183.8534704285714,271.8971461228958,25.474524644109213
305.0,183.8534704285714,136.23118678261025,27.403421179261386
309.99999999999994,183.8534704285714,106.41950063646803,29.94669255762837
314.99999999999994,183.8534704285714,100.95616326457575,32.13701351415541
320.0,183.8534704285714,100.11972908457221,32.99798409897094
325.0,183.8534704285714,100.01260661427001,32.02150528416655
330.0,183.8534704285714,100.00111988653852,29.512716196143106
334.99999999999994,183.8534704285714,100.0001065180152,26.40631908311578
339.99999999999994,183.8534704285714,100.00015024348204,23.673392331509376
345.0,183.8534704285714,100.00076522004242,21.84796313308125
349.99999999999994,183.8534704285714,100.00339336380165,21.01246588295774
354.99999999999994,183.8534704285714,100.01265430980648,21.10601504892921
359.99999999999994,183.8534704285714,100.03966888912512,22.1937483841916
365.0,183.8534704285714,100.1045353783683,24.43713515971166
370.0,183.8534704285714,100.23156781899976,27.749517270431927
374.99999999999994,183.8534704285714,100.43121590156107,31.41700665040623
379.99999999999994,183.8534704285714,100.67501431386627,34.1464851772075
385.0,183.8534704285714,100.88824515937335,34.73627060635321
389.99999999999994,183.8534704285714,100.98254934169996,32.90447432846341
394.99999999999994,183.8534704285714,100.91364512455571,29.499492724709125
399.99999999999994,183.8534704285714,100.71417125410281,25.878494060747524
0.0,188.8224831428571,100.03400985615009,20.001858106890186
5.0,188.8224831428571,100.04619591923834,20.00321422828914
10.0,188.8224831428571,100.05333866363286,20.004683704995873
14.999999999999998,188.8224831428571,100.05883931933805,20.00581007763845
20.0,188.8224831428571,100.12488818711282,20.00653143273194
24.999999999999996,188.8224831428571,100.74060406399937,20.008760459564087
29.999999999999996,188.8224831428571,105.0946547635836,20.021061371414024
35.0,188.8224831428571,130.44324909960693,20.071653168650748
40.0,188.8224831428571,253.48162731644862,20.236351187162573
44.99999999999999,188.8224831428571,751.4951454952478,20.67760566866719
49.99999999999999,188.8224831428571,2428.960296596621,21.660320694974686
54.99999999999999,188.8224831428571,7115.40219123242,23.481552251202626
59.99999999999999,188.8224831428571,17920.07398340678,26.287491453271144
65.0,188.8224831428571,38308.4511604159,29.878247694602802
70.0,188.8224831428571,69339.92021335056,33.69493475017904
75.0,188.8224831428571,100000.0,37.06211134280562
80.0,188.8224831428571,100000.0,39.48796698780397
84.99999999999999,188.8224831428571,100000.0,40.750357028229374
89.99999999999999,188.8224831428571,100000.0,40.765809078542645
94.99999999999999,188.8224831428571,100000.0,39.50513418526516
99.99999999999999,188.8224831428571,83328.7266246558,37.11081063203682
104.99999999999999,188.8224831428571,51940.284988759566,34.050161540314186
109.99999999999999,188.8224831428571,29372.613308602122,31.06076012552534
114.99999999999999,188.8224831428571,15870.522937953507,28.884150303394986
119.99999999999999,188.8224831428571,9342.854438245744,27.97641841222604
125.0,188.8224831428571,8243.82047041542,28.333363003137286
130.0,188.8224831428571,12807.119920976325,29.480385229325442
134.99999999999997,188.8224831428571,24447.498385040843,30.67933934159332
140.0,188.8224831428571,43578.327722713046,31.30643441606684
145.0,188.8224831428571,66953.35449136698,31.140194216688016
150.0,188.8224831428571,87021.34372556636,30.324392253860225
154.99999999999997,188.8224831428571,95253.3247430394,29.116859364654065
160.0,188.8224831428571,87707.81071819352,27.72246215536981
165.0,188.8224831428571,67919.36224659043,26.28985471077633
169.99999999999997,188.8224831428571,44238.659644492036,24.930499878937326
174.99999999999997,188.8224831428571,24250.59394096688,23.700611664898837
179.99999999999997,188.8224831428571,11209.03107253586,22.614117407643977
185.0,188.8224831428571,4395.989586955308,21.693106240889904
189.99999999999997,188.8224831428571,1496.6685320581184,20.98288049339513
194.99999999999997,188.8224831428571,481.8878110039908,20.519627606300936
199.99999999999997,188.8224831428571,189.0220356877694,20.319360631251122
205.0,188.8224831428571,125.8460258378773,20.434066957349916
209.99999999999997,188.8224831428571,153.55786906693632,21.042819076180322
214.99999999999997,188.8224831428571,344.1012178962802,22.484370942710164
219.99999999999997,188.8224831428571,1082.8892697003894,25.119397496489825
225.0,188.8224831428571,3431.7483038487107,29.000715985635374
229.99999999999997,188.8224831428571,9594.222628665424,33.56481556616305
234.99999999999997,188.8224831428571,22843.05498976477,37.720534292058694
239.99999999999997,188.8224831428571,45897.29830519381,40.45567332305858
245.0,188.8224831428571,77623.35664736481,41.51791534329798
250.0,188.8224831428571,100000.0,41.524692274383916
254.99999999999997,188.8224831428571,100000.0,41.368223550399705
260.0,188.8224831428571,100000.0,41.4423894652775
265.0,188.8224831428571,100000.0,41.3285973707021
269.99999999999994,188.8224831428571,79793.13397902323,40.16606197899153
274.99999999999994,188.8224831428571,47701.817052140825,37.41687468469492
280.0,188.8224831428571,24001.645910258427,33.41776089254813
285.0,188.8224831428571,10188.665863619024,29.248555169080284
290.0,188.8224831428571,3679.656235949652,26.0489238936429
294.99999999999994,188.8224831428571,1167.7032433868408,24.39823427046104
300.0,188.8224831428571,367.7080719724216,24.20021299532892
305.0,188.8224831428571,156.42532417730746,24.962343997083668
309.99999999999994,188.8224831428571,109.99743165911518,26.09180688657055
314.99999999999994,188.8224831428571,101.48903503750171,27.02341431218501
320.0,188.8224831428571,100.18643374174619,27.288522041211035
325.0,188.8224831428571,100.01962237484085,26.65809146850486
330.0,188.8224831428571,100.00173654772388,25.275976601768562
334.99999999999994,188.8224831428571,100.0001318906511,23.593415778599777
339.99999999999994,188.8224831428571,100.00002528029623,22.10670211179325
345.0,188.8224831428571,100.00009119757806,21.12908858524522
349.99999999999994,188.8224831428571,100.0004026992258,20.789723813823056
354.99999999999994,188.8224831428571,100.00150165625465,21.216966771318425
359.99999999999994,188.8224831428571,100.00470740894026,22.688786625643996
365.0,188.8224831428571,100.01240495470763,25.526016414688478
370.0,188.8224831428571,100.02747958013082,29.673833780897187
374.99999999999994,188.8224831428571,100.05117132411497,34.25931355356469
379.99999999999994,188.8224831428571,100.08010227849218,37.67224713021715
385.0,188.8224831428571,100.10540585534835,38.41195148686933
389.99999999999994,188.8224831428571,100.11659669933569,36.12546314767809
394.99999999999994,188.8224831428571,100.10842000637142,31.872091812724577
399.99999999999994,188.8224831428571,100.08474893570714,27.347585193844623
0.0,193.7914958571428,100.00315622683081,20.000330720747503
5.0,193.7914958571428,100.00431697581278,20.000572775554215
10.0,193.7914958571428,100.00540923353849,20.00084049830408
14.999999999999998,193.7914958571428,100.01099495080564,20.001088196811526
20.0,193.7914958571428,100.06736485220593,20.001520758153706
24.999999999999996,193.7914958571428,100.54112411507691,20.003560377453145
29.999999999999996,193.7914958571428,103.83694048162492,20.01317844659094
35.0,193.7914958571428,122.97173630115374,20.050278553958858
40.0,193.7914958571428,215.712389978136,20.168389584922657
44.99999999999999,193.7914958571428,590.3336788931908,20.481243450602914
49.99999999999999,193.7914958571428,1848.3228600568332,21.171950954919073
54.99999999999999,193.7914958571428,5346.92779462445,22.44268593170707
59.99999999999999,193.7914958571428,13359.372418569565,24.390165807428545
65.0,193.7914958571428,28330.280324382333,26.8770385865363
70.0,193.7914958571428,50775.71009371457,29.524756856995726
75.0,193.7914958571428,76871.4877658837,31.86772462545611
80.0,193.7914958571428,98384.10846823217,33.54026746552394
84.99999999999999,193.7914958571428,100000.0,34.3364804242242
89.99999999999999,193.7914958571428,98079.35076858847,34.15470984309087
94.99999999999999,193.7914958571428,76881.80794576023,32.98283661761807
99.99999999999999,193.7914958571428,51676.53926373805,30.99019277068047
104.99999999999999,193.7914958571428,30112.97719039053,28.598896191275458
109.99999999999999,193.7914958571428,15540.93815431398,26.392576604654803
114.99999999999999,193.7914958571428,7493.849429029698,24.89730254087602
119.99999999999999,193.7914958571428,4085.6838762796583,24.38406064052165
125.0,193.7914958571428,4021.212427801649,24.78052362863178
130.0,193.7914958571428,7333.133293123158,25.70298599594874
134.99999999999997,193.7914958571428,14916.17292364689,26.620429258274083
140.0,193.7914958571428,27095.259479096025,27.11010894270883
145.0,193.7914958571428,41913.62338086109,27.03696526218919
150.0,193.7914958571428,54682.11531333667,26.514026930798238
154.99999999999997,193.7914958571428,60034.87509531287,25.726228822385828
160.0,193.7914958571428,55436.72734990287,24.816943246787137
165.0,193.7914958571428,43053.814013984615,23.888144023782907
169.99999999999997,193.7914958571428,28130.458446454508,23.016484685061737
174.99999999999997,193.7914958571428,15477.812389677312,22.241325879159035
179.99999999999997,193.7914958571428,7192.4021428190235,21.570014996935107
185.0,193.7914958571428,2849.95929562544,21.010254445468487
189.99999999999997,193.7914958571428,996.40199868027,20.58450688916122
194.99999999999997,193.7914958571428,345.8487292677244,20.316003460672704
199.99999999999997,193.7914958571428,158.30854687782266,20.22988154042113
205.0,193.7914958571428,122.6400198846851,20.40232782074789
209.99999999999997,193.7914958571428,168.441256217174,21.034141962609546
214.99999999999997,193.7914958571428,420.0069157462476,22.465733527116363
219.99999999999997,193.7914958571428,1389.5009986744456,25.027103323940345
225.0,193.7914958571428,4471.178964428024,28.7155692871191
229.99999999999997,193.7914958571428,12556.214492590723,32.93754819454588
234.99999999999997,193.7914958571428,29938.396164424237,36.67837281938454
239.99999999999997,193.7914958571428,60185.06470992444,39.13450892661335
245.0,193.7914958571428,99999.99999999975,40.2710692124895
250.0,193.7914958571428,100000.0,40.7161259262137
254.99999999999997,193.7914958571428,100000.0,41.08443310293949
260.0,193.7914958571428,100000.0,41.4032397873919
265.0,193.7914958571428,100000.0,41.11180181064093
269.99999999999994,193.7914958571428,99999.99999999977,39.53756914379838
274.99999999999994,193.7914958571428,62552.55426282968,36.462253754055126
280.0,193.7914958571428,31458.44239006486,32.397350666636704
285.0,193.7914958571428,13336.111359305854,28.358359676094143
290.0,193.7914958571428,4796.43152439541,25.289451150784306
294.99999999999994,193.7914958571428,1500.8035360256033,23.59276400127121
300.0,193.7914958571428,451.2271802875975,23.085825793455157
305.0,193.7914958571428,174.02879138266061,23.291900754414506
309.99999999999994,193.7914958571428,113.11640623366709,23.741924352496003
314.99999999999994,193.7914958571428,101.95357788255697,24.09484023782647
320.0,193.7914958571428,100.24459541688957,24.128031872195944
325.0,193.7914958571428,100.02574351390011,23.738221435762892
330.0,193.7914958571428,100.00227770005046,22.982237694299357
334.99999999999994,193.7914958571428,100.00016967464104,22.06776041932927
339.99999999999994,193.7914958571428,100.00001231086391,21.250459585607068
345.0,193.7914958571428,100.00000963107739,20.727936993992845
349.99999999999994,193.7914958571428,100.00004028013386,20.646549202912546
354.99999999999994,193.7914958571428,100.00015011986551,21.220051596965178
359.99999999999994,193.7914958571428,100.00047059483033,22.81777923577992
365.0,193.7914958571428,100.00124011049563,25.82484038753131
370.0,193.7914958571428,100.00274710521082,30.20454713269065
374.99999999999994,193.7914958571428,100.00511554435877,35.04346280280913
379.99999999999994,193.7914958571428,100.00800774195223,38.64487307886582
385.0,193.7914958571428,100.01053731436573,39.4258476778917
389.99999999999994,193.7914958571428,100.01165605146741,37.013875667120615
394.99999999999994,193.7914958571428,100.01083863592676,32.526462254362464
399.99999999999994,193.7914958571428,100.0084722634692,27.75274313251601
0.0,198.76050857142852,100.00024787136454,20.00004964012812
5.0,198.76050857142852,100.00035871059421,20.000086431548695
10.0,198.76050857142852,100.00072779288323,20.000131051223626
14.999999999999998,198.76050857142852,100.00451570841531,20.000202292949854
20.0,198.76050857142852,100.04210084857341,20.000485143960173
24.999999999999996,198.76050857142852,100.3542719100072,20.001958027194085
29.999999999999996,198.76050857142852,102.5213595898213,20.008627848622496
35.0,198.76050857142852,115.0949848530925,20.03376568341545
40.0,198.76050857142852,175.99227395890998,20.11269172186541
44.99999999999999,198.76050857142852,421.71383230050185,20.319337116653017
49.99999999999999,198.76050857142852,1245.4755164651212,20.770410310730284
54.99999999999999,198.76050857142852,3530.75038697597,21.591008877613497
59.99999999999999,198.76050857142852,8745.206211848832,22.835448589629333
65.0,198.76050857142852,18434.646499752173,24.410616864704604
70.0,198.76050857142852,32838.00186842625,26.077761950909
75.0,198.76050857142852,49343.04144288451,27.548281215700086
80.0,198.76050857142852,62540.08651301005,28.58980149333259
84.99999999999999,198.76050857142852,66909.7356940864,29.055294967662956
89.99999999999999,198.76050857142852,60507.0452009148,28.85839782306608
94.99999999999999,198.76050857142852,46351.21343835443,27.98797964779976
99.99999999999999,198.76050857142852,30189.234040698495,26.578709404659087
104.99999999999999,198.76050857142852,16831.798093633366,24.941380447940716
109.99999999999999,198.76050857142852,8156.77504987601,23.474880624741072
114.99999999999999,198.76050857142852,3616.2180193567797,22.508276811255477
119.99999999999999,198.76050857142852,1865.7763698670146,22.182883655026814
125.0,198.76050857142852,2018.2647599480165,22.422907493306646
130.0,198.76050857142852,4047.1271020910604,22.980104581540267
134.99999999999997,198.76050857142852,8473.12205425176,23.540205213188266
140.0,198.76050857142852,15512.348002496605,23.863722916230245
145.0,198.76050857142852,24074.06906945818,23.87546675561023
150.0,198.76050857142852,31482.186011970756,23.634659986292615
154.99999999999997,198.76050857142852,34642.323319104435,23.23729784570497
160.0,198.76050857142852,32064.803776253488,22.758231715729952
165.0,198.76050857142852,24967.156389993175,22.254113961831195
169.99999999999997,198.76050857142852,16363.298394251104,21.770269188327998
174.99999999999997,198.76050857142852,9041.654776809713,21.330922634363336
179.99999999999997,198.76050857142852,4232.884500456183,20.94206538898087
185.0,198.76050857142852,1705.8866413590176,20.611395658568725
189.99999999999997,198.76050857142852,624.5912640630379,20.35699984921324
194.99999999999997,198.76050857142852,244.2851828747298,20.199561993286174
199.99999999999997,198.76050857142852,135.15608615305982,20.16744711378179
205.0,198.76050857142852,119.36364425715544,20.3371838551053
209.99999999999997,198.76050857142852,174.7253440923645,20.89143690042617
214.99999999999997,198.76050857142852,453.5616733244849,22.127041840639315
219.99999999999997,198.76050857142852,1525.2048065948713,24.324026850184687
225.0,198.76050857142852,4931.2381919682775,27.474794069661307
229.99999999999997,198.76050857142852,13867.213949909143,31.083140667261596
234.99999999999997,198.76050857142852,33078.84661779269,34.3351594997551
239.99999999999997,198.76050857142852,66508.93574235337,36.63037973926631
245.0,198.76050857142852,100000.0,37.97847464086012
250.0,198.76050857142852,100000.0,38.806508852995925
254.99999999999997,198.76050857142852,100000.0,39.38556689895359
260.0,198.76050857142852,100000.0,39.512713686363796
265.0,198.76050857142852,100000.0,38.715406202940834
269.99999999999994,198.76050857142852,100000.0,36.6798293862599
274.99999999999994,198.76050857142852,69125.60033862128,33.53571718814369
280.0,198.76050857142852,34758.87564052161,29.86752203705228
285.0,198.76050857142852,14729.194009039542,26.469252728486452
290.0,198.76050857142852,5290.724529682621,23.969815638373895
294.99999999999994,198.76050857142852,1648.2361947351033,22.570596697103557
300.0,198.76050857142852,488.1933606214747,22.06550191190927
305.0,198.76050857142852,181.82021998738622,22.070848876769876
309.99999999999994,198.76050857142852,114.49688971743082,22.249171921056206
314.99999999999994,198.76050857142852,102.15918910714923,22.389732426641427
320.0,198.76050857142852,100.27033867518121,22.376588943405785
325.0,198.76050857142852,100.02845295309861,22.154221454967786
330.0,198.76050857142852,100.00251737965667,21.739104794028275
334.99999999999994,198.76050857142852,100.00018725105843,21.229381525378574
339.99999999999994,198.76050857142852,100.0000118504584,20.76588368612927
345.0,198.76050857142852,100.00000137942438,20.480650287066215
349.99999999999994,198.76050857142852,100.00000341737069,20.506979343509048
354.99999999999994,198.76050857142852,100.00001264354066,21.06140977444306
359.99999999999994,198.76050857142852,100.00003963199947,22.498664399043594
365.0,198.76050857142852,100.00010443808475,25.177673969717187
370.0,198.76050857142852,100.0002313522914,29.073464265608155
374.99999999999994,198.76050857142852,100.00043081455503,33.37658101702538
379.99999999999994,198.76050857142852,100.00067438605633,36.579101009954265
385.0,198.76050857142852,100.00088741844102,37.27364103340045
389.99999999999994,198.76050857142852,100.0009816348514,35.128963306792585
394.99999999999994,198.76050857142852,100.00091279476563,31.138743732622437
399.99999999999994,198.76050857142852,100.00071350655195,26.893899358926593
0.0,203.72952128571424,100.00001702709174,20.0000063032035
5.0,203.72952128571424,100.00003567652047,20.000011268940693
10.0,203.72952128571424,100.00021990335031,20.000019780804955
14.999999999999998,203.72952128571424,100.00235848126357,20.0000506019194
20.0,203.72952128571424,100.0235372900317,20.000225072326536
24.999999999999996,203.72952128571424,100.1991943247109,20.00114937391645
29.999999999999996,203.72952128571424,101.41819821388275,20.00527654839569
35.0,203.72952128571424,108.48923970473437,20.02065944411899
40.0,203.72952128571424,142.72336730092604,20.068485546778543
44.99999999999999,203.72952128571424,280.7780376742116,20.192431067143605
49.99999999999999,203.72952128571424,743.186227763305,20.459958772868614
54.99999999999999,203.72952128571424,2024.312462816061,20.940632723350095
59.99999999999999,203.72952128571424,4941.855345485604,21.659820662929395
65.0,203.72952128571424,10347.360055927782,22.55767806878795
70.0,203.72952128571424,18345.921052109592,23.49621279584274
75.0,203.72952128571424,27439.73471823083,24.316949937739988
80.0,203.72952128571424,34587.550130153155,24.895654054174667
84.99999999999999,203.72952128571424,36743.54518351813,25.148815504092905
89.99999999999999,203.72952128571424,32918.72618159037,25.0174361100592
94.99999999999999,203.72952128571424,24903.322396199343,24.485779317144917
99.99999999999999,203.72952128571424,15945.670906784344,23.633427538380094
104.99999999999999,203.72952128571424,8683.624322477885,22.65151821341121
109.99999999999999,203.72952128571424,4074.0228708488216,21.77902383939481
114.99999999999999,203.72952128571424,1735.9879158141005,21.20123833310581
119.99999999999999,203.72952128571424,883.8632783439233,20.98518680126998
125.0,203.72952128571424,1010.4051346405771,21.07752175664483
130.0,203.72952128571424,2087.2954780657915,21.34315376915323
134.99999999999997,203.72952128571424,4386.389895337522,21.624679279775712
140.0,203.72952128571424,8029.422096434379,21.80677245196829
145.0,203.72952128571424,12464.326863770488,21.851328337993124
150.0,203.72952128571424,16314.660279598143,21.779323385605895
154.99999999999997,203.72952128571424,17977.301382425947,21.627084923936867
160.0,203.72952128571424,16670.04149999516,21.424027748884576
165.0,203.72952128571424,13011.181978734878,21.19583052958922
169.99999999999997,203.72952128571424,8557.213644191259,20.965080558513755
174.99999999999997,203.72952128571424,4757.006206888762,20.744235274847075
179.99999999999997,203.72952128571424,2255.7789164124447,20.537987045199582
185.0,203.72952128571424,938.9193263978857,20.354689595543014
189.99999999999997,203.72952128571424,374.4654140963773,20.20990562209941
194.99999999999997,203.72952128571424,175.6938921161514,20.12104021934146
199.99999999999997,203.72952128571424,119.21954496290238,20.11231605131032
205.0,203.72952128571424,115.41152806169157,20.244185814779005
209.99999999999997,203.72952128571424,169.14996777797384,20.65455332954757
214.99999999999997,203.72952128571424,429.1406147897983,21.564061933239483
219.99999999999997,203.72952128571424,1426.9922290672541,23.18178692082129
225.0,203.72952128571424,4598.33387803573,25.512943509709086
229.99999999999997,203.72952128571424,12918.563512907645,28.222444463940977
234.99999999999997,203.72952128571424,30806.390064431485,30.76515867578709
239.99999999999997,203.72952128571424,61932.92910557787,32.75124517337016
245.0,203.72952128571424,100000.0,34.17442106275574
250.0,203.72952128571424,100000.0,35.21390599947524
254.99999999999997,203.72952128571424,100000.0,35.846762022915186
260.0,203.72952128571424,100000.0,35.75951867175866
265.0,203.72952128571424,100000.0,34.64369475465528
269.99999999999994,203.72952128571424,100000.0,32.50485746020757
274.99999999999994,203.72952128571424,64369.28853038545,29.704457410746286
280.0,203.72952128571424,32370.654188454693,26.7941091980604
285.0,203.72952128571424,13721.147604934833,24.30146683681848
290.0,203.72952128571424,4933.049924092215,22.55156462874913
294.99999999999994,203.72952128571424,1541.5526735232309,21.585018933526097
300.0,203.72952128571424,461.44431884015745,21.21523895089546
305.0,203.72952128571424,176.18227582947955,21.177187000481542
309.99999999999994,203.72952128571424,113.49795992325268,21.256338241184878
314.99999999999994,203.72952128571424,102.01040695841151,21.32732709660177
320.0,203.72952128571424,100.25171058311467,21.324317028800106
325.0,203.72952128571424,100.02649235865589,21.21220380524604
330.0,203.72952128571424,100.00234391290184,20.992059209647405
334.99999999999994,203.72952128571424,100.00017432832847,20.712512232537186
339.99999999999994,203.72952128571424,100.00001090930822,20.453723976776654
345.0,203.72952128571424,100.00000062703279,20.30113975140336
349.99999999999994,203.72952128571424,100.00000026582966,20.35522303202743
354.99999999999994,203.72952128571424,100.00000089788497,20.786468158872765
359.99999999999994,203.72952128571424,100.00000281178426,21.86927920200293
365.0,203.72952128571424,100.00000740953179,23.878210614847685
370.0,203.72952128571424,100.00001641366748,26.797278823447915
374.99999999999994,203.72952128571424,100.00003056484464,30.02110162256729
379.99999999999994,203.72952128571424,100.00004784542396,32.42031803808097
385.0,203.72952128571424,100.00006295935563,32.94065135045619
389.99999999999994,203.72952128571424,100.00006964369327,31.333963041478622
394.99999999999994,203.72952128571424,100.00006475972056,28.344670227602094
399.99999999999994,203.72952128571424,100.00005062089164,25.164618308792253
0.0,208.69853399999997,100.00000128405344,20.000000688728523
5.0,208.69853399999997,100.00000774234663,20.000001394674157
10.0,208.69853399999997,100.00009436863914,20.000003902950656
14.999999999999998,208.69853399999997,100.00111560359318,20.000019308789376
20.0,208.69853399999997,100.01122692346202,20.00011470209125
24.999999999999996,208.69853399999997,100.09507505348472,20.000620246494343
29.999999999999996,208.69853399999997,100.67690349963853,20.002862929801168
35.0,208.69853399999997,104.05148908654006,20.01116753642651
40.0,208.69853399999997,120.38616379411178,20.036805646285053
44.99999999999999,208.69853399999997,186.23816860371258,20.10270798792031
49.99999999999999,208.69853399999997,406.70494371242927,20.243568852039253
54.99999999999999,208.69853399999997,1017.1031499498848,20.493681685410525
59.99999999999999,208.69853399999997,2405.7764851831853,20.862643003348477
65.0,208.69853399999997,4974.747268518826,21.315896132280162
70.0,208.69853399999997,8767.005733492395,21.78213821154229
75.0,208.69853399999997,13060.765155111949,22.185491098183682
80.0,208.69853399999997,16405.038796292327,22.470749110736122
84.99999999999999,208.69853399999997,17360.75298178516,22.599466415745383
89.99999999999999,208.69853399999997,15481.854145560594,22.537251811493014
94.99999999999999,208.69853399999997,11645.361734492904,22.267290207818796
99.99999999999999,208.69853399999997,7405.126500933926,21.825201113337105
104.99999999999999,208.69853399999997,4002.69308819404,21.310596588743827
109.99999999999999,208.69853399999997,1869.5952609230528,20.849768033736304
114.99999999999999,208.69853399999997,805.9231683619382,20.537526894853833
119.99999999999999,208.69853399999997,429.7615948429195,20.403935014195852
125.0,208.69853399999997,497.55513239616954,20.419348477273996
130.0,208.69853399999997,992.8732102773963,20.520136558761777
134.99999999999997,208.69853399999997,2040.3481718584299,20.63808194007889
140.0,208.69853399999997,3698.151227560166,20.725228582107434
145.0,208.69853399999997,5718.272228788951,20.764181427457252
150.0,208.69853399999997,7476.180516667993,20.758832444925094
154.99999999999997,208.69853399999997,8241.19148870981,20.718319581615283
160.0,208.69853399999997,7653.700109876546,20.650877488134928
165.0,208.69853399999997,5991.749804352048,20.56585793820282
169.99999999999997,208.69853399999997,3963.144272032194,20.472393267701406
174.99999999999997,208.69853399999997,2229.3611795401266,20.375471268004752
179.99999999999997,208.69853399999997,1086.6641757633374,20.277926436985982
185.0,208.69853399999997,484.328390448591,20.186319560145698
189.99999999999997,208.69853399999997,225.86503884326322,20.11170853962054
194.99999999999997,208.69853399999997,134.813514656522,20.066107482028784
199.99999999999997,208.69853399999997,109.404953573746,20.065956195899876
205.0,208.69853399999997,110.98785171923579,20.15038615769225
209.99999999999997,208.69853399999997,154.06026736438452,20.406580171938785
214.99999999999997,208.69853399999997,358.14673909584894,20.97345280576787
219.99999999999997,208.69853399999997,1140.8635650062763,21.98526672592806
225.0,208.69853399999997,3628.403670060467,23.45730510121129
229.99999999999997,208.69853399999997,10154.627157442488,25.207828931810383
234.99999999999997,208.69853399999997,24185.48382254269,26.93885197723842
239.99999999999997,208.69853399999997,48600.52417885108,28.441616740508163
245.0,208.69853399999997,82199.24106307275,29.693100904647167
250.0,208.69853399999997,100000.0,30.697205816210804
254.99999999999997,208.69853399999997,100000.0,31.273300930731445
260.0,208.69853399999997,100000.0,31.10629038855876
265.0,208.69853399999997,100000.0,30.031035608518774
269.99999999999994,208.69853399999997,84497.09140880541,28.21841110255043
274.99999999999994,208.69853399999997,50511.556227731504,26.084456217382424
280.0,208.69853399999997,25412.461602212887,24.06729568332569
285.0,208.69853399999997,10784.158235977471,22.469039441459454
290.0,208.69853399999997,3890.948578566074,21.407318196335364
294.99999999999994,208.69853399999997,1230.725348268088,20.837359680034623
300.0,208.69853399999997,383.50976055561586,20.616547472929124
305.0,208.69853399999997,159.75586737149249,20.58519167840058
309.99999999999994,208.69853399999997,110.58753225933582,20.62412988041165
314.99999999999994,208.69853399999997,101.5769233754867,20.665657220697106
320.0,208.69853399999997,100.1974367928693,20.67313383628182
325.0,208.69853399999997,100.02078008104948,20.624825659208003
330.0,208.69853399999997,100.00183851865951,20.517939788104954
334.99999999999994,208.69853399999997,100.00013673849764,20.37635478614526
339.99999999999994,208.69853399999997,100.00000854959995,20.243312679422896
345.0,208.69853399999997,100.00000045254458,20.16840185675247
349.99999999999994,208.69853399999997,100.00000003422576,20.214913036899336
354.99999999999994,208.69853399999997,100.00000005434539,20.492985951335505
359.99999999999994,208.69853399999997,100.00000016807459,21.178702930125958
365.0,208.69853399999997,100.0000004428498,22.447345896622444
370.0,208.69853399999997,100.00000098100399,24.289838056357517
374.99999999999994,208.69853399999997,100.00000182678455,26.324505639693847
379.99999999999994,208.69853399999997,100.0000028596017,27.838709421607433
385.0,208.69853399999997,100.0000037629237,28.16710498415541
389.99999999999994,208.69853399999997,100.00000416242989,27.15309298322797
394.99999999999994,208.69853399999997,100.00000387052702,25.266490692396843
399.99999999999994,208.69853399999997,100.00000302548447,23.259495853977693
