% Model,Untitled.mph
% Version,COMSOL 6.4.0.293
% Date,"Jul 13 2026, 18:23"
% Dimension,2
% Nodes,1735
% Expressions,6
% Description,"温度, 温度, 电流密度模, 体积损耗密度，电磁, 插值, 插值"
% Length unit,µm
% x,y,V (V),T (K),ec.normJ (A/m^2),ec.Qh (W/m^3),sigma_map(x;y) (S/m),k_map(x;y) (W/(m*K))
5.186259706787365,5.426382487173998,0.001288839907907176,293.1519009342867,358090.8090490033,6.986170890758786E7,1835.5031058099605,30.62073373640326
0,8.02686669230769,0.001809581812368289,293.1526948276901,246782.26851581063,4.289768479244039E7,1420.2763304814755,27.97275093199961
0,0,0,293.15,224278.3342818563,6.4122372676745825E7,784.63190441,24.0499215021
8.000000000000005,0,0,293.15,397973.6029880619,1.0843909927775025E8,1460.6875960960006,28.298467513660004
5.938915658854948,12.072654868809938,0.002439109465511758,293.15383948912455,411058.4619916593,6.470722837529877E7,2611.62001097493,36.09307883248402
0,16.05373338461538,0.0031189806532494133,293.1548715399095,299554.7677254554,4.6329875246851325E7,1937.0237677776743,31.505693120554714
16.00000000000001,0,0,293.15,489386.52603756887,1.179722328700624E8,2030.2407703340004,32.488520792
11.992382875081873,7.0323908747523625,0.0014921810069482289,293.1524004242605,476078.40903320827,8.130209628894791E7,2788.5519054560245,37.64947431821452
6.232368637569322,19.99334721429732,0.0036851003921593082,293.15581447173616,492141.7745022331,8.005560385569416E7,3025.530539022227,40.26749490671539
0,24.08060007692307,0.004441062929833273,293.1567788834301,366668.2893806556,6.45761173914873E7,2082.0051176447228,33.207702411281105
20.293026314858164,6.458845537494772,0.0012209449419208504,293.1521815466403,498469.32166502386,7.93392297040689E7,3131.968706470299,42.41725535059093
24.000000000000018,0,0,293.15,455066.5028408186,9.316097137328053E7,2223.057059102,35.31048362008001
12.227913066815365,15.895463929317732,0.0028927639751408912,293.1547808882169,546271.2868906736,8.407953240548141E7,3549.834642033998,44.98766353667349
17.909591394349174,12.354629053811198,0.0021847947549728237,293.15382730554916,535577.9937249603,7.989208864920649E7,3590.499963345005,46.978645219710025
6.403027924054784,27.957076102359533,0.0051015239013769,293.1576305406149,565808.2972583667,1.1123021636779225E8,2878.2440781045843,41.53928571170997
0,32.10746676923076,0.0060096052734431886,293.15855489699516,426086.9413052032,9.13812694368891E7,1986.7693418621993,33.45630500706148
28.18673843817782,6.499489998111091,0.001038470680847352,293.15212831186255,410718.4403096386,5.6613578121694006E7,2979.903337510658,45.656853579541064
31.99999999999998,0,0,293.15,367664.18359391787,6.1532535742239356E7,2196.9861024500005,37.233029956479996
12.824355175690831,23.900554923758232,0.004183128023642142,293.1566538740755,615822.8570968626,1.1110666973150124E8,3413.4485429138645,48.01192999302796
24.508192909026207,12.959739535262415,0.0020311831375805288,293.15388187923037,473359.488124227,6.60449006282393E7,3392.7959353116053,50.975534109039764
20.024894971644326,19.71192060314356,0.00320159494364924,293.15556708189314,561560.4733615428,9.076799880421695E7,3474.4062058509917,52.244382785034986
6.43752006579382,36.02918676995293,0.006839754183297697,293.1593610700111,622616.8602251192,1.4528332368620288E8,2668.316653846607,41.6539591221524
0,40.13433346153845,0.007851230666945878,293.160209700536,463116.7700894062,1.1227534007010187E8,1910.3092719654069,33.30829469338518
36.079036183708666,6.518038130995055,8.600496097759997E-4,293.15207914133885,323755.3402078051,3.714221550643559E7,2822.1851143714844,48.49974944490719
39.999999999999986,0,0,293.15,302637.2662011901,4.170592556200894E7,2196.11832155,38.80463948079999
12.826180457785403,31.964821123238274,0.00579236901500449,293.15843994231574,669117.6010641059,1.4964437473495707E8,2991.9316449977528,48.34679566031354
32.24754597945243,13.062228920793599,0.0017262987664278609,293.15378588156915,361552.7052813656,4.4264265244467825E7,2953.213583964482,54.34308087290213
19.22500064229744,27.88531255792267,0.004693242811134881,293.1574316390516,592353.684816794,1.2302621365602846E8,2852.188793906717,51.893779018001446
28.396483729661323,19.67812201097979,0.002768052830693955,293.15537240443405,413801.17063317477,6.348324234026542E7,2697.2819020259108,55.03048031287528
25.094538290625593,25.343325225123557,0.0038895534907734766,293.15672204625304,467973.04097439925,9.049659180947629E7,2419.998566429113,53.18991092900917
6.4253962786353656,44.079793981717316,0.008797300516570815,293.16095140175054,652536.9207591218,1.6397521696962526E8,2596.827206581053,41.12362355399801
0,48.16120015384614,0.009842027987021426,293.16171644129423,483333.85748263943,1.2190860563405778E8,1916.303179491398,33.02501977380897
44.06386554488637,6.509263783674769,7.267499740245003E-4,293.1520537145639,274519.61880109523,2.6302779256821986E7,2865.2189534917147,50.59669215396446
47.999999999999986,0,0,293.15,271035.39844453713,3.2712143278070074E7,2245.656790992,39.2707331475
12.850945117364668,40.01229514733019,0.007705839790769325,293.16010955740575,696459.9230059166,1.756756442425442E8,2761.1269533668806,47.99351568452795
40.16879030761144,13.050955492788795,0.0014345986205268498,293.153699971589,278510.1981958542,2.78539309464339E7,2784.823445524539,57.58893906428293
19.216233821510862,36.004501238106116,0.006544149206580501,293.159197881947,603736.3426020136,1.528914471777818E8,2384.1041811589785,51.08882157327826
36.256775150526806,19.695754646533068,0.0023170452333794718,293.15521745797713,292140.2366639104,3.874931176428027E7,2202.6189996188095,57.44894905471323
25.5806020865615,32.14599617307708,0.00529642922088759,293.1582287781559,446099.243959541,1.110341304353505E8,1792.3585884096603,50.81126413446594
32.246955076692615,27.295763135022547,0.0037571591472928332,293.15697235386136,314773.2388748983,6.5028661775743365E7,1523.977909249932,51.67086815075499
6.444906228122773,52.13248823476659,0.010833852374469133,293.16238132538024,663771.4236046044,1.6784883224255657E8,2624.9771798643756,40.42560085939015
0,56.18806684615383,0.011856350036698103,293.16305168799386,490210.10240545543,1.2191987287408634E8,1971.023599189514,33.089060169302336
6.4583788802537825,60.17647280047237,0.012845694179362434,293.16362345850854,659519.7902470966,1.6269771999694642E8,2673.4746492636464,40.66970604850888
0,64.21493353846152,0.013834777732932813,293.164188853927,490697.663555508,1.2010601363273792E8,2004.7645526823355,33.812313902494026
6.470479800168133,68.21560090842215,0.014824780950989836,293.16465721906667,646765.4421411525,1.5903816207217917E8,2630.2390560472973,42.46801031028269
0,72.24180023076921,0.015803305962354134,293.16511694221,487056.7937203911,1.1969371597696406E8,1981.9403663954029,35.12882709616009
52.037271645583644,6.492378778725289,6.525032277050818E-4,293.1520591028225,255620.37027592064,2.171625841056032E7,3008.977848700905,50.84247830608705
56,0,0,293.15,256253.32869066022,2.8923666863715857E7,2270.31288614,38.52552406652
12.87858786397839,48.06107223682411,0.00976818485427177,293.1616266707817,706752.946353224,1.8355391757017818E8,2721.2962097234163,46.83153231053382
48.11081517669027,12.997528096895753,0.0012408157758391771,293.1536714310305,246377.14923907036,2.0542296954677884E7,2954.976525120892,59.58034987501831
19.252158638937544,44.03363313692529,0.008642554972370445,293.160816451953,600215.1074707721,1.6185432050023293E8,2225.9303278961665,50.27083202781254
44.2581510856549,19.523785878047153,0.0019319049062496614,293.15510166584085,229653.35186516386,2.409556685547718E7,2189.0061511095296,60.2582031151204
25.557406753037373,40.08507006598159,0.007398525743115174,293.15995234657197,420772.80500902556,1.2057585391706449E8,1468.4794787701233,49.33009344544826
40.776934365215574,26.155198879171078,0.002924937561905695,293.1565566613544,210827.535252456,3.454740599439501E7,1286.8067436866206,53.20324152503971
31.75043650966827,36.03017301822449,0.005899342496547717,293.1589706325561,280986.4039728981,8.423639215598527E7,937.4069225947552,46.70524401884316
38.419014444662075,33.60467859855845,0.004651336739119803,293.1582956565159,191187.33182016434,5.416782841348443E7,675.0417095740199,45.55718736903245
12.897190514396021,56.1270329150384,0.011843695310768287,293.1629656496263,697157.4570648689,1.7714029116821158E8,2743.7641900768176,46.12320472471257
6.477787861496221,76.25006395436502,0.01679903697836072,293.16548445791074,629967.3582495257,1.5393295124759296E8,2578.158277231218,45.1374664987572
0,80.2686669230769,0.017745047579461347,293.1658475122416,475436.496023559,1.1253328212215833E8,2008.6621757603862,36.62808671028781
6.482153072474435,84.28017854271422,0.018697442601107565,293.166131115685,602822.5104673718,1.3691839559812722E8,2654.126376421859,47.29436524156575
0,88.2955336153846,0.019548907112428893,293.1664156997231,452597.2185958038,9.591955374311312E7,2135.593166136604,37.49234479459382
12.923008420131586,64.17636849554465,0.013863118264189766,293.16409876647555,676506.6127227637,1.6802490222264707E8,2723.773749421131,47.238114558726664
12.944990347361674,72.21903542603549,0.01586105062671545,293.16502708495364,650438.3418276308,1.6208940748084438E8,2610.1157645981275,50.256406450696936
56.04670083431437,12.96723161455231,0.0011436799599998564,293.1537014875903,240425.65098555884,1.8196808381126396E7,3176.67597389928,59.7935053923747
60.013840491325446,6.482322919563852,6.178009274129262E-4,293.1520817603639,246222.01143855252,1.9668294158163827E7,3082.4797098327094,49.46092460652596
64,0,0,293.15,239948.57874483828,2.624934494126628E7,2193.400277572,37.030543245880004
19.29045254286355,52.102623025638216,0.010814104310846527,293.16225227025234,586152.6429823675,1.563905633981218E8,2196.974564945569,49.78145804195259
52.095556213111635,19.44205291202712,0.0017274475062013454,293.1551023473681,219596.26009541439,1.9892736019499417E7,2424.443213455437,62.758338442200035
25.642618289392146,48.104008076020236,0.009714471594528443,293.1615145837473,399664.1064771071,1.1583436234104663E8,1379.122551636848,50.723139387943725
48.622991344972945,25.93347408709214,0.00252944434342053,293.1564777321851,187900.06209673116,2.545043314704184E7,1387.5511213261925,56.75630773818548
31.90239117215392,44.192108753536274,0.008461357585421525,293.16074147735986,245466.95755637507,8.137402966170384E7,740.8049959231847,47.9538925544583
45.59364258527431,32.43489661127506,0.003840714794471549,293.15795279266405,158557.55053059373,3.8123778731180094E7,659.724821091543,47.982518809043825
38.34262905821226,41.16818909177545,0.007181522480107386,293.1600626227209,157679.65016319876,6.208021195673352E7,400.64031553087904,44.77259061861227
43.43099383632767,38.10592361167183,0.005727673034425552,293.1593158466009,141074.27719423457,5.460932880319852E7,364.4518948958414,44.30811922830364
19.34456982817795,60.1443096081517,0.012923200645997163,293.16346541528816,560502.5550373897,1.4393818473920882E8,2182.650041707766,50.36629502616382
6.484495926326883,92.3082691285676,0.02040024858000251,293.1666394224107,569946.0528810364,1.1199529758158427E8,2900.4928221752634,47.196545125821046
0,96.32240030769228,0.021116613578422167,293.1668628543882,417431.30548114143,7.441796449183609E7,2341.496085825275,37.36176806935988
6.485336376836145,100.33562275109601,0.021839273805780338,293.1670444122696,525480.3318860639,8.542605865870653E7,3232.393376109092,45.382562363120606
0,104.34926699999997,0.02242132771498293,293.167215510024,374444.038502666,5.514181762184832E7,2542.6882234999994,36.5778688528
12.957845343977032,80.2580422995454,0.01783342816330416,293.16576887137984,621214.9029405771,1.4980662294405714E8,2576.0442583329545,53.44533153510729
12.965183675959238,88.29155461548113,0.01966682143961278,293.1663569431685,591406.4124438185,1.2773933948319449E8,2738.0948700591866,54.26522880048259
19.388911270298482,68.1824910192721,0.01496769017728833,293.1644769685486,528457.6669795878,1.3385918602421904E8,2086.2892900844636,52.11661800772357
19.421472055808877,76.22264449575609,0.0169901255049975,293.1653178301754,498170.2124697587,1.2528841299369174E8,1980.8280660727498,54.257236444758426
60.018206440099824,19.432149997863025,0.001641377581958545,293.155166262668,227712.6156180771,1.9836487326195385E7,2614.4116699050096,64.33249229259974
64.01495747449415,12.958112756527731,0.0010999520194337805,293.1537447412765,233260.8396109835,1.700870630256966E7,3199.0141404232218,58.51179342640514
68.00305925506682,6.478814993787581,6.006248117620783E-4,293.15209696295693,226533.79961360467,1.755043770532267E7,2924.089497906511,47.65024673608462
72.00000000000001,0,0,293.15,216199.3651002344,2.3157918377877068E7,2018.41141528,35.980413151659995
25.711251755097987,56.159134608935226,0.012012029059307207,293.1628209558274,375826.3229843283,1.0464025281483316E8,1349.917797711727,53.766138489508556
56.21182807512122,25.867823314905866,0.0023769801250240704,293.15651944967925,203061.65400332786,2.6479849910442207E7,1557.7315905563398,61.66071331451429
32.05584586936905,52.22416101268298,0.011119474018957522,293.16219323491447,225012.85271089777,7.34503377678882E7,689.6707974267052,55.490057233020586
52.823157100631285,32.28645225890656,0.0035976312255234263,293.1579296440421,174532.8137924081,4.137407996861867E7,736.6160333730859,54.029158819831025
38.39961445113531,48.452138168787044,0.010209757323030158,293.16155176785975,142091.56680810757,6.1681651515633546E7,327.53361993021514,52.70593052564802
49.488838238324504,38.523717528849176,0.0057784779392261315,293.1593881267472,147385.44115768067,6.746300907347195E7,322.4280355902096,47.55866029276624
45.31084485516523,44.79813622790103,0.009037853505301433,293.16082100274497,119242.89992440402,7.339850362391403E7,193.90749631253064,48.171380183915126
25.786820075985457,64.1746557734864,0.014185463958213152,293.1638856857749,349374.2154339776,9.371430938969757E7,1302.5272816061708,55.54990852231743
6.48530776293111,108.36257499631503,0.02303551447491416,293.16736173091925,472434.9820145277,6.459382545140076E7,3455.3646038505726,42.955535594139455
0,112.37613369230766,0.023518394960995215,293.16748175793197,321883.81531595456,4.0672979687608846E7,2547.3760994203058,35.37362433478652
6.485477123680083,116.38968735173701,0.024068593086403387,293.1675906577106,406984.75651599723,4.966716643598697E7,3334.969442122074,40.92400862832597
0,120.40300038461534,0.024495006901084634,293.16765848370613,265424.86623842723,3.1044345230424095E7,2269.363950656465,33.852236773418184
12.968796824140824,96.32116676131095,0.021255332446206938,293.16682879454305,558099.5492972247,1.013804937573191E8,3072.3594973414674,51.705601345490756
12.969599616512312,104.34884167646857,0.022578126901255904,293.1672091928096,521558.05698306486,7.904360597212124E7,3441.441796767294,47.41709836549682
19.439071680620433,84.2651761518203,0.018932674170472022,293.1660065989466,469203.37692288583,1.0990451187567957E8,2003.124679304263,55.37905001901998
19.44817779757805,92.30290545828284,0.02066999193119645,293.1665641354253,449054.28449825564,9.105827174059117E7,2214.5259891769037,53.03728485571535
25.853972424870058,72.1927672078776,0.016276291994003583,293.1647935670203,320736.7086175192,8.504622828143577E7,1209.6084555907373,54.198102095691304
25.898493016988407,80.22811210851764,0.018297594718430635,293.16558569543093,294863.953981067,7.495903760837162E7,1159.9036060263509,51.748581942788554
64.05168622067558,25.901854614360353,0.002340766458915572,293.15659197639417,218091.66104726854,2.949603280336372E7,1612.9721575515587,65.54663478614121
68.00793782615838,19.432416972784427,0.001605209369766347,293.1552056317984,220569.33269101995,1.9186245265387747E7,2536.025585058598,64.21832751807732
72.00477087658568,12.956001964406362,0.0010765548349028055,293.15375026452665,213203.62784952114,1.5293052814690841E7,2972.317247314211,57.36885599670156
75.99999999999999,6.477870020307598,5.891411472715414E-4,293.15208650224037,203065.2403182419,1.5460747970297331E7,2667.1853274627574,47.046005611478314
80,0,0,293.15,195545.7362470779,2.054456797295899E7,1861.23239706,36.0031097524
32.13576769271395,60.214252322404135,0.013624821490536827,293.16332709853435,213341.5469011801,6.809638077427281E7,668.5547617025778,61.99368291557597
60.34924213369777,32.32917773199791,0.0036095554762154342,293.15798942596484,207769.69689982315,5.390258103039729E7,801.1104263139886,61.66196406479754
38.43968194296219,56.322793804404284,0.013465809954227012,293.16280403320917,147808.76255131507,6.907030844436742E7,316.48179146683015,64.56373466084712
56.772685529148184,38.71683154123612,0.006105289472160804,293.15942978369554,191463.01862039,1.0776095102237366E8,340.7710278628205,55.19299097777671
44.628114718317654,52.61043685392432,0.013609316852756612,293.1622629169453,128532.87210981082,8.87958478828041E7,186.17518662826714,60.54613889286811
53.36303231079701,45.12317643097839,0.01046231949945352,293.1608531810529,168995.8831646261,1.5438345204891092E8,185.14654034856218,52.62208364577257
50.098560720624945,50.29449204046791,0.013943616729191758,293.1618673234301,144314.0874487146,1.2238106241347714E8,170.18814031933195,56.46790287791473
32.233984312920875,68.19690537009119,0.01593116368095204,293.16426964631916,199378.0909880437,6.342486336640352E7,626.7965826783894,59.89246832183557
6.486248633356059,124.41746306004198,0.025037140521944546,293.1677247544228,335895.60670034477,4.080995826646269E7,2764.7666739922765,39.07614639153664
0,128.42986707692305,0.02547028314619097,293.16774010864845,208990.5041581732,2.6337645285480227E7,1658.5017431711178,31.725262643872668
6.488124468953515,132.4455533292683,0.026105858561637097,293.16775733053106,260756.99533242988,3.857761397912538E7,1762.9272399418303,36.6750466270293
0,136.45673376923074,0.02668319223139293,293.1677163576796,164331.0597453404,2.9143748092464563E7,926.9043168685935,29.069265854676534
12.96922589493014,112.37549629417417,0.023700440768121413,293.16750241563255,473744.37240310526,6.298018418673202E7,3563.5796437504578,43.96316855707958
12.971173254102652,120.40333562550165,0.024716610573028593,293.16769931726566,415211.180516222,5.283177118639511E7,3263.2543051719585,42.14897798637029
19.451925635471785,100.33472471733097,0.02213817659249911,293.1670171732246,430809.6724362957,7.328170503128205E7,2532.660357148619,47.869317504308505
19.450933943074002,108.36271380985345,0.02337612456798782,293.1673814903066,414739.8340276978,6.157254112739328E7,2793.61619038291,42.440080572125105
25.92050404199084,88.27355557377587,0.020155644784022517,293.1662544277645,278436.13752636855,6.330298299890231E7,1224.7155739356456,49.02740775077671
25.929931897079907,96.31583320513799,0.021764900819241487,293.1667979928855,272075.068866221,5.305301471287299E7,1395.3254563054127,44.779217223242064
32.31823647533152,76.20629482081385,0.018060658384889985,293.1651257359511,178839.45369202158,5.500044824330946E7,581.5424678513999,51.92294673240509
32.37373570293937,84.23882932736869,0.01998207149462661,293.16591004361675,158559.28448555115,4.386682350383172E7,573.1475414401352,45.024199087757886
68.10787299453534,32.368532084085494,0.0036748472465253277,293.158027872993,221448.36816812892,6.228183715464238E7,787.4224482126373,64.80745811275959
72.02084621404984,25.907031611876132,0.0023218377684646302,293.1565948211219,209448.06835039007,2.898417685536547E7,1513.7608427210178,65.10796345571303
76.0026707037948,19.433057002415634,0.0015797156024645257,293.1551711181691,199010.7447283831,1.7156018755418018E7,2308.7842691664996,63.07616985986815
80,12.955740040615195,0.0010607586726101685,293.15370258391846,190113.82947167242,1.3433135617493758E7,2690.626305367532,57.20736622823164
84,6.477870020307598,5.833369198163076E-4,293.15205216487794,188652.6969735384,1.4274030744886622E7,2493.4038608985506,47.709324933894045
88.00000000000001,0,0,293.15,194305.005882498,2.0349369932197735E7,1855.312296378,36.766964396860004
38.54578428430111,64.25356190392952,0.016387899213845317,293.1638043207709,159778.92345868252,8.063079642417787E7,317.03742038155315,68.47443023064977
64.43983995442447,38.794926153319174,0.006526986883064584,293.15946382968417,234307.3050658881,1.5443191271050406E8,356.3229490022775,62.0390350730217
44.77820574700872,60.324496758403825,0.017647239606956317,293.1633573538215,149784.25252765854,1.0237443289777784E8,219.17805920509474,69.99573086973466
60.855086937908595,45.30007348845647,0.011900087962351967,293.1608731870684,232270.22467230217,2.507381558588452E8,215.17551651522538,57.60915384686255
50.664987825363866,56.66314972262159,0.018446994976420616,293.1628917557218,167241.6692833487,1.1709489138738139E8,239.0040089830255,63.62363586877077
57.07280160918036,52.393348084547064,0.017681117242578797,293.16222734750085,214312.0683768081,1.7555829158546886E8,262.03701135348507,57.59064787223468
38.68351825937224,72.21662350486282,0.01885897989306012,293.1646959708107,154837.8627855404,7.813745313188048E7,307.20379329633084,58.83553109007212
6.492393191362233,140.48024251452082,0.027655779174407345,293.16767188459136,203819.55005622935,4.969361172512049E7,836.294123666096,33.37544735713564
0,144.48360046153843,0.028766102523780413,293.16755613241423,136841.76101113262,4.786349232370881E7,391.41259028285185,26.228200992463808
6.508349427567222,148.52633858141687,0.030723077212504214,293.1674140813414,168963.71164810625,9.152049377737588E7,312.02941324309313,28.933061030414198
0,152.51046715384612,0.033331577024382504,293.1671658599864,141704.9505553101,1.1595198017407139E8,173.27691554094804,23.466196781813945
12.971078054822584,128.42898116047746,0.02575501919598339,293.1677910681446,343858.3736904189,4.891908908027762E7,2417.240072058461,41.168891161887906
12.97926888139524,136.45953105002033,0.027072740845016364,293.1677691407122,270725.93124536314,5.469965328601417E7,1340.1544038532802,39.41881379284991
19.447114374400375,116.3871305918978,0.024478034172413617,293.167651657201,391918.091700758,5.5206556802762635E7,2782.353651922643,39.57649321681216
19.44538567224691,124.40659312639669,0.025559749440952993,293.1678122920867,359943.874209455,5.4753481834671535E7,2366.4445423197726,39.20997151791059
25.930935737647985,104.35034320956989,0.02313396364635929,293.1672355209517,276127.1663343693,4.759151417973154E7,1602.1156477053644,39.22365162579005
25.923277504710384,112.37810271869266,0.024352586110464564,293.16757909691256,285052.55443506053,4.747381942739699E7,1711.667121744298,34.88262983341132
32.399014937051184,92.28583184293207,0.02166260617804241,293.1665725498972,150859.7653509559,3.635532151502967E7,626.0217484179813,41.80408055287706
32.40591850421078,100.331616425289,0.023132787772115273,293.1670924873443,157354.40266909543,3.446099036677902E7,718.5224570560582,38.77375521844255
38.78417793856925,80.22320315067516,0.020847283857357294,293.16556075545435,133455.42963420268,6.131179451335215E7,290.8042835846375,46.84477511337698
38.845958934505255,88.25450231737878,0.02244209199977627,293.16635156180195,111703.38391994768,4.443246022050208E7,281.13066330269,42.20035932378088
72.16057395782893,38.82265332761541,0.006729304218837373,293.1594896622568,239916.9434976897,1.684203013227557E8,342.6010064266111,60.459504476876354
76.04952243290931,32.37557807962853,0.003650828083243503,293.15800532246027,205207.09201431612,5.8280329027920954E7,722.581794227326,60.48011189074065
80.00385207770414,25.910329077707257,0.0022781765813883526,293.1565201926841,182807.72231386136,2.458925609812334E7,1359.3875003948008,60.917839590706194
84,19.4336100609228,0.001558384996357232,293.1550814355058,175661.57859784702,1.466137181651483E7,2104.9929398389827,61.37323214821766
88,12.955740040615195,0.0010615930651373543,293.1536315057811,181458.57269595124,1.2733554193344565E7,2585.9146414830902,57.267829104256684
92,6.477870020307598,5.946190125710327E-4,293.15201335301816,197235.12416656545,1.5245676872268297E7,2551.7481745441005,48.229772760740275
95.99999999999997,0,0,293.15,217740.45893081988,2.380973965422596E7,1991.2631863919994,37.19456744232
44.98968412524456,68.25975404869995,0.02074660521518643,293.16431272096906,162704.36665958003,9.875104317056833E7,268.2726603133793,65.96934446101284
68.52842937491836,45.225080078067755,0.012648363353875617,293.16088277662226,267725.99254478473,3.0448244430696875E8,235.45574523517897,58.77063034118618
51.256095695446135,64.2669991829965,0.02209033577526504,293.16392221568566,193196.92869645517,9.460761371771373E7,394.7293686780588,65.46334206122002
64.95373284898322,51.54707864259032,0.018469719795877786,293.16210487372376,277713.5273233129,2.272723085237138E8,339.638573558931,56.3882174749125
57.37953744607491,60.57296429221907,0.022389494010297578,293.1635126784761,234583.18141281776,1.0623487214673167E8,518.0542376035411,59.53225052512594
62.6569051716447,57.197931283551554,0.021805388484163333,293.16306142224977,277292.0511277304,1.4407343662781686E8,533.7737919311573,55.63852946925213
45.15932955799518,76.23237982304008,0.022935814499567844,293.1652314698085,152639.59192265107,8.126252265991922E7,286.99939309613507,53.63986709201776
6.53943731254968,156.60104342805158,0.037374415898611874,293.1668274451425,158972.61217533605,1.7636252819188502E8,143.33745909538936,24.438470463755962
0,160.5373338461538,0.041888493252707486,293.16633283718085,142093.7680425291,1.8142852269136778E8,111.2951586152659,21.410563309367706
12.999922094339192,144.50342873938058,0.029323048936781202,293.16760547027417,206268.7184646417,7.910438225748764E7,537.9307958621093,35.503532291303145
13.023321442674174,152.5786866208132,0.034135457222992514,293.16720221245527,180109.22892318908,1.5549203879511726E8,208.77765307396865,29.282189306512226
19.47974422433612,140.449490552966,0.028731586911332336,293.1677618812769,245062.53171880552,8.132294028210159E7,738.5417852262782,38.523756049157335
19.453996225507016,132.4233873000755,0.02682331296571078,293.16785338704943,304521.5612212359,6.050693053994695E7,1532.864630140157,39.79979294873121
25.91136258949537,120.39609348541808,0.02553812269757839,293.1678165724304,293002.23374920903,5.3115103201879896E7,1616.5413490866629,33.420047871714026
25.906789320414898,128.39713189787147,0.026869757665280793,293.16792682481764,284600.01793465106,6.570388208330688E7,1233.0372396086548,34.60501497822178
32.399669317450794,108.36877767907879,0.02448315699036532,293.16749658009434,178149.10587964035,3.933699499393639E7,806.9161405568216,34.32548663319364
32.378723020289335,116.39516048276505,0.025834640341247255,293.1678012098558,207020.10974150882,5.1809709119684644E7,827.4383500266568,30.71940337311238
38.87193590906068,96.30240486117404,0.02385107816185839,293.1669719786286,104544.95069223006,3.733467427657783E7,292.92580968310637,42.762186204657276
38.87363435168017,104.35142138206868,0.02527791337080716,293.16742680356384,117137.72948504829,4.272206833602928E7,321.2828473357085,41.45863221605302
45.248338269542266,84.25043707479904,0.0245336384797939,293.1661254849068,125004.07062629134,6.257241319454399E7,249.90893183155308,46.20873455485623
45.31263171404792,92.27568838339697,0.025876354971083173,293.1668574053236,100131.40109815823,5.1489328580601506E7,194.780427118445,49.832780773633765
76.21041427325578,45.2558061001982,0.012649554996506272,293.1609631362531,257023.51809738748,2.9240735502640617E8,225.98082912213155,53.70099980058216
80.05670803445426,38.84415523439256,0.006485181189701741,293.159512785313,207959.4999356255,1.382093678582828E8,313.6155093084263,52.155474780420555
84.007077627184,32.385998331394575,0.0034892318730005696,293.15794448933207,171025.97966609348,4.427238788285666E7,661.1030370402867,52.415528399395775
88,25.911480081230387,0.0022226787993506196,293.15641925188123,159976.36168807276,1.973197007685593E7,1297.694409338751,56.28974179703173
92,19.4336100609228,0.0015683688352048557,293.15499668998376,173003.97765209785,1.3977285244355671E7,2141.7065720253845,59.696528591278316
96,12.955740040615195,0.0011012334570988486,293.15357936676105,201013.88404851742,1.4491905919446679E7,2788.2529899053498,56.68868870671589
99.99999999999999,6.4778700203076,6.344941881059901E-4,293.1519905089195,232649.0261030097,1.9109994301222675E7,2832.4650687828002,47.82134632453918
103.99999999999999,0,0,293.15,263254.8125513837,3.1690955265804842E7,2186.9463493679996,36.78595936096
51.49420128201639,72.28805395856676,0.02448018653608521,293.1649202514391,199598.602689891,7.61827076228463E7,523.0117750728123,58.015995647140926
72.56218811989643,51.63033064234766,0.019027700023522585,293.16220801934384,294688.69245402096,2.377540935773405E8,365.56595058125794,53.30648526751787
57.87954639357584,68.4054590815187,0.025050714396104744,293.1646039292744,270192.47420678637,8.562148125099899E7,852.6466917731533,56.90235114037341
69.03708544877638,57.938209296421135,0.022838417544507845,293.163277888835,322940.60299985437,1.510351412108919E8,690.5124615988535,52.06059746972243
64.74688798123863,64.51089839807906,0.024962272796560825,293.1642356584586,340998.9242303303,1.1009064056286979E8,1056.2805618620298,52.656008724313956
51.60859978294493,80.29640404375284,0.026239046254264032,293.1658899547746,177448.22293194666,6.306771512999233E7,499.3023904458219,51.381521504718535
6.52866264293838,164.63976312505696,0.04741204532971152,293.16567043002084,141311.42622719548,1.905498949120903E8,104.80574875442186,21.468248810804653
0,168.5642005384615,0.05239154099307008,293.1648624953229,134084.87043638984,1.779166151801814E8,101.05585966936837,20.374010895183698
6.503573374402482,172.79458359286716,0.058126185626934224,293.16382682293846,129351.47314144514,1.6660127392422077E8,100.43108493704392,20.32895724777406
0,176.5910672307692,0.06272389373137699,293.1627781361392,125449.63172744737,1.572459105815259E8,100.08306996068832,20.073582636482037
12.977507133659682,160.5988601413699,0.04293701588708937,293.16634270048695,154266.23054732662,2.0367433259065676E8,116.84818193110391,23.907195601857936
19.521581730054766,148.47661904580877,0.03243130695428826,293.16748313894294,195775.38526929417,1.3436999726685202E8,285.3365766628054,33.595269550303094
19.481235944783474,156.42915270176914,0.03962021971412407,293.166863042595,168784.97218788168,2.0510209358551645E8,138.9186563688279,27.109976698899768
25.98006891997703,144.339157042509,0.03197649293810375,293.1677051303296,207958.9017552463,1.3552776178565118E8,319.1581801482669,34.1237877623766
25.92437963949723,136.37563555414985,0.028722547344602726,293.1678984522959,253550.87629849938,8.998619832082015E7,714.4794138749115,35.793922538531156
32.35156290840749,124.40202801254128,0.02735950602036874,293.1679828397646,234371.74667869133,7.514826778379343E7,731.1824515233037,30.155724660922733
32.340231361040395,132.3691874625551,0.029407988982273644,293.16801136125906,237165.55375574704,1.1122090837678178E8,505.7741807918178,32.22720060442233
38.851131751898656,112.3923882585053,0.026859508552053876,293.16776969047606,145979.341001749,6.189288976599181E7,344.4183149728676,35.74600238019719
38.80492629035831,120.4218085368544,0.028745120275427655,293.1680051334478,182177.34632757757,9.82498163294074E7,337.90440577572434,31.71884768031833
45.33702479037714,100.32285572432647,0.027337307677618248,293.16737086256285,94269.94927881642,5.444327765699082E7,163.28279074854638,54.04720242287883
45.32936905623772,108.37602550483892,0.029260040121018214,293.16773419453494,112057.11441964014,7.958618361039172E7,157.84677620164982,49.519306892012736
51.70598742171321,88.2893553163048,0.027850808762322956,293.16672829898465,135492.01750973592,5.342871247385559E7,343.64346262501766,54.88182008495064
51.772984153287204,96.30526490176544,0.0297301899867625,293.1673231819384,105486.99360594394,5.502540474125677E7,202.3024662900095,63.77561985942514
80.25036104480466,51.72595268586708,0.018579131745493995,293.1623687416001,268413.12832229794,2.3346094584131142E8,308.9451597184621,50.2011307963248
84.0659217466715,45.31534475804425,0.011502047711535499,293.1610842697794,213201.50843231412,2.2897968893858576E8,198.55601828976987,47.78359841762943
88.01168590855127,38.86160498204611,0.005755492741910821,293.1595351254086,168139.23206729832,8.962556222949076E7,315.96020074409574,45.37720478474363
92.00299972360438,32.38782610179688,0.003266630257094494,293.1578863202755,152285.01759335198,3.2086291003772054E7,723.8338568044375,47.83706486002547
96,25.91148008123039,0.0022180756635126996,293.15635318748394,168743.5696344384,1.8881369460069884E7,1508.7768858233937,54.288516554374326
99.99999999999999,19.433610060922803,0.0016363475584416406,293.1549569620802,208316.3914433554,1.687204019787096E7,2572.2350738077544,58.74319789216353
104,12.955740040615202,0.0011823372306660758,293.1535630552424,254877.81241386686,1.9316254768165436E7,3363.1460075829964,55.7657430577541
108,6.477870020307603,6.962460636919447E-4,293.1519880080386,290771.25714340963,2.5745042697909925E7,3284.287664472767,46.93728923462161
112,0,0,293.15,319633.584203741,4.303791359569206E7,2373.978204088,36.19691624224
57.93023377164444,76.42616583194122,0.026961383747799283,293.1656520621786,270942.612223159,7.708650416560692E7,952.3096802748368,53.43948394613057
76.52487868350985,58.10501931750182,0.023119421228784385,293.1634506495893,319098.4662524336,1.5703856440472567E8,648.4184309660095,50.00603706922623
64.21157243842973,72.7145517442003,0.027115989736554578,293.1653998455852,377634.51417043066,1.022600813364507E8,1394.5695253285303,51.930690797673925
72.8944212647525,64.63349221715173,0.025699234427277253,293.1644537007964,386209.5754159202,1.2724061912315036E8,1172.3234913402002,48.93968508554588
69.80313483753402,70.10901997675474,0.02709346537117325,293.16521581697634,440301.615932862,1.2552662712557045E8,1544.4549249702693,49.450216903150576
58.0487075564984,84.36274790140585,0.02874623972630291,293.1665847911658,233493.172057162,7.335861218657105E7,743.2047422032314,55.175667386104486
6.5781593289771125,180.70602075544025,0.06797601079322328,293.1614973763363,121125.31629254781,1.4668073885780844E8,100.02282832959027,20.0503593714691
0,184.6179339230769,0.07251086994168757,293.1601954639176,118953.38497300293,1.414959092507709E8,100.00266609976944,20.007732037600537
6.470926793548354,188.33241256858207,0.07699652100210973,293.15884209569737,116110.9887028106,1.348170014634196E8,100.00086613899248,20.004988303187805
0,192.64480061538455,0.0818794827561469,293.15718976134326,114829.20895407979,1.3185782621703899E8,100.00010276284615,20.000683194438437
13.119151407941741,168.70881909142628,0.05361881940476206,293.1648095646531,134296.36862431726,1.777629148626363E8,101.46237577149208,21.025409624802624
13.82543176555079,177.17179890396906,0.06434629822423034,293.16254926656364,121841.8105752418,1.4830430577227575E8,100.10206703066956,20.187733833329958
19.465519781545872,164.41206333332127,0.049581687328016544,293.1656628756246,140279.77909567996,1.8861966243852875E8,104.33416156882595,22.417923264516173
26.006498894681993,152.2351315093856,0.038048194376062466,293.16724576373116,179476.97369675434,2.0444454855342114E8,157.59228798135015,28.99010326760602
25.891346628463797,160.27059850391922,0.04708747368135291,293.1662972890404,146351.03738128213,1.9667810040972674E8,108.90838137328215,23.90969685040349
32.48030755119802,148.0685777611804,0.038340029497946494,293.1675190285301,186813.86997202397,2.226302466883333E8,156.8016785277199,30.070833114090522
32.37350543018233,140.26807683931466,0.03271041547401805,293.16787469232014,218612.13321293352,1.6822422602345726E8,284.1915395250882,32.937446149738754
38.75377011927798,128.4242340895232,0.03126370981515888,293.16807874614284,209558.14800521123,1.555296985463801E8,282.48560152108297,32.927835673995475
38.72788040638035,136.34234775171487,0.035027261689693896,293.16796811247576,213653.60880984075,2.2707599427066246E8,201.16036733015994,35.59953210794402
45.28989945917353,116.43020844130102,0.03177513697466016,293.1679905548095,143636.6948446454,1.302187359473474E8,158.5042996211063,40.93944146105316
45.19110168182721,124.48201283686168,0.03502983271386429,293.168090168612,176609.3950733119,2.0486258108365884E8,152.3236385473198,38.574831833959756
51.79774554276813,104.35011201985714,0.03237936756341884,293.1677159630158,101635.05226939707,7.81407354657888E7,132.23788422839837,65.23876204968234
51.79375081437657,112.4086146375607,0.036024358526989146,293.16797327136106,126782.59829739957,1.3789160166654602E8,116.5769394779311,54.28704224491213
58.16503845187787,92.32717198403661,0.03091209978172393,293.16728667618855,176112.20710808542,7.480678418403661E7,414.6211181719654,64.68250046830622
58.23993247738827,100.33943762849215,0.034196350822793466,293.1677403589868,136336.32672934956,9.350004117969961E7,198.8159257547451,70.88965279998332
84.27639486514391,58.250839901227096,0.022561005810782266,293.16360914535545,271088.50732786575,1.6585055277813363E8,443.24163503596793,53.46427941220794
88.09699022712613,51.79116577797881,0.01652048593042103,293.16250851344176,229318.4149078861,2.3685357740380183E8,222.24624904627126,53.23840186256399
92.04143835697896,45.32894643985308,0.009158756208691372,293.1611538866642,184851.64098870146,1.5661349350330344E8,218.52617019494292,48.03461079552984
96.00680099274673,38.863667349358806,0.004902912000030401,293.1595195328892,160826.64523284248,5.7063401620761335E7,453.87207419163866,44.81500876562843
100.00134726347743,32.388547301493965,0.0031364178770903364,293.1578388520616,177806.27787421373,2.9626434898976017E7,1068.1627494145887,48.51752185928529
104,25.911480081230405,0.002282963958768975,293.1563241965462,230095.64452998654,2.404107520263037E7,2202.5953206581685,55.6398659742297
108,19.433610060922806,0.0017383127434750809,293.15494848407434,286849.6380105215,2.33701376491071E7,3520.9373232994512,59.317481442846606
112,12.955740040615202,0.001275538588305255,293.15356399992487,327006.6778502933,2.5637179852551784E7,4171.093725628387,55.62479619772318
116,6.477870020307602,7.583430708039545E-4,293.15199139910015,347553.5507353283,3.264277380761555E7,3700.7570059355144,46.57086439130469
119.99999999999999,0,0,293.15,357447.16651577136,5.265599984362737E7,2426.5350316,35.72330493039999
64.32465653875333,80.50582104845115,0.029013851866884214,293.1664176522449,377270.5699186479,1.1034432043395025E8,1289.911786733757,53.27649996432282
80.53963638878,64.8200045793028,0.026008864828162694,293.1646265361508,348458.09283882036,1.3230990775652988E8,917.7484744944387,49.935161411163854
70.45299035912181,76.7013601074084,0.028934884806522867,293.1661813253623,478118.6710067298,1.413003362651243E8,1617.8620410474152,50.19649769389584
76.66803166392707,71.99397573731731,0.028281073078583432,293.1656866993374,450790.94403134816,1.4176701107815084E8,1433.5179252082037,48.1211169355705
64.50730238740806,88.38869497796739,0.031282778424964915,293.1672506234395,319382.4723926192,1.2519643863442011E8,814.8001635982391,59.30703087086527
7.254091339081503,196.6301452217652,0.08649955569339185,293.155539725873,112855.04544940586,1.2736285852977742E8,100.00002361897985,20.00035817820326
0,200.67166730769225,0.09099723133414757,293.1537902261309,112608.81173099864,1.2680771798976465E8,100.00000159092309,20.000032972061536
5.50341009778837,203.5331613729263,0.09422974377260213,293.1524812728977,111892.86400825244,1.252001799373846E8,100.00000067745233,20.000015239747178
0,208.69853399999997,0.1,293.15,111933.88368126332,1.2529205887330078E8,100.00000001299999,20.000000688699995
12.669024040361046,184.72832831337698,0.07315542007788899,293.16010592476727,116167.64976581531,1.3494433236231855E8,100.0039992598354,20.021388946402556
12.4143941973273,190.63033810931805,0.07989352716146668,293.15793987092337,113346.30033942478,1.2847348760308859E8,100.00038571803495,20.003674980005517
19.774344628938426,172.36905454893017,0.0596209284847452,293.1638318636199,123835.91507043478,1.526835039547849E8,100.43976349490129,20.590804791405215
17.899110531511663,182.50578327115323,0.07113246951372589,293.16081339296653,114556.0370312907,1.3121526169432954E8,100.01205400140738,20.05051537598053
20.25448366812825,178.36276341189298,0.06675641192963884,293.1621100916428,115897.82618145397,1.3426254169366142E8,100.04528663596768,20.139800853879418
26.62582881914723,169.0059637558752,0.057772073208833555,293.16454994704685,121387.3318254013,1.464684768413847E8,100.60517272870798,20.901871631773087
32.68243206026096,155.82414448297118,0.04634365742479193,293.1667985817469,152253.39562551578,2.067006897434634E8,112.15195536504855,25.505155774345965
32.84832123915862,163.05526907752645,0.05425252376364568,293.1656687858733,124965.35138560768,1.5280220453252205E8,102.20233459233687,22.229090802391884
39.06994285176202,151.64739469743898,0.047872047577442255,293.1671019724529,159832.08677223566,2.2907960882049754E8,111.52407290757708,29.79507077217747
38.76868957776299,144.09681239427752,0.040651619511399555,293.16766736930794,190868.86633808547,2.6462718059550372E8,137.69836985821894,34.739037478233286
45.10826371214489,132.48628340301357,0.039464335164498036,293.16798126935095,195609.2399202916,2.829364317131823E8,135.28839793431266,43.84997660372153
44.916078108511044,140.35246873687103,0.045019077250135126,293.16769669029327,192681.80907200414,3.103520960946042E8,119.63581633665342,45.664350052794816
51.71871269035275,120.48224178794077,0.04042791560950577,293.16807613970656,158710.61544616506,2.2000354416079167E8,114.50125308354994,46.8370228548067
51.59961394257406,128.6117173475711,0.045589674917856614,293.16795563065176,185698.95918630378,2.981992364451953E8,115.6585497637062,52.36025369672199
58.271802980974805,108.37597532573523,0.03924125605360501,293.1680062702758,132310.79881932266,1.4192994961147967E8,123.35168853561127,63.91897944019342
58.22936708184387,116.42999079120494,0.045262528176501775,293.1680950285813,150237.4062700602,2.0418398876082453E8,110.55920724863999,52.88893744875782
64.63959918686275,96.37052887350437,0.034716801496727255,293.16781738815695,248192.53108951988,1.6031794930228785E8,384.25847708556716,65.81005569683283
64.73490940132376,104.38100454002068,0.040537695405261635,293.1681275671342,190389.67543939486,2.1232081728172302E8,170.7895676999324,64.43009790460509
88.33224757387373,64.73165836533607,0.025557775968883412,293.16467227502375,266651.68724466517,1.4099566253367773E8,504.3400495265277,58.12629562647772
92.14048521787572,58.26955191496548,0.020271129073887017,293.1636678279951,239557.50469973474,2.2339776467916605E8,257.2849837111202,63.46831857385907
96.07021254871317,51.797411099530024,0.012572904698793153,293.16252012148647,217878.51395987693,2.2081454773224077E8,215.19608450211425,60.30432216255702
100.02432023477421,45.33297314206641,0.006989747846064179,293.1610861998818,189323.80254017565,9.361095271486194E7,383.1211854026205,52.04791775773854
104.00395765161936,38.86385107906831,0.004379248288188802,293.1594120909637,213741.2152388932,5.069251590065507E7,901.8281968079351,48.564856782056175
108.00053004812837,32.3887322716624,0.003110988617505429,293.15776132260845,267217.70585013396,3.762117640843544E7,1898.5272932373648,52.68079614353081
112,25.911480081230412,0.00236656881760241,293.1562877208328,324968.4029396291,3.2133364809855904E7,3286.6402517899855,58.591118173670914
116,19.433610060922806,0.0018322836109143567,293.154931102882,365632.9668712348,2.9536265047365367E7,4526.292291413808,60.649770319379606
119.99999999999999,12.955740040615202,0.0013536673755918,293.15355238677677,376226.1603614833,3.0078838437291164E7,4705.913307377603,55.87130339524822
124,6.477870020307602,8.073230896805151E-4,293.15198156037314,351604.79999591777,3.4462254486907266E7,3587.5318971427223,45.75933668526332
128,0,0,293.15,313282.8852676514,4.904207147305887E7,2001.27947899,34.24802415408
70.78569936110598,84.45499813903186,0.03131942951693722,293.1671640859627,475426.18937232526,1.8395943945184863E8,1228.8475908745675,52.976336778256375
84.54205680675702,71.20498199016686,0.028619639286741994,293.1656743352414,357080.3670736751,1.433570539647944E8,889.5854141380405,50.236972309391696
76.9248473149808,80.42979399869505,0.031095576752602744,293.166926275509,525072.4252860037,2.079017311457355E8,1326.3292541311287,48.80280490268698
82.36324616311856,76.86660191292236,0.030665124020686673,293.16654496246457,457708.66037400597,1.9471688010706568E8,1075.993085230217,47.71151429579997
71.02483764445265,92.38460608867598,0.034816931294802324,293.1679102971905,409472.51513138,2.592820576865314E8,646.6712115395268,56.87633871644443
15.718290738932405,196.20411520801312,0.08627474515147295,293.15568241575056,110531.52770857878,1.2217210571168655E8,100.00014636827717,20.000709759836937
12.262959149860352,202.96692633517438,0.09366497858861444,293.1527312013677,110708.20162955084,1.225630508522178E8,100.00001380319613,20.000053614446475
7.999999999999998,208.69853399999997,0.10000000000000002,293.15,111303.49489318712,1.2388468494632429E8,100.00000059719999,20.00000289968
18.95673000245559,188.83589330972126,0.07833021416312458,293.1585673557509,110739.27724217584,1.2263118653238216E8,100.00110957041649,20.00636755909318
25.35565233131667,176.55291879709603,0.06579025184927097,293.16256829797527,112077.10254441637,1.2551241244222003E8,100.0802657215866,20.214126555347494
23.675293410772632,183.06989326951464,0.0725538178485643,293.1605508679141,109249.20529534858,1.1933952232041435E8,100.01239465123662,20.041404226054706
30.869950202282443,174.71835323331476,0.06535475074396607,293.1629838464577,105579.45890326751,1.1125768731126995E8,100.1918688258275,20.283923138227166
34.31836277230489,169.8667868953766,0.06185086890260442,293.16416310365094,105802.30325644667,1.1127609775839578E8,100.60080687682593,20.75156734925358
38.49995532222258,166.02993833051698,0.0604701098259531,293.1649218824299,105727.70152918067,1.0932096586937635E8,102.25374937187887,21.900749787776064
39.92466201175729,159.49469851368343,0.05584113546287584,293.1660813275751,123978.62004155021,1.4824481896804067E8,103.6918112718489,24.6748020536132
45.33209368358486,154.55187205009904,0.05683886108042754,293.1665651833309,139941.3384020714,1.7392069304738936E8,112.60767124407671,33.09578478714434
45.22945169265417,147.8457234642665,0.05157608714208194,293.16721964247904,170573.56131142683,2.5857314592581055E8,112.53042046587952,40.84185731529957
51.5058765428273,136.70681536381892,0.05135052653992001,293.16764812771765,197178.43068503556,3.194023590457464E8,121.74022809228957,60.64482648406179
51.041271645934735,144.241806761345,0.05610852282647166,293.1672385891956,183802.00561754432,2.574633865478783E8,131.2543133743982,57.89105984288644
58.14546390653523,124.52135568879042,0.05127212588678831,293.1679535353848,172643.63745293856,2.501354198098735E8,119.17965372837614,53.52611212823796
57.952454198993635,132.88326763739246,0.056827636338064584,293.1676102200134,191090.4623918148,2.4470771263180733E8,149.3046090119578,67.25909405739985
64.76333150279667,112.38805476118294,0.048296897164860235,293.16819891222025,175176.6131788164,2.400800077827847E8,127.84802274782949,54.18880828582858
64.68314059602716,120.40370254601976,0.05515140389438689,293.1680165826095,172010.65314934484,2.079293427530081E8,142.35770633565986,50.138652035919044
71.15177732205795,100.424979418792,0.04088611898317147,293.16833317902297,331704.6224830928,3.9107787543207216E8,281.66503421210535,57.42228070673364
71.29461979221735,108.47757494099302,0.0498893920404787,293.168406067414,265147.523207643,3.8889024050365067E8,180.81595856103806,51.72614164661581
92.33626098314858,71.11816203327639,0.028814756929099825,293.16566034225167,249435.9063835737,1.4681511746710548E8,423.8660919385804,55.84629346047382
96.15994264117884,64.72586759702287,0.023632482256269335,293.1646610566091,220621.2632915659,1.9954225858686292E8,244.1961955791384,67.24164254779778
100.09512131850919,58.25482682290278,0.015759871534857053,293.1636192773476,227301.82807783995,2.5187898260838613E8,205.23151948520032,70.74935153183475
104.04362477539989,51.79327127682121,0.0092245667817987,293.1623832090036,234908.45499980132,1.4481003941482165E8,381.26542833869786,62.756760713613865
108.01336538786974,45.33132040487951,0.005868898738660499,293.16087365190805,257395.97813823307,7.818662388829595E7,847.588102669345,53.71979948809092
112.00208485241869,38.86291246307393,0.004148013949424135,293.15921196641716,308852.4356187993,5.677007873836371E7,1680.5820313270217,52.1305423879503
116.00019824788903,32.388608913263546,0.003127687863180881,293.15763581250343,362110.99639416096,4.5789971218791805E7,2863.799934399238,56.39091555324446
119.99999999999999,25.911480081230412,0.002437607152590116,293.1562164011432,394089.4695608453,3.75518175179722E7,4135.872486850537,60.78270076010542
124,19.433610060922806,0.0019054410071545752,293.15488287787997,379060.1834743091,3.0456248542806137E7,4717.854102024656,60.75420052592886
128,12.955740040615197,0.001413711945183701,293.15351193269515,331352.1489635565,2.6911251047908794E7,4079.9254048935513,53.99813657465261
131.99999999999997,6.4778700203075985,8.446688528253339E-4,293.15194547719784,268493.38384596043,2.7254446961155143E7,2645.182307259136,42.828688168986844
136,0,0,293.15,204540.35214460947,3.3425881223170564E7,1251.629150677,31.603897387860002
77.47591163678213,88.32394621263563,0.034817129502076855,293.16790968693084,533708.9070091128,3.474048202596248E8,819.9296625380565,50.18749755486812
88.77503201819361,77.40707492187289,0.03208986039156398,293.166686045768,364396.1683318671,2.1456322119945207E8,618.9842217358723,47.94999752792185
84.53497918051197,84.20861681104373,0.03491005335118253,293.1676783581343,516568.2955680929,3.6928986470111364E8,722.7093064499824,46.213433203949975
77.54260734566985,96.41153110421543,0.04107073207916751,293.16853699784684,505515.2323113156,6.252259269823595E8,409.4969827331433,50.98615841819959
23.533425325033317,195.73852462252634,0.08611336391555202,293.1558324876482,106942.64890125442,1.1436401092873113E8,100.00347519832042,20.002399406598936
19.888144419836355,202.4228636495735,0.09319639983095612,293.1529591350607,108455.27895562351,1.1762525981848651E8,100.0002784847325,20.000288920398432
16,208.69853399999997,0.10000000000000002,293.15,109522.38445891702,1.199514912327414E8,100.00003137859999,20.000038387459995
27.241807450452303,189.06755114580307,0.0793279114308132,293.1584071348102,104293.03863742382,1.0874313750237982E8,100.02659553973837,20.013959925261318
30.977640122565962,181.7889717491604,0.07242617190607137,293.16087286798535,100739.00332987132,1.0135509903260632E8,100.13013525015006,20.082285095910205
36.760313039350656,176.5955260305629,0.0688517419081306,293.1623575958076,92852.13504083293,8.532654605154903E7,101.04643986770905,20.383341882348706
40.80836859967809,170.7967619734506,0.06547796675691754,293.16379807752907,90932.46396305697,7.972425523839758E7,103.72316905422322,21.32716152982768
44.40552007337844,165.2151376099928,0.06333138097357326,293.16492874175077,97456.2264927563,8.618385166951793E7,110.2077660505664,23.96010690264166
46.27665751241079,160.08507105828136,0.061348333907138494,293.1657722713002,116292.04115011683,1.1372404899417575E8,118.93173630151196,28.570247515217886
50.2851062811849,157.66386241251683,0.062997790893057,293.16597265163125,124935.33136363867,1.0799589584394626E8,144.5588994385491,35.56685298951344
52.24711498072552,152.18213768442334,0.061857265458897026,293.1665276513507,157919.98976182385,1.4985161324402377E8,166.5221333462678,47.49708300394627
55.479965627779166,147.07343911203202,0.062091701435186955,293.1668357972824,173420.03006509293,1.535032734785962E8,195.97832206241372,62.711922927701316
58.83318841956126,141.66972345134488,0.06224740921353033,293.1670752364825,190198.77338219978,1.548249677353279E8,233.8987003846351,73.7051323711571
64.7038988167997,128.2832259785522,0.060187369605893055,293.16764308996966,178091.50375507688,1.5542298198844105E8,204.2662509801597,60.29191272166903
64.72304951673222,135.73973228166543,0.06340061863011176,293.16721478820006,186059.1521167243,1.0430081142941171E8,331.98592298259035,73.2704547464657
71.2519030593053,116.38873753515347,0.05732608634477814,293.1681612614646,217225.79338856353,2.1997751329450777E8,214.73055594777585,46.87408130754536
71.07335235198228,123.97226410938863,0.061665385072529444,293.16774322972987,193879.60512997466,1.1851518130832224E8,317.2534605349672,50.373078077941415
77.66573490483867,104.53768314762902,0.05066465214896696,293.1686623303455,407565.88274038344,6.187729306879301E8,268.5553307747193,49.543474563326406
78.40468826768675,112.86966711821901,0.05890994020289021,293.168331872412,320498.5573555305,2.567236883030407E8,400.47689816550024,47.32805097465075
96.39676034142923,77.64967712823369,0.034050493719251895,293.1666968270006,261310.53610872515,2.4492435116204262E8,278.88183840207904,47.938255468181275
100.1902566072979,71.17979586390395,0.028073462094283828,293.16563745647727,190701.33112409653,1.9314894454627025E8,188.38726943545942,58.367350644507205
104.1123819269655,64.69187646642713,0.01957403366335543,293.1646085595111,217200.65931502366,2.6715781596237814E8,176.63531698661225,67.24963595313774
108.05993741768854,58.23444180812474,0.011878100175275642,293.16347848265355,250278.88502839478,1.9388929514005792E8,323.2829461464109,65.3039967432644
112.02511265935767,51.783363321158646,0.007608386028018335,293.1621298306188,284467.3313710997,1.1032246070271458E8,733.5230321527484,57.36961111891373
116.00709810301817,45.326871603133846,0.005388206814123029,293.16056823777086,332954.27594446385,7.644956376648554E7,1450.271592145689,52.377411359797954
120.00109739670624,38.86134453202712,0.004060373427402155,293.1589677631907,381546.11000723677,6.107887175303075E7,2383.555774559909,53.71077855590506
124.00010051720503,32.38835194322285,0.0031593723629387547,293.1574806868627,385534.5390053186,4.593416196009284E7,3235.9261372911296,57.43923354907589
128,25.911480081230412,0.0024978502053073725,293.15611488438554,352418.84901723947,3.2928714786152337E7,3771.7833891696796,59.629813752828845
131.99999999999997,19.433610060922803,0.0019663709261510975,293.1548030151176,292101.3579841614,2.3586735571682278E7,3617.443310820657,57.34012084645166
136,12.955740040615195,0.001464732806337155,293.15343590875597,217790.40672976102,1.8080729226633433E7,2623.4118537231593,49.0954461479265
140,6.4778700203075985,8.753994032635704E-4,293.1518751066488,147172.050489101,1.5458913586231673E7,1401.1620632357842,38.00971463592916
143.99999999999997,0,0,293.15,97328.377226801,1.6308920272571035E7,580.843453699402,28.279273164420015
83.8656324406549,92.24308697770401,0.04115878173749803,293.16855439858597,599583.4273991737,7.790219777800008E8,462.68343194138487,46.92606797396423
92.75266153553217,84.30321490968913,0.03886089637256431,293.1677633009918,430280.36132619414,5.1602624828220814E8,359.7353672388586,43.575264367585696
89.5395265058796,89.83555307074116,0.042728282268791745,293.1684350386439,544379.8251267949,7.759355465885131E8,382.08390704442047,44.53671091929161
84.07135717895804,100.55557243689695,0.05126959740721954,293.16883715535636,565796.6087448172,8.565810028555155E8,374.2237443498747,48.14557502710124
31.58218332133633,195.66941923261444,0.08637405992742563,293.1558410007411,102429.45674523119,1.0483018148062445E8,100.0861004827167,20.021767920448365
27.81311361408339,202.23159267179537,0.09313498034715638,293.1530305597825,105802.33643871099,1.1192967479391737E8,100.01092581966027,20.004146433059034
23.999999999999993,208.69853399999994,0.10000000000000002,293.15,107248.32792815009,1.1502115317447042E8,100.00078305460003,20.00051913762
35.355295515120346,189.09047659947964,0.08001630333174349,293.15837102319,95986.92543513572,9.178476390512507E7,100.38667171459123,20.082025125194097
39.2332745549794,182.91472983139784,0.07478366021211778,293.1604633945433,87495.9708620914,7.532330455005944E7,101.64296298208063,20.316200264749714
43.91536479260309,176.6324685683286,0.07073040621956812,293.1622906648391,78951.85312374178,5.788897620469635E7,107.68706825359267,21.282743740898933
48.04676203820436,170.33933218001425,0.06806199765075921,293.16379028104194,81204.73155275315,5.17825222887727E7,127.3614499219726,24.043620940065747
51.46528475122049,163.56260009833076,0.06628238628158357,293.1650346992231,102401.33304805882,6.243826356116254E7,168.02150380578635,30.389859691241014
56.11999902162337,157.99224287060537,0.06633384737263008,293.165696965765,133231.1205738523,6.406131124089513E7,277.17696541915166,43.35242179369033
60.09792279209222,149.9423795221553,0.06564815962164243,293.16638932710333,163770.3070063281,7.076957734676138E7,379.29255124093055,64.57983828871163
65.70733806835543,143.4755212087295,0.0658470361925748,293.16666741199447,193050.83025210586,5.896716005712366E7,632.3648503351368,76.14535831754803
70.4371589792983,138.84946195083967,0.0658843624377403,293.16680936008447,210611.97836270058,5.113337955453949E7,867.8248543770748,73.09108028553527
72.06807574097434,131.84724298251052,0.06466202546972927,293.16721651174026,204638.57551645557,6.37815518949907E7,657.0126646469226,62.49183548269786
77.21892189268684,120.34955501613318,0.062279737755463756,293.16786698090976,252654.20764029204,1.1666788547391887E8,547.2229535511933,48.18352122921001
76.7171244121347,126.4073426275647,0.06414556886341186,293.1674593779061,240805.94308936494,7.540749188352872E7,769.0635514813825,53.472775368852794
84.28583609782204,108.23026503278743,0.05853471826446155,293.16854318902875,461903.6234769477,3.6482823663092154E8,585.1499524582922,50.07044855726151
84.74807412270856,113.96650661569092,0.06164937404512764,293.1681664065568,407603.96223204315,1.8302569722513145E8,907.7647122448732,52.246924116531865
82.39774595714474,118.0682997817596,0.06265040725176567,293.1679298791127,343547.7572819299,1.2977397935830045E8,909.674163315284,51.284350287289065
100.15763427829711,84.30225865729935,0.043293977398224,293.1676390247799,311725.3521267501,4.7023079313464403E8,206.77073438097577,41.70857242429731
104.16882691235354,77.58422186898538,0.035439954304821386,293.1666334952269,215955.69136589565,3.084250161704824E8,151.2591028143031,46.167687328191796
108.11078593885438,71.0935540485091,0.025489598614848594,293.1656144616891,213026.01651150032,3.1879551478475136E8,142.37419507735072,53.34538708984348
112.06658071391246,64.64661586627483,0.015834620552959863,293.1645231160771,238180.54560311695,2.56341085613541E8,221.46331737934904,56.91098980646603
116.0338154125787,58.211477933504874,0.009951564690033797,293.163261237169,279694.1262029013,1.525869597219831E8,512.6851412154741,53.64638534148259
120.01335916619648,51.77251990478167,0.006923014517593609,293.1618024436957,327229.64544879826,9.905051208903937E7,1081.1346671021392,49.613087591255926
124.00359532121568,45.322358617851535,0.00519672784810044,293.16024293626543,350630.73505264404,7.009944364026609E7,1753.937357114559,49.53108788852916
128.0005643040569,38.859956370659454,0.004048642817366944,293.15873128273,343182.0596568962,5.1388674032135375E7,2291.869984138566,52.12817335788866
132.0000569114047,32.38814047091886,0.0032072119019218325,293.1573235093265,299812.4916859032,3.494099467716793E7,2572.5619942181324,54.38514405923981
136,25.91148008123041,0.0025618113702488812,293.1559977994657,234260.84612073738,2.194646782160676E7,2500.554914134836,54.22601549392419
140,19.433610060922803,0.002030643867200106,293.1546957643986,162303.69711275387,1.3382144482792027E7,1968.4938860592526,49.98041338094376
144,12.955740040615195,0.0015182316643863115,293.15332274345855,103984.40583966042,8990353.162572099,1202.719409822059,41.28420866755252
148,6.477870020307602,9.010134470792897E-4,293.15177113145734,63841.53647307044,7077002.696764071,575.9313775410869,31.87986594763717
151.99999999999994,0,0,293.15,39779.98880941026,6584365.276958845,240.37563336140133,24.85971645486002
89.97315885758272,96.73809646997408,0.05153767629461526,293.1687951352706,609249.5161817243,8.876142546750036E8,418.82727938545804,46.96864704382946
96.56891496042853,91.68231943895937,0.05051511498172779,293.1684266395459,506538.58582761,7.302198964293412E8,352.11113790951873,44.29345190047671
91.09517342718014,105.17277188907192,0.0593174505956713,293.16852907258084,568098.2789491165,3.5382628086987555E8,912.195122987404,53.17858061184774
39.63597208725383,195.72473388995212,0.08646784841655276,293.15588427026154,99051.53371040428,9.72014489449443E7,100.944088767802,20.139230640194594
35.81653494864016,202.20741220842936,0.09314552521715097,293.15306302053983,104568.08510456224,1.0915680125659342E8,100.17437189572219,20.03404023753838
31.999999999999993,208.69853399999997,0.10000000000000002,293.15,105873.65303940546,1.120696900859282E8,100.0202673774,20.006184772439997
43.46089555413423,189.37745374795014,0.08048343566238425,293.15836851247553,89806.39622320146,7.693167218957923E7,104.84438802453279,20.524261686579255
47.52063674189188,182.8799990063499,0.07547479370427022,293.16057683313085,80351.76078871849,5.451677529650408E7,118.43641799706624,21.68620143211993
51.796373983939404,176.452016760051,0.07201878962805795,293.1623842237364,79109.9693573212,3.945972465775058E7,158.61071556133678,24.6701235479311
55.70088934396522,170.06395672849084,0.06991725594686965,293.1637737034953,90658.56746253728,3.318886796517129E7,247.6581941047932,30.42471585210228
59.39250384768713,163.70829637760892,0.06870284663056413,293.1647908355987,118849.4075259129,3.2978406736081142E7,428.4563578012376,40.30812573127142
63.81385253187761,157.38510956351206,0.06805768231620646,293.1654786309739,166532.31989700583,3.4508466563397326E7,804.0929066987492,55.312427904591125
68.47483749637276,150.4289689489969,0.0674982691745251,293.16599956623963,214280.52678511967,3.572261952612654E7,1286.4747898136213,69.33373698182227
72.97250215190874,144.2560913079677,0.0670428101028089,293.1663316935804,252353.08974009063,3.776543532685403E7,1686.624886832334,73.18810580269793
76.68818038299078,138.07869353216535,0.0664537035405162,293.16665338561387,268520.7296544669,4.156139015964482E7,1735.1445831426702,68.14737080378842
80.13376572688236,131.59998039739796,0.06566292879564924,293.16701152209635,284352.31807765906,5.127888564836534E7,1576.9096185609535,60.16614364914853
83.46725761475773,124.39319564133802,0.06451521019086585,293.1674505597278,331678.2245387202,7.545850361095533E7,1458.2053159713762,55.75048692517464
89.72642829432931,112.29451783518792,0.06205792324273628,293.16814601039965,512259.87010368844,1.8447391202699295E8,1423.045783232012,57.12414316962171
88.14978788788376,118.76257451741682,0.0636669489272248,293.16774509390194,454510.73085058824,1.1445514513590927E8,1805.2320918823118,58.4933258647901
94.87977593051819,110.51824612670958,0.06229824702769665,293.16808045733086,611526.0997368621,1.885856541295575E8,1983.697716180126,60.87620815363882
104.20269746702976,90.32562797543608,0.05301821093817518,293.16800219510327,369049.98917356244,4.1833397835156935E8,326.01426968958646,44.07184406107148
108.08236107399469,83.85237530166064,0.045680719031942325,293.1673865738399,262534.8933196853,4.156097514613176E8,165.91342994810455,42.52164792588167
112.06250774400301,77.42108251461819,0.034682945499362135,293.1665756494394,234206.4268084504,4.376093913607598E8,125.35447152471852,44.34142599004247
116.05483888232118,71.01876342839495,0.02249988365360321,293.16558265272255,241722.49874371363,3.835151162329419E8,152.40183900990164,45.86763285355997
120.03334882753313,64.6100851337463,0.013765548983678336,293.1643763825298,254501.58361913796,2.267678603921131E8,285.6781187558559,44.91051431309371
124.01655977642304,58.19448984462602,0.0091319802839136,293.16297405731666,280794.0590956917,1.2769550403282906E8,617.4693819370441,43.23483342374419
128.00620308324727,51.76546267641507,0.006675178108950577,293.1614620395599,290981.87430566957,7.921360096021532E7,1068.9370736783003,43.30709723770638
132.00156935990168,45.32003292341201,0.005168971396748301,293.15996383668426,274536.4904869189,5.2506456517068334E7,1435.5085604962571,45.22061292933024
136.00024391739595,38.85942563113849,0.004103498903333153,293.1585408528494,230680.44899517167,3.429686150240489E7,1551.5713211721916,46.90094568547604
140.0000275714248,32.38808896105283,0.0032921851559275434,293.1571879544215,169073.4396629761,2.0039080236112025E7,1426.5100395067177,46.822136106003846
144,25.911480081230412,0.0026574508976924885,293.15588004908994,114253.16299755039,1.1159026061764399E7,1169.8085864887482,44.318066435262274
156,6.477870020307607,9.240296808498996E-4,293.15164968781534,25967.008054753653,3186503.5376898055,211.64328964441447,26.044127474467842
160,0,0,293.15,19585.600190582983,3094378.1478631557,124.00132254700002,22.0652663178
148,19.433610060922803,0.002125851646737943,293.1545709401555,71091.95658360046,6278153.809906577,805.0312786459014,39.36117623036424
151.99999999999997,12.955740040615202,0.001594233008034294,293.1531829937615,41466.24680290103,3931610.302669293,437.3400641466995,32.39814908432215
97.09572516466903,100.0213426207884,0.058325094426041744,293.16846717694983,560069.4161091844,3.770876367046811E8,832.173099831829,51.40329138641499
102.25904712721196,96.24695571802928,0.057482083821258814,293.1682370002564,477616.275231287,3.402003185246563E8,670.7642644768839,49.083849207365425
97.55896429975856,106.37634272070196,0.06138291497404408,293.16819687532603,626848.6887152374,2.3292785312461728E8,1687.0123459490765,58.415017722692156
47.74133946118252,195.77915669438437,0.08584470225227288,293.15609850282505,106211.43482018977,1.0240221262413268E8,110.17367056230701,20.7426168546047
43.8585423255759,202.22456097266974,0.09286418387124533,293.15316344768536,109290.54042698548,1.1728936494645141E8,101.84502067530012,20.19685320089937
39.99999999999999,208.69853399999997,0.10000000000000002,293.15,108408.11450729611,1.1728494677210183E8,100.20386163799999,20.036805646299996
51.68655535243076,189.33105725246708,0.0797809498543768,293.1586985065946,103271.17692533699,7.723222844740005E7,138.09313013192227,22.205652979665356
55.73887510892478,182.87469750090634,0.07533738558286508,293.1608619660629,108150.35214444187,5.6383794024705775E7,207.44641098824425,25.55137609173565
59.78122048789711,176.4287098668958,0.07242129300576318,293.1625279372634,128216.31284217618,4.532855759747601E7,362.68600393976266,31.882759967024388
63.69161567510073,170.00777460544302,0.0705801310842379,293.1637405254016,173544.35956432836,4.189909681120425E7,718.8796281162023,41.38643983417246
67.57037488755282,163.50181892190403,0.06939229341674817,293.1646243851338,226889.36399190896,3.8285955752166964E7,1344.9017614543927,52.924609273302345
71.94789412276155,156.97175049242034,0.06858895396514499,293.1652513421691,287466.3644901008,3.68866712819102E7,2241.007060356138,64.63141296600172
76.3095153112409,150.54296159919633,0.06796061619394748,293.1657089434356,338007.0161417977,3.730227637567766E7,3063.260761032608,71.24530222464544
80.34216838653937,144.17286118147692,0.06736518692745942,293.1660928066397,369924.6060560588,4.0138670752830416E7,3409.457942733479,71.2851827826887
84.1755019724923,137.7465578507027,0.06671046462965406,293.1664647680713,399630.0107164823,4.81098849490092E7,3319.6571682547287,67.33182072507385
87.90946597927078,131.11348351563188,0.06591538739667267,293.1668614013052,444845.66965753486,6.2952471655026324E7,3143.794824995046,64.24813529652543
91.74576175021453,124.45889169929093,0.06501230239672717,293.1672520303536,524745.7642081577,8.568405522768404E7,3213.863074364881,64.83916459231521
95.30306501031372,117.12002139500798,0.06389444016373692,293.1676525574407,608355.4274011997,1.1982742024876751E8,3089.313705728939,65.80866722305319
100.99319427491984,111.471686042321,0.06314222614441306,293.16778830315565,668803.9891441294,1.461152511213009E8,3061.4933030259185,65.03111862614132
108.42872656324269,96.2498853760962,0.05867962769192644,293.1678972823101,409916.44404998026,2.2855856514638963E8,735.1816067161179,52.13024855206762
111.92263147983597,89.90098880416735,0.054105925872375914,293.1676240188085,301164.33440901496,3.092259191595892E8,293.6031518402801,49.4997035207894
115.91020990356485,83.61542649446501,0.04522394624473422,293.16715481123083,256889.43299156483,4.5014016451335484E8,146.63259980771636,47.85139721083007
120.02788611501573,77.34850020860293,0.032406549898901675,293.16645596534687,244860.922960079,4.901098820405002E8,122.33477715827316,44.782384592217625
124.00476355697246,70.96416526119643,0.02040229325724093,293.16543197569905,238623.2908471365,3.4807340153997463E8,163.6302654246377,40.10887223942681
128.0087231656527,64.58690193628871,0.012891922365021421,293.1641143179933,227129.45665416648,1.8107490490019727E8,284.94245573715176,36.653499818544276
132.00509239826258,58.18594124330082,0.0089264515118891,293.162645142274,225554.56207401116,9.764747475883579E7,521.0169810695846,36.310991655280695
136.0017229172608,51.7630863884782,0.006716956189973475,293.1611806574702,203423.79520696588,5.566290819453558E7,743.4406444870673,37.695678945342614
140.00046959492968,45.319951434508596,0.005299019168418664,293.1597793010658,161022.279077967,3.2074657880128454E7,808.3945870918698,38.749286074399926
144.00014443245263,38.85963665055171,0.004267280645259982,293.1584235958123,116881.67210664316,1.859466698271282E7,734.6933900153422,38.08082618457042
148.00003495536367,32.38815241622083,0.003475038539077636,293.15709369632856,77940.70842560338,1.0181243240388278E7,596.6632106756161,36.17483466016557
151.99999999999997,25.91148008123041,0.0028538008643572703,293.15577864093075,48548.41225631881,5459137.589475496,431.74513331541624,33.3227536962301
164,6.477870020307602,9.800801230194884E-4,293.1515433317191,16998.542768857802,2433729.5091900043,118.73743366762044,22.200805452966762
168,0,0,293.15,17014.35296969618,2789967.165897319,103.76314012940001,20.68239181656
160,12.955740040615204,0.0017429202016011885,293.15304254435745,18793.096188026993,2195916.2952920212,160.84093479921788,25.13593367240352
156,19.433610060922806,0.0023199523842070495,293.1544466409992,29112.38579458355,3125420.2859734125,271.18277906985895,29.43602878964577
105.11909231585237,103.91156948799379,0.061548643699826926,293.1679364040734,549188.4474963038,1.6840502249608332E8,1792.1657518602256,58.381927427857036
55.85541164525687,195.7787037653383,0.08426042384867959,293.156568893105,148119.55429420565,1.397565011791704E8,156.9995337340794,22.38716109267102
51.92994621441291,202.24093090028484,0.0919135647983666,293.15341673659503,134640.1166162056,1.5898568083400512E8,114.04272646174105,20.7778035350122
47.999999999999986,208.69853399999997,0.10000000000000002,293.15,122973.24116881017,1.480018271536899E8,102.18518233660001,20.187224506360003
59.8353000266891,189.31851772995313,0.07856626765616981,293.15921238920214,170540.7921027261,1.0764933332012762E8,270.180750160137,26.008485026241782
63.851525790665775,182.8631709415178,0.07480051321013864,293.1612369979776,226503.94418803163,9.728650106026475E7,527.3612378779163,32.81949643448516
67.84255819024804,176.41042963129084,0.0722910731075324,293.1626896131755,297845.4423956039,8.794962092526962E7,1008.6845001233033,42.45919890754874
71.86111014663064,169.94877880466154,0.07061998716853368,293.1637188983672,373242.46273487573,7.433152463090788E7,1874.2362542906892,53.536113990823594
75.88137997944217,163.44305479288911,0.06949929938991622,293.16446807588096,438625.2165085042,6.066747570585527E7,3171.476970524293,63.949483386975196
80.03044116966748,156.95511581737944,0.0686958506753526,293.1650292767765,489705.8695555422,5.2481420321905635E7,4569.684202217203,71.33578017935723
84.09306488010877,150.47457957864705,0.06803890286679654,293.16548494370494,519141.44568948966,4.925023720905119E7,5472.359754495959,74.26478711473531
88.0860891972625,144.0379645104124,0.06742000754190298,293.1658912600458,541505.3859949383,5.214041021462178E7,5623.881347409974,73.17042217750112
92.01269788968467,137.549582899582,0.06675530114800317,293.16629187296934,574726.4851296403,6.202739258210024E7,5325.315339229433,70.46464615785341
95.9210729775329,130.93389027302655,0.06600524181960238,293.16669239557115,632423.6508655455,7.701005360339977E7,5193.789326035104,69.85789239041027
99.72392103152818,124.43018485332435,0.0652263919389658,293.16704829841774,701864.6092577457,9.321235626518248E7,5285.591653290506,71.24535701366443
103.67739069872503,118.08260002388296,0.064442870040892,293.1673240319156,725347.0062784515,1.077476986205536E8,4883.081778331964,70.2265978789245
108.62443352942212,112.04167656822727,0.06364742507514966,293.1674611841856,644276.2969271789,1.1099041330604668E8,3740.9541039842443,65.6555973133589
112.41803714861874,100.87383757617307,0.06105535450794074,293.167653991459,436983.559754489,1.5250693671355814E8,1252.1063960226184,58.82306774111237
115.33414084336968,95.7069673684972,0.05874334285522307,293.16755373207843,340421.92488237505,1.9250761330598763E8,602.0215407961186,58.79486697008202
119.55606972458645,89.63414067932463,0.05325575670978675,293.16729138917566,262629.8023776202,3.0628007306948113E8,225.39287780468206,60.24882098254266
123.7476537785539,83.47637087569694,0.04270344049217104,293.1668668174029,236704.3600320864,4.4233539147703177E8,126.67585727084084,55.05189258727733
127.89780299693798,77.24429992080294,0.02984800614718459,293.16615676445514,216826.7737072596,3.976176686555035E8,118.24414948607993,44.59226156082581
131.96827230677528,70.93413030980128,0.019376507135461112,293.1650737196203,197636.42046199497,2.575134816058254E8,151.70848809358233,35.68058098863451
135.98957852894137,64.57419033251354,0.01285395368699213,293.1637235166591,172808.75807540867,1.3376409972414069E8,223.32087788440506,31.94998918232798
139.99596426585984,58.183007668060384,0.009214879508349717,293.162340639623,148017.41876058292,6.796576236528443E7,322.3889152537484,32.226825335415356
143.99823942143982,51.76354561518669,0.007082187015082197,293.1610188413131,115637.14493585542,3.557409192897288E7,375.9010179822313,32.791870412668175
147.9995961295147,45.320641155972105,0.005683506945804995,293.1597164904656,82905.66253323788,1.9316666443314258E7,355.83424972628194,31.564022339507982
152.00007827551977,38.85993253317463,0.004670185342572805,293.1583904620383,55948.86694165823,1.0816083405492654E7,289.42476762934876,29.400945416364692
156.0000424485162,32.38820185968394,0.003904185717600199,293.1570476464595,36864.647069134524,6226225.62436219,218.29550899386393,27.22232001993716
160,25.911480081230412,0.0032924818112269575,293.1557031602367,24413.936474495993,3715875.5245473585,160.4179803851405,25.097704653693935
171.99999999999997,6.477870020307605,0.0011129230119025157,293.1514826898585,17402.80347971664,2950812.0778453597,102.63600519192505,20.712578246036784
175.99999999999994,0,0,293.15,19117.543057262916,3615918.7239348763,101.07617831599998,20.31350836002
168,12.955740040615202,0.0020128921855966744,293.15293621067116,16676.425785509353,2529741.300350596,109.93545991099462,21.675303286008376
164,19.433610060922806,0.0027116239623054335,293.1543422941672,18879.48374207737,2752430.3571597193,129.50265867736496,23.292974683249522
113.05730649209558,107.08828254878213,0.06282044610149339,293.1674754313346,514415.8565377439,1.1130874896530296E8,2377.5985407025582,62.071949552289645
63.932398262202184,195.77178437050253,0.08256954055082312,293.1572253177049,270177.768754098,2.3146496966424513E8,315.3942390934822,25.440683964068427
59.95987022591095,202.23750490033603,0.09027556036401484,293.15387175466077,206986.74260512742,2.6864295815579945E8,159.54913852650677,22.005781606979323
56,208.69853399999997,0.10000000000000002,293.15,169296.33611855734,2.561351990523747E8,111.94837816960006,20.567473948980002
67.91755098072005,189.3057132847481,0.0775761669016331,293.15977990687037,357278.3384933238,1.9681602221955678E8,648.580452454441,31.747125893119946
71.92347078476236,182.84319397281251,0.07427920018513832,293.1615763164602,460926.3862947487,1.767320445009589E8,1202.1351362819405,41.0917885070832
75.9366591295724,176.37323872196234,0.0720035691445627,293.1628115042115,557124.1496799322,1.4761149806784678E8,2102.733943833747,52.13436268727008
79.92490544567517,169.89012233542363,0.07045926663986563,293.1636839261057,630489.9159093865,1.1224638868707825E8,3541.507743593807,62.972663466893984
83.95936975872662,163.39784491389335,0.06940650738106256,293.1643325938937,664401.9203771862,8.276182268354438E7,5333.937257823564,71.76747773005788
88.00160692680993,156.90850276499214,0.06863083149055162,293.16484872492236,667218.1847255431,6.541865360415272E7,6805.241282053071,77.02960159280507
92.02179294783137,150.4459049879938,0.06798711388606639,293.1652938824736,664194.5260608118,5.8636779738546245E7,7523.630728909659,78.15251746552987
96.0103404521333,143.98533938076918,0.0673760610557072,293.1657120871186,676527.5573096342,6.1159052830747806E7,7483.628151913564,75.95118918742486
99.9795938421286,137.52386093734412,0.066740877252514,293.16611749527175,710714.485135553,7.067521143443821E7,7147.028991949314,73.48005643270358
103.91693647886557,131.13991631144154,0.0660808497388904,293.16648777267534,747711.810387682,8.069516802589257E7,6928.336033630686,72.86290700323877
107.89853557248064,125.00010349945242,0.06543258928353611,293.1667838926426,752155.1807012133,8.685466401890062E7,6513.850531342338,72.47964500321346
112.32901906015506,118.6827992961473,0.06473326293079507,293.1670061148507,671929.1126032213,8.673791908168006E7,5205.317964862842,68.93914797924789
116.5705983347848,113.0131220102365,0.06398795005472052,293.1671264302941,525805.2065325455,8.195915931705187E7,3373.4604302722896,64.14130342038135
118.65860958869058,101.40582010195853,0.06127520280087886,293.16737124863386,354933.13212114904,1.2028462150941008E8,1047.5070597370393,63.958809842328385
123.01533002834753,95.53774423666904,0.05797610534248449,293.16722464959054,269802.4066389106,1.8738323574094972E8,388.61405089933675,68.77559936291856
127.35548962626534,89.5172499002859,0.05065801032640719,293.1669562259321,222087.26936548224,3.124539578773262E8,157.94441119317614,67.30264516598781
131.6451231522068,83.41150664737894,0.0391857787277624,293.16646828852026,195339.20037642974,3.428012926711647E8,111.32688193658372,54.957335587840156
135.91252279232958,77.26148611028947,0.0278765262715889,293.1656420482231,169387.3562054614,2.5878302742514014E8,110.87939583590658,41.1524705298579
139.94926197334735,70.92622421038472,0.019119766963683924,293.1644944002741,144088.33240872534,1.6309896702281848E8,127.31080586102148,33.82452348690348
143.97566018533016,64.57077683740658,0.01343109568112919,293.16327248067506,115852.54088816921,8.787921287886547E7,152.7690383107224,33.57875436060456
147.98790232958845,58.18313872848148,0.010000626899288094,293.1621237025977,90503.3924890918,4.570170117502361E7,179.2632686535087,33.83564120126508
151.99481244035374,51.76494024891955,0.007888471105852236,293.1609792170795,65503.70045006301,2.391096959900948E7,179.46718689398492,31.11924750627958
155.99827737618784,45.32116316358059,0.006488307494372133,293.15974337004394,45748.14087100409,1.3308188620848864E7,157.27359046560335,26.923700052674352
159.9997003568478,38.859969068972546,0.005477024247843521,293.1584009222206,32528.45366592669,7988679.944754514,132.45324379148428,23.877695405753162
163.9999761522747,32.38818714684897,0.004683395227979539,293.1570172422821,25566.986639310897,5450017.993351127,119.94363006401134,22.447439890516804
168,25.91148008123041,0.003970364363299916,293.1556389936025,20522.82878587183,3829181.2032577307,109.9955878801123,21.612096719005876
179.99999999999997,6.477870020307607,0.0013141944446268875,293.1514772847063,20819.4022507741,4142838.598257268,104.63105167704613,20.80750782289404
183.99999999999997,0,0,293.15,24916.736864522565,5821829.948262811,106.66153187599997,20.751464037779996
176,12.955740040615206,0.0023563407636870534,293.1528865733449,18639.911192654898,3351834.01607197,103.65935270201562,20.84949052943125
171.99999999999997,19.433610060922806,0.003221766476260556,293.15426735503905,18251.113095317512,3185325.202168731,104.57441996250746,21.083308420822863
121.51379781847446,107.36601702823249,0.06290478668008186,293.1671445893662,362941.08372180816,8.09101899200541E7,1628.4611930099054,63.13640211233521
71.96638060076806,195.76119089933408,0.08142307081918171,293.1578970507473,491949.307074835,3.8827269668278694E8,623.3299830990554,28.943807765682255
67.98353250572238,202.23282553597448,0.08874073382492399,293.15447458859813,378617.32042446826,5.013008031488841E8,286.0723474170054,23.806778095368717
63.999999999999986,208.69853399999997,0.10000000000000002,293.15,282439.2363595308,5.557925119761438E8,143.60953111840018,21.225245506500002
75.95956581691546,189.29048874254053,0.07688027114428116,293.1602388050133,614322.6914450745,3.1606813618643194E8,1194.0783272881856,37.02481620169564
79.95812494298539,182.8186400059573,0.07380963206583975,293.16179202607105,724464.272273891,2.6116528601159742E8,2009.6580428471514,47.36272724067578
83.95621641158893,176.33926422121564,0.07167184341619726,293.1628472334705,772309.192542385,1.891108867289485E8,3154.0356206392785,58.13619072794611
87.96108220949549,169.8531574300497,0.07022688617448336,293.1636058435702,774017.3096268974,1.260894467611122E8,4751.445737483594,68.51407042234182
91.97353681347495,163.36209227895074,0.06923791047730408,293.1641917732684,749172.9510357836,8.600046507008143E7,6526.472840648821,76.74423805901081
95.99214088517483,156.90027861888225,0.0685043911481014,293.16467996200504,717838.1999186949,6.552553328022509E7,7864.160045326783,80.75348267897952
99.99539194560441,150.4477675205646,0.06789208280783844,293.165121233855,704666.2672180776,5.850702089023236E7,8487.21505268898,80.40460734941267
103.98441206938926,144.00965175207452,0.0673175360236742,293.1655410200041,711968.6003456825,6.043461019631613E7,8387.583845584959,76.97761885294818
107.97178322443044,137.62242820404884,0.06673987764123022,293.1659341208528,729154.5053971157,6.701879095001292E7,7933.1118538374385,74.12742249069582
112.00108401285267,131.34352925349054,0.06615444417095552,293.16627245072345,721709.0318263052,7.171090265319692E7,7263.422647008933,72.84045583665339
116.16925882262083,125.16130336325432,0.06555172851346301,293.16653745846014,645774.5892584122,6.996475545259547E7,5960.588617696842,70.56061681775543
120.42441187648437,119.1727020085355,0.06488924238598043,293.16672713185477,501064.70479522116,6.284092261784037E7,3995.3983495770294,65.60099346113094
124.80479018091393,113.20160261912109,0.06399225254811229,293.1668531774058,342231.761923185,5.7387275910832234E7,2041.3180969429675,61.11308128702518
126.31499663368818,101.43545011940064,0.06070824137693844,293.16708388129604,259862.88631008496,1.1238647420705463E8,600.9341278613941,67.7757225596588
130.83320031180457,95.48824254003533,0.05574579055080831,293.16691524627305,212110.2541780536,2.0840495794579884E8,216.10353011508474,69.89078012803071
135.24753798163866,89.47215254963747,0.046402319153153064,293.16655772962264,178391.21380737636,2.7087227231545746E8,117.5055685010757,61.56343156456558
139.58175168058034,83.38408636940211,0.03545803888405552,293.16589139197185,152245.4431943165,2.240601072681514E8,103.45657637985484,47.14270077170369
143.8079525301993,77.20157290289241,0.02604083156484081,293.1649006111606,126079.80041624828,1.519983204081221E8,104.58427861433354,40.67487259962058
147.9444726936782,70.94418865712944,0.01898584307073579,293.16383453848744,100063.83371282608,9.128250760411875E7,109.70464176567612,43.50009642446162
151.96352755629516,64.57153868161167,0.014131988683460104,293.16287969123545,75721.44392312456,4.9814233552041985E7,115.12590639389514,46.17654722196482
155.9810400669951,58.184043835982536,0.011008744224493333,293.16196911687126,56094.46846296118,2.6814219994321212E7,117.36876061182845,41.804633276982365
159.99145046883106,51.765892782880805,0.008972225171728089,293.1609543639177,41404.22354834827,1.5183520321527243E7,112.91702453679169,33.07181865484265
163.9966115182355,45.32143539308216,0.007553114398173661,293.15973844636034,32744.63841463135,9827517.433011511,109.10644833057906,25.49030621309343
167.99902055608513,38.859884168509375,0.0064543498336117255,293.1583578252325,26641.44190177821,6742948.17798498,105.26211937118747,22.0347339769245
171.99983925719536,32.388144424245574,0.005506230343284127,293.1569441822219,22585.131490681484,4931286.122135128,103.43959555667858,21.02347118154775
176,25.911480081230412,0.004608094243176272,293.1555648953058,20465.24040968971,3995518.1126894443,104.82402915445904,20.981179178446585
188,6.4778700203076065,0.001567350911801187,293.1515220819006,30766.009071829918,6890216.462382026,137.39865643199093,22.530996339834214
191.99999999999994,0,0,293.15,41980.495225229126,1.2402069409849405E7,142.1644507689995,21.97010278245999
184,12.955740040615215,0.0027218985824858603,293.15289735017126,23758.91078714101,4589105.0704103485,123.0088382117667,22.239527802781737
179.99999999999997,19.43361006092281,0.0036990521826609237,293.15422472750373,20366.239891082165,3771687.831549751,109.97340712120366,21.446039043149298
129.61183820739382,107.36361664031561,0.062421010120579386,293.1668872783103,235601.39035195965,7.004622162708136E7,792.6146936247495,60.52802966930073
79.98362452935937,195.75190677315203,0.08070448985667368,293.1583741415841,722479.2225548265,5.548290864738419E8,940.8295390699192,31.582511362142622
75.99107379747261,202.22631592252887,0.08776801255722211,293.15505297940246,603213.3369652808,7.95511735305724E8,457.4536648562892,25.436938630663317
71.99999999999999,208.69853399999997,0.10000000000000002,293.15,478202.040781738,1.122067083256553E9,203.8450950214005,21.94347936618001
83.97924297988301,189.27638076215132,0.07633708750155098,293.16046987956514,784208.2388507776,3.943445377295651E8,1559.598233100149,39.91545212959338
87.97696108143407,182.79885680874446,0.07335974438163562,293.1618341711503,800028.5147956955,2.7729306366246307E8,2308.2219278961925,49.79674087758202
91.97607699255745,176.3190776301809,0.07131727050911686,293.16277559074086,769862.1716142491,1.761344651002325E8,3364.984142096084,60.39516464189836
95.98040139263028,169.83401211487518,0.06996306242515449,293.16347372887907,716424.5734464865,1.0723012012711756E8,4786.643387816967,70.66805857552377
99.98422435481335,163.36299936477388,0.06904703983207901,293.1640312406046,667810.8176658335,7.045531756854819E7,6330.129347433948,78.30125990180464
103.9868893672767,156.90040382159813,0.06837101782013734,293.1645140068685,634780.5132991845,5.347377745535109E7,7535.598983818455,80.75870956291965
107.9802446871127,150.4563966761166,0.06781199151990729,293.1649587239717,636038.3561749429,4.934217796917349E7,8198.832170242114,78.9581928351969
111.96979802236906,144.0482282753762,0.06729301004451123,293.16537700457576,655827.8092958591,5.257452436809066E7,8180.972220760871,75.32729906626857
115.9858076732067,137.7041394452277,0.06677358394930343,293.1657533545147,649759.9804124368,5.668532548683316E7,7447.944495402976,72.76095560735462
120.07893655483579,131.45185013120286,0.06623236324067405,293.16606492008617,584794.4718011253,5.6244726585143484E7,6080.310791894627,70.96223897898595
124.28356585891657,125.31683599069744,0.06563303295634189,293.16630729588724,450016.3683925776,4.909703836241304E7,4124.853793054269,66.94517374223652
128.6143913332696,119.28304495910935,0.06486385594495242,293.1664934936861,308133.7438469618,4.2724414298809014E7,2222.5318954771033,59.749314489224
133.10697088639435,113.32260949284661,0.0635940123608708,293.1666235229382,214896.7531687049,4.940098986063045E7,935.0103055063108,52.930062215318706
134.24022015189686,101.4349938084294,0.058859806382897124,293.16681627259567,194760.4463835678,1.3557687229539153E8,279.908282769095,60.99418264132965
138.7612278449998,95.47168404077972,0.051390318571089506,293.16656142238077,172216.8813964571,2.226641983194147E8,133.22414640628634,56.159234197055774
143.19259686584527,89.45563541071067,0.04123731720792955,293.1660035604778,145295.1832921979,2.0275878423674178E8,104.13178778311989,47.612447046677744
147.5306116250184,83.36641723348184,0.03169467079797144,293.16511109585457,119857.58252067289,1.4235105130503303E8,100.92064358405698,45.242659845010564
151.76963203238765,77.19211902267891,0.02399068355121919,293.16413944348045,94229.73850383137,8.752437390461195E7,101.44963255486056,54.54853584339418
155.91398408134273,70.93446014571362,0.01828834530612342,293.163310860452,70164.11153547825,4.802803468654788E7,102.51354443454115,66.14639521931338
159.95426367028023,64.57294508888279,0.014330541986635746,293.16257280855774,51079.73979499605,2.533850443269157E7,103.00028249270399,65.87337066072224
163.975973333381,58.18443986350268,0.011682021398764382,293.1617924236867,39226.39867300035,1.4861359720829122E7,103.56931950407771,50.97493980775058
167.98865791791158,51.76612423391014,0.00983944267361029,293.1608237537239,32211.696532832608,1.0074016181096895E7,103.01604463707467,34.836884262824526
171.9951763960836,45.32167816328774,0.008427618823308745,293.1595932367184,27864.687100934938,7570480.305884295,102.56842006386721,25.19774952566787
175.9983979668234,38.85991179778006,0.00722342424554944,293.15820097155216,24976.602056401232,5989039.753227547,104.16332560931833,21.99053053765958
179.99970959071948,32.388116336908354,0.00611534173172839,293.15681167872384,23251.491641227458,4914280.139438215,110.01244853839081,21.702425175125295
184,25.91148008123042,0.005060923239093683,293.15548619175973,24849.7970867378,4690831.6639817925,131.64368756959448,22.94608780842279
196,6.477870020307607,0.0017627608322430806,293.1515968209315,61254.22225198156,1.3873738703324681E7,270.50149716282937,25.60594524476362
199.99999999999994,0,0,293.15,87244.88997576229,2.9284304315499887E7,259.953884745999,23.74086496069999
192,12.955740040615217,0.0029983546515288217,293.1529557935912,42871.652263899676,7857483.495319054,233.92663315755385,26.049732391387362
188,19.43361006092281,0.0040439630665507495,293.15421857707315,31099.95487731477,5465355.38927839,176.97349597064704,24.83705999382342
137.66215150197124,107.39314342772055,0.060855051178238105,293.16666196972733,179914.90913887337,9.544603351513784E7,339.2566149206629,48.77322525296896
87.9920564264053,195.74595011426803,0.0802334723072296,293.1584974021841,746379.5419963599,5.785572254568367E8,962.9297924631754,32.146905794471195
83.99576387528298,202.2225084609345,0.08725131816194735,293.15536495486316,736482.4703157163,9.822048187733616E8,552.2454531786165,26.269800332323587
79.99999999999999,208.69853399999997,0.10000000000000002,293.15,674299.9956728268,1.7285463909635792E9,263.0503879630009,22.470749110700012
91.98943404743844,189.26832034916046,0.07587488194336094,293.1604243852003,710543.2613136267,3.602730409068293E8,1401.4578610460755,39.674202414771024
95.98827089625593,182.789556090513,0.07292041914655768,293.1617026806405,652329.4901415262,2.2044896722799757E8,1930.3470061608775,48.74390066052343
99.98830786830256,176.31118893352854,0.07095977503097578,293.1626084615775,581787.0062384265,1.243943531847973E8,2721.012537841103,58.873021948109916
103.98913161148202,169.83539530729607,0.06970902202985603,293.1632948304773,521351.99767056946,7.108823163598683E7,3823.6601636192577,68.35774245512472
107.98914875948296,163.36541104510385,0.06888673694789614,293.16385498933545,495538.74692450813,4.736312566406957E7,5184.9170827174175,74.70878826874257
111.98463403206614,156.90689639539502,0.0682917557797102,293.1643487049027,503981.68464649137,3.946251867510716E7,6436.5747655595915,75.86150416747851
115.97172555118095,150.47056077243906,0.06779953158049679,293.1648046078686,535172.6830681373,4.016597381581166E7,7130.690411029581,73.496814334705
119.96152332050443,144.0757084269534,0.067334020671854,293.1652220129579,554345.9533141287,4.41796592307231E7,6955.716047283553,70.68378837513531
123.98603776406532,137.7400353247917,0.06684903224124696,293.1655816361977,502938.2793133832,4.429938803981034E7,5709.971436441078,68.7799878418556
128.10390339847592,131.49868224662845,0.0663037464168738,293.1658718034764,395201.3976783711,3.95133851553693E7,3952.71710629215,66.00501639023092
132.35206318749525,125.36886766241105,0.0656098773758534,293.166104248345,273063.3677955888,3.368477145225633E7,2213.6866920070174,59.26121318359038
136.73202677659424,119.33069024695776,0.06450343042602857,293.1662959459881,189309.01335362377,3.689275790005242E7,971.6150353879217,49.14492829504356
141.216092611751,113.35752308354306,0.06218956612506812,293.1664324008196,160390.0178641381,7.104355830000491E7,362.1843649244328,40.25002768841329
142.23736060799783,101.44012928730055,0.05471501762651929,293.1665219706765,164423.25260130447,1.8232191866109988E8,148.31830834243894,44.86274900535633
146.73784047811577,95.46806672961937,0.04536209716657406,293.1660735699998,143769.0413502364,1.9371159540211788E8,106.72081493586505,40.54184984077484
151.1638868703031,89.45035865701765,0.03581760016825824,293.16526990965525,121331.8314592077,1.4612117130557546E8,100.75229953328515,42.1983312633329
155.50218139791082,83.36142804671458,0.02768357859227138,293.16435670171865,97644.06668683402,9.463435125202428E7,100.75001641677353,57.22232905219213
159.74479634906055,77.18692231522364,0.021396962963253528,293.1635826284771,72645.960405183,5.175161942690631E7,101.97946924623653,79.59682996001835
163.90234706926339,70.9344517588652,0.01695817810846276,293.1629311380453,51005.05340451977,2.4839089247811925E7,104.7560070213094,89.12223637570717
167.9479158856357,64.57236681236772,0.013987275171826368,293.16228998570006,36875.847123732376,1.2653657936839966E7,107.50939927430066,75.87561334162292
171.9728092710656,58.184233240817264,0.011955302889369695,293.16153566082016,30921.891034029875,8773989.280243259,109.01219954871944,51.88245725896602
204,6.4778700203076065,0.0018012127127551996,293.1516650101044,139227.97357566588,3.0245486619254783E7,640.9156375700642,29.26973079174471
207.99999999999997,0,0,293.15,191270.8489082683,6.473033351263756E7,565.1838484645987,25.6173869727
175.9867493402967,51.76618793639795,0.010391890162692487,293.16054172743776,28988.33329704437,7677428.834672735,109.46895989113045,33.958293625317246
179.99425739150055,45.32208014781224,0.009015247518365915,293.1592979178588,27871.329877017182,6944246.462966596,111.86932706346168,25.65104670813805
183.9980566800998,38.86011999735634,0.007699638889874345,293.15795705908357,29570.444728612118,6774922.775345757,129.06808021370807,24.131887728743948
187.99964298405402,32.38812497822497,0.00643024837028825,293.1566545971145,35953.54865384567,7320468.127905492,176.58367804200785,25.570317059366943
192,25.91148008123042,0.005248062380157418,293.15542313422196,49271.61788129478,8750454.716781763,277.4385412624744,28.396639321946257
199.99999999999997,12.955740040615213,0.0030716192636472787,293.15302495049445,97192.58173409083,1.6635995278299427E7,567.8301475400176,31.609160082009968
196,19.43361006092281,0.004159728678623117,293.15423817313246,70353.93775166852,1.151463188324667E7,429.8601618256843,31.11134290407369
145.74567172154602,107.40899598094764,0.0569463905470464,293.1664282085049,153028.76086694904,1.5011771148599932E8,156.07888787644194,34.48266715400775
95.99709741052608,195.74348910354254,0.07997634892435167,293.1582562642456,572783.6483827546,4.655706013592425E8,704.7039327217994,30.66901955434957
91.99852167604348,202.22101525544315,0.08709053031261381,293.15527089128136,650402.7096588168,8.954157830888017E8,472.451696471797,25.929873483058987
87.99999999999999,208.69853399999997,0.10000000000000002,293.15,688557.7542106056,1.8142049792809649E9,261.3341368008011,22.562137653180017
99.99604629618271,189.2657457787058,0.07550472576673116,293.160146946897,476823.3922619717,2.5143689353141573E8,904.3190942972578,36.56668358428016
103.99557733902654,182.7877428813083,0.07252911894427617,293.16144171516913,406107.2869380417,1.3581294882408416E8,1214.4086753153827,44.15479493022946
107.99541186756346,176.31027548554468,0.07066377463574504,293.16237177186827,357228.8257359665,7.12393975294088E7,1791.3608024918615,53.265211995750626
111.99459902861099,169.8354809132264,0.069548085323354,293.16307993585036,335808.9190914513,4.185889553023491E7,2694.2263371275317,61.776399692345514
115.99134004945684,163.3672592363329,0.0688459180325778,293.1636635241744,354147.83577318146,3.23268783995698E7,3880.0309504002585,66.37216836200746
119.982063328868,156.9123801140751,0.0683400871498774,293.1641820494345,403779.64036768774,3.284460154205142E7,4964.023810962375,65.95696265481716
123.96448440778828,150.48078872749525,0.06790517405713868,293.164654238693,441746.43215832225,3.639282065996251E7,5362.1268972924145,63.410879175329775
127.9494206909661,144.0869154361913,0.0674661874826003,293.16506839674634,425780.9450053332,3.772020523496226E7,4806.222583259208,61.939916428822265
131.9371317253151,137.7154396666833,0.06696280122821151,293.1654129444387,340303.41316123964,3.3510480608713638E7,3455.8794764331874,60.79769024327344
136.09987315174195,131.49966679602053,0.06632298712147094,293.1656859172095,234305.18591518558,2.7686912350162987E7,1982.8973197858002,56.31094554657779
140.3860947363914,125.37594789072324,0.06530710846897093,293.1659186776563,159904.24461083196,2.845533500280707E7,898.6982922317555,47.00025519154761
144.79042474015088,119.34007499172778,0.0632230185232839,293.1661230762442,138000.3109986373,5.435793142313097E7,350.38004918145424,36.18806645873999
149.27592150688983,113.36667166178519,0.05849982808044662,293.16624663193903,144019.82070880296,1.2932259802177955E8,160.44564561570448,28.87953728978499
150.25461563986605,101.44453471534213,0.04826337966492066,293.1661264606369,142238.25690990445,1.8678045297359386E8,108.32899181590427,31.45596413971246
154.73167815289816,95.46806688172325,0.038711375843507236,293.1654425141083,126852.78315117183,1.59060719045796E8,101.17142112827594,34.31284787123736
159.1489620035601,89.44867463078323,0.030118610832722745,293.16457750964236,108333.1912867446,1.1520440595301622E8,101.8736635297248,48.963968795386
163.4856921918678,83.35825664446378,0.023245485063123558,293.1638118129753,86287.3448252387,6.929169239049093E7,107.45469938466768,74.16315984251445
167.73243667896142,77.18326748075664,0.018423572997386454,293.16318159319263,62554.69952283463,3.2522323308811516E7,120.33895765185083,93.2347171781458
171.87790717278824,70.91440214484173,0.015396920581678087,293.1626014438361,42253.421980450534,1.3025257714023968E7,137.11338307455307,90.70314289888061
175.9428570108037,64.56988384884274,0.013476627726952408,293.1619666178137,31748.374515164007,6898128.123202286,146.16749426792592,69.29923563768023
179.97060494256627,58.182867204876544,0.012038585237865702,293.16116547273356,30610.728236231214,6402763.318347716,146.37896237546207,46.06458711345997
212,6.4778700203076065,0.0017343520987564698,293.1516915968289,264290.48050436843,5.484941818534753E7,1273.529427459989,32.23779942133297
215.99999999999997,0,0,293.15,313785.43898418307,1.0005296252349234E8,984.1154325535986,27.257404597699992
208,12.955740040615213,0.003001298345295186,293.15305955149967,216812.12473677573,3.603381321115168E7,1304.5467003444048,36.73762167357882
183.98583862556833,51.76603460055306,0.010698032116549789,293.1601280754558,35129.61644817501,7974772.051080749,154.7615577367612,33.3361172572341
187.99391321104977,45.322411147513684,0.009300748332578908,293.1589274223652,42959.985266906624,1.0070283335834585E7,183.27527333765053,29.233706939408524
191.99798640768432,38.860365847199226,0.007858142051529167,293.15769953686913,58547.388268691524,1.3145794108900195E7,260.759339871309,29.952675592914314
195.9996414612898,32.38816457425099,0.00647402345255555,293.1565140550426,84818.0614730112,1.710797192958367E7,420.5196750284203,32.99758397012699
199.99999999999997,25.91148008123042,0.005229104311016309,293.15537599964506,120317.32444137432,2.0882084983251587E7,693.2450380744705,36.74801165056638
204,19.43361006092281,0.004108218161570617,293.1542501760901,169565.20526810488,2.6970705474119116E7,1066.0599781647509,38.637045939943825
153.78490634768363,107.41491989400592,0.050360180396244535,293.16612895375744,142320.3997535061,1.829482976183435E8,110.72129349302132,25.783652062340902
103.99946978070413,195.74288009126437,0.08007111787362325,293.1577813656038,345818.3978801352,3.109018531441355E8,384.6744738253165,27.581814066375873
99.99974838347043,202.22070494752543,0.08737678349064254,293.1548601827165,436925.21929753176,6.329165841748887E8,301.7121985320023,24.52779933394373
95.99999999999997,208.69853399999997,0.10000000000000002,293.15,530317.5259383428,1.3589635409813826E9,206.9731468778009,22.178872388900015
107.99920458430408,189.2650403778252,0.07536080148010409,293.15973471493004,270922.3963613128,1.568895684566522E8,467.86415289786527,31.813323223428267
111.9990180380543,182.78719381929756,0.07233435532745487,293.16110143387124,228950.2995856266,7.886579170281072E7,664.7252814406439,38.43763927045532
115.99862441501199,176.31000368753666,0.07059854025635852,293.1620817569778,214549.10902934382,4.250757377443289E7,1082.933843402372,46.52543280544314
119.99693378798672,169.83582953963136,0.06964335509189273,293.16282927441574,235909.75433706984,3.158431258656876E7,1762.2738700489147,52.886519015939946
123.99197287460964,163.3690788985185,0.06905769907526497,293.1634516171219,301225.8968001331,3.414349049840619E7,2657.593216907251,54.61615742734835
127.98040129748489,156.9166770783881,0.06861685041118605,293.1640030498715,366244.056548103,4.011633088893793E7,3343.683024380905,52.87423574195514
131.96025993099337,150.48745650797562,0.06820136519638016,293.1644884394263,372258.4223899599,4.140584354833726E7,3346.855697621028,51.27915623006618
135.93922167785882,144.09029639529348,0.06773346180083266,293.16489232177423,304237.11301922804,3.536406816854217E7,2617.396242205253,51.07212950404778
139.91129655175226,137.70393849011361,0.06711553584791162,293.16522139785525,199172.65824573732,2.5434050530885283E7,1559.7393145068288,49.52061273479101
144.09556098027676,131.48878609593444,0.06615160578276047,293.16548977763426,135210.49047987667,2.3807102066940323E7,767.989519481287,43.48572273971826
148.40166320883372,125.36424678376845,0.06418611141220859,293.1657368906986,122934.58250138914,4.561038252904273E7,331.4186582233161,34.7137249218244
152.82983510138263,119.33954674514568,0.05977181464155431,293.165950118157,132377.47289523002,1.1091881362868285E8,158.03808516024483,27.23810952545431
157.31268835762128,113.36871284041152,0.05206925197913171,293.16601127097573,137541.7835771672,1.708808304743076E8,110.71081407048864,23.439479385141848
158.26756112154726,101.44634006648198,0.04080882750521986,293.1656274844317,133714.30176206154,1.7534871445623878E8,101.96945346347582,27.30191834032701
162.72988063317723,95.4675147563823,0.03168998426722352,293.1648444291595,123997.45891436051,1.472457148795118E8,104.42333245185428,36.54837375418524
167.14086815975344,89.44636392763488,0.024109166599884057,293.1640620814278,110875.87549716933,1.0272251365558879E8,119.68335197534999,55.55283548199344
171.47747041203942,83.35453042636844,0.01889577355405213,293.1634055055603,90441.8719269591,5.149948295509186E7,158.88656824312088,77.05224668048801
219.99999999999997,6.477870020307605,0.0016176248959408454,293.1516579557314,369727.3860367318,7.282299770163025E7,1877.277029241807,33.98054937194564
224,0,0,293.15,370013.0314147446,1.0730100784163E8,1275.9975854079998,28.216592531779998
175.72574347930433,77.17704090243483,0.015914604381771336,293.1628298751507,65729.39565234486,1.959085805314579E7,220.5907206981619,84.73880949908369
179.87343407186145,70.90847950595739,0.014226315521186318,293.1622467096534,47439.02128666593,8125532.711041864,276.97506820057464,73.86318020041467
183.93776980989318,64.56524848023979,0.013055131247122877,293.16156125360163,44937.967073457934,6476760.342057597,311.80358341351763,56.00635020148095
187.9694060198918,58.18125313790821,0.011966058863308955,293.1607013790727,53506.709240534845,8877778.816124897,322.5101003226314,42.540323525880986
216,12.955740040615211,0.002857611566937785,293.1530263894818,347399.39545509167,5.638647742335076E7,2140.377357418243,39.66289461510831
212,19.43361006092281,0.003973387946855494,293.15421726262116,313949.6810218065,4.957153773975841E7,1988.3341176339,43.69801847011572
191.98603698386452,51.7657454831966,0.01072759124495446,293.15967894742204,70658.11627601882,1.4351447835308706E7,347.8977868928483,36.809056916271025
195.99422758921386,45.322555547836366,0.009308364887535241,293.1585831892127,98407.12843643811,2.229614298064867E7,434.3484901822397,36.36645965426897
199.99815172390828,38.860596452856356,0.007817649424046754,293.1574823042811,140624.17801351767,3.1376666394926388E7,630.2581347964639,38.841253805153194
203.99968603757193,32.38823985588444,0.006393834239113099,293.1563968759922,202877.36601114634,4.099237926779315E7,1004.0881313669876,42.171634721251515
208,25.91148008123042,0.005117917122242805,293.1553194955787,263234.9324826289,4.584531344842874E7,1511.4600757168535,44.37057920442609
161.80699871549214,107.41622666094236,0.04257755385004936,293.1657511682906,137978.0994884393,1.86137208251267E8,102.28178267608563,23.143817935867265
111.99999588620838,195.74279504530443,0.08080011392321786,293.1572538776367,206422.4519239434,2.1444579340891168E8,198.73191946005434,24.73174983497766
107.99999995927134,202.22066404320626,0.0883188097135496,293.1543543728654,266382.46513457265,4.0444295920891386E8,175.51396298387422,22.715122844902226
103.99999999999999,208.69853399999997,0.10000000000000002,293.15,335479.1063636011,7.720976552783365E8,145.83179770740037,21.413517493620006
115.9999767948286,189.2649290386164,0.07574726608774013,293.15929195851044,162038.3560951148,1.1046437067313546E8,237.74703536625802,28.3546401928166
119.99993943588672,182.7870687337393,0.07266890240329832,293.16072962712906,148384.46938570056,5.9280109433200024E7,371.5434346948169,34.5762186605617
123.99949923796514,176.30994190919776,0.07107419882983045,293.1617597818368,177984.789322578,4.5594275381207615E7,695.0628393620009,41.51665238591023
127.99753765175022,169.83617726315836,0.07024427284780188,293.1625529188946,249899.5494558928,5.125951683816707E7,1219.0148762697188,45.13954112789008
131.99190233055228,163.37039753787352,0.06971413588674684,293.16321774417037,337876.79051077174,6.282721462209622E7,1817.9944870300458,44.400950327723145
135.97952031938414,156.91949263147634,0.06927152521708212,293.1637947570554,371144.35895486275,6.569680723542601E7,2097.5980978544508,42.31916837427255
139.95925349512765,150.49168898154036,0.06880235268300368,293.16427956718644,309273.12534410745,5.317771440922142E7,1799.2514272922435,41.549335589016785
143.94058175636135,144.093483456742,0.06819901990502981,293.1646693437129,207775.0367324249,3.598282081276521E7,1200.0737664657047,41.897520108601434
147.94856753388905,137.73204026174287,0.06724458264666001,293.16499026070073,124575.02294785784,2.4720779701252628E7,627.9391450469867,39.752024555135336
152.059612738674,131.4452812513823,0.06533560127275116,293.1652778264356,102884.80580287281,3.693947081150818E7,286.6558904964401,34.32249707034028
156.43492535445884,125.36441574536067,0.06114106181291746,293.16553857119635,115076.30280496,9.01859071545304E7,146.86966714814662,28.285863371101616
160.86318614114634,119.34020473034637,0.05381687980780935,293.1657274385894,128044.5361918932,1.5138870525958005E8,108.30191470965458,24.098888902036922
165.33559741804112,113.36783927478828,0.044469799182593396,293.16570500247053,137630.77539059182,1.860541231617281E8,101.8116842242295,22.42901826583424
166.27556514441127,101.4458417722751,0.032953663362753606,293.1651372641773,138616.90286154716,1.8024523326114622E8,106.60804718343748,27.412067340221842
170.7293777096066,95.46596142459958,0.024593720015478385,293.16436363881286,135333.6097916078,1.3881289204981977E8,131.950185959092,38.22919146530767
227.99999999999997,6.477870020307602,0.0014696432340766741,293.1515687377195,357708.78070288914,6.562722190099912E7,1949.9273126758173,34.04081917247675
232,0,0,293.15,314039.48412189184,8.011343325649281E7,1231.114645268,28.2236774247
175.1387085127948,89.44532226188828,0.018998808448167304,293.16364869601716,121597.59882797305,7.033144098487674E7,210.3404363558562,53.7591111951337
179.48456382574122,83.36026056794442,0.01607396288643165,293.16303490828403,105808.20737755847,2.918222927289922E7,383.66063315702286,65.42152950612648
224,12.955740040615204,0.002665999419137499,293.1529136519512,394920.5500551153,6.228452209917605E7,2504.0909345495825,39.94228477359823
183.783351607435,77.22266554798381,0.014552673108661788,293.16245701061365,93667.50129560214,1.4070169218629124E7,623.623090423102,65.88735399776554
187.87812186430605,70.91034785709373,0.01357881518199487,293.1618338930785,87524.63499790883,9715971.970470216,788.5055042779674,58.38437297620208
191.93613591039158,64.56356064331827,0.012731090667509366,293.1611017001656,95070.4603944166,1.1119604896970036E7,812.841595335788,49.49974297471112
195.97035391016811,58.18197783660053,0.011779098117808888,293.1602430182984,119906.62474363581,1.804204831278393E7,796.9146519715558,44.19252751462012
219.99999999999997,19.43361006092281,0.003784348810040588,293.15411152461417,418440.24366913276,6.599219340242813E7,2653.242255308962,44.99006123292303
216,25.91148008123042,0.004954247605682278,293.1552198720681,401156.01584947977,7.064736198971598E7,2277.9107294731116,47.783247946630446
199.9873488206106,51.7664261432893,0.010597203093859482,293.1592969822373,160748.0323060241,3.0840046186471086E7,837.8782482469302,43.325684254601015
203.99506744806706,45.32304801455541,0.009205604021822564,293.1583120508047,225133.0595577131,4.9671102040437125E7,1020.426691492096,44.813056406402175
207.99846600979447,38.86097046933338,0.007714941792987228,293.15730578387047,296992.15388260974,6.650316679825777E7,1326.32610590501,46.80410441642425
211.99974587763583,32.38837369735162,0.006264708420211265,293.1562776558212,360724.40367799875,7.386535152656709E7,1761.647604929107,48.161349439757295
169.8191032139661,107.41467563466047,0.034465718541140895,293.16535170749603,146540.69966278985,2.0174709763081893E8,106.44576574414602,23.306803905223507
119.99999999999999,195.74279395938473,0.08202888727754216,293.15683564426996,144669.83399248729,1.595970879588455E8,131.13941026356494,23.51967314100384
116,202.2206639796923,0.08966819903133837,293.1539456372957,177413.31020093834,2.627196136801095E8,119.8194574663416,21.548274235972187
112,208.69853399999994,0.10000000000000002,293.15,215170.37518406613,4.0829374149943894E8,113.44126423900019,20.724871578180007
124,189.26492393907714,0.07675876359706053,293.1589270668108,131347.739994786,9.601473423707213E7,179.69222840060232,27.944925592173615
128,182.78705391876952,0.07376084837949483,293.1604002855777,153718.4738625764,6.96120610642028E7,339.4701263864435,34.48702738135268
131.9995555586178,176.30995063532382,0.07225695141376381,293.16146220532477,221851.31079571042,7.114711668579279E7,691.782794895338,39.72767453653814
135.99758484127202,169.8363738424095,0.0714163754223693,293.16228887919254,315767.202769714,8.245266690311962E7,1209.3520385663014,41.041564621749906
139.99178444508377,163.37098098823026,0.07081873241939224,293.1629772556236,377446.794444324,8.672778875774455E7,1642.7998857523078,39.41203854855061
143.97914789624613,156.9203980375646,0.0702779011359234,293.1635572834103,355056.05289943184,7.588929836610413E7,1661.3353998707687,38.597581529037306
147.95975575182055,150.4922648500638,0.069657123650337,293.1640331442763,249743.12427815402,5.1887100904947914E7,1202.2110051300997,38.97076620750294
151.94277571461708,144.08894197788456,0.06873455684727316,293.16442109627536,142857.45071356732,3.2250689144804228E7,633.052435870689,39.039668046973844
155.98336101576672,137.7390260570985,0.06694938687777463,293.1647521302552,101841.59534668102,3.5905297556418516E7,289.0133967635733,36.92970160124755
160.15534280769302,131.49242265443914,0.06303402657815838,293.165051530472,107141.38317603224,7.804228927799395E7,147.12536811988392,33.23848413850407
164.4787655331283,125.37289924387926,0.0560442165013054,293.16530572950757,122936.46240643645,1.387922805500461E8,108.89321159607381,29.843391574194552
168.88700922534267,119.3384282139226,0.04687313836237934,293.1654490340729,135607.45481565897,1.8087906822672483E8,101.66718686340944,26.32947695232642
173.34845817898278,113.36426789504353,0.03667998788485943,293.16536498563875,150184.401742684,2.1344817457524863E8,105.67843557097653,24.035597355230735
174.27990963690993,101.44403729211012,0.025340865179469648,293.1646881238574,154888.167104849,1.7179879607948595E8,139.66676070600286,28.005575022638283
178.72941710858169,95.4646987069887,0.019260516514066493,293.16393129894374,158996.91126785,9.407606152559485E7,268.83792202070504,37.075844412474375
236,6.477870020307602,0.001290024194632369,293.15144738989005,265807.4847953567,4.425252761849243E7,1596.7665080623274,33.64096797715744
239.99999999999997,0,0,293.15,215611.0000078577,4.624558850467201E7,1005.3589295900009,28.1263184716
232,12.955740040615202,0.0024248572718262858,293.15273221666286,323193.8673444775,4.89100936225459E7,2135.691167177128,38.95055784256983
183.139109146785,89.44647797590072,0.01625218993176218,293.16325117430785,159730.67065807476,4.2479424420393005E7,600.6381138739017,47.85015212889022
187.48599960721162,83.36383904831759,0.014782492435108182,293.16264600565825,157158.16151927516,2.203109203569299E7,1121.2152208510051,54.974732121142544
227.99999999999997,19.433610060922806,0.003538952878427402,293.1539196009398,379420.9147208428,5.941832902153494E7,2422.8600234942096,43.36258333633424
191.73445012463313,77.1879477652846,0.013899695469448956,293.162050789409,156533.7258841295,1.5138367851499138E7,1618.7256193632809,55.78110778028724
195.89789214781385,70.93645105407053,0.01319890308098092,293.1614069713237,167386.8428728717,1.5127898621742977E7,1852.143554067763,52.78454518203623
199.94414500280516,64.57396545318494,0.012470045627251946,293.1606787946375,193823.78413230638,2.0935800551363956E7,1794.431602995304,49.58922280542101
203.97400626285105,58.18648309690162,0.01157931233448347,293.15987054900455,247302.27981968576,3.556497633406941E7,1719.648691979425,48.60028747461143
224,25.911480081230412,0.004737946154212968,293.1550452889165,424382.3459310816,7.599072030828778E7,2370.0802386939145,46.778781824592556
219.99978321394448,32.38850496712457,0.006096702739991646,293.1561175109984,455103.25192356226,9.566298825190675E7,2165.139654108185,49.31714126337741
207.9892614592878,51.768541218495386,0.010447672819910174,293.1590064982102,315547.86760993605,5.8591943546868324E7,1699.4007300333744,49.28272325464162
211.9960274883397,45.32411967224232,0.009088784066063752,293.15809654027356,383477.916270154,8.366187865476038E7,1757.7520270701996,50.15760648075037
215.99876520851834,38.861426297433475,0.00759002543179972,293.15713482021056,434659.5237278952,9.873426166137643E7,1913.5142324498368,50.33429604827401
177.8248318887637,107.41145227780498,0.02683497998909704,293.16493577701436,168359.92094309602,2.045034218348222E8,138.61720055104595,24.40595022849718
244,6.477870020307602,0.0010863714784157782,293.1513228663185,172522.3802613186,2.4993133582083907E7,1190.9824131094758,34.44023276335519
247.99999999999994,0,0,293.15,141987.96849467276,2.4731960461163927E7,815.2289559960012,28.934964784499993
128,195.74279395938473,0.08269627806511477,293.15662327926697,149539.88569037514,1.509031003560866E8,148.19511669319954,24.32211859909593
124,202.22066397969232,0.09042943061281615,293.1537347415581,154672.37196130826,2.1380918159445834E8,111.89560954266732,21.458616393264062
119.99999999999996,208.69853399999994,0.10000000000000002,293.15,165315.71912650293,2.645742870871966E8,103.29761594800009,20.40393501420001
131.99999999999997,189.26492393907714,0.07764032891631151,293.1587136138407,164692.0688282394,1.014769213137576E8,267.31361494436175,29.613601031184178
136,182.78705391876952,0.0749063853856894,293.16017878521296,218951.5980969155,8.331300778163995E7,575.5053746019531,35.86642249714316
139.99953132617603,176.30994843203763,0.07342616148618354,293.1612458965014,305666.7126626689,8.202883796194957E7,1139.1336262923696,39.829640327996884
143.99757724156274,169.83632675817026,0.07250083544928977,293.1620818007694,388331.72082595393,8.32265457711405E7,1812.1217250601333,40.92366193296411
147.99185666048416,163.37085662542466,0.07179712546078842,293.1627700536546,388864.56684607925,7.275529770264137E7,2078.631767430968,40.903539426524986
151.9794429008692,156.91967843766608,0.07112107894940388,293.1633450855166,299158.91510417324,5.314181427280889E7,1684.350695277935,41.39379693819532
155.96178188154957,150.48947395830325,0.07026361188198475,293.1638238501118,190116.1650912726,3.665589200069847E7,986.4063022326363,42.679536791488545
159.9512769432398,144.08430451722754,0.06876575640997805,293.16422414319203,126290.91797144513,3.727692096693278E7,428.1503303991399,44.0454972286987
163.9658446394961,137.700220139535,0.06547409607887829,293.1645669844918,120885.42908673552,7.648342510786591E7,191.1454002068912,45.08708635050238
168.19210035041854,131.49659926501735,0.05902349702410908,293.1648488399732,127726.0116863082,1.383746340802865E8,117.89781676007101,44.15283959400649
172.50085831905696,125.36827086623862,0.050017060066197085,293.16506511703136,135301.27632498086,1.7836096228513506E8,102.63779624111235,38.95740140409446
176.89908775693655,119.33171989858437,0.03979628121220749,293.1651617741696,147621.73568621135,2.1126665814001322E8,103.153359710018,31.123992429201845
181.3540850378308,113.35882575655846,0.0293968428646575,293.1650036769137,167368.67715665523,2.2431796022506595E8,124.88465459193391,26.087680167675952
182.28155817705795,101.44212004169958,0.019952165332722736,293.16422859846915,183006.9308192662,1.1950353066135307E8,280.37829882316373,28.856078753969623
186.7285839701844,95.46439285264171,0.016593454329146606,293.1634932187462,195073.6997016622,5.501133520244358E7,691.7813476083592,37.0183051877679
239.99999999999997,12.9557400406152,0.0021247089596315217,293.1525110262291,210968.3955697424,2.978835005940501E7,1494.155329678437,38.84623725878574
236,19.433610060922806,0.003216931911909452,293.1536488952307,261836.58276798204,4.036795911200585E7,1698.3453828732484,41.91704829339965
191.1364614348753,89.44781537335372,0.015034494275822543,293.1628426370099,213908.68808150277,3.0440954568947952E7,1503.4424286208416,46.25755635728091
195.4774541194829,83.36385368260842,0.01416045139545728,293.16225006228456,228549.10901512133,2.096296371370165E7,2492.0046916918945,52.65880786172753
232,25.911480081230412,0.004446612005808862,293.15477584927135,318276.27042550483,5.807144814236784E7,1744.449196665924,44.165818753156714
199.74878233727662,77.21020076186564,0.01352721350218831,293.16166083113563,249157.57798382515,1.9251012222672082E7,3224.7970158951953,54.84858980209449
203.87456343228828,70.92296790433751,0.012935843016011637,293.161030311303,279837.4915188646,2.3124013346379217E7,3386.5020583649534,54.071452193384424
207.94753113991038,64.58233541960904,0.012264879795241273,293.16033833660236,325384.1227740875,3.387220194697302E7,3125.716990590945,52.805157332892286
211.97761916383146,58.192017256576484,0.011418062182026721,293.15958651364696,384950.0619401744,5.38725193281618E7,2750.711245545124,52.50979161444008
227.9997797704904,32.38851013782692,0.00587253590114508,293.1558782861335,381799.77910770406,8.310538091997944E7,1754.1119781664163,46.70194733187768
223.99892122868104,38.86157414727274,0.007439534036966004,293.15692340643005,436082.83997028787,1.0232511703867841E8,1858.4792831317188,49.206306400155654
215.99068037231368,51.770659253984746,0.010325673613234344,293.1587751599366,438992.2402677501,8.02699287560905E7,2400.846506332848,52.21779288593269
219.99666925969146,45.324965467856096,0.00897718876615028,293.1578908317255,465541.66631652106,1.026838468170253E8,2110.671991607071,51.18720721589708
185.82641114880892,107.40795687722607,0.02135539131292896,293.1644775657823,186790.34083531704,1.4864539167022538E8,234.84343120907587,25.927625252636116
252,6.4778700203075985,8.963688824575577E-4,293.151216705266,110584.04439906578,1.3448968794024587E7,909.3313956229664,36.533492628716196
255.99999999999994,0,0,293.15,89737.94851166842,1.2760714718758859E7,631.0940919026015,29.89070573503999
248,12.955740040615197,0.0017921269921890605,293.15229116039444,131779.9807343645,1.6417798302924884E7,1057.758394727508,41.09927258824177
260,6.4778700203076,7.46668041024177E-4,293.1511369711866,64756.97949302368,6606381.857956906,634.7852604620757,38.113963855948974
263.99999999999994,0,0,293.15,49186.62513869409,5847371.327307439,413.75073171300147,29.784051165520008
136,195.74279395938473,0.08250729882776807,293.1565954493904,213946.5137773174,1.882403170539508E8,243.18169408750182,25.495731646908848
131.99999999999997,202.22066397969235,0.09010624404321822,293.15372101750114,186761.18329209872,2.5350961281163475E8,137.60378843340652,21.986665661007127
127.99999999999994,208.69853399999997,0.10000000000000002,293.15,170588.09995542766,2.721311189397469E8,106.94745979139998,20.479821326200003
140,189.26492393907714,0.07803388117134247,293.1586325043584,264859.7266850551,1.3488724778306073E8,520.1067564466347,30.93279367700129
144,182.78705391876952,0.07558430136225923,293.16005967817773,348124.4891043095,1.108754232411531E8,1093.1062037728846,36.26492067637923
147.99950882809807,176.30989138618747,0.07414259629199015,293.1611133239525,416679.85967138666,9.366125437547396E7,1853.790589252976,39.97306574073212
151.9975037854387,169.8359568698516,0.07316617695405163,293.1619449983955,426310.1614377466,7.577315648843105E7,2398.514629375303,42.50414656901244
155.99193549958528,163.36990158519305,0.07236975079626985,293.1626331939854,354140.66859791515,5.551768453183553E7,2259.063345888208,44.663356132830124
159.98022090223165,156.91765115818038,0.07152652304256578,293.1632177387512,243431.5687549984,3.940682326038393E7,1503.9434813859973,47.308281420339426
163.96419893679686,150.48428646626783,0.07028443747407942,293.1637108311398,163353.9607602057,3.704485777130596E7,720.6493407184836,52.3183008742056
167.96489470192887,144.08071025786066,0.06777663826420689,293.16411351913945,135508.6894762645,6.486789089169312E7,283.1746638697657,60.512459781919574
172.03136822392514,137.73714202243357,0.06237410645151655,293.1644326549561,136322.57109348898,1.3225160656863064E8,140.53724395133312,65.78614682224946
176.21194919959063,131.49235246057566,0.0538042095584762,293.1646791606715,137075.41118102768,1.769275364440831E8,106.20302885642275,62.12182096836077
180.51033783312766,125.35904950063475,0.04374577575407598,293.16485177184245,143670.9749198766,2.026559454605026E8,101.85474923320463,49.11064647280069
184.90320520083515,119.32419404245893,0.033174265170389704,293.1648835523408,157556.0775209394,2.2455779279841638E8,110.5518182518927,34.429994209182695
189.35488622869386,113.3539796786798,0.02386129081497389,293.16460794377,179302.3504584811,1.853183244707624E8,173.59738956113515,27.190995508574932
190.28085548822182,101.4408442505744,0.017219211416187482,293.1637514895695,206057.55531365532,6.982790031300607E7,608.0955586850786,30.99658479880193
194.72579368314155,95.46496659393847,0.015377408013774857,293.16305933257405,237862.09472100274,3.806943556718126E7,1486.5752122746544,39.888649150473334
244,19.433610060922806,0.002806033610612575,293.1533362639584,154845.20697963866,2.266705226218009E7,1057.794716771504,42.44699289024941
239.99999999999997,25.91148008123041,0.004039036928513176,293.1544218370827,183165.4596014561,3.371873448222857E7,995.0138740670245,41.975669127649105
199.13102160535126,89.44966818887414,0.014424327289385004,293.16245127741655,273688.98559403984,2.608847294363385E7,2871.5765594867516,49.60020963549786
203.46988740858953,83.36707798943777,0.013799607108346804,293.16188838630154,300023.0165819504,2.1633319882957846E7,4161.040372023039,55.94814219143482
235.99974147318116,32.38837231552406,0.005548667032879771,293.1555430582052,236504.18423565966,5.401867904385635E7,1035.520048273421,42.724571884142584
207.7190788073208,77.19592720609627,0.013279930988922566,293.16132294509333,329154.2428339647,2.2588337801594485E7,4796.419486048566,57.929122896519175
211.8995872675059,70.9579357258062,0.012750874051851617,293.1607230106072,367332.8051575641,2.885344331142668E7,4676.522313707578,57.33812048973976
215.9476462796334,64.58832782376832,0.012120374861093568,293.1600701437674,409569.57347610145,4.161380383708467E7,4031.0498445003445,56.04129691262289
219.9779515513812,58.195003558310844,0.011309645204359257,293.1593565780084,442679.5112449313,6.139727067441666E7,3191.781398646896,54.267470793931615
231.99889545383368,38.86121647147117,0.007236387583430271,293.1566376187357,304631.6430760511,7.552285366382426E7,1228.7870367278626,44.929167804510904
227.99687779292083,45.324870779473834,0.00886190691989589,293.15765136202094,374594.96981054655,8.542824723507468E7,1642.5937978828076,47.82309192955996
223.991033256883,51.77148320961309,0.010236208521384222,293.15855771755696,426765.1184360077,7.874565479904284E7,2312.8906128557896,51.17227995246495
193.82518429161698,107.40550236559895,0.018370354020332366,293.16399620489386,201343.05513229073,9.45139724677635E7,428.96729519939544,27.992838412810936
256,12.955740040615197,0.001495274067919838,293.1521089282947,79419.9850137556,8326394.4625845095,757.5379427065837,43.97839402790719
252,19.433610060922806,0.0023666070951569754,293.1530408891526,90970.88490358663,1.1645427742615784E7,710.6494827527605,44.733321292944765
268,6.477870020307598,6.327453864655256E-4,293.1510831109512,34407.06764577077,2938310.580451833,402.90988889914564,37.24728739408774
272,0,0,293.15,29409.89894880887,3076780.977207639,281.1292019858,28.53629388566
263.99999999999994,12.955740040615195,0.001252834558554918,293.1519796817568,42775.44468654271,3723640.951438116,491.39490806736393,44.97562172949264
275.99999999999994,6.477870020307595,5.644042840008554E-4,293.151054698235,28069.054012457014,1997727.7158322409,394.4081173421495,35.444785197959
279.99999999999994,0,0,293.15,34494.88826997994,3544012.091305181,335.7910776029992,27.441340131700013
144,195.74279395938473,0.08223526809881415,293.1566414586064,330386.9139288975,2.5783617768421188E8,423.3586515136053,25.803427699500684
140,202.22066397969235,0.08931230721469256,293.153824203901,269902.6670563502,3.606933236697138E8,202.016375390964,22.43137233021164
135.99999999999997,208.69853399999997,0.10000000000000002,293.15,224155.25989903396,4.0957242035174084E8,122.71908783040004,20.655511268500003
148,189.26492393907714,0.07827668319318899,293.15859109805564,395270.77541128406,1.8110532663810456E8,862.7464259823158,30.301007555415854
151.99999999999997,182.78705391876952,0.07600954235109082,293.1599711744495,447741.441083313,1.3163959465067069E8,1522.9361491570135,34.90133492449602
155.9994962560533,176.30979921485863,0.0745862326959049,293.1610131790829,448913.86729165184,9.414181377538574E7,2140.659723070983,39.12918198110182
159.99739563719217,169.8354040303177,0.07355589859246969,293.1618530564073,383126.5928401687,6.4408464517601945E7,2278.997019865021,43.382988841860474
163.99197764043896,163.3683450862895,0.07263454428752075,293.1625641052156,267305.05598748336,4.169299820317153E7,1713.831766617515,47.83713756702409
167.98120787526656,156.91460837500915,0.07150702080906603,293.16317474164094,179807.6997383254,3.44345202449085E7,939.1117308437202,54.8701745964126
171.96631484245873,150.4784012901704,0.06953498831750425,293.16367330360646,144226.2952000421,5.1517575113601685E7,403.8546403397923,67.87025724212369
175.96175120934916,144.06465764710904,0.06530664631752514,293.1640529379611,134546.95924477352,1.0587645753629291E8,171.0463142759976,84.16852628311428
180.03496633245626,137.72341356912708,0.057742308294425136,293.1643333045021,134198.4254649459,1.6082793441057417E8,111.97934611205868,88.91592009869412
184.21351267581392,131.47933765765774,0.048191416879826476,293.16453930359336,137450.56598892892,1.8538477008287394E8,101.9113785589762,74.09036324477371
188.50965233104992,125.34955910860451,0.03792554724743046,293.16465933799424,148033.71115297926,2.1040577644943643E8,104.15615366086963,50.4897341729064
192.9017007756895,119.31878566219626,0.0278846235778428,293.16458754318,161654.77306814925,2.0565440655741104E8,127.08453050069868,33.04792975197798
197.35261435246383,113.3510893338108,0.02051463830325975,293.1641765093387,181520.28012567715,1.3179699825707601E8,250.23518271538606,27.85787353914162
198.27799509556505,101.44028143148249,0.015910241112876436,293.1632951022648,229207.04783067582,4.6965900674401164E7,1118.8686244224357,34.881402046879316
202.7209204190929,95.46585509507584,0.014746796904785453,293.16266496217105,262956.7035830498,2.8869427131352555E7,2395.5620493780875,44.93623124853767
248,25.911480081230412,0.00350733781911138,293.15403583128267,101984.88607237836,1.7944546756679196E7,579.6343357392456,41.30169824415245
243.99969243254475,32.38821655575007,0.00505538258383354,293.1551325197864,121242.6536750493,2.8967506976232365E7,507.50381082798185,38.45470582207576
207.12333268656803,89.45111736606401,0.014066082518935595,293.1621067120916,297006.7105093655,2.1989309892000604E7,4011.9298555322566,54.354923392235385
211.4563412528974,83.3655733626436,0.013566499650646864,293.16157738839723,323459.6100218838,2.0098885670213323E7,5205.719255844997,59.52616831054268
239.99876140245377,38.86071099092494,0.00691429297667926,293.15627154417774,155158.67433556283,4.1679761611428894E7,577.6282219619225,38.584397188496524
215.70558651667906,77.19458251002538,0.013115435283106514,293.16103950669986,352194.3089602662,2.2435446765730843E7,5528.814498940949,60.81149258899291
219.86076306878033,70.92899348615607,0.012631925935731174,293.1604700600362,379849.08260265324,2.8969783805919096E7,4980.5571439085315,59.899035315636034
223.94275833121338,64.58902809440174,0.012041480073799815,293.1598503104843,382621.7927240203,3.858039415940225E7,3794.6651458358424,56.92362770075727
227.975353704956,58.19477483832921,0.011255165060146512,293.1591483663012,353522.27053005126,4.963277996388191E7,2518.0743370060104,51.73789861882175
235.99684664701908,45.324322867951004,0.008710224099836352,293.15735697037104,219141.33009042474,5.349416665767119E7,897.7572652419236,41.269620127933216
231.9906442460633,51.7712562926533,0.010169196361360848,293.1583235016629,293036.0422048762,5.624739257718945E7,1526.6685826911073,45.9113177189571
201.821971439276,107.40416638365757,0.0168578092746495,293.16353612070526,200026.25624129226,6.162533811132621E7,649.3231955106153,31.352194368799157
260,19.4336100609228,0.001979566558738637,293.1528100753939,51444.89577482167,5504560.800016065,480.8065587244342,46.90910465144261
256,25.91148008123041,0.0029571493575420607,293.153691385547,57884.62016989381,8856844.833935168,378.31566202556627,41.76699329927632
271.99999999999994,12.955740040615186,0.0010517846371884633,293.1519030404284,26675.336534272796,1802539.3937497984,394.791413461762,43.50402637199542
267.99999999999994,19.433610060922792,0.0016308841177809473,293.15265839927775,30075.917512701086,2612881.0833044597,346.2458710385135,46.72150491449022
283.9999999999999,6.477870020307597,5.41094096757298E-4,293.15105047145386,48921.240670769905,3100890.34021637,771.8491776480511,35.03174678675967
287.99999999999994,0,0,293.15,68249.20972227851,7129152.93167435,653.3855469507971,27.656856417079993
279.99999999999994,12.955740040615188,9.314122124901976E-4,293.15187323685814,33807.79200432772,1737401.936462078,657.8614674242591,42.421318700899754
291.9999998598201,6.477864601944932,5.329461402547952E-4,293.1510594010649,93532.0240667312,5632756.836710841,1553.23647043784,36.580689199078726
295.99999999999994,0,0,293.15,119641.22132768868,1.2553535746884083E7,1140.242444561996,28.800897687739987
151.99999999999997,195.74279395938473,0.08223170512395876,293.1566210509347,420047.2746041532,3.080938249677894E8,572.6835067273006,25.129528159657255
147.99999999999997,202.22066397969235,0.08880755041059958,293.1539203912855,373761.4943368093,4.843048734180364E8,288.48063618052146,22.39200741595927
143.99999999999997,208.69853399999994,0.10000000000000002,293.15,316629.6129081876,6.590617318935806E8,152.1424802856006,20.756390858420012
156,189.26492393907714,0.07856275989050078,293.15847612216453,444964.39086693665,1.968985186289045E8,1005.6085854897764,28.544717110943214
160,182.78705391876952,0.07637107364077915,293.1598303759243,431027.83600872074,1.2614042886530542E8,1472.8674155370616,32.44397135514151
163.9995153572974,176.30973810591647,0.07492056746408365,293.16089278128817,351497.3689724351,7.502030568764992E7,1646.903611286504,36.91197467764771
167.99745101176205,169.83501205244445,0.0737895671375667,293.1617774626017,251563.49853737451,4.46848449744113E7,1416.2534966013284,42.17405934531922
171.9923480592134,163.36703112331728,0.0726372656363594,293.16253957997156,166562.9867803202,3.0809836251571987E7,900.5587686449904,49.309594665595846
175.98262395937078,156.91176150041272,0.07093178666315712,293.16317561504707,126410.41382888379,3.7045797829282604E7,431.42246465673367,62.419622648810154
179.96979554450164,150.47461290635263,0.06756728772350902,293.1636579088224,118643.8267484329,7.338873324826626E7,191.8824334475894,83.20490164971305
183.96065827753773,144.0550210424682,0.061266589113441634,293.1640015189391,123101.22307044116,1.2797445198914503E8,118.41407980364083,98.94808034359478
188.02031228077354,137.7032393103894,0.05267079433350436,293.1642453031732,127089.42498741264,1.5713937314901415E8,102.78769964604943,91.4175266244776
192.20017420519275,131.46365909105856,0.04311807568340099,293.16440810711714,135212.7745964425,1.804197349995176E8,101.33412074714334,67.25790786450246
196.50340325955722,125.3439523520866,0.033239982653234856,293.1644475048757,147815.325154337,2.015751661496546E8,108.40165110825022,43.610177093190195
200.89748569943967,119.31637475361138,0.024362074878354584,293.16423977153954,156541.99664175985,1.6755609732918283E8,146.30852608379237,31.253114833270548
205.3487350691814,113.34956415166965,0.018701785418791722,293.1637464805572,171304.46608843192,9.286942940572362E7,316.213172614278,30.38536665430961
206.2731222757127,101.43960981698575,0.01521836833838121,293.1628960667752,223793.68243961214,3.262010715890046E7,1535.6980077963644,40.049338789764846
210.71385743693907,95.46563069966787,0.014377143153750804,293.16232946086933,248941.20514428508,2.1319438525836248E7,2907.164880168529,50.190299275318836
251.99968237462835,32.38817406076903,0.00439209459044984,293.15470784234657,64964.0384088101,1.5001288438696733E7,281.3736981601842,35.51719823940522
247.99873571903993,38.860587798776905,0.006360458621151033,293.155849649487,77560.43890709845,2.282096242421329E7,263.6166038685398,32.34577559451953
215.11331365372718,89.45015320268867,0.013842177072980104,293.16181387192086,273140.5244665902,1.708262394834715E7,4367.596439424203,58.04899024584984
219.44368723724529,83.3626079907595,0.013423732743782212,293.1613138953371,290754.200579809,1.6356811395115279E7,5168.483987571985,61.69240612243385
243.99690983641662,45.324165128273755,0.008432010701357991,293.15700647407454,102600.86255265033,2.8076055453989655E7,374.98004750836253,33.137378479077874
223.6877307795177,77.1847711600988,0.013028531941070213,293.1608039269968,305766.69276591734,1.863073644274725E7,5018.241067368318,62.40350809753726
227.84545845614173,70.91841843538548,0.012589364337280915,293.1602638059358,304722.0695175877,2.3066715715272795E7,4025.5353026185944,60.149405160517354
231.93177481875634,64.58008868387367,0.012030648006702503,293.15966096476615,271663.84860704275,2.7924325801841184E7,2642.9150427267055,53.98619572400003
235.97275265503995,58.19239699498268,0.011246524809259537,293.15894312601216,212729.44661412237,3.126833535677877E7,1447.288825177017,45.403595649238916
239.99043645790957,51.770800664678156,0.010088551348362075,293.15805890040707,146480.40749509953,3.0422540295759793E7,705.2955799683027,37.71895280176961
209.81727450654898,107.40277457040034,0.016052214875289558,293.16314190234453,181311.78045175792,4.2462775321755E7,774.2703114037381,36.33931109538242
263.99999999999994,25.91148008123039,0.0024459596511517416,293.1534375948566,34509.39977359615,4458305.090555971,267.1425869203904,42.17628657542656
259.99976517666755,32.38823939840804,0.0036933845682399088,293.15434558758096,39221.37887472104,7955076.082451488,193.38805598467528,34.28245739467622
275.99999999999994,19.433610060922785,0.0013428529275626205,293.1525797953015,28440.548084124293,1732903.3521307518,466.8438303303856,46.02864651445534
271.99999999999994,25.91148008123038,0.0019421526673333727,293.15328211783225,28034.689680213793,2780696.439588049,282.75605715752755,42.22106465148227
288.00000185739583,12.955698710530674,8.838484995546979E-4,293.15187432825434,69362.27302658108,3148157.8184290803,1528.2673470546015,44.32608148137775
283.9999999999999,19.43361006092279,0.0012006766542009357,293.1525564409251,49357.418202967085,2225549.1447756086,1094.6488908292013,48.079159878273906
299.99999980682634,6.477832370902846,5.271668049259127E-4,293.1510661148996,151992.22155205763,8945356.018690484,2582.8282781534904,39.26435969405541
303.9999999999999,0,0,293.15,178758.39564145403,1.857567046189777E7,1720.2381881539916,30.714733589739968
296.0000104297879,12.955474418555923,8.642604625053275E-4,293.1518808739972,124551.06064931904,5381730.183371923,2882.597689421091,47.9244096466353
308.00027855394205,6.4769727160517085,5.168997882312843E-4,293.15106115183335,214048.8312175957,1.2376731909607062E7,3702.3098898376415,43.12094745187955
311.99999999999994,0,0,293.15,236782.0737915047,2.3857290913351487E7,2350.067806389995,33.50416690343998
160,195.74279395938476,0.08255025469823396,293.15642186049985,410099.7246372812,2.994789411558711E8,561.587290747587,24.008500979652073
156,202.22066397969235,0.08879101577367464,293.15387346200936,413178.19171602506,5.237004853477718E8,325.9909525681466,22.058657812158938
151.99999999999994,208.69853399999997,0.10000000000000002,293.15,388969.71459542244,8.55659346276659E8,176.8218490550004,20.742627299580008
164,189.26492393907714,0.07900253230176536,293.1582167072038,362940.0609350022,1.6584117085460445E8,794.311462654834,26.353556111675
168,182.78705391876952,0.07679777862714497,293.15959720695673,293149.64027296327,9.183436992270227E7,935.7878105844856,29.459617719440114
171.99957051611835,176.3097182099809,0.07525474353103469,293.1607302289013,207554.6098481313,4.942360395271469E7,871.6345961422993,33.61928469146735
175.99778586634326,169.8348532461085,0.07391692003220011,293.16169816055753,132995.82710319184,2.84317130992287E7,622.1367977901796,39.07907064652479
179.99334012887024,163.36635465465238,0.0722723411171217,293.1625238693721,92160.16988933568,2.480739476860616E7,342.4113369313736,48.10696481117191
183.98457806470336,156.91009991242333,0.06941552039027522,293.1631714297102,94467.00554424338,4.8009116298489444E7,185.94584356421112,63.89856000830371
187.97352773406658,150.47344458582762,0.06424730408539904,293.16362890783006,103656.81817183139,8.891737937505315E7,120.8427333153661,81.51331097446217
191.96905894928943,144.059754756098,0.05688829511942612,293.16394029367916,111843.39625314623,1.2124534829482324E8,103.17293981058965,87.81855364674526
195.97556799113454,137.66119579525022,0.048296943684110256,293.16414890014516,121642.55314775468,1.4719634152360114E8,100.52544299936814,73.43013240671326
200.19052803964482,131.46057295340464,0.03914990792485885,293.16424415070463,132503.5383025095,1.722860722215841E8,101.91059493261196,52.534346934841004
204.49760869207296,125.343744603957,0.02997941348817319,293.1641720743058,143118.12053920454,1.8243806144781217E8,112.27916168569614,39.32606808200396
208.8925417607494,119.31512667518223,0.02231301530647124,293.1638699373921,144309.66068884108,1.3287791830379176E8,156.7988496870366,34.42994653562109
213.34415334113132,113.34760881362455,0.01773846812736689,293.16337958242167,148447.15909259234,6.719548266542716E7,328.16876401804575,35.71846477785391
214.26657654751324,101.43756692407482,0.014821543135138353,293.16256675663845,190650.92596740706,2.2306132904263668E7,1629.747881147954,45.49681452118899
218.7053848287271,95.46303819369018,0.01415927487483505,293.162048431606,201191.0292276908,1.4552224447699517E7,2781.8479333051887,54.34779769353279
255.99909957132078,38.86083249147571,0.005558907127718706,293.15542879901153,44780.72702189544,1.3144637358140573E7,152.57561090438594,28.432872027622462
251.997692562835,45.324389818512124,0.007847938723917548,293.15661604350083,53157.89464599939,1.6661703151499368E7,169.60777358765583,26.895831877726675
223.10353857868685,89.44656770427362,0.013723020649276982,293.1615657825891,216463.48352961094,1.212861745883959E7,3863.4815003167364,60.67999338100242
227.43356584373367,83.35713915135325,0.013372028243892916,293.16109384356355,230562.69253441688,1.2420149121146364E7,4280.132597552175,63.76609886442534
247.99181161359374,51.77066541722405,0.009875525410669666,293.15775482208704,70822.68464728656,1.717215396800879E7,292.12237842544465,29.789179890683446
231.68026840596315,77.1789071510953,0.013028979810554392,293.1606119860073,231970.10713884133,1.423586810470601E7,3779.9025848814867,63.486686729787586
235.84531666748728,70.91655510827101,0.01262910081086908,293.1600928566242,204638.74444716622,1.6005389361641662E7,2616.438913329095,58.279834678749374
239.93451194247803,64.57936129654573,0.012084484086349238,293.1594864963801,151029.9713527905,1.6370353197358198E7,1393.3910998184276,48.03686100129341
243.97354067059132,58.190300602562466,0.011245721974368399,293.1587236933063,103491.16412018474,1.6767199780629663E7,638.785088463096,37.119856613199666
217.81130445310794,107.39969976862331,0.015610257886024126,293.1628241919647,146832.87388979996,2.9273903677156806E7,736.5385939796396,41.53182571923471
267.9999088939616,32.38826431226831,0.0029610718676490234,293.15408805596553,30088.51942491479,5189357.357906385,174.4889328013219,34.22031340096353
263.99973091619,38.86078661138101,0.004621361891221503,293.1550749784915,33761.983468275714,9006939.02490024,126.5630492291274,27.106228811835106
279.99999951149795,25.911468167770312,0.0015989775343777345,293.15320926228316,35657.84713960326,2227491.502884791,570.8606393202364,44.2778598405909
275.99994347627535,32.38805204104795,0.002275680248460366,293.1539337769955,32866.33032539513,3924626.591363238,275.36878368339416,35.99601821395299
292.0000363995839,19.433027773938036,0.0011454141256714704,293.15255686730853,96051.83205236254,3841463.151211371,2401.689355793162,52.969947238400984
287.99999999999994,25.91148008123039,0.0014529383981211925,293.1531873216157,69166.23262963134,3277836.5158525053,1459.5420395416006,50.52180622441117
304.000416713094,12.95402377931004,8.496283512753683E-4,293.1518731523686,191314.06288864746,8066160.828460518,4537.729215250073,52.555155272541434
300.0004992966471,19.430810561828807,0.0011189867958036742,293.15254985367443,163065.9409210776,6206814.05623356,4284.092340219672,58.74682079520529
316.00112417187796,6.474469471102386,4.989166009763747E-4,293.15104260669233,268937.48166615464,1.5184401639661252E7,4763.838013042055,47.75106478020657
320,0,0,293.15,285204.3680576693,2.7347951165577095E7,2974.36104897,36.7491587071
312.0018384840284,12.950149592117704,8.28595652254135E-4,293.1518442536307,255004.9675824904,1.0550988547548635E7,6163.32389416291,58.12091212379962
324.00253418934363,6.4703476859828974,4.758837611509598E-4,293.1510157291462,303074.55536581547,1.6515742102737272E7,5562.236461738601,51.82553666636502
328,0,0,293.15,303465.3766745575,2.7573888629587892E7,3339.820126764,38.797835250359995
168,195.74279395938476,0.08329921075660442,293.15603705200147,294770.8865760138,2.2637367528371444E8,383.86265725264224,22.814851043311283
163.99999999999997,202.22066397969235,0.08928927571242108,293.1536251735106,345728.8795627128,4.3501667961819285E8,274.8226532724696,21.579578110447855
159.99999999999997,208.69853399999997,0.10000000000000002,293.15,377237.9846198188,8.107397787374811E8,175.53700109900055,20.650877488100008
171.99999999999997,189.26492393907714,0.079768352606289,293.1578300949581,230235.54246751507,1.1787565657186262E8,449.70417689026016,24.284316356499236
176,182.78705391876952,0.07746986402756366,293.15928496182215,162272.9957935283,6.067242324345306E7,434.01595856923115,26.472426570396703
179.99964691882064,176.30969354183256,0.07572490205551641,293.16052197255954,101072.49752348378,3.052482672634163E7,334.67015806809553,29.582711005826308
183.9982608666967,169.8347086226357,0.07394338132974632,293.16159010541475,71809.60065389232,2.1893030367255602E7,235.55102648765066,33.961882450994146
187.99453262800682,163.36599577203577,0.07133433714808378,293.1624751390148,68891.68992318619,3.060414451882646E7,155.10677937942364,41.893822434083695
191.9862326381598,156.90949819886512,0.06702505864969205,293.1631296814838,81004.01199981596,5.71512864216686E7,114.81434409296264,54.18681726205437
195.97451594827908,150.4738821266088,0.06086694750365653,293.1635711000012,95164.17124032228,8.828067315779825E7,102.58631520473068,63.715686594343616
199.9736520584872,144.06809210175314,0.05339453047749961,293.16385330491215,108313.04272758325,1.1697602791183662E8,100.29292239521676,63.368750494682835
203.98705113220748,137.68528265295436,0.045069938802512026,293.1640062954828,119778.86329526105,1.4302968411254054E8,100.30921113708415,56.534731600808364
208.18969238895417,131.46832132470288,0.036370097367253156,293.1640169251445,129127.27040209994,1.6295889935305595E8,102.32431250532477,50.899822353009284
212.48990422771575,125.34146223332056,0.027938936395019518,293.1638724318214,134455.50527471246,1.5987597490965423E8,113.08152283414826,46.363158449775646
216.8886695001866,119.31305102591604,0.021182893115812045,293.1635562474399,128261.78503473599,1.065638085637678E8,154.44199422584973,41.56559974227971
221.33881449522121,113.34339470618596,0.017220378654353868,293.16308840475216,124168.58949700416,5.0588034255862184E7,304.9967523972443,40.74896990301073
222.25923294907668,101.4332693229963,0.014608518102407266,293.16229394863245,147909.59970449144,1.5088702750496244E7,1450.0712866424603,50.03616748569947
226.69756680259067,95.45796455528864,0.014070213586273026,293.16181066361145,156084.1528366206,1.0317930487173611E7,2361.3567176115243,58.3936937642838
259.9990730212028,45.32385914469409,0.006886779041997862,293.1562266395071,37633.09539870189,1.237615741853921E7,114.44483402463716,23.66497190820075
255.99435863848626,51.7695673785646,0.009283403974018138,293.1574093212282,43158.61687747095,1.3079191330698788E7,142.43165768715133,24.55849920632315
231.0970953263537,89.4409399226501,0.013715791134129754,293.16135790895777,172904.8779465068,9581227.997382214,3120.3693357393063,64.47546625643918
235.4304127630299,83.35152908592516,0.013424440096459126,293.16091312799716,180359.81114994377,1.023624744391158E7,3177.926622561075,66.70960311308512
251.9770432751972,58.18830227631072,0.011116879698302662,293.15846536886914,53796.45686469829,1.0701711953688236E7,270.46995704709747,29.973094018415768
239.68100203407312,77.17407657347735,0.013124637865992828,293.16045202993223,161869.41021645637,1.0677992621781202E7,2453.8087778871973,63.6133292507547
243.845725919102,70.91021445583759,0.012745335067862391,293.15993615286015,121110.1293907228,1.0227927654926807E7,1434.0906588493456,53.83509841648708
247.93915898171443,64.57731974901215,0.012163114610343933,293.15930010217954,78240.89968499394,9482134.9545123,645.6044692477316,40.51567532609216
225.80419898366418,107.39382751930059,0.01539294350810889,293.1625615752261,117985.52163411504,2.1252825772473216E7,655.07070935521,45.717254943835364
271.99983861553847,38.85974710421835,0.0035695875595871114,293.15481789416344,33589.36823634987,7592793.072326381,148.62074088839412,27.92158156313843
267.9993869204942,45.321192158190634,0.005655737273273163,293.1558855354065,35857.59305293799,1.1538259386033976E7,111.43802622624162,23.23885996830293
283.9997775058363,32.38739364947883,0.001897958503134388,293.15385853470906,50161.18817471456,3705449.198956637,679.0850830346691,41.83031474016564
279.99893134821815,38.85764717098619,0.0027151853876641093,293.15465242057195,40294.475714360786,5866212.061549758,276.84085577743576,31.841366680583064
296.00050414170505,25.90808984002899,0.0013932164572392639,293.1531759128797,129376.9495094242,5487115.310008649,3050.537641232144,58.311173471080245
292.0000480430335,32.383487602829895,0.0017435478101337258,293.1538223365753,97371.19980850765,5592971.073325902,1695.2681513453117,51.194342008381426
308.00222587095567,19.425784485367164,0.0010946720171071107,293.1525187240696,238269.49217802394,8788364.56127735,6459.971652268409,64.95921607320048
304.0022971768024,25.901066690432188,0.0013563395832606113,293.15314519989266,211743.69195985794,8411659.18049463,5330.234596457106,65.76901144066515
320.00474310960874,12.94292075498307,7.981255874702692E-4,293.1517987232664,301784.4509083247,1.2189495747119611E7,7471.669847820859,63.583588052748105
316.00585476102157,19.416182482796447,0.0010613905044580547,293.1524632490057,298460.9900932431,1.0681896063551756E7,8339.284536008201,71.00335544751916
332.0059367097534,6.461755957424486,4.523107908239867E-4,293.1509880455219,301355.1564561055,1.5664609337478725E7,5798.053255218104,53.22761393240801
335.99999999999994,0,0,293.15,283708.2264191061,2.4568484149810296E7,3276.168894612003,38.53389106252001
328.0102587775037,12.928582893003863,7.613887559352496E-4,293.1517473336044,314505.04617256747,1.221129783983758E7,8100.334877355929,66.73225368512685
340.0111878648943,6.448285191952673,4.286980034875506E-4,293.15096229123316,265320.87745188695,1.303011260642652E7,5403.043871116909,51.56184993481451
343.9999999999999,0,0,293.15,232125.75712351847,1.9092240306896407E7,2822.2278282360076,36.31827961052004
176,195.74279395938476,0.08471586664667313,293.15556729131436,181869.95275500804,1.5411925444773695E8,214.66344894760923,21.771737960837655
171.99999999999997,202.22066397969235,0.09039110273759365,293.15325605681477,234190.12014129755,2.9060157423226255E8,188.79756031463015,21.094701205433044
167.99999999999997,208.69853399999997,0.10000000000000002,293.15,281742.69418660045,5.410813366781597E8,146.74586484960042,20.509779135900004
179.99999999999997,189.26492393907716,0.08116392123888226,293.15738985911895,129065.88187510811,8.028454928894447E7,207.51390510181508,22.521150549118314
184,182.78705391876952,0.07867629128525551,293.1589290182206,92979.6048735731,4.616299156016364E7,187.29244769842785,23.713322182705657
187.9997126884706,176.30963783515213,0.07650881792185356,293.1602686594843,66423.76305281905,2.8733705792991105E7,153.56160875524242,25.452022930281405
191.9985755211029,169.83448245768662,0.07390014760963116,293.16142803331326,58024.96242794785,2.7277872638976138E7,123.4383283717586,28.1981662677901
195.99505152645247,163.36576160506587,0.07013854597686815,293.1623663209512,66944.18231721205,4.194236428574803E7,106.85143034216317,33.26918725435723
199.98631887242422,156.90969859050224,0.06492506537679756,293.1630400862096,82455.98864463018,6.711986354130206E7,101.29714891930024,39.90849707507913
203.97184918466257,150.4745465353499,0.05843156052936776,293.1634761475441,97826.44400971766,9.546387610216932E7,100.24908761530101,46.41545856270256
207.97143383929077,144.07270517454003,0.05097016089259838,293.1637216705662,110351.12318736454,1.2172230972954805E8,100.04386217193218,53.78490758930963
212.02245738006172,137.7230965393138,0.04285157773944906,293.1638167711019,119789.88321680407,1.430745005832381E8,100.29723338681902,60.588044222601866
216.1619689071781,131.44844454446778,0.034467609883483345,293.16378763616126,125509.09608560987,1.5399726818273532E8,102.29626655498504,62.83535447972836
220.48990134638984,125.3407251655497,0.02661177579651872,293.1636278251131,125128.46550677148,1.395812980464787E8,112.17702032866397,56.71198167394976
224.88522254436884,119.30834084049489,0.020432370519890008,293.1633099221838,113737.80321864852,8.581663764092794E7,150.79356764790796,46.65941958737182
229.3317508944028,113.33584821583327,0.016896672322689568,293.1628447882454,107713.50850425148,3.863604739060479E7,300.4813130270023,43.83884686447385
230.2523121242754,101.42637216446633,0.014555517726398999,293.1620633519688,120565.10176385811,1.1493356538786715E7,1264.895814662852,54.68982270346921
234.6925440203978,95.4504903903875,0.01411749015266124,293.16161148983866,135794.1596622339,9142047.66104249,2017.1546209178143,63.63518007514727
263.995528316282,51.76515489259884,0.008211187229458074,293.1570461705996,38733.56065772632,1.3580511492052948E7,110.4870171592017,22.34149780706809
259.97979291664797,58.182772886099016,0.0105990209482682,293.15815249129815,40181.076418051205,1.1089449299893167E7,145.62966626791808,25.121906257192023
239.0962511337259,89.43336247993842,0.013828132700096361,293.16118489427384,152358.42047919516,9238242.071787843,2512.7516984713625,68.84816276108143
243.43400023574907,83.34385401193028,0.013579366537092566,293.16075826590964,143791.67598888057,9048863.826268433,2284.949204863237,67.87004745047402
255.93914015532866,64.56658362451601,0.012134893765765433,293.15906976029197,46278.17834681352,7141713.6039098725,299.9240328682145,33.26081847424981
247.68615466751484,77.16555011078403,0.013300006173413788,293.160301661685,109801.56011223256,7916178.604771438,1523.0080767651154,59.99544497870006
251.8500678280713,70.90130896228028,0.012893141855508218,293.159764699953,70584.24899474229,6619396.2280107895,752.7086692674399,46.69546429628854
233.79629416570984,107.38487025870684,0.015334063085000094,293.16233861365896,107236.45974354281,1.7181741646089353E7,669.4885283207412,50.022066075214276
275.99749734002467,45.316765419817955,0.004305513756559702,293.1556167077238,41067.668260798186,1.1362246672341973E7,148.45441689571427,25.32134890837222
271.99366058081733,51.75773749790723,0.006772167330278417,293.1567059138833,42534.86738107187,1.5845956554603813E7,114.18304809580918,22.712286411950426
287.9981564044468,38.853120817406754,0.0022949907637742043,293.15455469251697,72676.19567567397,6847520.723221262,771.4023813381363,40.815692211308914
283.99487013460134,45.31123793846041,0.0033124582523690444,293.15542245978685,58702.03502100027,1.0542976347788999E7,326.89401557262914,31.699265345093057
300.00162351502644,32.374782692113335,0.0016679820631692961,293.153783670918,176128.45997784074,8882057.345713621,3492.7066676921054,61.017621114280075
295.99872690086505,38.844125318275914,0.002107756056819886,293.15448366573156,141969.99500244975,1.0517845321420655E7,1916.4273671626631,52.24386029945732
312.00525016170604,25.888666461904887,0.001316514325956678,293.153084884281,289203.97179069143,1.0866927723167552E7,7696.784198568234,72.29307741599449
308.0031374675573,32.35999487229602,0.0016074061869436362,293.15371767184615,271604.0149245444,1.2406848772012308E7,5946.022810875117,68.74333525307226
324.01045017965413,19.396496389088878,0.0010176335995572374,293.1523938163488,326094.3107915207,1.1246122212445984E7,9455.508771408522,75.24717341001309
320.0052687591845,25.863608106779534,0.001265756772896342,293.1530019041624,335703.4956879707,1.1958777328383468E7,9423.92050759115,77.07911636172771
336.0194857000616,12.904552990549583,7.219686631954161E-4,293.15169893650176,293297.6398164597,1.0785454021922903E7,7976.07363898452,66.65035677435934
332.01513712855507,19.361631273932183,9.668932651911822E-4,293.1523231548326,316894.3610869613,1.0395392302886536E7,9660.25116195486,76.45195710061942
344.0345015396066,12.87610444096043,6.792916346771305E-4,293.1516548127228,242739.3744653609,8414398.615896925,7002.77872675797,63.34914111492149
348.01031114075454,6.433615976023826,4.009760337490847E-4,293.1509354032642,206092.00804011791,9476508.289230045,4482.522865042519,47.9967987587225
351.99999999999994,0,0,293.15,172371.17400070888,1.3100589115464082E7,2268.0718136820037,34.03949365146001
183.99999999999997,195.74279395938476,0.08684355677859944,293.1551202690876,115287.95076207911,1.0204196421982239E8,130.26595551420954,20.947584887292223
179.99999999999994,202.22066397969235,0.0920239989668956,293.1528925049679,145750.59133842916,1.665729524088651E8,127.5613363010516,20.660686783826723
175.99999999999997,208.69853399999997,0.10000000000000002,293.15,184099.64677224922,2.849174593192068E8,119.00821778760019,20.355962301799998
188,189.26492393907714,0.08326504483829343,293.1569673308572,88894.1931913885,6.3349047547795E7,124.7460731766353,21.221367641316814
192,182.78705391876952,0.08040299758469895,293.1585718836589,69902.56060669113,4.241826707388508E7,115.20331813193427,21.665374772206757
195.9997375694281,176.3095452920381,0.07752039823506329,293.15999099745983,61433.83931243444,3.5375981696315505E7,106.69480090154728,22.393046640629382
199.99849298600992,169.83423140804277,0.07398438923138094,293.1612220678215,65194.30476452763,4.1651650723817505E7,102.0470660618143,23.722150038300782
203.99441585882582,163.36566924877704,0.06940525780052186,293.16221401879244,77366.33608564918,5.946668800620989E7,100.6539274539018,26.836990589768508
207.98457819080133,156.91036456519848,0.06369035444274307,293.16291863535184,91475.4673821826,8.357450226623468E7,100.12403262709148,33.166774182311855
211.96826143364913,150.4748765599536,0.05694498738380512,293.16334926578196,104525.86924690015,1.092401580846004E8,100.01626651625737,44.708970197492086
215.95891646603417,144.06537687344738,0.04936814380212523,293.16356934487675,114823.3553520463,1.3182054418825428E8,100.01959759274011,61.89646469507702
220.0197385282155,137.71900342861974,0.04125620888370671,293.16364718433096,121443.80833710315,1.470569527555518E8,100.29454459070553,75.03895971474732
224.19210803115823,131.46835351777113,0.0330174610119394,293.16361043917533,123664.70088823703,1.4930571640393886E8,102.43272965125301,72.66515977825907
228.49114120403377,125.33680018624716,0.025378748058695024,293.163440491403,120593.56074238654,1.2663088554422908E8,114.84978113837691,58.89555599071999
232.87886469109964,119.29972626759951,0.01963287858108194,293.1631020772541,110623.34946408932,7.181093471921144E7,170.47583377055116,47.34609429966212
237.32255186991597,113.32557390399316,0.016620011261420344,293.1626353162829,108671.1176418027,3.117005146014732E7,379.03134623433925,47.098792107291075
238.2465252905697,101.41606041740958,0.01464101548241768,293.1618711824246,118635.68324849784,1.083485836708504E7,1299.175438292673,60.02152358614047
242.6908528446033,95.43886538646076,0.01427573575473528,293.1614439453247,135206.76768672618,9354468.922605902,1954.2537993061558,67.58751729761705
267.9803663240421,58.17299461312699,0.00956663392370418,293.1578037963349,43239.94977008731,1.5570791665576726E7,120.09463156079418,23.282792529767406
263.94239181245223,64.55393235450774,0.011778928044286733,293.15877940355796,42328.58259793289,9660616.699496375,185.55282787166618,27.90922921103878
247.10015565409756,89.4204626587193,0.014023831238369562,293.1610317803855,137426.38650093673,8687432.084097797,2173.9493310011962,69.44273213583593
251.4418904949931,83.32961493940343,0.013788137277251344,293.1606080764872,110491.6444450754,7142323.650908533,1709.3135689694675,64.05524443078967
259.85562532978196,70.8862556028557,0.012945781390365915,293.15955023613924,49004.55361791804,5553298.89630743,432.54910681403084,38.4118323357926
255.6943379344862,77.15038590445667,0.013483957907553126,293.16013497806847,73443.26593732918,5507398.536488082,979.485372419572,52.40296105409897
241.78785912829304,107.372559619138,0.015357758019514481,293.16215401404565,113725.32724464836,1.5170509880072592E7,852.9585745371893,54.59145832373344
279.98969420649934,51.749949910167736,0.005204787594731535,293.15641756560143,53938.39439591971,1.750582394495027E7,166.2367559635209,26.309702940577605
275.97868212294003,58.16277357331371,0.008070044405892929,293.15746296549383,55654.181752333156,2.3641786358352404E7,131.03065164851884,24.63346708297455
291.99332247161493,45.30308355067553,0.002820422242653144,293.15528282766076,113695.76406714066,1.3821433079411825E7,935.3156900754403,42.739486498523895
287.98560510079096,51.742277181306854,0.004085702251031516,293.1561879015408,96233.97691575742,2.1111394462113474E7,438.7023861279686,35.33432753276336
303.99948624288845,38.828873485026314,0.001990679868771048,293.1544010342337,245258.4843144739,1.5419622173552103E7,3901.196982082932,62.4035969588058
299.99275966200446,45.288964322169626,0.002557646234481663,293.155159759428,210053.43031834238,1.9841415296275627E7,2223.922655119935,55.001889463359
316.00260572656407,32.339217347129114,0.0015413803565550797,293.153622594212,338495.0934954095,1.4131141254186647E7,8108.493457160684,73.89230973878756
311.9930994597266,38.80188810707998,0.0018868070175660238,293.15428955540375,335724.01570442034,1.8405656498795416E7,6123.953177953456,68.46301491247176
327.9974777116547,25.815739638281812,0.0012047935968386846,293.15291058064537,335494.77381444693,1.1281868197722359E7,9976.853360086343,78.69759471428021
323.9777631874182,32.27424225272813,0.0014650721679625818,293.153509999503,353015.72245770757,1.3549845389450891E7,9197.35987647822,75.82674425362718
340.0233582698107,19.31102549323389,9.123105903250751E-4,293.1522591132269,277629.4973450117,8609982.377903843,8952.197759266246,74.54125660555589
335.98089583624375,25.73932689503327,0.0011381595394881411,293.15282423081186,302111.62049967743,9558518.146602951,9548.713768375977,77.53429828743414
348.050690596001,19.23179678804029,8.529487753072867E-4,293.1522002819924,213350.15284860748,6313108.282324478,7210.167691897836,69.91132583378129
352.0499523270381,12.847646753000168,6.294880356776362E-4,293.1516100077042,180294.1021026147,5928831.920086754,5482.8805924847575,58.94565907410571
356.0069025963892,6.447258923282582,3.6556277321038184E-4,293.150906319307,148368.80875341257,6321526.77321696,3482.8177834913004,45.00432460046168
359.9999999999999,0,0,293.15,122143.76786459495,8153948.123568192,1829.9325427400054,32.84890746230001
364.0105247110611,6.456829761444561,3.20712772556359E-4,293.1508696682095,105401.55265576577,4100722.214310245,2709.659046125718,43.51292500910066
367.99999999999994,0,0,293.15,91141.39316843031,5097765.550207729,1629.778031738001,32.90258452706
191.99999999999994,195.74279395938476,0.08899231006607554,293.15475583854226,85191.46634196391,6.89139317061718E7,105.3262280524218,20.405210906219963
187.99999999999997,202.22066397969235,0.09363850773480019,293.15260413310835,102147.54779341903,9.808592502284193E7,106.38974783530385,20.325798464813165
183.99999999999997,208.69853399999997,0.10000000000000002,293.15,122336.35691406125,1.424957908974669E8,105.04795547480006,20.20464093548
196,189.26492393907714,0.08535373032241811,293.1566144837415,72816.56563760937,5.141922963291488E7,103.13077376484542,20.46347621600197
199.99999999999997,182.78705391876952,0.08207652981034787,293.1582658503083,66967.74099216069,4.4256935891872376E7,101.3451718475586,20.593379487843716
203.99974897785202,176.30941918591742,0.07859187975686162,293.1597447271322,68879.37817723944,4.713722421235198E7,100.6575254894308,21.033408675005717
207.99810364008522,169.83399555388033,0.07444868906899095,293.1610357512399,77115.21476531621,5.933742145097616E7,100.2212351640956,22.22219576226549
211.99304902943175,163.36559454989606,0.0693678519927794,293.162074788913,89227.31263099652,7.956741161781056E7,100.06005455911674,25.926754642638542
215.98241561915518,156.91067272073812,0.0632526735905094,293.1627931204852,102089.69269296362,1.042041455872271E8,100.01857634307352,35.59277123451209
219.9673201882464,150.47460727374263,0.056162857038977256,293.1632169970043,113312.17882292741,1.2838861543392968E8,100.00729711496719,53.02926125337583
223.9581417676319,144.0617582387498,0.04827652887036315,293.16343879428587,121402.06935303268,1.473453924914808E8,100.02833248165518,71.74914055736996
227.96667733829813,137.66618490635165,0.03984808385897288,293.16352517626177,125776.79787457746,1.5741652399089384E8,100.49909401317291,77.43808864253286
232.1820165786511,131.45193688856705,0.03143280515667188,293.1634833102044,127095.07639683645,1.5453466609824568E8,104.53561270599268,68.47541884841247
236.4856935604865,125.32735343792108,0.023837347340803703,293.1632867323851,124962.16852741409,1.2157016861486082E8,128.45679001951376,55.515198048413076
240.8697009089721,119.29024781648694,0.018730168375442332,293.16292193633996,116941.6171476546,5.967171102392807E7,229.24946131841736,48.90006626580156
245.31102154936457,113.31351966018687,0.016372621630194015,293.16246222175755,118657.1975959674,2.5460124197559435E7,553.3235599985369,51.01638957727434
246.24194575889157,101.39992236416862,0.014786983788728609,293.1617084471184,126246.30751657272,1.0351546724381821E7,1539.8980630280528,62.89385859077125
250.69204151891267,95.41877424356973,0.014464809504345083,293.16129102076235,132392.2766377881,8486611.2275139,2065.3530515427938,66.85320002985304
271.9519281026914,64.54627509852835,0.010952172485614031,293.1584476251803,52338.898105189444,1.722601808047351E7,159.10860625517913,26.191880793356038
267.8702309770254,70.8748602098721,0.012732597027689656,293.15927938355867,52814.748482814146,8549787.37003638,326.3768228107333,32.482911468301886
255.10735319047438,89.39705518344654,0.014219948991187925,293.16087868201424,117010.86289836334,6835864.525255163,2002.9147680548424,64.69504353346991
259.452042452113,83.30502757593128,0.013956690644548896,293.1604408229877,84415.04201473198,5142213.5715106195,1385.8946553656153,55.747165316202675
263.70513788761724,77.12890453201395,0.013553652102882703,293.15992922909004,60263.28754988569,4959623.7380836485,732.5484898661445,43.373171549372394
249.77859105874072,107.35512978360819,0.01539313266248822,293.16199584410055,126252.30548864517,1.3519032031723114E7,1179.614212461827,56.54207148652302
283.97349837020033,58.15351506369764,0.0063719049233202036,293.15716190625585,88565.4166738724,3.4942026495112665E7,224.6195874561483,30.63042225841735
279.9495301703641,64.53309785720165,0.009608252649894197,293.15811973874906,80730.92345732677,3.538193677685609E7,184.29630373415182,28.926422699489162
295.9809699217199,51.72939120042827,0.003471552173522638,293.15599830710636,181468.8071800723,2.799033774883053E7,1176.6053701909095,47.476808894640506
291.96290868920966,58.13961652346933,0.005079005826588209,293.1569026022991,163435.3210925776,4.613301343847561E7,579.1226931862476,40.96555793239482
307.98020809036507,45.25658568582771,0.002367815328827778,293.15502279629567,323379.69115936855,2.5313243043975573E7,4131.46201944272,62.88306026935708
303.96291477921926,51.695072884732035,0.0030905297720590697,293.1558197227624,301039.5802496028,3.585008503853697E7,2528.1954858750073,57.76946974359708
319.96140837871604,38.73808957046064,0.0017804221117040419,293.1541539206353,372492.15605415497,1.8061183791048583E7,7682.542421314784,70.6046655392305
315.94224611694773,45.19235614383831,0.00220046569781986,293.1548624245932,382406.4640309697,2.5479153724402692E7,5739.625824959873,65.27315417326237
327.8937868183706,38.61073979738197,0.0016709136156448188,293.1540130569511,341794.61178856884,1.4799025428711219E7,7894.21164803585,69.33742128355546
331.93234827772966,32.166998583565764,0.0013824932034691274,293.1533988813026,321898.9306326675,1.1424482318343623E7,9069.987454107524,74.72947492924544
343.9704168233507,25.64401963848933,0.0010697999035752823,293.15275094825637,241511.90164385177,7261922.546340243,8032.053941724341,73.6340188326268
339.8806104621454,32.03827104373804,0.0013006648805555852,293.15330569693475,263269.4445563101,8753604.799665144,7917.985932897078,71.2153376853448
352.0045719442189,25.53962792160675,9.999812609351817E-4,293.1526902767985,169687.08812885446,4981179.702064768,5780.562754460854,68.4813897002973
356.1909164277114,19.125762852977953,7.856126399612416E-4,293.1521401040234,147171.9307770301,4245137.481487962,5102.267885661902,64.86560182918923
360.0218626336315,12.89410894429623,5.723571340488526E-4,293.1515658337834,124818.65528483571,3923836.077790681,3970.692565081635,55.43950390775506
368.0319957182689,12.897344379381485,5.078787711586488E-4,293.15150990861235,87155.0099024723,2612103.6274901363,2908.0979131057325,52.771161374056284
372.051494910238,6.457967942315908,2.756116788578526E-4,293.15082876737074,77879.36968774284,2714023.823345905,2235.1344507158096,42.443372945779394
375.99999999999994,0,0,293.15,69432.75335250603,3266357.3862847635,1476.046167006002,32.49710073998001
379.9967422314135,6.1900077081472995,2.3452360107089213E-4,293.15076166683957,56983.46580333982,1821675.4163475933,1782.6688897262995,39.34038063286338
383.9999999999999,0,0,293.15,47362.65017858249,1973238.919947061,1136.8481611820057,29.99741517702005
199.99999999999994,195.74279395938473,0.09063229888972603,293.15449639563417,72166.6155920286,5.182985781908288E7,100.49216730229426,20.20536395810346
195.99999999999997,202.22066397969232,0.09480345681105824,293.1524025060067,80317.30040228067,6.3987163262214124E7,100.82029239096846,20.141718251087024
191.99999999999994,208.69853399999997,0.10000000000000002,293.15,90923.17991052788,8.193943205059946E7,100.89444429160001,20.093468116559997
204,189.26492393907714,0.08707281603757099,293.1563631744347,68503.09287525038,4.675596529197464E7,100.37705911927368,20.407271407107064
208,182.78705391876952,0.08366703387236275,293.15805229025085,70266.4983315894,4.921924179937359E7,100.32507306540333,20.786150880494315
211.99981120837353,176.309295616749,0.07995253752644499,293.15958490929864,77627.42980345142,6.00502647964004E7,100.35572832519097,21.592119882236886
215.99785571477923,169.83382417334775,0.07551399643842925,293.16092238048446,89203.33058752723,7.932551739675339E7,100.31288247812215,23.931084493438814
219.99208346291542,163.36549348430947,0.07005440604330887,293.1619648993188,102425.04954924849,1.0472421420445971E8,100.1765072364708,30.414990561850114
223.981772242209,156.91035043376792,0.06346297442011356,293.1626648250994,114830.1130289999,1.3172402746801321E8,100.10346672742378,43.85669363994544
227.97008477928694,150.47384827206236,0.05582231888988681,293.16309619711905,124482.22239847429,1.5489614784771273E8,100.04134906241177,59.66102099444013
231.96964020538948,144.0637605506889,0.04735503265200571,293.1633449691439,130669.42971936101,1.7060416017202625E8,100.08401593523371,69.67583028602134
235.9743442347967,137.65974421265756,0.03832893961769373,293.1634485899298,134149.08481016385,1.776928137152909E8,101.27924699971676,68.17024219692168
240.18861491000658,131.45090082023887,0.029453867698544235,293.1633932042192,136523.37545735502,1.6856870544936678E8,110.57984318483928,60.457509141181724
244.4817511465859,125.3234338213337,0.022084866244964137,293.16315861295857,135161.60548479084,1.1362293796862932E8,160.82012811605952,54.70934868243685
248.8571631723514,119.28205452292607,0.017923524502038383,293.1627720769947,129763.34287332515,4.837491706352649E7,348.17971195851766,51.646579038640986
253.29511788323225,113.29857829918342,0.016171655161729564,293.16230896775784,136376.33479944945,2.183971635495274E7,852.2057702412459,51.52723764545616
254.24034780873535,101.37409495753813,0.014913324780098486,293.16155423637844,133195.50706292765,9273760.266863333,1913.255473259437,60.71707011359356
258.7008157231648,95.38549125207864,0.014607121204276883,293.16113279519465,126368.75675103861,7007444.714508447,2278.9346464473715,61.07705143606622
275.86844768312557,70.85028665932718,0.01213800707050162,293.15897093285747,77832.18823842697,1.8812986266140662E7,322.175869693704,31.2364859081727
271.71598047356787,77.09979828934436,0.013394055022699095,293.15967504963146,75166.10382293635,8301500.300356579,680.9852116982624,37.60965317931366
263.1244806101564,89.3596185073713,0.014335432538304693,293.1607075335509,104004.30074879884,5441675.533421565,1987.9668561926162,56.39478990703808
267.46951825416085,83.26897540838436,0.013990628581528027,293.1602390358058,82271.27822869983,5232972.012887475,1293.9262438527855,47.14333431768177
257.7684632886709,107.32926074411604,0.01540211814140867,293.16183684351137,143426.58868347894,1.2389975817388372E7,1660.889094620023,53.529014750283125
287.930379019532,64.5097649379011,0.007909898239653239,293.15782428000335,151349.5855424769,7.136477295172204E7,321.113855886448,36.541433481734096
283.8615780444447,70.82498494507125,0.011118490472812997,293.158672546248,139811.47542167222,4.975001349874762E7,393.5745059878099,35.42695924776722
299.94114546168186,58.10868989875863,0.004269343808167889,293.1566696558944,271336.7408953888,5.437620497331498E7,1354.079203875501,51.94437413781554
295.9082821299841,64.48359329394837,0.006389246498586833,293.1575542442819,256898.69567189543,9.830171434667946E7,672.15906723295,45.64243313089167
311.91811768896247,51.62576471871045,0.0028025035328671714,293.15563202862063,382907.0439555167,3.7233035297311276E7,3938.144015265249,61.594976401425406
307.89962514432165,58.05048611792774,0.003726899437556812,293.15644628115564,371811.9957053042,5.685152219205871E7,2432.0763980691736,57.95899568697183
323.8863169335975,45.10326480496849,0.002043760392457489,293.1546916587827,362236.39570448705,2.087994193975007E7,6284.46326260671,63.46260542071803
319.8462183431748,51.528346010772516,0.0025587633064630163,293.1554315797132,382649.63989532826,3.140706404275776E7,4662.241770171254,59.81349934607829
331.7475996451981,44.867253520759846,0.0018964195818499104,293.1545270013285,291807.07122369774,1.4750459710159227E7,5772.937888413436,60.202284959417504
335.8003949927765,38.42498793986635,0.0015655133453707532,293.15389043902684,278717.1397171722,1.0965466118779799E7,7084.450380436706,66.09447524150151
343.71607123670196,38.246839486714485,0.0014746853979969797,293.15380766695347,201124.63954745303,7473243.365415499,5412.861773708318,61.519594726743144
347.82954118452494,31.924564327608305,0.0012250895987715108,293.15324020046916,187844.7528586023,6041419.59953816,5840.704413463133,66.13237513683843
355.70853355875505,31.804451986108095,0.0011573301842278396,293.1531961079142,119762.95838979777,3932542.610970314,3647.4894845129916,61.065906492068564
360.25293305183004,25.46985352146146,9.279213116463146E-4,293.1526361535411,105346.87882372616,3131270.8936322615,3544.372518424858,62.9610929565338
364.0955599434329,19.369439423320514,7.238354983165689E-4,293.1521053825184,96435.56588466652,2753734.924800343,3377.2842203493688,60.60809021987239
371.9670045679753,19.376191843208513,6.593582549127209E-4,293.15204711914083,64631.87674270116,1836726.4518080198,2274.4235018444047,55.61179036601688
376.0519865468488,12.811557401815486,4.5013989897354454E-4,293.151446372367,61678.20781738003,1738577.054740256,2188.230235245825,49.08349592430281
383.9558952854721,11.941803046037492,3.9262744443277036E-4,293.1513212793728,42399.508549006074,1164536.8429449361,1543.7854107666265,42.09777570296841
387.9225959381623,5.926675886269012,2.087428002073766E-4,293.15070088478893,35119.27370114905,1068156.975868751,1154.7522207098502,33.26863997506711
391.99999999999994,0,0,293.15,25895.773871599464,1007345.9213600756,665.7047261182032,25.97641728468003
394.58425614117454,5.2302979160724075,1.8012652319603428E-4,293.1506030296246,19648.516911948453,602558.5210605899,640.7242335836174,27.445519034042498
399.9999999999999,0,0,293.15,11088.927386301715,411739.8361641241,298.6597666720045,22.45291149300004
207.99999999999997,195.74279395938473,0.09197125301597155,293.15434481266124,64779.55973960754,4.175331755983845E7,100.51086748960891,20.73756007093607
203.99999999999997,202.22066397969232,0.09562766742061124,293.1522804181832,67883.56657956865,4.599966028271374E7,100.18101026898633,20.243751340774622
199.99999999999994,208.69853399999997,0.10000000000000002,293.15,73985.79922024616,5.468772594485355E7,100.09404953600001,20.0659561959
212,189.26492393907714,0.08875942522409112,293.15622299355476,67084.11284558394,4.441498052010513E7,101.33273795266336,21.61831246673358
216,182.78705391876952,0.08559329131380734,293.15794941885264,75789.59897111393,5.6169779248743296E7,102.27112690265643,22.765489202742035
219.99991044376418,176.30922352597128,0.0819692804818506,293.15953210825177,89189.61928620342,7.764928640913107E7,102.45159644994551,24.913322975352603
223.9980589791862,169.83380017201492,0.07737434999260706,293.1608756876495,105324.49208377021,1.0850936867017086E8,102.23691888736097,30.90246145569859
227.9924569455968,163.36542299017947,0.07145059440084499,293.1618700612242,119831.21780563444,1.418159385859714E8,101.25588279035838,42.20785167696993
231.98332638319891,156.90966368896758,0.06413316386035424,293.16254916795924,131088.33414928432,1.709310256204273E8,100.53359869791659,55.04270452606551
235.97547321084414,150.47339694535833,0.05562685359881998,293.16301127510616,138518.25788499354,1.9157030401370108E8,100.15930352539773,62.40703633848681
239.98021968409014,144.06494183243626,0.046262286359276324,293.1633059030146,142894.01947872693,2.036640453834869E8,100.2579759715807,62.006999197840436
244.00492367707534,137.6771318140484,0.036405176940893874,293.16342352902274,146982.78555222155,2.0874848535604605E8,103.49978592267466,59.465454802009525
248.19734781084807,131.45853467953853,0.027103466936283394,293.16333582490137,151877.3900805243,1.830069284706535E8,126.05269740685777,57.45504600625342
252.4729830686309,125.32196927147494,0.02046619286431844,293.163053066404,151363.04464874396,9.99390542375176E7,229.30844559132137,54.27877830714275
256.83632230402793,119.27344647410911,0.017310680554427974,293.16263073658143,148847.68952216368,3.993875349404342E7,555.0822043432885,49.75035487141088
261.2698668940302,113.27878615042196,0.016002456671603774,293.16214095093295,159316.72877886117,1.9742266814746697E7,1286.511307155426,47.89430502313214
262.24982200862235,101.33485208889113,0.014975473168377598,293.16138704808685,143322.7697531441,8487875.909915116,2420.3656026809463,55.455445658426925
266.73691348928276,95.33908638393329,0.014655767601384347,293.1609545839169,132419.62439484245,6653423.589923199,2635.773643236753,54.460970512168025
279.72874647162257,77.06788016964731,0.012962456687937425,293.15939723358366,124008.20764682691,1.99503176972491E7,771.160250665156,37.48881450951649
275.5072426115347,83.2290163184892,0.013839415705301455,293.1600010900099,116866.50096252996,9666306.511986265,1413.6714819196188,42.56810203901747
271.17394354629334,89.31213940463212,0.01432017010702215,293.16050705646035,120075.67482272361,6628619.484183934,2175.7569283434755,49.47986521847963
265.75864379696617,107.29219123005697,0.015366616376573656,293.1616535976494,166135.9002348882,1.2109522043051695E7,2279.885604568976,49.55335545699563
291.8497494535026,70.80231621925681,0.009692224764646583,293.15840351314847,246705.8243100912,1.1491223842790973E8,530.2192545655779,41.8993108270414
287.7469483202461,77.04707634280817,0.012264280322658692,293.1591368624961,214608.5778581256,5.096009367570331E7,904.1473482195255,41.783610590750875
303.8780955528766,64.45015129626687,0.005302865614887942,293.1572950679643,358709.19630913326,9.976159617995894E7,1290.0249364493245,52.64796784384462
299.8348346145391,70.79011882383148,0.008105482533561843,293.15814368363186,358851.8545248174,1.717476239242724E8,750.3362002393501,47.41336902543043
315.82335639180843,57.948689543386884,0.003319033082053262,293.1562188243122,388384.7929650631,4.790660850549946E7,3149.106867819481,58.06681072027266
311.8170467452148,64.37214465950747,0.004541746829962016,293.1570354162214,383634.75378939114,7.976835007032727E7,1845.225917928505,55.27442475231556
327.7703690379643,51.445543956007576,0.002350386009407615,293.155236417656,303613.30462277395,2.1467070793775886E7,4294.142184309068,55.48101691047818
323.71467951661,57.82328874827418,0.002993227290157902,293.1559854085578,315357.58281224134,3.2741681151279826E7,3037.613729279114,53.65284136081346
335.5023409470996,51.000501171204476,0.0021665214700849057,293.15504652535884,215041.49799194597,1.3337216143827869E7,3467.2883332101514,52.28064618678173
339.595367716703,44.562471980249896,0.0017729432166708546,293.154403193615,209732.71371931199,9630779.900501654,4567.545133434214,56.670864668176684
347.4986732447134,44.2664494609904,0.0016881951468441438,293.15434164735103,138110.68587003433,6290414.219541132,3032.440014736114,54.2970392993588
351.6825662465326,38.25002217842007,0.0014112509679542406,293.1537839632469,129134.45215014966,4896246.128929042,3406.2692375413717,57.158205168669504
363.2090711485889,31.834920150243807,0.0011085598201098828,293.15317317506407,73605.99149856267,2637400.3378180373,2054.8404292225164,55.45671280286331
359.1867170285701,37.607960516721306,0.00135242316660838,293.15372544673295,81158.43895300658,3414489.2905066195,1929.4601590518575,53.91013990248428
368.1086472611802,26.453374998597475,8.958372009617248E-4,293.15267023006567,64138.650512439795,2049529.455133743,2007.5923795602123,55.92286615656196
368.02052026819183,31.966159500547473,0.0010942239656641158,293.1531668824989,55717.18747947566,2260466.0079718768,1373.351360262914,51.017094837300434
374.9092605442885,25.22863071702579,8.188643274081179E-4,293.1525208466372,46957.32803865813,1574818.843403391,1400.205455175665,50.995933292588
380.308786567725,20.006029491802217,6.32811383172057E-4,293.1520454122519,42743.70354052695,1247024.320165423,1465.373340501306,48.791118120408655
387.5982234594443,17.981711087492503,5.580901589383622E-4,293.1518410489678,30792.997837377257,926782.7703189242,1023.1825663262059,40.50832825522435
392.9986847677105,12.197947001785291,3.8501317202753194E-4,293.15130821010683,21540.395840935704,597511.6602854956,776.7424648295599,32.61242751777876
399.9999999999999,8.026866692307731,2.622927765616635E-4,293.1508877374565,10454.072204362092,299832.21102988324,364.5611885233111,24.87634658649216
215.99999999999997,195.74279395938473,0.09336747330772945,293.15429931303566,59763.943218609296,3.3903804602219686E7,105.3510511143143,22.816387229047788
211.99999999999994,202.22066397969232,0.09634897609401576,293.15223482200366,58191.41580379902,3.3273346374019902E7,101.77128229970175,21.129895355089246
207.99999999999997,208.69853399999997,0.10000000000000002,293.15,62219.40157603642,3.857049428188896E7,100.36831301119999,20.30410256622
219.99999999999997,189.26492393907714,0.09081213960144875,293.15619231102033,69459.17694408451,4.382104921133996E7,110.10189972127891,25.111179625154364
224,182.78705391876952,0.0881775140948221,293.15795760837096,89158.68654143317,6.819790236928503E7,116.56648293145383,28.009769315667267
227.99995631993937,176.3092330470439,0.08480052843312484,293.1595697129533,111857.82029830334,1.0646676294706292E8,117.52757425937772,33.52979301990417
231.99845327652588,169.83398220061684,0.08000921369044765,293.1608735294644,130964.3276508439,1.5375048331698248E8,111.56245966282971,44.737292073045985
235.99395204160658,163.3653629217135,0.07336033495428708,293.1618149318379,143514.51329517615,1.9637553111343932E8,104.88851266654025,58.88257571200757
239.98627718681163,156.90866431313935,0.06493986754754115,293.1624963418963,151146.4231262523,2.2473740272710958E8,101.65471504778118,66.17291675080959
243.98040217831527,150.47211552443568,0.0552207314419213,293.1630060198692,154888.68579965737,2.3887585014598295E8,100.43180177182892,62.11879941230183
247.98773445057986,144.06576087177055,0.04471505897493926,293.1633445574353,157483.63872621127,2.4600294316971815E8,100.81747734399461,55.500804083891914
252.04496828052058,137.71587480829402,0.0340013716029079,293.1634493597348,163562.940789493,2.4543218682754362E8,109.01290094544902,53.76238190466524
256.19601508125993,131.46216020576873,0.0246934829838126,293.1632988930096,169527.95199408644,1.8323707598593664E8,156.88654537518536,52.57076698353517
260.4538669251037,125.32001381928963,0.019212088039717173,293.16294226184044,167970.35155082826,8.225838937458897E7,343.04800671985686,48.15309734234426
264.7980093303501,119.2637511026516,0.01687017886953054,293.16245675695853,170682.01625663356,3.43404167292853E7,849.0812940388267,43.80819943046796
269.22158592168216,113.25588641836912,0.015850879315571036,293.1619345959982,185633.78001314204,1.892335744469842E7,1821.9080611502343,44.86513247809746
270.2937479449142,101.28898796562379,0.014959289192184826,293.1611968187615,167269.27334345042,9154622.596887147,3056.664991813834,51.5597891567303
274.8407379671025,95.28947184581914,0.01460093713957282,293.16075222900105,168598.71899840253,8975021.992294285,3167.7935403120414,50.8053513024472
283.5737726320855,83.20656500908278,0.013518731123138101,293.15975514154246,191473.41126064607,2.182752073023437E7,1680.570057109993,44.12660569757938
279.2839701045147,89.27872897990692,0.014174797135318407,293.1602837442222,177364.41641578227,1.2167558132967724E7,2586.3893638418776,47.65780754109733
273.74807277700125,107.24688053214923,0.015292031718366588,293.16144416188877,198299.84213235765,1.31764466642208E7,2984.82332619228,49.27384508723626
295.75990942721455,77.04903106292693,0.01128146901474092,293.1588984690566,330760.5410257674,1.1463788556670515E8,955.8777790873424,45.67675259697089
291.64912251142715,83.21995248433409,0.013056568997698576,293.15952762143735,288256.425632264,4.5763171826009095E7,1816.420923786398,47.45890137737044
307.8132996769945,70.79043524021536,0.006734411618999423,293.15787124696107,400427.3226807967,1.5965299116135898E8,1005.9047504330428,50.54790963321245
303.7665432409925,77.09095951552898,0.010026334035314359,293.15865305354924,399246.9060053099,1.7989965839303124E8,887.0996914903004,47.473409402359465
319.6991506275303,64.21652241961583,0.003982746207886454,293.1567679713632,323327.9512799876,5.3363971295672394E7,1959.3421216147478,53.366816399428785
315.7695424614888,70.7402111868805,0.0057016713824914475,293.1575796065861,337336.3634885383,1.030449510369633E8,1104.818454731381,51.11086931894217
331.5144246873792,57.65958361650202,0.002741054128042622,293.15576117873337,215858.5639577283,1.9605144017474975E7,2376.8391141612647,48.990174140957265
327.5749446806308,64.06260106415245,0.0035801529628640663,293.15649917154366,217265.08067880335,3.0557086423342153E7,1544.8549809470678,47.97006177853263
339.0819152701992,56.90326545365909,0.0025377466323878305,293.1555356508589,142262.08472970044,1.1870423354088249E7,1705.198378659242,47.665171148149284
343.30218629726943,50.56204532883137,0.002045944863530578,293.1549257703654,140922.93452215966,8309420.130167429,2390.686851272087,51.54718398287457
349.84523399285536,50.01911330713515,0.0020007056670240113,293.1548673770172,100776.05377749735,6543631.275622578,1552.0605477325441,53.47348016653871
355.44211140324654,45.07618367877834,0.0017211945640874696,293.15443716964666,83083.91512243063,4622836.78438893,1494.1508076920713,53.80819591706417
362.51130202543686,43.09683862938821,0.00166454842860033,293.1542779227077,62246.36964768835,4292558.055856379,902.7956993399636,51.949451156185646
367.8719289287105,37.22844716696889,0.001349178602269831,293.1536871345265,49644.13173906222,2772195.9383125426,889.3710447981174,47.444217735665795
373.5789539933649,32.107786407349124,0.0011004029760071097,293.15315466948533,41402.95797658516,1962937.574023937,873.9668008944299,45.47717054728229
380.5829103311969,28.199770844171624,9.339391192100896E-4,293.1527531029024,35086.95544235308,1582742.3443420504,778.0984657763837,42.666295381816205
387.0989396010791,24.508392914341982,7.922828503335954E-4,293.15240260840534,29050.72650832716,1211981.928441043,696.6931094423734,39.29094310796717
393.53483517114427,20.486721675570138,6.483209348751487E-4,293.1520424672262,20011.152833833356,735466.9611273347,544.9132927194755,33.487944700812925
399.9999999999999,16.053733384615416,5.001414466688992E-4,293.15164815076946,10345.503425063165,322089.81821749266,332.5812178387369,26.724265423244688
223.99999999999997,195.74279395938473,0.09493268288353753,293.1543415931076,63021.704384809236,2.855474086526384E7,139.10031115625387,27.53286209533675
219.99999999999994,202.22066397969232,0.09710522269923628,293.15226317895923,51230.41416705752,2.3110634886036415E7,113.5681480626604,23.528631890189754
215.99999999999997,208.69853399999997,0.10000000000000002,293.15,52909.85820322789,2.687998691157587E7,104.14690104279994,21.175815589819997
227.99999999999997,189.26492393907714,0.09308132098229578,293.1562461203493,89152.31796685612,4.615128622477233E7,172.24494672127307,31.695508826553034
232,182.78705391876952,0.09093988637545249,293.1580401056504,120661.62916985773,7.845036280142216E7,185.63273361775464,36.08431885503757
235.99983819559162,176.30945303362122,0.08779999783772903,293.15964449295683,148036.41116959,1.3032236321857804E8,168.2084921711543,45.059543243537156
239.99868812087368,169.83423942973457,0.08278843208488786,293.16089823478546,164863.5865935523,2.001777279918259E8,135.80160754588928,60.054172203098766
243.99538587508107,163.36526364632098,0.07520501213341009,293.161822984529,171780.35488517708,2.617817209317703E8,112.72821063196845,70.33299992704384
247.9890151698755,156.907697133171,0.06536825794773017,293.1625401676181,172708.85044735373,2.881504090482988E8,103.51936558482622,66.41768809843857
251.9833319671865,150.47033653872163,0.05423234905923007,293.16310595749337,171286.98519089216,2.9102042205670774E8,100.81565369235797,54.867670030911654
255.98939584011663,144.0641312648659,0.042560897803139215,293.16345971296454,172267.937786533,2.907369161854647E8,102.0744964646754,46.82577278215177
260.0229132483984,137.69366330520603,0.031221099108349953,293.16350278990154,179735.23750096784,2.7034394355019385E8,119.5012099047734,44.84530392398876
264.18578640308834,131.46385254532325,0.022637299569332994,293.16324490604757,184737.18831404645,1.6492597820289704E8,207.0240470691965,42.249481761772635
268.41825083819015,125.31774810337228,0.018341544196205675,293.1627773498571,184069.91023620547,6.76375690408896E7,501.10219781549955,39.71223126562467
272.7205554252361,119.25632278392416,0.016560983632127605,293.16222691078696,192950.8096563751,3.1074875461424876E7,1199.0194930065845,41.22624519618706
277.0999062799441,113.24055919629927,0.01572163005149536,293.16170235139265,216349.70140076263,1.954045711692901E7,2396.0926506855362,47.15339421603034
278.4451998450069,101.21450408927744,0.014877966630055417,293.16098548633204,214383.27009535301,1.2057433736866474E7,3812.223589577951,52.54153767499428
283.09037515452843,95.26444750162456,0.014467644560374327,293.1605360201186,238153.2325500009,1.4809189631945724E7,3830.6608035121167,52.735956300365935
287.45709273983704,89.30894506027668,0.013937913249950029,293.1600633881712,263283.11973025487,2.3153166396349255E7,2995.2129909640903,50.53044778928932
281.6829075038632,107.19354695781402,0.01520063108347368,293.161225862481,242490.98980311665,1.58379795446607E7,3713.040517273131,53.49922005855144
299.6790729589565,83.27845026145616,0.01244533043266336,293.1593083136229,361318.2953316087,8.143752774046712E7,1603.4741069703944,48.79911827378518
295.6355863281477,89.38323912624314,0.013635474192263993,293.1598533829267,337038.08048302267,3.862372805281873E7,2942.567386987587,53.021602547144106
311.80603973743683,77.28090518953852,0.008704566915899332,293.1583842041475,358567.0308483455,1.7292281129076123E8,743.7026167864268,47.81650982124
307.6972445276998,83.34103700715755,0.01163889670772747,293.15906345363686,348599.22333696234,1.1098769971849976E8,1095.940167626377,47.80268343544247
323.49533396942957,70.35219931549346,0.004928592779880056,293.1572582529555,226249.19823668385,5.3767759698890395E7,952.0681287445941,47.71424437938154
319.66885047758655,77.00427965954451,0.007382677109086264,293.15805042125186,248409.45665314046,1.0777603167843115E8,573.486699490387,45.87638149648342
329.97132785014287,69.76761170029269,0.004465840836605927,293.1569685249571,149945.9299652069,3.1211943722497445E7,720.3714601328514,42.93430110896734
335.4422986717708,64.72230130571437,0.003459053229611462,293.15632115383045,125977.2314167058,1.7672030650740925E7,898.1293797377822,42.93356872073092
342.6088438659643,62.617679058554394,0.0031680262429139216,293.15597170562955,99899.45164573744,1.404781750053047E7,710.5219212379411,45.26386239324624
347.7669785367049,56.9962422164991,0.002563498147251241,293.1554585422171,91613.58108665429,9210549.730390465,911.8303450067607,52.40362355012497
355.2162204823424,53.19464585057655,0.002356891450150823,293.15515496048255,74612.67785540207,7936157.884049528,701.5489867660159,59.753068424236695
361.94743836871703,49.19812159212681,0.002185325788754116,293.15485199806426,60816.48555292734,6911097.648389123,535.2286106830064,58.668965999461086
368.14208441417827,45.14520652996336,0.0020070299989121882,293.15450211670503,48317.301669869805,5752550.965847135,405.85295200924287,49.86362252824438
374.15885617101713,40.485880878405595,0.0017310021993626019,293.15402289617845,38684.38392669027,4242039.739926188,352.86883308411547,40.596162254719836
380.5018664931585,36.15190138553523,0.0014817067356910987,293.1535374630662,34150.86921812458,3387318.569123225,344.41107441167355,35.688179070739416
387.04667760391385,32.21587631486896,0.0012688764260636077,293.153114626743,30161.530864701428,2631559.072986672,345.80974859785323,33.27286029156273
393.5222044730508,28.160248072146437,0.0010477823052789392,293.152723002878,22102.746300625917,1567160.4039718958,312.13340317909916,30.527750960829234
399.99999999999983,24.080600076923076,8.270828100474615E-4,293.15235506403974,12049.276995918757,629285.6665114461,231.22367285866756,26.434783198811516
231.99999999999997,195.74279395938476,0.09618704383110627,293.1544201578386,94093.50676479994,2.9307318653193176E7,302.1127316596921,33.628884287116314
227.99999999999997,202.2206639796923,0.09779397747933127,293.1523358749544,64158.59360169281,2.0892789598852225E7,197.03743185734945,27.898129045846613
224,208.69853399999997,0.10000000000000002,293.15,52108.44940386079,2.0838062056159835E7,130.30895649080003,23.16289742614001
236,189.26492393907714,0.09468803050337728,293.1563271278109,134307.4380405339,4.733030918260014E7,381.1375537473153,38.16979957791111
239.99999999999997,182.78705391876952,0.09280440013445661,293.158124801312,169887.10917692387,7.905633450637041E7,365.0948056007287,43.141307762305296
243.99976531232087,176.30961184017553,0.08985753042311063,293.159697469017,197051.34159408245,1.3996653989876226E8,277.4921225141066,52.48715609125742
247.9987841543999,169.83439029842538,0.08470404556777607,293.1609316225121,203150.40194773083,2.3463192974512005E8,175.98968479157045,62.99210687345245
251.99601975841,163.36496981224096,0.07616100971202983,293.16189348717916,197233.18350134083,3.20759503885335E8,121.27988408047104,64.28044142979628
255.99006279935733,156.90706400365858,0.06484401370257503,293.162682497537,190104.93734511756,3.448341421588456E8,104.80643223365688,53.54280960877899
259.9844876621332,150.4698034861274,0.052418010610690784,293.1632975795558,183963.81639956872,3.34496057710704E8,101.17549504304533,41.36959392939725
263.99340429628296,144.06679156292586,0.03989773427566274,293.1636116066641,183842.67436351118,3.2368223152028114E8,104.42021081092734,35.368709214446916
268.0473770881317,137.72308427245585,0.028585696779085668,293.1635275523898,192364.96122322357,2.7141304781928855E8,136.35222838016406,33.874351778494436
272.1732503883333,131.467024393609,0.021122446496486938,293.1631070294803,195507.40624770182,1.389497866105829E8,275.181251472721,33.74962204135277
276.35491767490976,125.31066139173056,0.01777783961987556,293.16252956442855,199680.1683021592,5.790109195098493E7,688.998541885445,36.87617166307905
280.5542896432936,119.25968859353532,0.016362522603884922,293.16196762524623,219223.72225019083,3.0580275653900575E7,1572.439399548143,44.312990872382336
284.73448064624944,113.27439909788104,0.015632217192381035,293.1614777804654,253656.06166227013,2.1967389850355588E7,2929.3824961214464,52.82930973157892
287.0412190525855,101.0173392685696,0.014750455796877294,293.1607522843872,280258.72279051313,1.742149172045586E7,4508.778368844931,57.19665549371039
291.4729955561401,95.47057232800668,0.014305045855183815,293.1603321418135,311165.41219979635,2.318213176764689E7,4177.532534090103,56.68365179341726
289.04335716391284,107.17452798123412,0.015123814808536263,293.1610271695727,285448.67799503694,1.945112452914625E7,4189.173263227217,58.651397551979905
303.5556206492677,89.57526254615902,0.013288459091286772,293.15964775707977,332912.04194720706,5.0117720719914526E7,2212.4633100809856,52.17621484352666
299.9879351209645,95.44299465734164,0.014099001306218275,293.16010943566147,330112.5281117737,3.0726513147242684E7,3547.3217216398393,57.67766040275888
310.18703456218054,89.23118933399988,0.01284242235717251,293.1594202417065,273703.38596608094,5.5330921245848395E7,1353.9855237819022,48.92220756433315
315.83350599253805,84.3952739027012,0.010999289183712442,293.1588566572546,241266.59955939426,9.496358636303613E7,614.561020238598,44.473452563001445
323.14242071782945,82.40562017029387,0.009266226083440028,293.1584032154294,161317.10397309004,7.559191000810394E7,344.28488757770856,39.93065191252802
327.9714390782422,76.76964515109448,0.006502558271340859,293.1577016029659,138889.25440299508,5.070759179305087E7,380.8935086534838,39.64636586258649
335.3726228506408,72.93131166500872,0.00516177408642152,293.15707236192566,99565.4152686887,2.7861495656963322E7,355.95014098651444,36.634231599493745
341.99461141564535,69.08149959217212,0.004387982347624968,293.15652788713675,84126.17534711734,2.1055026770542122E7,336.2437899196196,39.17246910708915
348.3453860576676,65.02054314049579,0.0038630744592514474,293.15608141552894,77660.3695903828,1.8346286092671964E7,328.7775419134325,48.71881515241903
354.77989952691814,60.862737128645264,0.0035193800104028855,293.155736849352,72562.85269176569,1.682880353782292E7,312.96717699086145,61.88688735686785
361.4589040879711,56.790434460687294,0.0033578867841914544,293.1554580052259,66538.41002058415,1.6296377680435466E7,271.8039631535152,69.2734936643585
367.9686178643708,52.68330674472842,0.0032402052643528078,293.15517628406593,56097.59495741123,1.4353279552135125E7,219.31840912997913,62.96495475532725
374.25069666888567,48.31559733966414,0.003004850345641199,293.1548201018891,45391.762630376215,1.1404982108973308E7,180.7314379882434,47.92604888526566
380.6285071033314,44.17653660314878,0.0027247625768631687,293.1544037477037,38215.4880419947,9023758.24364301,161.91840182297904,35.10708263462033
387.0485315236627,40.16943986183443,0.002363381324600317,293.15395119667716,33623.777440585436,6956221.612697729,162.61543793472663,28.913995169771976
393.52313170341034,36.14975837304659,0.00194718353382977,293.15351092490374,27513.17445943157,4590862.684911628,164.99133014717447,26.43326323246663
399.9999999999999,32.10746676923077,0.001487284928198339,293.1531026854654,17730.530083660324,2107474.6972328015,149.29674739856148,24.31599017112859
239.99999999999997,195.74279395938473,0.09683095225247057,293.1544781715706,168114.9797020191,3.8947262012168795E7,725.6840662421536,38.15115412101904
236,202.22066397969232,0.0982058304361799,293.15240211618266,118875.48390850211,2.9587698165188998E7,477.61633029813584,32.26519254716998
231.99999999999991,208.69853399999997,0.10000000000000002,293.15,83451.07147054771,2.7133231373000816E7,256.66969823439786,25.90023814995999
244,189.26492393907714,0.09545669347953922,293.15637180034076,219651.11056986495,5.8026729171604134E7,831.5537048882289,41.19312432446815
248,182.78705391876952,0.09366868551464545,293.15814127774246,242636.84214970132,8.885423196912734E7,662.6198076956181,44.3930306717331
251.99982828619466,176.3095719242717,0.09074406924189272,293.1596855429938,242855.90331016478,1.4869088302859834E8,396.66869680633357,49.90595008273024
255.99899224198592,169.8341881867143,0.08524681730492435,293.1609549815525,230321.26022776053,2.611255811643435E8,203.28041770075183,52.4946883947915
259.99584432029343,163.36448083780982,0.07560850585792635,293.1620123832774,212373.87521102026,3.6450521502952486E8,123.73714539374866,46.52061258036195
263.9889088040123,156.90650225553904,0.06303606205725178,293.1628908603361,197670.6619661412,3.746705306717289E8,104.29064316113683,36.3945990485468
267.9829351892448,150.46998036524232,0.049831057581934284,293.16350349180215,189729.95038916395,3.5450851190244466E8,101.54219091872027,29.354726200293154
271.9943527364767,144.06966693343068,0.03704887386684125,293.16369133166063,189955.4758424959,3.33193895603103E8,108.29602722547713,26.78098087917877
276.04901663226053,137.72443887201632,0.026369644009921377,293.1634139857851,199964.24643158622,2.503647227048066E8,159.75486954341343,27.495789360302798
280.1567629472225,131.4470858414839,0.020129062307734372,293.1628407821392,206013.4718130758,1.1808039928825624E8,359.495193197369,31.617975927148905
284.2485536969008,125.26430284054297,0.01745595736381782,293.16223359613247,219427.26604233065,5.419206171843665E7,888.9903496547267,40.096084808472824
288.26210739056694,119.30027854352255,0.01627028626730358,293.1617165358925,244210.91813071453,3.2304445912285537E7,1846.8603587611567,49.85044938422589
291.80511684007473,113.50954545027177,0.015607340821582924,293.16128668202606,274638.02765723027,2.4676824893210605E7,3056.929614999924,57.007250448349645
295.6111202898815,102.39078066779435,0.014726886387187586,293.1606042573051,311843.86576759117,2.1989113135076772E7,4422.769446308226,61.00312565371075
295.1756517736109,108.91337432890109,0.015209116122798965,293.1609532795154,297608.15703510086,2.292436102717977E7,3863.629830953855,60.689573877466536
302.9770031037122,101.31140539720616,0.014558808507882728,293.1603523731084,283187.82231492957,2.3786608331802476E7,3371.570327229599,59.19821681568173
308.1698290372682,96.10015216361985,0.013961742417302995,293.1599198519029,252791.97566248645,2.892789370281387E7,2209.43787511924,53.851331014075654
315.6911403429736,92.70762170698778,0.013216394703455562,293.1594761891443,176901.04891617058,3.3140821865138873E7,944.3192662482121,45.448474039163386
322.64181158205986,88.7962642513863,0.011835042146618553,293.1589503999522,124689.90109976094,4.188208899239818E7,371.3399572399589,37.68656468316356
328.79714377387705,84.52161852663336,0.009752127090065912,293.1583674360092,94019.42816141802,4.4009393198395036E7,200.89291711827192,33.32481792472898
335.1437266965795,80.59566778574562,0.00802788377846139,293.1577823117655,79675.54474129503,3.7300704290533856E7,170.26077950251775,30.682228059092257
341.74258808761374,76.61911391357246,0.006958139843956845,293.1571959091945,77825.96428615962,3.631601982615973E7,166.86322955772926,31.422428426321233
348.2703115989478,72.70033508637711,0.006369259535772667,293.1566878442774,76972.66797671288,3.665839279776372E7,161.66965769234616,38.58253324763547
354.72470127037394,68.65353963474105,0.005973166419113042,293.1562917205133,73796.76699306862,3.544512188325972E7,153.69318123502657,53.6198556058413
361.1672067264492,64.52101746887188,0.005713050107322855,293.15599006155736,68817.76575823835,3.2673797832130473E7,144.98848535836635,70.11439181534223
367.7021334344173,60.46355757543477,0.005602106549708534,293.15573994361563,62623.74089429323,2.9074860773252916E7,134.8974634145126,73.28709317083543
374.20193722614727,56.348807069049585,0.0054303436553455155,293.1554820755852,53428.5926328241,2.3422903131569702E7,121.87971461386029,60.970379957428804
380.62286296619783,52.19651123011389,0.005063493355298634,293.15517122939923,45531.71471048804,1.814645842973545E7,114.24887510344637,43.445731451652044
387.06495067524895,48.16639932273368,0.0045081915686762996,293.1547935193091,40113.24946544033,1.4244503092261292E7,112.96450479584017,31.129444964708522
393.527341421525,44.158686182580134,0.003775817805192452,293.1543648573001,34008.43614091762,1.0249524598913716E7,112.84640230278535,25.051733875042533
399.9999999999999,40.13433346153845,0.0029008679513735105,293.1539317329039,26446.76511917893,6297184.763190527,111.08404131394768,22.55043754274674
248,195.74279395938473,0.0970947507579497,293.15448641232996,288944.787698164,5.846990741264401E7,1427.9107759790265,39.728052289103495
244,202.22066397969232,0.09839133868507645,293.1524319312557,234498.9076297117,5.079455940822369E7,1082.6030778019679,35.04945917714329
239.99999999999991,208.69853399999997,0.10000000000000002,293.15,168585.4348883227,4.858289283147341E7,585.0052417889965,28.441616740499995
252,189.26492393907714,0.09573395182849447,293.15634138904875,309704.2307267641,7.252196539524855E7,1322.7428239202372,41.408800467198766
256,182.78705391876952,0.09388296333620828,293.1580556137781,294402.3712434056,1.0025284616375892E8,864.6538851209644,42.14917390196266
259.999828055778,176.3095588952854,0.0906719479371657,293.15959260187145,267267.71965309494,1.657881863676374E8,430.87087788776313,41.91024221464102
263.99879985196446,169.8340130786407,0.08429967748365995,293.1609499073,234585.53430511118,2.884467905980982E8,190.89716355450037,38.22158746721715
267.99421483607483,163.36375795455248,0.07334601628468405,293.1621276239902,209255.7488100649,3.755700644049515E8,116.59290715352766,31.643849801430758
271.98443185366716,156.90514761755767,0.06010977348804806,293.16304030050804,193703.91879503056,3.6565241361032605E8,102.61614660086958,25.82840864248971
275.97518570850616,150.46836221756757,0.046876680588103854,293.1635434276263,188260.13374702097,3.4673628051783204E8,102.21679288069798,23.070818516437253
279.9810667556529,144.0650365266841,0.03448631388848308,293.1635421801404,190823.87425311914,3.1991977219248533E8,113.82196009529447,23.157706545094836
284.03463760094485,137.69531142444308,0.02484664886302863,293.16310474393407,204684.3274651393,2.2372311573014304E8,187.33940819740727,26.83552215960277
288.1776339636162,131.34226050405093,0.01959842277532342,293.16248902282433,213646.14797134497,1.0541188204654233E8,433.03974066080247,34.35676079170929
292.3148035652962,125.39261138813757,0.017403128671596848,293.16194055350957,227514.55671197097,5.450003605981987E7,949.9866997248619,43.717116642317556
295.9641002917858,119.15081530312366,0.016256162002271455,293.16146471231417,246927.42289307874,3.357141308745731E7,1816.5522987696424,52.471328459658444
297.7098379292916,113.30375588564216,0.01558829694181511,293.1611076900713,269296.36735588784,2.573710804388689E7,2817.930877373983,57.70027099136804
301.99857609343417,108.31176433248916,0.01515001765826635,293.1607365942472,259443.81208098665,2.1654067917321507E7,3108.9200349131524,59.13721888411528
309.05909422867177,104.34943687599662,0.014809332572253203,293.16034250126944,208260.88576852783,1.9851540523801215E7,2184.9722294489616,55.148610424106515
315.5284321508194,100.36000762492901,0.01439274271734421,293.15994692130613,143915.71387049678,1.797086999461386E7,1152.5888142108388,47.38968084257552
322.264141995089,96.5103655473938,0.013825902891645968,293.1595109859602,93410.2276681552,1.798412578191926E7,485.1842920738864,37.81623118904174
328.8204922814215,92.45371175872006,0.012910495415309945,293.1590109005552,67485.79145502238,2.2229756116683822E7,204.92621592476644,30.397290363776253
335.2187747698161,88.47523502817484,0.01180260881894847,293.1584760905209,61462.62526420292,2.972850337724303E7,127.1118258362866,26.2385158449715
341.6837828007208,84.49318121761445,0.010900021696965995,293.1579159219968,66235.19171533357,3.875779548249391E7,113.20066881145,25.254846661568223
348.1871970460102,80.4992874964409,0.010331458579164789,293.15736357185,71301.23968410015,4.5606739601301074E7,111.47538569756769,28.733017601191502
354.66838318074565,76.47577039069542,0.009945238913362619,293.15688814346703,73089.45758348798,4.838603405258966E7,110.40716344095517,39.166297249475065
361.1315746033085,72.40947631294956,0.009627327848543492,293.156527752838,72087.38389350574,4.7368000801038206E7,109.70959910587224,55.43691812699229
367.5961628990126,68.33170827204829,0.009317081752992028,293.1562552358251,67477.51812452287,4.221526864563946E7,107.85977806800908,67.75767595423461
374.087564536812,64.2673470332609,0.00895153178190261,293.1560226588088,60096.75205647732,3.447106836833774E7,104.77623081603652,66.4875623047527
380.5797478861998,60.166522491095435,0.008386447233147762,293.1557816846608,52574.83261627876,2.6933811036402088E7,102.62794467172166,52.227429435623485
387.05929720629325,56.1780833634933,0.007609281856231098,293.15550297275735,46569.130363072385,2.127156300094607E7,101.95406654836576,37.110339276787535
393.52875684364545,52.173812297288606,0.006558841517541609,293.15515751555,41210.70704941375,1.6655770336292593E7,101.9674377006845,27.476030816241746
399.9999999999999,48.16120015384615,0.005272009398186877,293.1547669229895,35867.97334631577,1.2622695627001127E7,101.92103223855992,22.782014724626396
256,195.74279395938476,0.09715321458528597,293.1544577815867,372427.83912857925,7.281913340903555E7,1904.7571730883385,40.46600831678446
252,202.22066397969232,0.09845659576608996,293.15243212072716,358499.14846114046,7.376428115482248E7,1742.3549687696375,36.55141988961589
247.99999999999994,208.69853399999997,0.10000000000000002,293.15,308144.92752287845,8.407840265858597E7,1129.3432767963975,30.295563851560015
260,189.26492393907716,0.09570507310815125,293.1562581690126,345977.4670136897,8.178936167839734E7,1463.7041511288155,41.43890357873597
263.99999999999994,182.78705391876954,0.09358570032215074,293.1579137994038,287316.7962631883,1.0681183843587275E8,772.970667899186,39.757631178012446
267.99967039788675,176.30947002690826,0.08961704229269073,293.1594627640846,245354.3236165334,1.818317343525999E8,331.11010474608264,35.43042387501297
271.9974927703157,169.83336757293208,0.08170090263620335,293.16090480136137,215829.52292078632,3.0600572614001507E8,152.2735567917632,29.401757649110696
275.98918162191814,163.3613971689771,0.06970436389458207,293.16212081706595,192518.27235623143,3.441658239782747E8,107.695397635807,24.28185323099032
279.97258427269776,156.9000584363831,0.05672676665117587,293.1629362451465,181425.3484396703,3.2514770161108965E8,101.23237586629601,21.74333991104676
283.9525570939278,150.4577307650972,0.04418176125819467,293.163264667125,181035.70281844525,3.174933755931038E8,103.229149316365,21.604648450414473
287.9399768447616,144.0368806618876,0.03271033744889124,293.163129330295,185879.24888424124,2.9087603615021896E8,118.7860666368148,23.416719082972147
291.95025933960244,137.61936084981588,0.024170603219049815,293.1626745602284,200267.1551067138,1.9983732193794617E8,200.77492553139405,28.44057187232383
295.9634622122772,131.1684956431891,0.019531886874304075,293.162130575977,206546.21749650242,9.848352439854348E7,433.2124476736688,36.269999537869474
300.05622883838345,124.27102969249856,0.01728661536924586,293.16160113902623,208003.0601054111,4.770923663563043E7,907.3027725947805,44.97412168308125
303.6057446475521,116.6332800134251,0.016041209996751817,293.16110196139476,215388.4234482464,2.73373257101533E7,1698.2339581647232,51.75028103681535
309.685797274565,111.95058327149094,0.015624564359889783,293.16069706949787,180008.31296787446,2.1459762641388964E7,1510.026695857524,50.54521608508818
315.81117720211677,108.170426700021,0.015389831177380306,293.16034143945126,130271.18348034755,1.7449887980427254E7,972.6394346066328,45.615251391038704
322.2130256207894,104.3313769355804,0.015214565997452885,293.1599668867386,89201.13349269074,1.5886421835150668E7,500.93542195632,38.03898866097802
328.693408825466,100.40928828029382,0.015114216984742747,293.15955726853866,61757.59627191895,1.69495602446432E7,225.04992445371542,30.039857458490427
335.1984757751985,96.39160520929666,0.01505109506790235,293.1591000463916,52704.831280082806,2.212697919888892E7,125.55450612804964,24.68883990087963
341.6690272910996,92.395625671039,0.014945670865331162,293.158607759331,58888.8724066979,3.272777050577881E7,105.9661308276601,22.660124590137865
348.14139560736885,88.3743093635468,0.014789739011141058,293.1580849150342,66134.89030192514,4.278036746649992E7,102.24161238936462,23.242680846805197
354.6167971656455,84.33392672383668,0.014606868975620748,293.1575693430838,70781.03979855204,4.940823320765028E7,101.40062693586036,27.7295980819373
361.09061060375296,80.29902198642105,0.014358008153480645,293.1571330030684,72528.68695380201,5.188402511313913E7,101.38860594871899,38.41167395877563
367.56928241804195,76.26462006964434,0.01396583991766337,293.15680225771916,70926.29473116544,4.964543811340892E7,101.3298244006448,51.36801652880632
374.05117870329514,72.23820280079741,0.013378350393623279,293.1565476803321,66352.88915240648,4.361086103483199E7,100.95474234086079,57.81851149372688
380.5398819865628,68.2019037445371,0.012543733536409052,293.1563248370085,60241.473264581495,3.6106364279744975E7,100.50968866061584,52.80490026453281
387.04204249666776,64.19885014261767,0.011458598402554141,293.1560956581887,54237.936064815185,2.9338170817977846E7,100.27060642565529,41.37280368419752
393.5244885313366,60.19499988155695,0.010091370989597214,293.1558245472842,48900.32519774162,2.3868548226982355E7,100.1838700952877,30.790807327203485
399.9999999999999,56.18806684615384,0.008455162005756295,293.155503532677,44256.10262799956,1.9548277896842454E7,100.1931651988446,24.246278380876806
263.99999999999994,195.74279395938478,0.09705507430208636,293.1544265607276,346134.05907303345,7.096218155735947E7,1688.3639151753011,40.26877117275159
260,202.22066397969235,0.09844515402327349,293.15242632065247,400743.8852280749,8.313862164008494E7,1931.6903969653597,36.89918887282034
255.99999999999994,208.69853399999994,0.10000000000000002,293.15,404060.1425029645,1.0891745565590428E8,1498.9755155020046,31.239898822280054
268,189.2649239390772,0.0953740935567845,293.15618160226404,283183.61462341645,7.620359549620043E7,1052.5247470676486,40.589778152742404
272,182.78705391876952,0.09264028496735748,293.15780545537467,233249.15300830535,1.1172234268661112E8,486.99530507304775,36.91400754931019
275.9989311989029,176.30909407798518,0.08721333486495075,293.1593666415295,204700.35521600523,2.0261706231757483E8,206.8880556563477,30.705963547650356
279.99377288018775,169.8316399959905,0.07757575361307595,293.16079751015695,182422.21916924903,2.803645878563375E8,118.70022669304059,24.98581125872133
283.978097883997,163.35607456275386,0.0656342429588216,293.16188852983015,169719.529323644,2.8144992560668594E8,102.34611017642773,22.174725196879788
287.9476658140282,156.88787245131002,0.05370761328811564,293.1625079620283,166038.26137759365,2.736680850201053E8,100.7385527322134,21.898175700588187
291.90350237015923,150.4311410647415,0.04232676182922388,293.16269524841687,168928.2304901411,2.7512789389986664E8,103.72406170390057,23.045728376546432
295.8481386426817,143.97901957359633,0.03206744099324827,293.1625568153667,174237.02414385582,2.5494724381133905E8,119.0824354203399,25.262634802738418
299.7624974293794,137.49962238682596,0.02441048459770466,293.16221176766953,185148.89638812208,1.837839669489304E8,186.59412756411191,29.558720894413785
303.5193501373858,130.88608903780573,0.019940104136507927,293.16178498351877,182119.18614751994,9.579219425603922E7,346.3228149837269,34.8524519838557
307.0219104734516,124.26979847059069,0.017702989052807355,293.16135674653714,172442.77023778335,4.86824237581395E7,610.8933364829846,40.035181270161864
310.35378429247305,118.56946659734558,0.016647825306027254,293.16098543859897,165452.39862639163,3.204677541399262E7,854.4267010010662,43.38981681694621
316.04147638344654,115.85032666136887,0.016623095188606583,293.1606859684243,130183.60758969151,2.7759085470777128E7,610.5530175233117,39.82833735602309
322.34709476440037,112.1811328828631,0.01669983177035216,293.160336615213,97547.55344937746,2.57358437656762E7,369.77884796733224,35.302254042728464
328.7459963396548,108.32987864313048,0.017089640872906195,293.15998019578404,73323.27929642655,2.6619811481820714E7,202.06935685309486,29.961789431730093
335.1764414143755,104.3855674008424,0.017790257417414967,293.15960712179657,59083.07139272526,2.7926474041122753E7,125.02267106421391,25.22480488409805
341.6521429018329,100.37284824599611,0.018507471644484463,293.15920265090455,58522.725752716506,3.2481142821463406E7,105.45088687172846,22.737616977321892
348.1285315436552,96.35450891083214,0.019017122593498605,293.15876077685647,63681.54259877586,4.005802160369813E7,101.23769464670032,21.919570937204895
354.6046874616617,92.32763554408542,0.019317527009481052,293.15828809270414,70003.42095319256,4.854946802242577E7,100.93803456035836,23.251402901326585
361.08655385364506,88.30070417931368,0.01938586323881855,293.157826223379,74617.55122626222,5.492368786259212E7,101.37398651754769,28.094430626367437
367.569266859929,84.28247600238674,0.019127809552779814,293.1574329513469,75660.90090235375,5.6486277776251554E7,101.34553905298289,36.20123892296147
374.0530808559466,80.26255369983207,0.018464073512786745,293.1571236095351,73333.69068455741,5.318620638101951E7,101.11457274971978,44.416643046699086
380.5390075559391,76.24360701653926,0.017403841574487152,293.1568744791219,68368.7354693783,4.645169646297446E7,100.62727600358907,46.07947309957024
387.0303985794385,72.22992510660194,0.016001375022207966,293.1566490637318,62525.631982702915,3.900591387572959E7,100.22728877064036,40.2595392459828
393.5185047414381,68.2215350415864,0.01430443655898178,293.15641084957275,57130.251785664,3.26191054878127E7,100.05995101974537,32.03268829516366
399.99999999999983,64.21493353846154,0.012334678761837905,293.1561342184548,52542.28251158487,2.760192346526621E7,100.01808265161527,25.46676822371738
271.99999999999994,195.74279395938478,0.09675830708888794,293.1544009194641,239691.5146038643,5.669496204694468E7,1013.3969775208187,37.174421254486454
268,202.22066397969235,0.09835724322435423,293.15241790323694,304228.665854585,6.709891359460244E7,1379.405383180783,34.6155943912459
263.9999999999999,208.69853399999997,0.10000000000000002,293.15,368858.69762760383,1.0220332253632551E8,1331.2361242620068,30.246086564520052
276,189.26492393907714,0.09456452643680169,293.1561392341022,193885.5956522126,6.955486408641483E7,540.5242091016313,36.53088092152151
279.9993983692583,182.78684773947842,0.09059674983453316,293.15776198803843,168433.58822656455,1.1904909990665585E8,238.3667768425687,31.966836423847838
283.9963540127984,176.30815837531347,0.08323108605033179,293.1592948620335,161723.52166477838,1.9805410202396956E8,132.06518222326085,26.589752209506795
287.9859102978243,169.82854240772133,0.07300918250467046,293.16057936934857,152783.71134139286,2.226521168711132E8,104.8446593429576,23.63930484182937
291.96021751222935,163.3481182038962,0.062159508222414527,293.161429201316,149194.13034170814,2.2145937607504532E8,100.51035039057594,23.925781316062356
295.90829476602,156.87039129362472,0.051603653002839416,293.1618516979851,150182.60028870392,2.2432447707610974E8,100.54618234357109,26.04737816591319
299.82393957498647,150.3952359265432,0.0415948890059768,293.16199033256845,153250.97026762948,2.2782219538877666E8,103.09097394251451,27.990479200180065
303.71128083182646,143.91915927995248,0.032649500722376636,293.1619463698293,156041.13100499005,2.1487004583728218E8,113.32404865330226,28.80862000818126
307.58377299571333,137.43489024854043,0.025756318976763375,293.16175070345156,159421.4823191464,1.686505889845186E8,150.73046636545234,29.52869885536322
311.05007945629166,130.9534679268974,0.02128645206941091,293.1614545441389,152510.9326842752,1.0344293376631863E8,225.03105945633305,30.99230565001883
315.5854230828433,124.09467579911802,0.018857481252330718,293.1610379301342,130577.8699621146,5.6397515031881824E7,302.49530346734224,32.75154701556798
322.4655816842812,120.13567471737468,0.019037184724161767,293.16064168550315,106805.20654947829,5.085006371792524E7,224.48353740153263,31.030952812396865
328.8509840880977,116.27875187183153,0.01967151750224663,293.16029101793987,84815.59495041805,4.620892557532543E7,155.74958698929228,29.62055798879999
335.2333022357842,112.36013780709126,0.020699099058484004,293.1599625289807,68397.46071447205,4.0219471690258205E7,116.33372149493631,28.16067797354398
341.67225740759244,108.38063224762966,0.021836439944861067,293.1596391271535,62797.22852194187,3.773467704078994E7,104.51531911600567,26.442034256635285
348.1395068297175,104.37190810156069,0.022856042882759466,293.1592934199626,64107.35349084889,4.032527197462227E7,101.91837933609044,24.2195262088001
354.60947046548426,100.35383362068075,0.0236965024300208,293.1589067325531,70115.20487264075,4.758428030549028E7,103.31772249420987,23.51521408353756
361.08830710915794,96.32978923532418,0.024270867128816848,293.15849445553323,77927.19617978217,5.655070164462158E7,107.38874516611394,25.254682247052212
367.56972849160525,92.30883147001474,0.024402126178891304,293.1580986118965,82946.0590876447,6.238303800051138E7,110.2896793349445,29.571478264687034
374.05504946821975,88.29321130412512,0.023937616708686202,293.157751566523,82723.05579767704,6.278121076878881E7,109.0037056541179,34.79979399746315
380.54066180460967,84.2769427550018,0.02284074558175886,293.15746149619787,78008.26654785797,5.791224569835829E7,105.08428119492352,37.72328967103163
387.0278336588488,80.26243053307583,0.02120036377228759,293.1572123689834,72055.1677475245,5.0696158975994684E7,102.41992876563222,35.970871900925715
393.51512881769895,76.25086321467475,0.01918243399727505,293.1569740721565,65825.6100735278,4.3002551752375E7,100.76342503236008,30.762033441125272
399.99999999999983,72.24180023076924,0.016881842587590602,293.1567119713002,60904.39623302969,3.703887394515056E7,100.14764460238432,25.39054658456997
279.99999999999994,195.74279395938476,0.09609328877164779,293.1543668581817,134025.65195453854,4.211394127950266E7,426.54500482366524,31.40390386172596
276,202.22066397969235,0.09815196520737429,293.1523876410588,175699.9009850051,4.463036958302626E7,691.7001591849299,30.23973804436642
271.99999999999994,208.69853399999997,0.10000000000000002,293.15,240570.889454382,7.162424185916506E7,808.028773363605,27.364829148520055
283.99999999999994,189.26492393907714,0.09284698127193008,293.1561243609129,128993.42614385924,7.171172799608271E7,232.0825126476145,30.000814460817164
287.99777011139605,182.78635485944812,0.08709647706023448,293.15775312634423,130424.52369924268,1.2526376119604923E8,135.80566269397195,26.87526610362744
291.98976190233924,176.306358827707,0.07873552964164136,293.1591898604868,130207.30485710067,1.593037069694265E8,106.43078152582335,24.98230249528487
295.97146421045636,169.82439076597302,0.06927870025357254,293.1602514783505,131173.51578371844,1.708474883978398E8,100.71438996098789,26.622140650750236
299.94294440396675,163.3388806495444,0.059752052394258674,293.160872687987,133202.62862861875,1.7727384500709677E8,100.08843747461499,31.85274823752685
303.85418669660316,156.85364275780444,0.050541571843771456,293.16119148296974,135039.52732099802,1.8172871426961708E8,100.3465055743178,37.65109641775416
307.71147139134064,150.36704059440788,0.04189955199098471,293.16135017740584,135969.9420807679,1.817475762467191E8,101.72429579409857,38.318827513324464
311.5397866483319,143.86275091509114,0.03421863840249358,293.1613974596149,135254.50536622418,1.7184165892332774E8,106.46468095987903,33.70333089138554
315.31234931967083,137.37419220837884,0.028094188638746884,293.161310165174,131967.90473401276,1.4464732498644933E8,120.41415734960113,29.39770147944398
317.60380230596957,131.596281194222,0.02377026218377547,293.1611601273889,128348.74392984403,1.1095879994459422E8,148.49201213492248,28.17462491716418
322.9488471146776,128.13788445391964,0.023401156687136267,293.16083968876416,110030.92861680708,8.876786361090857E7,136.40632356736037,27.99277699592717
329.13303447060434,124.18169547952039,0.023622879819096953,293.16048193098555,89465.2186590291,6.734574296966791E7,118.86668294201682,30.15090556104033
335.39386615896416,120.29590674900065,0.02435179381102148,293.16016687041343,74097.79997178634,5.1235503882552885E7,107.17536675459066,34.010559720585086
341.74947914322274,116.36197440620433,0.025310424836324702,293.1598939533988,65355.456946311315,4.154830048417749E7,102.81135543096319,36.3315317227624
348.17657569599805,112.37957482772968,0.026389938486915104,293.1596317996111,63641.63437283019,3.918169114748189E7,103.37691399239993,34.00487957206701
354.62126941844275,108.37919935336453,0.02751406470493514,293.1593418074178,68649.16541921052,4.293816005564164E7,109.76356832281435,29.477770804504505
361.0924767842904,104.35900197910769,0.028490928097877916,293.15900824276747,78897.7726799076,4.940380164877499E7,126.01047753148204,27.52404651585562
367.572833168866,100.33800007262307,0.029037289526821383,293.1586627389319,89144.93392855395,5.4438808045527786E7,146.00245074896654,29.421899030614338
374.0564810657313,96.3218030018081,0.028978180155988634,293.15833872276744,94268.10240502136,5.776785354301865E7,153.8631588728825,32.25154392850612
380.54151593156803,92.30683016572624,0.02823320821018499,293.1580448930526,91972.48568141331,5.948181154921902E7,142.23954425279314,33.43267737828338
387.0276345174303,88.2926893957053,0.026740159084395167,293.1577801112912,83749.50655683728,5.78844654392362E7,121.17913964736148,31.733582142585224
393.514100011963,84.27988740453702,0.02460117738528621,293.1575332918041,74818.53034489737,5.241993017877841E7,106.80081135321109,28.248229992409083
399.9999999999999,80.26866692307692,0.022045647250176315,293.1572747331358,69282.29490244263,4.71247784141584E7,101.86811224751291,24.421782804412413
288,195.74279395938473,0.09473109965187969,293.1543301387192,88750.75329486588,4.270479255648587E7,184.47588495887524,25.909351458141945
283.99999999999994,202.22066397969235,0.09771875282924959,293.15232971608924,92021.82326282328,3.0527059764775813E7,277.4096453143063,25.513250064425804
279.99999999999994,208.69853399999997,0.10000000000000002,293.15,119641.8440258276,4.053645804165725E7,353.12461602200324,24.067295683300035
291.99999999999994,189.26492393907714,0.08999245539691851,293.15613323510973,97340.50137952989,7.492589906416273E7,126.46401326418099,25.31938635846559
295.9929314948655,182.78507201840037,0.08320981413170854,293.1577505247774,105969.94090637394,1.0668963493085857E8,105.2596766573209,25.110477415047423
299.97776498606197,176.30392171764345,0.07519155412965649,293.1590534830838,113122.88962191496,1.2711318498807703E8,100.67604566529907,28.121078708567428
303.9510540652212,169.82112382822595,0.0667639434224575,293.1599148659902,118191.5623929827,1.3958278370563662E8,100.08041023604352,37.26909189120477
307.89569856817707,163.33434610665847,0.05838151029688237,293.1604063295327,120793.98173216316,1.4587536912921983E8,100.02635554347307,49.381663921553525
311.74149628725223,156.85471946572216,0.05034573775849955,293.1606941813697,121320.96852009586,1.4696032388248613E8,100.15606863203728,54.70976452574724
315.58542363369673,150.34652095807564,0.042879245469868744,293.1608701551352,119456.78534019236,1.4179075803488103E8,100.64177724815335,49.168486552288364
319.2990743099561,143.76295733406525,0.03622780310434692,293.1609542588764,115380.49473577652,1.3030608849572416E8,102.16826419126363,37.29875905115051
323.14696193133597,136.50929469306223,0.030251892738042775,293.16089026538936,108668.53294332148,1.1018663190048048E8,107.18174354277016,29.758892757431063
329.6537087649928,131.91951171654873,0.02906648065897254,293.1605499490754,90809.83805464131,7.888430476290067E7,104.54414028791656,32.033350439133805
335.6648371065517,128.15723812427743,0.028930351244475818,293.16025736693524,76357.49197289489,5.707827065801559E7,102.1521867708682,40.88973046399667
341.9103304691872,124.2898188892232,0.02917916814432509,293.16001219292053,65115.44339000573,4.1770524779308565E7,101.51071392543575,50.67986069488084
348.2552430979156,120.36362121911758,0.02977347425705235,293.1598019151447,59598.75375406615,3.390216752744392E7,104.77892630694032,51.99422648184393
354.6541381198856,116.39655050131489,0.03067633365907657,293.15958957666857,62003.078678866215,3.236321401600534E7,118.79995971732195,44.673610314858486
361.1039270195345,112.38986281356917,0.031609303452403543,293.1593403116323,74872.05708923946,3.410252273000178E7,164.4424484604401,36.01709462152484
367.5776366588274,108.36898742198144,0.032197130244785564,293.1590568028652,90479.07084824888,3.441329482687836E7,237.97095580837458,33.46973721243439
374.0587104551618,104.35055738454277,0.03233914275155363,293.1587800199473,99644.28286158752,3.4263074846893735E7,289.8472856944987,34.8308413597593
380.54241379483614,100.33519121285252,0.032048493539487626,293.1585259156631,103806.65084771818,3.7307699632376485E7,288.92225491140493,34.570965157055184
387.02781222661105,96.32123778059065,0.03123601323549172,293.1582864885242,97899.97876711156,4.228162223830551E7,226.79146707096606,31.18072251848474
393.51392730588736,92.30802055513425,0.029716824277113942,293.15805389733583,86076.30203256442,4.735654153656001E7,156.53226332954497,26.911084189881
399.9999999999999,88.29553361538461,0.02743879637034528,293.15781317726254,75708.58724189021,4.927516185721352E7,116.33363083237403,23.389507489636117
295.99852511767705,195.74207785827193,0.09274077139665914,293.1543278973132,73746.55206561199,4.838484954238062E7,112.40412523983082,23.090419443087935
291.99999999999994,202.22066397969235,0.09692828354094273,293.15228014297617,64657.801615011296,3.0845608034818057E7,135.5457439999116,22.543049935874237
287.99999999999994,208.69853399999994,0.10000000000000002,293.15,69775.78256714933,2.9422082871883933E7,165.482324415601,21.832006694380027
299.99436308784686,189.26297619663058,0.08708431845839769,293.15617690445356,86710.04097396311,7.3168638213387E7,102.76038717851854,24.101678914296414
303.98260787290246,182.7825903188713,0.08028186142623207,293.1577571760276,98086.59976360157,9.566352360859567E7,100.57521092273468,27.692719394525877
307.9622549328729,176.30193270384817,0.07286717776848374,293.15892134392294,105452.71230410051,1.1112570530532043E8,100.07212682648577,37.16560520467771
311.914858739892,169.82265007045234,0.06526561260141045,293.1596450664029,109546.02722301043,1.1999817659936672E8,100.00608739743564,53.12041778449156
315.76986272029785,163.3505071418263,0.05779354802408305,293.1600756601217,110822.08947290927,1.2280772123968937E8,100.00770855726888,67.09471934649319
319.59584055046264,156.88537392512626,0.05069239188803986,293.1603480939471,109402.3862573214,1.1963596651418741E8,100.04551815334308,66.29136092893187
323.3129074633825,150.45792385924258,0.04422560008002239,293.16052088183,105368.71980712588,1.1083501991152911E8,100.17291067338773,52.04020231484565
326.89701686331864,144.02706137054108,0.03854851110815705,293.16058760794937,98967.16362129983,9.749285708831222E7,100.46500058612743,38.482926894666896
330.20086847824535,138.55004363664165,0.03457272154056249,293.1605192957583,90870.71517935052,8.18553927266657E7,100.87949866258677,34.81668337606197
335.85670811092683,136.02447349833943,0.034323474480784606,293.16028026251973,78948.61235070157,6.203062972640625E7,100.48096562826619,43.237647350315676
342.0713110136247,132.20448820567063,0.03358329166612728,293.1600578158264,65894.06754162822,4.306157529967669E7,100.83361712235704,58.82373947271077
348.3698826010543,128.3215371815892,0.03325712722406166,293.15987542111975,55224.49412424272,2.909798326513311E7,104.81455776562167,69.98081089746375
354.71605125583756,124.39642569392402,0.03339211988955146,293.15970876627074,51576.30509048389,2.1433199458418757E7,124.12737550393526,65.90089451808738
361.13204924119236,120.41415600742842,0.03379733739029963,293.1595264319435,62458.79965322034,1.944974491364708E7,200.62835206471985,50.62369805430205
367.58765131403237,116.40185597048969,0.03409235138085028,293.15930872739244,83334.91586976855,1.896791003969064E7,366.15071365388434,40.33407736155825
374.0629638565465,112.38080974947177,0.03415891977206969,293.1590775402704,106173.88916075404,1.9789342170626212E7,569.659618974832,38.52040401644576
380.54400464308884,108.36369739528921,0.034023248118761514,293.1588651726584,118361.63436277963,2.102760882838147E7,666.2820350502916,38.59582273966095
387.0282170925672,104.3490117769748,0.03366475802614282,293.1586695698832,109448.09829855843,2.1913104519760028E7,546.7382750478572,34.51053781655156
393.5139461089061,100.33547753569155,0.032966194216027624,293.15847743151966,94666.28945266858,2.5406995785270084E7,352.793306208135,28.360575313554364
399.9999999999999,96.32240030769229,0.031702613398205605,293.1582783219047,78183.38634058418,3.092339915646218E7,197.75783066875738,23.56872626628807
303.9951228477717,195.74053761749602,0.09096602764182883,293.1543760243422,77185.40040606576,5.8782320429663785E7,101.35094819741107,22.787363770604983
299.9991723395159,202.22018177351313,0.09598540887722895,293.15227902673047,65790.23773039911,4.174055648682157E7,103.69752162217777,21.473574664614244
295.99999999999994,208.69853399999997,0.10000000000000002,293.15,60402.52900502499,3.328548372596554E7,109.6128223076001,20.793197238580007
307.98400873958974,189.25958976239494,0.08500908741011494,293.15623879488686,87827.83178076088,7.691252993965553E7,100.29505177110708,25.453796808867363
311.9636258907257,182.77787159643174,0.07839732939941213,293.1577474995843,95926.90360793646,9.198663214065051E7,100.03849410608603,32.27203153832105
315.9367783731006,176.2974004878279,0.07144761333239395,293.1587880136652,100977.04882853165,1.0196229601004381E8,100.00313219427646,46.15562943355365
319.80735411137636,169.8342788641254,0.06446305272518747,293.1594295644407,103178.49174775633,1.0645908197587006E8,100.00041457074803,63.31447752908945
323.61505721789297,163.3905146592034,0.05766876711636288,293.15982923465737,102694.25614174223,1.0546046682693474E8,100.00186185818005,69.87739958237574
327.30546012356,156.9915877144831,0.051292549229223196,293.1600925576086,99606.47082514741,9.920552764069915E7,100.01015851470915,60.83907482455239
330.919513304105,150.70795261524947,0.045579664490392614,293.160246226058,93941.01137458254,8.822286353818351E7,100.03053956696823,46.85476374409887
335.25273711796,144.12734239957382,0.04047509533311302,293.16025298783956,84503.92710741123,7.136104107010496E7,100.06810577215084,40.990966824045294
342.1642980292104,140.13226156925532,0.038665610497775664,293.1600547011176,70837.69276919065,4.998610132126057E7,100.38755825227481,54.25205658061332
348.4790339337992,136.28644782568995,0.0372280935325136,293.1598957871843,57703.63436378614,3.2258484102273747E7,103.22119571683622,70.95724933934706
354.8197668710877,132.36208633903806,0.03618381538140625,293.15975598022834,46964.24698229175,1.8435269295029033E7,119.65098104244395,76.72958578050385
361.1790719001103,128.42698395438825,0.03565092328487388,293.1596160319172,50507.58941565225,1.2568421861299196E7,202.97876207046522,64.95241751009928
367.61092056583584,124.42948459292545,0.03542671257602014,293.1594544083525,72285.09178271524,1.1887956464120708E7,439.6322031583582,49.02935013282269
374.07184564104773,120.41302397044632,0.03527596664305233,293.1592713400634,104071.62295564318,1.3055791622618062E7,829.675753279413,41.516310150460235
380.54756216627953,116.39343134760179,0.03510579513331908,293.15909400775666,131299.47799604663,1.4475497680751203E7,1191.0620574969037,40.91808337101136
387.02927956282224,112.37716560806945,0.03487353728178356,293.158935360906,134037.33847269826,1.491594976536309E7,1204.6633120573645,38.45357118198465
393.51408895205594,108.36271868403185,0.03452282545898811,293.15878630009024,110928.58166058057,1.4352867280332193E7,857.5389870824503,32.095574557923385
399.99999999999983,104.34926699999998,0.03394456745382197,293.1586362977486,78521.13310848379,1.3880696444128552E7,444.3679110070027,25.423893161200112
311.98784059292103,195.7375452371517,0.08974408311539507,293.154427703437,83030.45214899372,6.887900818205579E7,100.0903613957888,23.26455108696662
307.9972540701771,202.219171134081,0.09522795193264644,293.15231206575345,75171.7382997219,5.628581738997205E7,100.39474532831288,21.514335805029834
303.9999999999999,208.69853399999997,0.10000000000000002,293.15,68752.05863293014,4.677960875909936E7,101.04506646040004,20.5914628373
315.967745089836,189.25414636752302,0.08367596059174477,293.1562554543356,90042.88013336429,8.10680510517541E7,100.01270440302352,26.816418031877458
319.9366007396199,182.76974671579555,0.07722106392366236,293.1576723380227,95108.26048188983,9.045593625006819E7,100.00117339827968,34.979889140787115
323.8652836397331,176.29089984593296,0.07059911675990403,293.1586263996887,97873.61382374675,9.579336759184961E7,100.00015093191949,46.994455075854425
327.6813891908224,169.8502913526975,0.06404278904035636,293.1592289363998,98285.21315124391,9.660073620798777E7,100.0000601328954,56.46674694036859
331.34597871818,163.42079349771652,0.05769730855250064,293.15962379983233,96334.67133294465,9.280421362213945E7,100.00040228027882,55.897187479211105
335.0034338030392,157.08134538637478,0.051796550224578346,293.1598809562625,91806.47034372999,8.428299419282149E7,100.00255374602239,46.109400542996944
337.3135878971692,151.37432151023432,0.04685101611760721,293.1600350389594,86460.3422478914,7.473979037374404E7,100.01928839397802,41.63500871430517
342.5842800442295,147.9719924527727,0.04445363550015103,293.159966652332,78004.56312261592,6.0757790986375816E7,100.14757967268105,43.33590631578327
348.7424830316601,144.17733641601683,0.04199970353928626,293.1598589369603,67224.0305165138,4.4550032752430655E7,101.4382534510264,55.637812062115735
354.9614578110747,140.29294672579786,0.03969791445131287,293.15975098685203,56814.64657973891,2.9141334126525696E7,110.76903678736197,67.30294520309575
361.24800575040825,136.41966823123653,0.03786904229551618,293.1596414943305,55311.51358315212,1.816793192800526E7,168.40540842635224,64.95073336996052
367.64714967105607,132.44998250675437,0.0367770001394396,293.1595198343703,68615.97431405699,1.2631861875614924E7,372.7513776353126,53.6590662729546
374.08949543600664,128.4426836469378,0.03622893834236249,293.1593824084021,101069.17860837038,1.2167507330607159E7,839.5988415986925,44.12124591066554
380.55534076007274,124.42429973159841,0.03590192142087684,293.15924197022144,139893.2217138156,1.3144703247325817E7,1488.88169935089,41.40812450627808
387.031966289152,120.40639230962834,0.03564211860193101,293.15911420212086,152325.2068006232,1.2784123886549294E7,1815.0740245623495,40.227253667513416
393.5146596625494,116.39038001416861,0.03537517242578548,293.15899952473364,131711.50933398923,1.1127841101690704E7,1559.1292188606976,35.407746453230125
399.9999999999999,112.37613369230768,0.03503440497126433,293.15889182557896,92761.52928531152,9046026.371604234,951.41381916335,28.37713738996628
319.97492305482257,195.73280593257186,0.08894790428526834,293.1544171314434,87475.35861225787,7.651775093614493E7,100.00263576526699,23.44369676417079
315.99309904371825,202.21729753811155,0.09470886736874762,293.1523321228297,82426.21178572268,6.792938222860806E7,100.01698506731215,21.64943940422398
311.99999999999994,208.69853399999997,0.10000000000000002,293.15,77795.3921567649,6.047899851793856E7,100.06983288739998,20.640740816520005
323.9495250202194,189.24634321128553,0.08282158737355273,293.1561683031892,91758.2721698952,8.419589988212067E7,100.00056123385458,26.537162722039223
327.8808671863377,182.76197189486066,0.0764738627339887,293.1574996684483,94597.782432032,8.948796894169794E7,100.00005398529801,32.25356294199502
331.7438796820028,176.2869358024103,0.07005917905702401,293.1584105098163,95665.37863898762,9.151923079556693E7,100.00000675698446,38.671527511195706
335.4338102145072,169.8622199524998,0.06376126632833838,293.15901288869236,94796.89532983421,8.986502564137691E7,100.00006719545115,41.057111816190236
339.03672175925857,163.34880192104058,0.057576946609922075,293.15943010957193,91751.52044213384,8.418280231660773E7,100.00150149845119,38.013758647725574
342.8254598792923,156.21724395907313,0.05120211877124069,293.15972374717154,85501.93595812363,7.308162881000255E7,100.0344467837588,35.30594103483936
349.207114310085,151.80344886248253,0.047475877662258505,293.1597219032087,77747.3521562697,6.015085018880934E7,100.4924546014347,38.45583015875979
355.19077645640533,148.0851025678805,0.04432470596824862,293.15967175956257,71680.70373400273,4.932912679309487E7,104.16101569335994,46.34419378754154
361.37998378371867,144.32788105329772,0.041215217719710213,293.1596019350111,71354.7951812432,3.9230416195602894E7,129.79122501101145,50.99555009356621
367.6843608334677,140.46811588669578,0.038777163439766414,293.15951719677895,81237.86886034353,2.6912779713962983E7,245.24545813886292,49.02599528971417
374.1192887244793,136.46348616339552,0.03741887015873451,293.15941930914005,104188.37648915449,1.8611869804053824E7,583.2749266216555,44.140681549476874
380.5687154231685,132.45403944451263,0.03673736030200147,293.1593182882785,138429.69449880387,1.583906759370297E7,1209.99815916294,41.473082623065686
387.0378037787188,128.4362706844878,0.03632910510280812,293.15922348697245,161176.8854807375,1.4150963335142493E7,1835.9030711972562,40.08016792518277
393.5161829878661,124.41888680610657,0.03602094821634022,293.15913887492576,149929.9615528082,1.1486854837237753E7,1956.9497241088786,36.72454907835192
399.99999999999983,120.40300038461534,0.035726995510606145,293.15906465692166,106957.71301562026,8046311.6736653345,1421.835533816423,30.616927717990905
327.9543531651041,195.7259226857307,0.08842177948845843,293.15431056785604,90492.30597147642,8.18886661371468E7,100.00012364935718,22.753292653688103
323.98554283281936,202.21423291169492,0.09436465634527776,293.1523046765014,87358.12633357977,7.631393037276365E7,100.00073816362715,21.52903818436957
319.99999999999994,208.69853399999997,0.10000000000000002,293.15,84329.86628374331,7.11138634087867E7,100.001974368,20.673133836300003
331.91267730531155,189.23809409900116,0.0822491112004412,293.1559622905829,92998.48832074097,8.648745250817339E7,100.00001151843344,24.465063036902123
335.80932472035323,182.75606825729648,0.07594902801074449,293.15722327673376,94400.06144473945,8.911400967311479E7,100.00000165336884,26.90325572517845
339.48963776672224,176.31464805887126,0.06966257660196008,293.1581237928645,94427.4423540981,8.916567198751272E7,100.00003381656921,28.621689131748905
343.05516126912744,169.9315983029491,0.06349579763932321,293.1587553882273,92888.92908659378,8.6282989462394E7,100.00094298505337,28.62572371097153
346.55576829401616,163.57949417905616,0.05751344204928193,293.1592059096484,89504.77420375956,8.009740302246644E7,100.01733531985907,27.548733683243814
349.8405902500153,158.22265372557115,0.05263947763784684,293.15945918098294,84911.81780257678,7.199858576509003E7,100.14161257971716,28.93952471299329
355.36002648325206,155.7242125785815,0.050019622633926,293.1594476242354,83241.07018430268,6.853568542650954E7,101.10410155957636,30.748299514404724
361.49501699118406,152.1793808029051,0.04622258359875021,293.15944765733906,85103.89719036738,6.638836923689553E7,109.09816524127591,34.754955816435455
367.7881146278054,148.3780741359239,0.04231046110328792,293.1594232683174,93808.49282731663,5.851886512022918E7,150.4040466613577,37.906793325626786
374.1570231453057,144.46732893393116,0.03948562651616264,293.1593762462167,109390.00169023221,3.955428578520171E7,302.5712247065139,39.722669833235386
380.5914952711975,140.47611203321716,0.03797756703144899,293.1593198515529,136283.53160772045,2.6987246605778575E7,688.3207635371464,40.15870005738981
387.0472881727717,136.46605614929615,0.03719068212691239,293.1592641782008,156521.5274148218,1.9911115788227018E7,1230.752349940691,38.98904251511601
393.51943098040323,132.44786703796908,0.03670999226783945,293.1592130098845,150068.73118834416,1.4228237283064878E7,1583.149895150949,35.77867496214258
399.9999999999999,128.42986707692307,0.03635194219415704,293.15917015041924,115396.74941913552,9261550.545700766,1437.951938059857,30.838702757609116
335.922905905296,195.7140591858932,0.08804674065215655,293.15412400825943,92674.92295362485,8.58864988500554E7,100.00000146171054,21.617791783197422
331.9739579766953,202.2088478914479,0.09412856124709817,293.15222553810753,90715.43968490511,8.229293272374427E7,100.00001521065202,21.082506166539673
327.99999999999994,208.69853399999997,0.10000000000000002,293.15,88725.7728330843,7.872255581773846E7,100.00009415139999,20.560694136540004
339.8516688406657,189.22474850144715,0.08181344507305711,293.1556729451184,94129.51271687938,8.860376412741233E7,100.00000027532009,22.079882696558375
343.6149065544944,182.74982946329132,0.07550563125903655,293.1568792489552,94755.42024032139,8.978599662904216E7,100.000013983426,22.70249606521642
347.0896590357606,176.31337040808197,0.06921780765162712,293.15779318635396,94369.85487751651,8.905637196331541E7,100.00047320063995,23.001895123004974
350.3774610687173,170.01655770868774,0.06310103335702043,293.1584743333379,92859.67869511421,8.622300075132467E7,100.00724271302904,22.766318632412652
354.764550532431,163.68407782826077,0.056917238484958554,293.15895699610206,90394.72720367419,8.160896807400073E7,100.1277855443842,23.388987312789347
361.5354414798955,159.91880980960852,0.05258174755909404,293.15906671771944,92234.09649186354,8.366889946783338E7,101.67894519015937,25.094860951233922
367.8834290965126,156.25073959149037,0.048026314690564946,293.15915036096334,100495.69363028255,9.000233631031986E7,112.21533973552256,28.232395514375586
374.22181074802916,152.43165716210083,0.04357756473793583,293.1592020207391,115115.66656131939,8.358409032124147E7,158.58370261705454,32.05193224530459
380.6100556126441,148.50201505264303,0.04042391445586346,293.15922103512975,129396.36983400572,5.647286417094175E7,296.5501753867148,35.5467572966875
387.05997600427145,144.49558440339658,0.03868406461064835,293.15922174800266,142593.8480671956,3.5625529880603306E7,570.9067055829302,36.233171282800576
393.52414931350773,140.47792723676125,0.037733465120830534,293.1592151079612,142417.81284051394,2.2939896671797186E7,884.5610187397987,33.55069090185315
399.99999999999983,136.45673376923074,0.037140888645847886,293.1592096744329,113494.81038352638,1.3258511382073415E7,971.9387618969295,29.23679450857182
343.8682358307085,195.68644517330912,0.08773224583109783,293.1539084108031,94524.86019230245,8.934952116261755E7,100.00000007757353,20.731424968424168
339.9636409231147,202.19835618683024,0.09394839405439676,293.1521176672208,93212.33091855433,8.688540044020528E7,100.00000012423244,20.55225428388584
335.99999999999994,208.69853399999997,0.10000000000000002,293.15,91808.43550836625,8.428788840207757E7,100.00000111059997,20.349746364759998
347.74017275720144,189.17272603518984,0.08138977387994951,293.15536891958124,95479.01878556538,9.11624577787295E7,100.0000024531429,20.924794879198533
351.3772447024592,182.66678273159576,0.07497425965158293,293.15653482334073,95890.14639109204,9.194909124769823E7,100.00014602526797,21.102889901459733
354.28932206314164,176.12765160432562,0.06852255101671957,293.15749833697345,95557.75392492262,9.131009704666793E7,100.00302893759205,21.18029937340185
356.5103052178268,170.46315392945274,0.06295719113428029,293.15818847099337,94610.05278903908,8.948066552369988E7,100.03362909706334,21.447081313213406
361.724112019315,167.51066575410073,0.059541886495763814,293.1583614305355,96248.4686976373,9.240111102645047E7,100.25708172302934,21.839287903831153
367.98551375667876,164.16378230231265,0.05530573683343581,293.1585490090784,101119.49982521012,1.0065267359951921E8,101.59066188123997,23.023181755696005
374.2812807520983,160.4189741212425,0.05036201527322304,293.1587600258404,111585.43693031596,1.1279319652008922E8,110.39386748309711,25.696872457660152
380.6355745072933,156.53038402686076,0.045542379932611,293.1589304621034,126691.4793937878,1.1021909285484624E8,145.65864497428194,28.94487954522762
387.07783773730375,152.52480720583793,0.04193026844550121,293.1590443178531,136887.3181335544,8.041046998659235E7,233.16941474910757,30.853799142714024
393.52722471920754,148.51404208417495,0.03978908804932885,293.1591150186169,130710.68005131271,4.7310565724290065E7,361.21396737159745,29.968058402314977
399.99999999999983,144.48360046153843,0.038525961760538144,293.15916642035955,107639.6739252506,2.502714117497993E7,463.2395988047203,26.88501511522428
351.7901693337467,195.63029746639324,0.08741450146148212,293.15370976517966,96377.11234039,9.288548148800524E7,100.00000052628467,20.797707259814473
347.92975405865633,202.17682286692886,0.09378543716577815,293.1520134699809,95333.05153373683,9.088391073314463E7,100.00000001095316,20.38384099182505
343.9999999999999,208.69853399999997,0.10000000000000002,293.15,94212.28106130728,8.87595393493306E7,100.000000021,20.18338402132
355.60720779672926,189.05202175412165,0.08089244739908284,293.15509425113646,97251.89026351228,9.457928634626986E7,100.00001812383783,21.396555696538936
358.9817553277202,182.32920217073942,0.07414321117513782,293.15625938383124,97853.60597401574,9.575234667491852E7,100.00098091821827,21.820502593110422
361.3921816212299,174.9754628535345,0.06676759741749953,293.1573740451313,97910.89287498976,9.584618787000602E7,100.0201554379132,21.557184347293017
368.1344075992547,172.44898209454308,0.06350391186840211,293.15750735574414,101547.38289846883,1.0294263576940079E8,100.17137294994815,22.67877935822976
374.3544924194195,168.4343585739904,0.05852226119953064,293.1579058301749,107266.1117870999,1.1374616057850172E8,101.15716590740874,23.416085013077588
380.68756020427503,164.55411211505708,0.05342305626547995,293.1582751685564,115866.98591394747,1.2686596973903064E8,105.82694166077995,24.51016903664203
387.09824732633194,160.55935634757958,0.04843488333323734,293.1585942973065,126127.81679036257,1.2897686390837403E8,123.34541897884651,25.673214938599298
393.5387883353205,156.54468493000343,0.04442278711283784,293.1588248983779,129598.54695297948,1.0466350121591598E8,160.54809831797107,25.715498228313976
399.99999999999994,152.51046715384615,0.04162230954544309,293.15898758491556,114269.4348759813,6.440258055495459E7,202.8569194702171,24.25797390436743
359.7099543556224,195.54853260791648,0.08706962175062859,293.1535454468498,98390.2284936481,9.68063699462769E7,100.00000305627269,22.615549451066716
355.8826303996479,202.1446490819189,0.09362011079800046,293.15193419116946,97363.75887776677,9.479701556716369E7,100.00000006380338,21.08526179073908
351.99999999999994,208.69853399999997,0.10000000000000002,293.15,96340.97321242845,9.281583123749234E7,100.0000000004,20.326142202659998
363.5115694019066,188.80936684351238,0.08024466177068014,293.15487030639684,99483.3175021562,9.896923106121661E7,100.00010311798407,24.679004885567398
367.6280071226074,181.2820851845651,0.07244598962049875,293.1561021611206,101050.65713317278,1.0210518459773579E8,100.00711968033035,25.18187722631765
374.29831596567226,176.44500193755613,0.06689405319911518,293.1567067720561,104790.70302171621,1.0970279394724828E8,100.09860946500368,26.082026297774522
380.7403611970749,172.57431565983066,0.06211886298315528,293.15719673053695,109977.51269756723,1.201978631056381E8,100.62693710043386,25.50618416942362
387.14178208460265,168.5827718947469,0.05711019954906225,293.1577178911761,115888.77834080537,1.3108663543237744E8,102.457953581121,23.986137989459152
393.559062551629,164.56940288632128,0.05226899934599475,293.15818053778656,119768.54089713324,1.3319565361865078E8,107.70289066927144,23.007871856012386
399.9999999999999,160.53733384615384,0.04797479212428591,293.15854398215447,118365.83640138844,1.1869443611431932E8,118.04368662553236,22.17218856470183
367.60544530027056,195.54278397956966,0.08679733315572201,293.153403166367,100528.68935083011,1.0106017271129914E8,100.00001371671016,27.790096118711947
363.85290084617725,202.1129721392602,0.09345558936858517,293.15188611636523,99406.41608564224,9.881635668851717E7,100.00000033408195,23.790059040811613
359.9999999999999,208.69853399999997,0.10000000000000002,293.15,98392.66580752649,9.681116686162795E7,100.00000000199998,21.178702930099984
371.4521434289382,189.03823491244538,0.0800581305738442,293.1546110523496,101991.74037763815,1.0402286682974154E8,100.00033017585707,31.03182781421773
374.8796434476078,183.17162243750965,0.07383193521827165,293.1555674708301,103813.76468475176,1.0776458218049812E8,100.00783278862708,30.83822294335775
380.96647420990683,180.58192972800464,0.07069976790218974,293.15589504899657,106641.81378194096,1.1368405347083324E8,100.03592296111191,31.28840453261651
387.19771909105816,176.61292824649252,0.06601861781096646,293.1564981838862,110232.35831238456,1.2124977433321168E8,100.21626560894354,27.83211129769876
393.5831585336988,172.6042337629614,0.06127347091866097,293.15712384482885,113725.66421417579,1.282871870614844E8,100.81834537056791,23.979864231275158
399.9999999999999,168.5642005384615,0.05662912153646756,293.1576971272977,115580.02137068211,1.3109346806693678E8,101.90881129899942,21.606049106362548
375.3326681700973,195.63481740145414,0.08664556484359899,293.15328974535413,102555.49547724362,1.0517627489781524E8,100.00003504705101,34.6548804581744
371.76110998241774,202.11840384832576,0.09333371509159048,293.1518558466368,101375.90730753209,1.0277074845997973E8,100.00000112261831,28.794051835661406
367.99999999999994,208.69853399999997,0.10000000000000002,293.15,100390.4783676261,1.0078248163282831E8,100.00000000760001,23.552841192479992
379.94031311447634,188.80611706923642,0.07941655740177765,293.154512546339,104510.20119210679,1.0922301586315331E8,100.00081707909887,37.619919982361345
387.19601358917856,184.65361471307693,0.07472746459098766,293.15516883548815,107154.50211818516,1.1481184031783247E8,100.00797727642644,34.49146650765031
393.61210887291315,180.6215579372872,0.07016008516877316,293.1558418699901,109502.66676461889,1.1985294033518986E8,100.04632997861948,28.285395115611397
399.99999999999983,176.5910672307692,0.06563421622692674,293.15651302535287,111515.5337834938,1.2414974741133887E8,100.16724120622297,23.28252048038709
381.79592879795894,196.16289393825434,0.08701957901015535,293.1531389032497,103979.37581125599,1.0811706582679093E8,100.00005019467963,37.924708261762746
379.4390141271112,202.14140797347588,0.09324840575643752,293.15183366708,103073.30986565926,1.0624107557490776E8,100.00000238015308,33.451488534801825
375.99999999999994,208.69853399999997,0.10000000000000002,293.15,102225.08139016268,1.0449967318185447E8,100.00000002019999,26.627346396080004
387.7097118713745,192.67001931173718,0.08322665849823686,293.153778937797,105491.71402874742,1.1128470816124916E8,100.00033786840737,37.90521581879363
393.74975437534226,188.6291359857036,0.07881704804151235,293.154493936803,107053.15175746958,1.1460222887294829E8,100.00142387202436,32.83506993550436
399.99999999999983,184.6179339230769,0.07444347718928053,293.15519039866314,108428.12652167414,1.1755942274457842E8,100.00617337084664,26.10450808106333
387.686625573735,201.554814867332,0.09254767165441082,293.1519561204462,104478.3433251269,1.0915726957274057E8,100.00000447948209,33.847171184856535
383.9999999999999,208.69853399999997,0.10000000000000002,293.15,103719.38563233789,1.0757711080400775E8,100.00000003619999,28.101425871680018
393.98068017333065,196.56690713334163,0.0872496067801738,293.15302724304024,105622.7373556526,1.1156161692331772E8,100.00005376012486,32.60956861259664
399.99999999999994,192.64480061538458,0.08306205856426024,293.15378321104737,106464.42294883316,1.1334650999544477E8,100.00026074592307,27.65924514665248
394.73538177250265,203.23493848174712,0.09426650257479628,293.1515283362372,105043.48502424874,1.1034134950348087E8,100.000001497955,28.786250731272407
391.99999999999994,208.69853399999997,0.10000000000000002,293.15,104698.54857865702,1.0961786136172996E8,100.00000004079999,26.398452066880044
399.9999999999999,200.67166730769227,0.09155968833335255,293.1521383978332,105369.43001541134,1.1102720882471551E8,100.00000458538462,26.22879126265425
399.9999999999999,208.69853399999997,0.1,293.15,105030.94113169912,1.1031501122111247E8,100.00000002999998,23.259495854000054
