% x_um y_um sigma_s_m k_w_mk
0 0 7517.71117749 25.2668373151
5 0 11628.9253041 28.5890305488
10 0 16266.2524991 32.3363656558
15 0 20577.037883 35.8198285923
20 0 23931.922373 38.5308463621
25 0 26327.9257992 40.4670107469
30 0 28232.5680159 42.0061155684
35 0 30013.1705628 43.4449863134
40 0 31588.3874437 44.7178888434
45 0 32610.3221868 45.5436946964
50 0 32810.3660827 45.7053463295
55 0 32117.907902 45.1457841632
60 0 30661.7404859 43.9690832209
65 0 28842.230483 42.4987721075
70 0 27288.8183844 41.2434896035
75 0 26535.3107854 40.6345945741
80 0 26689.5460893 40.7592291631
85 0 27424.2933085 41.3529642897
90 0 28201.766059 41.9812250982
95 0 28506.2175799 42.2272465292
100 0 28076.0120461 41.8796056938
105 0 27092.6073438 41.0849352273
110 0 26054.5914668 40.2461345186
115 0 25292.0825013 39.6299656577
120 0 24616.7836921 39.0842696501
125 0 23543.0320681 38.2165915702
130 0 21785.3307815 36.7962268941
135 0 19410.6419157 34.8772863966
140 0 16586.5659093 32.5952047752
145 0 13412.2194972 30.0300763614
150 0 10055.8717695 27.3178761774
155 0 6889.1142785 24.7588802251
160 0 4342.84291102 22.7012872008
165 0 2645.97511196 21.3300808986
170 0 1747.17280969 20.6037760078
175 0 1461.22596648 20.3727078517
180 0 1654.8616696 20.5291811472
185 0 2310.2881476 21.0588187051
190 0 3445.34896331 21.9760395663
195 0 4984.18692983 23.2195449938
200 0 6715.80546329 24.6188326976
205 0 8398.43640611 25.9785344696
210 0 9891.13102282 27.1847523417
215 0 11137.4713126 28.1918960102
220 0 12033.3865491 28.9158679184
225 0 12419.7555001 29.2280852526
230 0 12290.7613719 29.1238475732
235 0 11965.6340805 28.8611184489
240 0 11956.2584957 28.8535422187
245 0 12622.1983899 29.3916754666
250 0 13919.3497148 30.4398785574
255 0 15392.6058132 31.6303885359
260 0 16383.6902676 32.4312648627
265 0 16397.7796195 32.4426501976
270 0 15457.6184641 31.6829240114
275 0 14128.8977797 30.609210327
280 0 13125.5816683 29.7984498329
285 0 12859.4628753 29.5834043437
290 0 13343.7035444 29.9747099349
295 0 14424.9984218 30.8484835731
300 0 16014.8911031 32.1332453358
305 0 18122.1969803 33.836118772
310 0 20741.6348338 35.9528362293
315 0 23722.1984731 38.3613725035
320 0 26685.8896503 40.7562744649
325 0 29061.1632447 42.6756874705
330 0 30287.8351391 43.6669374861
335 0 30105.6606053 43.5197257417
340 0 28697.509339 42.3818257285
345 0 26576.4415753 40.667831576
350 0 24353.0037417 38.8711141347
355 0 22552.7640757 37.4163750107
360 0 21493.3333338 36.5602693607
365 0 21157.0028656 36.2884871641
370 0 21099.1213369 36.2417142116
375 0 20553.2953515 35.8006427083
380 0 18819.4323794 34.3995413167
385 0 15730.2733801 31.9032512162
390 0 11806.9020393 28.7328501328
395 0 7940.07235917 25.6081392801
400 0 4867.10802234 23.1249357756
0 4.96901271429 11293.1959068 28.3177340661
5 4.96901271429 17330.7560851 33.1965705738
10 4.96901271429 23906.8655484 38.510598423
15 4.96901271429 29865.0239803 43.3252719032
20 4.96901271429 34481.9051272 47.0560849513
25 4.96901271429 37895.0568343 49.8141873408
30 4.96901271429 40776.9259588 52.1429704717
35 4.96901271429 43570.2596327 54.4002098042
40 4.96901271429 46098.4955661 56.4432287403
45 4.96901271429 47844.4390424 57.8540921555
50 4.96901271429 48394.371214 58.2984817891
55 4.96901271429 47610.0229552 57.6646650143
60 4.96901271429 45688.7748344 56.1121412803
65 4.96901271429 43272.5806918 54.1596611651
70 4.96901271429 41308.644653 52.5726421438
75 4.96901271429 40512.6153647 51.9293861533
80 4.96901271429 40909.3361844 52.2499686339
85 4.96901271429 41907.1008417 53.0562431044
90 4.96901271429 42717.252256 53.710910914
95 4.96901271429 42725.2223531 53.7173513964
100 4.96901271429 41752.5858167 52.9313824782
105 4.96901271429 40191.1684532 51.6696310733
110 4.96901271429 38750.2048543 50.5052160439
115 4.96901271429 37822.0782227 49.7552147254
120 4.96901271429 37082.2798865 49.157397888
125 4.96901271429 35815.6008242 48.1338188478
130 4.96901271429 33556.6517965 46.3084054921
135 4.96901271429 30276.4119701 43.6577066425
140 4.96901271429 26090.5016529 40.2751528508
145 4.96901271429 21116.6742206 36.2558983601
150 4.96901271429 15700.8268554 31.8794560448
155 4.96901271429 10544.2515574 27.712526511
160 4.96901271429 6401.14656295 24.3645628792
165 4.96901271429 3652.12689524 22.1431328446
170 4.96901271429 2206.81806668 20.9752065185
175 4.96901271429 1763.62756111 20.6170727767
180 4.96901271429 2117.43648532 20.902978978
185 4.96901271429 3259.35000034 21.825737374
190 4.96901271429 5236.07162877 23.4230881849
195 4.96901271429 7919.21789435 25.5912871874
200 4.96901271429 10914.4931265 28.0117116174
205 4.96901271429 13727.6506671 30.284970236
210 4.96901271429 16020.6307166 32.1378834073
215 4.96901271429 17669.0448032 33.4699351945
220 4.96901271429 18612.9866515 34.232716486
225 4.96901271429 18811.0031659 34.392729831
230 4.96901271429 18438.0746447 34.0913734503
235 4.96901271429 18032.3291073 33.7634982685
240 4.96901271429 18288.4961932 33.9705019743
245 4.96901271429 19638.051094 35.0610513891
250 4.96901271429 21962.6112483 36.939483837
255 4.96901271429 24570.1053616 39.0465497872
260 4.96901271429 26435.8577074 40.5542284505
265 4.96901271429 26745.3278635 40.8043053443
270 4.96901271429 25500.375332 39.7982830965
275 4.96901271429 23603.14819 38.2651702545
280 4.96901271429 22208.597005 37.1382602061
285 4.96901271429 21964.134241 36.9407145381
290 4.96901271429 22853.7547005 37.659599758
295 4.96901271429 24601.120162 39.0716122521
300 4.96901271429 27050.7261634 41.0510918492
305 4.96901271429 30189.8226463 43.5877354718
310 4.96901271429 33949.2850086 46.6256848555
315 4.96901271429 38049.6021066 49.9390724094
320 4.96901271429 41987.0161055 53.1208210953
325 4.96901271429 45125.6154194 55.6570629652
330 4.96901271429 46876.4267437 57.0718599949
335 4.96901271429 46924.680343 57.1108528024
340 4.96901271429 45377.8263611 55.8608697867
345 4.96901271429 42736.2148487 53.7262342211
350 4.96901271429 39721.6844605 51.2902500691
355 4.96901271429 37047.0774646 49.1289514865
360 4.96901271429 35177.072782 47.6178365916
365 4.96901271429 34123.5042844 46.7664681086
370 4.96901271429 33349.4586908 46.1409767198
375 4.96901271429 31908.5516127 44.9766073638
380 4.96901271429 28903.7046153 42.5484481739
385 4.96901271429 24077.9144343 38.6488197449
390 4.96901271429 18081.2909666 33.8030634073
395 4.96901271429 12130.4589195 28.994310238
400 4.96901271429 7313.52045563 25.1018347116
0 9.93802542857 15368.287694 31.6107375305
5 9.93802542857 23218.9665904 37.9547204771
10 9.93802542857 31446.2659385 44.6030431826
15 9.93802542857 38664.6045361 50.4360440695
20 9.93802542857 44187.0227149 54.8986042141
25 9.93802542857 48366.5648247 58.2760119796
30 9.93802542857 52054.2350569 61.2559475207
35 9.93802542857 55712.300735 64.2119601899
40 9.93802542857 59070.2929195 66.9254892278
45 9.93802542857 61494.389495 68.8843551475
50 9.93802542857 62468.0321156 69.6711370631
55 9.93802542857 61793.7262931 69.1262434692
60 9.93802542857 59724.6773028 67.4542846892
65 9.93802542857 57100.0249446 65.3333534906
70 9.93802542857 55087.82008 63.7073293575
75 9.93802542857 54464.5291685 63.2036599342
80 9.93802542857 55098.1222499 63.7156543434
85 9.93802542857 56155.5743023 64.5701610524
90 9.93802542857 56713.9706855 65.0213904529
95 9.93802542857 56219.9019764 64.6221430113
100 9.93802542857 54694.6051287 63.389579902
105 9.93802542857 52733.192297 61.8045998359
110 9.93802542857 51137.2983496 60.5149885653
115 9.93802542857 50250.1799165 59.7981251851
120 9.93802542857 49604.3862527 59.2762717194
125 9.93802542857 48312.9182665 58.2326612254
130 9.93802542857 45736.0313255 56.1503283438
135 9.93802542857 41669.5186375 52.8642574849
140 9.93802542857 36101.7946932 48.3650866208
145 9.93802542857 29184.7922131 42.7755896671
150 9.93802542857 21531.3861309 36.5910190957
155 9.93802542857 14253.8102959 30.7101497341
160 9.93802542857 8452.87105733 26.0225220665
165 9.93802542857 4639.85579375 22.9412976111
170 9.93802542857 2657.8205537 21.3396529727
175 9.93802542857 2077.67863473 20.870851422
180 9.93802542857 2631.27954494 21.3182056929
185 9.93802542857 4342.34690354 22.7008863867
190 9.93802542857 7314.21058235 25.1023923898
195 9.93802542857 11376.1854161 28.3847962958
200 9.93802542857 15915.5062107 32.0529343116
205 9.93802542857 20094.8741717 35.4302013509
210 9.93802542857 23268.8507931 37.9950309439
215 9.93802542857 25190.9076629 39.5482082125
220 9.93802542857 25905.94913 40.126019499
225 9.93802542857 25640.8140447 39.911768925
230 9.93802542857 24885.4958709 39.3014108048
235 9.93802542857 24417.447638 38.9231900105
240 9.93802542857 25024.7513111 39.4139404534
245 9.93802542857 27107.1626451 41.096697087
250 9.93802542857 30441.9921007 43.7915087683
255 9.93802542857 34146.9913672 46.7854475694
260 9.93802542857 36895.7490578 49.0066659053
265 9.93802542857 37590.4366458 49.5680296128
270 9.93802542857 36220.1594639 48.4607349203
275 9.93802542857 34018.8346797 46.6818866098
280 9.93802542857 32562.0219546 45.5046642057
285 9.93802542857 32684.7047644 45.6038018298
290 9.93802542857 34274.3412843 46.8883565934
295 9.93802542857 36877.3092101 48.9917650182
300 9.93802542857 40255.6642767 51.7217489105
305 9.93802542857 44386.6724198 55.0599373089
310 9.93802542857 49140.0177951 58.9010244809
315 9.93802542857 54098.0599604 62.9075232003
320 9.93802542857 58662.5996306 66.5960401056
325 9.93802542857 62247.0093082 69.4925327743
330 9.93802542857 64375.4784247 71.2125078179
335 9.93802542857 64736.940494 71.504598379
340 9.93802542857 63298.2630467 70.3420307448
345 9.93802542857 60429.8581056 68.0241277621
350 9.93802542857 56870.0977033 65.1475536997
355 9.93802542857 53442.0254109 62.3773942715
360 9.93802542857 50676.5151964 60.1426385426
365 9.93802542857 48579.0975116 58.4477555649
370 9.93802542857 46604.789427 56.8523550925
375 9.93802542857 43812.9985938 54.5963625001
380 9.93802542857 39268.1320313 50.9237430556
385 9.93802542857 32641.1206582 45.5685823501
390 9.93802542857 24604.9337168 39.0746939126
395 9.93802542857 16585.8782788 32.5946491142
400 9.93802542857 9981.5002375 27.2577779697
0 14.9070381429 18900.5079284 34.4650569119
5 14.9070381429 28112.5280154 41.9091135478
10 14.9070381429 37408.7312693 49.4211969853
15 14.9070381429 45252.496776 55.7595933543
20 14.9070381429 51051.4871258 60.4456461622
25 14.9070381429 55360.7522598 63.927880614
30 14.9070381429 59164.2642407 67.0014256491
35 14.9070381429 62965.06574 70.072780396
40 14.9070381429 66524.5742932 72.949150944
45 14.9070381429 69252.7770949 75.1537592686
50 14.9070381429 70632.1855121 76.2684327371
55 14.9070381429 70410.8724458 76.0895938956
60 14.9070381429 68799.0546771 74.7871148906
65 14.9070381429 66629.0878211 73.0336063201
70 14.9070381429 65033.2970344 71.7440784116
75 14.9070381429 64670.3621098 71.4507976645
80 14.9070381429 65265.3128204 71.9315659154
85 14.9070381429 65943.4731279 72.4795742448
90 14.9070381429 65920.1094674 72.4606945191
95 14.9070381429 64914.4076577 71.6480061881
100 14.9070381429 63195.1807307 70.2587319036
105 14.9070381429 61413.3543768 68.8188722237
110 14.9070381429 60213.1850561 67.8490384292
115 14.9070381429 59723.1306365 67.4530348578
120 14.9070381429 59362.4505514 67.1615762031
125 14.9070381429 58210.4644269 66.2306783248
130 14.9070381429 55526.3313424 64.0616818929
135 14.9070381429 50894.6279091 60.3188912397
140 14.9070381429 44140.8036266 54.8612554558
145 14.9070381429 35497.4963292 47.8767647105
150 14.9070381429 25915.5773293 40.133799862
155 14.9070381429 16913.7945541 32.8596319629
160 14.9070381429 9853.09516879 27.154016298
165 14.9070381429 5284.52117536 23.4622393336
170 14.9070381429 2949.53619381 21.5753827829
175 14.9070381429 2307.80852631 21.0568149708
180 14.9070381429 3060.84729277 21.6653311457
185 14.9070381429 5295.58648483 23.4711809978
190 14.9070381429 9205.6581898 26.6308349008
195 14.9070381429 14617.5257384 31.0040612027
200 14.9070381429 20721.3281216 35.9364267649
205 14.9070381429 26305.4294649 40.4488318908
210 14.9070381429 30340.1112839 43.7091808355
215 14.9070381429 32404.1206103 45.3770671598
220 14.9070381429 32685.6215369 45.6045426561
225 14.9070381429 31781.1399783 44.8736484673
230 14.9070381429 30548.5014482 43.8775769279
235 14.9070381429 29936.1295825 43.3827309758
240 14.9070381429 30686.5374305 43.989121156
245 14.9070381429 33077.267032 45.9210238643
250 14.9070381429 36816.6936848 48.9427827756
255 14.9070381429 40988.2214248 52.3137142827
260 14.9070381429 44173.7737971 54.8878980179
265 14.9070381429 45156.5520192 55.6820622377
270 14.9070381429 43942.5015144 54.7010113248
275 14.9070381429 41983.8071088 53.1182279667
280 14.9070381429 41104.221665 52.4074518505
285 14.9070381429 42185.5916784 53.2812862047
290 14.9070381429 44929.6682795 55.498721842
295 14.9070381429 48645.1382081 58.5011217843
300 14.9070381429 52979.8681162 62.0039338313
305 14.9070381429 57915.455254 65.992287074
310 14.9070381429 63309.9119357 70.3514439884
315 14.9070381429 68661.6105264 74.6760489102
320 14.9070381429 73335.6336138 78.4530372637
325 14.9070381429 76879.7681279 81.3169843458
330 14.9070381429 79034.3754239 83.0580811506
335 14.9070381429 79563.2930287 83.4854893161
340 14.9070381429 78304.6152231 82.4683759378
345 14.9070381429 75465.1935398 80.1738937696
350 14.9070381429 71722.3323054 77.1493594387
355 14.9070381429 67866.9214571 74.033875925
360 14.9070381429 64322.4526081 71.1696586732
365 14.9070381429 61002.6541026 68.4869932142
370 14.9070381429 57460.3937005 65.6245605661
375 14.9070381429 53019.5075103 62.0359656649
380 14.9070381429 46945.134469 57.1273813891
385 14.9070381429 38896.0720624 50.6230885353
390 14.9070381429 29432.2551746 42.975559737
395 14.9070381429 19976.006476 35.3341466473
400 14.9070381429 12077.50266 28.951517301
0 19.8760508571 21230.0706992 36.3475318782
5 19.8760508571 31239.1027314 44.4356385708
10 19.8760508571 41033.9682167 52.3506813872
15 19.8760508571 48933.8267869 58.7344054844
20 19.8760508571 54343.3779842 63.1057599873
25 19.8760508571 57890.8817173 65.9724296706
30 19.8760508571 60673.9231402 68.2213520325
35 19.8760508571 63396.9877203 70.4218082588
40 19.8760508571 66121.1815073 72.6231769756
45 19.8760508571 68536.6703422 74.5750871452
50 19.8760508571 70240.5470675 75.9519572263
55 19.8760508571 70892.344816 76.4786624776
60 19.8760508571 70461.2476067 76.1303010963
65 19.8760508571 69437.1040951 75.3027103799
70 19.8760508571 68578.4435054 74.6088432367
75 19.8760508571 68284.7557884 74.371519829
80 19.8760508571 68290.4756237 74.3761419182
85 19.8760508571 68027.6188946 74.1637324401
90 19.8760508571 67189.2680122 73.4862771816
95 19.8760508571 65933.228928 72.4712961035
100 19.8760508571 64709.0016899 71.4820215676
105 19.8760508571 63970.5671722 70.8853068058
110 19.8760508571 63908.2395736 70.8349410695
115 19.8760508571 64270.5059462 71.1276815727
120 19.8760508571 64406.4187243 71.2375100802
125 19.8760508571 63519.5711387 70.5208655666
130 19.8760508571 60887.2911311 68.393770611
135 19.8760508571 55922.8078579 64.3820669559
140 19.8760508571 48324.5745542 58.2420804479
145 19.8760508571 38472.3688438 50.280702096
150 19.8760508571 27674.8338156 41.5554212652
155 19.8760508571 17758.0423725 33.5418524222
160 19.8760508571 10171.5431536 27.4113480029
165 19.8760508571 5377.10647504 23.5370557374
170 19.8760508571 2986.76251936 21.6054646621
175 19.8760508571 2389.2174068 21.1225999247
180 19.8760508571 3302.18050088 21.8603478795
185 19.8760508571 5902.94274271 23.9619739335
190 19.8760508571 10502.5154241 27.6788003427
195 19.8760508571 16977.6941814 32.9112680254
200 19.8760508571 24391.4303907 38.9021659723
205 19.8760508571 31202.379775 44.4059634545
210 19.8760508571 35995.0789209 48.2788516533
215 19.8760508571 38157.3834016 50.0261684053
220 19.8760508571 38020.2660757 49.9153665258
225 19.8760508571 36529.0980483 48.7103822612
230 19.8760508571 34806.6276009 47.3184869502
235 19.8760508571 33806.7162631 46.5104777884
240 19.8760508571 34106.6390695 46.7528396521
245 19.8760508571 35873.3235703 48.1804634912
250 19.8760508571 38885.8835552 50.6148553981
255 19.8760508571 42421.4734112 53.471897706
260 19.8760508571 45243.0949244 55.7519958985
265 19.8760508571 46232.7447755 56.5517129499
270 19.8760508571 45438.9734559 55.9102815805
275 19.8760508571 44340.915826 55.0229622837
280 19.8760508571 44751.7395417 55.3549410438
285 19.8760508571 47437.3496344 57.5251310177
290 19.8760508571 51855.1457793 61.0950672964
295 19.8760508571 57028.0736803 65.2752110548
300 19.8760508571 62420.8054678 69.6329741154
305 19.8760508571 67991.7339544 74.1347345086
310 19.8760508571 73648.6444011 78.7059752736
315 19.8760508571 78915.8473789 82.9623009122
320 19.8760508571 83201.5507263 86.4254955364
325 19.8760508571 86210.5845437 88.8570380151
330 19.8760508571 87908.7404153 90.2292851841
335 19.8760508571 88188.5858795 90.455422933
340 19.8760508571 86863.4961688 89.3846433687
345 19.8760508571 84063.859338 87.1223105762
350 19.8760508571 80384.1735826 84.1488271375
355 19.8760508571 76428.7005491 80.9524852922
360 19.8760508571 72318.7491703 77.6313124608
365 19.8760508571 67786.1972701 73.9686442587
370 19.8760508571 62574.3472893 69.7570483146
375 19.8760508571 56497.4231546 64.8464025492
380 19.8760508571 49243.637159 58.9847573002
385 19.8760508571 40543.0933743 51.9540148479
390 19.8760508571 30733.8894329 44.0273854003
395 19.8760508571 20993.7108883 36.1565340512
400 19.8760508571 12785.5564194 29.5236819551
0 24.8450635714 22272.1329378 37.189602374
5 24.8450635714 32651.6236184 45.5770695907
10 24.8450635714 42616.879197 53.6298013713
15 24.8450635714 50270.1921095 59.8142966541
20 24.8450635714 54807.8197179 63.4810664387
25 24.8450635714 56757.0118573 65.0561711978
30 24.8450635714 57360.7095476 65.5440077153
35 24.8450635714 57768.4446559 65.873490631
40 24.8450635714 58639.7334192 66.577562359
45 24.8450635714 60149.278212 67.797396535
50 24.8450635714 62075.0599358 69.3535837865
55 24.8450635714 63916.5787276 70.8416797799
60 24.8450635714 65181.4373817 71.8637877832
65 24.8450635714 65692.6516988 72.2768902617
70 24.8450635714 65569.9334093 72.1777239671
75 24.8450635714 64928.9598095 71.6597655026
80 24.8450635714 63755.1747123 70.7112522928
85 24.8450635714 62132.4606689 69.3999682173
90 24.8450635714 60470.8661826 68.0572656021
95 24.8450635714 59393.5672431 67.1867210045
100 24.8450635714 59375.0179241 67.1717316558
105 24.8450635714 60441.5651649 68.0335880121
110 24.8450635714 62136.376421 69.4031324614
115 24.8450635714 63741.5326247 70.7002283836
120 24.8450635714 64561.9465155 71.3631891035
125 24.8450635714 64018.2027094 70.9238001692
130 24.8450635714 61513.8421036 68.9000744272
135 24.8450635714 56396.5209642 64.7648654256
140 24.8450635714 48337.179812 58.2522665147
145 24.8450635714 37916.8266951 49.8317791476
150 24.8450635714 26750.6387923 40.8085970039
155 24.8450635714 16813.217236 32.7783573624
160 24.8450635714 9461.62068921 26.8376732842
165 24.8450635714 4964.01310148 23.2032429103
170 24.8450635714 2801.54406153 21.455793181
175 24.8450635714 2344.25376563 21.0862656692
180 24.8450635714 3370.48621111 21.915544413
185 24.8450635714 6162.0239669 24.1713324985
190 24.8450635714 11152.9360962 28.204392805
195 24.8450635714 18303.5906978 33.9826995538
200 24.8450635714 26623.8078537 40.7061073565
205 24.8450635714 34336.9967671 46.9389872866
210 24.8450635714 39725.1066879 51.2930155053
215 24.8450635714 42030.0746432 53.1556158733
220 24.8450635714 41695.9112909 52.8855848816
225 24.8450635714 39872.5678367 51.4121760297
230 24.8450635714 37712.2971775 49.6665027697
235 24.8450635714 35972.3497996 48.2604846865
240 24.8450635714 35029.4077339 47.4985113001
245 24.8450635714 35078.6775545 47.5383252966
250 24.8450635714 36178.2714365 48.4268860093
255 24.8450635714 38001.7383931 49.9003946611
260 24.8450635714 39687.7964901 51.2628658506
265 24.8450635714 40363.1393603 51.8085974629
270 24.8450635714 40107.549714 51.6020603749
275 24.8450635714 40236.985272 51.7066547653
280 24.8450635714 42337.1135667 53.4037281347
285 24.8450635714 46975.6756429 57.1520611256
290 24.8450635714 53398.6017324 62.3423044302
295 24.8450635714 60345.0483172 67.9555945998
300 24.8450635714 66999.9834622 73.3333199694
305 24.8450635714 73191.5263668 78.3365869631
310 24.8450635714 78879.5275997 82.9329515957
315 24.8450635714 83724.6850112 86.8482303121
320 24.8450635714 87273.8012651 89.7162030425
325 24.8450635714 89375.1680296 91.4142771956
330 24.8450635714 90151.789775 92.0418503233
335 24.8450635714 89638.0731632 91.6267257884
340 24.8450635714 87759.4633067 90.1086572175
345 24.8450635714 84719.9421814 87.6524785304
350 24.8450635714 81064.1817175 84.6983286606
355 24.8450635714 77123.9629512 81.5143134959
360 24.8450635714 72620.1417748 77.8748620403
365 24.8450635714 67073.3500784 73.3926061239
370 24.8450635714 60454.743602 68.0442372541
375 24.8450635714 53142.4933254 62.1353481417
380 24.8450635714 45338.1504303 55.8288084285
385 24.8450635714 36908.248125 49.0167661616
390 24.8450635714 27933.3837726 41.7643505233
395 24.8450635714 19176.5803835 34.6881457644
400 24.8450635714 11783.7581909 28.7141480331
0 29.8140762857 22469.7841305 37.3493205095
5 29.8140762857 33011.4455153 45.8678347598
10 29.8140762857 43041.4839605 53.9729163317
15 29.8140762857 50371.6301813 59.8962668131
20 29.8140762857 53836.5273335 62.6961837038
25 29.8140762857 53764.8049384 62.6382262128
30 29.8140762857 51601.4739855 60.8900799883
35 29.8140762857 49103.6314201 58.8716213495
40 29.8140762857 47666.7619732 57.7105147258
45 29.8140762857 47997.6873191 57.9779291468
50 29.8140762857 50040.0156208 59.6282954512
55 29.8140762857 53079.2023257 62.0842038996
60 29.8140762857 56055.2543545 64.4890944279
65 29.8140762857 57991.9868924 66.0541308221
70 29.8140762857 58310.6655486 66.3116489281
75 29.8140762857 56934.6377033 65.199707235
80 29.8140762857 54297.5396321 63.0687188947
85 29.8140762857 51295.6058328 60.6429138043
90 29.8140762857 49064.6181621 58.8400954845
95 29.8140762857 48554.2119744 58.4276460399
100 29.8140762857 50088.9354997 59.6678266664
105 29.8140762857 53178.7136277 62.1646170729
110 29.8140762857 56743.2844747 65.0450783634
115 29.8140762857 59655.9666567 67.3987609347
120 29.8140762857 61192.0729759 68.6400589704
125 29.8140762857 60980.3147831 68.4689412389
130 29.8140762857 58596.2698598 66.5424402907
135 29.8140762857 53441.6999091 62.3771312396
140 29.8140762857 45272.7465483 55.7759568067
145 29.8140762857 34878.4787784 47.3765485078
150 29.8140762857 24064.2094252 38.6377449901
155 29.8140762857 14787.7390346 31.1416073007
160 29.8140762857 8193.05604319 25.8125705399
165 29.8140762857 4321.33545856 22.6839074413
170 29.8140762857 2556.43158063 21.2577224894
175 29.8140762857 2302.32399518 21.0523830264
180 29.8140762857 3430.68734453 21.9641917936
185 29.8140762857 6326.30342919 24.3040835791
190 29.8140762857 11521.8559575 28.5025098647
195 29.8140762857 19045.5663761 34.5822758594
200 29.8140762857 27885.6863046 41.7258071149
205 29.8140762857 36129.1129868 48.3871620095
210 29.8140762857 41893.7039572 53.0454173392
215 29.8140762857 44372.3158843 55.0483360681
220 29.8140762857 44084.4953921 54.8157538522
225 29.8140762857 42192.3194206 53.2867227641
230 29.8140762857 39632.8647783 51.2184765885
235 29.8140762857 36835.377183 48.957880552
240 29.8140762857 34042.1365166 46.7007163771
245 29.8140762857 31664.9334907 44.7797442349
250 29.8140762857 30204.471355 43.5995728121
255 29.8140762857 29804.5963025 43.2764414565
260 29.8140762857 30004.0321915 43.4376017709
265 29.8140762857 30178.3937585 43.5785000069
270 29.8140762857 30387.0180617 43.7470853024
275 29.8140762857 31668.6406278 44.7827399013
280 29.8140762857 35299.1252255 47.7164648287
285 29.8140762857 41694.8940331 52.884762855
290 29.8140762857 50028.9238076 59.6193323698
295 29.8140762857 58835.223366 66.7355340331
300 29.8140762857 66937.1348336 73.2825331989
305 29.8140762857 73857.2150649 78.8745172241
310 29.8140762857 79505.3141801 83.4386377213
315 29.8140762857 83727.9690936 86.8508841161
320 29.8140762857 86314.3189706 88.9408638146
325 29.8140762857 87274.4432988 89.7167218576
330 29.8140762857 86823.0732774 89.3519784059
335 29.8140762857 85110.9384114 87.9684350799
340 29.8140762857 82249.7688777 85.6563788911
345 29.8140762857 78615.7146289 82.7197693971
350 29.8140762857 74751.979743 79.5975593883
355 29.8140762857 70749.2857661 76.3630592049
360 29.8140762857 65993.3958142 72.5199158095
365 29.8140762857 59843.8137586 67.5505565726
370 29.8140762857 52448.61491 61.5746383111
375 29.8140762857 44620.1733041 55.2486248922
380 29.8140762857 36986.4228697 49.0799376724
385 29.8140762857 29569.5432402 43.0864995881
390 29.8140762857 22242.6119949 37.1657470666
395 29.8140762857 15324.322031 31.5752097221
400 29.8140762857 9526.24344024 26.8898936891
0 34.783089 22335.0877116 37.2404749185
5 34.783089 32925.7611037 45.7985948313
10 34.783089 42938.730008 53.8898828347
15 34.783089 49920.8772221 59.5320219976
20 34.783089 52382.6292226 61.5213165435
25 34.783089 50504.9451741 60.0039961002
30 34.783089 45956.6167068 56.328579157
35 34.783089 41033.892995 52.3506206021
40 34.783089 37708.3699734 49.6633292714
45 34.783089 37052.0412373 49.132962616
50 34.783089 39094.9975527 50.7838364062
55 34.783089 42941.4267271 53.8920620017
60 34.783089 47074.2718679 57.2317348427
65 34.783089 49872.5631314 59.4929803082
70 34.783089 50230.0648934 59.781870621
75 34.783089 48014.1988302 57.991271782
80 34.783089 44142.4168608 54.8625590794
85 34.783089 40220.2597417 51.6931391853
90 34.783089 37886.8599161 49.8075635686
95 34.783089 38162.8482414 50.0305844375
100 34.783089 41073.1845042 52.3823713165
105 34.783089 45675.222729 56.101190084
110 34.783089 50500.5090905 60.0004113863
115 34.783089 54233.2660781 63.0167806692
120 34.783089 56175.4839229 64.5862496347
125 34.783089 56103.4810728 64.5280655134
130 34.783089 53744.4174148 62.6217514463
135 34.783089 48627.3911871 58.4867807573
140 34.783089 40655.2235206 52.0446250672
145 34.783089 30766.447896 44.0536952695
150 34.783089 20804.1336348 36.003340311
155 34.783089 12577.1881849 29.3553035837
160 34.783089 6975.42474599 24.8286260574
165 34.783089 3845.78494295 22.2996241963
170 34.783089 2530.79451782 21.237005671
175 34.783089 2515.27739872 21.2244665848
180 34.783089 3788.17899487 22.2530739353
185 34.783089 6825.70925717 24.7076438442
190 34.783089 12206.7184286 29.0559340837
195 34.783089 19959.4990336 35.3208072998
200 34.783089 29028.9049232 42.64962014
205 34.783089 37442.2803055 49.4483073176
210 34.783089 43303.8029959 54.1848913098
215 34.783089 45867.1061706 56.2562474106
220 34.783089 45693.0353483 56.1155841198
225 34.783089 43803.5146178 54.5886986811
230 34.783089 40794.2849617 52.1569979488
235 34.783089 36782.2376099 48.9149394828
240 34.783089 32006.2023997 45.0555170906
245 34.783089 27214.3273075 41.1832947939
250 34.783089 23361.972154 38.0702805285
255 34.783089 20972.1547324 36.1391149353
260 34.783089 19858.8644054 35.2394863882
265 34.783089 19548.0372999 34.9883129696
270 34.783089 20023.7664627 35.372740576
275 34.783089 22037.0582979 36.999643069
280 34.783089 26604.152096 40.690223916
285 34.783089 34121.4199544 46.7647838015
290 34.783089 43871.409346 54.6435631078
295 34.783089 54311.182148 63.0797431499
300 34.783089 63868.5305737 70.8028529888
305 34.783089 71579.3363147 77.033807123
310 34.783089 77129.5251372 81.5188081917
315 34.783089 80526.4160218 84.2637705227
320 34.783089 81906.7044435 85.3791551058
325 34.783089 81546.0743507 85.0877368491
330 34.783089 79773.510871 83.65536232
335 34.783089 76822.7507649 81.270909709
340 34.783089 72946.818711 78.1388434029
345 34.783089 68655.8990519 74.6714335773
350 34.783089 64503.3762555 71.3158596004
355 34.783089 60454.7560483 68.0442473117
360 34.783089 55734.2704303 64.229713479
365 34.783089 49610.2213718 59.2809869671
370 34.783089 42267.6351836 53.3475839868
375 34.783089 34691.7787427 47.2256797921
380 34.783089 27751.3972977 41.6172907456
385 34.783089 21619.6541869 36.6623468177
390 34.783089 16076.9315793 32.183379054
395 34.783089 11105.2041012 28.1658214959
400 34.783089 7017.02143663 24.8622395448
0 39.7521017143 22090.749439 37.0430298497
5 39.7521017143 32553.8888552 45.4980920042
10 39.7521017143 42335.7163786 53.4025990938
15 39.7521017143 48877.1521932 58.6886078329
20 39.7521017143 50601.9032553 60.0823460649
25 39.7521017143 47719.3706649 57.7530267999
30 39.7521017143 42072.0107446 53.189503632
35 39.7521017143 36177.0502519 48.4258991935
40 39.7521017143 32140.20592 45.1638027636
45 39.7521017143 31058.1768277 44.2894358204
50 39.7521017143 32950.4810124 45.8185705151
55 39.7521017143 36889.6216148 49.0017144362
60 39.7521017143 41223.4926632 52.5038324551
65 39.7521017143 44075.6003171 54.8085659128
70 39.7521017143 44128.1206717 54.8510066034
75 39.7521017143 41300.842986 52.5663377665
80 39.7521017143 36861.3536943 48.9788716721
85 39.7521017143 32829.6297211 45.7209129059
90 39.7521017143 31003.3667082 44.2451448147
95 39.7521017143 32176.741821 45.193326724
100 39.7521017143 35939.5536222 48.233982725
105 39.7521017143 41020.7847409 52.3400280734
110 39.7521017143 45900.8169132 56.2834884147
115 39.7521017143 49411.0444589 59.1200359264
120 39.7521017143 51026.633589 60.4255624962
125 39.7521017143 50646.6058612 60.1184693828
130 39.7521017143 48106.2650072 58.0656686927
135 39.7521017143 43068.9469006 53.9951086066
140 39.7521017143 35566.8160954 47.9327806832
145 39.7521017143 26577.4173075 40.6686200464
150 39.7521017143 17829.6527054 33.5997193579
155 39.7521017143 10892.5558877 27.9939845558
160 39.7521017143 6402.13544584 24.3653619764
165 39.7521017143 4055.84893392 22.4693728759
170 39.7521017143 3200.37770881 21.778082997
175 39.7521017143 3441.65549828 21.9730549481
180 39.7521017143 4916.26530655 23.1646588336
185 39.7521017143 8183.57150712 25.8049062684
190 39.7521017143 13800.7150046 30.344012125
195 39.7521017143 21701.746362 36.7286839289
200 39.7521017143 30748.972001 44.0395733341
205 39.7521017143 38982.5172252 50.6929432123
210 39.7521017143 44630.8485841 55.2572513811
215 39.7521017143 47087.8575421 57.2427131653
220 39.7521017143 46910.3833782 57.0992996995
225 39.7521017143 44895.5615822 55.4711608745
230 39.7521017143 41317.5683639 52.5798532234
235 39.7521017143 36125.3897204 48.3841533094
240 39.7521017143 29690.0559926 43.1838836304
245 39.7521017143 23092.4011237 37.8524453525
250 39.7521017143 17598.9205455 33.4132691277
255 39.7521017143 13916.2634029 30.437384568
260 39.7521017143 11962.5438688 28.8586213081
265 39.7521017143 11309.0341089 28.3305326133
270 39.7521017143 11850.1848111 28.7678261099
275 39.7521017143 14118.9182827 30.601146087
280 39.7521017143 18984.004186 34.5325286352
285 39.7521017143 26943.3652132 40.9643355258
290 39.7521017143 37514.1095314 49.5063511365
295 39.7521017143 49177.6271915 58.9314159123
300 39.7521017143 59977.1972233 67.6583411905
305 39.7521017143 68354.6412624 74.4279929393
310 39.7521017143 73625.0001825 78.6868688344
315 39.7521017143 75898.7067568 80.5242074802
320 39.7521017143 75747.4835928 80.4020069436
325 39.7521017143 73881.4855382 78.8941297278
330 39.7521017143 70872.191701 76.4623771321
335 39.7521017143 67033.4576097 73.3603697856
340 39.7521017143 62625.3503565 69.7982629143
345 39.7521017143 58129.6526554 66.1653758832
350 39.7521017143 54061.4734438 62.8779583384
355 39.7521017143 50370.9644348 59.8957288362
360 39.7521017143 46262.9165071 56.5760941472
365 39.7521017143 40909.2234492 52.2498775347
370 39.7521017143 34339.913208 46.9413440065
375 39.7521017143 27469.6284518 41.3895987489
380 39.7521017143 21273.5703621 36.3826831209
385 39.7521017143 16104.2139385 32.2054254048
390 39.7521017143 11791.622869 28.7205033285
395 39.7521017143 8157.04913048 25.7834740448
400 39.7521017143 5255.71144716 23.4389587452
0 44.7211144286 21777.2535616 36.7896998477
5 44.7211144286 31873.5968516 44.9483610922
10 44.7211144286 41117.3618012 52.4180701424
15 44.7211144286 47068.6326077 57.2271778648
20 44.7211144286 48391.6808531 58.2963077601
25 44.7211144286 45549.1915431 55.9993467015
30 44.7211144286 40464.368953 51.8903991539
35 44.7211144286 35437.6720131 47.8284218288
40 44.7211144286 32142.0442437 45.1652882778
45 44.7211144286 31296.3641382 44.4819104147
50 44.7211144286 32833.0608399 45.7236855272
55 44.7211144286 36022.4221232 48.3009471703
60 44.7211144286 39498.0335038 51.1095220232
65 44.7211144286 41589.9679426 52.7999740951
70 44.7211144286 41095.5175407 52.4004182147
75 44.7211144286 38043.015195 49.9337496525
80 44.7211144286 33845.5601296 46.5418667714
85 44.7211144286 30605.413681 43.9235666109
90 44.7211144286 29942.3940296 43.3877931552
95 44.7211144286 32147.7722843 45.1699169974
100 44.7211144286 36236.8133168 48.4741925792
105 44.7211144286 40701.5395391 52.0820521528
110 44.7211144286 44278.2558335 54.9723279462
115 44.7211144286 46293.3873271 56.600717032
120 44.7211144286 46601.7763639 56.849920294
125 44.7211144286 45269.6552488 55.7734587869
130 44.7211144286 42224.5476065 53.3127657426
135 44.7211144286 37246.5475526 49.2901394364
140 44.7211144286 30445.5583921 43.7943906199
145 44.7211144286 22728.3147987 37.5582341808
150 44.7211144286 15590.211631 31.7900700049
155 44.7211144286 10289.0198579 27.506278673
160 44.7211144286 7177.22427514 24.991696384
165 44.7211144286 5779.02268129 23.8618365101
170 44.7211144286 5433.82965343 23.5828926492
175 44.7211144286 5902.92407416 23.9619588478
180 44.7211144286 7534.87715398 25.2807088113
185 44.7211144286 10994.955139 28.0767314254
190 44.7211144286 16760.0010274 32.7353543656
195 44.7211144286 24588.902044 39.0617390254
200 44.7211144286 33263.3335039 46.0713806092
205 44.7211144286 40950.0949389 52.2829050011
210 44.7211144286 46131.0669814 56.4695490759
215 44.7211144286 48359.7265969 58.2704861389
220 44.7211144286 48096.5377522 58.0578082846
225 44.7211144286 45850.6924279 56.2429837801
230 44.7211144286 41660.8684147 52.8572674058
235 44.7211144286 35485.578265 47.8671339515
240 44.7211144286 27919.0091637 41.7527346777
245 44.7211144286 20284.0773959 35.5830928451
250 44.7211144286 13958.5784809 30.4715785705
255 44.7211144286 9648.55498146 26.9887312981
260 44.7211144286 7263.30061337 25.0612530209
265 44.7211144286 6380.42055753 24.3478145919
270 44.7211144286 6843.82017871 24.7222789323
275 44.7211144286 9068.59925974 26.5200802099
280 44.7211144286 13872.3787298 30.4019222059
285 44.7211144286 21892.0724345 36.8824827754
290 44.7211144286 32876.7825982 45.759016241
295 44.7211144286 45346.6243116 55.8356560094
300 44.7211144286 57005.3230043 65.2568266702
305 44.7211144286 65732.7081558 72.3092591158
310 44.7211144286 70454.1504488 76.1245660192
315 44.7211144286 71341.2641381 76.8414255661
320 44.7211144286 69416.7998195 75.2863028845
325 44.7211144286 65944.2148203 72.4801735922
330 44.7211144286 61889.075024 69.2032929487
335 44.7211144286 57690.6179933 65.8106003986
340 44.7211144286 53499.1399542 62.4235474377
345 44.7211144286 49596.372743 59.2697961559
350 44.7211144286 46384.8631737 56.6746369081
355 44.7211144286 43833.5733338 54.6129885525
360 44.7211144286 41132.3466141 52.4301790821
365 44.7211144286 37231.3844393 49.2778864156
370 44.7211144286 31815.7211121 44.9015928179
375 44.7211144286 25611.0573285 39.8877230938
380 44.7211144286 19704.1201881 35.1144405561
385 44.7211144286 14714.9121458 31.0827572895
390 44.7211144286 10656.5586088 27.8032796839
395 44.7211144286 7356.79079255 25.1368006404
400 44.7211144286 4779.84531594 23.0544204573
0 49.6901271429 21543.5252764 36.6008285062
5 49.6901271429 31137.4845901 44.3535229011
10 49.6901271429 39640.7188227 51.2248232911
15 49.6901271429 44897.9511869 55.4730918682
20 49.6901271429 46072.0313221 56.4218434926
25 49.6901271429 44067.6227891 54.8021194256
30 49.6901271429 40826.8448931 52.1833090045
35 49.6901271429 38088.6532798 49.970628913
40 49.6901271429 36638.4373416 48.7987372458
45 49.6901271429 36498.9090886 48.6859871423
50 49.6901271429 37471.2528164 49.4717194476
55 49.6901271429 39228.9027032 50.8920425884
60 49.6901271429 41032.6715061 52.3496335403
65 49.6901271429 41764.9294019 52.9413570925
70 49.6901271429 40561.1820298 51.9686319432
75 49.6901271429 37579.4411449 49.5591443595
80 49.6901271429 34219.5788879 46.8441041519
85 49.6901271429 32426.6003393 45.3952325974
90 49.6901271429 33408.6864176 46.1888375092
95 49.6901271429 36768.4205252 48.9037741617
100 49.6901271429 40852.849321 52.2043226836
105 49.6901271429 43968.6724441 54.7221595508
110 49.6901271429 45295.5617328 55.7943933195
115 49.6901271429 44875.6963436 55.4551081565
120 49.6901271429 43090.603639 54.0126090012
125 49.6901271429 40232.5577795 51.7030769935
130 49.6901271429 36346.092198 48.5624987459
135 49.6901271429 31348.8229669 44.5243013874
140 49.6901271429 25427.2600226 39.7392000182
145 49.6901271429 19382.1560159 34.8542674876
150 49.6901271429 14421.7013326 30.8458192587
155 49.6901271429 11419.2731189 28.4196146415
160 49.6901271429 10319.5297581 27.5309331379
165 49.6901271429 10305.2610164 27.5194028416
170 49.6901271429 10590.52081 27.7499158061
175 49.6901271429 11118.0147662 28.1761735484
180 49.6901271429 12584.239078 29.3610012751
185 49.6901271429 15864.6418112 32.0118317667
190 49.6901271429 21350.0703117 36.444501262
195 49.6901271429 28591.3965475 42.2960780182
200 49.6901271429 36360.3851741 48.5740486255
205 49.6901271429 43121.2582151 54.0373803759
210 49.6901271429 47729.4111515 57.7611403245
215 49.6901271429 49848.7548344 59.4737412803
220 49.6901271429 49686.9234762 59.3429684656
225 49.6901271429 47375.4197481 57.4750866651
230 49.6901271429 42778.1235153 53.7600998104
235 49.6901271429 35977.2993842 48.2644843509
240 49.6901271429 27803.9876821 41.659788026
245 49.6901271429 19701.4181591 35.1122570983
250 49.6901271429 13003.6097073 29.6998866322
255 49.6901271429 8332.67951892 25.9253975911
260 49.6901271429 5590.80241988 23.7097393292
265 49.6901271429 4412.16383456 22.7573041087
270 49.6901271429 4668.95758834 22.9648142128
275 49.6901271429 6743.22584927 24.6409905853
280 49.6901271429 11431.5309501 28.4295199597
285 49.6901271429 19437.4676451 34.8989637536
290 49.6901271429 30614.3211977 43.9307646042
295 49.6901271429 43464.848038 54.3150287176
300 49.6901271429 55456.6707602 64.0053905133
305 49.6901271429 64115.3098884 71.0022706169
310 49.6901271429 68123.5835927 74.2412796709
315 49.6901271429 67688.1059733 73.8893785643
320 49.6901271429 64145.6060359 71.0267523522
325 49.6901271429 59229.8038515 67.0543869507
330 49.6901271429 54345.1609996 63.1072008077
335 49.6901271429 50143.7114999 59.712090101
340 49.6901271429 46689.2799988 56.9206303021
345 49.6901271429 44028.1428251 54.7702164243
350 49.6901271429 42417.0688448 53.4683384605
355 49.6901271429 41800.1102316 52.9697860457
360 49.6901271429 41231.6313819 52.5104091975
365 49.6901271429 39256.0756266 50.9140005063
370 49.6901271429 35078.718072 47.538358038
375 49.6901271429 29229.0169675 42.8113268424
380 49.6901271429 22985.8480613 37.7663418677
385 49.6901271429 17329.7186496 33.1957322421
390 49.6901271429 12552.3482044 29.3352308722
395 49.6901271429 8615.11160383 26.1536255384
400 49.6901271429 5533.15886982 23.6631586827
0 54.6591398571 21643.8977077 36.6819375416
5 54.6591398571 30857.7251797 44.1274546907
10 54.6591398571 38714.2496438 50.4761613284
15 54.6591398571 43343.2682623 54.2167824342
20 54.6591398571 44451.6302356 55.1124284732
25 54.6591398571 43449.2957314 54.3024611971
30 54.6591398571 42318.8143747 53.3889409088
35 54.6591398571 42181.8998841 53.2783029366
40 54.6591398571 42832.5121358 53.8040502107
45 54.6591398571 43511.7692738 54.3529448677
50 54.6591398571 43868.1230772 54.6409075371
55 54.6591398571 44021.5166642 54.7648619508
60 54.6591398571 43942.1943364 54.7007631001
65 54.6591398571 43153.5017651 54.0634357698
70 54.6591398571 41191.4958727 52.4779764627
75 54.6591398571 38350.0605791 50.1818671346
80 54.6591398571 35954.0237173 48.2456757312
85 54.6591398571 35688.3358197 48.0309784401
90 54.6591398571 38269.4190816 50.1167022882
95 54.6591398571 42608.9403167 53.6233861145
100 54.6591398571 46456.5003045 56.7325254986
105 54.6591398571 48016.1010301 57.9928089132
110 54.6591398571 46946.9195738 57.128823898
115 54.6591398571 43987.9980404 54.7377761942
120 54.6591398571 40008.3808826 51.5219239455
125 54.6591398571 35509.5086294 47.8864716197
130 54.6591398571 30681.3290319 43.984912349
135 54.6591398571 25648.7395848 39.9181734019
140 54.6591398571 20765.6013765 35.9722031326
145 54.6591398571 16814.3561838 32.7792777242
150 54.6591398571 14763.1587187 31.1217444191
155 54.6591398571 15039.9311646 31.3453989209
160 54.6591398571 16955.9098162 32.8936644979
165 54.6591398571 19019.4052342 34.5611355428
170 54.6591398571 20072.1009346 35.411798735
175 54.6591398571 20248.6026324 35.5544263696
180 54.6591398571 20822.4812817 36.0181666923
185 54.6591398571 23115.4871943 37.8711007631
190 54.6591398571 27532.8979799 41.4407256403
195 54.6591398571 33447.178173 46.219941958
200 54.6591398571 39713.7465887 51.2838356273
205 54.6591398571 45245.5489769 55.7539789712
210 54.6591398571 49338.6008753 59.0614956568
215 54.6591398571 51672.6554297 60.9476003472
220 54.6591398571 52043.0834589 61.2469361284
225 54.6591398571 50126.2879634 59.6980104755
230 54.6591398571 45633.9662302 56.0678514992
235 54.6591398571 38781.8393449 50.5307792686
240 54.6591398571 30544.8992797 43.8746660846
245 54.6591398571 22331.7475229 37.2377757761
250 54.6591398571 15334.0042688 31.5830337525
255 54.6591398571 10116.3166637 27.3667205363
260 54.6591398571 6692.42757057 24.5999414712
265 54.6591398571 4889.90703673 23.1433592216
270 54.6591398571 4717.42538592 23.0039801098
275 54.6591398571 6574.43073642 24.5045904941
280 54.6591398571 11185.8070228 28.23095517
285 54.6591398571 19153.7114086 34.6696657847
290 54.6591398571 30238.4878815 43.6270609143
295 54.6591398571 42875.3599277 53.838674689
300 54.6591398571 54504.8505877 63.2362428991
305 54.6591398571 62668.3223399 69.8329877494
310 54.6591398571 66067.4491658 72.5797569017
315 54.6591398571 64883.5821259 71.6230966674
320 54.6591398571 60431.4516704 68.0254154912
325 54.6591398571 54565.4033817 63.2851744499
330 54.6591398571 48999.0840394 58.7871386177
335 54.6591398571 44710.5258385 55.3216370412
340 54.6591398571 41890.1241923 53.0425245998
345 54.6591398571 40511.2002232 51.9282426046
350 54.6591398571 40726.0685181 52.10187355
355 54.6591398571 42379.5141937 53.4379912677
360 54.6591398571 44262.060856 54.9592410957
365 54.6591398571 44413.0864521 55.0812819815
370 54.6591398571 41526.3762948 52.7485869049
375 54.6591398571 35936.1581632 48.2312389197
380 54.6591398571 29100.2165462 42.7072456939
385 54.6591398571 22345.2661799 37.2486999434
390 54.6591398571 16279.9904492 32.3474670297
395 54.6591398571 11104.577492 28.165315145
400 54.6591398571 7004.24430931 24.8519145934
0 59.6281525714 22199.8149379 37.1311635862
5 59.6281525714 31408.387775 44.5724345656
10 59.6281525714 39049.5370749 50.7471006666
15 59.6281525714 43352.3098237 54.2240887465
20 59.6281525714 44338.2294793 55.0207914985
25 59.6281525714 43795.2841153 54.5820477699
30 59.6281525714 43842.1472675 54.6199169838
35 59.6281525714 45291.2595752 55.7909168285
40 59.6281525714 47311.4010793 57.4233544075
45 59.6281525714 48590.4523289 58.4569311749
50 59.6281525714 48611.9332807 58.4742895197
55 59.6281525714 47736.947483 57.7672302893
60 59.6281525714 46381.5420238 56.6719531505
65 59.6281525714 44508.297179 55.1582199426
70 59.6281525714 41963.5821914 53.1018845991
75 59.6281525714 39169.7309113 50.844226999
80 59.6281525714 37381.7400801 49.3993859233
85 59.6281525714 38022.7972956 49.917411956
90 59.6281525714 41394.3910508 52.6419321623
95 59.6281525714 45956.9595771 56.3288562239
100 59.6281525714 49183.0346111 58.9357855443
105 59.6281525714 49354.8737482 59.0746454531
110 59.6281525714 46522.9942602 56.786257988
115 59.6281525714 41858.2353421 53.016755832
120 59.6281525714 36464.1465365 48.6578961911
125 59.6281525714 30912.352861 44.1715982715
130 59.6281525714 25507.6989941 39.8042012074
135 59.6281525714 20636.8083631 35.8681279702
140 59.6281525714 16955.7401126 32.8935273637
145 59.6281525714 15417.8992526 31.6508276788
150 59.6281525714 16909.0578907 32.8558043562
155 59.6281525714 21410.2444589 36.4931268355
160 59.6281525714 27359.4598308 41.3005736006
165 59.6281525714 32193.2671926 45.2066805597
170 59.6281525714 34067.1452788 46.7209254778
175 59.6281525714 33292.6396365 46.0950623325
180 59.6281525714 31990.5053889 45.0428326375
185 59.6281525714 32266.737905 45.2660508323
190 59.6281525714 34756.755769 47.27818648
195 59.6281525714 38734.3042038 50.4923670334
200 59.6281525714 43161.9221547 54.070240125
205 59.6281525714 47396.1503549 57.4918386706
210 59.6281525714 51115.6939458 60.4975304612
215 59.6281525714 53930.9119037 62.7724540636
220 59.6281525714 55196.1379844 63.7948589773
225 59.6281525714 54187.3694691 62.9796925003
230 59.6281525714 50509.5089353 60.0076839882
235 59.6281525714 44430.1607829 55.0950794205
240 59.6281525714 36852.6627558 48.9718486916
245 59.6281525714 28921.0947493 42.5625008076
250 59.6281525714 21581.1618952 36.6312419355
255 59.6281525714 15412.875011 31.6467676856
260 59.6281525714 10729.3743254 27.862120667
265 59.6281525714 7751.50617706 25.4557625673
270 59.6281525714 6762.96356791 24.6569402569
275 59.6281525714 8215.49629038 25.830704073
280 59.6281525714 12661.3080148 29.4232792039
285 59.6281525714 20383.0922095 35.6631048158
290 59.6281525714 30846.4383841 44.1183340477
295 59.6281525714 42431.3588859 53.4798859684
300 59.6281525714 52860.2881984 61.9073035947
305 59.6281525714 60133.8645324 67.7849410363
310 59.6281525714 63237.0539442 70.2925688438
315 59.6281525714 62198.8331285 69.4536025281
320 59.6281525714 57856.3293161 65.9445085383
325 59.6281525714 51687.4587899 60.9595626585
330 59.6281525714 45469.7678536 55.9351659423
335 59.6281525714 40610.3052358 52.0083274632
340 59.6281525714 37735.5616136 49.685302314
345 59.6281525714 37015.9409807 49.1037906915
350 59.6281525714 38581.3947927 50.3688038729
355 59.6281525714 42129.9345465 53.2363107447
360 59.6281525714 46184.1946191 56.5124805003
365 59.6281525714 48387.829633 58.293195663
370 59.6281525714 47018.9540864 57.1870336052
375 59.6281525714 42138.7158448 53.2434067433
380 59.6281525714 35154.8375124 47.5998686969
385 59.6281525714 27546.8153837 41.4519720272
390 59.6281525714 20217.762804 35.5295052962
395 59.6281525714 13715.2855812 30.2749782475
400 59.6281525714 8507.89345883 26.0669846132
0 64.5971652857 23147.3988252 37.8968879396
5 64.5971652857 32838.1551463 45.7278021384
10 64.5971652857 40889.9915207 52.2343365823
15 64.5971652857 45335.135389 55.8263720315
20 64.5971652857 46086.3523476 56.4334160385
25 64.5971652857 45024.5591387 55.5754013242
30 64.5971652857 44525.5969751 55.1721995758
35 64.5971652857 45650.1114182 56.0808981157
40 64.5971652857 47655.6020643 57.7014966176
45 64.5971652857 49144.3574291 58.9045312558
50 64.5971652857 49427.6705553 59.1334711558
55 64.5971652857 48710.4482008 58.553897536
60 64.5971652857 47342.0310654 57.4481059114
65 64.5971652857 45337.255211 55.828085019
70 64.5971652857 42675.4757252 53.6771521012
75 64.5971652857 39877.9616916 51.4165347003
80 64.5971652857 38137.4879899 50.010091305
85 64.5971652857 38642.9892442 50.4185771671
90 64.5971652857 41454.3614062 52.6903930555
95 64.5971652857 44996.571577 55.5527851127
100 64.5971652857 46971.1382306 57.1483945298
105 64.5971652857 46008.2271215 56.3702845427
110 64.5971652857 42416.9876133 53.4682728188
115 64.5971652857 37420.0009541 49.4303038013
120 64.5971652857 31990.8472967 45.0431089266
125 64.5971652857 26534.0454629 40.6335720912
130 64.5971652857 21332.8232269 36.4305642237
135 64.5971652857 16991.7789127 32.9226496264
140 64.5971652857 14556.6130066 30.9548387932
145 64.5971652857 15358.9900885 31.6032243139
150 64.5971652857 20423.364908 35.6956484105
155 64.5971652857 29382.1431103 42.9350651396
160 64.5971652857 39707.6237193 51.278887854
165 64.5971652857 47538.223093 57.6066449237
170 64.5971652857 50136.0635367 59.7059099286
175 64.5971652857 47944.925526 57.9352933543
180 64.5971652857 44081.8195752 54.8135915759
185 64.5971652857 41692.4074767 52.8827535165
190 64.5971652857 41870.9495043 53.0270299025
195 64.5971652857 43884.777945 54.6543660162
200 64.5971652857 46713.0576945 56.9398446016
205 64.5971652857 49934.4419187 59.5429833686
210 64.5971652857 53409.1776191 62.3508506013
215 64.5971652857 56659.1553776 64.9770952546
220 64.5971652857 58793.3011035 66.7016574574
225 64.5971652857 58950.7987284 66.8289282653
230 64.5971652857 56749.5679124 65.0501558888
235 64.5971652857 52383.6158272 61.5221137998
240 64.5971652857 46389.6000461 56.6784646837
245 64.5971652857 39355.4177987 50.994277009
250 64.5971652857 31835.2695293 44.9173895186
255 64.5971652857 24462.0141639 38.9592033647
260 64.5971652857 18007.9697188 33.7438139142
265 64.5971652857 13276.9905745 29.9208004643
270 64.5971652857 10977.8183741 28.0628835347
275 64.5971652857 11673.6874151 28.6252019516
280 64.5971652857 15670.6421886 31.8550643948
285 64.5971652857 22747.7876262 37.573969799
290 64.5971652857 31921.1556102 44.9867924123
295 64.5971652857 41568.7799213 52.7828524616
300 64.5971652857 49990.0240996 59.5878982623
305 64.5971652857 55997.6213025 64.4425222647
310 64.5971652857 59020.5448259 66.8852887482
315 64.5971652857 58796.7335676 66.7044311658
320 64.5971652857 55334.202972 63.906426644
325 64.5971652857 49356.7434859 59.0761563523
330 64.5971652857 42481.9975478 53.5208060992
335 64.5971652857 36565.3034199 48.7396391272
340 64.5971652857 32864.9284491 45.7494371306
345 64.5971652857 31935.5159744 44.998396747
350 64.5971652857 33942.0420855 46.6198319882
355 64.5971652857 38454.4923922 50.2662564785
360 64.5971652857 43895.5807092 54.6630955226
365 64.5971652857 47827.1783081 57.8401440874
370 64.5971652857 48308.5974562 58.2291696615
375 64.5971652857 44982.1613041 55.5411404478
380 64.5971652857 38816.4070371 50.5587127572
385 64.5971652857 31124.2785908 44.3428513865
390 64.5971652857 23034.7649593 37.8058706741
395 64.5971652857 15541.7457928 31.7509056911
400 64.5971652857 9491.92110427 26.8621584681
0 69.566178 24410.385469 38.9174832073
5 69.566178 35014.2177677 47.48623658
10 69.566178 44045.8870169 54.7845551652
15 69.566178 49066.5962446 58.841693935
20 69.566178 49468.189934 59.1662140881
25 69.566178 46929.5385998 57.1147786665
30 69.566178 44183.8236335 54.8960190978
35 69.566178 43086.678269 54.009436985
40 69.566178 43705.9254957 54.5098387844
45 69.566178 45039.575563 55.5875358084
50 69.566178 46223.6156987 56.5443359182
55 69.566178 46906.0063469 57.0957627046
60 69.566178 46861.9525452 57.0601636729
65 69.566178 45790.1799389 56.1940847991
70 69.566178 43637.4134461 54.454475512
75 69.566178 40977.0776123 52.3047091817
80 69.566178 38911.2837718 50.6353808257
85 69.566178 38398.4908603 50.2210027154
90 69.566178 39425.2409447 51.0506997533
95 69.566178 40784.9036616 52.1494171003
100 69.566178 40885.9970441 52.2311087225
105 69.566178 38966.2018581 50.6797590773
110 69.566178 35505.045821 47.8828653099
115 69.566178 31478.1906066 44.6288408942
120 69.566178 27416.0450878 41.3462990609
125 69.566178 23286.2177405 38.0090648408
130 69.566178 19107.2402815 34.6321133588
135 69.566178 15533.9402447 31.7445981775
140 69.566178 13991.4219176 30.4981187213
145 69.566178 16330.5526937 32.3883254091
150 69.566178 23913.7339692 38.516148662
155 69.566178 36217.9737099 48.4589686545
160 69.566178 49944.4251193 59.5510506014
165 69.566178 60122.2741113 67.7755750394
170 69.566178 63218.5640435 70.2776275099
175 69.566178 59741.3910993 67.4677907873
180 69.566178 53636.4109601 62.5344735031
185 69.566178 48994.3085302 58.7832796204
190 69.566178 47419.8567502 57.5109953537
195 69.566178 48231.1406706 58.1665783197
200 69.566178 50289.5617983 59.829948928
205 69.566178 53078.2843874 62.0834621312
210 69.566178 56389.6711988 64.7593302616
215 69.566178 59719.6195015 67.450197577
220 69.566178 62287.943331 69.5256107725
225 69.566178 63487.2930607 70.4947822712
230 69.566178 63116.9871959 70.1955452088
235 69.566178 61189.4735561 68.6379584292
240 69.566178 57620.799958 65.7541817842
245 69.566178 52207.7095697 61.3799673291
250 69.566178 44980.6225042 55.5398969731
255 69.566178 36588.5133888 48.7583946576
260 69.566178 28282.3161772 42.0463161028
265 69.566178 21506.5401822 36.5709415614
270 69.566178 17489.5779074 33.3249114403
275 69.566178 17006.7762482 32.9347686854
280 69.566178 20159.209685 35.4821896444
285 69.566178 26177.5289812 40.3454779646
290 69.566178 33567.5522875 46.3172139697
295 69.566178 40729.2968763 52.1044823243
300 69.566178 46648.8090243 56.8879264842
305 69.566178 51041.7825058 60.4378040451
310 69.566178 53785.3150137 62.6548000111
315 69.566178 54293.3176236 63.0653071706
320 69.566178 51736.4411064 60.9991443284
325 69.566178 46065.1796224 56.4163067655
330 69.566178 38644.6834723 50.4199462402
335 69.566178 31642.8444251 44.7618944849
340 69.566178 26852.8562853 40.8911969982
345 69.566178 25172.6635238 39.5334654738
350 69.566178 26795.4936962 40.8448433909
355 69.566178 31246.3391944 44.4414862177
360 69.566178 37110.7652148 49.1804163352
365 69.566178 42241.7460153 53.3266634467
370 69.566178 44705.6200213 55.3176727445
375 69.566178 43619.1162968 54.4396899368
380 69.566178 39178.8305344 50.8515802298
385 69.566178 32245.7973984 45.2491292108
390 69.566178 24081.6637916 38.6518495286
395 69.566178 16154.997716 32.2464628008
400 69.566178 9716.85490766 27.0439231577
0 74.5351907143 25941.6755031 40.1548892954
5 74.5351907143 37688.221905 49.6470480041
10 74.5351907143 47972.6813226 57.9577222809
15 74.5351907143 53751.8141825 62.6277286323
20 74.5351907143 53699.780842 62.5856814885
25 74.5351907143 49150.0258974 58.9091118363
30 74.5351907143 43245.382398 54.1376827458
35 74.5351907143 38924.1569707 50.6457834106
40 74.5351907143 37451.6523336 49.4558806736
45 74.5351907143 38478.5771964 50.2857189466
50 74.5351907143 40952.3114013 52.2846960819
55 74.5351907143 43736.7130819 54.534717642
60 74.5351907143 45769.4548015 56.1773372133
65 74.5351907143 46266.9558467 56.57935826
70 74.5351907143 45079.3147948 55.6196483191
75 74.5351907143 42799.4489311 53.7773324696
80 74.5351907143 40397.3431412 51.8362368818
85 74.5351907143 38592.167262 50.3775088986
90 74.5351907143 37393.3762559 49.4087888937
95 74.5351907143 36167.1825517 48.4179252943
100 74.5351907143 34241.7489139 46.8620193243
105 74.5351907143 31569.4656807 44.7025985298
110 74.5351907143 28783.3250221 42.451171735
115 74.5351907143 26527.0394744 40.6279106863
120 74.5351907143 24752.6703227 39.1940770284
125 74.5351907143 22768.3974866 37.5906242316
130 74.5351907143 20037.3741534 35.3837366896
135 74.5351907143 17026.5804519 32.9507720824
140 74.5351907143 15456.5601899 31.6820688403
145 74.5351907143 17743.5188117 33.5301162114
150 74.5351907143 25701.7877193 39.9610405812
155 74.5351907143 38888.1393479 50.6166782609
160 74.5351907143 53706.0259859 62.5907280694
165 74.5351907143 64715.2145617 71.4870420701
170 74.5351907143 68038.1244049 74.1722217414
175 74.5351907143 64170.4206396 71.0468045572
180 74.5351907143 57351.7918462 65.5368014918
185 74.5351907143 52060.3843158 61.2609166188
190 74.5351907143 50168.3272725 59.7319816344
195 74.5351907143 51042.140875 60.4380936364
200 74.5351907143 53377.3415783 62.3251245077
205 74.5351907143 56370.6154977 64.7439317153
210 74.5351907143 59600.3003841 67.3537780881
215 74.5351907143 62637.640441 69.8081942957
220 74.5351907143 65128.2853347 71.8208366341
225 74.5351907143 67025.4828492 73.3539255347
230 74.5351907143 68434.1696956 74.4922583399
235 74.5351907143 69137.3505321 75.0604852785
240 74.5351907143 68342.7944435 74.4184197523
245 74.5351907143 65022.9105579 71.7356852994
250 74.5351907143 58676.5455957 66.6073095723
255 74.5351907143 49896.5512478 59.5123646447
260 74.5351907143 40253.3624123 51.719888818
265 74.5351907143 31674.1684048 44.7872067917
270 74.5351907143 25862.3978649 40.0908265575
275 74.5351907143 23903.3121593 38.5077269974
280 74.5351907143 25865.5753168 40.0933941954
285 74.5351907143 30584.6481734 43.9067864028
290 74.5351907143 36128.5518216 48.3867085427
295 74.5351907143 40879.4098108 52.2257857057
300 74.5351907143 44345.673939 55.0268072234
305 74.5351907143 46911.0224288 57.0998161041
310 74.5351907143 48759.4774364 58.5935171203
315 74.5351907143 49112.1680772 58.8785196584
320 74.5351907143 46688.4753526 56.9199800829
325 74.5351907143 41033.4241738 52.3502417566
330 74.5351907143 33319.9851189 46.117159692
335 74.5351907143 25757.6253243 40.0061618782
340 74.5351907143 20298.8597999 35.5950382221
345 74.5351907143 17930.2741267 33.6810295973
350 74.5351907143 18809.8199641 34.3917737084
355 74.5351907143 22515.2791572 37.3860841674
360 74.5351907143 28006.8126235 41.8236869685
365 74.5351907143 33679.7626092 46.4078889771
370 74.5351907143 37790.0385173 49.7293240544
375 74.5351907143 38973.3527587 50.6855375828
380 74.5351907143 36587.7558895 48.757782537
385 74.5351907143 30937.6184026 44.1920148708
390 74.5351907143 23312.9268939 38.0306479951
395 74.5351907143 15554.4565491 31.7611770094
400 74.5351907143 9227.9691141 26.6488639306
0 79.5042034286 27565.5224829 41.4670888751
5 79.5042034286 40380.2325498 51.8224101412
10 79.5042034286 51766.2211771 61.023209032
15 79.5042034286 58133.7430306 66.1686812368
20 79.5042034286 57534.942251 65.684801819
25 79.5042034286 51024.5828892 60.423905365
30 79.5042034286 42150.026938 53.2525470206
35 79.5042034286 34873.3721379 47.3724219296
40 79.5042034286 31587.2562471 44.7169747451
45 79.5042034286 32531.5182628 45.4800147578
50 79.5042034286 36409.5752031 48.6137981439
55 79.5042034286 41276.2805992 52.5464893731
60 79.5042034286 45269.7109498 55.7735037978
65 79.5042034286 47213.7005936 57.3444045201
70 79.5042034286 46941.312113 57.1242926166
75 79.5042034286 45094.4032185 55.6318409847
80 79.5042034286 42524.3195985 53.5550057361
85 79.5042034286 39754.409581 51.3166946109
90 79.5042034286 36853.0556192 48.972166157
95 79.5042034286 33696.4260096 46.4213543512
100 79.5042034286 30361.213237 43.7262329188
105 79.5042034286 27360.0933216 41.3010855124
110 79.5042034286 25475.3376247 39.7780506058
115 79.5042034286 25146.5099245 39.5123312521
120 79.5042034286 25840.8550181 40.0734181964
125 79.5042034286 26126.2966091 40.304078068
130 79.5042034286 24687.6211571 39.1415120461
135 79.5042034286 21591.8234196 36.6398573088
140 79.5042034286 18748.3375665 34.3420909628
145 79.5042034286 19103.7802186 34.6293173483
150 79.5042034286 24937.6496147 39.3435552442
155 79.5042034286 36083.7013726 48.3504657556
160 79.5042034286 49207.6872732 58.9557068875
165 79.5042034286 59221.5014249 67.0476779191
170 79.5042034286 62508.8438508 69.7041162431
175 79.5042034286 59482.7992017 67.2588276378
180 79.5042034286 53978.4961903 62.8109060124
185 79.5042034286 50060.4496324 59.6448077838
190 79.5042034286 49435.668617 59.139934236
195 79.5042034286 51486.281754 60.7969953567
200 79.5042034286 54848.722433 63.5141191378
205 79.5042034286 58495.7477947 66.4612103391
210 79.5042034286 61823.0639562 69.1499506716
215 79.5042034286 64541.3565691 71.3465507629
220 79.5042034286 66806.8066703 73.1772175114
225 79.5042034286 69181.8947957 75.096480643
230 79.5042034286 72076.9345333 77.4359066936
235 79.5042034286 75056.7212574 79.8438151575
240 79.5042034286 76724.8238546 81.1917768522
245 79.5042034286 75429.1090997 80.144734626
250 79.5042034286 70306.6452837 76.0053699262
255 79.5042034286 61875.3993825 69.1922419253
260 79.5042034286 51790.8798968 61.0431352702
265 79.5042034286 42153.1308129 53.2550552024
270 79.5042034286 34938.2030523 47.4248105473
275 79.5042034286 31547.0623629 44.6844948387
280 79.5042034286 32218.5594818 45.2271187732
285 79.5042034286 35682.695173 48.0264203418
290 79.5042034286 39766.1952917 51.3262184176
295 79.5042034286 42768.3932169 53.7522369429
300 79.5042034286 44369.0859599 55.0457260282
305 79.5042034286 45174.4823186 55.6965513686
310 79.5042034286 45455.4887606 55.9236272813
315 79.5042034286 44462.3434235 55.1210855947
320 79.5042034286 41033.4452782 52.3502588107
325 79.5042034286 34852.6972819 47.3557149753
330 79.5042034286 27060.0978008 41.0586648896
335 79.5042034286 19633.8143959 35.0576277947
340 79.5042034286 14242.917506 30.7013474796
345 79.5042034286 11648.8876741 28.6051617569
350 79.5042034286 11890.5593507 28.8004520006
355 79.5042034286 14649.5856243 31.0299681812
360 79.5042034286 19319.8450635 34.8039152028
365 79.5042034286 24883.2247789 39.2995755789
370 79.5042034286 29886.8353343 43.3428972399
375 79.5042034286 32688.4107124 45.6067965353
380 79.5042034286 32032.0228888 45.0763821324
385 79.5042034286 27761.4051281 41.6253778813
390 79.5042034286 21092.9267787 36.236708508
395 79.5042034286 14021.6966624 30.5225831615
400 79.5042034286 8241.42297014 25.8516549254
0 84.4732161429 28955.4187302 42.5902373577
5 84.4732161429 42444.9054986 53.4908327261
10 84.4732161429 54376.8556903 63.132812679
15 84.4732161429 60835.8866215 68.3522316133
20 84.4732161429 59579.4659698 67.3369421978
25 84.4732161429 51608.3722232 60.8956543218
30 84.4732161429 40820.0570048 52.1778238423
35 84.4732161429 31880.0613182 44.9535849036
40 84.4732161429 27900.0190496 41.737389131
45 84.4732161429 29400.6639341 42.9500314619
50 84.4732161429 34725.3567367 47.2528135246
55 84.4732161429 41198.2533609 52.4834370593
60 84.4732161429 46378.9860919 56.6698877511
65 84.4732161429 48965.6495152 58.7601208203
70 84.4732161429 48981.6448726 58.7730463617
75 84.4732161429 47242.468155 57.3676510343
80 84.4732161429 44594.8093635 55.2281287786
85 84.4732161429 41493.9930148 52.7224185978
90 84.4732161429 38073.9156671 49.958719731
95 84.4732161429 34446.474631 47.0274542473
100 84.4732161429 30945.912007 44.1987167734
105 84.4732161429 28238.2647851 42.0107190183
110 84.4732161429 27188.9520417 41.1627895286
115 84.4732161429 28277.9078591 42.0427538256
120 84.4732161429 30793.0517017 44.0751932943
125 84.4732161429 32717.6951473 45.6304607251
130 84.4732161429 31939.6620688 45.0017471263
135 84.4732161429 28025.0401763 41.8384163041
140 84.4732161429 22956.1760641 37.7423644963
145 84.4732161429 20087.2960683 35.424077631
150 84.4732161429 22073.5224603 37.0291090588
155 84.4732161429 29110.4349263 42.7155029707
160 84.4732161429 38520.4007075 50.3195157232
165 84.4732161429 46176.8032094 56.506507644
170 84.4732161429 49178.7681924 58.9323379333
175 84.4732161429 47807.0620294 57.8238885086
180 84.4732161429 44965.9854128 55.5280690204
185 84.4732161429 43685.1022577 54.4930119254
190 84.4732161429 45155.4539058 55.6811748734
195 84.4732161429 48774.8633964 58.6059502193
200 84.4732161429 53330.407128 62.2871976792
205 84.4732161429 57812.4688695 65.9090657532
210 84.4732161429 61574.4555262 68.9490549707
215 84.4732161429 64433.0461902 71.2590272244
220 84.4732161429 66871.3900289 73.2294060839
225 84.4732161429 69846.4410801 75.6334877415
230 84.4732161429 73958.7976734 78.9566041805
235 84.4732161429 78606.1032351 82.7120026143
240 84.4732161429 82001.6527748 85.4558810302
245 84.4732161429 82176.5932014 85.5972470314
250 84.4732161429 78169.9746542 82.3595754781
255 84.4732161429 70505.5388565 76.1660920052
260 84.4732161429 60788.5618693 68.3139893893
265 84.4732161429 51025.8975412 60.4249677101
270 84.4732161429 43198.9011968 54.1001221793
275 84.4732161429 38883.5005853 50.6129297659
280 84.4732161429 38565.8348677 50.3562301962
285 84.4732161429 41130.4350539 52.428634387
290 84.4732161429 44399.7005142 55.0704650619
295 84.4732161429 46564.7442588 56.8199953607
300 84.4732161429 47144.4451162 57.288440498
305 84.4732161429 46548.2736773 56.8066857998
310 84.4732161429 44935.5005001 55.5034347476
315 84.4732161429 41758.7942203 52.9363993699
320 84.4732161429 36413.7547369 48.617175545
325 84.4732161429 29151.7698768 42.748904951
330 84.4732161429 21254.4847224 36.3672603817
335 84.4732161429 14341.7098136 30.7811796473
340 84.4732161429 9529.12326674 26.8922208216
345 84.4732161429 7148.22575418 24.9682632357
350 84.4732161429 7054.50164329 24.8925265804
355 84.4732161429 9018.03647208 26.4792213916
360 84.4732161429 12784.8715911 29.5231285585
365 84.4732161429 17806.6130154 33.5811014266
370 84.4732161429 22934.1437784 37.7245606291
375 84.4732161429 26483.9259849 40.5930715029
380 84.4732161429 26919.4799527 40.9450343052
385 84.4732161429 23811.6033924 38.433618903
390 84.4732161429 18233.9879405 33.9264549014
395 84.4732161429 12119.3463141 28.9853303548
400 84.4732161429 7108.44633517 24.9361182506
0 89.4422288571 29851.7165491 43.3145184235
5 89.4422288571 43414.9261465 54.2746877951
10 89.4422288571 55085.8247781 63.7057169924
15 89.4422288571 60926.5880574 68.425525703
20 89.4422288571 58832.4155961 66.7332651281
25 89.4422288571 50036.6139368 59.6255466156
30 89.4422288571 38701.486053 50.4658473155
35 89.4422288571 29766.062851 43.2453033139
40 89.4422288571 26528.5723852 40.6291494022
45 89.4422288571 29402.884259 42.9518256639
50 89.4422288571 36236.8835246 48.4742493128
55 89.4422288571 43724.0134769 54.5244553349
60 89.4422288571 49105.9656989 58.8735076354
65 89.4422288571 51270.8251647 60.622889022
70 89.4422288571 50702.0669295 60.1632864077
75 89.4422288571 48586.4573251 58.453702889
80 89.4422288571 45937.4397652 56.3130826385
85 89.4422288571 43273.7060943 54.1605705813
90 89.4422288571 40737.1140494 52.1107992318
95 89.4422288571 38298.2232588 50.139978391
100 89.4422288571 35958.4520895 48.2492542137
105 89.4422288571 34050.8556379 46.7077621316
110 89.4422288571 33401.3329394 46.1828953046
115 89.4422288571 34776.3508109 47.2940208573
120 89.4422288571 37713.1925939 49.6672263385
125 89.4422288571 40020.0339603 51.531340574
130 89.4422288571 39046.636936 50.74475712
135 89.4422288571 33905.1117432 46.5899892874
140 89.4422288571 26501.8545553 40.6075592366
145 89.4422288571 20354.5487565 35.6400393992
150 89.4422288571 18292.6263167 33.9738394479
155 89.4422288571 20815.7588666 36.0127344377
160 89.4422288571 26003.5720873 40.2049067372
165 89.4422288571 30870.7423278 44.1379735983
170 89.4422288571 33358.7754529 46.1485054165
175 89.4422288571 33597.9432122 46.3417722927
180 89.4422288571 33420.0811939 46.1980454092
185 89.4422288571 34662.6738058 47.2021606512
190 89.4422288571 37930.7381926 49.8430207617
195 89.4422288571 42703.0643777 53.6994459618
200 89.4422288571 48109.3722415 58.0681795891
205 89.4422288571 53391.1523843 62.336284755
210 89.4422288571 57975.1719174 66.0405429636
215 89.4422288571 61656.4373034 69.0153028715
220 89.4422288571 64918.3085285 71.6511584068
225 89.4422288571 68787.7046088 74.7779431182
230 89.4422288571 73922.0509552 78.9269098628
235 89.4422288571 79648.1424915 83.5540545386
240 89.4422288571 84022.5963427 87.0889667415
245 89.4422288571 85009.1762413 87.8862030233
250 89.4422288571 81736.3241393 85.241474052
255 89.4422288571 74841.5722317 79.6699573589
260 89.4422288571 65914.4170325 72.4560945718
265 89.4422288571 56805.7870617 65.0955855044
270 89.4422288571 49316.6177936 59.0437315504
275 89.4422288571 44961.5261331 55.5244655621
280 89.4422288571 44353.8837902 55.0334414466
285 89.4422288571 46615.2419115 56.8608015446
290 89.4422288571 49727.8124926 59.376010095
295 89.4422288571 51814.064254 61.0618701042
300 89.4422288571 52087.4272741 61.2827695144
305 89.4422288571 50565.759895 60.0531393091
310 89.4422288571 47205.2555831 57.3375802692
315 89.4422288571 41703.2900388 52.8915475061
320 89.4422288571 34130.9691343 46.7725003106
325 89.4422288571 25446.2199601 39.7545211799
330 89.4422288571 17191.7216903 33.0842195477
335 89.4422288571 10689.5495685 27.8299390452
340 89.4422288571 6497.31946019 24.4422783517
345 89.4422288571 4488.84818164 22.8192712579
350 89.4422288571 4316.92198164 22.6803409953
355 89.4422288571 5792.16160073 23.8724538188
360 89.4422288571 8884.01671401 26.3709225972
365 89.4422288571 13347.3391719 29.9776478157
370 89.4422288571 18269.5072178 33.9551573478
375 89.4422288571 22038.7639227 37.0010213517
380 89.4422288571 23046.7129576 37.8155256223
385 89.4422288571 20730.2443427 35.9436317921
390 89.4422288571 16017.7815467 32.1355810479
395 89.4422288571 10702.1662915 27.840134377
400 89.4422288571 6316.85034818 24.2964447258
0 94.4112415714 30199.8372249 43.5958280605
5 94.4112415714 43225.3581137 54.1215015061
10 94.4112415714 53827.0374703 62.6885151275
15 94.4112415714 58330.9602224 66.3280486646
20 94.4112415714 55165.7557306 63.7703076611
25 94.4112415714 46042.951296 56.3983444816
30 94.4112415714 35283.0350628 47.703462677
35 94.4112415714 27683.0128198 41.5620305614
40 94.4112415714 26249.1515864 40.4033548173
45 94.4112415714 30985.1095953 44.2303915922
50 94.4112415714 39197.3064838 50.8665102899
55 94.4112415714 47100.7030149 57.2530933453
60 94.4112415714 51864.7098738 61.1027958576
65 94.4112415714 52823.3919557 61.8774884491
70 94.4112415714 51142.140582 60.5189014804
75 94.4112415714 48551.4099571 58.4253817835
80 94.4112415714 46337.2978578 56.6362002891
85 94.4112415714 45069.269465 55.6115308808
90 94.4112415714 44703.5039581 55.3159627944
95 94.4112415714 44705.4530701 55.3175378344
100 94.4112415714 44332.8118862 55.0164136455
105 94.4112415714 43288.3191976 54.1723791496
110 94.4112415714 42274.3421326 53.3530037435
115 94.4112415714 42499.8363097 53.5352212604
120 94.4112415714 44132.1677154 54.8542769417
125 94.4112415714 45323.1061471 55.816651432
130 94.4112415714 43340.1230662 54.2142408616
135 94.4112415714 37010.2688874 49.0992071818
140 94.4112415714 27992.4168412 41.8120540131
145 94.4112415714 19630.6521952 35.0550724809
150 94.4112415714 14649.5867525 31.0299690929
155 94.4112415714 13693.6934286 30.2575300433
160 94.4112415714 15465.9216146 31.6896336279
165 94.4112415714 17945.4562977 33.6932980183
170 94.4112415714 19770.2190704 35.1678537943
175 94.4112415714 20934.17825 36.1084268687
180 94.4112415714 22391.3023016 37.2859008498
185 94.4112415714 25039.7295034 39.4260440432
190 94.4112415714 29077.3810647 42.6887927796
195 94.4112415714 34155.8442445 46.7926014097
200 94.4112415714 39827.0415552 51.3753871153
205 94.4112415714 45676.2507588 56.1020208152
210 94.4112415714 51225.6620702 60.5863935921
215 94.4112415714 56105.1303163 64.5293982354
220 94.4112415714 60518.0766734 68.0954154937
225 94.4112415714 65308.0561815 71.9661060052
230 94.4112415714 71129.3603779 76.6701902044
235 94.4112415714 77392.6683102 81.7314491396
240 94.4112415714 82223.0961373 85.6348251614
245 94.4112415714 83643.3593907 86.782512639
250 94.4112415714 80872.3646335 84.5433249564
255 94.4112415714 74660.3158802 79.52348758
260 94.4112415714 66675.455942 73.0710755087
265 94.4112415714 58730.8767064 66.6512135001
270 94.4112415714 52426.7027585 61.556931522
275 94.4112415714 49015.6913736 58.8005586857
280 94.4112415714 49000.6083114 58.7883703526
285 94.4112415714 51628.3195182 60.911773348
290 94.4112415714 55071.2308596 63.693923927
295 94.4112415714 57460.9205975 65.6249863414
300 94.4112415714 57773.4048338 65.8774988556
305 94.4112415714 55701.8462143 64.2035120923
310 94.4112415714 51040.0703896 60.4364205168
315 94.4112415714 43670.0240885 54.4808275463
320 94.4112415714 34177.4091009 46.8100275563
325 94.4112415714 24095.1320447 38.6627329654
330 94.4112415714 15251.522223 31.5163815944
335 94.4112415714 8833.42971599 26.3300442149
340 94.4112415714 5017.66509545 23.2465980569
345 94.4112415714 3324.04313343 21.8780146533
350 94.4112415714 3227.1848678 21.7997453477
355 94.4112415714 4542.57103315 22.8626836632
360 94.4112415714 7373.32825546 25.1501642468
365 94.4112415714 11654.4607989 28.609665292
370 94.4112415714 16601.8372464 32.6075452496
375 94.4112415714 20618.360441 35.8532205584
380 94.4112415714 22012.6302969 36.9799032703
385 94.4112415714 20106.5958065 35.439673379
390 94.4112415714 15736.67187 31.9084217131
395 94.4112415714 10648.184372 27.7965126239
400 94.4112415714 6372.38287664 24.3413194963
0 99.3802542857 30044.8475339 43.4705838658
5 99.3802542857 42102.9914408 53.214538538
10 99.3802542857 51105.780733 60.4895197843
15 99.3802542857 53822.7217152 62.6850276486
20 99.3802542857 49440.5641148 59.1438901938
25 99.3802542857 40256.5953444 51.7225012884
30 99.3802542857 30620.1594853 43.9354824124
35 99.3802542857 24866.7551103 39.2862667558
40 99.3802542857 25396.6774428 39.7144868225
45 99.3802542857 31692.6768719 44.8021631288
50 99.3802542857 40665.5538736 52.0529728272
55 99.3802542857 48334.7271458 58.2502845623
60 99.3802542857 52040.79428 61.2450862869
65 99.3802542857 51687.542621 60.9596304008
70 99.3802542857 49170.1425899 58.9253677494
75 99.3802542857 46779.785828 56.9937663257
80 99.3802542857 46010.9137545 56.3724555592
85 99.3802542857 47267.9933188 57.3882774293
90 99.3802542857 50009.7921593 59.6038724519
95 99.3802542857 52962.8349855 61.9901696853
100 99.3802542857 54596.0778702 63.3099619153
105 99.3802542857 54051.0660206 62.8695482994
110 99.3802542857 51945.9092305 61.1684114994
115 99.3802542857 49942.3970159 59.54941173
120 99.3802542857 48980.213871 58.7718899968
125 99.3802542857 47919.9541851 57.915114493
130 99.3802542857 44377.0894512 55.052193496
135 99.3802542857 37107.6195109 49.1778743523
140 99.3802542857 27410.0731758 41.3414732734
145 99.3802542857 18173.6226439 33.8776748638
150 99.3802542857 11782.3116537 28.7129791141
155 99.3802542857 8862.73551475 26.3537256685
160 99.3802542857 8522.7308857 26.0789744531
165 99.3802542857 9388.19034659 26.7783356336
170 99.3802542857 10542.6366922 27.7112215695
175 99.3802542857 11872.1228634 28.785553829
180 99.3802542857 13769.1791081 30.3185285722
185 99.3802542857 16581.2824172 32.5909352866
190 99.3802542857 20339.3722837 35.6277755828
195 99.3802542857 24915.8435899 39.3259342141
200 99.3802542857 30238.9020118 43.6273955651
205 99.3802542857 36191.2252723 48.4373537554
210 99.3802542857 42356.7893066 53.4196277225
215 99.3802542857 48141.349536 58.0940198271
220 99.3802542857 53362.8043861 62.3133772817
225 99.3802542857 58580.3079055 66.5295417418
230 99.3802542857 64458.2533076 71.2793966122
235 99.3802542857 70666.2735966 76.2959786639
240 99.3802542857 75613.6699118 80.2938746762
245 99.3802542857 77443.0204274 81.7721377191
250 99.3802542857 75327.7960236 80.0628654736
255 99.3802542857 69968.9936974 75.7325201595
260 99.3802542857 63107.1338969 70.1875829469
265 99.3802542857 56654.403039 64.973254981
270 99.3802542857 52117.0434751 61.3067017981
275 99.3802542857 50424.6179349 59.9390851999
280 99.3802542857 51766.9123593 61.0237675631
285 99.3802542857 55315.1804097 63.8910548765
290 99.3802542857 59350.0033016 67.1515178195
295 99.3802542857 62073.9985372 69.3527260907
300 99.3802542857 62399.4738051 69.6157364081
305 99.3802542857 59915.2433786 67.6082774777
310 99.3802542857 54399.7825575 63.1513394404
315 99.3802542857 45865.5744628 56.2550096669
320 99.3802542857 35161.3511159 47.6051322149
325 99.3802542857 24126.8568364 38.6883691607
330 99.3802542857 14790.7408125 31.1440329798
335 99.3802542857 8331.01405347 25.9240517604
340 99.3802542857 4745.33763223 23.0265354604
345 99.3802542857 3335.98513691 21.8876647571
350 99.3802542857 3436.33623127 21.9687565505
355 99.3802542857 4848.42858281 23.109841279
360 99.3802542857 7779.27516373 25.4782021525
365 99.3802542857 12307.5577388 29.137420395
370 99.3802542857 17711.9756142 33.504626759
375 99.3802542857 22300.0390303 37.2121527518
380 99.3802542857 24168.681756 38.7221670756
385 99.3802542857 22445.3852731 37.3296042611
390 99.3802542857 17904.7026962 33.6603658152
395 99.3802542857 12379.7242668 29.1957367813
400 99.3802542857 7568.36026081 25.3077658673
0 104.349267 29427.1768185 42.971456015
5 104.349267 40383.7097476 51.8252199981
10 104.349267 47722.8809617 57.7558634034
15 104.349267 48679.8462717 58.5291687044
20 104.349267 43177.5694168 54.0828843772
25 104.349267 34022.3354459 46.6847155118
30 104.349267 25457.1066663 39.7633185183
35 104.349267 21191.6382781 36.3164753763
40 104.349267 22923.0240202 37.7155749658
45 104.349267 29710.7019099 43.2005671999
50 104.349267 38394.4036561 50.2176999241
55 104.349267 45192.9200416 55.7114505387
60 104.349267 47842.3623657 57.8524140329
65 104.349267 46775.7481032 56.9905035178
70 104.349267 44432.0697852 55.0966220487
75 104.349267 43469.1901498 54.3185374948
80 104.349267 45373.3099186 55.8572201363
85 104.349267 50088.6918447 59.6676297735
90 104.349267 56310.3896914 64.6952643971
95 104.349267 62011.3115359 69.302069928
100 104.349267 65165.8586221 71.8511988865
105 104.349267 64719.2662987 71.4903162009
110 104.349267 61338.9132878 68.7587178083
115 104.349267 57001.0187366 65.253348474
120 104.349267 53246.9125916 62.2197273467
125 104.349267 49667.9563388 59.3276414859
130 104.349267 44417.6912212 55.085003007
135 104.349267 36347.2797673 48.5634583978
140 104.349267 26422.703751 40.5435989907
145 104.349267 17023.3419886 32.9481551423
150 104.349267 10145.0620028 27.3899490932
155 104.349267 6330.77513365 24.3076970777
160 104.349267 4911.4426034 23.1607616997
165 104.349267 4867.34660182 23.1251285671
170 104.349267 5497.10561682 23.6340247409
175 104.349267 6590.12822455 24.517275333
180 104.349267 8219.3740835 25.8338376432
185 104.349267 10462.2846668 27.6462906398
190 104.349267 13325.3140875 29.9598497677
195 104.349267 16878.9584461 32.8314815726
200 104.349267 21323.3704286 36.4229255988
205 104.349267 26750.5483545 40.8085239228
210 104.349267 32794.9764989 45.6929103022
215 104.349267 38697.1450343 50.4623394217
220 104.349267 43944.8873176 54.7029392466
225 104.349267 48813.4518224 58.6371327858
230 104.349267 53984.8351645 62.8160284158
235 104.349267 59501.4531169 67.2739015086
240 104.349267 64239.6919039 71.1027813365
245 104.349267 66542.2802019 72.963458749
250 104.349267 65415.4216486 72.0528659787
255 104.349267 61283.8845107 68.7142501097
260 104.349267 55812.4963809 64.2929263684
265 104.349267 51035.5674531 60.4327817803
270 104.349267 48492.9005216 58.3781014316
275 104.349267 48870.7332306 58.6834207924
280 104.349267 51982.6873843 61.1981312196
285 104.349267 56764.1529846 65.0619418057
290 104.349267 61475.2250174 68.868868701
295 104.349267 64384.4200035 71.2197333362
300 104.349267 64472.3809585 71.2908128958
305 104.349267 61448.1784655 68.8470129014
310 104.349267 55287.7067633 63.8688539501
315 104.349267 46193.342934 56.519873078
320 104.349267 35117.901988 47.5700218085
325 104.349267 23937.148939 38.5350698497
330 104.349267 14694.5829465 31.0663296537
335 104.349267 8558.45665997 26.1078437656
340 104.349267 5456.73072018 23.6013985618
345 104.349267 4555.24112859 22.8729221241
350 104.349267 5039.72718731 23.2644260099
355 104.349267 6654.48280877 24.5692790374
360 104.349267 9706.76071685 27.0357662358
365 104.349267 14479.0077793 30.8921274985
370 104.349267 20389.985287 35.6686749794
375 104.349267 25678.1273729 39.9419211094
380 104.349267 28171.8999914 41.9570909022
385 104.349267 26693.5147024 40.7624361231
390 104.349267 21863.3114369 36.8592415652
395 104.349267 15593.0695371 31.7923794239
400 104.349267 9829.12199053 27.1346440328
0 109.318279714 28425.1338639 42.1617243345
5 109.318279714 38437.9475461 50.2528869059
10 109.318279714 44496.7678906 55.1489033459
15 109.318279714 44182.0806019 54.8946105874
20 109.318279714 37918.4290123 49.8330739493
25 109.318279714 28805.6382567 42.4692026317
30 109.318279714 20885.0360688 36.0687160152
35 109.318279714 17263.6190409 33.1423184169
40 109.318279714 19047.2933137 34.5836713646
45 109.318279714 25098.089025 39.4732032526
50 109.318279714 32532.9802065 45.4811961265
55 109.318279714 38110.0530611 49.9879216655
60 109.318279714 40078.6678312 51.5787214797
65 109.318279714 39217.7205839 50.8830065324
70 109.318279714 38167.1624874 50.0340706969
75 109.318279714 39637.5565048 51.2222678827
80 109.318279714 44879.3899333 55.4580928754
85 109.318279714 53219.9874168 62.1979696297
90 109.318279714 62565.7457464 69.7500975729
95 109.318279714 70350.5733947 76.0408673897
100 109.318279714 74476.5690615 79.3750053022
105 109.318279714 74084.6072411 79.0582684777
110 109.318279714 69993.4958618 75.7523198883
115 109.318279714 64262.5962988 71.1212899384
120 109.318279714 58662.3749288 66.5958585283
125 109.318279714 53231.6614109 62.2074031603
130 109.318279714 46563.2934194 56.8188229652
135 109.318279714 37656.7570559 49.6216218633
140 109.318279714 27291.2985895 41.2454938097
145 109.318279714 17531.3573495 33.3586726056
150 109.318279714 10167.0270915 27.4076986598
155 109.318279714 5735.18476746 23.8264119333
160 109.318279714 3703.54368717 22.1846817674
165 109.318279714 3207.67007609 21.7839758191
170 109.318279714 3592.3579389 22.0948346981
175 109.318279714 4519.36289567 22.8439296127
180 109.318279714 5821.66972739 23.8962987696
185 109.318279714 7383.83778332 25.1586567946
190 109.318279714 9193.03885965 26.6206374623
195 109.318279714 11469.8894992 28.460516767
200 109.318279714 14635.7458184 31.0187844997
205 109.318279714 18978.5169759 34.528094526
210 109.318279714 24235.0563576 38.7758031173
215 109.318279714 29583.5624134 43.0978282129
220 109.318279714 34255.7540208 46.8733365825
225 109.318279714 38220.9996484 50.0775754735
230 109.318279714 42114.3681649 53.2237318504
235 109.318279714 46370.1345323 56.6627349756
240 109.318279714 50465.440658 59.972073259
245 109.318279714 53074.1488644 62.0801202945
250 109.318279714 53028.595761 62.0433097059
255 109.318279714 50317.3650029 59.852416164
260 109.318279714 46328.5944854 56.6291672609
265 109.318279714 43124.4695372 54.0399753836
270 109.318279714 42350.9556231 53.4149136348
275 109.318279714 44603.6958539 55.2353097809
280 109.318279714 49405.8614629 59.1158476468
285 109.318279714 55416.1732375 63.9726652424
290 109.318279714 60766.358962 68.296047646
295 109.318279714 63706.3993429 70.6718378528
300 109.318279714 63287.5828581 70.3334002893
305 109.318279714 59462.9497129 67.2427876468
310 109.318279714 52622.2592222 61.7149569472
315 109.318279714 43337.6641865 54.2122538881
320 109.318279714 32663.2842108 45.5864922915
325 109.318279714 22319.7803502 37.2281053335
330 109.318279714 14141.2883269 30.6192228904
335 109.318279714 9176.7624183 26.6074847825
340 109.318279714 7279.59269664 25.0744183407
345 109.318279714 7457.38553719 25.218089323
350 109.318279714 8641.26093805 26.1747563136
355 109.318279714 10392.3620114 27.5897874839
360 109.318279714 13100.8207895 29.778441042
365 109.318279714 17404.664927 33.2562948905
370 109.318279714 23132.2796204 37.8846704003
375 109.318279714 28715.1553902 42.3960851638
380 109.318279714 31834.865645 44.9170631475
385 109.318279714 30921.0010354 44.1785866953
390 109.318279714 26200.7651913 40.3642547
395 109.318279714 19434.1941441 34.8963185003
400 109.318279714 12731.6404367 29.4801134842
0 114.287292429 27137.1554984 41.1209337361
5 114.287292429 36529.68075 48.7108531313
10 114.287292429 41935.8662568 53.0794878843
15 114.287292429 41091.2124726 52.3969393718
20 114.287292429 34587.369883 47.1413089964
25 114.287292429 25557.1085456 39.8441281176
30 114.287292429 17819.3813503 33.591419273
35 114.287292429 14070.2346719 30.5618057955
40 114.287292429 15087.9507808 31.3842026512
45 114.287292429 19776.5664623 35.1729829998
50 114.287292429 25716.4095168 39.9728561752
55 114.287292429 30291.2498514 43.6696968496
60 114.287292429 32179.256852 45.1953590723
65 114.287292429 32246.7862129 45.2499282528
70 114.287292429 33008.0325191 45.8650767831
75 114.287292429 36971.8391041 49.0681528114
80 114.287292429 45063.4990688 55.6068679344
85 114.287292429 56098.2400045 64.5238303067
90 114.287292429 67467.6568009 73.7112378189
95 114.287292429 76428.3179605 80.9521761297
100 114.287292429 81140.8800704 84.7603071276
105 114.287292429 81129.1084597 84.7507947149
110 114.287292429 77337.6045753 81.6869531922
115 114.287292429 71669.9952704 77.1070668852
120 114.287292429 65752.4726876 72.3252304546
125 114.287292429 59693.2159981 67.4288614126
130 114.287292429 52265.0120105 61.4262723317
135 114.287292429 42550.4479635 53.5761195665
140 114.287292429 31283.4857882 44.4715036672
145 114.287292429 20501.1558075 35.7585097435
150 114.287292429 12094.543411 28.9652876049
155 114.287292429 6787.0616276 24.6764134364
160 114.287292429 4208.26309962 22.5925358381
165 114.287292429 3562.74468438 22.0709047955
170 114.287292429 4140.58793005 22.5378488324
175 114.287292429 5398.72031231 23.5545214645
180 114.287292429 6841.70124863 24.7205666656
185 114.287292429 8039.69954636 25.6886460981
190 114.287292429 8862.62354718 26.3536351896
195 114.287292429 9685.88471929 27.0188967429
200 114.287292429 11264.1337236 28.2942494736
205 114.287292429 14229.3517634 30.6903852634
210 114.287292429 18530.1435225 34.1657725434
215 114.287292429 23308.5490379 38.0271103337
220 114.287292429 27462.7841481 41.3840679984
225 114.287292429 30502.6630685 43.8405358129
230 114.287292429 32881.5852952 45.7628972083
235 114.287292429 35412.3060058 47.8079240451
240 114.287292429 38294.4037054 50.1368918832
245 114.287292429 40698.4653715 52.079567977
250 114.287292429 41370.5957547 52.6227036401
255 114.287292429 39807.1471614 51.3593108375
260 114.287292429 36959.9750565 49.0585657022
265 114.287292429 34785.9841377 47.3018053638
270 114.287292429 35049.8194636 47.5150056271
275 114.287292429 38412.0581753 50.2319662023
280 114.287292429 44285.4607702 54.9781501174
285 114.287292429 51140.27383 60.5173929939
290 114.287292429 56948.3499691 65.2107878538
295 114.287292429 59836.5956256 67.5447237378
300 114.287292429 58827.6775 66.7294363636
305 114.287292429 54108.2269265 62.9157389305
310 114.287292429 46596.6831334 56.8458045522
315 114.287292429 37401.7888841 49.4155869771
320 114.287292429 27755.6430686 41.6207216716
325 114.287292429 19145.5350725 34.6630586445
330 114.287292429 13046.1667999 29.7342762019
335 114.287292429 10282.034111 27.5006336251
340 114.287292429 10571.4302305 27.7344890751
345 114.287292429 12646.4345714 29.4112602597
350 114.287292429 14964.929141 31.284791225
355 114.287292429 16690.4449825 32.6791474606
360 114.287292429 18255.4953247 33.9438346058
365 114.287292429 20866.1037444 36.0534171672
370 114.287292429 25154.6190556 39.5188840853
375 114.287292429 30153.7100669 43.5585535894
380 114.287292429 33636.9549124 46.3732968989
385 114.287292429 33600.2683422 46.3436511856
390 114.287292429 29599.8700165 43.111006074
395 114.287292429 22915.3434179 37.7093684185
400 114.287292429 15628.9162729 31.8213464832
0 119.256305143 25533.0658047 39.8246996402
5 119.256305143 34609.1489672 47.1589082563
10 119.256305143 39990.7987949 51.5077161979
15 119.256305143 39391.4495457 51.0233935723
20 119.256305143 33238.5327792 46.0513396195
25 119.256305143 24451.0388543 38.9503344277
30 119.256305143 16661.6579691 32.6558852276
35 119.256305143 12446.0947901 29.2493695273
40 119.256305143 12592.0888411 29.367344518
45 119.256305143 16228.6846863 32.3060078273
50 119.256305143 21353.523721 36.4472918957
55 119.256305143 25749.4792724 39.99957921
60 119.256305143 28230.2941251 42.0042780809
65 119.256305143 29493.848578 43.0253321842
70 119.256305143 31754.3448515 44.8519958396
75 119.256305143 37245.3701172 49.2891879735
80 119.256305143 46652.6414745 56.8910234137
85 119.256305143 58579.7468804 66.5290883882
90 119.256305143 70345.7155389 76.0369418496
95 119.256305143 79410.0737191 83.3616757326
100 119.256305143 84354.8157253 87.3574268487
105 119.256305143 85051.6361306 87.9205140449
110 119.256305143 82442.119541 85.8118137705
115 119.256305143 78093.0762114 82.2974353223
120 119.256305143 73240.1263396 78.3758596684
125 119.256305143 67776.8895714 73.961122886
130 119.256305143 60416.4149058 68.0132645703
135 119.256305143 50207.3799631 59.7635393641
140 119.256305143 37883.5569778 49.8048945275
145 119.256305143 25646.8962559 39.9166838432
150 119.256305143 15747.2586844 31.9169767146
155 119.256305143 9305.83492871 26.711785801
160 119.256305143 6219.78504398 24.2180081163
165 119.256305143 5786.77568559 23.8681015641
170 119.256305143 7218.40958282 25.0249774407
175 119.256305143 9665.65005927 27.0025455024
180 119.256305143 12080.3821416 28.9538441549
185 119.256305143 13432.2156009 30.046234829
190 119.256305143 13308.9701001 29.9466425051
195 119.256305143 12343.7001797 29.1666264078
200 119.256305143 11948.0291124 28.846892212
205 119.256305143 13434.8644268 30.0483752943
210 119.256305143 17113.0997902 33.0206866992
215 119.256305143 21977.8082447 36.9517642382
220 119.256305143 26300.4920617 40.4448420701
225 119.256305143 28825.1156579 42.4849419458
230 119.256305143 29662.2768654 43.1614358508
235 119.256305143 30036.1221411 43.4635330433
240 119.256305143 31027.1020136 44.2643248595
245 119.256305143 32478.3158174 45.4370228827
250 119.256305143 33161.0034076 45.9886896223
255 119.256305143 32085.3184895 45.1194492844
260 119.256305143 29676.5969817 43.173007662
265 119.256305143 27673.1439175 41.5540556909
270 119.256305143 27926.9698163 41.7591675283
275 119.256305143 31267.8215725 44.4588457151
280 119.256305143 37188.2887212 49.2430615929
285 119.256305143 44139.9303011 54.8605497382
290 119.256305143 50012.6647595 59.606193745
295 119.256305143 52793.0102768 61.8529375974
300 119.256305143 51392.2204245 60.7209862016
305 119.256305143 46121.5786872 56.4618817674
310 119.256305143 38343.8272448 50.1768300968
315 119.256305143 29679.3823539 43.1752584678
320 119.256305143 21556.3357938 36.6111804395
325 119.256305143 15248.5826125 31.5140061515
330 119.256305143 11882.4692512 28.7939145464
335 119.256305143 12065.7487089 28.9420191587
340 119.256305143 15349.3084478 31.5954007659
345 119.256305143 20051.5086017 35.395158466
350 119.256305143 23916.0494989 38.5180197971
355 119.256305143 25488.9390153 39.7890416285
360 119.256305143 25203.0694611 39.5580359282
365 119.256305143 25020.0312917 39.4101262963
370 119.256305143 26703.7379019 40.7706972945
375 119.256305143 30205.6687701 43.6005404203
380 119.256305143 33579.7998092 46.3271109569
385 119.256305143 34400.8820335 46.9906117442
390 119.256305143 31423.3863713 44.5845546435
395 119.256305143 25259.8408951 39.6039118344
400 119.256305143 17809.4628985 33.5834043624
0 124.225317857 23456.4997335 38.1466664513
5 124.225317857 32377.6325771 45.3556626885
10 124.225317857 38207.9605421 50.0670388219
15 124.225317857 38522.5767432 50.3212741359
20 124.225317857 33310.60579 46.1095804364
25 124.225317857 25059.6671113 39.4421552414
30 124.225317857 17257.9571945 33.1377431875
35 124.225317857 12652.9212073 29.4165019857
40 124.225317857 12369.1479441 29.1871902579
45 124.225317857 15879.6540832 32.0239628956
50 124.225317857 21408.8983352 36.4920390587
55 124.225317857 26740.5150026 40.8004161637
60 124.225317857 30441.7716254 43.7913306064
65 124.225317857 32843.5837489 45.732188888
70 124.225317857 35842.5690446 48.1556113491
75 124.225317857 41478.165181 52.7096284291
80 124.225317857 50373.2857541 59.8976046498
85 124.225317857 61242.4504189 68.6807680153
90 124.225317857 71733.7007675 77.1585460748
95 124.225317857 79791.8177598 83.6701557655
100 124.225317857 84461.028375 87.4432552525
105 124.225317857 85842.8906377 88.5599116264
110 124.225317857 84747.6303736 87.6748528271
115 124.225317857 82303.1891033 85.6995467501
120 124.225317857 79235.3498806 83.220484752
125 124.225317857 75089.3099011 79.870149415
130 124.225317857 68418.8589528 74.4798860224
135 124.225317857 58192.3927302 66.2160749335
140 124.225317857 45138.170554 55.6672085285
145 124.225317857 31657.5761443 44.7737989045
150 124.225317857 20432.5751298 35.703091014
155 124.225317857 13071.1540717 29.7544679368
160 124.225317857 9824.55653067 27.1309547723
165 124.225317857 10170.0288771 27.4101243452
170 124.225317857 13296.6845825 29.9367148141
175 124.225317857 17975.158199 33.7172995548
180 124.225317857 22327.8604853 37.2346347356
185 124.225317857 24352.0072862 38.8703089182
190 124.225317857 23155.4530792 37.9033964277
195 124.225317857 19799.7262691 35.1916979952
200 124.225317857 16810.5418201 32.7761954102
205 124.225317857 16627.1328162 32.6279861141
210 124.225317857 20080.8154003 35.4188407275
215 124.225317857 25833.1811806 40.0672171156
220 124.225317857 31143.068838 44.3580354246
225 124.225317857 33643.6176956 46.3786809661
230 124.225317857 32962.4494571 45.8282419856
235 124.225317857 30795.4795376 44.0771551819
240 124.225317857 29252.9013466 42.8306273508
245 124.225317857 28993.9716164 42.6213912052
250 124.225317857 28922.1119266 42.563322769
255 124.225317857 27616.8981525 41.5086045677
260 124.225317857 24957.6902886 39.3597497282
265 124.225317857 22376.9098402 37.2742705779
270 124.225317857 21729.1669908 36.7508420128
275 124.225317857 24018.3068031 38.6006519621
280 124.225317857 28933.2524191 42.5723251872
285 124.225317857 35081.6818862 47.5407530393
290 124.225317857 40444.7826928 51.874571873
295 124.225317857 43002.8175964 53.941670785
300 124.225317857 41592.6069642 52.8021066377
305 124.225317857 36520.9192171 48.7037731047
310 124.225317857 29320.5253365 42.8852729992
315 124.225317857 21849.8234997 36.8483422219
320 124.225317857 15610.8213617 31.8067243327
325 124.225317857 11720.1943002 28.6627832729
330 124.225317857 11100.5181966 28.1620349064
335 124.225317857 14268.2953499 30.7218548282
340 124.225317857 20654.8405282 35.8826994167
345 124.225317857 28130.5735168 41.9236957712
350 124.225317857 33644.2776373 46.3792142524
355 124.225317857 35054.2859693 47.5186149247
360 124.225317857 32777.4102641 45.6787153649
365 124.225317857 29561.3541381 43.0798821318
370 124.225317857 28331.3930369 42.0859741713
375 124.225317857 29957.1045892 43.3996804761
380 124.225317857 32776.257829 45.6777841043
385 124.225317857 34014.5310641 46.6784089407
390 124.225317857 31768.1871409 44.863181528
395 124.225317857 26104.4180462 40.2863984212
400 124.225317857 18736.714539 34.3326986173
0 129.194330571 20859.7911564 36.0483160859
5 129.194330571 29628.9826976 43.1345314728
10 129.194330571 36146.440664 48.401164173
15 129.194330571 37807.8168928 49.7436904184
20 129.194330571 33991.7692787 46.6600155787
25 129.194330571 26593.0892617 40.6812842519
30 129.194330571 18962.3049286 34.5149938817
35 129.194330571 14207.0483096 30.6723622704
40 129.194330571 14008.6319647 30.51202583
45 129.194330571 18247.95937 33.9377449455
50 129.194330571 25205.9846261 39.5603916171
55 129.194330571 32352.0676246 45.3350041411
60 129.194330571 37731.4623009 49.6819897381
65 129.194330571 41196.136815 52.4817267192
70 129.194330571 44358.6116218 55.0372619166
75 129.194330571 49165.3127968 58.9214648863
80 129.194330571 56325.1367763 64.7071812333
85 129.194330571 64874.8485465 71.6160392295
90 129.194330571 73009.5858523 78.1895643251
95 129.194330571 79269.8804925 83.2483882768
100 129.194330571 83127.9103307 86.365988146
105 129.194330571 84823.9795102 87.7365490992
110 129.194330571 84979.3314997 87.8620860604
115 129.194330571 84250.9875867 87.2735253226
120 129.194330571 82814.2259374 86.112505808
125 129.194330571 79856.8475239 83.7227050698
130 129.194330571 73857.1712328 78.8744818042
135 129.194330571 63843.6309487 70.7827320797
140 129.194330571 50616.4976548 60.094139519
145 129.194330571 36716.1931714 48.8615702395
150 129.194330571 25095.2933009 39.4709440816
155 129.194330571 17687.5831689 33.484915692
160 129.194330571 15028.2815088 31.3359850577
165 129.194330571 16824.6451002 32.7875920002
170 129.194330571 22350.5879826 37.25300039
175 129.194330571 30019.6014158 43.4501829623
180 129.194330571 36962.0997479 49.0602826245
185 129.194330571 39930.5622082 51.4590401683
190 129.194330571 37399.7584193 49.4139461974
195 129.194330571 30994.0518535 44.2376176594
200 129.194330571 24706.6012632 39.1568495056
205 129.194330571 22433.4997051 37.3199997617
210 129.194330571 25640.1821173 39.9112582766
215 129.194330571 32539.2445005 45.4862581822
220 129.194330571 39173.4788226 50.8472556143
225 129.194330571 41915.0511402 53.0626675881
230 129.194330571 39844.6488921 51.3896152664
235 129.194330571 35097.5269 47.5535570909
240 129.194330571 30780.6575913 44.0651778515
245 129.194330571 28379.977183 42.1252340872
250 129.194330571 27032.3226642 41.0362203347
255 129.194330571 25035.2415478 39.4224174123
260 129.194330571 21803.2242747 36.8106862826
265 129.194330571 18406.6966905 34.0660175277
270 129.194330571 16560.1857141 32.5738874458
275 129.194330571 17331.6075707 33.197258643
280 129.194330571 20606.9487717 35.8439990074
285 129.194330571 25263.3762976 39.6067687253
290 129.194330571 29571.6928207 43.0882366228
295 129.194330571 31740.7075761 44.8409758191
300 129.194330571 30686.1311579 43.9887928549
305 129.194330571 26632.6055944 40.713216642
310 129.194330571 20952.6141608 36.1233245744
315 129.194330571 15341.9094031 31.5894217399
320 129.194330571 11143.216391 28.1965384978
325 129.194330571 9330.49918653 26.7317165144
330 129.194330571 10776.2579878 27.9000064548
335 129.194330571 16059.5669754 32.1693470509
340 129.194330571 24621.1477131 39.0877961318
345 129.194330571 34054.8647877 46.7110018487
350 129.194330571 40750.1391783 52.1213245886
355 129.194330571 42075.7860534 53.1925543866
360 129.194330571 38445.7837273 50.2592191735
365 129.194330571 33166.1448671 45.992844337
370 129.194330571 29937.1860878 43.3835847174
375 129.194330571 30171.0458342 43.5725622903
380 129.194330571 32309.7567897 45.3008135675
385 129.194330571 33361.5473868 46.1507453631
390 129.194330571 31145.1600774 44.3597253151
395 129.194330571 25567.7229947 39.8527054502
400 129.194330571 18304.2841707 33.983259936
0 134.163343286 17918.3609315 33.671402773
5 134.163343286 26383.127261 40.5116179887
10 134.163343286 33502.0208205 46.2642592489
15 134.163343286 36542.7097058 48.7213815804
20 134.163343286 34267.6510225 46.8829503212
25 134.163343286 27925.6307333 41.7580854411
30 134.163343286 20679.624932 35.9027272178
35 134.163343286 15986.3805042 32.1102064681
40 134.163343286 16097.2378699 32.1997881777
45 134.163343286 21301.7445709 36.4054501583
50 134.163343286 29916.0207956 43.366481451
55 134.163343286 39074.9535551 50.7676392365
60 134.163343286 46294.9349445 56.6019676319
65 134.163343286 50935.1686422 60.3516514281
70 134.163343286 54293.2756276 63.0652732344
75 134.163343286 58211.9293711 66.2318621181
80 134.163343286 63532.6747028 70.5314543053
85 134.163343286 69686.4384972 75.504192725
90 134.163343286 75432.0218715 80.147088381
95 134.163343286 79831.7918871 83.7024580906
100 134.163343286 82674.7968812 85.9998358636
105 134.163343286 84272.706475 87.2910759394
110 134.163343286 85055.6447875 87.9237533636
115 134.163343286 85231.3029738 88.0656993728
120 134.163343286 84453.4848792 87.4371594983
125 134.163343286 81657.2534462 85.1775785424
130 134.163343286 75499.2968553 80.2014520043
135 134.163343286 65407.3312539 72.0463282859
140 134.163343286 52468.9553832 61.5910750571
145 134.163343286 39278.7097515 50.9322907083
150 134.163343286 28702.363755 42.3857484889
155 134.163343286 22572.3814593 37.4322274418
160 134.163343286 21415.2977121 36.4972102724
165 134.163343286 25090.4484861 39.4670290797
170 134.163343286 33051.046926 45.8998358998
175 134.163343286 43521.6395432 54.360920843
180 134.163343286 52791.2797293 61.8515391752
185 134.163343286 56454.5909151 64.8117906385
190 134.163343286 52376.6003819 61.516444753
195 134.163343286 42722.219642 53.7149249633
200 134.163343286 32894.8361975 45.7736050081
205 134.163343286 28170.3872476 41.9558684829
210 134.163343286 30606.1724352 43.9241797456
215 134.163343286 38046.3877741 49.9364749689
220 134.163343286 45552.938663 56.0023746772
225 134.163343286 48505.3136103 58.3881322103
230 134.163343286 45515.1630783 55.9718489522
235 134.163343286 38930.3541834 50.6507912593
240 134.163343286 32468.2877915 45.4289194275
245 134.163343286 28188.7344123 41.9706944746
250 134.163343286 25512.9327269 39.8084304864
255 134.163343286 22716.0263915 37.5483041547
260 134.163343286 18972.3776752 34.5231334749
265 134.163343286 15017.8103174 31.3275234888
270 134.163343286 12284.9700487 29.1191677161
275 134.163343286 11733.6431049 28.6736509939
280 134.163343286 13355.1040406 29.983922457
285 134.163343286 16319.6614409 32.3795243967
290 134.163343286 19321.7268438 34.8054358334
295 134.163343286 21006.0324773 36.1664908907
300 134.163343286 20542.5679423 35.7919740948
305 134.163343286 18072.2633011 33.7957683241
310 134.163343286 14573.6222938 30.9685836718
315 134.163343286 11233.0185865 28.2691059285
320 134.163343286 8974.67878227 26.4441848746
325 134.163343286 8559.55944163 26.1087349023
330 134.163343286 10872.388282 27.9776875006
335 134.163343286 16663.3420815 32.6572461264
340 134.163343286 25567.2230042 39.8523014175
345 134.163343286 35267.7457977 47.6911077153
350 134.163343286 42118.2439064 53.2268637628
355 134.163343286 43419.6020645 54.2784663147
360 134.163343286 39596.5725048 51.1891494988
365 134.163343286 34055.5470108 46.71155314
370 134.163343286 30582.4736552 43.9050292163
375 134.163343286 30555.3465866 43.8831083528
380 134.163343286 32296.0787739 45.2897606254
385 134.163343286 32775.2355391 45.6769580114
390 134.163343286 29972.7131495 43.4122934542
395 134.163343286 24057.5992234 38.6324034128
400 134.163343286 16843.6678821 32.8029639452
0 139.132356 14849.1905984 31.19126513
5 139.132356 22670.6450051 37.5116323274
10 139.132356 29914.024789 43.3648685164
15 139.132356 33883.2265568 46.5723042883
20 139.132356 32921.5571391 45.7951976882
25 139.132356 27710.9247263 41.5845856374
30 139.132356 21110.7126295 36.2510809127
35 139.132356 16680.5989221 32.6711910482
40 139.132356 17014.7222024 32.9411896585
45 139.132356 22740.5143907 37.5680924369
50 139.132356 32358.3672169 45.3400947207
55 139.132356 42978.4006451 53.9219399152
60 139.132356 51872.8125009 61.109343435
65 139.132356 57984.5208025 66.0480976182
70 139.132356 62165.5060345 69.426671543
75 139.132356 65993.2096787 72.519765397
80 139.132356 70376.5112801 76.061827297
85 139.132356 75110.9335264 79.8876230516
90 139.132356 79406.9187659 83.3591262754
95 139.132356 82654.7036251 85.983598889
100 139.132356 84783.8383505 87.7041117984
105 139.132356 86088.0123853 88.7579898063
110 139.132356 86801.7128947 89.3347174907
115 139.132356 86741.9682485 89.2864389887
120 139.132356 85167.9337859 88.0144919482
125 139.132356 80992.005627 84.6400045471
130 139.132356 73402.5383337 78.5071016838
135 139.132356 62621.9451956 69.7955112692
140 139.132356 50258.5057297 59.8048531149
145 139.132356 38848.4323398 50.5845917898
150 139.132356 30735.7096438 44.0288562778
155 139.132356 27115.8958098 41.1037541897
160 139.132356 28091.7958068 41.892360248
165 139.132356 33466.5134454 46.2355664205
170 139.132356 42886.06344 53.8473239919
175 139.132356 54661.2977352 63.3626648365
180 139.132356 64773.0373045 71.5337675188
185 139.132356 68251.403949 74.3445688477
190 139.132356 62652.9423597 69.8205594826
195 139.132356 50464.7985033 59.9715543461
200 139.132356 37882.8596901 49.8043310627
205 139.132356 30930.8394934 44.1865369643
210 139.132356 31994.0049405 45.045660558
215 139.132356 38826.1932061 50.5666207726
220 139.132356 46202.781595 56.5275002788
225 139.132356 49214.8192455 58.9614700974
230 139.132356 46249.6288997 56.5653566866
235 139.132356 39481.4415169 51.0961143571
240 139.132356 32514.296471 45.4660981583
245 139.132356 27430.8869436 41.3582924797
250 139.132356 23860.6063313 38.4732172374
255 139.132356 20360.0942718 35.6445206237
260 139.132356 16227.9401905 32.3054062145
265 139.132356 12043.2837458 28.9238656531
270 139.132356 8918.87682855 26.3990923867
275 139.132356 7567.66950276 25.307207679
280 139.132356 7962.78495315 25.6264928914
285 139.132356 9511.1683019 26.8777117591
290 139.132356 11350.005269 28.3636406215
295 139.132356 12645.1709762 29.4102391727
300 139.132356 12930.9345737 29.6411592514
305 139.132356 12317.1736466 29.1451908256
310 139.132356 11307.5772201 28.3293553293
315 139.132356 10371.4169639 27.572862193
320 139.132356 9783.26248909 27.0975858498
325 139.132356 9949.91003792 27.2322505357
330 139.132356 11749.7935355 28.6867018469
335 139.132356 16188.4520733 32.2734966249
340 139.132356 23313.2947213 38.0309452293
345 139.132356 31323.1519659 44.5035571442
350 139.132356 37106.9803468 49.177357856
355 139.132356 38326.6807856 50.1629743722
360 139.132356 35386.9838598 47.7874617049
365 139.132356 31277.887072 44.4669794521
370 139.132356 29183.1829269 42.7742892338
375 139.132356 29970.2636127 43.4103140304
380 139.132356 31747.9676412 44.8468425383
385 139.132356 31658.2491894 44.7743427793
390 139.132356 28146.3898627 41.9364766568
395 139.132356 21858.1510397 36.8550715472
400 139.132356 14798.9882835 31.1506976028
0 144.101368714 11751.5065968 28.6880861388
5 144.101368714 18444.2555279 34.0963681034
10 144.101368714 25055.3503605 39.4386669579
15 144.101368714 29172.0219391 42.7652702538
20 144.101368714 29056.2594158 42.6717247805
25 144.101368714 24992.7848096 39.388108937
30 144.101368714 19380.1834376 34.8526734849
35 144.101368714 15486.5838388 31.7063303748
40 144.101368714 15871.8565126 32.0176618284
45 144.101368714 21379.0164564 36.467892086
50 144.101368714 30920.315083 44.1780323903
55 144.101368714 42051.6198285 53.173026124
60 144.101368714 52233.920332 61.401147743
65 144.101368714 60129.6983576 67.7815744304
70 144.101368714 65979.5222275 72.5087048303
75 144.101368714 70855.1927789 76.4486406294
80 144.101368714 75591.624732 80.2760603895
85 144.101368714 80263.3380203 84.0511822387
90 144.101368714 84390.9468347 87.3866237048
95 144.101368714 87497.2139803 89.8967385699
100 144.101368714 89479.3671698 91.498478521
105 144.101368714 90500.7899731 92.3238706854
110 144.101368714 90562.4656684 92.3737096311
115 144.101368714 89171.331744 91.2495610052
120 144.101368714 85420.1899778 88.2183353356
125 144.101368714 78525.5943425 82.6469449233
130 144.101368714 68533.5725238 74.5725838576
135 144.101368714 56691.5119983 65.0032420188
140 144.101368714 45178.0779517 55.6994569307
145 144.101368714 36290.2609842 48.5173826135
150 144.101368714 31493.2462521 44.6410070724
155 144.101368714 30958.5420517 44.20892287
160 144.101368714 34054.2267613 46.7104862717
165 144.101368714 40302.8929991 51.7599135346
170 144.101368714 49458.4363492 59.1583324034
175 144.101368714 60171.6903337 67.8155073403
180 144.101368714 68844.7693744 74.8240560601
185 144.101368714 70882.9150072 76.47104243
190 144.101368714 64063.3282282 70.9602652349
195 144.101368714 50876.0213143 60.3038556076
200 144.101368714 37325.7143077 49.3541125719
205 144.101368714 29183.1921463 42.7742966839
210 144.101368714 28735.8204759 42.4127842229
215 144.101368714 33988.4790794 46.6573568319
220 144.101368714 40300.420466 51.757915528
225 144.101368714 43346.5013468 54.2193950277
230 144.101368714 41628.7753709 52.8313336331
235 144.101368714 36764.9052345 48.9009335228
240 144.101368714 31439.4629842 44.5975458459
245 144.101368714 27064.8317805 41.0624903277
250 144.101368714 23258.8223915 37.9869271851
255 144.101368714 19096.6282102 34.6235379476
260 144.101368714 14419.2865086 30.8438678858
265 144.101368714 9972.07077555 27.2501582025
270 144.101368714 6664.98694235 24.5777672261
275 144.101368714 4922.22426969 23.1694741573
280 144.101368714 4593.81137228 22.9040899978
285 144.101368714 5218.77635211 23.4091122037
290 144.101368714 6297.38010303 24.2807111944
295 144.101368714 7480.65914013 25.2368962749
300 144.101368714 8694.3801484 26.217680928
305 144.101368714 10085.9682696 27.3421965815
310 144.101368714 11708.6289594 28.653437543
315 144.101368714 13215.0975751 29.8707859193
320 144.101368714 14036.5882569 30.5346167733
325 144.101368714 14068.1082772 30.5600874968
330 144.101368714 14165.0624974 30.6384343413
335 144.101368714 15714.3720207 31.8904016329
340 144.101368714 19404.2279724 34.8721034121
345 144.101368714 24260.7698028 38.7965816588
350 144.101368714 28049.4563167 41.8581465186
355 144.101368714 28999.9669628 42.6262359295
360 144.101368714 27402.132774 41.3350567871
365 144.101368714 25460.4729531 39.76603875
370 144.101368714 25364.9313481 39.6888334126
375 144.101368714 27317.954551 41.2670339806
380 144.101368714 29336.3204709 42.8980367441
385 144.101368714 28941.4682504 42.5789642427
390 144.101368714 25128.562804 39.4978285285
395 144.101368714 18935.1553045 34.4930547915
400 144.101368714 12417.5701999 29.2263193535
0 149.070381429 8714.19433703 26.2336923936
5 149.070381429 13848.447893 30.3825841559
10 149.070381429 19121.1857645 34.643382436
15 149.070381429 22629.7652132 37.478598152
20 149.070381429 22883.2495875 37.6834340101
25 149.070381429 19950.7676545 35.31375164
30 149.070381429 15644.794635 31.8341774828
35 149.070381429 12587.5475355 29.3636747761
40 149.070381429 12956.6492357 29.6619387764
45 149.070381429 17680.6993651 33.4793530223
50 149.070381429 26248.6032814 40.4029117426
55 149.070381429 37034.753724 49.1189929083
60 149.070381429 48054.8057327 58.0240854406
65 149.070381429 57843.8356624 65.9344126564
70 149.070381429 65939.206099 72.4761261406
75 149.070381429 72713.1513827 77.9500213193
80 149.070381429 78769.826901 82.8443045665
85 149.070381429 84357.7303677 87.3597821154
90 149.070381429 89209.3394961 91.2802743403
95 149.070381429 92877.3772261 94.2443452332
100 149.070381429 95128.3671458 96.0633269865
105 149.070381429 95902.6497251 96.6890098789
110 149.070381429 94924.9237369 95.8989282722
115 149.070381429 91495.5721006 93.1277350308
120 149.070381429 84818.8288634 87.7323869604
125 149.070381429 74731.6509093 79.5811320479
130 149.070381429 62293.168173 69.529832867
135 149.070381429 49694.3759137 59.3489906374
140 149.070381429 39454.5110976 51.0743524021
145 149.070381429 33391.4968056 46.1749469136
150 149.070381429 31932.9731781 44.9963419621
155 149.070381429 34168.1145943 46.8025168439
160 149.070381429 38708.2423009 50.4713069098
165 149.070381429 44708.3768135 55.3199004554
170 149.070381429 51909.5575242 61.1390363832
175 149.070381429 59409.1165688 67.1992861162
180 149.070381429 64605.1029422 71.3980629836
185 149.070381429 64133.6665137 71.0171042535
190 149.070381429 56524.3342298 64.8681488725
195 149.070381429 44012.233621 54.7573605018
200 149.070381429 31516.2429854 44.6595902913
205 149.070381429 23636.2384946 38.2919098946
210 149.070381429 22155.4635253 37.0953240609
215 149.070381429 25564.3882233 39.8500106855
220 149.070381429 30448.2121963 43.7965351081
225 149.070381429 33713.19307 46.4349034909
230 149.070381429 34263.665206 46.8797294594
235 149.070381429 32949.645103 45.8178950328
240 149.070381429 30988.4988423 44.2331303776
245 149.070381429 28574.7147532 42.2825977804
250 149.070381429 25050.6926643 39.4349031631
255 149.070381429 20105.9071656 35.4391169015
260 149.070381429 14449.0064245 30.8678839794
265 149.070381429 9333.13700924 26.7338480883
270 149.070381429 5671.91544387 23.7752852072
275 149.070381429 3644.33732214 22.1368382401
280 149.070381429 2914.47290772 21.5470488143
285 149.070381429 3045.82282824 21.6531901642
290 149.070381429 3783.56181888 22.2493428839
295 149.070381429 5167.3917785 23.367589316
300 149.070381429 7485.69772285 25.2409678568
305 149.070381429 10974.4934075 28.060196693
310 149.070381429 15296.8335615 31.5529968174
315 149.070381429 19259.0726275 34.7548061636
320 149.070381429 21324.2718953 36.4236540568
325 149.070381429 20773.183757 35.9783303087
330 149.070381429 18472.2522498 34.118991717
335 149.070381429 16348.7812132 32.4030555258
340 149.070381429 15905.5162106 32.0448615844
345 149.070381429 17092.7531244 33.004244949
350 149.070381429 18553.6422838 34.1847614415
355 149.070381429 19010.9255851 34.5542833011
360 149.070381429 18517.2745542 34.1553733771
365 149.070381429 18380.0184426 34.0444593476
370 149.070381429 19790.2593583 35.1840479663
375 149.070381429 22449.0535789 37.3325685486
380 149.070381429 24539.1381895 39.0215258097
385 149.070381429 24117.6007677 38.6808895093
390 149.070381429 20637.8199391 35.8689454053
395 149.070381429 15249.9047655 31.515074558
400 149.070381429 9803.13661804 27.113645752
0 154.039394143 5966.45743455 24.013298937
5 154.039394143 9410.52776645 26.7963860739
10 154.039394143 13026.0387608 29.7180111198
15 154.039394143 15516.2524731 31.7303050288
20 154.039394143 15818.6662058 31.9746797622
25 154.039394143 13920.2615014 30.4406153547
30 154.039394143 11028.7636546 28.1040514381
35 154.039394143 8970.2034656 26.4405684571
40 154.039394143 9366.70568689 26.7609742924
45 154.039394143 13132.9534569 29.8044068338
50 154.039394143 20344.783648 35.6321484024
55 154.039394143 30301.6823282 43.6781271339
60 154.039394143 41729.743301 52.9129238796
65 154.039394143 53170.4663366 62.1579525952
70 154.039394143 63504.4847065 70.5086745103
75 154.039394143 72348.776322 77.6555768259
80 154.039394143 79968.8624923 83.813222216
85 154.039394143 86699.5308599 89.2521461494
90 154.039394143 92450.1995078 93.8991511174
95 154.039394143 96795.290812 97.4103360097
100 154.039394143 99346.7909081 99.4721542692
105 154.039394143 99786.5382529 99.8275056589
110 154.039394143 97586.1482815 98.0494127527
115 154.039394143 91994.9751288 93.5312930334
120 154.039394143 82579.2915044 85.9226598016
125 154.039394143 69957.6642607 75.7233650592
130 154.039394143 56084.5835713 64.5127948051
135 154.039394143 43708.6298325 54.512024107
140 154.039394143 35267.5123893 47.6909191025
145 154.039394143 31891.8511173 44.963112014
150 154.039394143 33053.7160254 45.9019927478
155 154.039394143 37029.4473263 49.1147049101
160 154.039394143 41948.3567555 53.0895812166
165 154.039394143 46717.5876902 56.9435052042
170 154.039394143 51008.420132 60.4108445511
175 154.039394143 54309.2280066 63.0781640457
180 154.039394143 55180.2133544 63.7819905894
185 154.039394143 51856.1270015 61.0958602032
190 154.039394143 43885.786621 54.6551811078
195 154.039394143 33144.7593994 45.975563151
200 154.039394143 23044.3721846 37.8136340886
205 154.039394143 16577.907854 32.5882083668
210 154.039394143 14819.0898195 31.1669412683
215 154.039394143 16789.2880752 32.7590206668
220 154.039394143 20472.6762608 35.7354959683
225 154.039394143 24184.7079077 38.7351175011
230 154.039394143 27346.8424367 41.2903777266
235 154.039394143 30063.0746115 43.4853128174
240 154.039394143 32004.0218044 45.0537549935
245 154.039394143 31994.5575052 45.0461070749
250 154.039394143 28955.2667466 42.5901145427
255 154.039394143 23140.5413493 37.8913465449
260 154.039394143 16210.7283499 32.2914976565
265 154.039394143 10090.9528748 27.3462245453
270 154.039394143 5845.78240192 23.9157837591
275 154.039394143 3478.62197064 22.002926845
280 154.039394143 2460.62952257 21.1803066849
285 154.039394143 2321.92770572 21.0682244087
290 154.039394143 2960.47993042 21.5842262064
295 154.039394143 4700.00400316 22.9899022248
300 154.039394143 8121.40783513 25.7546729981
305 154.039394143 13556.622481 30.1467656412
310 154.039394143 20351.0375332 35.6372020471
315 154.039394143 26541.6041286 40.6396801039
320 154.039394143 29664.0001197 43.1628283795
325 154.039394143 28410.0134401 42.1495058102
330 154.039394143 23707.8633312 38.3497885505
335 154.039394143 18091.0858123 33.8109784342
340 154.039394143 13883.3966895 30.4108256077
345 154.039394143 11836.0736259 28.756423132
350 154.039394143 11237.9614407 28.2731001541
355 154.039394143 11086.591333 28.1507808751
360 154.039394143 11126.6422404 28.1831452447
365 154.039394143 11888.4351161 28.7987354473
370 154.039394143 13819.8008585 30.3594350372
375 154.039394143 16413.8054042 32.4556003266
380 154.039394143 18241.7261275 33.9327079818
385 154.039394143 17943.1997178 33.6914745194
390 154.039394143 15266.9017373 31.5288094846
395 154.039394143 11202.4991628 28.2444437679
400 154.039394143 7181.37009654 24.9950465427
0 159.008406857 3799.68278092 22.262369924
5 159.008406857 5787.27139584 23.8685021381
10 159.008406857 7898.86487487 25.5748403029
15 159.008406857 9379.49007758 26.7713051132
20 159.008406857 9595.95829641 26.9462289264
25 159.008406857 8522.88249451 26.0790969653
30 159.008406857 6862.87472765 24.7376765476
35 159.008406857 5725.57279486 23.8186446827
40 159.008406857 6200.77284885 24.2026447263
45 159.008406857 9133.12599095 26.572223023
50 159.008406857 15053.1795838 31.3561047141
55 159.008406857 24037.8026228 38.6164061598
60 159.008406857 35467.2684151 47.8523381132
65 159.008406857 47981.0744188 57.9645045808
70 159.008406857 59964.9912627 67.6484777881
75 159.008406857 70372.903486 76.0589119079
80 159.008406857 79113.5769148 83.1220823554
85 159.008406857 86564.7910885 89.143265526
90 159.008406857 92813.5252568 94.1927476823
95 159.008406857 97472.6272461 97.9576785827
100 159.008406857 100000 100
105 159.008406857 99856.3252651 99.8838992041
110 159.008406857 96409.2522907 97.0983856895
115 159.008406857 89091.7392599 91.1852438464
120 159.008406857 77998.8518825 82.2212944505
125 159.008406857 64444.045232 71.267915339
130 159.008406857 50869.3259117 60.2984451811
135 159.008406857 40004.1591804 51.518512469
140 159.008406857 33765.3402117 46.4770425953
145 159.008406857 32530.0030636 45.4787903544
150 159.008406857 35115.6292433 47.5681852471
155 159.008406857 39456.3498015 51.0758382234
160 159.008406857 43626.5884237 54.4457280192
165 159.008406857 46544.4230882 56.8035742127
170 159.008406857 47863.6789082 57.8696395218
175 159.008406857 47336.7152029 57.443810265
180 159.008406857 44461.1506189 55.1201217123
185 159.008406857 38855.3756751 50.5902025657
190 159.008406857 30968.4701761 44.2169455968
195 159.008406857 22323.7759362 37.2313340898
200 159.008406857 14928.9853135 31.2557457078
205 159.008406857 10296.7167757 27.5124984046
210 159.008406857 8842.51659256 26.3373871455
215 159.008406857 10017.8602005 27.2871597579
220 159.008406857 12960.964865 29.6654261536
225 159.008406857 17139.7101654 33.0421900327
230 159.008406857 22413.3579369 37.3037235853
235 159.008406857 28332.076131 42.0865261664
240 159.008406857 33385.3307408 46.169964235
245 159.008406857 35341.9785607 47.7510937864
250 159.008406857 32785.2327543 45.6850365691
255 159.008406857 26389.5659132 40.51682094
260 159.008406857 18540.2375443 34.1739293287
265 159.008406857 11676.3288447 28.6273364402
270 159.008406857 6972.55798112 24.8263094797
275 159.008406857 4295.03935371 22.6626580636
280 159.008406857 2982.91773561 21.6023577662
285 159.008406857 2570.89792187 21.2694124621
290 159.008406857 3088.40426811 21.6875994086
295 159.008406857 5051.85968511 23.2742300486
300 159.008406857 9216.59881761 26.6396758122
305 159.008406857 15957.1525495 32.0865879188
310 159.008406857 24397.3277644 38.9069315268
315 159.008406857 32054.9919547 45.0949429937
320 159.008406857 35837.8318771 48.151783335
325 159.008406857 34041.9896122 46.7005976664
330 159.008406857 27655.7275653 41.539981871
335 159.008406857 19652.1978994 35.072483151
340 159.008406857 12925.5726463 29.6368263808
345 159.008406857 8743.76439318 26.2575873884
350 159.008406857 6766.08458405 24.6594622901
355 159.008406857 6096.05738264 24.1180261678
360 159.008406857 6214.09773183 24.2134123085
365 159.008406857 7124.59619411 24.9491686417
370 159.008406857 8850.36629915 26.3437303427
375 159.008406857 10899.2048058 27.9993574188
380 159.008406857 12284.1077743 29.1184709287
385 159.008406857 12138.241335 29.0005990586
390 159.008406857 10356.5836122 27.5608756462
395 159.008406857 7648.35145935 25.3724052197
400 159.008406857 4988.95083926 23.2233946176
0 163.977419571 2359.18257326 21.0983293521
5 163.977419571 3336.59517128 21.8881577142
10 163.977419571 4381.61421374 22.7326175465
15 163.977419571 5121.24108439 23.3302958258
20 163.977419571 5239.13437038 23.4255631276
25 163.977419571 4720.44058408 23.0064166336
30 163.977419571 3923.62337006 22.3625239354
35 163.977419571 3450.93590202 21.9805542643
40 163.977419571 3996.53111156 22.4214392821
45 163.977419571 6312.94937418 24.2932924236
50 163.977419571 11192.3693099 28.2362580282
55 163.977419571 19217.4885768 34.7212028903
60 163.977419571 30246.8528316 43.63382047
65 163.977419571 43062.7022208 53.9900624006
70 163.977419571 55764.6459332 64.25425934
75 163.977419571 66833.4998829 73.1987877842
80 163.977419571 75886.7546016 80.514549173
85 163.977419571 83333.9487486 86.5324838372
90 163.977419571 89424.503714 91.4541444153
95 163.977419571 93796.6143269 94.9871630925
100 163.977419571 95761.8190409 96.5752073058
105 163.977419571 94675.6270889 95.6974764354
110 163.977419571 90064.40678 91.971237802
115 163.977419571 81820.1737992 85.3092313529
120 163.977419571 70618.9491053 76.2577366508
125 163.977419571 58156.6476037 66.1871899828
130 163.977419571 46766.2733617 56.982847161
135 163.977419571 38548.7954473 50.3424609675
140 163.977419571 34582.5728266 47.1374325872
145 163.977419571 34610.5937475 47.1600757555
150 163.977419571 37245.1222703 49.2889876932
155 163.977419571 40602.5754704 52.0020811882
160 163.977419571 43108.9811137 54.0274594858
165 163.977419571 43944.6275086 54.7027292999
170 163.977419571 42851.4597203 53.8193613902
175 163.977419571 39734.7145541 51.3007794376
180 163.977419571 34628.067914 47.1741962941
185 163.977419571 27966.8643378 41.7914055255
190 163.977419571 20698.8853957 35.9182912288
195 163.977419571 14020.4837297 30.5216030139
200 163.977419571 8934.69843026 26.4118775194
205 163.977419571 5938.96354196 23.9910816501
210 163.977419571 5016.10093635 23.24533409
215 163.977419571 5906.07850388 23.9645078819
220 163.977419571 8474.72510251 26.040181901
225 163.977419571 12876.0712356 29.5968252409
230 163.977419571 19201.2167924 34.7080539737
235 163.977419571 26683.0748121 40.7539998481
240 163.977419571 33228.2393839 46.0430217244
245 163.977419571 36182.7755774 48.4305257191
250 163.977419571 34097.484325 46.7454418788
255 163.977419571 27903.9696898 41.7405815675
260 163.977419571 20248.9746917 35.5547270236
265 163.977419571 13625.7017986 30.202587312
270 163.977419571 9066.93461217 26.5187350401
275 163.977419571 6280.26076028 24.266877382
280 163.977419571 4594.33656399 22.9045143951
285 163.977419571 3695.46837478 22.1781562624
290 163.977419571 3812.43329698 22.2726733713
295 163.977419571 5588.94464042 23.7082380933
300 163.977419571 9795.62920712 27.1075791573
305 163.977419571 16739.5661744 32.718841353
310 163.977419571 25437.9246208 39.7478178754
315 163.977419571 33290.5409674 46.0933664383
320 163.977419571 37096.0877692 49.1685557731
325 163.977419571 35076.1693047 47.536298428
330 163.977419571 28200.2123768 41.9799695974
335 163.977419571 19484.3069235 34.9368136755
340 163.977419571 11928.5536378 28.8311544548
345 163.977419571 6966.6554234 24.8215397361
350 163.977419571 4436.44893357 22.7769284312
355 163.977419571 3521.95244718 22.0379413715
360 163.977419571 3593.78902294 22.0959911296
365 163.977419571 4410.3684589 22.7558533001
370 163.977419571 5818.62987165 23.8938423205
375 163.977419571 7405.03266589 25.1757839724
380 163.977419571 8485.84953758 26.0491713435
385 163.977419571 8482.37464227 26.0463633473
390 163.977419571 7330.77399782 25.1157769679
395 163.977419571 5518.05925912 23.6509569771
400 163.977419571 3716.83416372 22.1954215464
0 168.946432286 1562.62917923 20.4546498418
5 168.946432286 1970.01838498 20.7838532404
10 168.946432286 2407.05588015 21.1370148526
15 168.946432286 2717.95961497 21.3882501939
20 168.946432286 2770.28982316 21.4305372308
25 168.946432286 2560.19926659 21.2607670841
30 168.946432286 2252.62099811 21.0122189884
35 168.946432286 2155.49869913 20.9337363225
40 168.946432286 2716.49799345 21.3870690856
45 168.946432286 4590.3675832 22.9013071379
50 168.946432286 8653.93160188 26.1849952338
55 168.946432286 15727.9001398 31.9013334463
60 168.946432286 25953.3329618 40.1643094641
65 168.946432286 38270.8191739 50.1178336759
70 168.946432286 50701.9590667 60.1631992458
75 168.946432286 61485.159521 68.8768965826
80 168.946432286 70049.132704 75.7972789527
85 168.946432286 76805.9063833 81.2572980875
90 168.946432286 82096.619747 85.5326220178
95 168.946432286 85550.4022739 88.323557393
100 168.946432286 86386.8785378 88.9994978083
105 168.946432286 84038.6343456 87.1019267439
110 168.946432286 78461.367183 82.5950441883
115 168.946432286 70198.3420111 75.9178521302
120 168.946432286 60423.7035224 68.0191543615
125 168.946432286 50807.8537454 60.2487707033
130 168.946432286 43006.9905309 53.9450428532
135 168.946432286 38043.0496052 49.9337774587
140 168.946432286 36038.4336222 48.3138857553
145 168.946432286 36353.0769049 48.5681429534
150 168.946432286 37857.5262712 49.7838596131
155 168.946432286 39286.2624862 50.9383939282
160 168.946432286 39679.7322007 51.2563492531
165 168.946432286 38603.563159 50.3867177042
170 168.946432286 35945.7294477 48.238973291
175 168.946432286 31685.1362639 44.7960697082
180 168.946432286 26029.791229 40.2260939224
185 168.946432286 19653.9957779 35.0739359821
190 168.946432286 13559.1958336 30.1488451181
195 168.946432286 8620.81913673 26.1582376862
200 168.946432286 5260.55683655 23.4428742114
205 168.946432286 3468.31177583 21.9945953744
210 168.946432286 3058.38146201 21.6633385552
215 168.946432286 3959.40308953 22.39143684
220 168.946432286 6386.66925275 24.3528640426
225 168.946432286 10739.3572413 27.8701876698
230 168.946432286 17100.900711 33.0108288574
235 168.946432286 24546.7745655 39.0276966186
240 168.946432286 30951.2501269 44.2030304056
245 168.946432286 33907.7996373 46.5921613231
250 168.946432286 32332.584535 45.3192602303
255 168.946432286 27311.5199872 41.2618343331
260 168.946432286 21257.2514021 36.3694960825
265 168.946432286 16152.3952785 32.244359821
270 168.946432286 12527.8915208 29.3154678956
275 168.946432286 9860.88148883 27.1603082738
280 168.946432286 7613.00609543 25.3438433094
285 168.946432286 5837.40767223 23.9090163008
290 168.946432286 5101.49657083 23.3143406633
295 168.946432286 6152.25515866 24.1634385121
300 168.946432286 9618.47170664 26.9644215811
305 168.946432286 15606.6477723 31.8033517352
310 168.946432286 23121.4770645 37.8759410622
315 168.946432286 29847.2271653 43.3108906386
320 168.946432286 33009.170866 45.8659966594
325 168.946432286 31077.7657661 44.3052652655
330 168.946432286 24892.0549171 39.3067110441
335 168.946432286 17063.8388891 32.9808799104
340 168.946432286 10214.135751 27.4457662635
345 168.946432286 5639.45680105 23.7490560008
350 168.946432286 3269.98048394 21.8343276638
355 168.946432286 2450.13588324 21.1718269764
360 168.946432286 2638.87914471 21.3243467836
365 168.946432286 3589.33630409 22.092392973
370 168.946432286 5117.463182 23.3272429754
375 168.946432286 6813.47900717 24.6977608139
380 168.946432286 8024.21323335 25.6761319057
385 168.946432286 8180.27280819 25.8022406531
390 168.946432286 7186.21718407 24.9989633811
395 168.946432286 5486.43660559 23.6254033177
400 168.946432286 3737.76086496 22.2123320121
0 173.915445 1197.47161816 20.1595730248
5 173.915445 1340.97866409 20.2755383144
10 173.915445 1495.21270912 20.4001718862
15 173.915445 1605.32314299 20.4891500145
20 173.915445 1625.09453058 20.5051268934
25 173.915445 1556.50295118 20.4496993545
30 173.915445 1472.97287623 20.382200304
35 173.915445 1536.74140319 20.4337304268
40 173.915445 2054.77671913 20.8523448235
45 173.915445 3581.49640443 22.0860577005
50 173.915445 6951.14333523 24.8090047153
55 173.915445 13020.5084073 29.7135421473
60 173.915445 22055.6027573 37.0146284908
65 173.915445 33166.4194106 45.9930661904
70 173.915445 44487.8946449 55.1417330464
75 173.915445 54244.9736955 63.0262413701
80 173.915445 61770.0690209 69.1071264815
85 173.915445 67400.1896215 73.6567188861
90 173.915445 71449.2531301 76.9286893981
95 173.915445 73523.8168466 78.6051045225
100 173.915445 72878.2234392 78.0834128802
105 173.915445 69211.52175 75.1204216161
110 173.915445 63043.0361804 70.1357868124
115 173.915445 55545.96711 64.0775491798
120 173.915445 48178.7767677 58.1242640547
125 173.915445 42250.5090925 53.3337447212
130 173.915445 38444.0892649 50.257849911
135 173.915445 36594.6311062 48.7633382676
140 173.915445 35988.3019122 48.2733752826
145 173.915445 35875.6106561 48.1823116413
150 173.915445 35685.7851582 48.0289172995
155 173.915445 34975.1522447 47.4546684806
160 173.915445 33453.0842099 46.224714513
165 173.915445 31036.3253284 44.2717780431
170 173.915445 27724.4546913 41.5955189425
175 173.915445 23504.6097843 38.1855432601
180 173.915445 18541.8496654 34.1752320529
185 173.915445 13387.5771357 30.010163342
190 173.915445 8812.81514619 26.3133859767
195 173.915445 5390.93534362 23.5482305807
200 173.915445 3268.99500613 21.8335313181
205 173.915445 2295.70443653 21.0470338881
210 173.915445 2320.22105707 21.0668452986
215 173.915445 3424.53604982 21.9592210504
220 173.915445 5953.36445112 24.0027187484
225 173.915445 10265.4571746 27.4872381209
230 173.915445 16234.8281669 32.3109722561
235 173.915445 22802.9484128 37.6185441719
240 173.915445 28108.4776954 41.905840562
245 173.915445 30432.754175 43.7840437777
250 173.915445 29375.456016 42.9296614271
255 173.915445 26165.6478578 40.3358770568
260 173.915445 22664.6376018 37.50677786
265 173.915445 19934.7643921 35.3008197108
270 173.915445 17720.0443988 33.5111469889
275 173.915445 15199.169902 31.4740766885
280 173.915445 12082.3023994 28.9553958783
285 173.915445 8980.3033845 26.4487300077
290 173.915445 6940.0918086 24.8000741888
295 173.915445 6823.97847481 24.7062452322
300 173.915445 9018.56524927 26.4796486863
305 173.915445 13328.0699516 29.9620767286
310 173.915445 18782.1050842 34.3693778458
315 173.915445 23582.3052526 38.2483274769
320 173.915445 25699.6684661 39.9593280535
325 173.915445 24043.0645682 38.6206582369
330 173.915445 19244.5417331 34.7430640267
335 173.915445 13234.2907945 29.8862955915
340 173.915445 7964.79793778 25.6281195457
345 173.915445 4432.09027583 22.7734062835
350 173.915445 2641.6483625 21.3265845354
355 173.915445 2190.57558344 20.9620812796
360 173.915445 2788.71087938 21.4454229328
365 173.915445 4352.9585233 22.709461433
370 173.915445 6729.12704103 24.6295976089
375 173.915445 9361.58459674 26.7568360378
380 173.915445 11300.3096922 28.3234825795
385 173.915445 11680.5219916 28.6307248417
390 173.915445 10314.9534783 27.527235134
395 173.915445 7831.37781701 25.5203053067
400 173.915445 5212.50010077 23.4040404855
0 178.884457714 1058.58721397 20.0473432032
5 178.884457714 1101.24653459 20.0818153815
10 178.884457714 1147.15032635 20.1189093546
15 178.884457714 1180.07945658 20.1455187528
20 178.884457714 1186.87996255 20.1510141112
25 178.884457714 1171.3356948 20.1384530867
30 178.884457714 1169.03683694 20.1365954238
35 178.884457714 1275.85634617 20.2229142191
40 178.884457714 1715.06636242 20.577831404
45 178.884457714 2938.36014666 21.5663516337
50 178.884457714 5661.69538972 23.7670265776
55 178.884457714 10651.4783089 27.799174391
60 178.884457714 18194.3131469 33.8943944621
65 178.884457714 27581.2435436 41.4797927625
70 178.884457714 37213.9009092 49.2637583105
75 178.884457714 45494.142162 55.9548623531
80 178.884457714 51728.4096557 60.9926542672
85 178.884457714 56091.244068 64.5181770246
90 178.884457714 58761.619947 66.6760565229
95 178.884457714 59350.5898305 67.1519917822
100 178.884457714 57295.2914485 65.4911446049
105 178.884457714 52663.4925707 61.7482768248
110 178.884457714 46456.2438706 56.7323182793
115 178.884457714 40225.2327023 51.6971577392
120 178.884457714 35430.7806559 47.8228530553
125 178.884457714 32872.3100733 45.7554020795
130 178.884457714 32345.9736116 45.3300796862
135 178.884457714 32787.217532 45.6866404299
140 178.884457714 32972.9004225 45.8366872101
145 178.884457714 32244.2435506 45.2478735763
150 178.884457714 30610.6961579 43.9278352791
155 178.884457714 28347.5156697 42.0990025614
160 178.884457714 25682.7846989 39.9456846052
165 178.884457714 22749.1002003 37.5750304649
170 178.884457714 19575.0635636 35.0101523746
175 178.884457714 16108.9193788 32.2092277808
180 178.884457714 12401.4242989 29.2132721608
185 178.884457714 8772.59568575 26.2808854026
190 178.884457714 5696.95105615 23.795516005
195 178.884457714 3508.57596547 22.0271320933
200 178.884457714 2257.26509523 21.0159717941
205 178.884457714 1839.26258032 20.6781919841
210 178.884457714 2246.0570497 21.0069147876
215 178.884457714 3716.66846214 22.1952876462
220 178.884457714 6651.8666598 24.5671649776
225 178.884457714 11255.4869215 28.2872621588
230 178.884457714 17073.4462532 32.9886434369
235 178.884457714 22838.9849331 37.6476645924
240 178.884457714 26970.6119165 40.9863530639
245 178.884457714 28536.1518141 42.2514358094
250 178.884457714 27922.74248 41.755751499
255 178.884457714 26525.3528153 40.6265477295
260 178.884457714 25586.5560138 39.8679240516
265 178.884457714 25161.406111 39.5243685746
270 178.884457714 24170.8486719 38.7239181187
275 178.884457714 21522.8860086 36.5841503099
280 178.884457714 17237.0052792 33.1208123468
285 178.884457714 12539.1849886 29.3245939302
290 178.884457714 8987.32683182 26.4544055207
295 178.884457714 7559.71367255 25.3007787253
300 178.884457714 8381.51886752 25.9648637313
305 178.884457714 10934.3548996 28.027761535
310 178.884457714 14266.00658 30.7200053172
315 178.884457714 17104.2044491 33.0134985448
320 178.884457714 18179.1004839 33.8821014011
325 178.884457714 16842.2288639 32.8018011021
330 178.884457714 13509.0028349 30.1082851191
335 178.884457714 9411.43366604 26.797118114
340 178.884457714 5819.19865971 23.8943019472
345 178.884457714 3420.81336036 21.9562128164
350 178.884457714 2304.8822119 21.0544502722
355 178.884457714 2360.62991947 21.0994989248
360 178.884457714 3629.38525935 22.1247557651
365 178.884457714 6280.66367752 24.2672029717
370 178.884457714 10200.7529441 27.4349518741
375 178.884457714 14538.4238478 30.9401404831
380 178.884457714 17760.4739649 33.5438173454
385 178.884457714 18446.4125526 34.0981111536
390 178.884457714 16267.518095 32.3373883596
395 178.884457714 12231.9899148 29.0763554867
400 178.884457714 7946.49153187 25.6133264904
0 183.853470429 1014.66949135 20.0118541344
5 183.853470429 1025.36289398 20.0204952679
10 183.853470429 1036.88775715 20.0298082886
15 183.853470429 1045.26370501 20.0365767313
20 183.853470429 1047.72726351 20.0385674857
25 183.853470429 1047.98709645 20.0387774517
30 183.853470429 1066.61097547 20.0538270509
35 183.853470429 1167.54843435 20.1353926742
40 183.853470429 1516.60520175 20.4174587489
45 183.853470429 2464.40377968 21.1833565896
50 183.853470429 4576.27782806 22.8899214772
55 183.853470429 8466.45587147 26.0334996941
60 183.853470429 14382.9047694 30.8144685005
65 183.853470429 21795.0820675 36.8041067212
70 183.853470429 29453.8538445 42.9930132077
75 183.853470429 36058.2346239 48.3298865647
80 183.853470429 40952.1706985 52.2845823826
85 183.853470429 44121.8676404 54.8459536488
90 183.853470429 45577.065509 56.0218711184
95 183.853470429 44978.6982385 55.5383420109
100 183.853470429 42024.7582561 53.1513198029
105 183.853470429 37107.2943273 49.1776115776
110 183.853470429 31459.2927532 44.6135699015
115 183.853470429 26657.3127019 40.7331819813
120 183.853470429 23921.6425045 38.5225393976
125 183.853470429 23590.0359719 38.2545745228
130 183.853470429 24937.2952081 39.343268855
135 183.853470429 26522.0557415 40.6238834275
140 183.853470429 27018.9276552 41.025396085
145 183.853470429 25948.7409735 40.1605987665
150 183.853470429 23687.8335208 38.3336028451
155 183.853470429 20901.8530893 36.0823055267
160 183.853470429 18070.8382863 33.794616797
165 183.853470429 15394.8669177 31.6322156911
170 183.853470429 12871.9825189 29.5935212274
175 183.853470429 10402.1884724 27.5977280585
180 183.853470429 7945.16981685 25.6122584379
185 183.853470429 5640.6437978 23.7500151901
190 183.853470429 3742.55725392 22.216207882
195 183.853470429 2436.69579819 21.1609663016
200 183.853470429 1760.71898442 20.6147224117
205 183.853470429 1714.89749219 20.5776949432
210 183.853470429 2453.60325898 21.1746288961
215 183.853470429 4371.30318979 22.7242854059
220 183.853470429 7922.78265446 25.5941678016
225 183.853470429 13162.9701063 29.8286627121
230 183.853470429 19305.5821826 34.7923896425
235 183.853470429 24824.325035 39.2519798262
240 183.853470429 28294.8305018 42.0564286883
245 183.853470429 29398.3413078 42.9481545922
250 183.853470429 29152.9232021 42.749836931
255 183.853470429 29059.5682837 42.6743986131
260 183.853470429 29832.0955264 43.2986630517
265 183.853470429 30749.178288 44.0397400307
270 183.853470429 30189.7353458 43.5876649259
275 183.853470429 26983.0218958 40.99638133
280 183.853470429 21468.1492732 36.5399186046
285 183.853470429 15346.0875229 31.5927979983
290 183.853470429 10522.4198263 27.6948847081
295 183.853470429 8021.07704206 25.6735976097
300 183.853470429 7749.12224142 25.4538361547
305 183.853470429 8944.08815038 26.419465172
310 183.853470429 10673.014242 27.8165771653
315 183.853470429 12059.6705939 28.9371075506
320 183.853470429 12396.1651787 29.2090223667
325 183.853470429 11352.3908985 28.3655684028
330 183.853470429 9167.88021549 26.6003072448
335 183.853470429 6543.72235315 24.4797756389
340 183.853470429 4238.58812965 22.6170409128
345 183.853470429 2719.98182441 21.3898843026
350 183.853470429 2161.03317345 20.938208625
355 183.853470429 2715.20565777 21.386024774
360 183.853470429 4744.84606005 23.0261382303
365 183.853470429 8680.6774183 26.2066080148
370 183.853470429 14439.2808354 30.8600249175
375 183.853470429 20805.3003935 36.0042831463
380 183.853470429 25541.813885 39.831768796
385 183.853470429 26565.5934975 40.6590654526
390 183.853470429 23387.9333471 38.0912592704
395 183.853470429 17480.7873911 33.3178079928
400 183.853470429 11198.7483647 28.24141282
0 188.822483143 1003.09728392 20.0025028557
5 188.822483143 1005.35746679 20.0043292661
10 188.822483143 1007.80484011 20.0063069415
15 188.822483143 1009.67072271 20.0078147254
20 188.822483143 1010.815036 20.008739423
25 188.822483143 1014.27241074 20.0115332612
30 188.822483143 1033.75331698 20.0272754077
35 188.822483143 1114.46529534 20.0924972084
40 188.822483143 1377.5957951 20.3051279152
45 188.822483143 2081.17326209 20.8736753633
50 188.822483143 3639.97547522 22.1333135153
55 188.822483143 6502.78078911 24.4466915468
60 188.822483143 10852.5105081 27.961624653
65 188.822483143 16311.9224658 32.3732706794
70 188.822483143 21982.299064 36.955393183
75 188.822483143 26900.1394411 40.9294056089
80 188.822483143 30510.1914476 43.8466193516
85 188.822483143 32669.4641653 45.5914861942
90 188.822483143 33264.5599786 46.0723716999
95 188.822483143 32033.981081 45.0779645099
100 188.822483143 28902.1956439 42.5472288031
105 188.822483143 24425.814789 38.9299513447
110 188.822483143 19789.4793825 35.1834176828
115 188.822483143 16312.4266031 32.3736780631
120 188.822483143 14860.0066809 31.2000053987
125 188.822483143 15469.7344379 31.6927146973
130 188.822483143 17305.4501297 33.1761213169
135 188.822483143 19034.7256008 34.573515637
140 188.822483143 19549.7771894 34.9897189409
145 188.822483143 18549.4256996 34.1813541007
150 188.822483143 16498.9140297 32.5243749735
155 188.822483143 14099.5254501 30.5854751112
160 188.822483143 11834.4306319 28.7550954601
165 188.822483143 9872.71567141 27.1698712496
170 188.822483143 8173.31468704 25.7966179289
175 188.822483143 6613.54509198 24.5361980541
180 188.822483143 5117.3839155 23.3271789216
185 188.822483143 3736.40975497 22.211240206
190 188.822483143 2609.5346088 21.3006340273
195 188.822483143 1852.50434667 20.6888924014
200 188.822483143 1519.24968324 20.4195957036
205 188.822483143 1697.87544367 20.5639397525
210 188.822483143 2664.43914576 21.3450013299
215 188.822483143 4928.14135586 23.1742556411
220 188.822483143 8991.79598871 26.4580169606
225 188.822483143 14822.9557916 31.1700652862
230 188.822483143 21421.7496018 36.5024239207
235 188.822483143 27087.4455465 41.080764078
240 188.822483143 30476.2551838 43.8191961082
245 188.822483143 31603.1847076 44.7298462284
250 188.822483143 31761.5408676 44.8578108021
255 188.822483143 32353.326699 45.3360215749
260 188.822483143 33672.0701773 46.4016728706
265 188.822483143 34623.3195521 47.170359234
270 188.822483143 33539.6821944 46.2946926823
275 188.822483143 29485.9813317 43.0189748135
280 188.822483143 23090.9643747 37.8512843432
285 188.822483143 16228.38002 32.3057616323
290 188.822483143 10820.3428006 27.935630546
295 188.822483143 7789.21197529 25.4862318992
300 188.822483143 6893.37375438 24.7623222258
305 188.822483143 7274.73446731 25.0704924988
310 188.822483143 8064.44009938 25.7086384641
315 188.822483143 8641.07609979 26.1746069493
320 188.822483143 8619.78349665 26.1574008054
325 188.822483143 7839.18864424 25.5266170863
330 188.822483143 6419.12426427 24.3790903146
335 188.822483143 4737.75515342 23.0204082048
340 188.822483143 3248.32326111 21.8168268777
345 188.822483143 2291.11561654 21.0433257507
350 188.822483143 2102.85787943 20.8911982864
355 188.822483143 3021.03147258 21.6331567455
360 188.822483143 5639.18049026 23.7488327194
365 188.822483143 10581.6697961 27.7427634716
370 188.822483143 17783.7287946 33.562609127
375 188.822483143 25741.3295188 39.9929935506
380 188.822483143 31663.5297797 44.778609923
385 188.822483143 32947.1354953 45.8158670669
390 188.822483143 28979.8386654 42.6099706387
395 188.822483143 21599.7018913 36.6462237505
400 188.822483143 13749.081934 30.3022884315
0 193.791495857 1000.55126146 20.0004454638
5 193.791495857 1000.95463275 20.0007714204
10 193.791495857 1001.40010087 20.0011313946
15 193.791495857 1001.8076223 20.0014607049
20 193.791495857 1002.49690663 20.0020177023
25 193.791495857 1005.73379331 20.0046333683
30 193.791495857 1021.0444563 20.0170056213
35 193.791495857 1080.13132017 20.064752582
40 193.791495857 1267.92537516 20.2165053537
45 193.791495857 1763.45192527 20.6169308487
50 193.791495857 2850.22472897 21.4951310941
55 193.791495857 4828.81067948 23.0939884279
60 193.791495857 7814.50326115 25.5066693019
65 193.791495857 11547.4914619 28.5232254237
70 193.791495857 15426.0213229 31.657390968
75 193.791495857 18800.729303 34.3844277196
80 193.791495857 21262.5871609 36.3738078068
85 193.791495857 22635.7001567 37.483394066
90 193.791495857 22762.3483793 37.5857360641
95 193.791495857 21455.5234354 36.5297159074
100 193.791495857 18761.595239 34.3528042335
105 193.791495857 15223.5620213 31.493787492
110 193.791495857 11789.3550762 28.7186707687
115 193.791495857 9403.15378116 26.7904272979
120 193.791495857 8593.89824413 26.1364834296
125 193.791495857 9268.39181778 26.6815287416
130 193.791495857 10746.9902859 27.8763557866
135 193.791495857 12064.7126442 28.9411819347
140 193.791495857 12466.7774822 29.2660828139
145 193.791495857 11784.6678531 28.7148831136
150 193.791495857 10386.1056303 27.5847318225
155 193.791495857 8794.02470682 26.2982017833
160 193.791495857 7358.30787683 25.1380265671
165 193.791495857 6182.88953046 24.18819356
170 193.791495857 5209.70144568 23.401778946
175 193.791495857 4327.08405079 22.6885527683
180 193.791495857 3466.25647801 21.9929345277
185 193.791495857 2653.59058552 21.3362348166
190 193.791495857 1981.14506868 20.7928444999
195 193.791495857 1536.16306377 20.4332630818
200 193.791495857 1385.76046949 20.3117256319
205 193.791495857 1661.6646981 20.5346785439
210 193.791495857 2688.26371654 21.3642535083
215 193.791495857 5007.51774246 23.2383981757
220 193.791495857 9127.39656322 26.5675931824
225 193.791495857 14994.3501756 31.3085657984
230 193.791495857 21594.0487096 36.6416555229
235 193.791495857 27277.145028 41.2340565883
240 193.791495857 30830.4041248 44.1053770705
245 193.791495857 32363.4963168 45.3442394479
250 193.791495857 33045.4212976 45.8952899375
255 193.791495857 33909.6233875 46.5936350606
260 193.791495857 34900.8508874 47.3946269798
265 193.791495857 34937.9637264 47.4246171527
270 193.791495857 32777.3511073 45.6786675615
275 193.791495857 27991.6217643 41.8114115267
280 193.791495857 21424.2702792 36.5044608317
285 193.791495857 14786.2215199 31.1403810262
290 193.791495857 9667.8954316 27.0043599447
295 193.791495857 6738.1650857 24.6369010794
300 193.791495857 5677.25664955 23.779601333
305 193.791495857 5687.87639334 23.7881829441
310 193.791495857 6037.77784917 24.0709315953
315 193.791495857 6276.26277781 24.2636466891
320 193.791495857 6174.13957248 24.1811228869
325 193.791495857 5636.27570161 23.7464854154
330 193.791495857 4711.24154682 22.9989830681
335 193.791495857 3607.5384926 22.1071018122
340 193.791495857 2614.77921226 21.3048720907
345 193.791495857 1997.93482716 20.8064119815
350 193.791495857 2014.98663659 20.8201912215
355 193.791495857 3080.62289805 21.6813114328
360 193.791495857 5878.85383026 23.9425081457
365 193.791495857 11104.5357589 28.1652814214
370 193.791495857 18706.1243152 34.3079792446
375 193.791495857 27102.9456682 41.0932894289
380 193.791495857 33352.1244854 46.1431308973
385 193.791495857 34707.280262 47.2382062723
390 193.791495857 30522.0934439 43.8562371264
395 193.791495857 22735.6409682 37.5641543178
400 193.791495857 14452.3922063 30.8706199647
0 198.760508571 1000.08273768 20.0000668587
5 198.760508571 1000.14400987 20.0001163716
10 198.760508571 1000.21791517 20.0001760931
15 198.760508571 1000.33318059 20.0002692368
20 198.760508571 1000.78269293 20.0006324791
25 198.760508571 1003.12047303 20.0025215944
30 198.760508571 1013.70664304 20.0110760752
35 198.760508571 1053.5600456 20.0432808449
40 198.760508571 1178.37728415 20.1441432599
45 198.760508571 1503.75297303 20.4070731095
50 198.760508571 2208.98823714 20.9769601916
55 198.760508571 3477.99203413 22.0024178054
60 198.760508571 5371.70815996 23.5326934626
65 198.760508571 7717.06991399 25.427935284
70 198.760508571 10138.8292568 27.3849125307
75 198.760508571 12241.7101747 29.0842102422
80 198.760508571 13769.601411 30.3188698271
85 198.760508571 14583.4849979 30.9765535337
90 198.760508571 14541.8674591 30.9429231993
95 198.760508571 13513.2414407 30.1117102552
100 198.760508571 11567.7997406 28.539636154
105 198.760508571 9122.07872339 26.5632959381
110 198.760508571 6828.78824787 24.7101319175
115 198.760508571 5282.10353669 23.4602856862
120 198.760508571 4766.69755601 23.0437960049
125 198.760508571 5171.57774236 23.370971913
130 198.760508571 6055.4600345 24.0852202299
135 198.760508571 6843.11581869 24.7217097525
140 198.760508571 7104.66810444 24.9330651349
145 198.760508571 6754.16227757 24.6498281031
150 198.760508571 6010.15134834 24.0486071502
155 198.760508571 5175.5074423 23.3741474281
160 198.760508571 4448.04258526 22.7862970386
165 198.760508571 3875.6636611 22.323768615
170 198.760508571 3406.02044216 21.9442589432
175 198.760508571 2957.71761003 21.5819940283
180 198.760508571 2485.60283586 21.2004871401
185 198.760508571 2013.17501716 20.8187272866
190 198.760508571 1609.91694489 20.4928621777
195 198.760508571 1345.11557446 20.2788812723
200 198.760508571 1284.14201045 20.2296097054
205 198.760508571 1558.34128622 20.4511848778
210 198.760508571 2466.8302521 21.1853173754
215 198.760508571 4492.19382137 22.8219748051
220 198.760508571 8083.12088236 25.7237340464
225 198.760508571 13207.1094338 29.8643308556
230 198.760508571 19025.1287232 34.5657605844
235 198.760508571 24188.4727867 38.7381598277
240 198.760508571 27731.0999723 41.6008888665
245 198.760508571 29727.3194088 43.2139954818
250 198.760508571 30955.5153383 44.206477041
255 198.760508571 31918.2706946 44.9844611674
260 198.760508571 32286.2580409 45.2818246795
265 198.760508571 31227.5928558 44.4263376613
270 198.760508571 28139.7572253 41.9311169498
275 198.760508571 23163.4223882 37.9098362733
280 198.760508571 17231.9943316 33.1167630963
285 198.760508571 11665.5106478 28.6185944629
290 198.760508571 7527.65486743 25.2748726201
295 198.760508571 5169.56175285 23.3693428306
300 198.760508571 4256.79376577 22.631752538
305 198.760508571 4158.64392461 22.552439535
310 198.760508571 4332.76807255 22.6931459172
315 198.760508571 4464.64389046 22.7997122347
320 198.760508571 4402.52726394 22.749516981
325 198.760508571 4075.10634366 22.4849344191
330 198.760508571 3494.16927976 22.0154903271
335 198.760508571 2780.47896901 21.4387708841
340 198.760508571 2127.10954765 20.9107955941
345 198.760508571 1736.19250416 20.5949030337
350 198.760508571 1839.6057918 20.6784693267
355 198.760508571 2827.85048173 21.4770508943
360 198.760508571 5331.57510818 23.5002627137
365 198.760508571 9983.21175906 27.2591610174
370 198.760508571 16743.9258242 32.7223643024
375 198.760508571 24210.8057455 38.756206663
380 198.760508571 29767.8053193 43.2467113691
385 198.760508571 30972.9679655 44.2205801742
390 198.760508571 27251.5567408 41.2133791845
395 198.760508571 20327.7868653 35.6184136285
400 198.760508571 12962.194908 29.6664201277
0 203.729521286 1000.01050314 20.0000084874
5 203.729521286 1000.01874703 20.0000151491
10 203.729521286 1000.03263622 20.0000263727
15 203.729521286 1000.08174953 20.0000660602
20 203.729521286 1000.3581667 20.0002894276
25 203.729521286 1001.82159914 20.0014719993
30 203.729521286 1008.35137416 20.0067485852
35 203.729521286 1032.65303724 20.0263862927
40 203.729521286 1108.00933946 20.0872802743
45 203.729521286 1302.45363175 20.2444069752
50 203.729521286 1719.24445421 20.5812076398
55 203.729521286 2460.12390097 21.1798981018
60 203.729521286 3551.27905329 22.061639639
65 203.729521286 4884.74324722 23.1391864624
70 203.729521286 6245.79803479 24.239028715
75 203.729521286 7420.22074258 25.1880571657
80 203.729521286 8274.20164613 25.8781427443
85 203.729521286 8725.39716243 26.2427451818
90 203.729521286 8673.28551618 26.2006347605
95 203.729521286 8025.82705516 25.6774360042
100 203.729521286 6829.08754654 24.710373775
105 203.729521286 5346.68383147 23.512471783
110 203.729521286 3972.36357102 22.4019099564
115 203.729521286 3041.56495904 21.6497494618
120 203.729521286 2693.04445736 21.3681167332
125 203.729521286 2845.57769264 21.4913759132
130 203.729521286 3258.49438296 21.825045966
135 203.729521286 3641.61595202 22.1346391531
140 203.729521286 3786.81798361 22.2519741282
145 203.729521286 3653.51034062 22.1442507803
150 203.729521286 3344.22849352 21.8943260554
155 203.729521286 2999.82853722 21.6160230604
160 203.729521286 2710.00729835 21.3818240795
165 203.729521286 2490.04483547 21.2040766347
170 203.729521286 2303.43938951 21.0532843552
175 203.729521286 2100.47883087 20.8892758229
180 203.729521286 1857.37725224 20.6928301028
185 203.729521286 1595.00826638 20.4808147607
190 203.729521286 1363.06645073 20.2933870309
195 203.729521286 1211.43529274 20.1708568022
200 203.729521286 1191.18127516 20.1544899193
205 203.729521286 1405.1262295 20.3273747309
210 203.729521286 2079.98501418 20.872715163
215 203.729521286 3577.12909118 22.0825285585
220 203.729521286 6236.38726457 24.2314240522
225 203.729521286 10057.0077249 27.3187941211
230 203.729521286 14472.2301992 30.886650666
235 203.729521286 18568.5697444 34.1968240359
240 203.729521286 21699.3059748 36.7267118989
245 203.729521286 23874.3892609 38.4843549583
250 203.729521286 25438.0773709 39.7479413098
255 203.729521286 26412.4846507 40.5353411319
260 203.729521286 26316.60689 40.4578641535
265 203.729521286 24626.1302659 39.0918224371
270 203.729521286 21290.199248 36.3961206044
275 203.729521286 16838.6206755 32.7988853943
280 203.729521286 12144.6791422 29.0058013271
285 203.729521286 8079.13444302 25.7205126812
290 203.729521286 5198.04679132 23.3923610435
295 203.729521286 3587.95608562 22.0912776449
300 203.729521286 2952.1806295 21.5775197006
305 203.729521286 2858.77766177 21.502042555
310 203.729521286 2958.96164076 21.5829993057
315 203.729521286 3053.78270754 21.6596223899
320 203.729521286 3043.06180115 21.6509590312
325 203.729521286 2872.39662763 21.5130477799
330 203.729521286 2538.71682392 21.2434075345
335 203.729521286 2111.76883358 20.8983990574
340 203.729521286 1714.65406344 20.5774982331
345 203.729521286 1486.4970451 20.3931289253
350 203.729521286 1601.21734426 20.4858321974
355 203.729521286 2359.26985367 21.0983998818
360 203.729521286 4241.92241977 22.6197352887
365 203.729521286 7729.00579618 25.4375804414
370 203.729521286 12794.4594628 29.5308763336
375 203.729521286 18388.4674459 34.051286825
380 203.729521286 22551.5702182 37.4154102773
385 203.729521286 23454.4481743 38.1450086257
390 203.729521286 20666.5441754 35.8921569094
395 203.729521286 15479.5626012 31.7006566474
400 203.729521286 9961.57819402 27.2416793487
0 208.698534 1000.00114612 20.0000009262
5 208.698534 1000.00230406 20.0000018619
10 208.698534 1000.00631557 20.0000051035
15 208.698534 1000.03071056 20.0000248166
20 208.698534 1000.18153982 20.0001466988
25 208.698534 1000.98044254 20.0007922768
30 208.698534 1004.5214792 20.0036537206
35 208.698534 1017.61419795 20.0142336953
40 208.698534 1057.93317723 20.0468146887
45 208.698534 1161.1527013 20.1302244051
50 208.698534 1380.3609402 20.3073623759
55 208.698534 1765.73925567 20.6187791965
60 208.698534 2325.95113707 21.0714756663
65 208.698534 3000.59357255 21.6166412707
70 208.698534 3679.64647049 22.1653708852
75 208.698534 4261.50008842 22.635555627
80 208.698534 4688.81438217 22.9808601068
85 208.698534 4922.97466152 23.1700805346
90 208.698534 4903.43193615 23.1542884333
95 208.698534 4569.24192025 22.8842358951
100 208.698534 3938.34245544 22.3744181458
105 208.698534 3151.60098581 21.7386674633
110 208.698534 2418.66236052 21.1463938267
115 208.698534 1910.96733584 20.7361352209
120 208.698534 1691.48108098 20.5587725907
125 208.698534 1714.15916737 20.5770983171
130 208.698534 1865.56437104 20.6994459564
135 208.698534 2019.18758785 20.8235859296
140 208.698534 2088.06192651 20.8792419608
145 208.698534 2054.38626658 20.8520293063
150 208.698534 1956.84413487 20.7732073817
155 208.698534 1848.84378914 20.6859343751
160 208.698534 1763.27313212 20.6167863694
165 208.698534 1702.02444973 20.5672924846
170 208.698534 1644.04974084 20.520444235
175 208.698534 1563.23575744 20.455140006
180 208.698534 1449.00518343 20.3628324715
185 208.698534 1316.05534124 20.2553982555
190 208.698534 1194.8941339 20.1574902092
195 208.698534 1116.07887916 20.0938011145
200 208.698534 1112.29611434 20.0907443348
205 208.698534 1249.59437996 20.2016924283
210 208.698534 1671.43840478 20.5425764887
215 208.698534 2605.90021872 21.2976971464
220 208.698534 4272.15953226 22.644169319
225 208.698534 6690.21291262 24.5981518486
230 208.698534 9550.54010581 26.9095273582
235 208.698534 12348.6479306 29.1706245904
240 208.698534 14731.4376084 31.0961111987
245 208.698534 16669.0441911 32.6618538918
250 208.698534 18201.0860332 33.8998675015
255 208.698534 19078.1079386 34.6085720716
260 208.698534 18815.6499863 34.3964848375
265 208.698534 17137.3687114 33.0402979486
270 208.698534 14283.4035025 30.7340634364
275 208.698534 10889.180352 27.9912568501
280 208.698534 7646.87794556 25.3712145015
285 208.698534 5052.32234781 23.2746039174
290 208.698534 3313.17281736 21.8692305595
295 208.698534 2370.58411231 21.107542717
300 208.698534 1998.89154915 20.8071850902
305 208.698534 1939.26994844 20.7590060189
310 208.698534 1997.3373204 20.8059291478
315 208.698534 2062.84992476 20.8588686261
320 208.698534 2076.30177139 20.8697388052
325 208.698534 2001.72413229 20.8094740463
330 208.698534 1833.03876883 20.6731626415
335 208.698534 1607.48298065 20.4908953379
340 208.698534 1395.00531953 20.3191962178
345 208.698534 1278.36596974 20.2249421978
350 208.698534 1366.93025764 20.2965092991
355 208.698534 1853.23309246 20.6894812868
360 208.698534 3044.59303873 21.6521963949
365 208.698534 5246.42640046 23.4314556771
370 208.698534 8443.6329706 26.0150569459
375 208.698534 11974.1937502 28.8680353537
380 208.698534 14601.6268377 30.9912136062
385 208.698534 15171.4556128 31.4516813033
390 208.698534 13411.9551558 30.0298627522
395 208.698534 10138.3470952 27.3845229052
400 208.698534 6655.83540507 24.5703720445
