% x_um y_um sigma_s_m k_w_mk
0 0 6946.3190441 24.0499215021
5 0 11078.6750152 26.5879427101
10 0 15459.0099248 29.4388173827
15 0 19010.5830066 32.0782352022
20 0 20969.7064903 34.1296631512
25 0 21420.7866162 35.6056887373
30 0 21152.5443381 36.7939169558
35 0 20945.8360541 37.8916994575
40 0 21061.1832155 38.8046394808
45 0 21366.2476281 39.2996104797
50 0 21683.4480978 39.2514815927
55 0 21846.7599791 38.7037489804
60 0 21628.6043906 37.812624411
65 0 20885.352372 36.8350229546
70 0 19753.6764454 36.0918791389
75 0 18579.7707139 35.8132141708
80 0 17712.3239706 36.0031097524
85 0 17415.2649135 36.4736462818
90 0 17811.6949973 36.9625098069
95 0 18771.4681844 37.2178902434
100 0 19977.286582 37.101276238
105 0 21217.5077216 36.7071301417
110 0 22451.9546402 36.3034808014
115 0 23421.5231419 36.0370694035
120 0 23365.350316 35.7233049304
125 0 21447.6182818 35.0132582436
130 0 17556.2457953 33.7378680944
135 0 12570.5094372 32.0044594876
140 0 7799.41978505 30.0016489889
145 0 4185.68822498 27.8486792083
150 0 1957.87297351 25.6627635855
155 0 822.58137377 23.6551457589
160 0 340.013225473 22.0652663178
165 0 168.117803543 21.0144465249
170 0 117.307133133 20.461022011
175 0 108.103049931 20.2881022081
180 0 121.396716077 20.4151329677
185 0 177.919969434 20.8355468053
190 0 348.768015409 21.5673514615
195 0 780.959246112 22.5742297639
200 0 1699.53884746 23.7408649607
205 0 3328.04610683 24.9342621852
210 0 5701.03340319 26.0728034977
215 0 8461.38238522 27.0986400053
220 0 10860.2420868 27.8924629673
225 0 12109.9092959 28.2976249229
230 0 11908.2818024 28.2943292191
235 0 10665.4434281 28.1176997331
240 0 9153.58929593 28.1263184716
245 0 7885.66174395 28.5244196511
250 0 6830.0414373 29.2086615401
255 0 5683.16981189 29.8451862172
260 0 4322.02534757 30.0727838064
265 0 2966.37780952 29.7118680053
270 0 2004.88265575 28.8927422733
275 0 1770.90606602 28.0016213042
280 0 2457.91077603 27.4413401317
285 0 4117.21719943 27.4001576144
290 0 6644.94764956 27.8279889522
295 0 9799.14770632 28.5928535639
300 0 13315.5314029 29.6330741831
305 0 17049.0945012 30.9851484414
310 0 20980.0009805 32.6992878742
315 0 25031.693689 34.7114854473
320 0 28843.6104897 36.7491587071
325 0 31737.9014085 38.3575549707
330 0 33005.0678404 39.0913554368
335 0 32330.0750697 38.7699836449
340 0 29988.1444518 37.589520733
345 0 26655.81174 36.0004693299
350 0 23072.0725783 34.4806958525
355 0 19843.6864746 33.3776903499
360 0 17399.3254274 32.8489074623
365 0 15898.8781415 32.8218624731
370 0 15063.7151013 32.9563992297
375 0 14188.4492437 32.7152334061
380 0 12548.5113755 31.6245700755
385 0 9948.47417086 29.5906264524
390 0 6872.85974485 26.9935850968
395 0 4083.32853568 24.4506655665
400 0 2086.59766672 22.452911493
0 4.96901271429 10819.748909 26.4050782504
5 4.96901271429 16726.5892948 30.1302109987
10 4.96901271429 22604.609697 34.1590257269
15 4.96901271429 26931.9907418 37.7741983809
20 4.96901271429 28799.1892483 40.5432111385
25 4.96901271429 28544.5350588 42.5752695881
30 4.96901271429 27436.7281524 44.2969316671
35 4.96901271429 26663.9455893 45.9600662065
40 4.96901271429 26650.1284915 47.4138477313
45 4.96901271429 27218.2747829 48.3248062631
50 4.96901271429 28037.4453564 48.4906838217
55 4.96901271429 28725.2380547 47.9272521877
60 4.96901271429 28826.8396995 46.8314161624
65 4.96901271429 28073.1116087 45.5820432753
70 4.96901271429 26642.7356105 44.6547098686
75 4.96901271429 25022.3352037 44.3618788952
80 4.96901271429 23697.8776789 44.6593975738
85 4.96901271429 23053.6924923 45.232185142
90 4.96901271429 23340.128205 45.7113911701
95 4.96901271429 24536.6803223 45.8180624289
100 4.96901271429 26383.3282023 45.4709137781
105 4.96901271429 28665.3395911 44.8764263697
110 4.96901271429 31224.6272568 44.4009292627
115 4.96901271429 33460.938481 44.1895995304
120 4.96901271429 34067.6364053 43.9327697868
125 4.96901271429 31731.7868197 43.1136617884
130 4.96901271429 26276.7837045 41.4562761311
135 4.96901271429 19014.486106 39.0422229669
140 4.96901271429 11918.2728624 36.0720482161
145 4.96901271429 6451.8638753 32.7088361743
150 4.96901271429 3027.16585395 29.190103271
155 4.96901271429 1253.92364582 25.9242210237
160 4.96901271429 488.370351271 23.3376616499
165 4.96901271429 211.63826497 21.634984601
170 4.96901271429 128.894344229 20.7449096259
175 4.96901271429 114.492588457 20.4772996314
180 4.96901271429 139.330879524 20.7085266019
185 4.96901271429 241.011120147 21.4406603576
190 4.96901271429 540.861823122 22.7142233252
195 4.96901271429 1278.18870017 24.4663618712
200 4.96901271429 2795.3786144 26.4745128647
205 4.96901271429 5389.45432391 28.4525367569
210 4.96901271429 9019.57155997 30.1910497053
215 4.96901271429 13045.9049332 31.5709761217
220 4.96901271429 16313.5174582 32.4719044479
225 4.96901271429 17725.4290135 32.7875461197
230 4.96901271429 16970.6096823 32.6094125817
235 4.96901271429 14757.9925409 32.3287329302
240 4.96901271429 12257.0518597 32.4380055167
245 4.96901271429 10227.2567474 33.1854303323
250 4.96901271429 8646.76459156 34.4036471438
255 4.96901271429 7094.33951605 35.6050058871
260 4.96901271429 5364.33113658 36.2273199153
265 4.96901271429 3702.46395012 35.9406204231
270 4.96901271429 2605.67739235 34.8974059462
275 4.96901271429 2547.04851986 33.6929196183
280 4.96901271429 3856.42574994 32.9769802195
285 4.96901271429 6678.8118065 33.0522651623
290 4.96901271429 10909.5098472 33.8264845453
295 4.96901271429 16191.6250076 35.0771422005
300 4.96901271429 22074.7758193 36.699751357
305 4.96901271429 28218.4334536 38.7329614021
310 4.96901271429 34422.538031 41.2116183378
315 4.96901271429 40448.5028016 44.0026863956
320 4.96901271429 45811.6253271 46.7346210023
325 4.96901271429 49762.0741882 48.8666896861
330 4.96901271429 51539.4439552 49.8944965587
335 4.96901271429 50754.4529276 49.5978301398
340 4.96901271429 47601.3917865 48.1627892402
345 4.96901271429 42755.9984225 46.0892748915
350 4.96901271429 37111.3586654 43.9677544383
355 4.96901271429 31566.930482 42.2724117804
360 4.96901271429 26884.7520054 41.2364223925
365 4.96901271429 23480.9350258 40.7830427686
370 4.96901271429 21164.4783417 40.4961513383
375 4.96901271429 19129.6374621 39.7132268565
380 4.96901271429 16459.9559659 37.8321438206
385 4.96901271429 12839.1533929 34.7087783488
390 4.96901271429 8786.16787642 30.8165885725
395 4.96901271429 5185.88056001 26.9847060231
400 4.96901271429 2630.67019007 23.9207261844
0 9.93802542857 14854.6473022 28.952546358
5 9.93802542857 22228.167577 33.7920108538
10 9.93802542857 29005.80709 38.8104955826
15 9.93802542857 33323.8677958 43.1410264198
20 9.93802542857 34330.0120139 46.3752816152
25 9.93802542857 32774.630977 48.7690673558
30 9.93802542857 30432.3663446 50.8807856036
35 9.93802542857 28843.8047742 52.997273363
40 9.93802542857 28552.6858733 54.9295140164
45 9.93802542857 29321.4738826 56.2882102251
50 9.93802542857 30646.9069877 56.816836295
55 9.93802542857 31911.878537 56.4838985296
60 9.93802542857 32438.4464964 55.476864453
65 9.93802542857 31839.9268324 54.2276186654
70 9.93802542857 30312.8988009 53.2907993413
75 9.93802542857 28431.1867533 53.0087799027
80 9.93802542857 26765.8869061 53.2892167838
85 9.93802542857 25791.9582324 53.7435464126
90 9.93802542857 25902.2237582 53.9828527527
95 9.93802542857 27269.5612686 53.7935957073
100 9.93802542857 29812.6416633 53.2114265229
105 9.93802542857 33378.5993098 52.5411606672
110 9.93802542857 37643.6006889 52.1685163797
115 9.93802542857 41564.733955 52.1646050053
120 9.93802542857 43234.2792879 52.0888001526
125 9.93802542857 40869.1220586 51.2912934208
130 9.93802542857 34232.187081 49.3905297679
135 9.93802542857 25029.1369361 46.3900405066
140 9.93802542857 15848.2404066 42.4532275614
145 9.93802542857 8661.27737648 37.7967772469
150 9.93802542857 4091.48477791 32.8361545881
155 9.93802542857 1691.5881822 28.2298641858
160 9.93802542857 641.52643062 24.6076185094
165 9.93802542857 257.283998085 22.2448910899
170 9.93802542857 141.401761736 21.0238128935
175 9.93802542857 122.294730027 20.6740591397
180 9.93802542857 162.316423683 21.0344944344
185 9.93802542857 320.841249286 22.1309596948
190 9.93802542857 778.900525906 24.0444327574
195 9.93802542857 1878.10235479 26.6923329981
200 9.93802542857 4074.06800469 29.7218725265
205 9.93802542857 7698.26119128 32.6332271979
210 9.93802542857 12558.1523787 35.0137027359
215 9.93802542857 17660.4452804 36.6436218762
220 9.93802542857 21448.49419 37.4402177397
225 9.93802542857 22619.7792833 37.4495816729
230 9.93802542857 20989.783819 36.9668821327
235 9.93802542857 17633.281115 36.5546337263
240 9.93802542857 14091.1810908 36.7819955691
245 9.93802542857 11319.0464348 37.8802328726
250 9.93802542857 9295.39156194 39.6110385271
255 9.93802542857 7500.59840513 41.3727418615
260 9.93802542857 5639.38646153 42.4404705499
265 9.93802542857 3931.20483857 42.3414625839
270 9.93802542857 2918.11536131 41.2376447761
275 9.93802542857 3180.45210947 39.9200669476
280 9.93802542857 5194.94412893 39.2726164329
285 9.93802542857 9242.87081931 39.6889467391
290 9.93802542857 15279.1708761 41.0015186941
295 9.93802542857 22892.501772 42.8715227717
300 9.93802542857 31472.2631864 45.1458050173
305 9.93802542857 40430.0055328 47.8688417482
310 9.93802542857 49247.9273109 51.0513019946
315 9.93802542857 57377.5606246 54.4738986633
320 9.93802542857 64175.9738188 57.682650382
325 9.93802542857 68952.4342356 60.1303834514
330 9.93802542857 71083.7777542 61.3547927213
335 9.93802542857 70171.7991855 61.1356539146
340 9.93802542857 66214.0937855 59.5968623919
345 9.93802542857 59713.1947338 57.1972179298
350 9.93802542857 51642.9776516 54.5728950657
355 9.93802542857 43247.2695418 52.2853352194
360 9.93802542857 35716.2581185 50.611161822
365 9.93802542857 29804.7359646 49.4631991442
370 9.93802542857 25501.1449642 48.4112287823
375 9.93802542857 22020.8271224 46.7882299136
380 9.93802542857 18351.6618653 43.9645259215
385 9.93802542857 14041.7470318 39.7529335191
390 9.93802542857 9506.25439031 34.6426284873
395 9.93802542857 5576.95422948 29.5872073605
400 9.93802542857 2817.45044471 25.4736093378
0 14.9070381429 18079.3684885 31.1665898898
5 14.9070381429 26218.5610893 36.8378231259
10 14.9070381429 33009.5888479 42.479047603
15 14.9070381429 36447.8613891 47.122958664
20 14.9070381429 35956.9810538 50.4243305716
25 14.9070381429 32780.1429551 52.7810003029
30 14.9070381429 29097.804729 54.8604575234
35 14.9070381429 26635.0443804 57.0078928401
40 14.9070381429 25949.9292001 59.0902927383
45 14.9070381429 26725.3807118 60.7781487164
50 14.9070381429 28317.3746398 61.8255210585
55 14.9070381429 29946.2155783 62.1283801648
60 14.9070381429 30809.3784585 61.7437862365
65 14.9070381429 30461.7019744 60.9640187505
70 14.9070381429 29084.7691848 60.2337686898
75 14.9070381429 27246.8723731 59.8460340698
80 14.9070381429 25515.0792367 59.7408985725
85 14.9070381429 24389.6877376 59.6420909174
90 14.9070381429 24369.9725451 59.3283362412
95 14.9070381429 25841.9402074 58.7661947596
100 14.9070381429 28972.5026784 58.1151494782
105 14.9070381429 33724.5873922 57.676367809
110 14.9070381429 39615.6364144 57.7027045311
115 14.9070381429 45188.5413723 58.0976646864
120 14.9070381429 48050.386017 58.3171249351
125 14.9070381429 46086.9526788 57.6668563887
130 14.9070381429 39020.4422861 55.6985249227
135 14.9070381429 28798.5933357 52.3012191493
140 14.9070381429 18398.7480641 47.5647275041
145 14.9070381429 10140.6288982 41.7801266227
150 14.9070381429 4824.05245698 35.5846429708
155 14.9070381429 2000.07546526 29.8888507353
160 14.9070381429 751.656813884 25.4775499309
165 14.9070381429 290.696269906 22.6444548317
170 14.9070381429 150.961304461 21.2049295749
175 14.9070381429 129.536814021 20.8186714705
180 14.9070381429 185.170819733 21.3068864923
185 14.9070381429 399.41804945 22.737687866
190 14.9070381429 1008.65774195 25.2530103576
195 14.9070381429 2441.92465228 28.7742843629
200 14.9070381429 5233.66906698 32.8295076294
205 14.9070381429 9694.58719706 36.6810127109
210 14.9070381429 15429.6237672 39.6593793993
215 14.9070381429 21100.5178696 41.4102373611
220 14.9070381429 24860.075823 41.9199612235
225 14.9070381429 25379.9412068 41.4641519161
230 14.9070381429 22734.1388871 40.584787346
235 14.9070381429 18350.0270757 39.9724632154
240 14.9070381429 14009.4632443 40.1810059197
245 14.9070381429 10743.2974415 41.3710503707
250 14.9070381429 8506.64377397 43.2680530538
255 14.9070381429 6722.4544725 45.2611176706
260 14.9070381429 5022.57303318 46.5813532752
265 14.9070381429 3552.53886617 46.6872908037
270 14.9070381429 2817.35682794 45.7437466174
275 14.9070381429 3433.94377324 44.6600991176
280 14.9070381429 5991.36307445 44.4573153242
285 14.9070381429 10923.1353572 45.5502573218
290 14.9070381429 18325.041395 47.6587768277
295 14.9070381429 27865.6473563 50.3047763889
300 14.9070381429 38895.3187813 53.271995108
305 14.9070381429 50597.1454082 56.6095274704
310 14.9070381429 62024.2235005 60.311931147
315 14.9070381429 72155.183999 64.0876032277
320 14.9070381429 80110.3381783 67.4368346788
325 14.9070381429 85332.8748124 69.8823195177
330 14.9070381429 87489.9082737 71.0945684652
335 14.9070381429 86260.2975245 70.9018420198
340 14.9070381429 81406.9962984 69.3465443212
345 14.9070381429 73179.0278719 66.7870990089
350 14.9070381429 62609.7304285 63.8378912157
355 14.9070381429 51324.7602736 61.0733626711
360 14.9070381429 40965.6498724 58.7396106461
365 14.9070381429 32606.7515937 56.7144385973
370 14.9070381429 26412.4554923 54.6306531581
375 14.9070381429 21686.5828657 51.9768279638
380 14.9070381429 17415.366041 48.2395902334
385 14.9070381429 13022.9311973 43.2175640368
390 14.9070381429 8705.8585068 37.3183162602
395 14.9070381429 5076.23031584 31.4739705056
400 14.9070381429 2560.13017743 26.6461257474
0 19.8760508571 19773.1349754 32.6360372231
5 19.8760508571 27882.2334702 38.7886419828
10 19.8760508571 33921.7974965 44.7009071155
15 19.8760508571 35952.8106403 49.3155088224
20 19.8760508571 33795.6280991 52.2971286638
25 19.8760508571 29135.8413979 54.10965764
30 19.8760508571 24369.874953 55.5163212629
35 19.8760508571 21203.6570223 57.0193268354
40 19.8760508571 20096.0883891 58.7162140679
45 19.8760508571 20642.2622674 60.5026987627
50 19.8760508571 22127.5602768 62.2284454674
55 19.8760508571 23739.6236146 63.6767857878
60 19.8760508571 24698.7221239 64.5858924592
65 19.8760508571 24583.9549896 64.811970318
70 19.8760508571 23535.3449664 64.4270746646
75 19.8760508571 22026.045521 63.6128552867
80 19.8760508571 20533.1569264 62.523438035
85 19.8760508571 19508.6142617 61.2947749455
90 19.8760508571 19480.8798336 60.1146766168
95 19.8760508571 20985.9831462 59.2142225353
100 19.8760508571 24416.7023662 58.804585239
105 19.8760508571 29872.0482116 59.0132044176
110 19.8760508571 36787.0455629 59.7851042255
115 19.8760508571 43463.1306193 60.7742441286
120 19.8760508571 47278.8745684 61.3776768977
125 19.8760508571 46003.8876868 60.9596495439
130 19.8760508571 39338.6223572 59.06811248
135 19.8760508571 29261.8979936 55.4813326582
140 19.8760508571 18822.6863142 50.2165298068
145 19.8760508571 10437.6636133 43.6672023952
150 19.8760508571 4991.26625915 36.7019982023
155 19.8760508571 2077.06247975 30.4269032405
160 19.8760508571 780.913761699 25.6824039202
165 19.8760508571 300.037824386 22.705623917
170 19.8760508571 154.162693062 21.2301955382
175 19.8760508571 133.935714894 20.8710127309
180 19.8760508571 201.157527349 21.4596402333
185 19.8760508571 453.887521268 23.12205076
190 19.8760508571 1164.03464931 26.07654255
195 19.8760508571 2809.48422544 30.2799957326
200 19.8760508571 5949.74013259 35.1825175973
205 19.8760508571 10830.3859296 39.8337781939
210 19.8760508571 16864.8428348 43.3055493168
215 19.8760508571 22475.176043 45.1024599794
220 19.8760508571 25707.9140527 45.2901420705
225 19.8760508571 25382.7369429 44.3734942441
230 19.8760508571 21883.6107049 43.0838585018
235 19.8760508571 16881.1962774 42.1336143855
240 19.8760508571 12209.035301 41.9807483941
245 19.8760508571 8835.20072198 42.7240909831
250 19.8760508571 6668.92412785 44.1480075453
255 19.8760508571 5125.18417812 45.7745331118
260 19.8760508571 3799.13026695 46.9411400598
265 19.8760508571 2741.49287484 47.141986714
270 19.8760508571 2353.67247533 46.538982221
275 19.8760508571 3206.41632939 46.0416200577
280 19.8760508571 5930.02884337 46.665402799
285 19.8760508571 11089.0079141 48.7682842173
290 19.8760508571 18990.6724912 51.9415425661
295 19.8760508571 29544.7581488 55.5531819093
300 19.8760508571 42239.1778062 59.2852461247
305 19.8760508571 56120.0877377 63.1612711495
310 19.8760508571 69779.171942 67.1723354964
315 19.8760508571 81614.6318138 71.0038782018
320 19.8760508571 90409.6144525 74.1657191331
325 19.8760508571 95701.839062 76.2929304577
330 19.8760508571 97477.5578199 77.2228051989
335 19.8760508571 95568.4557026 76.8674864656
340 19.8760508571 89599.0295267 75.2217229394
345 19.8760508571 79656.4173916 72.5549949372
350 19.8760508571 66891.0383632 69.4242304174
355 19.8760508571 53302.6035284 66.3344400696
360 19.8760508571 40896.622615 63.414246766
365 19.8760508571 30928.2300071 60.4772813444
370 19.8760508571 23620.4223838 57.2833393592
375 19.8760508571 18335.2646183 53.6101332518
380 19.8760508571 14102.3960009 49.1895494581
385 19.8760508571 10259.9712259 43.8497258154
390 19.8760508571 6757.33292473 37.8419835463
395 19.8760508571 3916.16671871 31.9239104532
400 19.8760508571 1978.0855149 26.9847310094
0 24.8450635714 19946.763213 33.3116415364
5 24.8450635714 27490.4227518 39.6856098857
10 24.8450635714 32451.8051584 45.6771894915
15 24.8450635714 33075.1783214 50.1030638822
20 24.8450635714 29555.9209576 52.5204381675
25 24.8450635714 23877.2558839 53.3548862253
30 24.8450635714 18469.127513 53.4773558621
35 24.8450635714 14879.7792102 53.6844438966
40 24.8450635714 13406.6561376 54.48456824
45 24.8450635714 13566.3360852 56.1396262412
50 24.8450635714 14643.8420589 58.6592198877
55 24.8450635714 15908.8535277 61.6708990704
60 24.8450635714 16720.8321094 64.4099500757
65 24.8450635714 16745.4564411 66.0125509327
70 24.8450635714 16071.2917585 65.9508039759
75 24.8450635714 15029.7128446 64.2882140429
80 24.8450635714 13962.4039686 61.617493259
85 24.8450635714 13223.0741545 58.7833603134
90 24.8450635714 13288.9725778 56.5668372767
95 24.8450635714 14738.6299077 55.4637864111
100 24.8450635714 18100.2337625 55.6063219213
105 24.8450635714 23596.8894984 56.7884436104
110 24.8450635714 30695.2544728 58.5395453601
115 24.8450635714 37690.985823 60.2389055731
120 24.8450635714 42009.0941174 61.265286505
125 24.8450635714 41488.0368447 61.105433706
130 24.8450635714 35806.80333 59.3587923982
135 24.8450635714 26793.5927344 55.737213692
140 24.8450635714 17301.5037967 50.2267783715
145 24.8450635714 9617.77620938 43.344197524
150 24.8450635714 4607.14373667 36.1541383326
155 24.8450635714 1921.48400131 29.8624817827
160 24.8450635714 726.733171271 25.2582165351
165 24.8450635714 283.937468079 22.4610181926
170 24.8450635714 150.344622879 21.1234860593
175 24.8450635714 134.413035543 20.8481899603
180 24.8450635714 206.429328984 21.5039286088
185 24.8450635714 471.615368941 23.2821814523
190 24.8450635714 1210.72742788 26.4797103552
195 24.8450635714 2905.14860167 31.1081538418
200 24.8450635714 6090.10595186 36.5851472357
205 24.8450635714 10932.3591956 41.8073567701
210 24.8450635714 16721.6809275 45.642773435
215 24.8450635714 21795.2235868 47.488926928
220 24.8450635714 24267.9819141 47.4792037241
225 24.8450635714 23198.019848 46.2628680214
230 24.8450635714 19227.1209173 44.6142014611
235 24.8450635714 14112.6162148 43.138155769
240 24.8450635714 9576.92445844 42.172511845
245 24.8450635714 6435.06786251 41.8424268014
250 24.8450635714 4544.90977313 42.1226141614
255 24.8450635714 3353.41260302 42.7874656579
260 24.8450635714 2457.13712154 43.3831791209
265 24.8450635714 1820.95401303 43.5081603568
270 24.8450635714 1714.78727786 43.3035710706
275 24.8450635714 2601.9126763 43.5680354
280 24.8450635714 5077.59671534 45.1950240772
285 24.8450635714 9787.63388092 48.4526185218
290 24.8450635714 17275.037521 52.8370004362
295 24.8450635714 27797.9450202 57.5713473118
300 24.8450635714 41125.458934 62.1767455156
305 24.8450635714 56287.0480438 66.5758174117
310 24.8450635714 71484.571796 70.744299061
315 24.8450635714 84552.0750846 74.4076535809
320 24.8450635714 93876.0842857 77.1537837279
325 24.8450635714 98959.3036576 78.7397241498
330 24.8450635714 100000 79.1401343193
335 24.8450635714 97024.5085889 78.3571975713
340 24.8450635714 89725.7137176 76.4064191891
345 24.8450635714 78259.8005292 73.5403686877
350 24.8450635714 63983.3429945 70.2661033465
355 24.8450635714 49175.5955992 66.9662527419
360 24.8450635714 36006.6295218 63.5970051744
365 24.8450635714 25703.0319301 59.8909339883
370 24.8450635714 18384.4150876 55.7539212154
375 24.8450635714 13387.5551523 51.2957451927
380 24.8450635714 9786.62954093 46.5516815072
385 24.8450635714 6889.06317549 41.4240297631
390 24.8450635714 4459.23763305 35.990052184
395 24.8450635714 2571.50133166 30.7330767322
400 24.8450635714 1309.35513108 26.3347926878
0 29.8140762857 19291.1650409 33.4735072826
5 29.8140762857 26159.7099792 39.9507456259
10 29.8140762857 30172.1290525 45.9784862279
15 29.8140762857 29756.2022094 50.2110082897
20 29.8140762857 25368.8130237 52.01328109
25 29.8140762857 19145.3746337 51.7152774395
30 29.8140762857 13456.8631452 50.3181064306
35 29.8140762857 9667.65560132 48.9847527366
40 29.8140762857 7919.81829196 48.6901503355
45 29.8140762857 7671.01794228 50.0830994523
50 29.8140762857 8242.74060466 53.3436875311
55 29.8140762857 9033.89788679 57.941458451
60 29.8140762857 9579.7072151 62.5564868334
65 29.8140762857 9648.91327223 65.5065744066
70 29.8140762857 9284.2132378 65.5994001439
75 29.8140762857 8680.38866034 62.8280658593
80 29.8140762857 8047.66167038 58.365353342
85 29.8140762857 7630.86374366 53.8913251632
90 29.8140762857 7809.32075305 50.7909755199
95 29.8140762857 9112.85264859 49.7128765348
100 29.8140762857 12106.0063381 50.5647138232
105 29.8140762857 17106.6313138 52.7360746689
110 29.8140762857 23707.2822003 55.3757874684
115 29.8140762857 30383.4587395 57.6670660618
120 29.8140762857 34785.0831999 59.0166578688
125 29.8140762857 34908.9025593 59.0418534137
130 29.8140762857 30396.4939582 57.4135390808
135 29.8140762857 22832.9420643 53.8334971486
140 29.8140762857 14747.6327215 48.3102916096
145 29.8140762857 8180.20905933 41.4781293577
150 29.8140762857 3906.45646318 34.5218466818
155 29.8140762857 1627.90488963 28.6447679789
160 29.8140762857 621.644804365 24.5103046525
165 29.8140762857 251.938683734 22.0995987914
170 29.8140762857 141.965713586 21.0040773624
175 29.8140762857 131.911124344 20.8464255044
180 29.8140762857 203.017429768 21.5538888979
185 29.8140762857 459.996582545 23.3835992753
190 29.8140762857 1172.96196631 26.6959191282
195 29.8140762857 2797.42579642 31.5474414711
200 29.8140762857 5821.45738605 37.3440208472
205 29.8140762857 10348.8967748 42.8940315611
210 29.8140762857 15624.6387382 46.9527762643
215 29.8140762857 20019.7069759 48.8748386004
220 29.8140762857 21802.4249971 48.8378687244
225 29.8140762857 20254.4613359 47.5112125541
230 29.8140762857 16171.0042395 45.5545718083
235 29.8140762857 11278.4847427 43.3821520608
240 29.8140762857 7122.3441842 41.2553148997
245 29.8140762857 4353.53469541 39.4451553769
250 29.8140762857 2790.28366719 38.2160044156
255 29.8140762857 1927.09500467 37.6322584388
260 29.8140762857 1382.75298313 37.4535859683
265 29.8140762857 1059.99644539 37.3787448935
270 29.8140762857 1107.01718881 37.4974447984
275 29.8140762857 1858.53493724 38.4349812956
280 29.8140762857 3824.21203702 40.9214117082
285 29.8140762857 7672.84503575 45.1694222627
290 29.8140762857 14144.5171579 50.665697772
295 29.8140762857 23843.0776805 56.5337358355
300 29.8140762857 36858.8228283 62.0796056951
305 29.8140762857 52298.9677885 67.0173307213
310 29.8140762857 68126.5196569 71.2522692969
315 29.8140762857 81761.675187 74.5939414834
320 29.8140762857 91231.2238951 76.7820621021
325 29.8140762857 95878.5897112 77.7044244595
330 29.8140762857 95955.5840086 77.4222905343
335 29.8140762857 91695.1709795 76.0090451812
340 29.8140762857 83082.4588729 73.5596289358
345 29.8140762857 70581.6850931 70.3897809467
350 29.8140762857 55786.9418857 66.9913227013
355 29.8140762857 41061.4488149 63.6199150656
360 29.8140762857 28474.1206537 60.0519837324
365 29.8140762857 19025.2546266 55.9224597365
370 29.8140762857 12623.359858 51.2313846441
375 29.8140762857 8530.60888108 46.3560670859
380 29.8140762857 5866.6108454 41.618024976
385 29.8140762857 3968.49189913 37.0397936319
390 29.8140762857 2520.17969858 32.5752927371
395 29.8140762857 1452.85511135 28.4229487626
400 29.8140762857 757.115539577 24.9860562335
0 34.783089 18590.3098593 33.4362356856
5 34.783089 24978.2144636 39.9617559632
10 34.783089 28391.8646898 46.0070820484
15 34.783089 27374.4245965 50.0906497847
20 34.783089 22524.5859524 51.4199021763
25 34.783089 16044.5107787 50.2644872664
30 34.783089 10245.4450459 47.7492491872
35 34.783089 6360.42514894 45.3072188792
40 34.783089 4422.51808321 44.2060886786
45 34.783089 3849.93887302 45.3218120061
50 34.783089 4001.8834667 48.9585303796
55 34.783089 4390.04422118 54.5219930781
60 34.783089 4693.15079538 60.3258346572
65 34.783089 4760.34054414 64.0814501978
70 34.783089 4599.38176746 64.098570685
75 34.783089 4303.95669941 60.3667908652
80 34.783089 3987.95174279 54.5877279853
85 34.783089 3809.02642015 49.127697619
90 34.783089 4045.99087586 45.7646995201
95 34.783089 5137.84197007 45.0788304234
100 34.783089 7617.3030687 46.6121178837
105 34.783089 11858.2762824 49.3795894835
110 34.783089 17612.9334737 52.3401069786
115 34.783089 23618.6447492 54.6952661336
120 34.783089 27817.7486705 55.9832941346
125 34.783089 28387.1037126 55.9455186049
130 34.783089 24923.9203075 54.3078132456
135 34.783089 18757.7238899 50.7880986183
140 34.783089 12078.7814452 45.4375468343
145 34.783089 6656.7058417 38.9612762093
150 34.783089 3154.8437605 32.5658281695
155 34.783089 1309.86497814 27.3673022984
160 34.783089 506.929408166 23.8722710481
165 34.783089 216.805981668 21.9350195135
170 34.783089 132.664571612 21.113681819
175 34.783089 128.739388019 21.0799325649
180 34.783089 197.440626472 21.8407106982
185 34.783089 441.017638275 23.719818916
190 34.783089 1115.18760722 27.1138500616
195 34.783089 2647.41958671 32.0836705199
200 34.783089 5486.92510966 38.0102176302
205 34.783089 9703.21475547 43.6635942467
210 34.783089 14540.4741503 47.7835130649
215 34.783089 18432.2008759 49.7512600936
220 34.783089 19773.9209839 49.7629317574
225 34.783089 17988.3005873 48.4038285266
230 34.783089 13939.091227 46.1324582359
235 34.783089 9297.16928086 43.180664898
240 34.783089 5471.07823411 39.8187496793
245 34.783089 2999.06159192 36.5404480616
250 34.783089 1676.36654557 33.9039669315
255 34.783089 1033.83941719 32.2024441845
260 34.783089 709.27119756 31.3321776435
265 34.783089 564.23587123 31.0382992608
270 34.783089 654.719656841 31.3339735686
275 34.783089 1201.0737046 32.6695752166
280 34.783089 2612.75057375 35.6414605419
285 34.783089 5532.74222145 40.4809318595
290 34.783089 10814.5724944 46.7666019927
295 34.783089 19306.9704951 53.589698029
300 34.783089 31354.3146385 60.0155686335
305 34.783089 46175.2086426 65.4479039867
310 34.783089 61652.9840709 69.6389543155
315 34.783089 75008.8967917 72.4921688947
320 34.783089 84046.9013292 73.9705530272
325 34.783089 87937.995157 74.1385648197
330 34.783089 86909.4747432 73.1345853239
335 34.783089 81415.8218104 71.0856652075
340 34.783089 71871.4105151 68.1807720322
345 34.783089 59150.5563839 64.8318144676
350 34.783089 44992.2289766 61.5433753546
355 34.783089 31584.1925658 58.4646467809
360 34.783089 20641.313604 55.188690933
365 34.783089 12817.6877315 51.1854606489
370 34.783089 7807.68418607 46.4184428797
375 34.783089 4831.0913439 41.4134707146
380 34.783089 3084.94424666 36.7550205149
385 34.783089 1990.44449958 32.6651176012
390 34.783089 1242.40138755 29.0854560117
395 34.783089 726.692031404 25.9981421299
400 34.783089 401.461397462 23.5342464317
0 39.7521017143 18208.5694205 33.3223813283
5 39.7521017143 24358.5045345 39.8005955206
10 39.7521017143 27479.7891845 45.7705032183
15 39.7521017143 26168.2654248 49.7301721957
20 39.7521017143 21090.2704323 50.8948678048
25 39.7521017143 14482.0022425 49.5896794945
30 39.7521017143 8625.87715884 47.0010666713
35 39.7521017143 4686.0762177 44.5441453169
40 39.7521017143 2634.62099085 43.370540589
45 39.7521017143 1866.97705815 44.2577955067
50 39.7521017143 1768.39550582 47.5584868255
55 39.7521017143 1923.03424971 52.8318118932
60 39.7521017143 2095.11090519 58.4623568805
65 39.7521017143 2173.45757483 62.0545679108
70 39.7521017143 2134.08059371 61.7732280299
75 39.7521017143 2005.05772364 57.6539626814
80 39.7521017143 1845.86194498 51.6839640797
85 39.7521017143 1765.77382786 46.5319979675
90 39.7521017143 1972.24508258 43.9895835751
95 39.7521017143 2813.2499905 44.2651106068
100 39.7521017143 4751.9491016 46.3769373132
105 39.7521017143 8168.75649425 49.0375292231
110 39.7521017143 12948.6344344 51.3051391547
115 39.7521017143 18095.78192 52.7391297225
120 39.7521017143 21869.0082996 53.2145530551
125 39.7521017143 22654.6656181 52.6360716789
130 39.7521017143 20030.5363874 50.7561199754
135 39.7521017143 15084.3159163 47.2853273671
140 39.7521017143 9670.30975034 42.2804078051
145 39.7521017143 5287.1259635 36.435793391
150 39.7521017143 2483.97158965 30.8820302473
155 39.7521017143 1028.52949083 26.5856737226
160 39.7521017143 406.453921786 23.8786743426
165 39.7521017143 186.4208704 22.4888134843
170 39.7521017143 125.064917337 21.9479022732
175 39.7521017143 127.486875701 22.0017161834
180 39.7521017143 197.428786029 22.7772014064
185 39.7521017143 438.693483804 24.6871574419
190 39.7521017143 1102.40531442 28.1395837368
195 39.7521017143 2606.02504128 33.1436924295
200 39.7521017143 5385.39735002 39.0256046281
205 39.7521017143 9498.61533663 44.5571491562
210 39.7521017143 14187.7107782 48.5480736768
215 39.7521017143 17900.5088378 50.4581614156
220 39.7521017143 19067.2782832 50.4729583553
225 39.7521017143 17158.2422209 49.0340099892
230 39.7521017143 13072.6331285 46.4009981127
235 39.7521017143 8478.36347008 42.7066979707
240 39.7521017143 4745.12453075 38.3132905159
245 39.7521017143 2371.31944601 33.9347243888
250 39.7521017143 1141.08317164 30.3326067968
255 39.7521017143 595.366008354 27.9087480805
260 39.7521017143 372.019894829 26.59866812
265 39.7521017143 301.836043186 26.1426704251
270 39.7521017143 379.01876378 26.4788160474
275 39.7521017143 739.943472193 27.9261380506
280 39.7521017143 1705.28177802 31.0079611655
285 39.7521017143 3862.70264859 36.0357578363
290 39.7521017143 8089.92372553 42.7421581251
295 39.7521017143 15344.3052645 50.2359067015
300 39.7521017143 26102.0541244 57.3453145448
305 39.7521017143 39662.1490895 63.1106053929
310 39.7521017143 53921.9186984 67.066409763
315 39.7521017143 66084.5214112 69.1978799628
320 39.7521017143 73921.5540515 69.7488728292
325 39.7521017143 76571.8821708 69.0478721363
330 39.7521017143 74320.3285537 67.3738863675
335 39.7521017143 67886.3330571 64.921178226
340 39.7521017143 58108.4029465 61.9473383935
345 39.7521017143 46169.8894255 58.9322265
350 39.7521017143 33743.5274 56.3900639067
355 39.7521017143 22596.1788747 54.3607169604
360 39.7521017143 13928.4203107 52.1806368366
365 39.7521017143 8031.91401791 48.9824761115
370 39.7521017143 4468.41451671 44.5020156371
375 39.7521017143 2504.45231637 39.3291586483
380 39.7521017143 1467.48281169 34.3786659061
385 39.7521017143 900.532800645 30.226891542
390 39.7521017143 560.804818012 26.9548894742
395 39.7521017143 346.229398951 24.4310324153
400 39.7521017143 216.880097466 22.5640693854
0 44.7211144286 18137.3723095 33.1392550744
5 44.7211144286 24191.7448937 39.4297976674
10 44.7211144286 27172.8322701 45.1744504558
15 44.7211144286 25706.2372462 49.0156849965
20 44.7211144286 20502.1876262 50.4066462537
25 44.7211144286 13822.9988291 49.8783884531
30 44.7211144286 7940.15565753 48.5815557449
35 44.7211144286 3982.41284937 47.5229907075
40 44.7211144286 1890.59555822 47.2107603756
45 44.7211144286 1053.1099835 47.9266438403
50 44.7211144286 877.322241958 50.0051716668
55 44.7211144286 989.428520272 53.4582509553
60 44.7211144286 1187.36309837 57.2960973275
65 44.7211144286 1352.18722287 59.6177055351
70 44.7211144286 1409.89545038 58.8381259536
75 44.7211144286 1336.79629395 55.0587367971
80 44.7211144286 1173.8742974 50.2391240698
85 44.7211144286 1031.62083941 46.9045701894
90 44.7211144286 1094.98282493 46.4469026843
95 44.7211144286 1643.024929 48.3798812673
100 44.7211144286 3046.58483224 51.0166026284
105 44.7211144286 5634.90330836 52.8164528974
110 44.7211144286 9366.71318184 53.2268070017
115 44.7211144286 13490.5380805 52.5416909501
120 44.7211144286 16614.6567395 51.2418049011
125 44.7211144286 17402.7894368 49.4901785207
130 44.7211144286 15465.0263301 47.0546112458
135 44.7211144286 11649.2412916 43.5953559232
140 44.7211144286 7442.23473144 39.1152918757
145 44.7211144286 4045.81259895 34.2224905421
150 44.7211144286 1892.00983706 29.9006341919
155 44.7211144286 787.666155554 26.9115662944
160 44.7211144286 323.135352182 25.349556674
165 44.7211144286 162.297122039 24.7319333233
170 44.7211144286 120.509283699 24.5034073211
175 44.7211144286 131.481006961 24.5058006355
180 44.7211144286 212.749030599 25.0811690969
185 44.7211144286 478.553438842 26.8159572719
190 44.7211144286 1192.42457253 30.1374939531
195 44.7211144286 2786.08156549 34.9583728903
200 44.7211144286 5705.52900321 40.5322020147
205 44.7211144286 10002.5740736 45.6826082943
210 44.7211144286 14883.0278046 49.3613390935
215 44.7211144286 18729.6820333 51.1237586269
220 44.7211144286 19908.6600321 51.0960373495
225 44.7211144286 17871.3125633 49.5371598837
230 44.7211144286 13561.442831 46.5506947871
235 44.7211144286 8725.13987782 42.2657553768
240 44.7211144286 4795.22193486 37.182546503
245 44.7211144286 2295.06440426 32.1753534301
250 44.7211144286 1005.03849431 28.086482323
255 44.7211144286 449.953326728 25.3182549685
260 44.7211144286 245.026372617 23.7869388295
265 44.7211144286 190.437431154 23.2171758375
270 44.7211144286 238.929349005 23.5038620617
275 44.7211144286 471.325522771 24.8944216061
280 44.7211144286 1139.99833178 27.8886054236
285 44.7211144286 2766.19776221 32.8885700599
290 44.7211144286 6186.7270536 39.7679229638
295 44.7211144286 12353.6515724 47.6540573479
300 44.7211144286 21757.2279764 55.1653766833
305 44.7211144286 33711.8259707 61.0070077308
310 44.7211144286 46147.3619352 64.4984647927
315 44.7211144286 56354.6498493 65.6922053842
320 44.7211144286 62257.7514813 65.1266143401
325 44.7211144286 63191.853609 63.4671627865
330 44.7211144286 59685.7491838 61.2332134027
335 44.7211144286 52767.5517439 58.739581994
340 44.7211144286 43564.9067497 56.2907372825
345 44.7211144286 33321.6110755 54.3875074178
350 44.7211144286 23399.7252523 53.5283438622
355 44.7211144286 14997.0543688 53.5923287016
360 44.7211144286 8776.43496329 53.4908738811
365 44.7211144286 4740.48145426 51.7514710317
370 44.7211144286 2428.07263884 47.675822864
375 44.7211144286 1238.6899155 41.9176043288
380 44.7211144286 669.866725727 35.9040498981
385 44.7211144286 399.267841112 30.7881565336
390 44.7211144286 260.367908633 26.9501610583
395 44.7211144286 182.404014488 24.2369533066
400 44.7211144286 138.364201172 22.3868554309
0 49.6901271429 18318.8804551 32.9742485291
5 49.6901271429 24342.1757469 38.9921383029
10 49.6901271429 27225.768598 44.4112546704
15 49.6901271429 25627.1043682 48.1455131746
20 49.6901271429 20308.5446926 50.0724781777
25 49.6901271429 13566.6766665 51.0577257044
30 49.6901271429 7670.28828025 52.1441784392
35 49.6901271429 3723.61106589 53.6160904141
40 49.6901271429 1650.4436489 54.9103978497
45 49.6901271429 847.601599941 55.498302014
50 49.6901271429 753.783356845 55.6596331934
55 49.6901271429 1026.4050907 56.1144356406
60 49.6901271429 1457.33639212 56.9344588023
65 49.6901271429 1860.47512211 57.1561403265
70 49.6901271429 2059.22947736 55.7159546681
75 49.6901271429 1960.65849962 52.7787354134
80 49.6901271429 1618.1465564 50.0454929318
85 49.6901271429 1210.94658693 49.5823776092
90 49.6901271429 972.338884787 52.0950127209
95 49.6901271429 1150.41159492 56.1823126176
100 49.6901271429 2011.36344772 59.3276316049
105 49.6901271429 3780.16791265 59.7636180243
110 49.6901271429 6426.74134425 57.5109351744
115 49.6901271429 9412.95501532 53.8459531944
120 49.6901271429 11722.7509585 50.0432351931
125 49.6901271429 12361.8249907 46.6078670885
130 49.6901271429 11021.5099306 43.3403443741
135 49.6901271429 8307.29812781 39.8494351857
140 49.6901271429 5301.56812826 36.0819438225
145 49.6901271429 2879.60046538 32.5578859549
150 49.6901271429 1352.26024772 30.1030130684
155 49.6901271429 575.684239247 29.2109901202
160 49.6901271429 252.771272431 29.5703135665
165 49.6901271429 143.622856789 30.2420103645
170 49.6901271429 120.769146245 30.4006974712
175 49.6901271429 147.611380519 30.0014617231
180 49.6901271429 262.708872484 29.7977026242
185 49.6901271429 606.08602682 30.7576587003
190 49.6901271429 1476.08872914 33.415208344
195 49.6901271429 3340.92768284 37.5779000038
200 49.6901271429 6664.50777335 42.4326219446
205 49.6901271429 11469.585126 46.9155890492
210 49.6901271429 16866.119811 50.1705710409
215 49.6901271429 21089.1305422 51.8193972705
220 49.6901271429 22367.885777 51.8461468083
225 49.6901271429 20108.0783002 50.2797110059
230 49.6901271429 15332.4366203 47.0972063544
235 49.6901271429 9943.40124494 42.4767865443
240 49.6901271429 5519.65440507 37.0499224944
245 49.6901271429 2661.20738544 31.7704759238
250 49.6901271429 1154.26797335 27.4684245868
255 49.6901271429 489.911219809 24.5022841574
260 49.6901271429 239.939526782 22.7790704723
265 49.6901271429 165.506129546 22.0469033973
270 49.6901271429 184.518959053 22.2098284899
275 49.6901271429 338.782007742 23.4932751909
280 49.6901271429 827.948707905 26.3849692923
285 49.6901271429 2103.30827456 31.3258207695
290 49.6901271429 4920.18873214 38.2466942828
295 49.6901271429 10149.7372209 46.2572102569
300 49.6901271429 18216.6966104 53.8300377837
305 49.6901271429 28407.484783 59.4638264054
310 49.6901271429 38699.2514893 62.3526944373
315 49.6901271429 46547.6904613 62.5998334589
320 49.6901271429 50169.3818274 60.9600594262
325 49.6901271429 49271.9092891 58.4015630277
330 49.6901271429 44753.0061486 55.7346246436
335 49.6901271429 37917.5798099 53.4705199033
340 49.6901271429 29978.7599341 51.9961506941
345 49.6901271429 21983.3863224 51.8328706342
350 49.6901271429 14823.907867 53.4476041002
355 49.6901271429 9126.6330782 56.485584527
360 49.6901271429 5117.97779252 59.2480938357
365 49.6901271429 2632.28397082 59.4133780401
370 49.6901271429 1273.26582923 55.7000784467
375 49.6901271429 613.575131931 48.8701560989
380 49.6901271429 323.340694492 41.042785485
385 49.6901271429 201.782303444 34.1297631704
390 49.6901271429 149.03232391 28.9277869346
395 49.6901271429 123.688229507 25.3318156481
400 49.6901271429 110.697487368 22.9576410774
0 54.6591398571 18697.6219286 32.9961553665
5 54.6591398571 24723.880849 38.8035812574
10 54.6591398571 27513.673963 43.941922481
15 54.6591398571 25762.5999995 47.602442568
20 54.6591398571 20301.611233 50.1201272597
25 54.6591398571 13476.2819289 52.7352383967
30 54.6591398571 7560.41398656 56.3913231508
35 54.6591398571 3638.55519933 60.604371205
40 54.6591398571 1627.06174089 63.6607644525
45 54.6591398571 949.550249508 64.1547999235
50 54.6591398571 1097.28906682 62.294534012
55 54.6591398571 1763.90150579 59.5473204724
60 54.6591398571 2700.79532763 57.1248093285
65 54.6591398571 3576.46174488 55.0858273574
70 54.6591398571 4021.52624214 52.9394572544
75 54.6591398571 3826.70701736 50.900773548
80 54.6591398571 3089.03179806 50.3372550878
85 54.6591398571 2148.87663491 52.7642919009
90 54.6591398571 1386.11940008 58.1570451642
95 54.6591398571 1074.50406572 64.2367199435
100 54.6591398571 1378.67991223 67.7458497764
105 54.6591398571 2383.81143421 66.7605714844
110 54.6591398571 4018.73035196 61.8778159446
115 54.6591398571 5911.27290213 55.3027994899
120 54.6591398571 7396.85552622 49.0432223299
125 54.6591398571 7827.04671809 43.9219355231
130 54.6591398571 6993.96748219 39.8005753608
135 54.6591398571 5280.05208379 36.3126948086
140 54.6591398571 3377.32766545 33.4603593151
145 54.6591398571 1845.73569014 31.7999450793
150 54.6591398571 882.895403747 32.0811180473
155 54.6591398571 395.776565254 34.4676214898
160 54.6591398571 195.161991077 37.9591187391
165 54.6591398571 130.992432641 40.7308991392
170 54.6591398571 130.062084577 41.3616364941
175 54.6591398571 190.04087425 39.9267494449
180 54.6591398571 385.628266234 37.9067325428
185 54.6591398571 908.643373183 37.0213901997
190 54.6591398571 2121.67879483 38.1160582806
195 54.6591398571 4543.9621749 40.9334701162
200 54.6591398571 8635.30362612 44.5962860342
205 54.6591398571 14324.0959018 48.1768316961
210 54.6591398571 20536.8963536 51.0062849088
215 54.6591398571 25290.362809 52.7014651873
220 54.6591398571 26652.3576445 53.0147700101
225 54.6591398571 24004.2935424 51.708470966
230 54.6591398571 18494.9597695 48.6471592077
235 54.6591398571 12237.8145276 44.05360842
240 54.6591398571 7010.34458773 38.6228873661
245 54.6591398571 3531.54785126 33.2899671851
250 54.6591398571 1614.68062921 28.8149846443
255 54.6591398571 714.790039357 25.5333633343
260 54.6591398571 344.781297717 23.4187476493
265 54.6591398571 212.300628284 22.328119719
270 54.6591398571 194.838912465 22.241029599
275 54.6591398571 297.916923833 23.3902111378
280 54.6591398571 671.938968982 26.2176462717
285 54.6591398571 1689.14922014 31.0977563387
290 54.6591398571 3989.98272274 37.8973666521
295 54.6591398571 8313.03179601 45.6784423997
300 54.6591398571 14981.5899408 52.8958129685
305 54.6591398571 23276.0177328 58.0641133183
310 54.6591398571 31309.2639818 60.4038184706
315 54.6591398571 36815.925147 60.0262277832
320 54.6591398571 38386.516128 57.7033770415
325 54.6591398571 36114.0043016 54.5120236162
330 54.6591398571 31194.8122335 51.4936118746
335 54.6591398571 25056.1339168 49.4261830662
340 54.6591398571 18800.0524902 48.8871837373
345 54.6591398571 13135.3104495 50.4877102151
350 54.6591398571 8483.6677766 54.6729175073
355 54.6591398571 5029.09333957 60.8198321889
360 54.6591398571 2728.63943941 66.572169877
365 54.6591398571 1365.9080955 68.7294132365
370 54.6591398571 651.690394432 65.4203145266
375 54.6591398571 320.868199925 57.5051346313
380 54.6591398571 184.358950327 47.7644301409
385 54.6591398571 132.724998113 38.8414136541
390 54.6591398571 113.58677739 31.9652632549
395 54.6591398571 105.947679631 27.1442897037
400 54.6591398571 102.552540128 23.9480993605
0 59.6281525714 19063.6176343 33.2980959756
5 59.6281525714 25066.0558904 39.0983261313
10 59.6281525714 27737.4618688 44.1562368656
15 59.6281525714 25825.7177956 47.798803875
20 59.6281525714 20235.9881509 50.6428421241
25 59.6281525714 13356.3884964 54.2048953545
30 59.6281525714 7455.01816602 59.4253500572
35 59.6281525714 3593.3346522 65.3656716362
40 59.6281525714 1691.17519616 69.5624039053
45 59.6281525714 1224.27299335 69.9983438814
50 59.6281525714 1767.34988012 66.786238954
55 59.6281525714 3065.16873245 61.857061796
60 59.6281525714 4799.37723413 57.1851128174
65 59.6281525714 6409.5403277 53.5490004155
70 59.6281525714 7229.50132646 50.8807699021
75 59.6281525714 6874.7589191 49.4285573838
80 59.6281525714 5516.28957836 50.2743840224
85 59.6281525714 3756.04395805 54.4753663662
90 59.6281525714 2228.54438447 61.4816191284
95 59.6281525714 1299.78637486 68.5032537714
100 59.6281525714 1051.61679184 71.9425548137
105 59.6281525714 1416.30872932 69.8980156695
110 59.6281525714 2244.13044035 63.3668816608
115 59.6281525714 3263.95120472 55.0851700414
120 59.6281525714 4079.64235115 47.428018772
125 59.6281525714 4321.551446 41.3527932876
130 59.6281525714 3869.62165028 36.7782153822
135 59.6281525714 2932.32616195 33.4809986894
140 59.6281525714 1890.40119936 31.7185840141
145 59.6281525714 1052.13172734 32.3203127483
150 59.6281525714 526.032884846 36.137650745
155 59.6281525714 260.833632012 42.9838893735
160 59.6281525714 153.609969566 50.8631028448
165 59.6281525714 126.731247935 56.5718290215
170 59.6281525714 155.542619036 57.7072396965
175 59.6281525714 280.965325988 54.4544434634
180 59.6281525714 639.443069714 49.3758694554
185 59.6281525714 1513.14780026 45.3944152594
190 59.6281525714 3361.82920332 43.9564929952
195 59.6281525714 6749.29351189 44.8165067668
200 59.6281525714 12059.3385292 46.9914745251
205 59.6281525714 19004.9655324 49.6112179526
210 59.6281525714 26225.0303307 52.1009430645
215 59.6281525714 31497.4940167 53.990783842
220 59.6281525714 32795.3693416 54.7792497708
225 59.6281525714 29561.6245229 54.0045348233
230 59.6281525714 23109.1211149 51.4566463971
235 59.6281525714 15752.6748849 47.3582055729
240 59.6281525714 9461.21120433 42.337903715
245 59.6281525714 5097.87834745 37.1733042637
250 59.6281525714 2542.94065946 32.4932217138
255 59.6281525714 1239.1139306 28.6535505471
260 59.6281525714 640.024831039 25.8055192366
265 59.6281525714 388.231842428 24.0330433352
270 59.6281525714 310.615191551 23.473709839
275 59.6281525714 370.047375155 24.3886958958
280 59.6281525714 659.446443336 27.1132113939
285 59.6281525714 1452.3880901 31.8229080615
290 59.6281525714 3237.94159599 38.1983136932
295 59.6281525714 6582.19031368 45.2618381043
300 59.6281525714 11704.5848881 51.6377544403
305 59.6281525714 17960.0853766 56.1224338975
310 59.6281525714 23755.2830162 58.1165667211
315 59.6281525714 27250.8916443 57.656869829
320 59.6281525714 27433.4677408 55.257284993
325 59.6281525714 24637.9873597 51.8081516754
330 59.6281525714 20117.3512932 48.4321080396
335 59.6281525714 15191.4483646 46.2082263986
340 59.6281525714 10720.9407482 46.0281238208
345 59.6281525714 7084.46347867 48.6777231561
350 59.6281525714 4365.80189682 54.5962014491
355 59.6281525714 2497.17961789 62.9444517852
360 59.6281525714 1327.46183259 70.9158628004
365 59.6281525714 667.952750467 74.7414854617
370 59.6281525714 336.343827053 72.1396653161
375 59.6281525714 188.735419669 63.9341416757
380 59.6281525714 130.668010349 53.1986404144
385 59.6281525714 110.24960083 42.9738594726
390 59.6281525714 103.568039858 34.8086864365
395 59.6281525714 101.351704218 28.9048356503
400 59.6281525714 100.534653672 24.9171811767
0 64.5971652857 19154.6478512 33.8551653964
5 64.5971652857 25023.6729386 39.9106705303
10 64.5971652857 27514.3490263 45.1695816668
15 64.5971652857 25457.0292473 48.8586756565
20 64.5971652857 19823.8063355 51.549512269
25 64.5971652857 13006.7008468 54.8218967454
30 64.5971652857 7226.88438726 59.7573396296
35 64.5971652857 3503.53723743 65.5338166286
40 64.5971652857 1767.34320738 69.6943421541
45 64.5971652857 1570.16995909 70.1171050361
50 64.5971652857 2597.19840685 66.7751855867
55 64.5971652857 4659.09871031 61.5293098724
60 64.5971652857 7354.52273693 56.4255227766
65 64.5971652857 9847.94653971 52.4349680723
70 64.5971652857 11117.1910018 49.6739425995
75 64.5971652857 10568.4349931 48.4105598988
80 64.5971652857 8463.58570405 49.5296069211
85 64.5971652857 5724.09525778 53.7892444754
90 64.5971652857 3303.8187394 60.4517656264
95 64.5971652857 1707.30995024 66.7941291553
100 64.5971652857 959.785228724 69.4945738819
105 64.5971652857 851.109351353 66.9485325608
110 64.5971652857 1136.80044937 60.3005234147
115 64.5971652857 1583.81676068 52.2373257672
120 64.5971652857 1958.92938627 44.9545943214
125 64.5971652857 2071.86842212 39.2285599202
130 64.5971652857 1861.16325397 34.9425408093
135 64.5971652857 1423.14829501 32.0864666602
140 64.5971652857 936.023100239 31.3691464182
145 64.5971652857 544.244554162 34.1573435496
150 64.5971652857 298.668798948 41.6277718219
155 64.5971652857 175.690446267 53.3079738308
160 64.5971652857 129.459503434 66.0639279111
165 64.5971652857 132.966785829 75.0388836043
170 64.5971652857 204.686230978 76.616597017
175 64.5971652857 442.77027376 71.058545467
180 64.5971652857 1079.564469 62.1915043987
185 64.5971652857 2532.45309518 54.4180441384
190 64.5971652857 5382.41532058 50.0049325196
195 64.5971652857 10194.5683234 48.7919141743
200 64.5971652857 17145.6281124 49.6106686058
205 64.5971652857 25567.7902968 51.4742268885
210 64.5971652857 33728.213992 53.740696157
215 64.5971652857 39245.1880463 55.8122493984
220 64.5971652857 40189.4781428 57.0386280286
225 64.5971652857 36218.0569934 56.8985219082
230 64.5971652857 28809.2059223 55.1970437388
235 64.5971652857 20366.4287764 52.099725047
240 64.5971652857 12949.3152404 48.0034661587
245 64.5971652857 7551.75093098 43.3565383717
250 64.5971652857 4170.09186175 38.5653225737
255 64.5971652857 2286.40563379 34.0212772445
260 64.5971652857 1322.00180267 30.1421160867
265 64.5971652857 862.937981758 27.349196462
270 64.5971652857 686.391385528 26.0289036731
275 64.5971652857 707.886838957 26.508960425
280 64.5971652857 949.139628581 28.9753614913
285 64.5971652857 1558.50452835 33.2940560217
290 64.5971652857 2836.96219855 38.8649397417
295 64.5971652857 5149.94896502 44.7022742639
300 64.5971652857 8629.51422357 49.7776221442
305 64.5971652857 12796.2813652 53.3813176148
310 64.5971652857 16496.2310856 55.188946178
315 64.5971652857 18426.6877187 55.075002968
320 64.5971652857 17939.9895352 53.077839754
325 64.5971652857 15419.3490159 49.664444058
330 64.5971652857 11911.6693898 45.8828701708
335 64.5971652857 8436.5735651 43.0776720822
340 64.5971652857 5571.14936631 42.4877657582
345 64.5971652857 3463.65183222 45.0840377066
350 64.5971652857 2034.06957999 51.2914497422
355 64.5971652857 1131.97698091 60.1912927432
360 64.5971652857 605.674492584 68.9532378346
365 64.5971652857 325.111244623 73.8143388593
370 64.5971652857 190.201478882 72.3965114874
375 64.5971652857 132.38326458 65.260388378
380 64.5971652857 110.494436311 55.168717186
385 64.5971652857 103.182960148 45.0155132544
390 64.5971652857 100.987909463 36.4661607471
395 64.5971652857 100.354456372 29.9983781648
400 64.5971652857 100.151340921 25.5125671443
0 69.566178 18982.2622814 34.6244565615
5 69.566178 24609.7608697 41.1660429595
10 69.566178 26855.9040674 46.8757973642
15 69.566178 24663.8586485 50.6566036148
20 69.566178 19066.8060779 52.713831451
25 69.566178 12423.4115845 54.4726003419
30 69.566178 6865.97276019 57.2907319507
35 69.566178 3346.9013363 61.0315975585
40 69.566178 1801.77984726 64.0056042388
45 69.566178 1858.51626556 64.4911755063
50 69.566178 3309.51462471 62.2600266387
55 69.566178 6029.98163444 58.5500251824
60 69.566178 9550.97690731 54.7958833686
65 69.566178 12802.2768157 51.6778851049
70 69.566178 14456.79367 49.3100253414
75 69.566178 13741.5249369 47.9888277272
80 69.566178 10997.0480822 48.4717893802
85 69.566178 7420.72689694 51.3393160169
90 69.566178 4245.15497966 55.9577382537
95 69.566178 2103.90834995 60.1930946949
100 69.566178 989.730043614 61.5645520754
105 69.566178 586.382725276 59.0357350296
110 69.566178 568.888628919 53.714253946
115 69.566178 706.029021304 47.7567766296
120 69.566178 843.491724442 42.6781174065
125 69.566178 884.66718655 38.7009369039
130 69.566178 799.515710604 35.4524939346
135 69.566178 624.996328909 33.0783722895
140 69.566178 431.460795922 32.8444997026
145 69.566178 276.035087526 36.8527618523
150 69.566178 178.896756599 46.7961268727
155 69.566178 131.48564822 62.0822656042
160 69.566178 119.789959743 78.6382112981
165 69.566178 149.350936928 90.1909801726
170 69.566178 278.823695635 92.0657742865
175 69.566178 678.382478759 84.5459786491
180 69.566178 1707.65808179 72.4957957403
185 69.566178 3952.98269515 61.5849880188
190 69.566178 8116.11726709 54.835723293
195 69.566178 14685.3995954 52.195680963
200 69.566178 23473.8359976 52.2678416828
205 69.566178 33281.3189926 53.7973480502
210 69.566178 41988.5661764 55.9426975181
215 69.566178 47235.9121356 58.0116433371
220 69.566178 47468.8481296 59.4093920717
225 69.566178 42733.4574319 59.7901182919
230 69.566178 34632.0063061 59.0916604725
235 69.566178 25466.0717954 57.3818810002
240 69.566178 17206.7044682 54.6909161089
245 69.566178 10906.4542868 50.9982359903
250 69.566178 6696.68145704 46.396451341
255 69.566178 4152.16001987 41.2757234818
260 69.566178 2716.99270507 36.3239419525
265 69.566178 1967.64274981 32.3358219491
270 69.566178 1663.25103676 30.0099151192
275 69.566178 1682.69982324 29.8072123533
280 69.566178 1965.25692543 31.7919593888
285 69.566178 2504.09185307 35.4923044316
290 69.566178 3375.21105497 39.9878725353
295 69.566178 4723.3332959 44.2964424636
300 69.566178 6613.11769742 47.8021110218
305 69.566178 8791.69129596 50.3447546675
310 69.566178 10613.4711432 51.8779298632
315 69.566178 11336.0953962 52.0914038772
320 69.566178 10615.7741768 50.5345093007
325 69.566178 8746.60654481 47.2238170484
330 69.566178 6422.44208454 43.0521371125
335 69.566178 4284.72981666 39.5050692093
340 69.566178 2654.62301732 38.0395717458
345 69.566178 1558.38281299 39.7006202728
350 69.566178 882.387025248 44.8595116514
355 69.566178 492.934106887 52.6823285144
360 69.566178 283.031737659 60.7703999314
365 69.566178 178.174764175 65.9452071809
370 69.566178 130.310914007 66.0487451657
375 69.566178 110.68275376 61.1864492616
380 69.566178 103.59181775 53.2674721989
385 69.566178 101.378944709 44.5407248208
390 69.566178 100.767554673 36.5809557445
395 69.566178 100.558995845 30.1797679319
400 69.566178 100.40711148 25.5943895257
0 74.5351907143 18865.524849 35.5611446973
5 74.5351907143 24260.1684911 42.7109428567
10 74.5351907143 26260.3788385 48.9861597424
15 74.5351907143 23923.0125638 52.8529588988
20 74.5351907143 18346.8675828 53.99226603
25 74.5351907143 11861.7932947 53.5697560507
30 74.5351907143 6511.71623577 53.3021663114
35 74.5351907143 3174.71052913 54.0573901613
40 74.5351907143 1770.26437445 55.3339403238
45 74.5351907143 1963.46289942 56.0706660227
50 74.5351907143 3604.58337653 55.7576447643
55 74.5351907143 6605.98788079 54.6529425715
60 74.5351907143 10475.4430659 53.188577986
65 74.5351907143 14045.9501437 51.5312237507
70 74.5351907143 15862.775161 49.7635293836
75 74.5351907143 15077.8613821 48.2698157007
80 74.5351907143 12065.3521858 47.7336285136
85 74.5351907143 8139.37987577 48.6109511791
90 74.5351907143 4650.3990395 50.5004585816
95 74.5351907143 2286.02518438 52.0912766386
100 74.5351907143 1023.56388792 51.9990830427
105 74.5351907143 499.105812244 49.897292513
110 74.5351907143 351.253733564 46.8213073133
115 74.5351907143 349.638892805 44.2191320859
120 74.5351907143 376.390973551 42.6500906686
125 74.5351907143 378.718393729 41.442817774
130 74.5351907143 342.511719147 39.6406383961
135 74.5351907143 279.471118681 37.355919189
140 74.5351907143 212.373199175 36.4091722737
145 74.5351907143 159.427185529 39.7296881345
150 74.5351907143 126.909427808 49.6357607299
155 74.5351907143 112.934829215 65.6496922559
160 74.5351907143 119.038506284 83.3066153277
165 74.5351907143 171.425637666 95.705988177
170 74.5351907143 365.629217212 97.6989503278
175 74.5351907143 948.600210247 89.5239873841
180 74.5351907143 2415.22205119 76.4013416266
185 74.5351907143 5518.22811812 64.4784371805
190 74.5351907143 11044.487076 57.097996049
195 74.5351907143 19323.4310799 54.2670774284
200 74.5351907143 29703.5468123 54.433942482
205 74.5351907143 40410.022033 56.0906872016
210 74.5351907143 49028.8435319 58.196345444
215 74.5351907143 53441.7370277 60.0601980436
220 74.5351907143 52703.9583157 61.3331442415
225 74.5351907143 47363.3695627 62.02416162
230 74.5351907143 39083.7342453 62.2865954017
235 74.5351907143 29888.4863958 62.0821147003
240 74.5351907143 21473.2728528 61.0358124819
245 74.5351907143 14817.1912603 58.6322955915
250 74.5351907143 10127.0295387 54.6233602182
255 74.5351907143 7081.67729572 49.3341753927
260 74.5351907143 5215.47448938 43.6230028766
265 74.5351907143 4183.18509455 38.5737921694
270 74.5351907143 3795.16097114 35.1854946596
275 74.5351907143 3926.81319432 34.1213564774
280 74.5351907143 4433.28442617 35.430347473
285 74.5351907143 5120.89717912 38.3918681065
290 74.5351907143 5793.59837581 41.8028619346
295 74.5351907143 6344.42468661 44.6550887079
300 74.5351907143 6778.8744446 46.6439145005
305 74.5351907143 7101.06159322 48.018677137
310 74.5351907143 7183.27176302 48.9285541359
315 74.5351907143 6809.48884373 48.9570814292
320 74.5351907143 5881.77026631 47.3901213019
325 74.5351907143 4559.04681914 44.0027786147
330 74.5351907143 3170.23682597 39.5536219075
335 74.5351907143 2004.16201973 35.4867943938
340 74.5351907143 1180.66388014 33.2217950992
345 74.5351907143 670.613712142 33.6878767022
350 74.5351907143 383.447140995 37.1503575794
355 74.5351907143 232.761277526 42.9753542488
360 74.5351907143 158.362270083 49.4675754576
365 74.5351907143 124.019918592 54.3560847129
370 74.5351907143 109.567554015 55.9005361211
375 74.5351907143 104.386293308 53.7154516481
380 74.5351907143 103.136883713 48.6489208683
385 74.5351907143 103.205123997 42.0814774839
390 74.5351907143 103.343674999 35.3594812279
395 74.5351907143 103.070150304 29.5356059213
400 74.5351907143 102.393018486 25.2158240636
0 79.5042034286 19091.4466621 36.51635024
5 79.5042034286 24394.7559788 44.2255443353
10 79.5042034286 26236.0364687 50.9823882992
15 79.5042034286 23745.3065363 54.852816889
20 79.5042034286 18091.1404617 55.0519116911
25 79.5042034286 11619.2439931 52.5338947084
30 79.5042034286 6335.42700471 49.3917333501
35 79.5042034286 3063.76647109 47.4900800861
40 79.5042034286 1683.48765395 47.4865550622
45 79.5042034286 1833.65370413 48.9111622199
50 79.5042034286 3343.58632966 50.8525778794
55 79.5042034286 6117.92468814 52.4657670881
60 79.5042034286 9696.65276715 53.1404939542
65 79.5042034286 12999.2757036 52.6160605581
70 79.5042034286 14680.3743833 51.1029139231
75 79.5042034286 13956.4173555 49.2144792771
80 79.5042034286 11175.2777979 47.6416620354
85 79.5042034286 7555.04045132 46.7439745254
90 79.5042034286 4346.53575518 46.322310969
95 79.5042034286 2183.2376076 45.7837046711
100 79.5042034286 1034.3718025 44.6989184714
105 79.5042034286 548.361858452 43.3798621321
110 79.5042034286 380.108563154 42.8564465529
115 79.5042034286 320.886185507 43.9952086349
120 79.5042034286 282.914546714 46.4106834213
125 79.5042034286 243.259350124 48.3353674882
130 79.5042034286 202.493570728 47.913330458
135 79.5042034286 165.905099825 44.9888950351
140 79.5042034286 137.53150481 41.859379965
145 79.5042034286 118.727800828 42.2734859571
150 79.5042034286 108.620466506 49.1911718318
155 79.5042034286 106.862749172 62.4718277701
160 79.5042034286 121.473490887 77.9315745138
165 79.5042034286 190.884076311 89.0564858528
170 79.5042034286 438.187369055 90.9919013123
175 79.5042034286 1170.09520193 83.8677387491
180 79.5042034286 2982.28456553 72.3880335109
185 79.5042034286 6736.15685397 62.1225935528
190 79.5042034286 13234.0227701 56.1072430262
195 79.5042034286 22603.6291573 54.3241769819
200 79.5042034286 33766.2761299 55.2583014905
205 79.5042034286 44514.2496112 57.354755523
210 79.5042034286 52341.3269243 59.5170087684
215 79.5042034286 55540.018749 61.1561292808
220 79.5042034286 53842.7070733 62.2320906875
225 79.5042034286 48273.7250175 63.1300111626
230 79.5042034286 40493.7731537 64.2168801215
235 79.5042034286 32166.5096558 65.3648930148
240 79.5042034286 24592.3114211 65.8620420837
245 79.5042034286 18517.7901978 64.8035710985
250 79.5042034286 14086.672433 61.6740549761
255 79.5042034286 11036.2912755 56.7017817172
260 79.5042034286 9047.15333171 50.7758702823
265 79.5042034286 7950.00977174 45.1013640928
270 79.5042034286 7684.71081457 40.8756589988
275 79.5042034286 8166.57718177 38.9791292331
280 79.5042034286 9180.88600263 39.5692871931
285 79.5042034286 10324.8474972 41.8463882984
290 79.5042034286 11070.8316303 44.4345564104
295 79.5042034286 11000.1321162 46.252029212
300 79.5042034286 10042.773987 47.0898426577
305 79.5042034286 8482.58207117 47.3406506886
310 79.5042034286 6724.18592343 47.2226462897
315 79.5042034286 5059.98706473 46.3507379049
320 79.5042034286 3617.11856566 44.0888578371
325 79.5042034286 2435.62299214 40.2926139746
330 79.5042034286 1533.635839 35.6789796935
335 79.5042034286 908.170325028 31.4913541055
340 79.5042034286 519.821751397 28.8586816298
345 79.5042034286 303.118369587 28.4217593264
350 79.5042034286 192.637007054 30.2981264411
355 79.5042034286 140.226628479 34.0753775582
360 79.5042034286 117.045943655 38.7675834848
365 79.5042034286 108.078996098 43.0017275272
370 79.5042034286 106.223586546 45.4973331725
375 79.5042034286 108.164113061 45.5127045527
380 79.5042034286 111.863429943 43.0043409209
385 79.5042034286 115.390875869 38.5742559005
390 79.5042034286 116.978090283 33.2922265964
395 79.5042034286 115.778693112 28.3361908128
400 79.5042034286 112.332322985 24.5369641661
0 84.4732161429 19710.0847829 37.2426372969
5 84.4732161429 25126.8029811 45.2763736123
10 84.4732161429 26957.8616199 52.2293433395
15 84.4732161429 24337.1897897 55.9230991736
20 84.4732161429 18493.3877674 55.3275036884
25 84.4732161429 11843.468377 51.3419356407
30 84.4732161429 6430.56319098 46.4036747626
35 84.4732161429 3067.40618 43.1366798147
40 84.4732161429 1581.1462762 43.0170531854
45 84.4732161429 1528.97366518 45.8624012373
50 84.4732161429 2648.12337612 50.1903797026
55 84.4732161429 4793.77614402 54.0558354324
60 84.4732161429 7578.68244421 55.9781131518
65 84.4732161429 10152.00093 55.5547321036
70 84.4732161429 11464.2405966 53.4207233274
75 84.4732161429 10907.6686971 50.6435750683
80 84.4732161429 8760.01955855 48.0612776207
85 84.4732161429 5980.59137058 45.9858761613
90 84.4732161429 3553.11356328 44.3075793841
95 84.4732161429 1969.20678169 42.8197048475
100 84.4732161429 1182.54745485 41.6116102345
105 84.4732161429 879.842235389 41.3545643475
110 84.4732161429 756.878758136 43.1236913655
115 84.4732161429 644.687863447 47.4906106325
120 84.4732161429 503.458815231 53.3882559698
125 84.4732161429 359.102101336 58.0180582366
130 84.4732161429 243.899296176 58.5177472647
135 84.4732161429 169.645210218 54.3085560431
140 84.4732161429 129.727923416 48.0268436935
145 84.4732161429 111.404216461 44.1060804706
150 84.4732161429 104.567211928 46.0505064905
155 84.4732161429 105.519658166 54.1686293028
160 84.4732161429 122.856631234 65.0517555127
165 84.4732161429 198.947154986 73.3392917023
170 84.4732161429 466.741586468 75.0544916971
175 84.4732161429 1252.2730664 70.17900116
180 84.4732161429 3175.61340019 62.2520951578
185 84.4732161429 7100.75647693 55.4683868156
190 84.4732161429 13759.3116578 52.0723446388
195 84.4732161429 23098.592253 51.9701327884
200 84.4732161429 33803.2200891 53.9008609425
205 84.4732161429 43543.8702709 56.53525196
210 84.4732161429 49990.0534115 58.9078028083
215 84.4732161429 51913.4134719 60.5696483416
220 84.4732161429 49592.0168932 61.6969474951
225 84.4732161429 44352.0422539 62.9153075803
230 84.4732161429 37777.8595706 64.7270793926
235 84.4732161429 31186.8583589 66.9431878014
240 84.4732161429 25462.174593 68.6390965925
245 84.4732161429 21002.4954775 68.6906249434
250 84.4732161429 17751.4260566 66.4527670074
255 84.4732161429 15443.3720289 62.0938759455
260 84.4732161429 13928.190221 56.4578343434
265 84.4732161429 13257.0792018 50.7258758718
270 84.4732161429 13524.5994588 46.1464902821
275 84.4732161429 14708.3101009 43.7390624817
280 84.4732161429 16557.6404294 43.8166002702
285 84.4732161429 18473.0076976 45.6526584835
290 84.4732161429 19549.3281842 47.8331507645
295 84.4732161429 18978.3419724 49.178200927
300 84.4732161429 16572.7876472 49.3695040421
305 84.4732161429 12918.1647169 48.6940135313
310 84.4732161429 9000.1505544 47.3292714854
315 84.4732161429 5652.94219459 45.0353154732
320 84.4732161429 3250.19395591 41.5214237537
325 84.4732161429 1748.59209866 36.9807200145
330 84.4732161429 906.935369344 32.1963960919
335 84.4732161429 473.25063911 28.1511569153
340 84.4732161429 264.280836586 25.5563769218
345 84.4732161429 169.225412301 24.6858052419
350 84.4732161429 128.259335964 25.4916255654
355 84.4732161429 111.878817327 27.7261929759
360 84.4732161429 107.075877325 30.9335843537
365 84.4732161429 109.30900699 34.4115611818
370 84.4732161429 117.869927773 37.2665082749
375 84.4732161429 132.514885729 38.5994803468
380 84.4732161429 150.703083733 37.8280505311
385 84.4732161429 166.674475837 35.0329741792
390 84.4732161429 173.743872167 31.0307107392
395 84.4732161429 168.570652938 26.9817868356
400 84.4732161429 153.599519702 23.7882853151
0 89.4422288571 20679.6857249 37.5672570439
5 89.4422288571 26422.2612262 45.5704089969
10 89.4422288571 28410.4386331 52.2987437056
15 89.4422288571 25704.2688889 55.5361171234
20 89.4422288571 19573.1363066 54.2895888032
25 89.4422288571 12557.5637055 49.5936386553
30 89.4422288571 6818.39789868 44.1704477278
35 89.4422288571 3210.92264989 41.0829178122
40 89.4422288571 1516.07627946 42.190885873
45 89.4422288571 1180.41893106 47.2417809097
50 89.4422288571 1811.07112729 54.0198187713
55 89.4422288571 3189.90187006 59.5323637593
60 89.4422288571 5011.41890684 61.6538151555
65 89.4422288571 6701.38250929 60.1580395473
70 89.4422288571 7570.36551593 56.4166769521
75 89.4422288571 7228.6376614 52.1916998307
80 89.4422288571 5878.83474776 48.6267425945
85 89.4422288571 4181.05639135 46.038793337
90 89.4422288571 2807.7881504 44.263453128
95 89.4422288571 2075.74859248 43.0839380246
100 89.4422288571 1889.46738589 42.5850069997
105 89.4422288571 1929.54716317 43.4183175368
110 89.4422288571 1893.88053201 46.6667359769
115 89.4422288571 1650.1883332 52.8895718704
120 89.4422288571 1248.13660455 60.7715516792
125 89.4422288571 823.972793797 66.8914040275
130 89.4422288571 488.920116428 67.632232527
135 89.4422288571 278.719153786 62.0040215488
140 89.4422288571 170.71827491 52.7621571454
145 89.4422288571 124.380113358 44.6984023025
150 89.4422288571 107.969026613 41.6065626697
155 89.4422288571 105.977100933 44.1876735264
160 89.4422288571 121.357777114 49.9624746256
165 89.4422288571 191.488429784 54.9831084905
170 89.4422288571 437.605774631 56.343973476
175 89.4422288571 1155.20647205 53.881064623
180 89.4422288571 2898.1233781 49.7988944716
185 89.4422288571 6417.02909443 46.7079743887
190 89.4422288571 12300.1320993 45.9435815038
195 89.4422288571 20386.9712142 47.3580193276
200 89.4422288571 29391.0871057 50.0822568237
205 89.4422288571 37222.3049671 53.1901425885
210 89.4422288571 41968.7691348 55.9547486972
215 89.4422288571 42849.8678095 58.0200786635
220 89.4422288571 40436.5544097 59.5952994491
225 89.4422288571 36099.1888629 61.3473663119
230 89.4422288571 31252.8470386 63.8199937622
235 89.4422288571 26919.9614294 66.8064299886
240 89.4422288571 23628.5359902 69.2997517542
245 89.4422288571 21429.3270789 70.1013816363
250 89.4422288571 20037.6612622 68.5510086049
255 89.4422288571 19170.6381433 64.8288258321
260 89.4422288571 18827.0565473 59.7610801168
265 89.4422288571 19219.2868362 54.4693202806
270 89.4422288571 20523.1832004 50.1382847256
275 89.4422288571 22755.2060232 47.7803802144
280 89.4422288571 25677.3873728 47.7902963003
285 89.4422288571 28558.316892 49.5637927584
290 89.4422288571 30126.8770804 51.7443457005
295 89.4422288571 29139.0525162 53.0726978608
300 89.4422288571 25244.995849 53.0316940976
305 89.4422288571 19333.0238165 51.6898247046
310 89.4422288571 13006.1777983 49.1394845873
315 89.4422288571 7677.48018636 45.3215703842
320 89.4422288571 3994.55309857 40.3664815816
325 89.4422288571 1859.90083176 34.8883327066
330 89.4422288571 806.165508669 29.8110292171
335 89.4422288571 356.080743586 25.9088645693
340 89.4422288571 186.246900315 23.5077522542
345 89.4422288571 128.087870507 22.5423329191
350 89.4422288571 109.879482037 22.8076621844
355 89.4422288571 106.378715574 24.1397554211
360 89.4422288571 111.848387671 26.3959068724
365 89.4422288571 129.032248508 29.2781867147
370 89.4422288571 163.730807555 32.1551005952
375 89.4422288571 218.527764209 34.1002793298
380 89.4422288571 285.504304978 34.2809931884
385 89.4422288571 344.095397355 32.494911662
390 89.4422288571 370.009172619 29.3733868119
395 89.4422288571 351.073683222 26.0005549925
400 89.4422288571 296.257344912 23.269874142
0 94.4112415714 21968.0631479 37.4993170324
5 94.4112415714 28225.4678821 45.1195713816
10 94.4112415714 30519.1727609 51.1969976794
15 94.4112415714 27766.6176711 53.662933455
20 94.4112415714 21260.9263736 51.8082459571
25 94.4112415714 13712.6574236 46.9524537585
30 94.4112415714 7473.35576581 42.0177052967
35 94.4112415714 3493.98312386 40.1938816045
40 94.4112415714 1527.01105245 43.3465204317
45 94.4112415714 905.807696545 50.9040401861
50 94.4112415714 1102.94473014 59.8944164123
55 94.4112415714 1822.01118409 66.440533866
60 94.4112415714 2820.31017422 68.0081299705
65 94.4112415714 3758.90554895 64.7624150358
70 94.4112415714 4260.59361916 58.9712712676
75 94.4112415714 4135.19000262 53.2051790473
80 94.4112415714 3547.39941057 48.9855999691
85 94.4112415714 2939.02540961 46.6222163857
90 94.4112415714 2747.04065347 45.7315452163
95 94.4112415714 3127.06065709 45.7590568547
100 94.4112415714 3858.8706984 46.391876862
105 94.4112415714 4480.23624438 47.9587305298
110 94.4112415714 4571.11536231 51.4579986026
115 94.4112415714 4008.66026 57.6181374741
120 94.4112415714 3010.10165985 65.3425234639
125 94.4112415714 1946.02859815 71.2390372087
130 94.4112415714 1101.08593458 71.5016640084
135 94.4112415714 566.685976808 64.9003598814
140 94.4112415714 288.433772101 54.0169213553
145 94.4112415714 166.528237766 43.4967359786
150 94.4112415714 121.15618051 37.0266233734
155 94.4112415714 108.84109088 35.5053603091
160 94.4112415714 117.766003329 37.2592149963
165 94.4112415714 171.774032291 39.5899674913
170 94.4112415714 363.271841968 40.5304743927
175 94.4112415714 919.578255861 39.8161793316
180 94.4112415714 2262.78558133 38.5633494426
185 94.4112415714 4953.23116589 38.103509357
190 94.4112415714 9403.01618436 39.066996716
195 94.4112415714 15428.2179629 41.3235387047
200 94.4112415714 21989.9469825 44.4099650128
205 94.4112415714 27493.0201073 47.8181610183
210 94.4112415714 30571.2047617 51.0493513295
215 94.4112415714 30794.4771733 53.7489593665
220 94.4112415714 28774.6516489 55.9925573234
225 94.4112415714 25691.5626174 58.3320101748
230 94.4112415714 22696.6693997 61.3006866158
235 94.4112415714 20560.1577498 64.7460810917
240 94.4112415714 19564.0277743 67.7019750338
245 94.4112415714 19535.89928 68.978899954
250 94.4112415714 20074.268694 67.9258067468
255 94.4112415714 20929.1526916 64.7576831162
260 94.4112415714 22192.0065559 60.3480257609
265 94.4112415714 24094.380568 55.8206965856
270 94.4112415714 26753.6582347 52.2684682943
275 94.4112415714 30169.5351293 50.5639707314
280 94.4112415714 34160.9515782 51.0364304549
285 94.4112415714 37963.8572178 53.1390548015
290 94.4112415714 40032.9919606 55.5961641837
295 94.4112415714 38733.4054076 57.1203633271
300 94.4112415714 33545.083524 57.0399750559
305 94.4112415714 25614.4737221 55.248710449
310 94.4112415714 17100.3421617 51.7819116684
315 94.4112415714 9939.28725712 46.7273623435
320 94.4112415714 5028.30055796 40.5394914426
325 94.4112415714 2231.36196918 34.1732934555
330 94.4112415714 895.591071362 28.7113269724
335 94.4112415714 357.125124181 24.8298675372
340 94.4112415714 172.722577852 22.5999039267
345 94.4112415714 118.931280867 21.7061873743
350 94.4112415714 107.145784619 21.8080776114
355 94.4112415714 111.708772377 22.761325699
360 94.4112415714 133.862962333 24.5848134581
365 94.4112415714 188.67219127 27.2003733355
370 94.4112415714 296.307810816 30.1224682588
375 94.4112415714 465.529609125 32.4112101354
380 94.4112415714 672.184807028 33.0918417388
385 94.4112415714 852.931519388 31.7968237428
390 94.4112415714 932.869337165 29.0515102587
395 94.4112415714 874.46183762 25.9098819637
400 94.4112415714 705.375502156 23.2872280599
0 99.3802542857 23389.9971948 37.1416897285
5 99.3802542857 30268.4789686 44.1449533272
10 99.3802542857 32963.984059 49.2943623524
15 99.3802542857 30207.3647416 50.7776640855
20 99.3802542857 23296.1838827 48.3014293751
25 99.3802542857 15130.6757575 43.5194468905
30 99.3802542857 8295.26145473 39.4321076953
35 99.3802542857 3874.34272779 39.0876812484
40 99.3802542857 1614.59391307 44.0995165169
45 99.3802542857 752.333852876 53.5259416687
50 99.3802542857 643.294186692 63.8695209665
55 99.3802542857 920.699596704 70.7470407896
60 99.3802542857 1375.46055721 71.4960477439
65 99.3802542857 1824.93129487 66.7154001734
70 99.3802542857 2109.28593373 59.4412336162
75 99.3802542857 2198.60062266 52.908063587
80 99.3802542857 2286.23133238 48.9148110412
85 99.3802542857 2743.45451757 47.6560735846
90 99.3802542857 3907.92604011 48.3717965936
95 99.3802542857 5798.83682172 50.0000107828
100 99.3802542857 7944.37948283 51.7033422916
105 99.3802542857 9516.62312035 53.4009576218
110 99.3802542857 9787.55276967 55.9471580374
115 99.3802542857 8603.08502018 60.2935160944
120 99.3802542857 6470.55559331 65.888231388
125 99.3802542857 4186.75711732 69.9808467626
130 99.3802542857 2356.85512698 69.1945302924
135 99.3802542857 1180.72945238 62.2945944393
140 99.3802542857 552.563992208 51.4235641737
145 99.3802542857 267.074770711 40.5801108104
150 99.3802542857 154.946286883 32.9497940136
155 99.3802542857 117.916355117 29.4059849555
160 99.3802542857 114.890018451 28.848756473
165 99.3802542857 148.146413515 29.4946101642
170 99.3802542857 273.745595835 30.0515288077
175 99.3802542857 638.901181725 30.2147315018
180 99.3802542857 1516.86159068 30.4144174718
185 99.3802542857 3264.87704021 31.1936969132
190 99.3802542857 6132.25484846 32.7876219851
195 99.3802542857 9969.95066708 35.1462518973
200 99.3802542857 14076.9753396 38.1360210422
205 99.3802542857 17419.1383224 41.5714887857
210 99.3802542857 19154.5251502 45.1098414726
215 99.3802542857 19084.1940664 48.3323924395
220 99.3802542857 17699.1668588 51.1031360408
225 99.3802542857 15859.9855771 53.7889048896
230 99.3802542857 14400.8263716 56.9083649252
235 99.3802542857 13869.3949777 60.4535969564
240 99.3802542857 14413.6014866 63.6215135388
245 99.3802542857 15812.1894324 65.2776445834
250 99.3802542857 17714.7545612 64.7198307616
255 99.3802542857 19972.1881181 62.1197527691
260 99.3802542857 22703.5026465 58.4022123847
265 99.3802542857 26027.6070474 54.774284981
270 99.3802542857 29898.3894821 52.2958028593
275 99.3802542857 34257.509322 51.6564399719
280 99.3802542857 38998.5768313 52.9935009853
285 99.3802542857 43409.5235039 55.6982995953
290 99.3802542857 45823.8674505 58.5368198676
295 99.3802542857 44375.3894796 60.2449100652
300 99.3802542857 38434.5551135 60.1100575995
305 99.3802542857 29308.9433474 57.9823696813
310 99.3802542857 19504.0303329 53.9183534662
315 99.3802542857 11272.8179133 48.1079656705
320 99.3802542857 5651.65627873 41.1711347924
325 99.3802542857 2471.76504659 34.244029681
330 99.3802542857 968.532840242 28.5268717767
335 99.3802542857 372.1033767 24.6892980747
340 99.3802542857 173.184710432 22.6814582101
345 99.3802542857 118.420263774 22.020452651
350 99.3802542857 110.802214979 22.2315717009
355 99.3802542857 128.46041525 23.137475885
360 99.3802542857 187.475315026 24.8490341061
365 99.3802542857 330.276131876 27.4472936214
370 99.3802542857 610.076838087 30.5516782387
375 99.3802542857 1049.83859821 33.184072941
380 99.3802542857 1586.85207736 34.212852345
385 99.3802542857 2056.53487562 33.1069610811
390 99.3802542857 2264.25837692 30.3212498165
395 99.3802542857 2112.48326718 26.9517900408
400 99.3802542857 1673.10279392 24.0191233965
0 104.349267 24526.882235 36.5778688528
5 104.349267 31986.9104967 42.9079281114
10 104.349267 35108.1088485 47.1070747875
15 104.349267 32425.0811365 47.6286728258
20 104.349267 25203.2076257 44.5755100682
25 104.349267 16496.4144531 39.8641184149
30 104.349267 9108.92621705 36.4277993473
35 104.349267 4269.60349895 36.9797637324
40 104.349267 1743.74917671 42.7628572228
45 104.349267 700.568182028 52.600247217
50 104.349267 408.804184829 62.9166638425
55 104.349267 446.62103345 69.3779356207
60 104.349267 615.918995176 69.4997424413
65 104.349267 821.27570122 64.1884158519
70 104.349267 1038.82155681 56.843849548
75 104.349267 1372.87858869 50.9733309412
80 104.349267 2121.22942328 48.4112916736
85 104.349267 3734.89626743 49.098642691
90 104.349267 6581.01633903 51.8200708563
95 104.349267 10546.0010332 55.0265627785
100 104.349267 14746.6632994 57.484851377
105 104.349267 17733.3877471 58.8341978463
110 104.349267 18261.8497931 59.7999572421
115 104.349267 16108.2787316 61.5039981729
120 104.349267 12208.9145958 64.0079054442
125 104.349267 7999.98742248 65.4960181575
130 104.349267 4576.78923676 63.3915261341
135 104.349267 2321.79554752 56.6361844762
140 104.349267 1073.15294579 46.8221219741
145 104.349267 478.011545349 37.0505392477
150 104.349267 230.391238992 29.8110866098
155 104.349267 140.757364414 25.8204515296
160 104.349267 116.602326281 24.3466114958
165 104.349267 128.805042116 24.2033225841
170 104.349267 197.186817456 24.5238889681
175 104.349267 399.628342312 24.9969110827
180 104.349267 885.388063668 25.6842944818
185 104.349267 1848.10442579 26.7213412322
190 104.349267 3417.11397346 28.1735757783
195 104.349267 5497.64438815 30.0971309448
200 104.349267 7692.48906308 32.6023375613
205 104.349267 9432.98820181 35.7310204305
210 104.349267 10275.2010019 39.2449253913
215 104.349267 10146.1687866 42.6524853699
220 104.349267 9365.25572302 45.600796433
225 104.349267 8467.98633789 48.248224173
230 104.349267 7984.50299591 51.0999007505
235 104.349267 8272.8385733 54.372755876
240 104.349267 9425.69876213 57.5493369994
245 104.349267 11296.1801903 59.5968810176
250 104.349267 13691.6047281 59.6703168494
255 104.349267 16588.6301812 57.7415108386
260 104.349267 20089.37743 54.6988896186
265 104.349267 24163.270279 51.8755008869
270 104.349267 28607.9754522 50.4122070603
275 104.349267 33314.8218228 50.8845960514
280 104.349267 38236.4394632 53.1995430314
285 104.349267 42749.9481603 56.5847490867
290 104.349267 45238.0627459 59.7764228756
295 104.349267 43840.5690439 61.5459108371
300 104.349267 37932.7419812 61.2283914055
305 104.349267 28848.4754801 58.7565227117
310 104.349267 19118.9144601 54.3123687165
315 104.349267 10993.4239234 48.2003705867
320 104.349267 5479.73586109 41.1015481417
325 104.349267 2382.46273344 34.181613369
330 104.349267 929.161007391 28.6730786582
335 104.349267 357.229414418 25.2643840053
340 104.349267 168.594841022 23.854134681
345 104.349267 118.93231683 23.804046657
350 104.349267 119.272568101 24.4318822146
355 104.349267 161.492024786 25.4340485576
360 104.349267 291.346910246 26.9882536299
365 104.349267 604.06990475 29.4026152132
370 104.349267 1216.60328976 32.5101939528
375 104.349267 2179.29019414 35.3682694863
380 104.349267 3354.86736308 36.6865919456
385 104.349267 4383.05015798 35.709423648
390 104.349267 4837.77770204 32.7542279321
395 104.349267 4505.5268417 28.9379887201
400 104.349267 3543.67911007 25.4238931612
0 109.318279714 24940.2446484 35.8702149915
5 109.318279714 32791.456335 41.637699645
10 109.318279714 36286.6950628 45.112142773
15 109.318279714 33790.0329057 44.9377042639
20 109.318279714 26481.1390383 41.4711542484
25 109.318279714 17475.1744648 36.7419962703
30 109.318279714 9725.68179711 33.5005521311
35 109.318279714 4587.27282595 34.0542580397
40 109.318279714 1866.29282007 39.2983563758
45 109.318279714 703.31810017 48.0434307308
50 109.318279714 315.843277809 57.0898302024
55 109.318279714 246.568646206 62.6450186125
60 109.318279714 299.377239116 62.6111516871
65 109.318279714 426.926280429 57.9749663059
70 109.318279714 696.843269677 52.0141111097
75 109.318279714 1342.18156501 48.0723471772
80 109.318279714 2825.4807851 47.7900521193
85 109.318279714 5779.04821159 50.8003860354
90 109.318279714 10672.6595911 55.4941417936
95 109.318279714 17237.2328686 60.0031093062
100 109.318279714 24046.3987778 62.9411857386
105 109.318279714 28846.9743189 63.8734661412
110 109.318279714 29741.7783623 63.4457394873
115 109.318279714 26410.347248 62.8368003684
120 109.318279714 20293.5882201 62.5592169582
125 109.318279714 13591.2234213 61.6397958143
130 109.318279714 8008.73047054 58.3064718989
135 109.318279714 4198.7790821 51.7343716249
140 109.318279714 1986.77750779 43.0395940951
145 109.318279714 871.353442181 34.5178907758
150 109.318279714 378.729953919 28.0547261413
155 109.318279714 188.789776628 24.2289552016
160 109.318279714 127.167489901 22.5537318754
165 109.318279714 118.230094824 22.2113369416
170 109.318279714 146.699352829 22.5712225731
175 109.318279714 240.870432461 23.2908679194
180 109.318279714 467.962776909 24.1851952581
185 109.318279714 916.622545314 25.1241646362
190 109.318279714 1644.04332589 26.0790728171
195 109.318279714 2601.23120994 27.2288717935
200 109.318279714 3598.77810051 28.9309604019
205 109.318279714 4371.92312468 31.4655543207
210 109.318279714 4721.53698332 34.7159234272
215 109.318279714 4629.35758393 38.1221995412
220 109.318279714 4268.57575236 41.0783983111
225 109.318279714 3924.53213454 43.4627211479
230 109.318279714 3890.58547301 45.7308256085
235 109.318279714 4378.2643843 48.3940373312
240 109.318279714 5459.93463249 51.3572278771
245 109.318279714 7091.13351985 53.7607128756
250 109.318279714 9234.60000822 54.5354219635
255 109.318279714 11958.6086912 53.2730523378
260 109.318279714 15334.7337022 50.6881359889
265 109.318279714 19241.6620843 48.2490102521
270 109.318279714 23419.7902856 47.3163814633
275 109.318279714 27754.5675797 48.5043914731
280 109.318279714 32225.1733605 51.5500312761
285 109.318279714 36300.9769668 55.4774633779
290 109.318279714 38563.8741074 58.9197053925
295 109.318279714 37392.8247707 60.636513098
300 109.318279714 32278.8613887 60.0125601627
305 109.318279714 24437.6316604 57.121633279
310 109.318279714 16099.0553028 52.3737771293
315 109.318279714 9196.74296009 46.2736680561
320 109.318279714 4557.78104001 39.5611220331
325 109.318279714 1976.80073214 33.3437898774
330 109.318279714 776.782285434 28.7988689603
335 109.318279714 308.581828316 26.6088624161
340 109.318279714 155.922898962 26.6116207165
345 109.318279714 118.970643075 27.9159188076
350 109.318279714 132.473275943 29.4263708528
355 109.318279714 212.894945432 30.5206403128
360 109.318279714 452.801666226 31.4214812152
365 109.318279714 1029.57659813 32.8565180514
370 109.318279714 2159.19522845 35.1752496463
375 109.318279714 3934.54616138 37.7255362048
380 109.318279714 6102.50014886 39.1563470553
385 109.318279714 7998.63501857 38.4095537025
390 109.318279714 8837.22592855 35.483350101
395 109.318279714 8224.50177606 31.3485529053
400 109.318279714 6450.69948541 27.2464275851
0 114.287292429 24344.7087103 35.0632551743
5 114.287292429 32269.6539325 40.4695431124
10 114.287292429 36001.3395932 43.5821234692
15 114.287292429 33798.3517932 43.1229557241
20 114.287292429 26703.5244402 39.509522804
25 114.287292429 17764.5028792 34.7270898281
30 114.287292429 9965.06003204 31.3090951417
35 114.287292429 4734.27743575 31.238882645
40 114.287292429 1932.99516329 35.2119553676
45 114.287292429 715.431830053 42.2205462244
50 114.287292429 288.202848485 49.6599145376
55 114.287292429 182.931318146 54.431245866
60 114.287292429 210.141357398 54.7875968734
65 114.287292429 359.302780252 51.5576988977
70 114.287292429 775.972795722 47.5868837374
75 114.287292429 1823.0504076 45.8371541601
80 114.287292429 4146.49222586 47.7029988248
85 114.287292429 8576.66569202 52.6041671231
90 114.287292429 15677.8283517 58.7222290912
95 114.287292429 24995.6320516 64.0881330617
100 114.287292429 34541.9586765 67.3620040859
105 114.287292429 41276.9774301 68.1654423965
110 114.287292429 42678.581632 67.082922373
115 114.287292429 38311.4804656 65.2259477931
120 114.287292429 30037.9802389 63.300834403
125 114.287292429 20732.3594745 60.8605130894
130 114.287292429 12699.8511033 56.6898188891
135 114.287292429 6949.76972006 50.1381907092
140 114.287292429 3414.27022169 42.0096030859
145 114.287292429 1519.76384977 34.0965490403
150 114.287292429 634.038069699 27.966538008
155 114.287292429 275.186826385 24.2043601064
160 114.287292429 150.958323739 22.5435294146
165 114.287292429 117.421170404 22.4135918292
170 114.287292429 120.938790789 23.2980822934
175 114.287292429 156.416210682 24.7340282835
180 114.287292429 245.722382313 26.1984269151
185 114.287292429 422.345337961 27.1879806284
190 114.287292429 707.60662434 27.5193964249
195 114.287292429 1080.55779673 27.5620899967
200 114.287292429 1465.11982124 28.1059201689
205 114.287292429 1757.06714678 29.8667309911
210 114.287292429 1880.77117764 32.9440823474
215 114.287292429 1835.34266959 36.6473810818
220 114.287292429 1700.08750593 39.9239960898
225 114.287292429 1605.4697212 42.1573461317
230 114.287292429 1692.45618266 43.6639292444
235 114.287292429 2072.96308066 45.3490542873
240 114.287292429 2804.20789521 47.735559642
245 114.287292429 3906.94552567 50.2546476766
250 114.287292429 5429.68579213 51.5586334112
255 114.287292429 7471.92744241 50.6907109617
260 114.287292429 10080.3741029 48.0531230157
265 114.287292429 13128.0460361 45.2477183311
270 114.287292429 16401.0004975 43.989078602
275 114.287292429 19818.9255969 45.1100377873
280 114.287292429 23362.7762418 48.3041397482
285 114.287292429 26596.4786036 52.4234472293
290 114.287292429 28404.3690912 55.9546100696
295 114.287292429 27553.6423543 57.568755533
300 114.287292429 23704.3856331 56.628405637
305 114.287292429 17836.9198513 53.3244833069
310 114.287292429 11661.4766926 48.3441740819
315 114.287292429 6610.80109634 42.4830675336
320 114.287292429 3258.89806294 36.5989111831
325 114.287292429 1417.08348143 31.7360445896
330 114.287292429 570.699475819 28.9894452516
335 114.287292429 244.068266989 29.0250720088
340 114.287292429 139.42433364 31.5683339026
345 114.287292429 118.849989293 35.2774664899
350 114.287292429 148.434255952 38.3057053564
355 114.287292429 275.066727951 39.4159426916
360 114.287292429 648.059587162 38.842717349
365 114.287292429 1544.16171542 38.0162841856
370 114.287292429 3299.11351437 38.2476713636
375 114.287292429 6057.25465821 39.5583904311
380 114.287292429 9425.33362497 40.707852846
385 114.287292429 12371.1211895 40.2677417616
390 114.287292429 13673.9349878 37.6927535661
395 114.287292429 12722.0221177 33.5698488662
400 114.287292429 9966.28738316 29.0838310181
0 119.256305143 22527.5857048 34.12315754
5 119.256305143 30077.934671 39.3567228889
10 119.256305143 33799.21998 42.4738189724
15 119.256305143 31959.1076732 42.1711022374
20 119.256305143 25430.2554299 38.7429730181
25 119.256305143 17036.9184572 34.0053557466
30 119.256305143 9623.92912239 30.3244414555
35 119.256305143 4603.97967141 29.567471746
40 119.256305143 1891.93868948 32.4636711902
45 119.256305143 702.137579813 38.2950974316
50 119.256305143 279.511032636 44.9519718137
55 119.256305143 177.650584644 49.7526529466
60 119.256305143 231.300145168 50.9886892789
65 119.256305143 475.949223532 49.1427153213
70 119.256305143 1139.90592565 46.6228354492
75 119.256305143 2708.79558687 46.1291594607
80 119.256305143 5972.16073537 48.9818694174
85 119.256305143 11872.8322905 54.5897723285
90 119.256305143 20971.9561527 61.1427009272
95 119.256305143 32611.8038608 66.7473196838
100 119.256305143 44388.1106832 70.199143244
105 119.256305143 52751.8785668 71.1925034046
110 119.256305143 54786.5722359 70.2219066061
115 119.256305143 49929.912628 68.2302799882
120 119.256305143 40190.6787682 65.8925216535
125 119.256305143 28776.1901908 62.9635127801
130 119.256305143 18418.5268747 58.4932244665
135 119.256305143 10548.5752936 51.8987630965
140 119.256305143 5392.38551346 43.8073566817
145 119.256305143 2459.7609805 35.8037446759
150 119.256305143 1018.43973938 29.43642214
155 119.256305143 411.20937351 25.4809686159
160 119.256305143 193.292233121 23.9504750102
165 119.256305143 127.32526203 24.5137035966
170 119.256305143 113.322354034 26.7216125979
175 119.256305143 120.979170388 29.8545811805
180 119.256305143 149.419911967 32.7758491513
185 119.256305143 207.674065569 34.2783696464
190 119.256305143 302.028583483 33.8571851874
195 119.256305143 424.867259004 32.2294234511
200 119.256305143 550.375980906 31.0292949618
205 119.256305143 643.881563708 31.8196638841
210 119.256305143 681.150610953 35.0822213927
215 119.256305143 664.186885617 39.8295270184
220 119.256305143 623.854646699 44.1693398656
225 119.256305143 611.435515636 46.6094515327
230 119.256305143 685.751898791 47.1862482826
235 119.256305143 899.504900585 47.3471695523
240 119.256305143 1291.8911987 48.5093427678
245 119.256305143 1901.36609535 50.5821049354
250 119.256305143 2792.8949383 51.9427648428
255 119.256305143 4051.10517896 50.968818824
260 119.256305143 5706.73539069 47.6354198747
265 119.256305143 7676.03214563 43.6479433442
270 119.256305143 9833.56179397 41.1419896986
275 119.256305143 12143.1121499 41.2968603036
280 119.256305143 14581.1003066 43.8944938379
285 119.256305143 16817.7267271 47.701293063
290 119.256305143 18076.6377812 51.0792430487
295 119.256305143 17542.7922296 52.5781211498
300 119.256305143 15031.0204156 51.4712699237
305 119.256305143 11231.7756927 47.9890662789
310 119.256305143 7282.5517641 43.0395839398
315 119.256305143 4098.35043106 37.6987241598
320 119.256305143 2016.61029062 32.9723279209
325 119.256305143 889.686486695 29.8933801439
330 119.256305143 379.131937932 29.539030926
335 119.256305143 184.809452248 32.6113646223
340 119.256305143 124.401454956 38.687911568
345 119.256305143 118.616018475 45.7702642092
350 119.256305143 162.24737684 50.9158675262
355 119.256305143 328.940887371 51.9797250502
360 119.256305143 817.262938357 49.1747496707
365 119.256305143 1990.082208 44.8964810751
370 119.256305143 4286.92453981 41.8140232487
375 119.256305143 7896.71529401 40.9446739275
380 119.256305143 12304.7781516 41.2974306529
385 119.256305143 16160.155897 41.0411493816
390 119.256305143 17865.248071 38.9561609655
395 119.256305143 16619.4068101 35.096740598
400 119.256305143 13012.7657572 30.4790624714
0 124.225317857 19347.1521789 32.9491675514
5 124.225317857 25974.0995045 38.1172893747
10 124.225317857 29348.8385979 41.5211941364
15 124.225317857 27903.0723262 41.7648353657
20 124.225317857 22323.5751294 38.8723751431
25 124.225317857 15037.1701905 34.3962052134
30 124.225317857 8542.15325456 30.6188748407
35 124.225317857 4112.15374719 29.5413581175
40 124.225317857 1704.03323485 32.1772434629
45 124.225317857 642.687011717 38.1326140691
50 124.225317857 269.575534896 45.4959246886
55 124.225317857 202.694749176 51.4834273856
60 124.225317857 330.685122615 53.9793447513
65 124.225317857 761.126573503 53.0043822378
70 124.225317857 1824.07094432 50.7447343363
75 124.225317857 4112.07709572 49.9773477109
80 124.225317857 8465.81684932 52.2331652957
85 124.225317857 15762.7847784 57.1159540692
90 124.225317857 26381.1404148 62.9801414703
95 124.225317857 39443.9919356 68.0997264541
100 124.225317857 52401.0084513 71.4144920816
105 124.225317857 61667.6679369 72.6561120173
110 124.225317857 64317.4305954 72.1922719075
115 124.225317857 59672.7662471 70.7334864315
120 124.225317857 49513.154081 68.7783054734
125 124.225317857 36890.9144418 66.0713834957
130 124.225317857 24679.9493713 61.7428804197
135 124.225317857 14751.5333674 55.2141521712
140 124.225317857 7819.15977633 47.0149507559
145 124.225317857 3661.08565144 38.6878402101
150 124.225317857 1532.94460246 31.9294507317
155 124.225317857 608.708169196 27.8242332007
160 124.225317857 267.034406293 26.7456707517
165 124.225317857 156.525637575 28.6756763382
170 124.225317857 123.056687754 33.2618057255
175 124.225317857 114.253364807 39.3905983348
180 124.225317857 117.40333873 44.9372782636
185 124.225317857 131.567327912 47.5262961998
190 124.225317857 157.087989429 46.0979194088
195 124.225317857 190.987668702 41.9328462983
200 124.225317857 225.546713366 38.0629337563
205 124.225317857 250.895177976 37.4349787111
210 124.225317857 260.462846232 41.1187877776
215 124.225317857 255.550051679 47.624453581
220 124.225317857 246.402915459 53.7633265153
225 124.225317857 250.380265154 56.7422965075
230 124.225317857 288.820861153 56.1503215373
235 124.225317857 383.674626513 54.09719705
240 124.225317857 557.090454651 53.1534586204
245 124.225317857 838.805125107 53.9330678151
250 124.225317857 1275.74677886 54.6563350135
255 124.225317857 1921.2890346 53.0511288784
260 124.225317857 2795.37587696 48.606213526
265 124.225317857 3860.12978602 43.0294957406
270 124.225317857 5063.74943171 38.7920679081
275 124.225317857 6399.8917761 37.4080423438
280 124.225317857 7845.76257367 38.8192677337
285 124.225317857 9182.54139009 41.8170224815
290 124.225317857 9939.86256541 44.7415647488
295 124.225317857 9651.6762403 46.0937445231
300 124.225317857 8236.55489461 45.0725384334
305 124.225317857 6113.99316097 41.8698670782
310 124.225317857 3936.89938346 37.455317692
315 124.225317857 2208.39787052 33.0261856402
320 124.225317857 1096.82780199 29.6672779594
325 124.225317857 505.090088882 28.4424221047
330 124.225317857 241.351030649 30.5151829917
335 124.225317857 142.67720883 36.7184106362
340 124.225317857 113.671242671 46.5121724886
345 124.225317857 117.596570632 57.1889414049
350 124.225317857 168.081183783 64.604546179
355 124.225317857 352.331714634 65.6157188126
360 124.225317857 890.807480659 60.3986472639
365 124.225317857 2183.91135204 52.3722733172
370 124.225317857 4716.29916222 45.6357956997
375 124.225317857 8696.27893665 42.2376268067
380 124.225317857 13556.394586 41.4467754313
385 124.225317857 17807.1465118 41.0653513427
390 124.225317857 19687.0981845 39.2762144394
395 124.225317857 18313.4942246 35.6668898991
400 124.225317857 14336.9872748 31.07647854
0 129.194330571 15019.1747508 31.502734479
5 129.194330571 20234.1414052 36.6189546872
10 129.194330571 22946.2549837 40.4566320352
15 129.194330571 21896.5330158 41.5029819112
20 129.194330571 17584.2617159 39.4216663207
25 129.194330571 11892.1189609 35.4354307341
30 129.194330571 6786.83011107 31.7983845615
35 129.194330571 3288.30399093 30.8209107185
40 129.194330571 1379.51666372 33.9711828902
45 129.194330571 538.727825578 41.1721524582
50 129.194330571 256.915213447 50.4446633369
55 129.194330571 259.374799983 58.4869220803
60 129.194330571 526.299158572 62.4576632203
65 129.194330571 1278.60202983 61.8810391105
70 129.194330571 2983.02368841 58.9371062724
75 129.194330571 6325.7350198 56.7615761828
80 129.194330571 12080.6050823 57.3038771231
85 129.194330571 20829.5568781 60.4806305932
90 129.194330571 32532.2181849 64.8713756082
95 129.194330571 46047.5921333 68.9312957461
100 129.194330571 58955.3375161 71.7225419602
105 129.194330571 68135.8521999 72.9912733318
110 129.194330571 71075.5747664 72.9717845255
115 129.194330571 67052.835703 72.1202093689
120 129.194330571 57320.4760177 70.6904288248
125 129.194330571 44347.6729258 68.333671368
130 129.194330571 30862.2394169 64.2311167041
135 129.194330571 19128.9020487 57.8584562818
140 129.194330571 10460.1413841 49.7294270578
145 129.194330571 5035.72497739 41.3882252976
150 129.194330571 2175.67571832 34.6612104796
155 129.194330571 903.888433174 30.8983036979
160 129.194330571 415.936360266 30.8299581737
165 129.194330571 240.1589171 34.8175456949
170 129.194330571 169.500101007 42.6778903774
175 129.194330571 134.983180635 52.8423715242
180 129.194330571 118.068751396 61.9194918071
185 129.194330571 112.765394795 65.9876460201
190 129.194330571 115.204839787 63.2317307456
195 129.194330571 121.937361915 55.6562768507
200 129.194330571 129.643863135 48.1150806513
205 129.194330571 135.380249468 45.3408420317
210 129.194330571 137.464897628 49.1495883382
215 129.194330571 136.367479036 57.4502938096
220 129.194330571 134.987130781 65.5394132328
225 129.194330571 138.390651048 69.1260895157
230 129.194330571 153.316179362 67.2314802805
235 129.194330571 187.79147395 62.5715613492
240 129.194330571 252.072027361 58.8806891319
245 129.194330571 362.15846328 57.5976209107
250 129.194330571 542.671082395 57.0183946486
255 129.194330571 820.329086764 54.4519160794
260 129.194330571 1206.90265901 48.9635957557
265 129.194330571 1691.62758802 42.1051584685
270 129.194330571 2261.70876913 36.4230683561
275 129.194330571 2922.19586125 33.5829618848
280 129.194330571 3656.66677479 33.6627479239
285 129.194330571 4341.53206964 35.5786225019
290 129.194330571 4731.92964599 37.8063838494
295 129.194330571 4598.61031524 38.9629047864
300 129.194330571 3913.28098383 38.2804284241
305 129.194330571 2893.68609136 35.879540085
310 129.194330571 1861.61964305 32.5981623216
315 129.194330571 1054.84507636 29.4988656026
320 129.194330571 544.766882972 27.5666106874
325 129.194330571 278.006774012 27.8533013745
330 129.194330571 161.223420666 31.6535560192
335 129.194330571 118.451266376 40.0028125813
340 129.194330571 107.229800623 52.3642622816
345 129.194330571 115.142651552 65.5600237407
350 129.194330571 163.011072187 74.5832782605
355 129.194330571 334.335602262 75.5631245637
360 129.194330571 834.514038391 68.6453368576
365 129.194330571 2035.58058286 57.9776251425
370 129.194330571 4387.71664558 48.6518703054
375 129.194330571 8084.40642868 43.3881382298
380 129.194330571 12598.5850604 41.5840057743
385 129.194330571 16546.7737212 40.8018815518
390 129.194330571 18292.9127587 38.917992473
395 129.194330571 17017.08023 35.3268597972
400 129.194330571 13323.6161272 30.7954707972
0 134.163343286 10291.7998282 29.8659318995
5 134.163343286 13887.4309193 34.8444417212
10 134.163343286 15780.9394338 39.0670849581
15 134.163343286 15093.913452 40.9349102673
20 134.163343286 12153.4160075 39.7518880819
25 134.163343286 8246.21837133 36.3885245579
30 134.163343286 4728.68149773 33.0518678365
35 134.163343286 2311.57901931 32.3600644206
40 134.163343286 991.199587414 36.230535742
45 134.163343286 415.800393735 44.8671809979
50 134.163343286 252.298127142 56.1687040339
55 134.163343286 362.621773369 66.2921430847
60 134.163343286 856.30607681 71.7068143012
65 134.163343286 2117.73600976 71.4985952285
70 134.163343286 4795.8242725 67.8640267788
75 134.163343286 9663.12643093 64.2781372506
80 134.163343286 17310.4627451 63.087241626
85 134.163343286 27796.3144326 64.5172501079
90 134.163343286 40424.3157021 67.3663106174
95 134.163343286 53709.2429208 70.2438187727
100 134.163343286 65536.255596 72.3050036651
105 134.163343286 73606.3718834 73.3076961126
110 134.163343286 76152.3208739 73.3749906417
115 134.163343286 72550.2815341 72.7261353117
120 134.163343286 63454.5969417 71.3724465277
125 134.163343286 50563.5778647 68.8989999893
130 134.163343286 36273.6655579 64.6434797547
135 134.163343286 23128.5391673 58.3043851038
140 134.163343286 13003.4827837 50.5063924228
145 134.163343286 6491.26676784 42.7730521593
150 134.163343286 2998.79110509 36.8827553704
155 134.163343286 1415.59840146 34.2182322969
160 134.163343286 767.037493506 35.6975922572
165 134.163343286 479.878629243 42.0118521641
170 134.163343286 317.471064899 53.1980987352
175 134.163343286 213.217604983 67.324361846
180 134.163343286 151.395022653 79.8070165936
185 134.163343286 120.77426952 85.2093687964
190 134.163343286 108.893457363 80.9527431525
195 134.163343286 105.953546747 69.7274694074
200 134.163343286 106.246169596 58.1409555393
205 134.163343286 107.068603677 52.6294862069
210 134.163343286 107.404205864 55.7315892887
215 134.163343286 107.215050952 64.892792512
220 134.163343286 107.167524944 74.2058326336
225 134.163343286 108.532888173 78.1899396608
230 134.163343286 113.163960221 75.3349634458
235 134.163343286 123.619250441 68.6366067
240 134.163343286 143.8059317 62.5403663387
245 134.163343286 180.361372117 59.1125110301
250 134.163343286 243.416236212 56.946170168
255 134.163343286 343.90597464 53.3567718229
260 134.163343286 487.774332453 47.240916239
265 134.163343286 674.34460638 39.8967698094
270 134.163343286 903.961406987 33.629836648
275 134.163343286 1182.25221716 29.9776259411
280 134.163343286 1500.10522518 29.0518761365
285 134.163343286 1798.95706337 29.9510519057
290 134.163343286 1970.30373678 31.4323610396
295 134.163343286 1917.6212742 32.4073254323
300 134.163343286 1633.51717401 32.2878793302
305 134.163343286 1213.9106938 31.1479211811
310 134.163343286 794.363515635 29.5450894211
315 134.163343286 471.220183111 28.1391096071
320 134.163343286 270.283434907 27.5546896047
325 134.163343286 167.061075889 28.6705998082
330 134.163343286 122.716127 32.8523955576
335 134.163343286 106.911735817 41.3710948791
340 134.163343286 103.735288268 53.9081033514
345 134.163343286 111.430177946 67.3339263031
350 134.163343286 149.226524069 76.5199379122
355 134.163343286 283.34744908 77.4463392523
360 134.163343286 674.730604766 70.2324139702
365 134.163343286 1614.52572187 59.1407124302
370 134.163343286 3454.992272 49.4019321345
375 134.163343286 6347.52618042 43.7749620323
380 134.163343286 9879.71726478 41.5981449811
385 134.163343286 12969.0404662 40.3973809532
390 134.163343286 14335.3348115 38.1287612309
395 134.163343286 13337.0392966 34.3319185492
400 134.163343286 10447.0293892 29.8463079451
0 139.132356 6125.82706564 28.1398221356
5 139.132356 8263.09358273 32.7730668206
10 139.132356 9396.62799765 37.0920079154
15 139.132356 9000.76750984 39.5099213786
20 139.132356 7264.06814443 39.0847789126
25 139.132356 4947.55411394 36.3676295194
30 139.132356 2857.63522502 33.414502344
35 139.132356 1419.75736766 32.9431300559
40 139.132356 636.306834688 37.1135005429
45 139.132356 308.503045171 46.3445718946
50 139.132356 270.113566719 58.5995264888
55 139.132356 528.063239354 69.9096133402
60 139.132356 1350.59399858 76.4765768143
65 139.132356 3330.09003905 77.0930873752
70 139.132356 7332.37443288 73.7608152777
75 139.132356 14197.4788303 69.9262981047
80 139.132356 24225.8144498 68.0619570336
85 139.132356 36775.1422204 68.6003222128
90 139.132356 50329.0916383 70.5359285321
95 139.132356 62999.0711118 72.6115275342
100 139.132356 73043.904316 74.0523965615
105 139.132356 79127.228796 74.6244670254
110 139.132356 80388.11275 74.3608471115
115 139.132356 76468.4901339 73.2863902658
120 139.132356 67589.6395473 71.2386554147
125 139.132356 54777.9720658 67.8515129057
130 139.132356 40059.2034106 62.797366842
135 139.132356 26090.1333827 56.2049271457
140 139.132356 15113.5845972 48.9381801408
145 139.132356 8000.03695624 42.4390692768
150 139.132356 4186.68545821 38.1836717765
155 139.132356 2425.59703596 37.2473968388
160 139.132356 1602.49589762 40.4278392152
165 139.132356 1098.38116829 48.5386842461
170 139.132356 711.343823996 61.8051786082
175 139.132356 425.627686351 78.1852519896
180 139.132356 247.583943224 92.4648945918
185 139.132356 156.611484259 98.3328651908
190 139.132356 118.586248669 92.7524256631
195 139.132356 105.624363867 78.8062620531
200 139.132356 102.098271808 64.1070958189
205 139.132356 101.381527443 56.047795014
210 139.132356 101.267311418 57.5992917452
215 139.132356 101.219826052 66.114550224
220 139.132356 101.263503993 75.347579273
225 139.132356 101.656013272 79.4743837696
230 139.132356 102.839592633 76.7070441961
235 139.132356 105.520981867 69.7976008824
240 139.132356 110.933112337 63.0061895639
245 139.132356 121.28355885 58.4154737194
250 139.132356 139.945171126 54.9428304768
255 139.132356 170.628963032 50.3839360431
260 139.132356 215.82932319 43.9158120318
265 139.132356 276.704954486 36.7008053769
270 139.132356 355.381074021 30.6323835319
275 139.132356 455.067204506 26.8869451049
280 139.132356 571.764672912 25.478067383
285 139.132356 682.32058963 25.6769456938
290 139.132356 746.050138979 26.5924228213
295 139.132356 728.311704325 27.5458918736
300 139.132356 627.862176414 28.2539616182
305 139.132356 480.410182731 28.8086375121
310 139.132356 334.581449303 29.4078975403
315 139.132356 223.765949734 30.0653830252
320 139.132356 155.921931322 30.7293245556
325 139.132356 121.666552874 31.8555366633
330 139.132356 107.230396147 34.7790274188
335 139.132356 102.274710369 41.0760899067
340 139.132356 101.886917586 50.9475097568
345 139.132356 107.41055557 61.9252082745
350 139.132356 132.426010699 69.5727251431
355 139.132356 220.853960634 70.3245667993
360 139.132356 478.845861876 64.2364740366
365 139.132356 1098.33292048 54.9927914973
370 139.132356 2311.51701398 47.0609568288
375 139.132356 4218.19442578 42.635480625
380 139.132356 6546.51594345 40.8800415581
385 139.132356 8582.91134566 39.5115003813
390 139.132356 9483.53434344 36.8797433185
395 139.132356 8825.48587652 32.88888782
400 139.132356 6920.47222013 28.5256954992
0 144.101368714 3147.8249014 26.3646162729
5 144.101368714 4232.05746259 30.3501323808
10 144.101368714 4809.35433972 34.3048442279
15 144.101368714 4612.05500573 36.8030538535
20 144.101368714 3734.16939092 36.8505611274
25 144.101368714 2560.70089417 34.7537966876
30 144.101368714 1500.90990825 32.2666459925
35 144.101368714 772.136292268 31.8787734163
40 144.101368714 380.12219135 35.6719053803
45 144.101368714 239.781136183 44.1933981746
50 144.101368714 317.965307582 55.7721161228
55 144.101368714 757.020519338 66.9349895907
60 144.101368714 1997.01496718 74.2171816785
65 144.101368714 4857.36933514 76.3053145245
70 144.101368714 10416.037547 74.6894414896
75 144.101368714 19524.3358354 72.2559025115
80 144.101368714 32090.3648458 71.2094153595
85 144.101368714 46677.1826963 72.0424861021
90 144.101368714 60924.0771482 73.9406209639
95 144.101368714 72584.0177596 75.7985922428
100 144.101368714 80330.0763946 76.9144701425
105 144.101368714 83770.1957074 77.0519867045
110 144.101368714 82934.6789862 76.1532683651
115 144.101368714 77851.351389 74.0948182326
120 144.101368714 68591.0863123 70.6543507835
125 144.101368714 55789.648914 65.6750879715
130 144.101368714 41169.3005971 59.3285543253
135 144.101368714 27306.2776078 52.2987670653
140 144.101368714 16501.9422273 45.7238977633
145 144.101368714 9651.84718576 40.8649361462
150 144.101368714 6091.26716538 38.6719747335
155 144.101368714 4403.19585575 39.626154538
160 144.101368714 3377.61213113 44.1016825983
165 144.101368714 2451.90250171 52.7517455462
170 144.101368714 1582.19441947 65.8683332768
175 144.101368714 897.239373782 81.6133411287
180 144.101368714 462.319168313 95.0226042025
185 144.101368714 238.674899376 100
190 144.101368714 144.686069143 93.6166490724
195 144.101368714 112.176728599 78.9056105336
200 144.101368714 102.885741263 63.2809146502
205 144.101368714 100.689958628 53.8986176682
210 144.101368714 100.258493927 53.6761850586
215 144.101368714 100.186424692 60.3181725801
220 144.101368714 100.196957416 68.319896721
225 144.101368714 100.292954865 72.5820950892
230 144.101368714 100.567717216 71.4357264912
235 144.101368714 101.200163989 66.8847411805
240 144.101368714 102.523463834 61.9800184243
245 144.101368714 105.134049032 57.9613660095
250 144.101368714 109.929694723 53.8334524246
255 144.101368714 117.922306176 48.2156751812
260 144.101368714 129.942142085 41.1047477199
265 144.101368714 146.741535958 33.8984260487
270 144.101368714 169.558851652 28.169948656
275 144.101368714 199.741640489 24.6497472007
280 144.101368714 235.903024226 23.1348399618
285 144.101368714 270.420627898 22.990772349
290 144.101368714 290.421963201 23.652597011
295 144.101368714 285.333889188 24.8806181937
300 144.101368714 255.130516662 26.7750376652
305 144.101368714 211.014769908 29.5220995259
310 144.101368714 167.791919307 32.9240931206
315 144.101368714 135.333676134 36.1248641432
320 144.101368714 115.738351208 38.0564441578
325 144.101368714 106.001873821 38.489675794
330 144.101368714 101.977002284 38.6926891233
335 144.101368714 100.672051172 40.7359469125
340 144.101368714 100.900892148 45.686451791
345 144.101368714 104.083883328 52.2029998697
350 144.101368714 118.000676252 57.0423947007
355 144.101368714 167.110007979 57.4094884293
360 144.101368714 310.375123769 53.2007853408
365 144.101368714 654.379875585 47.0413486979
370 144.101368714 1328.06784096 42.0825815449
375 144.101368714 2386.85653781 39.6586781525
380 144.101368714 3679.78657824 38.7927955861
385 144.101368714 4810.60840399 37.5806608563
390 144.101368714 5310.7294225 34.8970634969
395 144.101368714 4945.31140595 31.0147493493
400 144.101368714 3887.44660296 27.0106629758
0 149.070381429 1409.73792102 24.5912176283
5 149.070381429 1876.41975263 27.6589099742
10 149.070381429 2125.4320539 30.8188040407
15 149.070381429 2041.33460375 32.9435349252
20 149.070381429 1664.20990201 33.1763937124
25 149.070381429 1159.55239694 31.6656399547
30 149.070381429 703.747636267 29.742267204
35 149.070381429 391.763452211 29.3847797548
40 149.070381429 232.117845866 32.3170335136
45 149.070381429 211.242484287 39.13051584
50 149.070381429 388.911599321 48.7484964449
55 149.070381429 1021.23376792 58.6768686845
60 149.070381429 2708.84762867 66.2594628508
65 149.070381429 6474.4676358 70.2413769155
70 149.070381429 13548.2083511 71.3736014156
75 149.070381429 24698.2985396 71.5682599131
80 149.070381429 39362.5749218 72.4356859283
85 149.070381429 55325.4908409 74.4003468942
90 149.070381429 69519.240657 76.8507955077
95 149.070381429 79514.3867502 78.886286899
100 149.070381429 84472.7563637 79.9078875814
105 149.070381429 84864.3251135 79.669293392
110 149.070381429 81487.8378984 78.0092039999
115 149.070381429 74786.2966296 74.6996517831
120 149.070381429 64920.6093843 69.5796094564
125 149.070381429 52418.9470698 62.8395716241
130 149.070381429 38784.126045 55.2156234614
135 149.070381429 26320.8678262 47.9072716688
140 149.070381429 17059.5815161 42.2188825837
145 149.070381429 11632.5618774 39.1080216322
150 149.070381429 9102.83288841 38.891723465
155 149.070381429 7827.05853424 41.3588518598
160 149.070381429 6546.37555223 46.3243905945
165 149.070381429 4893.30618495 54.0775082411
170 149.070381429 3158.62018035 64.832964301
175 149.070381429 1752.09645212 77.1820572503
180 149.070381429 851.879912343 87.1995423981
185 149.070381429 387.871489727 90.0497158812
190 149.070381429 192.679805115 83.4918283101
195 149.070381429 125.093139204 70.128834483
200 149.070381429 105.722864743 56.0644883972
205 149.070381429 101.111150697 47.1151575496
210 149.070381429 100.19740238 45.6760934246
215 149.070381429 100.050756812 50.1120057185
220 149.070381429 100.051287893 56.4614271696
225 149.070381429 100.120749789 61.156318558
230 149.070381429 100.311898281 63.0044659473
235 149.070381429 100.734410034 62.987766687
240 149.070381429 101.523271215 62.2319957647
245 149.070381429 102.786747338 60.4022680173
250 149.070381429 104.555936183 56.2230622375
255 149.070381429 106.795075333 49.2529071402
260 149.070381429 109.52114839 40.7412530021
265 149.070381429 113.01284842 32.7813070998
270 149.070381429 117.928338985 26.9022742216
275 149.070381429 124.968167557 23.4456004931
280 149.070381429 133.912932115 21.9153137453
285 149.070381429 142.702745948 21.6601684172
290 149.070381429 147.853682813 22.3531231451
295 149.070381429 146.559219564 24.1569989828
300 149.070381429 138.837269599 27.583657698
305 149.070381429 127.62245144 32.9708761346
310 149.070381429 116.723620667 39.7123088999
315 149.070381429 108.622024402 45.9155752404
320 149.070381429 103.790562601 49.2321441935
325 149.070381429 101.424389542 48.5738746277
330 149.070381429 100.465182099 45.2050424535
335 149.070381429 100.183302176 41.9485927973
340 149.070381429 100.389378107 41.017532592
345 149.070381429 101.903744756 42.3632773127
350 149.070381429 108.419612814 43.9670571724
355 149.070381429 131.394251392 43.7402163176
360 149.070381429 198.41463037 41.3018866419
365 149.070381429 359.341990076 38.096064963
370 149.070381429 674.496973943 35.9075845285
375 149.070381429 1169.80422216 35.2819644375
380 149.070381429 1774.64409444 35.2516565076
385 149.070381429 2303.64884123 34.3907458181
390 149.070381429 2537.60823849 32.050143002
395 149.070381429 2366.66365561 28.7072519036
400 149.070381429 1871.78861031 25.3772407893
0 154.039394143 576.338592859 22.9661875166
5 154.039394143 746.214637491 25.0280187456
10 154.039394143 836.960942593 27.1968533587
15 154.039394143 806.511282783 28.7028814024
20 154.039394143 669.386031006 28.9332372325
25 154.039394143 485.822443942 27.9500273901
30 154.039394143 320.333334578 26.6358316101
35 154.039394143 209.223018586 26.347820887
40 154.039394143 163.507812914 28.3289576102
45 154.039394143 208.495228356 33.153706622
50 154.039394143 461.305942895 40.3806345544
55 154.039394143 1259.89233478 48.6275774424
60 154.039394143 3323.50884504 56.2079659474
65 154.039394143 7806.2724515 62.023072074
70 154.039394143 15985.8829251 66.0629153071
75 154.039394143 28451.28495 69.1482973044
80 154.039394143 44165.3834565 72.1676489926
85 154.039394143 60285.3985564 75.4142261039
90 154.039394143 73306.8283708 78.4916244642
95 154.039394143 80862.7149936 80.7454465791
100 154.039394143 82680.3781736 81.7031751874
105 154.039394143 79986.0718957 81.1079350247
110 154.039394143 74187.11608 78.7086956809
115 154.039394143 66085.9389282 74.2386026296
120 154.039394143 56029.639488 67.6966728566
125 154.039394143 44580.1869806 59.6675284281
130 154.039394143 33048.7642108 51.3649293736
135 154.039394143 23325.0685378 44.297501942
140 154.039394143 16934.2494571 39.7251177905
145 154.039394143 14033.4038403 38.2039214762
150 154.039394143 13274.9043239 39.4605288407
155 154.039394143 12731.9431696 42.7108815451
160 154.039394143 11134.0426739 47.3015730992
165 154.039394143 8440.81308535 53.1436746389
170 154.039394143 5452.4226978 60.3007855695
175 154.039394143 2996.74811359 67.8496871122
180 154.039394143 1419.29494438 73.2503559195
185 154.039394143 605.279052279 73.4458404652
190 154.039394143 262.696021968 67.1971429741
195 154.039394143 144.040460696 56.5075625391
200 154.039394143 110.022887656 45.6289201426
205 154.039394143 101.919933973 38.5015026483
210 154.039394143 100.316567455 36.7530638631
215 154.039394143 100.073828393 39.4703098296
220 154.039394143 100.128381942 44.4542442838
225 154.039394143 100.415145909 49.8981346155
230 154.039394143 101.1787529 55.2430539011
235 154.039394143 102.823705565 60.4827047363
240 154.039394143 105.696667216 64.7015267607
245 154.039394143 109.68366968 65.7518383522
250 154.039394143 113.890434719 61.8315264226
255 154.039394143 116.868106452 53.3341263882
260 154.039394143 117.476304786 42.8725261701
265 154.039394143 115.75224699 33.4879592928
270 154.039394143 112.960840592 26.9051236289
275 154.039394143 110.716464101 23.1945443879
280 154.039394143 109.907031314 21.5606129238
285 154.039394143 110.235847045 21.2604428245
290 154.039394143 110.619734353 22.1127732891
295 154.039394143 110.056367721 24.6042784286
300 154.039394143 108.294239021 29.6179152184
305 154.039394143 105.853670845 37.6508306746
310 154.039394143 103.515455386 47.7197832766
315 154.039394143 101.794964873 56.9105602351
320 154.039394143 100.780000157 61.5861349553
325 154.039394143 100.28927731 59.8171589173
330 154.039394143 100.094453861 52.9503964432
335 154.039394143 100.047334742 44.6789294502
340 154.039394143 100.1474637 38.3936463084
345 154.039394143 100.749018037 35.186102822
350 154.039394143 103.317892371 33.9608094405
355 154.039394143 112.372221213 33.0638472024
360 154.039394143 138.784510779 31.7777395721
365 154.039394143 202.20485739 30.553239974
370 154.039394143 326.405224741 30.1218731221
375 154.039394143 521.602334522 30.5227960775
380 154.039394143 759.965482558 30.9516386995
385 154.039394143 968.442539948 30.4535973952
390 154.039394143 1060.64429614 28.7111679879
395 154.039394143 993.276235966 26.209595942
400 154.039394143 798.24945436 23.7605219554
0 159.008406857 246.304967975 21.6755383403
5 159.008406857 298.50601326 22.8667089449
10 159.008406857 326.408508021 24.1339987047
15 159.008406857 317.079177539 25.0286073423
20 159.008406857 274.974450253 25.1840653828
25 159.008406857 218.651689668 24.6234291949
30 159.008406857 168.302598563 23.8543619343
35 159.008406857 137.118315375 23.6850647934
40 159.008406857 137.791768267 24.9172121491
45 159.008406857 213.311247583 28.0759249876
50 159.008406857 508.956035226 33.2255786089
55 159.008406857 1403.47407382 39.9089212624
60 159.008406857 3665.79993124 47.2790208895
65 159.008406857 8474.95574244 54.4198486738
70 159.008406857 17037.4548086 60.7185363293
75 159.008406857 29708.8945615 66.0673601076
80 159.008406857 45081.7711264 70.7110142602
85 159.008406857 59969.4070144 74.8227327032
90 159.008406857 70776.416282 78.215964045
95 159.008406857 75419.8785195 80.4705365894
100 159.008406857 74190.5208782 81.2205854282
105 159.008406857 68909.01314 80.2071994037
110 159.008406857 61408.5711956 77.1641518412
115 159.008406857 52732.9023713 71.901369513
120 159.008406857 43362.2192696 64.6445789573
125 159.008406857 33866.2537337 56.2961637781
130 159.008406857 25330.9952505 48.3061618472
135 159.008406857 19178.0362713 42.176752371
140 159.008406857 16367.7969123 38.8956827366
145 159.008406857 16535.9937522 38.5967603353
150 159.008406857 17898.7008948 40.5936079385
155 159.008406857 18241.9948336 43.7990853567
160 159.008406857 16310.3080562 47.3403542633
165 159.008406857 12450.5528595 50.9077566466
170 159.008406857 8047.55165852 54.4501108833
175 159.008406857 4405.85581986 57.4525761579
180 159.008406857 2062.06355557 58.6163779583
185 159.008406857 851.701725302 56.5242284333
190 159.008406857 342.107404525 50.8696832753
195 159.008406857 165.551927635 43.0862782991
200 159.008406857 114.920850632 35.6838206148
205 159.008406857 102.859634589 30.8496174558
210 159.008406857 100.486532713 29.4781431384
215 159.008406857 100.192758938 31.2330174438
220 159.008406857 100.533512192 35.3627088137
225 159.008406857 101.784926854 41.5021210599
230 159.008406857 105.084288687 49.6416352304
235 159.008406857 112.179352866 59.0572695934
240 159.008406857 124.527234165 67.2807286212
245 159.008406857 141.52499266 70.7475039033
250 159.008406857 159.106103614 67.1915655897
255 159.008406857 170.741587274 57.5900887666
260 159.008406857 171.217024086 45.5887880305
265 159.008406857 160.36294506 34.9912181688
270 159.008406857 143.198112479 27.722709962
275 159.008406857 126.330387992 23.6820260143
280 159.008406857 114.034226854 21.8614266035
285 159.008406857 107.018429849 21.4535221382
290 159.008406857 103.756041318 22.3785659748
295 159.008406857 102.366712311 25.3382628889
300 159.008406857 101.634491006 31.4548781333
305 159.008406857 101.081153941 41.3219232951
310 159.008406857 100.633200383 53.6905818423
315 159.008406857 100.318896028 64.9383707927
320 159.008406857 100.136967997 70.5357225085
325 159.008406857 100.050214684 67.9792089708
330 159.008406857 100.016633642 58.6991168528
335 159.008406857 100.011660475 47.0250978636
340 159.008406857 100.047999686 37.1726161629
345 159.008406857 100.248476495 30.9773008949
350 159.008406857 101.101491166 27.8906158417
355 159.008406857 104.107515005 26.4686832186
360 159.008406857 112.876276923 25.7252181581
365 159.008406857 133.931538198 25.4631950788
370 159.008406857 175.165483742 25.784345809
375 159.008406857 239.970018183 26.5036649133
380 159.008406857 319.105476962 27.0406290124
385 159.008406857 388.318892364 26.8118332014
390 159.008406857 418.929447464 25.681212864
395 159.008406857 396.563564176 24.0273287384
400 159.008406857 331.815577905 22.4151082172
0 163.977419571 137.906477085 20.8143694899
5 163.977419571 151.43475812 21.4004721465
10 163.977419571 158.668334959 22.0277858727
15 163.977419571 156.255203093 22.4743509138
20 163.977419571 145.356044476 22.5565286902
25 163.977419571 130.838505527 22.2830144444
30 163.977419571 118.328950829 21.9084361031
35 163.977419571 113.408176893 21.8597820895
40 163.977419571 129.196028649 22.6228614238
45 163.977419571 213.664465866 24.6625046006
50 163.977419571 517.301314462 28.3491240003
55 163.977419571 1417.27621229 33.8226141431
60 163.977419571 3656.23027479 40.8090878557
65 163.977419571 8328.92573066 48.5559972885
70 163.977419571 16470.5519544 56.0794665592
75 163.977419571 28202.036894 62.6439731017
80 163.977419571 41927.4182142 68.042756419
85 163.977419571 54463.2794847 72.3796875685
90 163.977419571 62473.7058005 75.6445519208
95 163.977419571 64312.5067236 77.5849937953
100 163.977419571 60726.0049715 77.8906499398
105 163.977419571 53881.8913417 76.3300900047
110 163.977419571 45810.0072569 72.7536531844
115 163.977419571 37631.6164046 67.1982648679
120 163.977419571 29826.3843995 60.1437732459
125 163.977419571 22862.2481511 52.6327152749
130 163.977419571 17556.4727523 46.0160675091
135 163.977419571 14906.217366 41.4506758306
140 163.977419571 15411.4473464 39.4798290912
145 163.977419571 18315.5969136 39.8891262279
150 163.977419571 21529.6220646 41.8427909401
155 163.977419571 22655.2420318 44.2710288375
160 163.977419571 20483.4072101 46.3621662496
165 163.977419571 15692.98504 47.798150572
170 163.977419571 10150.1977307 48.5144972711
175 163.977419571 5549.4263276 48.2827785589
180 163.977419571 2584.51437214 46.6313683567
185 163.977419571 1052.30466404 43.2308109124
190 163.977419571 406.853285647 38.3642053232
195 163.977419571 183.11895551 33.0104152176
200 163.977419571 118.929353608 28.4252476236
205 163.977419571 103.64047169 25.5610971348
210 163.977419571 100.682838834 24.793865207
215 163.977419571 100.557802243 26.13851164
220 163.977419571 101.940302134 29.7267134156
225 163.977419571 106.547849286 36.0377447551
230 163.977419571 118.656533538 45.3695135274
235 163.977419571 144.690921479 56.6364893654
240 163.977419571 189.993596596 66.656590268
245 163.977419571 252.337492468 71.3070032434
250 163.977419571 316.773309093 68.2241611521
255 163.977419571 359.304986992 58.6698245609
260 163.977419571 360.752132905 46.6403269843
265 163.977419571 320.431525014 36.0958651302
270 163.977419571 256.675135946 28.8980407648
275 163.977419571 193.663656507 24.8161832324
280 163.977419571 147.153894519 22.8020308621
285 163.977419571 120.070825964 22.1281538979
290 163.977419571 107.315610049 22.8436189082
295 163.977419571 102.372977436 25.7470330358
300 163.977419571 100.75406261 31.992980203
305 163.977419571 100.271033221 42.1455718724
310 163.977419571 100.114848466 54.8702565937
315 163.977419571 100.05084121 66.4088472707
320 163.977419571 100.02081073 72.0772178369
325 163.977419571 100.007474532 69.2550906323
330 163.977419571 100.002565825 59.338414901
335 163.977419571 100.002695836 46.7146936537
340 163.977419571 100.013293462 35.7478503705
345 163.977419571 100.06946842 28.5111280973
350 163.977419571 100.308063368 24.727621001
355 163.977419571 101.148799497 23.1156660502
360 163.977419571 103.601269501 22.6086132895
365 163.977419571 109.490058113 22.7219505861
370 163.977419571 121.022471934 23.2782870339
375 163.977419571 139.147167456 24.0305476395
380 163.977419571 161.279972015 24.5639283827
385 163.977419571 180.637754476 24.5077509911
390 163.977419571 189.198991675 23.7970785613
395 163.977419571 182.943645067 22.7052389157
400 163.977419571 164.834765081 21.6256193467
0 168.946432286 108.279606665 20.3373143456
5 168.946432286 111.234881084 20.5816766792
10 168.946432286 112.815419642 20.8440471697
15 168.946432286 112.289634092 21.0316497441
20 168.946432286 109.918319108 21.0674037641
25 168.946432286 106.823705569 20.9558287574
30 168.946432286 104.624067931 20.8112774224
35 168.946432286 106.667113189 20.8443842562
40 168.946432286 125.437768041 21.3523733015
45 168.946432286 207.137229241 22.7384937271
50 168.946432286 492.736008084 25.5003767854
55 168.946432286 1327.36166291 30.0715396084
60 168.946432286 3372.35484421 36.4941228076
65 168.946432286 7563.09018318 44.1489733413
70 168.946432286 14704.4321438 51.9001115824
75 168.946432286 24708.7930607 58.6871117423
80 168.946432286 35962.6152927 64.0484087017
85 168.946432286 45577.9416948 68.0511217834
90 168.946432286 50754.0131738 70.7943849801
95 168.946432286 50369.9333243 72.1143374588
100 168.946432286 45473.0878201 71.7285803982
105 168.946432286 38290.5105628 69.4955244868
110 168.946432286 30784.3425242 65.5167567198
115 168.946432286 23971.8406337 60.167374804
120 168.946432286 18203.7245989 54.1505679523
125 168.946432286 13760.8778733 48.4367345032
130 168.946432286 11188.9983808 43.9680044778
135 168.946432286 11161.440632 41.3028769636
140 168.946432286 13895.804132 40.47021015
145 168.946432286 18469.6316605 41.0470451033
150 168.946432286 22740.1507673 42.3161054967
155 168.946432286 24331.3113173 43.4959937875
160 168.946432286 22130.4647642 44.0403339602
165 168.946432286 16994.2188784 43.7714215529
170 168.946432286 11002.7437795 42.6937851473
175 168.946432286 6016.97746788 40.7557779916
180 168.946432286 2799.77569847 37.8935413496
185 168.946432286 1135.58473556 34.2677816843
190 168.946432286 433.935842862 30.3577858772
195 168.946432286 190.523379734 26.7963636442
200 168.946432286 120.636295201 24.1122320106
205 168.946432286 104.005820271 22.5884058716
210 168.946432286 100.945097304 22.3318215434
215 168.946432286 101.567061221 23.5185239767
220 168.946432286 105.981699134 26.6433594055
225 168.946432286 120.245024149 32.4566976947
230 168.946432286 157.688134917 41.2903612055
235 168.946432286 238.189604472 51.9863651596
240 168.946432286 378.270048507 61.4633736755
245 168.946432286 571.0415996 65.9679376962
250 168.946432286 770.276192046 63.5214671226
255 168.946432286 901.770629129 55.4288269857
260 168.946432286 906.210681114 45.2951876733
265 168.946432286 781.474645971 36.49423443
270 168.946432286 584.234536723 30.433466294
275 168.946432286 389.250158369 26.7426526074
280 168.946432286 245.253168808 24.5283598898
285 168.946432286 161.331733817 23.3499821616
290 168.946432286 121.786865643 23.4708502234
295 168.946432286 106.523106099 25.6965643859
300 168.946432286 101.656125746 31.0031247555
305 168.946432286 100.363511604 39.7818149413
310 168.946432286 100.072979947 50.7889390516
315 168.946432286 100.015171666 60.7301323631
320 168.946432286 100.003727901 65.5441680209
325 168.946432286 100.00105823 62.9597926862
330 168.946432286 100.000360696 54.1717011378
335 168.946432286 100.000568331 42.9671904229
340 168.946432286 100.003116746 33.1437287552
345 168.946432286 100.016364631 26.5629575609
350 168.946432286 100.072583127 23.0810685281
355 168.946432286 100.270671642 21.6610801208
360 168.946432286 100.848504706 21.381426182
365 168.946432286 102.235977911 21.7565711242
370 168.946432286 104.953160701 22.5472385649
375 168.946432286 109.22356857 23.4766314634
380 168.946432286 114.438337703 24.1495443832
385 168.946432286 118.999276475 24.2223325535
390 168.946432286 121.016412413 23.6308973521
395 168.946432286 119.542573509 22.6307587471
400 168.946432286 115.275891981 21.604418253
0 173.915445 101.524066727 20.1184294611
5 173.915445 102.068102304 20.2045215846
10 173.915445 102.359163432 20.2971155642
15 173.915445 102.263310139 20.3635240983
20 173.915445 101.835655981 20.3767986014
25 173.915445 101.33923435 20.3403805505
30 173.915445 101.443572818 20.303493387
35 173.915445 104.790414521 20.3725299208
40 173.915445 122.779485803 20.7430621855
45 173.915445 197.421846966 21.7567831962
50 173.915445 454.746002269 23.9177570074
55 173.915445 1196.84834955 27.7442608015
60 173.915445 2985.2190226 33.4142599048
65 173.915445 6573.63227344 40.4248396
70 173.915445 12526.6971847 47.6615366181
75 173.915445 20578.3012539 53.9788581689
80 173.915445 29190.8946575 58.7999275719
85 173.915445 35918.804671 62.139048053
90 173.915445 38630.8174994 64.1156829961
95 173.915445 36758.1956154 64.6048825224
100 173.915445 31520.0015018 63.3831847484
105 173.915445 24969.2986417 60.4758260839
110 173.915445 18774.7626466 56.297090149
115 173.915445 13703.7815508 51.5527855555
120 173.915445 9910.98812779 47.0687226951
125 173.915445 7480.22095559 43.5767386696
130 173.915445 6731.75734966 41.4561728636
135 173.915445 8119.01799845 40.6062170844
140 173.915445 11732.6899198 40.6016160306
145 173.915445 16697.3205991 40.9600610941
150 173.915445 21080.731405 41.2556520695
155 173.915445 22761.1800667 41.128303801
160 173.915445 20779.8985913 40.3669303938
165 173.915445 15989.9100366 38.9703304885
170 173.915445 10369.1457116 37.0272507844
175 173.915445 5680.05661242 34.5782221049
180 173.915445 2649.09849263 31.687162591
185 173.915445 1078.95561823 28.6011747121
190 173.915445 416.055417775 25.729383408
195 173.915445 185.782328671 23.4433908282
200 173.915445 119.592456459 21.9247660463
205 173.915445 103.894913104 21.1942494444
210 173.915445 101.409467269 21.2800134845
215 173.915445 103.939685814 22.416403188
220 173.915445 115.565617592 25.1415787801
225 173.915445 152.734990784 30.1066842107
230 173.915445 250.272481861 37.468173339
235 173.915445 459.971951662 46.126758937
240 173.915445 824.869316124 53.5895312108
245 173.915445 1327.02222609 57.0832838498
250 173.915445 1846.01028732 55.3751885519
255 173.915445 2188.54013613 49.6962983435
260 173.915445 2200.10264314 42.7762491539
265 173.915445 1875.16985588 36.880260816
270 173.915445 1361.36592512 32.6652071875
275 173.915445 853.432501808 29.5972618941
280 173.915445 478.312442938 27.0803539704
285 173.915445 259.684592163 25.1309584424
290 173.915445 156.661977264 24.3177869978
295 173.915445 116.903263903 25.4164927865
300 173.915445 104.24044872 29.0927823855
305 173.915445 100.895342172 35.4647712979
310 173.915445 100.159567781 43.4765556244
315 173.915445 100.024231297 50.6593749115
320 173.915445 100.003230318 54.0484325291
325 173.915445 100.000411634 52.0011796795
330 173.915445 100.000070694 45.3984131626
335 173.915445 100.000107791 37.0148118543
340 173.915445 100.000617202 29.6457701914
345 173.915445 100.003247874 24.6876109732
350 173.915445 100.014406755 22.0822156029
355 173.915445 100.053724781 21.127285203
360 173.915445 100.168417107 21.2099655352
365 173.915445 100.443812427 22.0197851657
370 173.915445 100.983137741 23.3558996059
375 173.915445 101.830757957 24.8601839552
380 173.915445 102.865821557 25.9719515181
385 173.915445 103.771108365 26.1864482274
390 173.915445 104.171483517 25.3930853719
395 173.915445 103.878945734 23.954130537
400 173.915445 103.032065148 22.4378007459
0 178.884457714 100.236384934 20.0351425011
5 178.884457714 100.320773842 20.0607364035
10 178.884457714 100.365993589 20.0882942524
15 178.884457714 100.351975988 20.1081464733
20 178.884457714 100.294011809 20.1126226992
25 178.884457714 100.286344844 20.1046551999
30 178.884457714 100.784232261 20.1072096283
35 178.884457714 104.107476136 20.1810199833
40 178.884457714 120.564348479 20.4654698999
45 178.884457714 187.854657991 21.2401547222
50 178.884457714 417.4758332 22.9491658892
55 178.884457714 1071.07355823 26.0779922423
60 178.884457714 2618.58752062 30.8369600765
65 178.884457714 5651.18405784 36.8350949236
70 178.884457714 10525.252158 43.1002013651
75 178.884457714 16835.0856258 48.5665131045
80 178.884457714 23150.113285 52.6260944605
85 178.884457714 27475.3320383 55.2027521481
90 178.884457714 28327.5633952 56.3598284384
95 178.884457714 25633.9579709 56.0007932598
100 178.884457714 20689.4778573 54.020957424
105 178.884457714 15249.6993131 50.652563148
110 178.884457714 10578.1684764 46.5678383783
115 178.884457714 7135.02282611 42.6654940382
120 178.884457714 4885.60765458 39.7502755795
125 178.884457714 3766.70097133 38.2502555708
130 178.884457714 3942.16039513 38.0413556622
135 178.884457714 5721.51787487 38.5248209398
140 178.884457714 9157.35058235 38.9996757035
145 178.884457714 13546.7693364 39.0344164605
150 178.884457714 17339.1406642 38.5122367196
155 178.884457714 18825.2404699 37.45080878
160 178.884457714 17238.8227379 35.9118772004
165 178.884457714 13297.0138668 34.0192930397
170 178.884457714 8644.71591052 31.9092950064
175 178.884457714 4751.36018993 29.6547450926
180 178.884457714 2228.63652954 27.3192087096
185 178.884457714 918.946605318 25.0686720771
190 178.884457714 364.87506284 23.1510012435
195 178.884457714 172.025897953 21.7551552936
200 178.884457714 116.508182513 20.9289319049
205 178.884457714 103.472776309 20.6467617153
210 178.884457714 102.275744152 20.9649273793
215 178.884457714 108.534812751 22.1500391988
220 178.884457714 134.145457547 24.667862298
225 178.884457714 215.723373707 28.9298392501
230 178.884457714 429.766143424 34.8147826081
235 178.884457714 889.942339692 41.2669027289
240 178.884457714 1690.69328402 46.4657499091
245 178.884457714 2792.64536022 48.7534897345
250 178.884457714 3931.54138162 47.73709099
255 178.884457714 4683.20766839 44.5606654828
260 178.884457714 4708.58078169 40.978462014
265 178.884457714 3995.52976698 38.0439678055
270 178.884457714 2868.00906567 35.6219151172
275 178.884457714 1753.37040389 33.0378877629
280 178.884457714 930.184308381 30.0444980611
285 178.884457714 450.413413306 27.1601852353
290 178.884457714 224.333796434 25.2803850726
295 178.884457714 137.085262944 25.1471891232
300 178.884457714 109.29869381 27.0975760192
305 178.884457714 101.96004773 30.9605352272
310 178.884457714 100.347366413 35.8708514439
315 178.884457714 100.051779848 40.2114399697
320 178.884457714 100.006500934 42.1489803159
325 178.884457714 100.000690813 40.6895632544
330 178.884457714 100.000065202 36.3913124228
335 178.884457714 100.000021564 30.9863171735
340 178.884457714 100.000103329 26.234047013
345 178.884457714 100.000543069 23.0393200542
350 178.884457714 100.002408967 21.4185704911
355 178.884457714 100.008983382 21.0206645264
360 178.884457714 100.02816122 21.5944545208
365 178.884457714 100.074210391 23.0728911168
370 178.884457714 100.164391603 25.318044225
375 178.884457714 100.306123164 27.8142429653
380 178.884457714 100.47919735 29.6701057932
385 178.884457714 100.630571408 30.0643393857
390 178.884457714 100.697518602 28.8067271954
395 178.884457714 100.64860302 26.4785972563
400 178.884457714 100.506995134 24.006565967
0 183.853470429 100.030890092 20.008800025
5 183.853470429 100.041922601 20.0152158885
10 183.853470429 100.047898009 20.0221347279
15 183.853470429 100.046844974 20.027184122
20 183.853470429 100.046971061 20.0287669817
25 183.853470429 100.109811934 20.029311842
30 183.853470429 100.61824352 20.0417502901
35 183.853470429 103.62963074 20.1059896377
40 183.853470429 118.30471121 20.325207912
45 183.853470429 177.918652088 20.9180877096
50 183.853470429 379.764005953 22.2409250439
55 183.853470429 947.988529484 24.6925189652
60 183.853470429 2272.58418951 28.4629767733
65 183.853470429 4812.37977649 33.2662138852
70 183.853470429 8770.51454935 38.3337793792
75 183.853470429 13666.6035785 42.7757639929
80 183.853470429 18208.6110254 46.0143397904
85 183.853470429 20804.7500026 47.8772528251
90 183.853470429 20493.5224292 48.3431627106
95 183.853470429 17550.8145471 47.3502930052
100 183.853470429 13245.4225351 44.9376721831
105 183.853470429 8999.02216819 41.5067087837
110 183.853470429 5681.28753207 37.8424018138
115 183.853470429 3485.70423361 34.8414864347
120 183.853470429 2249.73005408 33.1623600738
125 183.853470429 1833.58357688 32.9680628635
130 183.853470429 2308.19335497 33.8428655884
135 183.853470429 3885.4014741 34.983118272
140 183.853470429 6610.9510404 35.6377352345
145 183.853470429 9985.08106272 35.47810596
150 183.853470429 12880.38029 34.5879340441
155 183.853470429 14040.6270166 33.1947086251
160 183.853470429 12896.8230081 31.4963375608
165 183.853470429 9978.52674697 29.6606525148
170 183.853470429 6511.50161387 27.8255542011
175 183.853470429 3598.45626946 26.0620949296
180 183.853470429 1704.84609319 24.4039841117
185 183.853470429 718.910558787 22.923961657
190 183.853470429 300.660237098 21.7367399982
195 183.853470429 154.702787552 20.9248541894
200 183.853470429 112.616514544 20.5016870301
205 183.853470429 102.985860343 20.4758423426
210 183.853470429 103.653283407 20.9695639143
215 183.853470429 115.702992801 22.2879193687
220 183.853470429 163.11522097 24.828636546
225 183.853470429 313.933832404 28.7819367259
230 183.853470429 709.629630808 33.7568976021
235 183.853470429 1560.34490552 38.6796338976
240 183.853470429 3040.67139262 42.2328766035
245 183.853470429 5077.82021176 43.6428489846
250 183.853470429 7183.26629417 43.1850056097
255 183.853470429 8572.85129655 41.9128466687
260 183.853470429 8619.75785979 40.778549855
265 183.853470429 7301.55980917 39.8872736028
270 183.853470429 5217.14289331 38.5458493523
275 183.853470429 3156.54061105 36.055038782
280 183.853470429 1634.73872403 32.4917333044
285 183.853470429 747.799177699 28.7655550265
290 183.853470429 329.851854518 25.9968639181
295 183.853470429 168.557878578 24.875343802
300 183.853470429 117.189714612 25.4745246441
305 183.853470429 103.623118678 27.4034211793
310 183.853470429 100.641950064 29.9466925576
315 183.853470429 100.095616326 32.1370135142
320 183.853470429 100.011972908 32.997984099
325 183.853470429 100.001260661 32.0215052842
330 183.853470429 100.000111989 29.5127161961
335 183.853470429 100.000010652 26.4063190831
340 183.853470429 100.000015024 23.6733923315
345 183.853470429 100.000076522 21.8479631331
350 183.853470429 100.000339336 21.012465883
355 183.853470429 100.001265431 21.1060150489
360 183.853470429 100.003966889 22.1937483842
365 183.853470429 100.010453538 24.4371351597
370 183.853470429 100.023156782 27.7495172704
375 183.853470429 100.04312159 31.4170066504
380 183.853470429 100.067501431 34.1464851772
385 183.853470429 100.088824516 34.7362706064
390 183.853470429 100.098254934 32.9044743285
395 183.853470429 100.091364512 29.4994927247
400 183.853470429 100.071417125 25.8784940607
0 188.822483143 100.003400986 20.0018581069
5 188.822483143 100.004619592 20.0032142283
10 188.822483143 100.005333866 20.004683705
15 188.822483143 100.005883932 20.0058100776
20 188.822483143 100.012488819 20.0065314327
25 188.822483143 100.074060406 20.0087604596
30 188.822483143 100.509465476 20.0210613714
35 188.822483143 103.04432491 20.0716531687
40 188.822483143 115.348162732 20.2363511872
45 188.822483143 165.14951455 20.6776056687
50 188.822483143 332.89602966 21.660320695
55 188.822483143 801.540219123 23.4815522512
60 188.822483143 1882.00739834 26.2874914533
65 188.822483143 3920.84511604 29.8782476946
70 188.822483143 7023.99202134 33.6949347502
75 188.822483143 10722.3683098 37.0621113428
80 188.822483143 13926.0734382 39.4879669878
85 188.822483143 15412.9162426 40.7503570282
90 188.822483143 14590.3030779 40.7658090785
95 188.822483143 11887.1857343 39.5051341853
100 188.822483143 8422.87266247 37.110810632
105 188.822483143 5284.02849888 34.0501615403
110 188.822483143 3027.26133086 31.0607601255
115 188.822483143 1677.0522938 28.8841503034
120 188.822483143 1024.28544382 27.9764184122
125 188.822483143 914.382047042 28.3333630031
130 188.822483143 1370.7119921 29.4803852293
135 188.822483143 2534.7498385 30.6793393416
140 188.822483143 4447.83277227 31.3064344161
145 188.822483143 6785.33544914 31.1401942167
150 188.822483143 8792.13437256 30.3243922539
155 188.822483143 9615.3324743 29.1168593647
160 188.822483143 8860.78107182 27.7224621554
165 188.822483143 6881.93622466 26.2898547108
170 188.822483143 4513.86596445 24.9304998789
175 188.822483143 2515.0593941 23.7006116649
180 188.822483143 1210.90310725 22.6141174076
185 188.822483143 529.598958696 21.6931062409
190 188.822483143 239.666853206 20.9828804934
195 188.822483143 138.1887811 20.5196276063
200 188.822483143 108.902203569 20.3193606313
205 188.822483143 102.584602584 20.4340669573
210 188.822483143 105.355786907 21.0428190762
215 188.822483143 124.41012179 22.4843709427
220 188.822483143 198.28892697 25.1193974965
225 188.822483143 433.174830385 29.0007159856
230 188.822483143 1049.42226287 33.5648155662
235 188.822483143 2374.30549898 37.7205342921
240 188.822483143 4679.72983052 40.4556733231
245 188.822483143 7852.33566474 41.5179153433
250 188.822483143 11131.305989 41.5246922744
255 188.822483143 13295.4117445 41.3682235504
260 188.822483143 13368.4628796 41.4423894653
265 188.822483143 11315.5334167 41.3285973707
270 188.822483143 8069.3133979 40.166061979
275 188.822483143 4860.18170521 37.4168746847
280 188.822483143 2490.16459103 33.4177608925
285 188.822483143 1108.86658636 29.2485551691
290 188.822483143 457.965623595 26.0489238936
295 188.822483143 206.770324339 24.3982342705
300 188.822483143 126.770807197 24.2002129953
305 188.822483143 105.642532418 24.9623439971
310 188.822483143 100.999743166 26.0918068866
315 188.822483143 100.148903504 27.0234143122
320 188.822483143 100.018643374 27.2885220412
325 188.822483143 100.001962237 26.6580914685
330 188.822483143 100.000173655 25.2759766018
335 188.822483143 100.000013189 23.5934157786
340 188.822483143 100.000002528 22.1067021118
345 188.822483143 100.00000912 21.1290885852
350 188.822483143 100.00004027 20.7897238138
355 188.822483143 100.000150166 21.2169667713
360 188.822483143 100.000470741 22.6887866256
365 188.822483143 100.001240495 25.5260164147
370 188.822483143 100.002747958 29.6738337809
375 188.822483143 100.005117132 34.2593135536
380 188.822483143 100.008010228 37.6722471302
385 188.822483143 100.010540586 38.4119514869
390 188.822483143 100.01165967 36.1254631477
395 188.822483143 100.010842001 31.8720918127
400 188.822483143 100.008474894 27.3475851938
0 193.791495857 100.000315623 20.0003307207
5 193.791495857 100.000431698 20.0005727756
10 193.791495857 100.000540923 20.0008404983
15 193.791495857 100.001099495 20.0010881968
20 193.791495857 100.006736485 20.0015207582
25 193.791495857 100.054112412 20.0035603775
30 193.791495857 100.383694048 20.0131784466
35 193.791495857 102.29717363 20.050278554
40 193.791495857 111.571238998 20.1683895849
45 193.791495857 149.033367889 20.4812434506
50 193.791495857 274.832286006 21.1719509549
55 193.791495857 624.692779462 22.4426859317
60 193.791495857 1425.93724186 24.3901658074
65 193.791495857 2923.02803244 26.8770385865
70 193.791495857 5167.57100937 29.524756857
75 193.791495857 7777.14877659 31.8677246255
80 193.791495857 9928.41084682 33.5402674655
85 193.791495857 10751.9024267 34.3364804242
90 193.791495857 9897.93507686 34.1547098431
95 193.791495857 7778.18079458 32.9828366176
100 193.791495857 5257.65392637 30.9901927707
105 193.791495857 3101.29771904 28.5988961913
110 193.791495857 1644.09381543 26.3925766047
115 193.791495857 839.384942903 24.8973025409
120 193.791495857 498.568387628 24.3840606405
125 193.791495857 492.12124278 24.7805236286
130 193.791495857 823.313329312 25.7029859959
135 193.791495857 1581.61729236 26.6204292583
140 193.791495857 2799.52594791 27.1101089427
145 193.791495857 4281.36233809 27.0369652622
150 193.791495857 5558.21153133 26.5140269308
155 193.791495857 6093.48750953 25.7262288224
160 193.791495857 5633.67273499 24.8169432468
165 193.791495857 4395.3814014 23.8881440238
170 193.791495857 2903.04584465 23.0164846851
175 193.791495857 1637.78123897 22.2413258792
180 193.791495857 809.240214282 21.5700149969
185 193.791495857 374.995929563 21.0102544455
190 193.791495857 189.640199868 20.5845068892
195 193.791495857 124.584872927 20.3160034607
200 193.791495857 105.830854688 20.2298815404
205 193.791495857 102.264001988 20.4023278207
210 193.791495857 106.844125622 21.0341419626
215 193.791495857 132.000691575 22.4657335271
220 193.791495857 228.950099867 25.0271033239
225 193.791495857 537.117896443 28.7155692871
230 193.791495857 1345.62144926 32.9375481945
235 193.791495857 3083.83961644 36.6783728194
240 193.791495857 6108.50647099 39.1345089266
245 193.791495857 10270.8966972 40.2710692125
250 193.791495857 14572.8348335 40.7161259262
255 193.791495857 17412.0947719 41.0844331029
260 193.791495857 17507.9362808 41.4032397874
265 193.791495857 14814.5372333 41.1118018106
270 193.791495857 10555.5667891 39.5375691438
275 193.791495857 6345.25542628 36.4622537541
280 193.791495857 3235.84423901 32.3973506666
285 193.791495857 1423.61113593 28.3583596761
290 193.791495857 569.64315244 25.2894511508
295 193.791495857 240.080353603 23.5927640013
300 193.791495857 135.122718029 23.0858257935
305 193.791495857 107.402879138 23.2919007544
310 193.791495857 101.311640623 23.7419243525
315 193.791495857 100.195357788 24.0948402378
320 193.791495857 100.024459542 24.1280318722
325 193.791495857 100.002574351 23.7382214358
330 193.791495857 100.00022777 22.9822376943
335 193.791495857 100.000016967 22.0677604193
340 193.791495857 100.000001231 21.2504595856
345 193.791495857 100.000000963 20.727936994
350 193.791495857 100.000004028 20.6465492029
355 193.791495857 100.000015012 21.220051597
360 193.791495857 100.000047059 22.8177792358
365 193.791495857 100.000124011 25.8248403875
370 193.791495857 100.000274711 30.2045471327
375 193.791495857 100.000511554 35.0434628028
380 193.791495857 100.000800774 38.6448730789
385 193.791495857 100.001053731 39.4258476779
390 193.791495857 100.001165605 37.0138756671
395 193.791495857 100.001083864 32.5264622544
400 193.791495857 100.000847226 27.7527431325
0 198.760508571 100.000024787 20.0000496401
5 198.760508571 100.000035871 20.0000864315
10 198.760508571 100.000072779 20.0001310512
15 198.760508571 100.000451571 20.0002022929
20 198.760508571 100.004210085 20.000485144
25 198.760508571 100.035427191 20.0019580272
30 198.760508571 100.252135959 20.0086278486
35 198.760508571 101.509498485 20.0337656834
40 198.760508571 107.599227396 20.1126917219
45 198.760508571 132.17138323 20.3193371167
50 198.760508571 214.547551647 20.7704103107
55 198.760508571 443.075038698 21.5910088776
60 198.760508571 964.520621185 22.8354485896
65 198.760508571 1933.46464998 24.4106168647
70 198.760508571 3373.80018684 26.0777619509
75 198.760508571 5024.30414429 27.5482812157
80 198.760508571 6344.0086513 28.5898014933
85 198.760508571 6780.97356941 29.0552949677
90 198.760508571 6140.70452009 28.8583978231
95 198.760508571 4725.12134384 27.9879796478
100 198.760508571 3108.92340407 26.5787094047
105 198.760508571 1773.17980936 24.9413804479
110 198.760508571 905.677504988 23.4748806247
115 198.760508571 451.621801936 22.5082768113
120 198.760508571 276.577636987 22.182883655
125 198.760508571 291.826475995 22.4229074933
130 198.760508571 494.712710209 22.9801045815
135 198.760508571 937.312205425 23.5402052132
140 198.760508571 1641.23480025 23.8637229162
145 198.760508571 2497.40690695 23.8754667556
150 198.760508571 3238.2186012 23.6346599863
155 198.760508571 3554.23233191 23.2372978457
160 198.760508571 3296.48037763 22.7582317157
165 198.760508571 2586.715639 22.2541139618
170 198.760508571 1726.32983943 21.7702691883
175 198.760508571 994.165477681 21.3309226344
180 198.760508571 513.288450046 20.942065389
185 198.760508571 260.588664136 20.6113956586
190 198.760508571 152.459126406 20.3569998492
195 198.760508571 114.428518287 20.1995619933
200 198.760508571 103.515608615 20.1674471138
205 198.760508571 101.936364426 20.3371838551
210 198.760508571 107.472534409 20.8914369004
215 198.760508571 135.356167332 22.1270418406
220 198.760508571 242.520480659 24.3240268502
225 198.760508571 583.123819197 27.4747940697
230 198.760508571 1476.72139499 31.0831406673
235 198.760508571 3397.88466178 34.3351594998
240 198.760508571 6740.89357424 36.6303797393
245 198.760508571 11341.3696894 37.9784746409
250 198.760508571 16096.0809415 38.806508853
255 198.760508571 19234.1691122 39.385566899
260 198.760508571 19340.0978091 39.5127136864
265 198.760508571 16363.2221888 38.7154062029
270 198.760508571 11656.0009197 36.6798293863
275 198.760508571 7002.56003386 33.5357171881
280 198.760508571 3565.88756405 29.8675220371
285 198.760508571 1562.9194009 26.4692527285
290 198.760508571 619.072452968 23.9698156384
295 198.760508571 254.823619474 22.5705966971
300 198.760508571 138.819336062 22.0655019119
305 198.760508571 108.182021999 22.0708488768
310 198.760508571 101.449688972 22.2491719211
315 198.760508571 100.215918911 22.3897324266
320 198.760508571 100.027033868 22.3765889434
325 198.760508571 100.002845295 22.154221455
330 198.760508571 100.000251738 21.739104794
335 198.760508571 100.000018725 21.2293815254
340 198.760508571 100.000001185 20.7658836861
345 198.760508571 100.000000138 20.4806502871
350 198.760508571 100.000000342 20.5069793435
355 198.760508571 100.000001264 21.0614097744
360 198.760508571 100.000003963 22.498664399
365 198.760508571 100.000010444 25.1776739697
370 198.760508571 100.000023135 29.0734642656
375 198.760508571 100.000043081 33.376581017
380 198.760508571 100.000067439 36.57910101
385 198.760508571 100.000088742 37.2736410334
390 198.760508571 100.000098163 35.1289633068
395 198.760508571 100.000091279 31.1387437326
400 198.760508571 100.000071351 26.8938993589
0 203.729521286 100.000001703 20.0000063032
5 203.729521286 100.000003568 20.0000112689
10 203.729521286 100.00002199 20.0000197808
15 203.729521286 100.000235848 20.0000506019
20 203.729521286 100.002353729 20.0002250723
25 203.729521286 100.019919432 20.0011493739
30 203.729521286 100.141819821 20.0052765484
35 203.729521286 100.84892397 20.0206594441
40 203.729521286 104.27233673 20.0684855468
45 203.729521286 118.077803767 20.1924310671
50 203.729521286 164.318622776 20.4599587729
55 203.729521286 292.431246282 20.9406327234
60 203.729521286 584.185534549 21.6598206629
65 203.729521286 1124.73600559 22.5576780688
70 203.729521286 1924.59210521 23.4962127958
75 203.729521286 2833.97347182 24.3169499377
80 203.729521286 3548.75501302 24.8956540542
85 203.729521286 3764.35451835 25.1488155041
90 203.729521286 3381.87261816 25.0174361101
95 203.729521286 2580.33223962 24.4857793171
100 203.729521286 1684.56709068 23.6334275384
105 203.729521286 958.362432248 22.6515182134
110 203.729521286 497.402287085 21.7790238394
115 203.729521286 263.598791581 21.2012383331
120 203.729521286 178.386327834 20.9851868013
125 203.729521286 191.040513464 21.0775217566
130 203.729521286 298.729547807 21.3431537692
135 203.729521286 528.638989534 21.6246792798
140 203.729521286 892.942209643 21.806772452
145 203.729521286 1336.43268638 21.851328338
150 203.729521286 1721.46602796 21.7793233856
155 203.729521286 1887.73013824 21.6270849239
160 203.729521286 1757.00415 21.4240277489
165 203.729521286 1391.11819787 21.1958305296
170 203.729521286 945.721364419 20.9650805585
175 203.729521286 565.700620689 20.7442352748
180 203.729521286 315.577891641 20.5379870452
185 203.729521286 183.89193264 20.3546895955
190 203.729521286 127.44654141 20.2099056221
195 203.729521286 107.569389212 20.1210402193
200 203.729521286 101.921954496 20.1123160513
205 203.729521286 101.541152806 20.2441858148
210 203.729521286 106.914996778 20.6545533295
215 203.729521286 132.914061479 21.5640619332
220 203.729521286 232.699222907 23.1817869208
225 203.729521286 549.833387804 25.5129435097
230 203.729521286 1381.85635129 28.2224444639
235 203.729521286 3170.63900644 30.7651586758
240 203.729521286 6283.29291056 32.7512451734
245 203.729521286 10566.7663664 34.1744210628
250 203.729521286 14993.8471573 35.2139059995
255 203.729521286 17915.7006883 35.8467620229
260 203.729521286 18014.3302106 35.7595186718
265 203.729521286 15242.5806391 34.6436947547
270 203.729521286 10859.7174631 32.5048574602
275 203.729521286 6526.92885304 29.7044574107
280 203.729521286 3327.06541885 26.7941091981
285 203.729521286 1462.11476049 24.3014668368
290 203.729521286 583.304992409 22.5515646287
295 203.729521286 244.155267352 21.5850189335
300 203.729521286 136.144431884 21.2152389509
305 203.729521286 107.618227583 21.1771870005
310 203.729521286 101.349795992 21.2563382412
315 203.729521286 100.201040696 21.3273270966
320 203.729521286 100.025171058 21.3243170288
325 203.729521286 100.002649236 21.2122038052
330 203.729521286 100.000234391 20.9920592096
335 203.729521286 100.000017433 20.7125122325
340 203.729521286 100.000001091 20.4537239768
345 203.729521286 100.000000063 20.3011397514
350 203.729521286 100.000000027 20.355223032
355 203.729521286 100.00000009 20.7864681589
360 203.729521286 100.000000281 21.869279202
365 203.729521286 100.000000741 23.8782106148
370 203.729521286 100.000001641 26.7972788234
375 203.729521286 100.000003056 30.0211016226
380 203.729521286 100.000004785 32.4203180381
385 203.729521286 100.000006296 32.9406513505
390 203.729521286 100.000006964 31.3339630415
395 203.729521286 100.000006476 28.3446702276
400 203.729521286 100.000005062 25.1646183088
0 208.698534 100.000000128 20.0000006887
5 208.698534 100.000000774 20.0000013947
10 208.698534 100.000009437 20.000003903
15 208.698534 100.00011156 20.0000193088
20 208.698534 100.001122692 20.0001147021
25 208.698534 100.009507505 20.0006202465
30 208.698534 100.06769035 20.0028629298
35 208.698534 100.405148909 20.0111675364
40 208.698534 102.038616379 20.0368056463
45 208.698534 108.62381686 20.1027079879
50 208.698534 130.670494371 20.243568852
55 208.698534 191.710314995 20.4936816854
60 208.698534 330.577648518 20.8626430033
65 208.698534 587.474726852 21.3158961323
70 208.698534 966.700573349 21.7821382115
75 208.698534 1396.07651551 22.1854910982
80 208.698534 1730.50387963 22.4707491107
85 208.698534 1826.07529818 22.5994664157
90 208.698534 1638.18541456 22.5372518115
95 208.698534 1254.53617345 22.2672902078
100 208.698534 830.512650093 21.8252011133
105 208.698534 490.269308819 21.3105965887
110 208.698534 276.959526092 20.8497680337
115 208.698534 170.592316836 20.5375268949
120 208.698534 132.976159484 20.4039350142
125 208.698534 139.75551324 20.4193484773
130 208.698534 189.287321028 20.5201365588
135 208.698534 294.034817186 20.6380819401
140 208.698534 459.815122756 20.7252285821
145 208.698534 661.827222879 20.7641814275
150 208.698534 837.618051667 20.7588324449
155 208.698534 914.119148871 20.7183195816
160 208.698534 855.370010988 20.6508774881
165 208.698534 689.174980435 20.5658579382
170 208.698534 486.314427203 20.4723932677
175 208.698534 312.936117954 20.375471268
180 208.698534 198.666417576 20.277926437
185 208.698534 138.432839045 20.1863195601
190 208.698534 112.586503884 20.1117085396
195 208.698534 103.481351466 20.066107482
200 208.698534 100.940495357 20.0659561959
205 208.698534 101.098785172 20.1503861577
210 208.698534 105.406026736 20.4065801719
215 208.698534 125.81467391 20.9734528058
220 208.698534 204.086356501 21.9852667259
225 208.698534 452.840367006 23.4573051012
230 208.698534 1105.46271574 25.2078289318
235 208.698534 2508.54838225 26.9388519772
240 208.698534 4950.05241789 28.4416167405
245 208.698534 8309.92410631 29.6931009046
250 208.698534 11782.4385424 30.6972058162
255 208.698534 14074.2825465 31.2733009307
260 208.698534 14151.6455891 31.1062903886
265 208.698534 11977.540156 30.0310356085
270 208.698534 8539.70914088 28.2184111026
275 208.698534 5141.15562277 26.0844562174
280 208.698534 2631.24616022 24.0672956833
285 208.698534 1168.4158236 22.4690394415
290 208.698534 479.094857857 21.4073181963
295 208.698534 213.072534827 20.83735968
300 208.698534 128.350976056 20.6165474729
305 208.698534 105.975586737 20.5851916784
310 208.698534 101.058753226 20.6241298804
315 208.698534 100.157692338 20.6656572207
320 208.698534 100.019743679 20.6731338363
325 208.698534 100.002078008 20.6248256592
330 208.698534 100.000183852 20.5179397881
335 208.698534 100.000013674 20.3763547861
340 208.698534 100.000000855 20.2433126794
345 208.698534 100.000000045 20.1684018568
350 208.698534 100.000000003 20.2149130369
355 208.698534 100.000000005 20.4929859513
360 208.698534 100.000000017 21.1787029301
365 208.698534 100.000000044 22.4473458966
370 208.698534 100.000000098 24.2898380564
375 208.698534 100.000000183 26.3245056397
380 208.698534 100.000000286 27.8387094216
385 208.698534 100.000000376 28.1671049842
390 208.698534 100.000000416 27.1530929832
395 208.698534 100.000000387 25.2664906924
400 208.698534 100.000000303 23.259495854
