x_um,y_um,voltage_v,jx_a_m2,jy_a_m2,jmag_a_m2,joule_w_m3,temperature_k
0.0,0.0,0.0,-0.0,-832267.9378150915,832267.9378150915,886616241.4500524,293.15
5.0,0.0,0.0,-0.0,-1227183.1643561511,1227183.1643561511,1262656771.2096148,293.15
10.0,0.0,0.0,-0.0,-1583152.1697154604,1583152.1697154604,1538734256.3929615,293.15
14.999999999999998,0.0,0.0,-0.0,-1788459.132631197,1788459.132631197,1613427228.630232,293.15
20.0,0.0,0.0,-0.0,-1792713.8199347332,1792713.8199347332,1475891038.784017,293.15
24.999999999999996,0.0,0.0,-0.0,-1641263.8870005307,1641263.8870005307,1212055897.995515,293.15
29.999999999999996,0.0,0.0,-0.0,-1433704.5622479713,1433704.5622479713,936129535.9573058,293.15
35.0,0.0,0.0,-0.0,-1249485.8054150168,1249485.8054150168,717743554.0356425,293.15
40.0,0.0,0.0,-0.0,-1115878.1739831953,1115878.1739831953,569446789.061965,293.15
44.99999999999999,0.0,0.0,-0.0,-1028161.6926674636,1028161.6926674636,476816329.755767,293.15
49.99999999999999,0.0,0.0,-0.0,-974199.121348427,974199.121348427,422066159.5560173,293.15
54.99999999999999,0.0,0.0,-0.0,-939193.8307824645,939193.8307824645,389463026.83518463,293.15
59.99999999999999,0.0,0.0,-0.0,-905381.4354131103,905381.4354131103,365430000.92396396,293.15
65.0,0.0,0.0,-0.0,-860237.3617699179,860237.3617699179,341151535.4215746,293.15
70.0,0.0,0.0,-0.0,-804748.5876662914,804748.5876662914,314918659.80763406,293.15
75.0,0.0,0.0,-0.0,-750237.0593852565,750237.0593852565,290194049.5741838,293.15
80.0,0.0,0.0,-0.0,-710045.6173942498,710045.6173942498,272049051.7120067,293.15
84.99999999999999,0.0,0.0,-0.0,-696350.490455921,696350.490455921,265899722.6461224,293.15
89.99999999999999,0.0,0.0,-0.0,-718393.0866504482,718393.0866504482,277004277.9705207,293.15
94.99999999999999,0.0,0.0,-0.0,-777616.2470648083,777616.2470648083,308723148.30574936,293.15
99.99999999999999,0.0,0.0,-0.0,-866889.3994109216,866889.3994109216,361516937.406829,293.15
104.99999999999999,0.0,0.0,-0.0,-977510.8276117535,977510.8276117535,433892639.78514516,293.15
109.99999999999999,0.0,0.0,-0.0,-1101176.0347430676,1101176.0347430676,521513531.4013095,293.15
114.99999999999999,0.0,0.0,-0.0,-1215472.1897817855,1215472.1897817855,610062880.9014915,293.15
119.99999999999999,0.0,0.0,-0.0,-1271636.0609891056,1271636.0609891056,669290132.4271628,293.15
125.0,0.0,0.0,-0.0,-1216132.0307198372,1216132.0307198372,664669158.0658853,293.15
130.0,0.0,0.0,-0.0,-1035484.2161109038,1035484.2161109038,583470520.8235911,293.15
135.0,0.0,0.0,-0.0,-775333.109533002,775333.109533002,448195980.6755682,293.15
140.0,0.0,0.0,-0.0,-511659.29362665204,511659.29362665204,302236396.9965157,293.15
145.0,0.0,0.0,-0.0,-304255.9545031862,304255.9545031862,182811603.4089493,293.15
150.0,0.0,0.0,-0.0,-172806.2484591164,172806.2484591164,104942469.54715617,293.15
155.0,0.0,0.0,-0.0,-104720.94884842659,104720.94884842659,63938538.8986097,293.15
160.0,0.0,0.0,-0.0,-76397.20837274757,76397.20837274757,47272000.20799199,293.15
165.0,0.0,0.0,-0.0,-68622.43213866846,68622.43213866846,44278038.7705403,293.15
169.99999999999997,0.0,0.0,-0.0,-70386.11655540117,70386.11655540117,48909951.97847895,293.15
175.0,0.0,0.0,-0.0,-76705.5340729472,76705.5340729472,58617026.63945631,293.15
179.99999999999997,0.0,0.0,-0.0,-86617.26648013011,86617.26648013011,73771702.80140205,293.15
185.0,0.0,0.0,-0.0,-102870.32918926729,102870.32918926729,98598216.42504749,293.15
189.99999999999997,0.0,0.0,-0.0,-133737.84481390938,133737.84481390938,143847457.87906834,293.15
195.0,0.0,0.0,-0.0,-196572.10795531157,196572.10795531157,230867033.6407032,293.15
199.99999999999997,0.0,0.0,-0.0,-317807.4236926769,317807.4236926769,390217804.3565806,293.15
205.0,0.0,0.0,-0.0,-519787.02523210295,519787.02523210295,641780432.99863,293.15
209.99999999999997,0.0,0.0,-0.0,-794939.0799603637,794939.0799603637,961459694.1642195,293.15
215.0,0.0,0.0,-0.0,-1086052.4431432632,1086052.4431432632,1265426502.7522097,293.15
219.99999999999997,0.0,0.0,-0.0,-1298735.463877688,1298735.463877688,1440457519.503686,293.15
225.0,0.0,0.0,-0.0,-1352824.7575689137,1352824.7575689137,1412811215.2275925,293.15
229.99999999999997,0.0,0.0,-0.0,-1238442.9231741154,1238442.9231741154,1202642188.7474964,293.15
235.0,0.0,0.0,-0.0,-1023546.9144487563,1023546.9144487563,909763556.2002404,293.15
239.99999999999997,0.0,0.0,-0.0,-799976.1839080763,799976.1839080763,639305283.0527427,293.15
245.0,0.0,0.0,-0.0,-619623.667422943,619623.667422943,438891161.21997255,293.15
250.0,0.0,0.0,-0.0,-480961.7281941673,480961.7281941673,300548478.873891,293.15
254.99999999999997,0.0,0.0,-0.0,-362981.46430406155,362981.46430406155,201006062.47077912,293.15
260.0,0.0,0.0,-0.0,-257142.440316698,257142.440316698,127169763.63257475,293.15
265.0,0.0,0.0,-0.0,-171451.17745442622,171451.17745442622,76357547.6533202,293.15
270.0,0.0,0.0,-0.0,-117919.93420115467,117919.93420115467,48075208.9230348,293.15
274.99999999999994,0.0,0.0,-0.0,-102603.41104652257,102603.41104652257,39585879.76304903,293.15
280.0,0.0,0.0,-0.0,-126004.64498314573,126004.64498314573,47487496.58719498,293.15
285.0,0.0,0.0,-0.0,-186606.3451980917,186606.3451980917,69705208.25854066,293.15
290.0,0.0,0.0,-0.0,-279453.09688105533,279453.09688105533,103952979.17674613,293.15
294.99999999999994,0.0,0.0,-0.0,-395016.67923333566,395016.67923333566,146472806.06517205,293.15
300.0,0.0,0.0,-0.0,-522210.8819308071,522210.8819308071,192665544.12434348,293.15
305.0,0.0,0.0,-0.0,-652941.265364615,652941.265364615,238550870.87978935,293.15
310.0,0.0,0.0,-0.0,-782689.6175414739,782689.6175414739,281194696.9643846,293.15
314.99999999999994,0.0,0.0,-0.0,-905498.187550074,905498.187550074,317555475.23751014,293.15
320.0,0.0,0.0,-0.0,-1008337.2102846226,1008337.2102846226,343315349.0848685,293.15
325.0,0.0,0.0,-0.0,-1071871.9614434582,1071871.9614434582,353540288.83547723,293.15
330.0,0.0,0.0,-0.0,-1079246.0914531902,1079246.0914531902,345025877.234082,293.15
335.0,0.0,0.0,-0.0,-1026324.3159716057,1026324.3159716057,318356141.1784989,293.15
339.99999999999994,0.0,0.0,-0.0,-924683.4635047521,924683.4635047521,278015929.1155555,293.15
345.0,0.0,0.0,-0.0,-795504.2221335017,795504.2221335017,230646615.63082597,293.15
350.0,0.0,0.0,-0.0,-660731.3757058175,660731.3757058175,182902480.01407027,293.15
355.0,0.0,0.0,-0.0,-538007.838711421,538007.838711421,140141442.77815896,293.15
359.99999999999994,0.0,0.0,-0.0,-439001.55200725474,439001.55200725474,105772397.42202155,293.15
365.0,0.0,0.0,-0.0,-367220.08501680207,367220.08501680207,80620946.27353235,293.15
370.0,0.0,0.0,-0.0,-316226.58239325765,316226.58239325765,62912667.23426162,293.15
375.0,0.0,0.0,-0.0,-273108.0277437029,273108.0277437029,49647758.20304424,293.15
379.99999999999994,0.0,0.0,-0.0,-226686.42830733734,226686.42830733734,38375331.68952529,293.15
385.0,0.0,0.0,-0.0,-174141.93687651397,174141.93687651397,28074588.489897173,293.15
390.0,0.0,0.0,-0.0,-121219.75812924963,121219.75812924963,18986342.56225695,293.15
395.0,0.0,0.0,-0.0,-76584.49895458452,76584.49895458452,11820546.298060056,293.15
399.99999999999994,0.0,0.0,-0.0,-45554.25153853202,45554.25153853202,6978409.119341491,293.15
0.0,4.969012714285714,0.005270688002174928,42206.94036947735,-1078209.105920101,1079034.8937380924,997764363.3468511,293.17953634340165
5.0,4.969012714285714,0.005090620405602911,81416.97949015004,-1574162.4338042594,1576266.5042910252,1415684006.664852,293.17988939095164
10.0,4.969012714285714,0.004808789343685958,147427.29607778788,-1998633.985706406,2004064.025037494,1716111326.1888459,293.18006986517025
14.999999999999998,4.969012714285714,0.004463393244725163,204722.9327589806,-2216940.4754116605,2226372.9585844143,1788656244.3079185,293.1799301206759
20.0,4.969012714285714,0.004073222367329343,240456.98556634053,-2179583.9796383125,2192807.763166583,1626042317.201328,293.17951989614687
24.999999999999996,4.969012714285714,0.0036537516630778437,248132.77885099652,-1955781.2997928525,1971458.9441730042,1325702547.8636575,293.17896868122085
29.999999999999996,4.969012714285714,0.0032305098627658695,230007.74569871364,-1675895.5903249132,1691605.625656256,1014200581.407529,293.17841565147194
35.0,4.969012714285714,0.0028420568743856823,194514.79331356904,-1439536.5108047659,1452618.7974681384,768842271.3892523,293.1779716564789
40.0,4.969012714285714,0.0025248242682144005,150857.81852479317,-1278376.1257346142,1287246.518837127,604053132.3788848,293.1777039932373
44.99999999999999,4.969012714285714,0.0022944811395898663,107216.11297162215,-1182823.906660471,1187673.2248595497,503826003.09902316,293.1776339088075
49.99999999999999,4.969012714285714,0.0021435202451204516,70265.68393470069,-1133291.8924449862,1135468.0884200796,447471104.0323825,293.1777375706156
54.99999999999999,4.969012714285714,0.002051661902890639,43421.49340983603,-1106997.8055952848,1107849.0726099454,416077916.02788705,293.17795265661454
59.99999999999999,4.969012714285714,0.0019969509810028726,26620.32106756485,-1078832.0241908287,1079160.4041630793,393458181.53022164,293.1781950265651
65.0,4.969012714285714,0.0019621121177918486,17623.73583875718,-1032108.1705625275,1032258.6264143505,369366258.13504714,293.17838041807346
70.0,4.969012714285714,0.0019361230793373567,13320.763992873235,-968162.0633340963,968253.6979700561,341858649.66376674,293.17844335060033
75.0,4.969012714285714,0.001913748134703005,10494.282174181324,-901323.6486110429,901384.7399994489,314790485.9507966,293.1783518012427
80.0,4.969012714285714,0.001895639526865271,6030.988135876525,-848153.6262001569,848175.0682815256,293730256.6528896,293.17811675925645
84.99999999999999,4.969012714285714,0.001889229807493579,-2898.4435575651496,-824068.6335155658,824073.7307542743,284731153.7483617,293.1777908051039
89.99999999999999,4.969012714285714,0.0019077397221002714,-18187.070924182117,-842317.737603936,842514.0596043572,294099793.0430048,293.17745235690046
94.99999999999999,4.969012714285714,0.0019642585811468537,-39566.1914636439,-908601.8505163515,909462.9218767943,326576463.1138431,293.1771800192996
99.99999999999999,4.969012714285714,0.002063287501772724,-63258.725484613686,-1019219.2255835496,1021180.4425022388,383868916.9708396,293.17702543521784
104.99999999999999,4.969012714285714,0.002196117117669552,-82747.92769239434,-1167063.2008541177,1169993.0488362932,465006484.0580537,293.1769942203287
109.99999999999999,4.969012714285714,0.0023431690415648128,-92247.57076064277,-1340854.6715203137,1344024.1309028228,564743645.0596974,293.17704363397877
114.99999999999999,4.969012714285714,0.0024832724207434665,-89635.08578746341,-1506587.9247589784,1509252.007993924,665784722.159661,293.17710067776693
119.99999999999999,4.969012714285714,0.0026040323641340706,-77211.31016176408,-1596183.3658996783,1598049.7251311431,733482264.6790738,293.1770910940613
125.0,4.969012714285714,0.0027040803394341576,-59984.7031562709,-1538654.9294969435,1539823.7420815378,729754002.2555954,293.1769571215391
130.0,4.969012714285714,0.0027878552834480416,-42388.955093555895,-1316505.1022504473,1317187.347253755,641168769.18442,293.176655467264
135.0,4.969012714285714,0.0028600552169416506,-26822.06802846603,-987987.5536000527,988351.5717607478,492639383.4443438,293.17615212730425
140.0,4.969012714285714,0.0029225415007357435,-14446.467255542324,-650427.9229005327,650588.3362809903,331633467.0506479,293.17542898008696
145.0,4.969012714285714,0.002972757352483434,-6032.811692112399,-381674.51002126944,381722.1848634011,199054803.4286062,293.1744975264131
150.0,4.969012714285714,0.0030045997623472007,-1887.2490403523016,-209134.75733363727,209143.27250461502,111862333.03827934,293.17340975645754
155.0,4.969012714285714,0.003020813612660356,-1223.6162916688522,-118531.97454693969,118538.29012950032,65518256.24718991,293.17226347692343
160.0,4.969012714285714,0.0030614084748585247,-2382.2298551859053,-80238.63008669842,80273.98568199392,46614350.784892924,293.1711934734366
165.0,4.969012714285714,0.0031923982228477085,-4186.260721055773,-69034.03406580182,69160.84613582269,43214791.857055254,293.17033335768355
169.99999999999997,4.969012714285714,0.0034379932734366573,-6054.764694717523,-69906.01755678108,70167.73807211818,48059526.88581542,293.16976680510845
175.0,4.969012714285714,0.0037808711529089575,-7871.112604100865,-75989.60382797752,76396.1668119508,57778940.72044507,293.16951755372617
179.99999999999997,4.969012714285714,0.004213860213585651,-9990.69003578278,-86003.25295424263,86581.59969706343,72439041.96101853,293.1695794122423
185.0,4.969012714285714,0.004742132887031712,-12639.494832167142,-104043.85566160193,104808.78174344283,96689827.69158787,293.1699344798738
189.99999999999997,4.969012714285714,0.005321605318693379,-15397.802581686037,-142700.8599851831,143529.1878499123,143593055.7900406,293.17053595561106
195.0,4.969012714285714,0.005810785157124259,-16407.783677909378,-227433.9351063856,228025.02100251341,239742387.23674124,293.17128677667995
199.99999999999997,4.969012714285714,0.006074881822085345,-11012.735811282777,-393377.0715674592,393531.19417021953,420895907.6127633,293.17204931518677
205.0,4.969012714285714,0.006108798891586339,5715.588908398427,-665329.6164863374,665354.1662381222,706916488.0434228,293.1726777542342
209.99999999999997,4.969012714285714,0.005984006070167244,34127.59449575545,-1025497.1969591501,1026064.9071462979,1065938310.7508191,293.17304587421324
215.0,4.969012714285714,0.005764755862213258,69242.24231566062,-1393075.5299248782,1394795.296879216,1401036873.980797,293.1730667990993
219.99999999999997,4.969012714285714,0.0054875001593113,102897.02096376845,-1646291.2813200254,1649503.79807794,1587494878.3275423,293.1727108999016
225.0,4.969012714285714,0.005166987153906405,127197.22059520581,-1689783.1119566557,1694563.6896797551,1548405927.0993772,293.17201319837807
229.99999999999997,4.969012714285714,0.004804577792783109,137494.44877263476,-1520781.0459685395,1526983.8614800274,1310402889.94472,293.1710615907723
235.0,4.969012714285714,0.004397598469261098,133198.57361452363,-1231799.709136331,1238980.3805715784,984618732.9237295,293.1699726845417
239.99999999999997,4.969012714285714,0.003953903140417202,117508.01604355402,-940555.2304100362,947867.2245025504,685822523.2368543,293.168863776888
245.0,4.969012714285714,0.0035044803353780868,95938.40102538814,-711984.6363703553,718419.3059897091,465846886.8798075,293.16782705172295
250.0,4.969012714285714,0.003091710389739303,73001.84776292168,-542962.9667687018,547848.5676344067,315747677.5096189,293.166916972504
254.99999999999997,4.969012714285714,0.002739804019514124,51553.43378021688,-404902.04097099503,408170.8212464587,209303571.60160074,293.166153339073
260.0,4.969012714285714,0.0024468361799720984,33598.00964308449,-284065.17255571135,286045.186135133,131180685.94056417,293.1655323349364
265.0,4.969012714285714,0.0022034656793059816,19778.17203827535,-187683.22175147128,188722.46240494945,77719878.12732574,293.1650423910918
270.0,4.969012714285714,0.002017106099462581,10328.045620412791,-129518.62959765388,129929.76540882228,48363829.12964855,293.1646802061082
274.99999999999994,4.969012714285714,0.0019088565506125451,5256.68826890068,-117704.67310602625,117821.9964291596,40446474.791144416,293.1644548647244
280.0,4.969012714285714,0.0018646078610822757,2888.191493615234,-154279.29412148028,154306.3260035894,50276155.141198255,293.16437190061765
285.0,4.969012714285714,0.0018481346630975183,1831.2704492106507,-238806.8091538214,238813.8305242974,75577608.20564955,293.16440969805416
290.0,4.969012714285714,0.001840444832681976,1600.887007793913,-366284.7099462659,366288.2083546123,114100965.8625392,293.1645162824235
294.99999999999994,4.969012714285714,0.001834578749020554,2575.0843345941043,-525083.9033975673,525090.2176450787,162016712.9020817,293.16463163788774
300.0,4.969012714285714,0.0018253784809836898,6198.930816736248,-700117.1892972827,700144.6318388779,214288843.85252938,293.1647091853945
305.0,4.969012714285714,0.0018075972852382653,13938.20488644127,-878160.6542154824,878271.2611531932,266050852.43927217,293.16472050754805
310.0,4.969012714285714,0.0017775111913210541,25604.634532987588,-1049194.3242969257,1049506.706718185,313179879.3505843,293.16465208931913
314.99999999999994,4.969012714285714,0.0017351091913461244,38440.76978905309,-1202700.9232321552,1203315.0890458631,351701527.00222063,293.16450583846813
320.0,4.969012714285714,0.0016845434483933456,48215.51770863358,-1323831.86001463,1324709.6020402762,377304258.6829963,293.16430155924746
325.0,4.969012714285714,0.0016318896665040185,52099.19187516961,-1394487.9163904598,1395460.8108983396,386035851.65996134,293.16407131157064
330.0,4.969012714285714,0.001581706774787,50965.8857488481,-1399885.164657896,1400812.619781614,375817786.8092266,293.1638442370677
335.0,4.969012714285714,0.0015346996852518256,48636.50824210738,-1336162.7789044667,1337047.6736690025,347585248.3499603,293.16363249960665
339.99999999999994,4.969012714285714,0.001487549339201901,48600.107643518066,-1213240.018230527,1214213.0423854666,305288822.076723,293.1634284908708
345.0,4.969012714285714,0.0014344961532430048,51497.87187019381,-1051320.8966373522,1052581.426072836,254884130.62949198,293.16321334667373
350.0,4.969012714285714,0.0013695864618630317,55395.475962894045,-874657.5338382752,876409.9841154305,202944159.39505073,293.1629684739875
355.0,4.969012714285714,0.001288762146599133,57634.74820672781,-706433.9299265413,708781.1097597836,155402626.62007192,293.1626822591423
359.99999999999994,4.969012714285714,0.0011920681459919105,56276.9032704295,-564761.7715726995,567558.7621309739,116436852.79282828,293.16235230073784
365.0,4.969012714285714,0.0010862161484939976,50651.93266035844,-458043.88158698817,460835.9965774205,87481808.09561065,293.161987724526
370.0,4.969012714285714,0.0009843159305547567,41216.77139859679,-381678.0931434795,383897.10734800645,67082823.36090575,293.16160900899496
375.0,4.969012714285714,0.0008994146716576448,29392.562137062494,-321327.1194678553,322668.6232258886,52205432.83591615,293.1612390181198
379.99999999999994,4.969012714285714,0.0008375705778610207,17668.709530519835,-262684.88529064244,263278.43105091585,40101190.012549,293.16088981962247
385.0,4.969012714285714,0.0007976361327878356,8606.232199657716,-200281.68051545878,200466.50289455024,29376427.092375435,293.16055811451776
390.0,4.969012714285714,0.0007749303848770445,3292.4465312725647,-138788.55827530113,138827.60572846435,19983658.20717881,293.16023597458485
395.0,4.969012714285714,0.0007636449138323247,1035.344855723982,-87033.11440991022,87039.27241687397,12502083.542444456,293.15993468738554
399.99999999999994,4.969012714285714,0.0007579181407898631,404.38693732639604,-50737.14333765721,50738.754841452836,7323147.422107799,293.15971422631435
0.0,9.938025428571429,0.009142917305769894,84335.14044501385,-1138696.2675213101,1141815.0487626458,831109329.5111213,293.20520795457054
5.0,9.938025428571429,0.008875265676294451,160152.78778619537,-1642435.5455072138,1650225.2684349702,1182552845.9925935,293.2054254088027
10.0,9.938025428571429,0.008450459560239404,286853.9059203644,-2059334.7499624868,2079217.3469228337,1451842714.3755736,293.205366958876
14.999999999999998,9.938025428571429,0.007916074355837119,395995.7973441051,-2254387.3516849186,2288902.576116147,1537449443.836719,293.2048838080615
20.0,9.938025428571429,0.0072933846214656185,463268.9435048813,-2184358.081545916,2232943.873551479,1421405985.8709593,293.20403599670163
24.999999999999996,9.938025428571429,0.006601090576318575,476772.4093072775,-1926881.8177733792,1984990.0427816529,1175138723.109989,293.2029836130621
29.999999999999996,9.938025428571429,0.005877563882011642,442075.4742586637,-1619357.7218831356,1678615.5475163339,903201404.4077411,293.2019219834202
35.0,9.938025428571429,0.005190167860183814,376597.9509835246,-1366151.4565606443,1417108.2594310709,678086118.9390299,293.20103659910154
40.0,9.938025428571429,0.00461142475205738,297364.9505900774,-1200573.7881000799,1236852.1878189063,521658171.98985404,293.2004652314157
44.99999999999999,9.938025428571429,0.004180531754772935,217396.75212853402,-1111295.6540906755,1132360.09230141,426116927.525363,293.20026991237467
49.99999999999999,9.938025428571429,0.003892079451517887,147329.7936096485,-1074676.6566092048,1084728.5302534457,374593863.0842599,293.20042386507725
54.99999999999999,9.938025428571429,0.0037135135660582835,93651.51438221181,-1063294.6934926554,1067410.9852140935,348744653.45319134,293.2008180795772
59.99999999999999,9.938025428571429,0.003606659906651875,57773.57540494178,-1048500.432029052,1050090.9208159926,332187866.8260937,293.20128847102296
65.0,9.938025428571429,0.003540219422279848,37100.23609014456,-1011702.3587183644,1012382.3833681849,314403065.2808449,293.2016565737576
70.0,9.938025428571429,0.003493341888929863,26453.693416368682,-953431.5537374188,953798.4721929029,292721389.50183547,293.20177691823744
75.0,9.938025428571429,0.003455466981998412,19544.762959630247,-887645.1785199305,887860.3272524499,269919949.2175107,293.2015844340565
80.0,9.938025428571429,0.0034267071389485486,10106.519074498765,-830745.2374752815,830806.7111643146,250570945.79579264,293.20111970366946
84.99999999999999,9.938025428571429,0.0034189363653990452,-7112.648913087714,-798712.0121702525,798743.6811390838,240054444.84839162,293.20050958345723
89.99999999999999,9.938025428571429,0.003453354299307305,-35094.965170710086,-807042.4575675009,807805.1651833657,244521887.9827205,293.19991392097324
94.99999999999999,9.938025428571429,0.0035498768630508326,-73009.60107986834,-865648.8844485629,868722.2761026005,269064964.0631722,293.1994678958771
99.99999999999999,9.938025428571429,0.0037125333485788217,-114577.382092686,-975450.2486704683,982156.3847567717,315441938.66477257,293.1992381264404
104.99999999999999,9.938025428571429,0.003922939471434545,-149288.13420207973,-1131150.5814068704,1140959.5018363444,381410556.3383429,293.19920263646156
109.99999999999999,9.938025428571429,0.004148047451279005,-167465.00659169085,-1318100.7358211335,1328696.3830028924,460017697.1352813,293.19926526045975
114.99999999999999,9.938025428571429,0.004357421469998892,-164936.22956523637,-1495789.155600545,1504855.1949723891,535594777.46285635,293.1993036359645
119.99999999999999,9.938025428571429,0.004536454993735709,-145007.1793229943,-1592167.8276548907,1598757.4780042483,581653647.9103208,293.1992198806657
125.0,9.938025428571429,0.004685980543949067,-116013.7980914478,-1537401.8601078808,1541772.9018278844,571558630.4988453,293.1989543886115
130.0,9.938025428571429,0.00481420514115031,-85871.17094300652,-1317072.42542169,1319868.7934053508,498002647.97332597,293.19846651439974
135.0,9.938025428571429,0.004930403616002735,-59266.726500569035,-990673.0854620415,992444.3093337654,381504397.0304517,293.19772097302643
140.0,9.938025428571429,0.005042777062562967,-38346.10767756118,-654719.8455301026,655841.825522725,257931480.45641485,293.19669878399804
145.0,9.938025428571429,0.005159359654049383,-23860.636017014225,-386079.6849492502,386816.3040535504,157169742.64326727,293.1954173742539
150.0,9.938025428571429,0.005292331960695264,-15454.013554127676,-212127.34680060894,212689.5338177151,91020204.11613464,293.1939421998635
155.0,9.938025428571429,0.0054689672005357026,-11692.984095652128,-119389.51256306686,119960.75019400251,55768334.23780978,293.1923907910189
160.0,9.938025428571429,0.005743521859459778,-10831.729923417246,-79379.01100152236,80114.62888083338,41816530.085353464,293.1909260784902
165.0,9.938025428571429,0.006171629815218241,-11673.016621599683,-67520.95317545916,68522.53961121618,40747622.16618375,293.1897182619791
169.99999999999997,9.938025428571429,0.006752178044191685,-13250.314326792108,-68326.61983980674,69599.55322049318,46716458.577354416,293.1888858311566
175.0,9.938025428571429,0.007443983561259913,-15042.109049443568,-74110.7928752906,75621.91921169136,56181662.40020156,293.1884750061864
179.99999999999997,9.938025428571429,0.008223584342945862,-17189.032180505827,-83428.54739453945,85180.89778621367,68597114.5153152,293.1884890820226
185.0,9.938025428571429,0.009062054391880818,-19764.09576409428,-101340.06210158541,103249.34705907576,87698214.33505906,293.1889051442924
189.99999999999997,9.938025428571429,0.009842475888071732,-22071.83574114841,-142536.21360112893,144235.01003823895,124449091.48252442,293.189648067637
195.0,9.938025428571429,0.010376714516204737,-20465.17544456969,-233969.3738230055,234862.70732729434,199413795.87590826,293.1905676505358
199.99999999999997,9.938025428571429,0.010579136127003995,-6775.715139508656,-409713.27711489523,409769.30065572105,339033361.70144415,293.1914642491895
205.0,9.938025428571429,0.01051293531441487,26232.11924358247,-691464.6362294534,691962.0417594739,559279919.639607,293.1921395598029
209.99999999999997,9.938025428571429,0.010274049800129024,78825.16607444063,-1056966.6712023057,1059901.8590601424,838341922.0127962,293.1924310506905
215.0,9.938025428571429,0.009927229610866818,142799.85113904008,-1421204.1885932584,1428360.2987903135,1103983207.1159253,293.19223104854706
219.99999999999997,9.938025428571429,0.009504672508898453,203595.61279029568,-1661808.8858771196,1674234.1373677724,1259677687.6323671,293.19150222028657
225.0,9.938025428571429,0.009016225893749716,246359.446788293,-1687825.630135114,1705710.5073144238,1242375061.3442824,293.1902813053478
229.99999999999997,9.938025428571429,0.008457216051843026,262255.74865572376,-1502516.2340544837,1525232.1499693883,1067347278.3955984,293.18866467888336
235.0,9.938025428571429,0.00781815216755988,250726.0089721452,-1201549.7853924718,1227430.412834795,816425881.7405863,293.1867873547552
239.99999999999997,9.938025428571429,0.007104374062252501,218757.7705308566,-902848.8240617597,928973.0681119519,578156901.3302777,293.18480441738257
245.0,9.938025428571429,0.006358909101881717,177447.26414452586,-671569.3914909794,694617.1457284519,396578348.99582255,293.1828700020836
250.0,9.938025428571429,0.0056521554698145396,135133.71057754324,-505033.8874345934,522800.48507222405,269242349.2452584,293.18111161454897
254.99999999999997,9.938025428571429,0.0050334699585536736,96238.4175381279,-373562.25476858305,385759.7583963765,177909416.76486185,293.17960916770124
260.0,9.938025428571429,0.004506541634979138,64142.01200084165,-260916.4902557076,268684.96904529823,110872810.51762372,293.17839173948335
265.0,9.938025428571429,0.004052613231730807,40335.68411125765,-172037.81428083812,176703.0756813568,64909473.07422763,293.17745587248993
270.0,9.938025428571429,0.0036716425682039614,25166.13340783339,-119930.01874715983,122542.00776629611,39499923.51071303,293.17679141832
274.99999999999994,9.938025428571429,0.0033934887416001047,18286.439539646562,-112583.71241286593,114059.13453862454,32020431.210109267,293.1763914730335
280.0,9.938025428571429,0.0032234951803887363,15971.024926725244,-150959.7089420537,151802.19814310875,37971845.852831006,293.17623542915896
285.0,9.938025428571429,0.0031314514761406464,14312.523636301048,-234220.7903876563,234657.6804254617,54523530.55581127,293.1762648513087
290.0,9.938025428571429,0.0030823859826943885,12671.587668286928,-358853.21665346203,359076.8723220303,80037575.21343295,293.1763867824345
294.99999999999994,9.938025428571429,0.003053131098877111,12834.123152594404,-515596.2397679146,515755.9473044483,112285504.94496092,293.17650535712323
300.0,9.938025428571429,0.0030284441010227058,18127.726235685663,-691035.6686584793,691273.3973014929,148252471.72748935,293.17654876571453
305.0,9.938025428571429,0.0029971333883330787,31628.675598853843,-871451.0628200962,872024.8436887637,184785364.10324898,293.1764759497949
310.0,9.938025428571429,0.002951916950370087,53391.03835335295,-1043893.8857676587,1045258.3640993029,218811242.68394575,293.176273367449
314.99999999999994,9.938025428571429,0.002890666299429674,78924.50543749062,-1194472.4346024513,1197077.0545723694,246955194.34300157,293.17595301482544
320.0,9.938025428571429,0.0028164883143880284,100995.76458867542,-1307792.8463205628,1311686.8045963144,265530822.60327452,293.1755505274407
325.0,9.938025428571429,0.002735469598309435,114212.57152349729,-1369413.2678478193,1374167.8244128893,271502181.38910466,293.17511520205545
330.0,9.938025428571429,0.002652982814868494,118606.06322936933,-1369650.7992259066,1374776.6036905537,263696853.4557299,293.17469095692564
335.0,9.938025428571429,0.0025707018312795017,118712.25068838209,-1306701.9725215835,1312083.3218417566,243276880.2832878,293.17429895042267
339.99999999999994,9.938025428571429,0.002485951373356105,119082.58506623552,-1188214.444269433,1194166.7503479463,213398585.56007043,293.1739334521229
345.0,9.938025428571429,0.002393268779070092,120722.96263264949,-1030745.8545698266,1037791.4291511981,178454827.88911048,293.17357127563076
350.0,9.938025428571429,0.0022867819298664736,121320.00755243156,-856660.3747871036,865208.3806591929,143087623.75474378,293.17318473742324
355.0,9.938025428571429,0.0021623720675115173,117761.53454493459,-689069.7287555818,699059.990348231,111173265.5446972,293.1727501025243
359.99999999999994,9.938025428571429,0.002020034890316166,108134.49852197077,-546307.1011246863,556906.2026139199,85067851.91317362,293.1722539384565
365.0,9.938025428571429,0.001867053801586819,92398.18481543646,-437213.54306230263,446870.34673860326,65318021.89226395,293.1717021702935
370.0,9.938025428571429,0.0017191100267319602,72005.91078456241,-358854.7860137097,366007.66198654874,50960409.55471166,293.17112481670114
375.0,9.938025428571429,0.0015943159681250643,49353.62600838733,-299167.08480601455,303210.69412457215,40284136.70850835,293.17056446893014
379.99999999999994,9.938025428571429,0.0015037878407352955,28031.63272270009,-244712.02452229077,246312.2964427448,31650405.526219726,293.1700534523267
385.0,9.938025428571429,0.001448709667127459,11925.721047440193,-188683.51508405147,189060.0213873225,24025550.27323263,293.1695999584887
390.0,9.938025428571429,0.001423973070601351,2860.681081923177,-133304.7285309561,133335.4196939597,17158208.604228936,293.16919609722106
395.0,9.938025428571429,0.0014212196503103898,-269.50269243506307,-85552.40603454968,85552.83052010427,11349409.206408294,293.16884588299706
399.99999999999994,9.938025428571429,0.0014281340185235754,-514.0764237802509,-50739.424928015156,50742.02909418555,6956099.563805152,293.1686031237871
0.0,14.907038142857141,0.012453579656277455,115971.13100594904,-1247350.2139144805,1252729.763109067,830440174.7676355,293.22792159839867
5.0,14.907038142857141,0.012148060715864965,217327.23650663468,-1769833.6963707253,1783127.1520945653,1177533582.0132701,293.2279242150284
10.0,14.907038142857141,0.011652183019519877,385997.0767394917,-2180373.972962315,2214277.4002420977,1452167953.1628702,293.2275742778466
14.999999999999998,14.907038142857141,0.011009748250705392,529260.3941825872,-2341054.547980174,2400136.029784346,1549106556.0598812,293.2267533329473
20.0,14.907038142857141,0.010235072709861069,615290.8420231258,-2218735.620989167,2302470.5375148044,1444587063.4419916,293.22551051478763
24.999999999999996,14.907038142857141,0.009340347164584649,629236.2965679285,-1906605.3900875505,2007755.5703893397,1202051487.5618281,293.2240023216037
29.999999999999996,14.907038142857141,0.008366801849469458,580065.5664505647,-1554796.2686067352,1659478.0800766973,921995675.5964177,293.22245709145966
35.0,14.907038142857141,0.007406653777048905,493141.8172317894,-1274690.1718020572,1366756.7032912,681352669.450807,293.22113058317234
40.0,14.907038142857141,0.006575841172527189,391415.447355399,-1100966.7779640423,1168475.031230429,510706100.48079556,293.22023993662174
44.99999999999999,14.907038142857141,0.005948864281822523,289191.89366863196,-1019276.6908832696,1059507.8687492595,408108291.62877023,293.21989970186746
49.99999999999999,14.907038142857141,0.0055290071155208766,197716.07445520122,-1000584.0880318291,1019931.4503046084,357582367.63980526,293.2200867166555
54.99999999999999,14.907038142857141,0.005272157093401759,125398.62291736706,-1011437.9785269187,1019181.8282505785,338202467.1154926,293.2206438253497
59.99999999999999,14.907038142857141,0.005122478727625019,75810.11311316695,-1017885.0136540859,1020704.2050818689,329979831.12750494,293.22132093803634
65.0,14.907038142857141,0.005033079202889383,47255.47642047973,-997413.634088096,998532.4418948785,319300834.0094262,293.2218427644363
70.0,14.907038142857141,0.004971799799360733,33523.50221286044,-948219.5030637045,948811.9156034004,301533013.16695964,293.221990735441
75.0,14.907038142857141,0.004921277434444008,25892.758807440932,-883375.181874346,883754.5739118945,278681745.84087473,293.22168028174747
80.0,14.907038142857141,0.004879808197366053,15389.54649295357,-819597.8149445469,819742.2865773941,255492453.76610106,293.22099287552123
84.99999999999999,14.907038142857141,0.004863016975124344,-5152.25533601559,-774724.3164910427,774741.4486766284,238366617.17721173,293.2201331173368
89.99999999999999,14.907038142857141,0.004900181146962997,-39216.64858066933,-768357.2146757529,769357.3648638068,235248454.20967832,293.2193365248282
94.99999999999999,14.907038142857141,0.005018207680261573,-85434.46302109875,-816556.2236687663,821013.4675411237,253152934.66643938,293.218779056911
99.99999999999999,14.907038142857141,0.005219658575894382,-136616.69194670804,-926337.7615598445,936357.7142364797,294772723.6608258,293.2185194705326
104.99999999999999,14.907038142857141,0.005475540276119633,-180768.75782719874,-1094545.835305738,1109372.763948856,356981499.4305229,293.21848898866494
109.99999999999999,14.907038142857141,0.005741740632150434,-205952.6578168025,-1301839.2832600025,1318029.596291647,430628706.3208685,293.21853530371686
114.99999999999999,14.907038142857141,0.005983869099367758,-206240.5895014839,-1498768.2842472298,1512891.7841746993,498767426.2958802,293.21850287416044
119.99999999999999,14.907038142857141,0.006189228409720422,-185088.27358679796,-1606918.9919006717,1617543.296344927,536822888.74022007,293.21829468488374
125.0,14.907038142857141,0.0063619831218442845,-152377.98239286925,-1556227.447936514,1563669.696332674,522622468.4480835,293.21787258413394
130.0,14.907038142857141,0.006513526908996261,-117800.40086893477,-1335497.1702156316,1340682.5224857829,452201364.8464674,293.2172203174206
135.0,14.907038142857141,0.00665707103701501,-87305.97600198451,-1006835.7804867006,1010613.9828410859,345390225.9600581,293.2163229305324
140.0,14.907038142857141,0.006807500347451684,-63418.036378439014,-667710.983933654,670715.8902275577,234111836.5000938,293.2151786351123
145.0,14.907038142857141,0.006985683215213853,-46430.930419771794,-395378.7900197766,398095.74086788256,144163914.8685701,293.21381936941833
150.0,14.907038142857141,0.007228046412788985,-35110.69107723692,-217796.45300661883,220608.37602000858,85391709.41484535,293.2123184644051
155.0,14.907038142857141,0.0075990719173815195,-27574.678696261875,-122110.34153186822,125185.05667303737,54271396.73815801,293.21078690605907
160.0,14.907038142857141,0.00817887265943739,-22984.458119996223,-80167.72390677524,83397.53756234534,42292363.79446634,293.20936081162176
165.0,14.907038142857141,0.008990672032295616,-21188.237455651677,-67366.2908288419,70619.81695326878,42065639.86251139,293.2081701510874
169.99999999999997,14.907038142857141,0.009958355638528016,-20963.794073596408,-67725.8095873269,70896.16312762642,48032374.35810208,293.2073003478357
175.0,14.907038142857141,0.010985397621582583,-21211.429629181897,-72934.90453445677,75956.73140916516,56281540.00613817,293.2067877200122
179.99999999999997,14.907038142857141,0.012018644240188569,-21769.935298445886,-81560.18639484436,84415.60334239327,65951194.834869884,293.20664617955015
185.0,14.907038142857141,0.012991527431063275,-22612.475141900082,-99805.41340273924,102334.96263025033,80942104.71406636,293.20687081232717
189.99999999999997,14.907038142857141,0.013758844412987217,-22693.49497693412,-144514.24498032228,146285.2067589226,112602511.95031972,293.2074011576168
195.0,14.907038142857141,0.014180504086133144,-16775.622272886783,-244682.18895644086,245256.59031952234,180767368.47644433,293.20809498450075
199.99999999999997,14.907038142857141,0.014260819293283739,4884.3733987777505,-435078.8627291558,435106.27885287325,309988567.94897336,293.20875638841943
205.0,14.907038142857141,0.014100871922326392,49980.85959978424,-734761.9664930239,736459.9335544527,514149628.7377705,293.20918843321726
209.99999999999997,14.907038142857141,0.013789060850315376,118619.13381811682,-1114278.6729726926,1120574.6115049836,772290505.7445339,293.2092261798059
215.0,14.907038142857141,0.01337446734920589,200591.21446599276,-1479863.4086548386,1493396.3116321333,1018104981.4376149,293.2087519264702
219.99999999999997,14.907038142857141,0.012877304065064928,277115.9848057662,-1705316.2544730224,1727685.3871017047,1163744121.8674977,293.2077065892246
225.0,14.907038142857141,0.012298709705050797,328830.11165922,-1704639.8292403547,1736066.2976299033,1151817149.487194,293.2060939201908
229.99999999999997,14.907038142857141,0.0116260451331247,344607.0231384528,-1491079.740222322,1530383.2173994242,995258563.276878,293.203974880631
235.0,14.907038142857141,0.010840619673574824,324735.13833880017,-1167833.813097182,1212142.2049763894,766568763.9137554,293.20146352791596
239.99999999999997,14.907038142857141,0.00993911172227057,279420.3909236938,-855181.4827726933,899672.7868182143,545233431.454722,293.19872790790606
245.0,14.907038142857141,0.008966505318514097,224081.0898202483,-618363.6480741214,657712.6546407376,373139926.04694384,293.1959764092352
250.0,14.907038142857141,0.008014561645742723,170016.39144311543,-454339.79494737764,485108.4648119056,251257089.85453323,293.193415147907
254.99999999999997,14.907038142857141,0.00715909775075319,122152.1009758433,-331615.25725850504,353397.53057914414,164553642.1862117,293.1911966337988
260.0,14.907038142857141,0.0064120318908384225,83906.85766488235,-230553.35954623486,245347.12625431395,102076752.18732864,293.1893953297408
265.0,14.907038142857141,0.005742367941010134,56694.779433962416,-152691.06583392195,162876.8233990482,59839255.23587287,293.18802287644303
270.0,14.907038142857141,0.005138718369316947,40575.38883303256,-109195.87534103339,116490.77804893522,36662675.79771681,293.18706201205237
274.99999999999994,14.907038142857141,0.0046508561300342074,35220.14969240426,-107199.48253847104,112836.99748252486,29504963.889469758,293.18648433847346
280.0,14.907038142857141,0.004326060163877529,34995.49856897158,-147199.8397102318,151302.60318583032,33362837.97140724,293.18623740177026
285.0,14.907038142857141,0.004143039342689213,33266.30247261854,-229203.03445155214,231604.5722389762,45565581.116259314,293.18622601878934
290.0,14.907038142857141,0.004044693999424598,29767.539981005455,-352105.07173756976,353361.12969572627,65229730.34950569,293.1863234825058
294.99999999999994,14.907038142857141,0.003988202016883811,28159.089765987614,-509723.537649549,510500.7533495129,90990057.60967599,293.1864076597762
300.0,14.907038142857141,0.003946802617328295,33886.94094471365,-690432.5034301251,691263.6013557926,120595390.64185593,293.1863887901934
305.0,14.907038142857141,0.0039030489336005615,51787.10430798462,-879052.1478360313,880576.2788014142,151225881.88967392,293.1862176724759
310.0,14.907038142857141,0.0038462395591286145,82440.50469369387,-1057875.479181191,1061082.9214849258,179703320.2725538,293.1858833077946
314.99999999999994,14.907038142857141,0.0037720334039562393,120183.59323536929,-1207931.6543479972,1213895.7853369678,202575577.46788394,293.18540720396254
320.0,14.907038142857141,0.0036817288609732675,155423.2207585651,-1312736.2392847098,1321904.9933646247,216638359.57540742,293.1848353003114
325.0,14.907038142857141,0.0035801773714378288,180306.5980081606,-1362294.0061624758,1374174.453448864,219930870.77958497,293.1842252290261
330.0,14.907038142857141,0.0034726362168970124,192960.53351463706,-1353369.287293813,1367056.032240236,212346577.37707978,293.1836286371018
335.0,14.907038142857141,0.0033618713031511203,196650.69216921018,-1287167.8653906398,1302103.1481510694,195365283.17831442,293.18307515383907
339.99999999999994,14.907038142857141,0.003247016642670575,195383.3350628783,-1169305.4469329554,1185516.7125972419,171495972.78133646,293.1825672960676
345.0,14.907038142857141,0.0031244876737514604,190483.2153460217,-1012573.0227143294,1030333.9175516802,143924933.04267734,293.18208728114655
350.0,14.907038142857141,0.002989881498193049,180720.37960440965,-837456.0556092518,856733.622942959,116071787.00413992,293.1816071119568
355.0,14.907038142857141,0.002839932254629119,164549.89614835652,-667348.329559571,687335.7704123835,90852473.2561031,293.18109594298977
359.99999999999994,14.907038142857141,0.0026748012655861235,141762.18053861774,-521321.6435687431,540252.5075224355,70018219.51276712,293.18052900664907
365.0,14.907038142857141,0.002501320096521751,113812.2764593838,-408903.0669977949,424446.6426690997,53999432.64521776,293.1799025057084
370.0,14.907038142857141,0.002335131583966557,83241.55125900089,-328662.64616454084,339040.249586805,42268524.60997592,293.1792449986939
375.0,14.907038142857141,0.0021965450414831956,52924.24132931184,-270658.73946083046,275784.56912381615,33819307.561601415,293.17860942716345
379.99999999999994,14.907038142857141,0.002100814415920055,26363.288135516006,-222300.2150819377,223858.00987856564,27479257.376458354,293.17804664871926
385.0,14.907038142857141,0.0020526042211008134,7353.695469839578,-175104.341043981,175258.68620273846,22156631.96821706,293.17758210708325
390.0,14.907038142857141,0.0020479972658126837,-2279.3412808921016,-128101.34689592454,128121.62375346628,17162636.341032326,293.17721452604167
395.0,14.907038142857141,0.00207633287876613,-3965.8541386600987,-85778.92607493894,85870.55466001699,12391860.832859226,293.1769364044945
399.99999999999994,14.907038142857141,0.002114357729333487,-2631.4186588044167,-52967.35392519434,53032.678095629904,8163379.705629251,293.1767645490962
0.0,19.876050857142857,0.01567432437115397,129506.16003769425,-1383264.3495794218,1389313.5377966666,937712083.5664562,293.2486604156928
5.0,19.876050857142857,0.015361101049698508,239972.26249289297,-1928373.2759675682,1943247.3281164826,1317670988.9293628,293.2485051999131
10.0,19.876050857142857,0.014840573012902397,423304.6643047767,-2330015.755554091,2368155.4551913356,1617500961.3520267,293.24794786712613
14.999999999999998,19.876050857142857,0.014145469764877797,576615.4413174697,-2447049.7356541753,2514067.9736098843,1722498026.8723013,293.24688885062756
20.0,19.876050857142857,0.013275928603701501,665650.9416654002,-2260107.762548388,2356093.8594358917,1606888483.6450803,293.24535525199815
24.999999999999996,19.876050857142857,0.012226925619303622,675041.3731847844,-1882913.3571787714,2000260.8745244783,1337854227.5287812,293.2434862119468
29.999999999999996,19.876050857142857,0.011028475754814079,615602.013277323,-1480922.890932289,1603776.3084789417,1022256338.0151057,293.24152966028197
35.0,19.876050857142857,0.009790815371734752,517671.5376888538,-1172005.4608537592,1281241.8277609325,745887623.4561902,293.2398054442498
40.0,19.876050857142857,0.008686458154886957,408061.38469194545,-990573.2580750163,1071330.7021130593,549014768.5485426,293.2386148743432
44.99999999999999,19.876050857142857,0.007847303908405665,299649.1042795258,-918256.5073387008,965911.279034152,434969177.4226441,293.2381346547045
49.99999999999999,19.876050857142857,0.007295475626869771,201523.89457056476,-920765.7100183647,942561.0711399614,387477409.42791045,293.2383489032637
54.99999999999999,19.876050857142857,0.006972161721617699,122869.37364274544,-958923.4418221654,966763.182095506,380961820.14637446,293.2390474017435
59.99999999999999,19.876050857142857,0.006796809837308921,69448.52713129438,-992792.0158785816,995218.10911627,388591745.58433497,293.2398913890196
65.0,19.876050857142857,0.006700864870176643,40960.16246586791,-994235.6386970436,995079.0120209293,390232665.73858976,293.2405210998568
70.0,19.876050857142857,0.006636080615794626,30886.14830211438,-957384.7569929751,957882.835778697,377121788.94278926,293.24066905977435
75.0,19.876050857142857,0.006574465392925459,28849.631066537662,-893622.8273969985,894088.3954384383,350192695.628561,293.2402478522208
80.0,19.876050857142857,0.006510242816859544,23815.28727590769,-820331.6409702135,820677.2624393327,315597806.3566637,293.23937664222024
84.99999999999999,19.876050857142857,0.00646335116296054,7171.318112200901,-758507.5367657903,758541.436662476,283152512.69005877,293.23832337052914
89.99999999999999,19.876050857142857,0.006475104134633278,-24674.84862964654,-733550.4432667927,733965.3268185112,265462681.45782596,293.2373852700235
94.99999999999999,19.876050857142857,0.00658441977644073,-69856.22087728468,-768819.8879610569,771986.989346134,273482297.07341325,293.23676418905313
99.99999999999999,19.876050857142857,0.006794286601377717,-121547.83967036393,-877649.3743847337,886026.1292345994,311430570.0397615,293.2364924732873
104.99999999999999,19.876050857142857,0.007064529065211543,-168330.71871995614,-1058773.1294000193,1072070.7860977685,375116214.0641367,293.2364422850303
109.99999999999999,19.876050857142857,0.007341311347870092,-197733.09459666268,-1287815.2394194067,1302906.9297458038,452386891.9585206,293.2364114786632
114.99999999999999,19.876050857142857,0.007589200319334801,-202983.21098563395,-1505978.7907630454,1519596.7564357866,522769025.45243233,293.2362319436455
119.99999999999999,19.876050857142857,0.007798860687044389,-187076.47384138376,-1627765.4482966647,1638480.3818579481,559630219.6657454,293.2358271554981
125.0,19.876050857142857,0.007977495968656434,-159477.07818031695,-1581963.8082083426,1589981.89579189,541315963.5656166,293.2351930565711
130.0,19.876050857142857,0.008138868916735553,-129599.42096175635,-1360204.045868035,1366364.1741166203,465977714.2217924,293.2343481071889
135.0,19.876050857142857,0.008299573150651737,-103254.0110845479,-1027735.2425072636,1032909.0567404818,355255509.0687763,293.2333088626223
140.0,19.876050857142857,0.008481201521621146,-82582.48704438416,-683940.919077701,688908.5918721629,241675403.51400805,293.23210049236746
145.0,19.876050857142857,0.008718291400938846,-67173.8575640357,-407098.15040251677,412602.99465852586,150805264.08699995,293.23077483190616
150.0,19.876050857142857,0.009073685651112356,-55093.513680061435,-225760.0449128677,232385.2257108338,92062696.9363953,293.2294130365876
155.0,19.876050857142857,0.009653464099923311,-44463.35853404333,-127321.06257932849,134861.5706139305,61356954.44585396,293.22811056679586
160.0,19.876050857142857,0.010567216903363624,-35985.417459346085,-83580.42190369392,90998.00654587378,49475893.00741794,293.22694995782183
165.0,19.876050857142857,0.011794288827479925,-31071.39023053396,-69701.56397014107,76313.42811551443,48739639.071861364,293.2259735909881
169.99999999999997,19.876050857142857,0.013156417810130069,-28357.344085872035,-69275.3202563742,74854.58543220816,53383186.52001941,293.22518369149185
175.0,19.876050857142857,0.014484323702790802,-26225.487303750106,-73685.73151290331,78213.57435196803,59421833.381370395,293.2245779881516
179.99999999999997,19.876050857142857,0.01569288955841932,-24345.571310938292,-81738.61389580872,85287.20797437373,66342779.077427074,293.2241801782513
185.0,19.876050857142857,0.01669523092598836,-22666.432175759423,-100731.03577891472,103249.73954771654,79080728.5389659,293.2240252753741
189.99999999999997,19.876050857142857,0.017367063507118457,-19767.328778080344,-149496.31813843892,150797.53454208083,110648827.44944046,293.2241073048249
195.0,19.876050857142857,0.01765293426612647,-9696.632393856662,-259520.5674616286,259701.6550108746,182604393.8615973,293.2243394831313
199.99999999999997,19.876050857142857,0.017628464602380337,16968.30084858112,-467061.49881113437,467369.62556994567,320274373.41294146,293.2245690980992
205.0,19.876050857142857,0.017405212447194434,67219.81272422631,-788421.3614672454,791281.7111753215,536074652.64088976,293.2246239182155
209.99999999999997,19.876050857142857,0.01705542452400888,140906.55375583147,-1185455.2680251817,1193800.171460869,805707157.3496642,293.2243454796976
215.0,19.876050857142857,0.016612035974615934,227155.78428042153,-1553362.8432723447,1569884.031765148,1058901518.5755632,293.22360347028183
219.99999999999997,19.876050857142857,0.016083642391275913,305869.212899998,-1760666.9387181972,1787037.784853855,1205402142.0470073,293.22230459735425
225.0,19.876050857142857,0.01546249372829775,356530.0659761591,-1727135.8514107754,1763550.9454431387,1188449546.4564672,293.22040029979405
229.99999999999997,19.876050857142857,0.014727124359111825,368018.8344941839,-1478730.1790783876,1523837.5258076754,1023599569.388168,293.2178957245527
235.0,19.876050857142857,0.013847214924330449,341837.7627569252,-1128807.3618523139,1179431.6920528465,785705744.1412306,293.2148675852669
239.99999999999997,19.876050857142857,0.012804656616082708,289751.8794166331,-800742.4579780506,851554.2470296306,555557766.1928798,293.2114843727191
245.0,19.876050857142857,0.011636893014561835,229015.38657274496,-558935.5060709062,604033.89576563,376402957.53189105,293.20799786109706
250.0,19.876050857142857,0.010452210137443827,172562.40242908645,-398982.7461408225,434701.06331842573,250739393.26621684,293.20468646274946
254.99999999999997,19.876050857142857,0.009357012816076928,125143.28137650408,-287120.87593788275,313207.9792614102,163519904.7923192,293.2017774277778
260.0,19.876050857142857,0.008375206718510124,89111.91758260445,-199967.91019645784,218924.8705916884,102434920.86453196,293.1993980574154
265.0,19.876050857142857,0.007460663651014213,64975.47733322265,-135079.06988247606,149893.85502746596,61967433.74309218,293.19758144691576
270.0,19.876050857142857,0.006590897931798097,52352.19078331614,-101041.77006723966,113798.90675280523,39974005.124295875,293.19630610260185
274.99999999999994,19.876050857142857,0.005851645190176759,51109.929421267356,-103978.01153692728,115860.48406864316,32830917.250897817,293.1955235439969
280.0,19.876050857142857,0.005346262090674947,54203.81605773045,-144671.23707329328,154492.13737772324,35096640.15809892,293.19515241566035
285.0,19.876050857142857,0.005058034836534166,53199.4029471034,-224754.06623254405,230964.4274817901,44687109.3795765,293.19506636241925
290.0,19.876050857142857,0.004902527268510459,48513.05787519905,-346351.45732578373,349732.5389152353,61758669.646284,293.19511110449764
294.99999999999994,19.876050857142857,0.0048141363062224295,45629.50902552267,-507047.3311370092,509096.30533630284,85499323.70775275,293.19514233289857
300.0,19.876050857142857,0.004752650863506852,52021.50706071519,-697084.4988502187,699022.9150279185,113759134.56405365,293.19505357298885
305.0,19.876050857142857,0.004693546369867028,74105.2724623304,-898969.3211161211,902018.5318022551,143310613.9195064,293.1947865247029
310.0,19.876050857142857,0.004622687414830311,112857.87529093339,-1088727.8662101217,1094561.6778773265,170241070.79120427,293.1943306779609
314.99999999999994,19.876050857142857,0.004533870085906614,161552.59210164245,-1240942.3524695088,1251414.065034958,190610321.96967646,293.19371469496093
320.0,19.876050857142857,0.004426900814865531,208556.77945968954,-1337376.9414776051,1353540.9169487974,201512312.12434033,293.19299212426574
325.0,19.876050857142857,0.004305463930968556,243699.0247807303,-1372419.5834930604,1393888.3484104257,201997455.42797402,293.19222584044735
330.0,19.876050857142857,0.0041746291944211745,262798.0096969753,-1349572.4643662877,1374921.3179220061,192990073.53146464,293.19147296332306
335.0,19.876050857142857,0.0040383318578406865,267042.8515380469,-1273841.1248374933,1301531.0583635035,176359583.04799947,293.19077208698343
339.99999999999994,19.876050857142857,0.0038978103632362968,259417.37201013727,-1150155.7261238801,1179048.5856130763,154274731.29499727,293.19013762651724
345.0,19.876050857142857,0.003751679754092368,242131.79876096014,-988910.196325611,1018121.3996218607,129233261.73223703,293.1895624906284
350.0,19.876050857142857,0.0035972361736173577,216516.50014492022,-809494.6110970797,837950.42826543,104025469.80242622,293.189023432323
355.0,19.876050857142857,0.0034322916677427453,184122.59242336164,-635743.2191248955,661868.9973884441,81170691.7927197,293.18848589322505
359.99999999999994,19.876050857142857,0.0032575429108630985,147308.3417966167,-487268.9356940644,509048.8810078018,62266306.01575271,293.18791398329637
365.0,19.876050857142857,0.0030798508900425244,109026.67773893327,-373749.3026152907,389326.80059842445,47829014.36726025,293.18728972690394
370.0,19.876050857142857,0.0029149958144184906,72248.19368025643,-294358.7180359953,303095.4575275823,37627574.62916747,293.1866314337254
375.0,19.876050857142857,0.0027852059098325715,39431.123115146656,-240469.76925927616,243681.19212965816,31004245.954104025,293.1859932142208
379.99999999999994,19.876050857142857,0.0027100018936296374,12995.366272678695,-200088.46283487763,200510.03093158526,26914536.214240324,293.18544014133704
385.0,19.876050857142857,0.0026985839710973684,-4383.815578542558,-163164.8031046996,163223.68336495184,23976102.728279483,293.18501675499346
390.0,19.876050857142857,0.002749283496510062,-11415.189213572616,-125598.29886334405,126115.97528524115,20861137.863885444,293.18473278904094
395.0,19.876050857142857,0.002847659234322511,-9639.764653002392,-89346.1176646461,89864.64156891775,16840364.915684413,293.18457064197764
399.99999999999994,19.876050857142857,0.002949437793817751,-5858.5479562083665,-58781.35249981795,59072.582353093785,12177090.578647729,293.18450212263116
0.0,24.845063571428575,0.019103232114373384,123754.69551462495,-1519235.124419349,1524267.2298292688,1119331973.824717,293.2681787068388
5.0,24.845063571428575,0.018806412185422807,227481.5169758491,-2084472.1732803998,2096848.1303484873,1555383227.1449685,293.2679436690406
10.0,24.845063571428575,0.018301970650377745,399472.15752030147,-2472886.792292378,2504944.528752685,1889523068.4730635,293.26728568150054
14.999999999999998,24.845063571428575,0.017608659453231233,541282.0829311834,-2541027.6373372143,2598039.2119854284,1995285174.7284346,293.2661163563969
20.0,24.845063571428575,0.01670880143192522,620775.460116169,-2285475.1959104645,2368281.875749679,1849568257.9252098,293.264446034637
24.999999999999996,24.845063571428575,0.015570384331027202,623864.316665065,-1842581.6529253793,1945331.2914013364,1533943122.989975,293.26239289175777
29.999999999999996,24.845063571428575,0.014190910348314443,560596.1442440201,-1393414.925685616,1501956.4547831314,1169714685.5861712,293.26020162093647
35.0,24.845063571428575,0.012676107632878957,461781.6395707337,-1060652.5313877081,1156817.217620739,851733801.6515486,293.2582231961333
40.0,24.845063571428575,0.011264496528324416,356390.0950876137,-876222.3712091602,945927.8744618755,628135335.6100326,293.25682062768567
44.99999999999999,24.845063571428575,0.010185028713671605,254858.12198215866,-816627.6674493117,855472.6235151985,508076372.3379924,293.25622856979186
49.99999999999999,24.845063571428575,0.009502764183101515,162463.7167479422,-843232.8492300435,858740.995457986,476476334.46250725,293.2564430867679
54.99999999999999,24.845063571428575,0.009139832061951708,88420.21242595707,-912492.8556720399,916766.7891115851,502174861.98064566,293.25720985831873
59.99999999999999,24.845063571428575,0.00897673061228106,40442.207287865414,-978590.4979105099,979425.8189015922,546754040.2110578,293.2581249961297
65.0,24.845063571428575,0.0089103184553477,19618.24539125385,-1006568.4631475892,1006759.6269991816,576891317.8075695,293.25878685251485
70.0,24.845063571428575,0.008865550459720548,19576.03606495052,-984929.4988945771,985124.022131599,574304523.0212507,293.25892117096987
75.0,24.845063571428575,0.00879497051163484,29002.763044156847,-922456.3892420264,922912.2115984989,537017149.722044,293.25845123192164
80.0,24.845063571428575,0.008683483379622475,35429.331186049654,-837359.6552061158,838108.8411866301,474664880.1346068,293.2575117945326
84.99999999999999,24.845063571428575,0.00855658827373533,29149.921092151537,-754940.4277554268,755502.9896428111,405899440.3304751,293.2563958880503
89.99999999999999,24.845063571428575,0.008477084115741607,6712.778325949838,-707922.6176918845,707954.4434725891,354760282.4049443,293.25542803377874
94.99999999999999,24.845063571428575,0.00850927844711362,-29364.827873144688,-727605.6019105992,728197.9161242531,340545761.16660047,293.25480643279576
99.99999999999999,24.845063571428575,0.008664855218750215,-73271.71669645054,-832821.1336448757,836038.1481207546,369460966.86578894,293.25451284151944
104.99999999999999,24.845063571428575,0.008894914316714964,-115830.5120544512,-1023302.4111494612,1029837.1386714976,434811952.081745,293.25435829606283
109.99999999999999,24.845063571428575,0.009137692850082937,-146153.17855923515,-1270026.4271136036,1278408.3374141117,519508488.9571178,293.25411891765475
114.99999999999999,24.845063571428575,0.009357493843285526,-157908.30856852728,-1506219.7908212135,1514474.5267506065,596916234.0925696,293.25365239248185
119.99999999999999,24.845063571428575,0.009546877288367867,-152912.6561536627,-1640235.7350836939,1647348.0345869581,635179825.5319154,293.25292818230764
125.0,24.845063571428575,0.009713858057675918,-138203.88448127592,-1599495.6451828564,1605455.2727013717,610700725.4316204,293.25198639627746
130.0,24.845063571428575,0.009872921839540704,-120945.82635212301,-1377747.8028664922,1383046.2397242705,523361959.65846074,293.25088425196395
135.0,24.845063571428575,0.010043349637927797,-105477.94036828716,-1043017.1664961487,1048336.9713551033,398563772.2785682,293.24967332780795
140.0,24.845063571428575,0.010253796727750049,-92964.38409824208,-696534.7715892537,702711.2242903619,272471967.5420253,293.2484079998289
145.0,24.845063571428575,0.010554100755729495,-82313.63337397731,-417370.0746913443,425409.58321020915,172808829.89642817,293.2471591810701
150.0,24.845063571428575,0.011036411148663144,-71328.57691993377,-234224.4079184758,244844.52035972432,109327567.04905339,293.2460108472571
155.0,24.845063571428575,0.01184930168620496,-58798.77874139161,-134384.9201919437,146685.3883536946,76589888.1649673,293.2450310243947
160.0,24.845063571428575,0.013120377554788268,-47397.38199303094,-89560.02908864048,101328.72559225949,63390496.88196453,293.24422675849127
165.0,24.845063571428575,0.014762956047602147,-39885.04836687122,-74786.02536692302,84757.10397016707,60939483.73388832,293.24352538532196
169.99999999999997,24.845063571428575,0.016489225103096316,-34713.85550559608,-73408.78977052843,81202.8458838546,63050132.13512608,293.2428255281518
175.0,24.845063571428575,0.0180679527838582,-30064.05108915977,-76886.60075352759,82555.41498486914,66171725.91949307,293.2420802325493
179.99999999999997,24.845063571428575,0.01939561259591974,-25642.58400696199,-84472.88211849141,88279.15908049107,70740481.75278293,293.2413288013068
185.0,24.845063571428575,0.020385550784491772,-21414.498955466388,-104370.53373650386,106544.77499134513,83120335.55552745,293.24066094411205
189.99999999999997,24.845063571428575,0.020956873824130955,-15782.56780847788,-157044.3019238916,157835.36426730108,118536417.5247113,293.24014734033284
195.0,24.845063571428575,0.021133281997913398,-3057.8838110259503,-276338.38693004195,276355.3052584649,201576225.1587231,293.23978102452827
199.99999999999997,24.845063571428575,0.021037235568996518,24666.3892933026,-499918.3283513318,500526.48859212117,359952911.465668,293.2394710182599
205.0,24.845063571428575,0.020780406240905117,72945.24977019017,-841253.4063990874,844410.032651261,605216474.8015285,293.2390789360129
209.99999999999997,24.845063571428575,0.020420746088205113,141285.4725338445,-1253526.8648633247,1261463.9058186277,906938088.6151415,293.2384544217283
215.0,24.845063571428575,0.01997863555220169,219547.04979816443,-1621109.9562937221,1635909.043152984,1184292988.4821084,293.23745208896764
219.99999999999997,24.845063571428575,0.019453374918856906,289251.03039107524,-1807752.5322857036,1830747.2180963904,1337468893.133526,293.2359409242411
225.0,24.845063571428575,0.01882935377276461,331884.96105856606,-1739774.5679788045,1771147.4175693793,1307384645.638563,293.2338179448345
229.99999999999997,24.845063571428575,0.01807614573923102,338086.693638624,-1456639.565619606,1495359.9688850746,1115796930.4314775,293.23103218966884
235.0,24.845063571428575,0.01714959691619766,310245.5128826805,-1082100.8892305659,1125697.3895045768,847739175.2213064,293.22761943163715
239.99999999999997,24.845063571428575,0.016009580468764877,259543.49101197592,-741915.3045322825,786003.2715109481,592229739.5251436,293.2237329134011
245.0,24.845063571428575,0.01467230988371462,202180.91913730092,-498415.4512703068,537861.5864032189,396106745.3726988,293.21964062342676
250.0,24.845063571428575,0.013253219887964582,151226.8758955196,-345107.8696531515,376787.7515122479,261865438.26897055,293.2156701332293
254.99999999999997,24.845063571428575,0.011894910767903171,111104.96234569514,-245907.75784785798,269842.4318516254,171932622.70687985,293.2121175192315
260.0,24.845063571428575,0.010641082935466232,82790.01720721707,-173820.89051392535,192530.22860897798,110892989.15063193,293.20917098068423
265.0,24.845063571428575,0.009428820935702954,65742.11783978555,-122402.49948017637,138940.26751469434,71254185.00731961,293.20689576112454
270.0,24.845063571428575,0.008224940746917868,59135.266891437204,-97384.33659620001,113932.82584314096,49858211.15508774,293.2052732954802
274.99999999999994,24.845063571428575,0.007167250084713601,62818.83120371934,-104095.76190306056,121581.79633473119,42394265.60954086,293.20424004049653
280.0,24.845063571428575,0.006431097295914959,69409.53100793237,-144160.62289935345,159999.9005920651,43011850.88486061,293.20369231253085
285.0,24.845063571428575,0.006006088930603127,70102.22391586096,-221381.5359976252,232215.64606765268,50673010.34898354,293.2034810830563
290.0,24.845063571428575,0.005775178271208924,65928.45816541293,-341822.3826386222,348122.252763039,66967420.662023395,293.20343131711616
294.99999999999994,24.845063571428575,0.005643347131091603,63851.0690733204,-507372.6494588858,511374.5832955871,91517214.99310176,293.2033793115626
300.0,24.845063571428575,0.005552684747618709,72908.06099010617,-710082.1113617757,713815.235360898,121768366.14812776,293.20320138857437
305.0,24.845063571428575,0.005469861670517408,100427.07568888739,-929263.267480927,934674.1773584796,153425704.83827212,293.2028276532191
310.0,24.845063571428575,0.005377073172752944,147116.45632221576,-1133359.3863820385,1142867.7746883396,181226324.333224,293.2022447982221
314.99999999999994,24.845063571428575,0.005266618834824606,204879.72482138907,-1289490.1111409548,1305664.7534391056,200362326.05959597,293.20148635002323
320.0,24.845063571428575,0.005137313372164639,260206.80466165388,-1377165.493267271,1401532.1534086594,208153005.97837898,293.2006131783531
325.0,24.845063571428575,0.004992069821091007,300925.4163308245,-1394782.311164406,1426875.5382762023,204766529.3978943,293.19969429875164
330.0,24.845063571428575,0.004835963968244532,320769.01294298377,-1352419.0505303012,1389938.864807261,192298345.84251946,293.19879325601454
335.0,24.845063571428575,0.004674161978729279,319155.3279140535,-1259768.1999693178,1299567.6361736092,173213481.66099054,293.19795869227414
339.99999999999994,24.845063571428575,0.004510044203608355,298777.3692718416,-1123217.0051605173,1162275.508246975,149706980.24359334,293.19721871451577
345.0,24.845063571428575,0.004344479202157971,263966.6017115374,-952950.1434988679,988833.8297275484,124055852.69053575,293.19657934488885
350.0,24.845063571428575,0.004176583785635152,219898.94540347363,-768145.2998151407,799001.0937524755,98818179.1172249,293.1960243481867
355.0,24.845063571428575,0.004005564874913716,171858.55301413915,-592570.3089856836,616988.6006528016,76349021.29421677,293.19551630335167
359.99999999999994,24.845063571428575,0.00383338556510952,124468.50661071886,-445298.80311853904,462367.2060134736,58176150.31691291,293.19500627042873
365.0,24.845063571428575,0.003668312440260756,81200.51770539086,-335035.14931353024,344734.78987645416,44865695.96910138,293.1944565068683
370.0,24.845063571428575,0.003528155251818041,44231.61932226675,-260430.34294622927,264159.7995058304,36341453.99457158,293.19386611841446
375.0,24.845063571428575,0.003438947851699208,14558.504236858225,-213258.40114449098,213754.75598058457,32118035.251410253,293.1932808163873
379.99999999999994,24.845063571428575,0.003426258852597112,-7122.566904873988,-181888.54604490948,182027.94879261142,31139433.917914964,293.19277454069083
385.0,24.845063571428575,0.0035055971809156306,-19613.538747436432,-155187.98849397947,156422.51332530333,31549218.827966925,293.1924119640943
390.0,24.845063571428575,0.0036780675528932175,-22206.958649193522,-126687.52080054543,128619.11576058833,31001545.29112337,293.1922182939725
395.0,24.845063571428575,0.003919965047573335,-16177.525687485027,-96434.73426752516,97782.25969273479,27661652.419178903,293.192170381953
399.99999999999994,24.845063571428575,0.004144077043944433,-9902.859782397261,-68631.01849797532,69341.7863336333,21857467.35724779,293.1922001908591
0.0,29.814076285714282,0.02291679033298989,104600.45920275318,-1636740.1715437502,1640079.158214777,1337961319.5836406,293.2868744667105
5.0,29.814076285714282,0.022657765014265998,191479.13983412032,-2218022.890706915,2226272.6258685105,1839538460.5803254,293.2866136936556
10.0,29.814076285714282,0.022209173215212173,335447.1488516789,-2591440.874765543,2613061.5371778603,2207006337.462503,293.2859359009429
14.999999999999998,29.814076285714282,0.02157818933316356,452346.0967401014,-2611888.540905777,2650769.4621281032,2301976484.308762,293.28477521373077
20.0,29.814076285714282,0.020733628091749914,515070.16382642934,-2291281.5116912406,2348460.8234931836,2108635470.1040993,293.2831502976931
24.999999999999996,29.814076285714282,0.019617422535817806,512307.1356241472,-1787292.583872747,1859266.8935841187,1731986938.7328327,293.2811704023512
29.999999999999996,29.814076285714282,0.018177890696041844,451763.2448176636,-1295325.1360962894,1371844.4655175218,1316514079.0494628,293.2790526252041
35.0,29.814076285714282,0.0164707515656499,359808.6956839618,-942495.9221994468,1008841.3457290395,967258181.268467,293.2771140455594
40.0,29.814076285714282,0.01477307974025163,265777.43852274807,-758718.6309289626,803922.6379114053,735943029.4170276,293.2757011407157
44.99999999999999,29.814076285714282,0.013457339840774163,178822.02537817252,-714836.7825252184,736864.2632204104,636235506.2498769,293.2750568655322
49.99999999999999,29.814076285714282,0.012686722826961252,99672.11813733919,-767598.253511164,774042.3825136275,658155327.7039016,293.27519169653146
54.99999999999999,29.814076285714282,0.012367162152844089,36828.07672861428,-870079.233275567,870858.3004214446,766744407.7681267,293.27585822868866
59.99999999999999,29.814076285714282,0.01231599144690976,-288.80328075817556,-971101.7082603765,971101.7512050713,903765258.4110091,293.2766670405781
65.0,29.814076285714282,0.012369917986330945,-9243.551987799003,-1028473.9124559817,1028515.4504701743,1007138587.4474791,293.27725329432496
70.0,29.814076285714282,0.012403617079515272,4129.667979911587,-1024131.201721095,1024139.5278458489,1034346598.304981,293.2773852076908
75.0,29.814076285714282,0.012329368285696404,28186.627110534122,-963558.2087854259,963970.3873385565,974135958.8407972,293.2770034351424
80.0,29.814076285714282,0.012109405350640236,49543.69034648324,-865811.6460956724,867227.9883444987,844174704.280698,293.2762249722743
84.99999999999999,29.814076285714282,0.011775662835360499,57666.65619731033,-761166.9717074056,763348.2835869883,686005786.2110018,293.27530640789917
89.99999999999999,29.814076285714282,0.011433428592247582,49421.92432305103,-690636.0326721527,692402.091438872,552850585.7904075,293.27452562313806
94.99999999999999,29.814076285714282,0.011208202688646328,28345.54303884498,-693561.901568719,694140.8942842832,483295503.248701,293.2740073798719
99.99999999999999,29.814076285714282,0.011150337009522266,-1003.1238119850094,-792581.319712181,792581.9545094909,485087089.7185037,293.27364610794666
104.99999999999999,29.814076285714282,0.011215915462159642,-33445.01340677441,-986930.6335550044,987497.1617027877,543894362.090807,293.27321616864594
109.99999999999999,29.814076285714282,0.011336074212800282,-62042.64607823749,-1243932.1609870023,1245478.4265775874,633117162.166157,293.27253975718247
114.99999999999999,29.814076285714282,0.011468046703526146,-81862.29675803165,-1491668.2517961154,1493912.8518916287,716491563.5824485,293.2715630519829
119.99999999999999,29.814076285714282,0.011597753387854536,-92611.16939856815,-1634550.771037942,1637172.2730971538,754357765.7370627,293.27033400088055
125.0,29.814076285714282,0.011727570182509629,-97127.88811962273,-1598885.100366392,1601832.5102282776,719645333.3665783,293.2689455713908
130.0,29.814076285714282,0.011868992887470294,-98564.47108204913,-1379543.0359815424,1383059.6310661575,613848841.0527972,293.26749280405903
135.0,29.814076285714282,0.012042507923502834,-98560.57160564385,-1046262.984255207,1050895.0558918063,467350203.38793975,293.2660593918505
140.0,29.814076285714282,0.012284283041293309,-96925.42589705036,-701292.6470283329,707958.9783040615,321693926.19679165,293.26472524461997
145.0,29.814076285714282,0.012661933415025495,-92268.14538747104,-423715.146248423,433644.94210536574,207992674.94792435,293.2635745042669
150.0,29.814076285714282,0.013300428647463901,-82907.96009359272,-241765.18649480148,255585.86668230876,136497272.66880608,293.2626826153562
155.0,29.814076285714282,0.014386862387726327,-69218.64860031841,-142454.97822411198,158381.318768618,99660370.43742427,293.26206921344544
160.0,29.814076285714282,0.016038611119608175,-56072.60681738376,-97618.4426935227,112576.62985364896,83648569.14670748,293.2616385415135
165.0,29.814076285714282,0.018071862110166467,-46809.16632033497,-82332.99242527757,94709.13204810608,78204126.19360147,293.2611851632672
169.99999999999997,29.814076285714282,0.020102123091320628,-39587.080959494684,-79948.07611990071,89212.28533204956,76713397.69096552,293.2605070687699
175.0,29.814076285714282,0.021871131168957343,-32795.989625770904,-82390.98327567917,88678.35734082425,76536447.91312078,293.25952714342236
179.99999999999997,29.814076285714282,0.02328030276707848,-26320.823277796968,-89520.705038156,93309.92642023435,79277260.84548919,293.25831395303675
185.0,29.814076285714282,0.02425738750248961,-20140.770043261382,-110201.66876848735,112027.04324088419,92679407.2933409,293.2570219366764
189.99999999999997,29.814076285714282,0.024761245462211756,-12702.337899083042,-165999.88853378576,166485.17165601198,134287348.86010754,293.2558063362081
195.0,29.814076285714282,0.024870150211383224,935.6268105752199,-292470.41662962834,292471.9131831928,232350805.5835341,293.2547475606
199.99999999999997,29.814076285714282,0.024735940645777554,26834.158339115773,-528109.2942043063,528790.6000287252,417810471.68304527,293.25382307322445
205.0,29.814076285714282,0.024470918961404402,68736.75233994769,-883657.1020389785,886326.4720779634,701379110.9466115,293.25293176810834
209.99999999999997,29.814076285714282,0.024124887369032386,125619.41448707752,-1304950.5971269673,1310982.9511622586,1044569717.9330701,293.25193117568347
215.0,29.814076285714282,0.023710724342463574,188907.56525562497,-1667782.6512122217,1678447.2109349389,1352493211.2482407,293.25066007439807
219.99999999999997,29.814076285714282,0.023221874886721207,243687.56218325073,-1832996.9089872427,1849124.4675033647,1512639225.488463,293.2489532812244
225.0,29.814076285714282,0.022637325521789223,275516.737774164,-1733693.3039929168,1755449.2146181825,1463018728.849616,293.2466645710307
229.99999999999997,29.814076285714282,0.021919470002007894,277717.5931924842,-1421478.8365239017,1448353.9430173729,1234143497.197327,293.2437024083426
235.0,29.814076285714282,0.021010487467644584,252980.92604656887,-1028656.5369972863,1059308.0855212184,925393906.460846,293.24006848763804
239.99999999999997,29.814076285714282,0.0198421924802919,210244.6888260789,-681891.3806777963,713567.575091698,637447234.352522,293.23588429745723
245.0,29.814076285714282,0.018389748641202477,162391.41455797572,-440597.3550363091,469571.0817194046,421527972.10470605,293.2313945782749
250.0,29.814076285714282,0.016751103832874883,121304.91363970238,-296120.1783263839,320003.19074219407,278691795.5852227,293.2269337305616
254.99999999999997,29.814076285714282,0.015102605305364466,91324.58287840866,-210517.37822042243,229472.75648912162,187066999.0375906,293.2228437477974
260.0,29.814076285714282,0.013520770832834978,72393.10330085957,-153640.36224964692,169841.46230450223,126912336.34603666,293.2193745400924
265.0,29.814076285714282,0.011931298386221237,63280.1540919693,-115264.54775257007,131492.56203492227,88597691.9789197,293.2166358635166
270.0,29.814076285714282,0.010292185687144831,62730.02853239717,-98169.53077931328,116500.27147224122,67916938.38543834,293.21462432454103
274.99999999999994,29.814076285714282,0.008805763194886646,70320.23913760543,-107174.08200898969,128184.31997260687,59822786.216620766,293.2132719783425
280.0,29.814076285714282,0.007742997776264863,79800.70054863342,-145373.21421439218,165835.83213249245,58465906.0316572,293.212465622329
285.0,29.814076285714282,0.007116577783153033,83276.7643166169,-219234.68856065732,234518.37485223575,64432368.483917795,293.2120476361164
290.0,29.814076285714282,0.006771596054090988,82056.23967290846,-339159.94281320553,348945.11499419884,81285168.28480849,293.2118319004866
294.99999999999994,29.814076285714282,0.00657115489711568,84069.36206190391,-511525.01715042104,518387.4041759059,109076320.60141782,293.2116385181323
300.0,29.814076285714282,0.006431826833997968,99201.88072664716,-729796.0046281031,736507.4483743163,144281669.0879809,293.2113259974926
305.0,29.814076285714282,0.0063084298614919454,134644.40495595106,-969053.0695490312,978362.3906244258,180705599.72381973,293.2108104854616
310.0,29.814076285714282,0.006178730936552487,189747.31589916348,-1189044.0998512928,1204088.831973002,210948478.52358428,293.2100724966763
314.99999999999994,29.814076285714282,0.006033539403676145,254401.79258472926,-1348905.8719599342,1372686.1707900732,228935758.25712636,293.20914785767576
320.0,29.814076285714282,0.005870968249661361,313231.67046730366,-1425807.5925915958,1459808.6759831165,232305963.0401497,293.2081052202557
325.0,29.814076285714282,0.005693555132085618,352554.72955375194,-1421921.7545632545,1464976.5572974072,222719056.6953417,293.2070230485614
330.0,29.814076285714282,0.005506678244396849,364881.48545252223,-1353842.4296009059,1402151.1411448207,203863892.79168096,293.2059750943901
335.0,29.814076285714282,0.005316827771255025,349219.8314866982,-1237157.2690542156,1285500.91368201,179238689.0284325,293.20502246997
339.99999999999994,29.814076285714282,0.0051295313286423595,309708.66599118774,-1082229.9815844956,1125673.6608939639,151534576.7169965,293.20420813083854
345.0,29.814076285714282,0.00494804996914301,254292.87355990603,-901202.0044570257,936391.9683448354,123195798.13073875,293.20355196894485
350.0,29.814076285714282,0.004773785834914059,192588.54339417277,-713274.5813644651,738817.2815164396,96708885.77324001,293.20304493190986
355.0,29.814076285714282,0.004608309392234419,133087.21586504288,-540648.3407227934,556787.9626509702,74200104.6467583,293.20264481128936
359.99999999999994,29.814076285714282,0.004456620389907047,81330.0110479536,-400000.2735337597,408184.7492547251,56967084.29638233,293.2022843747033
365.0,29.814076285714282,0.004331432981169187,39755.570824627925,-297756.93522691884,300399.2308367642,45485091.22808276,293.2018976487839
370.0,29.814076285714282,0.0042570968627567585,8500.923224313374,-231235.90421244467,231392.11112873437,39763793.47248,293.20145337092
375.0,29.814076285714282,0.004268571951709273,-13615.591749860761,-192097.53846570008,192579.46054364156,39496218.37866729,293.2009766584793
379.99999999999994,29.814076285714282,0.004401473455207571,-27746.321303073757,-169094.0983802397,171355.39808503143,43581251.49251478,293.2005421081017
385.0,29.814076285714282,0.0046786194915636485,-33936.756978284924,-150817.26910696976,154588.33117375744,49298565.63467678,293.2002347180136
390.0,29.814076285714282,0.005098542643807007,-31798.126458899307,-129797.66959460138,133635.90789337072,52441213.1193398,293.2001017998357
395.0,29.814076285714282,0.005608340420324243,-22070.389347777484,-105412.31879878935,107697.99924093338,49510282.43260494,293.2001247456272
399.99999999999994,29.814076285714282,0.006036568501895124,-14192.468169082966,-81954.0051283601,83173.82466443219,41927201.200434536,293.20021391557805
0.0,34.78308899999999,0.027159213733948234,80622.87694324434,-1733347.2315480942,1735221.2174250428,1551551775.1529882,293.30482826479704
5.0,34.78308899999999,0.026952385629302408,147207.94339121625,-2329401.715670819,2334048.528108965,2114271582.0300987,293.30456372650923
10.0,34.78308899999999,0.026590364814335996,256770.4298861162,-2691175.567599857,2703397.3051163447,2505809498.7588615,293.3039083589539
14.999999999999998,34.78308899999999,0.026075792648263495,343019.6968109918,-2672009.3281134283,2693936.9632427334,2577842624.1204586,293.30284091044405
20.0,34.78308899999999,0.025377184699421948,385201.3689384282,-2296594.4196489337,2328674.7353365305,2324989827.3608007,293.3014224153117
24.999999999999996,34.78308899999999,0.02443136072651542,376142.55614351796,-1740228.132626933,1780414.8887628417,1878835328.6860826,293.29978068321253
29.999999999999996,34.78308899999999,0.023157335681323436,322308.5710545699,-1209326.064249052,1251539.9892322023,1411456064.4786751,293.29809897269337
35.0,34.78308899999999,0.021539519532839023,242768.5101577371,-833688.2820174625,868316.0145347058,1042962963.9944744,293.2965926730616
40.0,34.78308899999999,0.019813612618588834,163189.28813386706,-643597.4985561592,663964.2188472084,831854793.1738057,293.29546860460124
44.99999999999999,34.78308899999999,0.01847350292974803,93439.25823749907,-608852.0601456229,615980.2968630923,802270712.4772356,293.29486907993305
49.99999999999999,34.78308899999999,0.01784644502474306,30845.756091832205,-682030.7018131795,682727.8659060688,955009283.4457229,293.29480985540533
54.99999999999999,34.78308899999999,0.01784423958023344,-17951.94646876758,-811591.6795170718,811790.1986617964,1251133410.9273758,293.2951495457632
59.99999999999999,34.78308899999999,0.018185798453905215,-42241.068173458705,-941283.2657803643,942230.5950660818,1594164718.1827958,293.2956433945917
65.0,34.78308899999999,0.01859946806805328,-38122.16363969227,-1023386.0257652889,1024095.8241747908,1860861057.5720057,293.29605320867404
70.0,34.78308899999999,0.01885929439186868,-10491.812665364585,-1035086.3487601088,1035139.5208002343,1956857620.091812,293.2962263815193
75.0,34.78308899999999,0.01879024974332155,29109.832624200484,-979436.3652045075,979868.8564498957,1853009100.47948,293.2961232422208
80.0,34.78308899999999,0.018299915551773925,66791.44885418052,-875814.3870336544,878357.5229797809,1585225531.5018218,293.29581740379354
84.99999999999999,34.78308899999999,0.017423799083233573,91455.26352687727,-757618.2389007213,763118.2484659903,1242017938.154573,293.29546052770763
89.99999999999999,34.78308899999999,0.016357788764473143,100439.83492746728,-671940.8919129363,679406.1544209099,937305056.2233642,293.29516888015206
94.99999999999999,34.78308899999999,0.015393066769964258,98823.58221384451,-664275.1996531783,671585.9150368227,750233985.8687514,293.29488112261794
99.99999999999999,34.78308899999999,0.014721051951820907,89533.16749843257,-758717.5354237092,763981.9936632863,688239290.3586028,293.2943739241382
104.99999999999999,34.78308899999999,0.014341875251049683,71388.90286500733,-952895.1092204765,955565.520845417,718793691.2040943,293.2934508918334
109.99999999999999,34.78308899999999,0.014161502203211544,45486.12442840683,-1212578.651372437,1213431.4868502936,798786280.5580701,293.2920728347064
114.99999999999999,34.78308899999999,0.014096176078128037,15330.234031004173,-1464559.4384195097,1464639.6706149657,878699627.6878606,293.29033697209087
119.99999999999999,34.78308899999999,0.014098977401421563,-15811.757400765784,-1612178.3812896665,1612255.9178895485,909060707.3130038,293.288397823304
125.0,34.78308899999999,0.014151235259758744,-45279.52233289478,-1581253.3753080221,1581901.536779615,858139293.0343024,293.28640909891897
130.0,34.78308899999999,0.014253583069422147,-70570.8645860166,-1366835.6799119052,1368656.2836624314,728520766.5825224,293.2845021435371
135.0,34.78308899999999,0.014424512375493755,-89289.14029396219,-1039014.3776896655,1042843.91335438,555623630.7582803,293.28278789759946
140.0,34.78308899999999,0.014707802188553392,-99550.85531772404,-699818.0281665765,706863.2437335001,386644820.56802607,293.2813665074829
145.0,34.78308899999999,0.015191540125654173,-100311.08114273018,-427398.3653010754,439012.15890001826,256150906.9159623,293.28032860328545
150.0,34.78308899999999,0.016035246755592772,-91563.85511513104,-249073.36102391515,265370.45565641683,174424036.595413,293.2797266997799
155.0,34.78308899999999,0.017449675346723485,-76476.70883357455,-151716.7445923289,169901.9057683265,131191615.12735014,293.27950382227675
160.0,34.78308899999999,0.019495942752413144,-62134.60233465298,-107614.80997070452,124264.46045557961,110229258.73416422,293.2794285029286
165.0,34.78308899999999,0.021866002276418876,-51580.16428308217,-91965.61771674274,105442.81952552203,99984253.11968817,293.2791497014654
169.99999999999997,34.78308899999999,0.024114485733892636,-42719.04190772493,-88381.30375986306,98164.00254577614,93717470.00343885,293.2783794714906
175.0,34.78308899999999,0.02600278038250036,-34429.96526913204,-89581.10677081469,95969.77231773418,89916393.25944419,293.2770333698086
179.99999999999997,34.78308899999999,0.027461296954508607,-26729.660364415075,-96129.21577167885,99776.25402907733,91106355.4409365,293.2752265955114
185.0,34.78308899999999,0.028438416508924938,-19495.826115518576,-117377.64648656358,118985.70977496091,106030409.4536748,293.2731899974833
189.99999999999997,34.78308899999999,0.02891510528327821,-11203.477561019625,-175545.3614224336,175902.506594969,154206929.58624274,293.27116976034927
195.0,34.78308899999999,0.02899436859600934,2465.3950761796073,-307186.513108176,307196.40624271834,267174508.63561463,293.26933567542164
199.99999999999997,34.78308899999999,0.028845607017963914,26004.13177460944,-551002.2581966253,551615.5394902611,478471944.6203271,293.2677335209814
205.0,34.78308899999999,0.02858722225675954,61159.66024659505,-915294.5881281731,917335.6458233818,797066027.5930862,293.26629777523743
209.99999999999997,34.78308899999999,0.028268804023239513,105873.88676227845,-1340426.454405519,1344601.1897839087,1175984688.507647,293.2648912997832
215.0,34.78308899999999,0.027901531611951927,153005.42658691586,-1696458.3591117796,1703344.2472868706,1507297137.9214935,293.2633370344599
219.99999999999997,34.78308899999999,0.027477350284634994,191764.2115263352,-1843101.4345826071,1853050.568922171,1668118918.1463943,293.26144312063104
225.0,34.78308899999999,0.026973965855676935,212672.5681006592,-1719282.6121803576,1732386.3084682478,1595775956.912007,293.25903721881605
229.99999999999997,34.78308899999999,0.02635140162071046,212230.02472473143,-1385767.0228060926,1401924.329231618,1330200656.7069845,293.2560082902071
235.0,34.78308899999999,0.025543756812024306,193195.27269853966,-980742.6807176771,999590.225629662,984101038.2396328,293.2523362583463
239.99999999999997,34.78308899999999,0.024456804528346508,161617.6274538266,-630831.2191568556,651205.2553279409,668495014.5972991,293.2481027105582
245.0,34.78308899999999,0.023007017793679745,125900.49625605682,-392803.7810259488,412487.2668892979,438264521.9702186,293.24349621505644
250.0,34.78308899999999,0.02122780972310857,95630.48881973325,-256607.6968760162,273847.95140353806,292338934.067564,293.23880782879525
254.99999999999997,34.78308899999999,0.019295182263742987,75380.15198676319,-183364.76615293254,198254.39409977058,204127046.96049386,293.2343794095008
260.0,34.78308899999999,0.017329856701956907,64724.12696022663,-140261.45071597557,154474.87552257028,148923003.60207102,293.23050066954
265.0,34.78308899999999,0.015273229527724344,62140.92241584723,-113360.66726131499,129275.42349813794,114629451.32227057,293.2273287627267
270.0,34.78308899999999,0.01308594193133772,65995.92846190033,-102436.16886653042,121854.95995486029,95920106.10240093,293.2248904362118
274.99999999999994,34.78308899999999,0.011028353085111145,75569.74801421842,-112030.02284979382,135135.1650557981,87291264.10788463,293.22313258018517
280.0,34.78308899999999,0.009489221461756618,87144.23126353012,-147561.77830597328,171372.68002611393,83967491.90990385,293.2219552152415
285.0,34.78308899999999,0.008547555504014707,94795.38927236685,-218639.95202631797,238305.67439607935,88664125.79125273,293.22121398902897
290.0,34.78308899999999,0.008015582599681789,99535.75864316973,-339869.63214962883,354145.07494273497,107525454.28796043,293.2207256108809
294.99999999999994,34.78308899999999,0.007697880804485918,109540.6666470524,-521706.24113141437,533082.1322131798,141241513.39418873,293.2202992797838
300.0,34.78308899999999,0.007473489134093349,134740.63434361867,-758110.1089194939,769990.8933157896,184611468.4785901,293.2197768234296
305.0,34.78308899999999,0.007280136276804297,181004.83027648152,-1018673.0708228966,1034629.1962839478,228377083.85754114,293.2190596178827
310.0,34.78308899999999,0.007088987746854453,245077.08158365882,-1253618.9679096662,1277350.1057347043,261967358.85158587,293.21811882102475
314.99999999999994,34.78308899999999,0.006888345085346473,314021.4317751179,-1414170.6362914648,1448615.9077419734,277644540.27850413,293.2169883930731
320.0,34.78308899999999,0.006675305760885538,370477.63842751837,-1475691.6283910852,1521485.9390340627,273692982.5345187,293.21574341326453
325.0,34.78308899999999,0.006452216594924095,399957.22728383925,-1444555.458013329,1498901.682877391,253993652.11280075,293.21447523770894
330.0,34.78308899999999,0.006225096110637379,395355.44096504117,-1344516.6957377659,1401438.9283226945,224637517.95090255,293.2132738802143
335.0,34.78308899999999,0.006001974246793203,357579.9823542701,-1198645.6797865357,1250845.6777122454,190897158.25835514,293.2122178970159
339.99999999999994,34.78308899999999,0.0057906960469680975,294406.298154639,-1023422.820471314,1064926.9166729602,156514339.5769675,293.21136738172163
345.0,34.78308899999999,0.005597411114004123,218368.25781916047,-834058.1485010406,862170.337638659,124320983.21626088,293.21075617906905
350.0,34.78308899999999,0.005427055356575037,142904.13287066075,-648811.3236266082,664362.6455917181,96593205.21272415,293.2103800906554
355.0,34.78308899999999,0.005286020414407672,78080.73261277951,-485953.0048292369,492185.86297039525,74896498.04543844,293.21018597005786
359.99999999999994,34.78308899999999,0.005186690039029977,28563.72340137964,-357605.9981844218,358744.9459323813,60003242.092571594,293.2100787458264
365.0,34.78308899999999,0.005153420685688768,-5592.425528803671,-266897.0045203481,266955.588525938,52176199.12528045,293.20995402251833
370.0,34.78308899999999,0.005227458028783626,-26981.73195200426,-209671.74056720058,211400.69217391242,51544871.092413224,293.2097399193866
375.0,34.78308899999999,0.005463281854002089,-39101.05136383925,-177643.4805884823,181895.8449589987,57980712.0034564,293.2094284245356
379.99999999999994,34.78308899999999,0.005909719905580641,-44668.828089082795,-160456.68822982546,166558.25707702228,69917421.42653193,293.2090819853282
385.0,34.78308899999999,0.0065842217047051045,-44509.436127894274,-147717.03460349992,154277.06315740748,82701504.18284002,293.20880092149315
390.0,34.78308899999999,0.007449601959511763,-38309.67170991925,-132734.64891941677,138152.51706097362,89473016.68521228,293.20866184068916
395.0,34.78308899999999,0.008372386701822835,-26180.093617038838,-115082.17867585433,118022.47731079948,86000193.97844005,293.20866924493293
399.99999999999994,34.78308899999999,0.00905900884856111,-17872.244372440862,-98266.84038510452,99878.8718307323,76982370.96786238,293.2087458375064
0.0,39.752101714285715,0.031755053545842286,57965.411773264306,-1810616.766167886,1811544.386122045,1724825252.864723,293.3219600314485
5.0,39.752101714285715,0.0316033796803174,104915.91327906297,-2419868.83670324,2422142.137800066,2332743208.4562616,293.3216943024449
10.0,39.752101714285715,0.03133968488007031,179782.6930626948,-2773444.5512851006,2779265.45975333,2733544905.054908,293.3210719595375
14.999999999999998,39.752101714285715,0.030969891207608475,233494.3657507135,-2724063.2598780333,2734051.986092193,2773501641.389759,293.3201298828686
20.0,39.752101714285715,0.03047707191951882,251999.46771765832,-2307209.575319655,2320930.7952148607,2460192720.570865,293.31899349758464
24.999999999999996,39.752101714285715,0.029823932277756204,233194.21738747985,-1712266.0956673576,1728072.546334469,1949783489.088944,293.3178332262374
29.999999999999996,39.752101714285715,0.028961052004088515,184964.58770689776,-1153083.587904939,1167824.3272861333,1437889050.2642434,293.3168071933407
35.0,39.752101714285715,0.027882225654601255,121270.24199621251,-757974.3116381833,767614.1795832056,1059386507.7342666,293.3159972035683
40.0,39.752101714285715,0.026790114170980303,59601.570753798456,-553618.659211054,556817.7143940063,880964791.4447018,293.3153913456366
44.99999999999999,39.752101714285715,0.026196003258815992,7636.159218180789,-510835.9973309454,510893.06816270965,947392144.7801839,293.314947472225
49.99999999999999,39.752101714285715,0.026514139377633777,-37836.455082521075,-582916.8448410726,584143.5143290411,1284293354.024147,293.314665558373
54.99999999999999,39.752101714285715,0.027613951048039827,-71331.49307904445,-714840.877766676,718391.0233508751,1836035035.5040834,293.31457166681673
59.99999999999999,39.752101714285715,0.029040906209685254,-81582.46854103536,-848497.4492791839,852410.4765936012,2436463819.140522,293.31465612709405
65.0,39.752101714285715,0.030337805727337117,-63556.97082458016,-937928.9663456074,940079.908545298,2887869984.250415,293.314866657148
70.0,39.752101714285715,0.03110883684731789,-21114.591843460574,-961188.936825416,961420.8226704317,3059674680.394591,293.3151512255052
75.0,39.752101714285715,0.031033719734606384,34647.3620759831,-919370.7312686057,920023.3590579072,2926296037.8629065,293.31549434460385
80.0,39.752101714285715,0.029916180267929453,89765.71476299333,-829344.5380006499,834188.375763186,2545217418.403076,293.3159138409365
84.99999999999999,39.752101714285715,0.027764592715051054,132792.348108941,-722634.1170108806,734733.8802480672,2033818300.4445465,293.3163972805981
89.99999999999999,39.752101714285715,0.024934799375033075,161497.9824336287,-645297.5081543501,665199.5733314523,1547240222.075472,293.3167925051366
94.99999999999999,39.752101714285715,0.02214188372642612,183126.86622983814,-642886.7392507833,668460.0277052217,1208570568.699498,293.316786857223
99.99999999999999,39.752101714285715,0.02000308546678023,198011.35224781604,-738571.8592744963,764654.75015277,1038981600.9031922,293.316080512432
104.99999999999999,39.752101714285715,0.018638466609813303,195676.90907627277,-929673.026767782,950042.8355843821,999571698.2812717,293.31458003739795
109.99999999999999,39.752101714285715,0.017845381605172156,170918.59018885362,-1184161.1184403982,1196432.4965906602,1038113328.7719969,293.31241341126565
114.99999999999999,39.752101714285715,0.017404275679299322,126995.43067439405,-1431756.0175212019,1437377.1714899144,1092344505.5651999,293.3098264041272
119.99999999999999,39.752101714285715,0.017176836181723557,70816.36479337906,-1578087.3559842715,1579675.492194513,1100694921.6108294,293.30708149901375
125.0,39.752101714285715,0.017093254822081135,11245.096272722278,-1550130.5848198778,1550171.3718760898,1024608132.0640122,293.30440318732394
130.0,39.752101714285715,0.017129095761821006,-42284.63315230243,-1342814.5522138427,1343480.1494023227,866078917.7499545,293.30196854793365
135.0,39.752101714285715,0.01729527847006434,-82125.32450260362,-1024820.0349651573,1028105.3802945708,664135242.5328827,293.2999211577725
140.0,39.752101714285715,0.01764288268227773,-104380.20803084497,-695810.7306623032,703596.3336554354,470364719.0967252,293.2983846599138
145.0,39.752101714285715,0.018282763326196303,-109022.75328220305,-431585.3844807191,445142.5668598795,321650781.6137431,293.2974558521394
150.0,39.752101714285715,0.019404973092677167,-99048.21789620217,-258320.02895005047,276658.2491543826,227162090.91607958,293.2971513081836
155.0,39.752101714285715,0.021209744693272067,-81676.06791010356,-163356.92250072255,182637.52133163362,173711688.60264117,293.2973056967203
160.0,39.752101714285715,0.02364012056117725,-65920.82753754825,-119919.64106429768,136843.98348566578,143956949.8449782,293.297520877506
165.0,39.752101714285715,0.026255527513337276,-53968.2780423164,-103433.71900540197,116666.65874250974,125826100.57467066,293.29730174622097
169.99999999999997,39.752101714285715,0.028607650135831525,-43765.03844134191,-98078.66000692506,107400.1961754546,113014481.42376642,293.2963017431037
175.0,39.752101714285715,0.0305250169574839,-34706.110194862864,-97592.39217663056,103579.86819655268,104869631.57795879,293.2944496800501
179.99999999999997,39.752101714285715,0.03198541690011943,-26678.533293027718,-103316.85906875267,106705.75198413481,104201658.45294039,293.29191573864347
185.0,39.752101714285715,0.03295602055723019,-19182.93330413535,-125079.59817934134,126542.05155147593,120133439.18938369,293.2890160416016
189.99999999999997,39.752101714285715,0.03341837623967041,-10410.47984152001,-185590.98777619115,185882.73947376886,173301154.87632725,293.28609774804846
195.0,39.752101714285715,0.03347591928934777,3816.882324986525,-321936.28698723455,321958.91270441614,296934874.588404,293.28342310408004
199.99999999999997,39.752101714285715,0.0333095098659266,26792.23619325843,-572492.4615887364,573119.0474030384,524846449.9017516,293.28110156811533
205.0,39.752101714285715,0.033049657675303726,57938.203280866124,-943274.8612357959,945052.5378193664,862604480.5334913,293.2790964137839
209.99999999999997,39.752101714285715,0.032752337575143176,93244.95509993417,-1370662.853034431,1373830.8769059149,1256372763.698998,293.2772713707793
215.0,39.752101714285715,0.03243163843785513,126078.13930104204,-1721280.33524971,1725891.5637220568,1591229147.9555547,293.27543458720845
219.99999999999997,39.752101714285715,0.03208172732523608,149426.4322912304,-1854855.6363314255,1860864.7694815826,1741751022.6735332,293.27337655595244
225.0,39.752101714285715,0.03168328190086396,159184.93204377397,-1714580.5116591724,1721954.1728952052,1649084925.5601509,293.27091444701193
229.99999999999997,39.752101714285715,0.031200218870000764,155739.92331331488,-1366994.3790979595,1375837.401802645,1360602561.2718585,293.2679334711601
235.0,39.752101714285715,0.030568675069918855,142354.88702444892,-953637.0066065886,964203.5336117154,995601849.1787776,293.2644018042249
239.99999999999997,39.752101714285715,0.029682311321647135,122332.42796099279,-600878.4926974492,613204.8482499057,668979716.8808826,293.2603629833933
245.0,39.752101714285715,0.028401629377753493,99214.9599869209,-363947.6026852833,377228.6651164929,436879569.6583839,293.25593653445634
250.0,39.752101714285715,0.026649438451097778,79110.04371266489,-232440.65452183774,245534.2275340855,296646137.7073856,293.2513326897857
254.99999999999997,39.752101714285715,0.024525744023755854,66795.70983183978,-167594.80013584657,180415.30945159198,218612297.37918562,293.2468374132623
260.0,39.752101714285715,0.02218259157490207,62334.80724143852,-134709.3480341243,148432.5996592599,173956235.64305544,293.24273381560835
265.0,39.752101714285715,0.01962528550932171,64208.28761113182,-116432.60546421567,132963.36267235244,147738631.884233,293.23921086413185
270.0,39.752101714285715,0.016840075182990043,70608.62219543773,-109651.71687889266,130418.85041215052,133560838.56670557,293.2363371194001
274.99999999999994,39.752101714285715,0.014104754912354047,80723.98645977708,-118514.50638474515,143394.73565503745,125925259.45658648,293.2340986663339
280.0,39.752101714285715,0.011917711221759093,94060.58918276416,-151332.06621793794,178181.89779884793,122390518.88120267,293.23243607722776
285.0,39.752101714285715,0.010494374262692006,107772.36299874191,-221499.96954090855,246327.2594191638,127951917.76295386,293.23124217335345
290.0,39.752101714285715,0.00965487075174374,122029.83553075956,-347273.8969318535,368090.2610093071,151365871.02222374,293.2303534432702
294.99999999999994,39.752101714285715,0.009136967467524678,144118.81790039266,-542004.1902379262,560837.566420507,194468098.420601,293.2295790089528
300.0,39.752101714285715,0.008767674804892966,183079.76434548682,-798569.4727780736,819287.1309656032,249661042.8997758,293.22875094363457
305.0,39.752101714285715,0.008458945849236975,242266.66288275536,-1079623.7771767424,1106472.157891794,303134482.09268224,293.2277588107241
310.0,39.752101714285715,0.008170402055984946,314660.36017371115,-1325341.407091992,1362182.4355119364,339931678.1323041,293.22656180862737
314.99999999999994,39.752101714285715,0.007884977685326283,383825.9831342373,-1479725.8896432144,1528695.8800917096,350383017.8627495,293.2251849277377
320.0,39.752101714285715,0.007597395076091543,430556.19520401105,-1517815.5830556692,1577701.740315696,334116868.47022754,293.2237032570181
325.0,39.752101714285715,0.0073095336162180054,440839.22427072003,-1451890.7418106738,1517341.7373193025,298468166.92346585,293.2222205511719
330.0,39.752101714285715,0.007028363819952624,410383.7855586603,-1314610.1690921101,1377176.3678374107,253232367.1636892,293.22084876662666
335.0,39.752101714285715,0.006763957980682254,344753.9596324279,-1138102.241376058,1189172.8236498868,206472925.12849012,293.21969131851375
339.99999999999994,39.752101714285715,0.0065271683872116125,257034.24735605845,-945684.5702041489,979992.8115226668,163458397.47618473,293.21883003908465
345.0,39.752101714285715,0.006328368751824215,163978.639863908,-754813.4289789256,772419.7737620008,127303078.330521,293.2183122646577
350.0,39.752101714285715,0.006178795697440698,80845.14968823746,-580598.8363532171,586200.4324485128,99619757.67645879,293.21813181972675
355.0,39.752101714285715,0.006095005824444753,17004.1680880217,-434848.97685165046,435181.3121002474,80950316.7025104,293.2182120887635
359.99999999999994,39.752101714285715,0.0061064257679356755,-25209.86796125974,-323435.6407498287,324416.63204878446,71283112.18003747,293.21841844272507
365.0,39.752101714285715,0.0062650163004975236,-48557.594824768705,-245778.17980835232,250528.94779859905,70574305.40549327,293.2186051062193
370.0,39.752101714285715,0.006650067306887062,-58193.11062835571,-196786.47030297422,205210.50903622698,78782266.4532047,293.21866390557267
375.0,39.752101714285715,0.007349006935855051,-59680.88704356331,-169226.77116212217,179442.21453232187,94989871.97621663,293.2185537230082
379.99999999999994,39.752101714285715,0.00840309191988205,-57020.120623510054,-155015.00125770632,165169.4426062107,115730515.9098213,293.2183118155302
385.0,39.752101714285715,0.009757477246263016,-51362.990457259744,-146201.08664826423,154961.00969549024,133942732.65158617,293.21803569878375
390.0,39.752101714285715,0.011255747002802859,-42095.024093198175,-137331.3798884544,143638.08323517098,141847709.38487053,293.2178266044415
395.0,39.752101714285715,0.012639109588527861,-28470.452252399147,-127222.41988837681,130369.13274893945,136970448.62129062,293.21773019205017
399.99999999999994,39.752101714285715,0.013540274416164417,-20129.86121046474,-117567.25354003959,119278.12212346622,127935288.15392756,293.21772057225195
0.0,44.72111442857143,0.036575907923643444,39020.650934205296,-1866274.6595020366,1866682.5428815612,1838269772.7888622,293.3381733315201
5.0,44.72111442857143,0.036473423583105694,68626.90579046085,-2482514.203563459,2483462.58741554,2468651004.861797,293.3379065405007
10.0,44.72111442857143,0.03630240400400327,111258.65875197835,-2826142.1229616567,2828331.2727340674,2861868257.100484,293.33730884020383
14.999999999999998,44.72111442857143,0.03607710212297852,132575.26254235263,-2751638.2526652515,2754830.171493127,2864715644.092371,293.3364659208671
20.0,44.72111442857143,0.03580411760102301,124798.03128667326,-2304645.7616828987,2308022.2346103988,2499753165.5732617,293.33556276390584
24.999999999999996,44.72111442857143,0.03549399336107707,90848.39321039722,-1685763.0177849224,1688209.2236095145,1944158092.1078491,293.3348130484205
29.999999999999996,44.72111442857143,0.035187066725280235,41511.04714162212,-1113467.0343510802,1114240.5501602353,1410500759.5234358,293.3343556040313
35.0,44.72111442857143,0.03502441964824014,-9385.038838639615,-712510.2545326333,712572.0607546725,1044475837.6426511,293.334160559573
40.0,44.72111442857143,0.0353792880537132,-50134.36208127762,-502069.2680754441,504566.15444073215,916251396.1870451,293.3340481348731
44.99999999999999,44.72111442857143,0.036820966694753626,-81581.23344759198,-449315.585140931,456661.7924694026,1072353494.7357898,293.333838457953
49.99999999999999,44.72111442857143,0.03955627932081482,-109981.84413494622,-510983.29909174296,522685.31449621316,1543795383.9859667,293.3334993808305
54.99999999999999,44.72111442857143,0.04300903105013998,-128166.84235156525,-637232.3869182986,649993.7341359247,2245759218.415474,293.3331564644807
59.99999999999999,44.72111442857143,0.04633964481871157,-123537.89738011514,-776414.1005044327,786180.9381759438,2973872433.923532,293.33298786110316
65.0,44.72111442857143,0.048927402294533046,-90156.37881273904,-884231.4790914563,888815.7746444932,3522851485.2636156,293.3331202577054
70.0,44.72111442857143,0.05034270361849977,-30351.099257803708,-929590.1382444341,930085.4876555506,3761219941.4723525,293.33360632541314
75.0,44.72111442857143,0.05024136216457287,45329.589703751066,-902197.9470041163,903335.9880360976,3663932868.519752,293.3344528861501
80.0,44.72111442857143,0.048316162809829574,121896.2622485426,-816977.1411650687,826020.7914673905,3304264816.475334,293.3356071430123
84.99999999999999,44.72111442857143,0.04436365480298016,186033.46057391612,-711717.9435603357,735629.5804539537,2813661214.386558,293.33686447214245
89.99999999999999,44.72111442857143,0.03868521160148481,234701.1438033494,-637752.2727659513,679567.942387468,2324887397.058148,293.3378111216898
94.99999999999999,44.72111442857143,0.032599085160070124,279162.7219875334,-640319.1771377978,698527.3609229028,1927043612.2618515,293.3379847791165
99.99999999999999,44.72111442857143,0.027707626647291924,318464.08656366874,-736310.9833973177,802230.1656646656,1637766003.2430565,293.337128069115
104.99999999999999,44.72111442857143,0.02452972645880109,329906.389501975,-918567.9993956627,976015.0589760278,1464027344.217692,293.33525967878677
109.99999999999999,44.72111442857143,0.02265925218886478,302152.5274440304,-1158201.4926577494,1196965.6834828032,1401545776.6743329,293.3325854263869
114.99999999999999,44.72111442857143,0.021586695694306386,240663.2853352575,-1390845.207337984,1411513.0915735068,1390490754.013694,293.32939931955514
119.99999999999999,44.72111442857143,0.020986880495813334,156800.69437063366,-1527933.22926424,1535957.8154509848,1352795853.4762797,293.3260177566583
125.0,44.72111442857143,0.02069144152688112,65429.04765015815,-1500379.2726201809,1501805.2210538723,1237614114.4078612,293.32273080583457
130.0,44.72111442857143,0.020629399206548275,-17141.783538336404,-1303351.1888582893,1303463.909067371,1042693414.1499027,293.31978038147474
135.0,44.72111442857143,0.020796187973312764,-77842.5817841089,-1001715.6347109788,1004735.6270996042,807907150.8469969,293.31736693043626
140.0,44.72111442857143,0.021249696322329942,-110756.55926871632,-689316.0130971388,698157.2754997112,586812623.7777246,293.3156592856742
145.0,44.72111442857143,0.022123848520328344,-117308.54169572493,-437358.7901853589,452817.85003153136,416375088.0984194,293.3147717494787
150.0,44.72111442857143,0.023621572315377374,-104529.33424671179,-270737.4729388193,290215.7145492965,302970415.8330837,293.3146729406127
155.0,44.72111442857143,0.025867722659279033,-84324.27150186874,-178312.0124162341,197245.42209199202,231527531.28043273,293.3150587496541
160.0,44.72111442857143,0.028618074213834287,-66781.6005738114,-134881.3267695234,150508.32032252252,186003799.97718576,293.3153627355016
165.0,44.72111442857143,0.03132759269366955,-53169.64676613925,-116462.15746087168,128025.17509332644,154960164.75672263,293.31500129169416
169.99999999999997,44.72111442857143,0.03362323196707239,-41988.7276995582,-108318.83240757899,116172.38358563893,132820208.55339104,293.31362821013107
175.0,44.72111442857143,0.035442080270631546,-32947.2264303577,-105461.00640968449,110487.75317833544,118861817.30922203,293.3111931792074
179.99999999999997,44.72111442857143,0.03681739901503765,-25391.14328136717,-110139.1353765635,113028.04651338488,115305636.14381061,293.30789231790004
185.0,44.72111442857143,0.03772391944398982,-18040.693470720867,-132809.78725033574,134029.49753835515,130873733.04544085,293.30410400978946
189.99999999999997,44.72111442857143,0.03812606743240998,-8284.212530557103,-196674.43878171413,196848.83298448496,185990685.33913794,293.3002739705521
195.0,44.72111442857143,0.038119833955763176,8426.92816561042,-338812.84622118337,338917.6269874549,312967103.293992,293.2967588629077
199.99999999999997,44.72111442857143,0.03789745262788401,34194.940065334995,-596290.4252762966,597270.094012967,542386976.5655018,293.2937277080115
205.0,44.72111442857143,0.03760216247103067,65450.24540840947,-972204.9538175584,974405.5658971893,874632847.2725613,293.2911673054589
209.99999999999997,44.72111442857143,0.03729713342833946,94993.78401793005,-1399751.113993074,1402970.7766475028,1252513010.1391401,293.2889411295248
215.0,44.72111442857143,0.037000289464191205,115398.52597150794,-1744415.0674912203,1748227.8877442712,1563716937.3043492,293.2868471836
219.99999999999997,44.72111442857143,0.03670925571449985,122862.93493643707,-1868005.8602497766,1872041.9852953895,1691462492.4591787,293.2846683539376
225.0,44.72111442857143,0.03640984810589756,119219.65500467282,-1717650.292502953,1721782.754436492,1586124901.0614147,293.28222280294267
229.99999999999997,44.72111442857143,0.036074139472079644,109998.08546524525,-1362865.8388006818,1367297.6535399691,1298344161.5922616,293.2793996182106
235.0,44.72111442857143,0.03564921801697143,100014.76323266455,-945605.4602382226,950879.9289588706,943451607.3548993,293.2761593078369
239.99999999999997,44.72111442857143,0.03503504014986489,90311.55212432313,-590996.001295333,597856.5463337987,630316451.9017485,293.27251191075516
245.0,44.72111442857143,0.0340634755620274,79547.66790219888,-353401.31998274586,362243.46016764146,412474217.92960125,293.2685089307324
250.0,44.72111442857143,0.0325453354729832,69155.58966803704,-222946.61220954824,233425.97858432253,287256548.5553651,293.26426271225773
254.99999999999997,44.72111442857143,0.030433334235513844,63325.21869466887,-161993.36871110162,173930.83346289856,225065910.6642968,293.2599615920125
260.0,44.72111442857143,0.027854416354457415,63345.729770684724,-135316.5579752893,149409.67954741232,195802077.91955635,293.25583519437885
265.0,44.72111442857143,0.024901083513119336,68135.91167838634,-123042.22255913106,140648.11051889608,182197482.05809638,293.252080354024
270.0,44.72111442857143,0.02160592288461409,76203.19418299648,-119494.72784182409,141724.79241714583,177121055.71899045,293.2488125983496
274.99999999999994,44.72111442857143,0.018210309037113202,86997.38912876454,-128048.40816158717,154806.13859901714,175513737.43046346,293.24607518319965
280.0,44.72111442857143,0.015261886571999577,102833.37969984673,-159634.4416059035,189889.07005755088,177519244.28739035,293.2438648210863
285.0,44.72111442857143,0.013169452968845873,124919.10961818555,-232105.72625732422,263586.517313083,190329371.41812634,293.2421238898336
290.0,44.72111442857143,0.011854566025742856,152766.50463485622,-366920.2381554456,397451.96704306355,223871553.35480514,293.2407240299382
294.99999999999994,44.72111442857143,0.011013782184866965,191113.12049504972,-578485.0713894224,609236.5736278318,281262415.5031284,293.2394930548022
300.0,44.72111442857143,0.010412600244075376,246621.22957007674,-856354.6606387619,891159.5455766524,352029832.999327,293.23826915539615
305.0,44.72111442857143,0.009925294088144772,318794.24240189727,-1154530.6498092941,1197735.6930214907,416267773.2351141,293.2369383046329
310.0,44.72111442857143,0.009491544409944715,395942.64097062394,-1402865.3566815718,1457669.984569932,453584769.4084935,293.235446802758
314.99999999999994,44.72111442857143,0.009083711001051278,458168.8959749752,-1539709.719523602,1606432.307205746,452678026.4739338,293.2338015151627
320.0,44.72111442857143,0.008691314389883863,485696.7727024209,-1542781.6875193964,1617429.0371941342,416005553.7640291,293.23206461740017
325.0,44.72111442857143,0.00831468936663486,467466.7980127362,-1433664.9340611699,1507952.3700703876,356326181.4357715,293.23034299821234
330.0,44.72111442857143,0.007961944319134322,404968.5119394573,-1256421.580624801,1320073.7418501219,288869187.3242495,293.22877013053863
335.0,44.72111442857143,0.00764626730799087,310495.51558428345,-1052795.138341951,1097627.017030101,225461872.8239666,293.2274806803681
339.99999999999994,44.72111442857143,0.007383390788193183,202401.14120793884,-851326.7479416047,875056.25746183,172953709.4611187,293.2265840248929
345.0,44.72111442857143,0.007191074311978711,99516.07325325254,-668799.6081598067,676162.9720048694,134176863.20138463,293.2261392556933
350.0,44.72111442857143,0.0070925918745078885,15989.598539380944,-514357.9281958018,514606.3986770162,109452155.34044828,293.22612683609486
355.0,44.72111442857143,0.007125272750959441,-41613.367055294526,-391612.8339381328,393817.577087075,97982575.24387453,293.2264329933764
359.99999999999994,44.72111442857143,0.007354359659216856,-73809.90551708933,-299687.6913598845,308643.18315015326,98871998.84071001,293.2268825520286
365.0,44.72111442857143,0.007888052698296899,-85510.57577406867,-234758.0038628819,249846.71089869805,111149218.8669996,293.22730658504906
370.0,44.72111442857143,0.00887037520624997,-83706.74813167105,-192060.23777663763,209508.84138288198,132460756.50079718,293.2275879758072
375.0,44.72111442857143,0.010403224607553958,-75847.30011923557,-167280.26494272813,183672.26239878114,158421691.76997942,293.2276717917863
379.99999999999994,44.72111442857143,0.012416812657020356,-66728.02660738256,-155728.9336808682,169422.9332773335,183635620.214712,293.227566228219
385.0,44.72111442857143,0.014653778206395223,-56850.804337996335,-151092.48881237218,161434.0550484747,201449846.18149745,293.22733797618775
390.0,44.72111442857143,0.016792415788189935,-44835.789938180445,-147740.6844461046,154394.16407359476,206320018.93521273,293.227082892298
395.0,44.72111442857143,0.018517707017646344,-29525.329487262374,-143416.21946763087,146423.89520743897,198934375.47956273,293.22687999715976
399.99999999999994,44.72111442857143,0.019520170775428218,-20818.44958106896,-138827.19060943008,140379.47391077707,190604360.35162538,293.2267699904267
0.0,49.69012714285715,0.04149751417607272,23716.791412376948,-1903135.509193003,1903283.2822641535,1893015185.804876,293.35338596713154
5.0,49.69012714285715,0.04143581237333807,38631.06614853803,-2518415.4998232927,2518711.771724184,2524093713.306518,293.353123439695
10.0,49.69012714285715,0.041344472431430884,52858.470687527966,-2847409.783449311,2847900.3656740305,2896146327.7832727,293.35253384727037
14.999999999999998,49.69012714285715,0.04124787628013125,43999.046303073694,-2749005.785650693,2749357.8751440425,2861857596.4193363,293.3517196278751
20.0,49.69012714285715,0.041178607941690995,9552.802890372443,-2278948.5900247116,2278968.611459729,2459467771.1960654,293.350895437862
24.999999999999996,49.69012714285715,0.041202834043481656,-43391.75062966434,-1646560.2899851815,1647131.9414603044,1883490008.8716,293.35030169784613
29.999999999999996,49.69012714285715,0.04147855071106298,-101331.15252879054,-1072321.9708024685,1077099.0722948855,1359537497.7585938,293.35007379804466
35.0,49.69012714285715,0.04238518811624127,-147564.2046922855,-676809.8868185985,692709.7641883438,1042309369.2292835,293.35014641794584
40.0,49.69012714285715,0.04467008656019545,-170200.71064136532,-472864.1266610159,502562.19932035386,994578860.6948571,293.3503061996785
44.99999999999999,49.69012714285715,0.04905856475464741,-182031.0968611254,-425056.0347343771,462393.7206413777,1228730784.414456,293.3503526195558
49.99999999999999,49.69012714285715,0.055086138872532026,-199654.09945600465,-498466.23610307276,536964.0099339549,1751003670.6245658,293.350225733295
54.99999999999999,49.69012714285715,0.061131131492585006,-210366.83357685086,-654618.9698196206,687590.1397757619,2464830052.5786934,293.3500303368121
59.99999999999999,49.69012714285715,0.06600631524624806,-193875.9976503644,-843968.5775053032,865950.8428780753,3194774690.0553308,293.3499824259637
65.0,49.69012714285715,0.06935549854935025,-140699.5123560309,-1007906.3060306367,1017679.4556802,3768022561.3907485,293.35029370347917
70.0,49.69012714285715,0.07110324625023022,-52160.32352078301,-1091510.5993931731,1092756.1886978433,4052688485.6601496,293.3510833605423
75.0,49.69012714285715,0.07111813047498816,58284.297683849676,-1068416.3853400797,1070004.9681284947,4019581975.8804317,293.3523594873511
80.0,49.69012714285715,0.06906580285418441,169628.72443890918,-955744.7828805863,970681.2010944842,3757920191.943948,293.3539841505233
84.99999999999999,49.69012714285715,0.06438187741585734,260940.75529979033,-806715.1130778352,847867.5317787617,3420220315.736605,293.35560291082123
89.99999999999999,49.69012714285715,0.05670448793909258,322353.32698097447,-689094.5504957438,760764.725088272,3104499504.769148,293.3567043478821
94.99999999999999,49.69012714285715,0.04716526510276949,372357.05760625645,-660672.4236770776,758378.4212097104,2817125550.9699745,293.3568840465564
99.99999999999999,49.69012714285715,0.038544375182774426,423823.9328420633,-739998.3949907895,852774.5016349036,2508691768.5921416,293.3560116260218
104.99999999999999,49.69012714285715,0.032607689573208705,444043.8317204087,-905623.8773305895,1008627.5485431841,2183109574.437926,293.35415949052333
109.99999999999999,49.69012714285715,0.02905659953010641,410174.0139761611,-1122885.328549212,1195455.6381616124,1958986245.6933067,293.3515000667794
114.99999999999999,49.69012714285715,0.027009375197091668,331054.9014447863,-1332662.547599486,1373166.7100337707,1836279248.7775786,293.34825516675704
119.99999999999999,49.69012714285715,0.025846511820492534,223344.431200553,-1454615.531714695,1471662.0128459944,1723207051.9027169,293.34468901588775
125.0,49.69012714285715,0.025239995194790185,106429.6879309444,-1426383.9358703569,1430349.0521484916,1549373379.9034626,293.34109397545944
130.0,49.69012714285715,0.02504398510938267,1419.388323422799,-1244082.3549734496,1244083.1646716776,1303895777.0147166,293.337763236148
135.0,49.69012714285715,0.02522808908279861,-74639.34151936925,-966505.8315541664,969383.5947294836,1025024965.5448009,293.3349744917656
140.0,49.69012714285715,0.02585463922835738,-114287.57194333822,-678149.4223613444,687712.3585844076,765927135.6769985,293.33297386223285
145.0,49.69012714285715,0.027070970908484898,-120459.82318809969,-443371.918732685,459444.47686658596,560912984.8475784,293.3319128704918
150.0,49.69012714285715,0.029041743904934546,-104479.90703854563,-285773.19484279613,304273.5116066495,412843108.28445715,293.331704689223
155.0,49.69012714285715,0.03170986231298346,-82011.74713810196,-196550.59274979885,212974.32281601755,308699815.94112796,293.3319106185118
160.0,49.69012714285715,0.03459928426193937,-62721.80769557119,-152330.04454247997,164737.57200746326,236438118.0788196,293.3318825112364
165.0,49.69012714285715,0.037150820913844085,-47555.58293444381,-130478.62155663622,138874.77867328774,185600223.49577585,293.33108201282016
169.99999999999997,49.69012714285715,0.03915606285538409,-36084.83591234678,-118220.5110087229,123605.03471131167,150321155.20916036,293.3292340453805
175.0,49.69012714285715,0.0406858842575073,-27928.72656075076,-112270.6757045411,115692.34369853271,128317044.48552912,293.32628668760907
179.99999999999997,49.69012714285715,0.04182200626532583,-21445.30844080603,-116134.0733829866,118097.52010371014,120471935.3043784,293.32238500436904
185.0,49.69012714285715,0.042530310575076974,-14119.165925238396,-141253.45783007017,141957.35343889665,134382069.89557847,293.31789083338043
189.99999999999997,49.69012714285715,0.04275948033213277,-1908.5771946348775,-211219.9559598485,211228.57870702114,188589720.46350953,293.31330634438046
195.0,49.69012714285715,0.042610634898458837,20304.48708948981,-362015.91064147744,362584.8752410192,311339209.78043526,293.3090736655156
199.99999999999997,49.69012714285715,0.04228070567224732,52878.59851345487,-627452.7252748994,629676.95577625,526417409.2064792,293.30542359809
205.0,49.69012714285715,0.04191159934852219,88395.60473231443,-1006015.8765439072,1009891.9381767524,828075612.1537595,293.30237179665875
209.99999999999997,49.69012714285715,0.041566085061838315,115198.41296191387,-1428029.3660131572,1432668.3302652026,1160310045.778963,293.29979000615367
215.0,49.69012714285715,0.04126318306974362,123784.03997735328,-1760929.1087821673,1765274.430424197,1423284504.2560813,293.2974774666386
219.99999999999997,49.69012714285715,0.041003152208536967,113130.74333141533,-1872648.279194319,1876062.403721199,1519193014.6441104,293.29522204341396
225.0,49.69012714285715,0.040776973259296606,91848.24265075289,-1715932.4803160015,1718388.8898271709,1411665828.9367309,293.29285266830357
229.99999999999997,49.69012714285715,0.040565947808694505,72210.72657076482,-1361130.080625619,1363044.1978952046,1149506624.6185815,293.29026613861237
235.0,49.69012714285715,0.04033211874817374,61904.790337455015,-946613.4345334584,948635.4397269556,833505518.2306107,293.28741581857213
239.99999999999997,49.69012714285715,0.03999504953665721,60228.382759482454,-593577.8209931047,596625.5841520249,556887428.0807921,293.28428055242534
245.0,49.69012714285715,0.039393931441519314,61079.769208607286,-355266.61288560857,360478.9930603302,366469617.2152909,293.2808477692721
250.0,49.69012714285715,0.03827990737845508,60449.56248715534,-223332.53884029857,231368.90998952725,261714764.07970625,293.2771299717843
254.99999999999997,49.69012714285715,0.03645129867543153,60499.890344430576,-162530.13762795026,173425.14918271967,217326362.08647606,293.2732020262573
260.0,49.69012714285715,0.033927119266366615,63975.62607958758,-138809.85852198163,152843.24504265067,205819256.00142503,293.26921502451154
265.0,49.69012714285715,0.030839103942594773,70965.04791386773,-130976.93611389893,148966.42514070714,209168439.60876328,293.2653558525764
270.0,49.69012714285715,0.027266899681887332,80847.13022431693,-131200.18955599374,154109.5331413224,219936433.61530206,293.26178546856534
274.99999999999994,49.69012714285715,0.023384450471627446,93806.28226030976,-141859.56000250494,170069.84846116963,234495805.04832035,293.2586089403419
280.0,49.69012714285715,0.01969443885552475,114016.03970912534,-175671.5534157482,209428.15472246066,254926276.6674678,293.255876130731
285.0,49.69012714285715,0.016786104167278094,146984.49259156204,-255033.21496065933,294357.5747208976,289751596.0029113,293.2535737408832
290.0,49.69012714285715,0.014800352762642152,192733.49456897864,-404365.9238165817,447948.65807680244,346253944.3998722,293.25161560388005
294.99999999999994,49.69012714285715,0.013474639480497173,251546.4698505002,-636841.0772998909,684720.5154154024,426137788.7771825,293.24986816162567
300.0,49.69012714285715,0.01252385998437601,325120.0513394646,-935746.9092687779,990618.6582076105,515555562.39112765,293.2481958679815
305.0,49.69012714285715,0.011773926967423765,407409.9311786753,-1244526.1426997958,1309514.47944887,587648157.640096,293.24649303390174
310.0,49.69012714285715,0.011133737514996354,481679.27720396465,-1483132.6003841192,1559390.020620208,616733929.5237795,293.24469579594864
314.99999999999994,49.69012714285715,0.01055754216445848,526070.585042151,-1587353.5288728753,1672256.4056004572,591924036.6698807,293.24278643137603
320.0,49.69012714285715,0.010024999492286326,523451.2253529255,-1542357.488918413,1628762.661945009,521711399.5922974,293.2407989884626
325.0,49.69012714285715,0.009532561624998815,469457.19342994475,-1383460.5555236717,1460942.560524878,427248917.9424144,293.23882475636134
330.0,49.69012714285715,0.009089302206530703,373927.0931116213,-1168052.9507985825,1226445.7455722135,330904458.9585288,293.2370061974293
335.0,49.69012714285715,0.008713498162026231,255961.4901204192,-945934.1602870877,979952.9172479172,248460458.91371748,293.23550833870746
339.99999999999994,49.69012714285715,0.008429906408612088,136768.74433178722,-746848.6468367621,759268.4576011283,187502120.19360384,293.2344732773243
345.0,49.69012714285715,0.00827057641055803,33754.31907486789,-582770.7336047433,583747.4471056971,149556403.73655906,293.23397298124144
350.0,49.69012714285715,0.008282400621665815,-42862.206752781836,-454539.6705919401,456556.10926757695,133138341.92723091,293.2339705165057
355.0,49.69012714285715,0.008543168994510008,-90432.10127120043,-357340.1162028201,368605.37650469725,136095425.02397943,293.23431861734144
359.99999999999994,49.69012714285715,0.009184319546651557,-111818.4824097358,-284587.5210004874,305766.9539332517,156029181.49271902,293.2348231274475
365.0,49.69012714285715,0.010401243023109725,-113064.79292221586,-230881.257519863,257079.36998619093,187911846.7678623,293.23532254811965
370.0,49.69012714285715,0.012385217148776691,-102597.98603225536,-193914.14117009155,219383.3195199878,222417867.76213476,293.23571702901177
375.0,49.69012714285715,0.015122155883949655,-88941.90014469015,-173210.0823464744,194711.05317320966,251566348.17898008,293.23595595108105
379.99999999999994,49.69012714285715,0.018261496315124536,-75752.91899365868,-165489.95613523608,182003.9294018186,271950225.53574955,293.23602445961876
385.0,49.69012714285715,0.021314455325531317,-62223.937477630374,-164145.8765338939,175543.97505554097,280899768.72802204,293.23594266810824
390.0,49.69012714285715,0.023909067281107636,-47125.94805369816,-163721.85293870306,170369.30506884793,277887589.104049,293.2357647860223
395.0,49.69012714285715,0.02580678096503463,-29872.715584016114,-162247.8774671045,164975.00683116843,267020077.555959,293.2355651197817
399.99999999999994,49.69012714285715,0.026827213130884178,-20626.964521081965,-160291.52199550348,161613.25344472512,259542257.4371652,293.23542298155326
0.0,54.659139857142854,0.04641696454949812,11115.270327811388,-1928145.4620543001,1928177.500147497,1905311390.7123477,293.3674953621971
5.0,54.659139857142854,0.046388605827280896,13697.410207868526,-2536549.0698029837,2536586.052663064,2521910161.5558624,293.36724368801725
10.0,54.659139857142854,0.046363508906738286,3614.3926203373585,-2847021.350668473,2847023.6449661166,2865035929.800726,293.3666454957804
14.999999999999998,54.659139857142854,0.04637588521739057,-31846.052936735286,-2724725.443865364,2724911.5426991303,2796904497.3273044,293.3657802750945
20.0,54.659139857142854,0.04648294981999244,-91021.8147583683,-2235393.4983697925,2237245.86563834,2371012693.712911,293.3648537662191
24.999999999999996,54.659139857142854,0.046805200771562465,-163697.15934477348,-1595142.349503289,1603519.839339826,1796293967.9610984,293.36412193665757
29.999999999999996,54.659139857142854,0.04762161112445457,-234067.75870891105,-1024379.549719015,1050781.222495694,1310715120.553381,293.36376124085393
35.0,54.659139857142854,0.04957182376519808,-280629.7042562733,-638938.4702164585,697850.5568053318,1077661962.8769076,293.3637669121493
40.0,54.659139857142854,0.05380484988506096,-288607.0558472837,-446948.0917954154,532030.6658872213,1124948900.6974359,293.36399113794084
44.99999999999999,54.659139857142854,0.0609924808539285,-290482.88066242106,-414584.79507171776,506222.14122121973,1391526416.847383,293.3642749979222
49.99999999999999,54.659139857142854,0.06951044537995014,-315318.5906301322,-517472.84812059137,605973.5655447434,1846467854.5055811,293.36454350378295
54.99999999999999,54.659139857142854,0.07677980958210243,-330566.3986173881,-720877.9908179934,793056.884177079,2371187150.6040993,293.36482690445337
59.99999999999999,54.659139857142854,0.0819195527699591,-303668.3864093105,-969857.1158185105,1016286.0394634152,2880771425.622776,293.3652647888953
65.0,54.659139857142854,0.08521317940124445,-227382.66066865838,-1191845.1505967039,1213341.558413639,3302984882.097377,293.3660285150621
70.0,54.659139857142854,0.08699907033600342,-105583.1395148503,-1314704.3558494158,1318937.2019316307,3549962362.045895,293.36721661267876
75.0,54.659139857142854,0.08735851266414248,45557.52589024385,-1300294.5513721406,1301092.3904524676,3596937631.860951,293.36879446851685
80.0,54.659139857142854,0.08603523810094241,200085.81569332353,-1165302.259849371,1182355.1456528252,3519684298.2043576,293.37055034961645
84.99999999999999,54.659139857142854,0.08234261342286756,328491.2610516385,-971269.3656656196,1025314.921996062,3462980302.1693554,293.3720967883618
89.99999999999999,54.659139857142854,0.07526106451550298,405140.7212951516,-794273.5869658774,891633.0719546,3492599164.2416553,293.37302278192027
94.99999999999999,54.659139857142854,0.06462084782822365,440183.5622345825,-701954.5503663594,828554.0170933724,3491877017.204819,293.3731058386533
99.99999999999999,54.659139857142854,0.052967691213522385,475350.8679268426,-734094.2562575361,874558.6456659769,3371086283.8253613,293.3723445796429
104.99999999999999,54.659139857142854,0.04376004744217023,495119.00489222654,-872198.8981997614,1002932.5735194497,3076384255.515832,293.37082311456606
109.99999999999999,54.659139857142854,0.03789012007974073,458977.4747952816,-1065400.6767394533,1160059.8796468822,2747787330.2134748,293.3686373858462
114.99999999999999,54.659139857142854,0.034428828978195124,371275.50751103304,-1251693.0260063412,1305596.0071287313,2513417662.569495,293.36588539041
119.99999999999999,54.659139857142854,0.03243922253319343,252928.11713750518,-1357988.425202717,1381341.8097716724,2309745361.9746447,293.36268604218276
125.0,54.659139857142854,0.03138034734152949,125572.3379140286,-1330209.059940155,1336122.9566159192,2054475035.279795,293.3592181075203
130.0,54.659139857142854,0.03100033556523726,12002.312409876295,-1166458.762008681,1166520.5094510808,1731269755.0276077,293.35573702951365
135.0,54.659139857142854,0.031228303233963074,-69013.81104960997,-918628.6935614817,921217.4459648851,1379137254.646602,293.3525620799214
140.0,54.659139857142854,0.03211705448789151,-109221.59550041809,-660039.0932710452,669014.9187945814,1050931480.9766213,293.35002570501683
145.0,54.659139857142854,0.03378180401863631,-112964.16633113004,-447112.40483536967,461162.0164676995,777899777.9933034,293.348345274787
150.0,54.659139857142854,0.036231222021815244,-94897.42768880878,-301974.81334617117,316534.8474929855,564407153.3918633,293.3474262708736
155.0,54.659139857142854,0.03910446217846807,-71516.55942012435,-217373.02919415853,228835.42578092378,405874449.1331743,293.3468151228429
160.0,54.659139857142854,0.04175042659286645,-50904.39702516569,-171503.21556350624,178898.32471300056,293500943.7455146,293.34595857246643
165.0,54.659139857142854,0.043752577931199056,-34873.75626077515,-144546.69418839153,148694.06738847497,215380867.80545992,293.3444691512093
169.99999999999997,54.659139857142854,0.04513296900119795,-24102.525998209545,-126862.64936862075,129131.9618232449,162584602.6469939,293.3421414317491
175.0,54.659139857142854,0.04609248795789512,-17557.959241667257,-117558.5609621313,118862.51380573772,130173432.19151948,293.3388760804055
179.99999999999997,54.659139857142854,0.0467437305475248,-12241.115035771318,-122039.8126141878,122652.19427399193,117519666.27120121,293.3346997495511
185.0,54.659139857142854,0.04704463838561012,-3918.282087622996,-153053.48438807178,153103.6316285408,130164741.60555653,293.32986626083584
189.99999999999997,54.659139857142854,0.04696037259789907,13339.624194794791,-233989.27476123735,234369.20931928788,182569459.70090172,293.32485353566625
195.0,54.659139857142854,0.04660317438163872,44620.488705436896,-398090.74510503525,400583.6109360868,296037393.9979152,293.3201540352062
199.99999999999997,54.659139857142854,0.0461407399981141,87575.63914195025,-673224.8564949844,678897.0466674704,485454610.10121506,293.3160599182172
205.0,54.659139857142854,0.04568473861309083,130239.88554712561,-1050772.0297831548,1058812.6776545225,739574743.7191322,293.31262777698214
209.99999999999997,54.659139857142854,0.04528525480945725,155610.36776760398,-1458323.8211616164,1466602.520768387,1007716253.7754667,293.3097538278489
215.0,54.659139857142854,0.04495883890633733,151293.2566730125,-1769267.601203112,1775724.4983898094,1209163351.0758421,293.30725630687215
219.99999999999997,54.659139857142854,0.04470758714682707,118928.76674766188,-1863422.7509021868,1867214.0745345706,1270880671.9787652,293.3049442111071
225.0,54.659139857142854,0.04452719248143851,74754.42268209932,-1702341.97705389,1703982.5206117232,1170931155.7467308,293.30266781135424
229.99999999999997,54.659139857142854,0.04440742034002825,39220.5399926036,-1355342.402257976,1355909.7603143554,952024244.1572031,293.3003354323489
235.0,54.659139857142854,0.04432497221153971,24098.07468755297,-952195.2346945386,952500.1218785405,693557177.9521291,293.29789376779695
239.99999999999997,54.659139857142854,0.04422399504781602,27473.159878561808,-606058.5924248609,606680.963905838,467305240.2651808,293.2952926421239
245.0,54.659139857142854,0.04397766547194226,38749.45268896858,-368076.3253389663,370110.3907737949,310443399.33807415,293.29246338707054
250.0,54.659139857142854,0.04334959508668301,48363.320020989326,-232659.33250792543,237632.85910514573,225530596.01186362,293.28933266661284
254.99999999999997,54.659139857142854,0.042054426414895846,54801.057350941985,-168463.6580455097,177152.92819723772,195189263.83488962,293.28587261379266
260.0,54.659139857142854,0.03995589955876413,61455.6357009387,-144241.54607954252,156787.81449724745,198338432.05868426,293.2821502237982
265.0,54.659139857142854,0.03711736350965577,70379.75240810218,-139102.73135809888,155893.80815256646,219437510.2086215,293.27832365178114
270.0,54.659139857142854,0.033628495741983205,82402.93561200247,-143779.8487565157,165719.3069799725,251925024.661215,293.27458416940203
274.99999999999994,54.659139857142854,0.029590874025785387,98985.5029209398,-159590.34540590775,187795.65526201166,295678466.93029934,293.2710929684785
280.0,54.659139857142854,0.025365359880756926,125476.96987754878,-200017.62646314624,236117.5996523808,356202002.0954025,293.2679461006078
285.0,54.659139857142854,0.021608568583049364,171044.60275421792,-291361.84673691686,337857.9314819986,442778448.52836335,293.26516326483176
290.0,54.659139857142854,0.01875915111443987,238000.35521380504,-460905.0805588843,518726.9632156102,552644228.4236009,293.2626947438639
294.99999999999994,54.659139857142854,0.016741468457995016,320794.7663333009,-717754.3483231874,786181.0139170754,673779588.6697265,293.2604510966458
300.0,54.659139857142854,0.015277183685734368,412293.5074966816,-1035040.3735616026,1114133.9736434114,784975629.9260224,293.258335232807
305.0,54.659139857142854,0.014145421657686862,498871.11425775586,-1344068.2900910839,1433663.8228919446,853857120.8693088,293.2562614479458
310.0,54.659139857142854,0.01321368787029265,559463.000199097,-1557211.322415973,1654661.8842688915,853715255.9816259,293.25416390177236
314.99999999999994,54.659139857142854,0.012408458650663272,573647.4703211067,-1613097.1986514865,1712061.328487703,780529258.8290633,293.2520026692951
320.0,54.659139857142854,0.011692719027330045,531710.7357490628,-1510154.245486389,1601025.3438566718,655281961.6363288,293.24977615991384
325.0,54.659139857142854,0.011055040765461325,439758.0730969277,-1300780.314246851,1373104.7260810295,511583548.75570714,293.24754117775717
330.0,54.659139857142854,0.010504633378684026,316777.5089063529,-1055067.9737860078,1101597.2128949068,379739815.53607076,293.24542649993424
335.0,54.659139857142854,0.010068035430763247,186256.96434361648,-826793.427047522,847513.4381090872,277925565.10925645,293.2436148038993
339.99999999999994,54.659139857142854,0.009787049762645994,68171.28424419591,-641684.4743658869,645295.5048950268,212287886.72539937,293.24228385096313
345.0,54.659139857142854,0.009721989224651539,-25036.452568247852,-503235.411275889,503857.82034142857,181664179.3527957,293.24153080754616
350.0,54.659139857142854,0.009965431656358985,-88685.58137345554,-403152.84945166484,412792.1418396243,182375097.2139316,293.2413196275902
355.0,54.659139857142854,0.010667094949671515,-123833.64931689943,-329696.46107302245,352185.3619150231,210101731.92380258,293.2414964086071
359.99999999999994,54.659139857142854,0.012054008142253304,-134868.0237797007,-273289.3751876258,304756.40506589,257061587.22027218,293.2418751240322
365.0,54.659139857142854,0.014383860586813103,-128789.13868583934,-229977.72837413455,263583.7585883614,307942988.00202686,293.24231509073536
370.0,54.659139857142854,0.017737784061579415,-114704.26555890539,-200917.69832641893,231354.6844958921,346439051.47935075,293.2427349063435
375.0,54.659139857142854,0.021776074005839086,-99169.89245045153,-186443.36751377294,211177.1693590714,366860086.52520865,293.2430891790749
379.99999999999994,54.659139857142854,0.025860683196521426,-83317.65639824962,-182130.78094095687,200283.4322500481,371528641.42871875,293.2433469047493
385.0,54.659139857142854,0.029459660365603747,-66527.6276709735,-182026.8570988228,193803.2557745172,365268957.445272,293.24348707232195
390.0,54.659139857142854,0.032302633163120396,-48745.06911362979,-182339.40662002144,188742.52559885403,352983093.8248196,293.24350983539273
395.0,54.659139857142854,0.03426882621119219,-29964.611343821252,-181903.38227360562,184354.8708756125,339319765.00219643,293.24344904988715
399.99999999999994,54.659139857142854,0.03528137767941832,-20302.72092961695,-181119.07689930184,182253.4512540191,332751251.8085416,293.2433727607592
0.0,59.628152571428565,0.051275210011679125,633.5836289654204,-1940991.7035737014,1940991.806981718,1895324072.7589555,293.3803842895944
5.0,59.628152571428565,0.05127362316594662,-7027.255034132356,-2537166.390269207,2537176.1220350848,2489834961.4003444,293.3801436659951
10.0,59.628152571428565,0.0513022732478664,-37285.524643506724,-2826069.562066664,2826315.5131703904,2801444855.2983537,293.3795254869404
14.999999999999998,59.628152571428565,0.0514038215921004,-94742.50621627196,-2680456.1464913907,2682129.9923284138,2703370587.0553827,293.37856190340153
20.0,59.628152571428565,0.051656772636586294,-174562.24549371353,-2175390.052794593,2182382.6106687775,2263156284.5748296,293.3774218854609
24.999999999999996,59.628152571428565,0.05222972215680289,-264406.4833177254,-1531698.0652448665,1554351.8750576763,1702019292.7297838,293.37637316919415
29.999999999999996,59.628152571428565,0.053511425260451745,-346418.50468061276,-967810.3277816878,1027940.9569357813,1270177044.1615808,293.37567691574327
35.0,59.628152571428565,0.05637595496919472,-392516.28712288773,-594295.3053443905,712219.0292396852,1133792810.1502733,293.37545185771353
40.0,59.628152571428565,0.06224694837424058,-387617.2498178074,-415559.104955208,568275.0232655788,1251686812.1213725,293.37564801836174
44.99999999999999,59.628152571428565,0.07133508433997948,-394846.7557326209,-400916.57930828637,562706.019229254,1497021753.546664,293.37615508638464
49.99999999999999,59.628152571428565,0.08083433130326381,-445162.6371439797,-529249.6770967864,691574.2868383954,1800831198.892915,293.3768899113069
54.99999999999999,59.628152571428565,0.0880244073441093,-473424.6248351075,-763657.1066220918,898500.4462406723,2044797186.061193,293.3778166826568
59.99999999999999,59.628152571428565,0.09277391462944558,-444027.08072859404,-1052866.2458014304,1142666.7843113125,2300843717.293058,293.37897013030056
65.0,59.628152571428565,0.09581520732958329,-356495.291099853,-1322030.7279609991,1369253.13154634,2576040796.516557,293.38039418212065
70.0,59.628152571428565,0.09765103788368114,-214777.92924302624,-1486571.6596468317,1502006.9434443563,2787117587.317605,293.3820699097214
75.0,59.628152571428565,0.09845716432815074,-34704.957202481244,-1493626.1994748292,1494029.336329126,2883411569.281039,293.38386793456687
80.0,59.628152571428565,0.09809741773370077,155023.10372254907,-1353646.5150153378,1362494.4221173683,2905767267.2752814,293.3855318628996
84.99999999999999,59.628152571428565,0.0960410778683765,319634.54812622303,-1132626.511577106,1176864.0784233238,2987520263.0720415,293.3867558414637
89.99999999999999,59.628152571428565,0.09123247936529302,423767.86075528665,-912686.2797655816,1006268.0781389468,3250576477.5299625,293.3873470916167
94.99999999999999,59.628152571428565,0.08249586934077702,454739.6425887609,-760118.7742491778,885758.8235562921,3582001671.9363813,293.3872941726723
99.99999999999999,59.628152571428565,0.07056048831261086,458478.1472081885,-724793.2854886799,857629.0096288304,3785120385.9292316,293.38669552403564
104.99999999999999,59.628152571428565,0.05900364744941735,462753.3462385551,-815910.1193295489,938003.1888428412,3814938166.3087354,293.38565013857044
109.99999999999999,59.628152571428565,0.05058243701138621,431732.368751711,-981211.6855029834,1071993.1016548423,3670783267.8216233,293.3841913238181
114.99999999999999,59.628152571428565,0.045272271574830755,352680.62599574693,-1146535.7580150925,1199553.1953023153,3470633142.1613197,293.3822902370252
119.99999999999999,59.628152571428565,0.042112582090994506,243223.99750929303,-1239744.020827364,1263377.6751793583,3219167408.4022865,293.37987669937024
125.0,59.628152571428565,0.04038790477982813,124460.37286193372,-1214178.3912695416,1220540.6794690718,2865367121.9076834,293.3769131945595
130.0,59.628152571428565,0.03972899219153571,18483.26594692001,-1070996.2322921539,1071155.7126319467,2415998186.521628,293.3734873116267
135.0,59.628152571428565,0.04000038419010058,-55994.97504332957,-856099.7331884697,857929.0124453608,1928925980.2839968,293.3698533935905
140.0,59.628152571428565,0.04119011456674806,-90787.1452978832,-631989.4868084359,638477.1078024091,1467233818.4345114,293.36639221973564
145.0,59.628152571428565,0.043253935877176956,-91437.6032157945,-446735.0497388364,455996.7543163106,1069768240.6654143,293.3634543353743
150.0,59.628152571428565,0.045874101919404484,-73119.31436568925,-318777.2992007408,327055.6537028937,753336654.162716,293.3611206220578
155.0,59.628152571428565,0.048381399285819734,-49778.95015246897,-240027.58514466125,245135.03525334684,519895558.65502965,293.3591473158524
160.0,59.628152571428565,0.05016230901297165,-28475.73945587624,-191294.13572959774,193401.94958193338,356547291.21430886,293.35718222066276
165.0,59.628152571428565,0.051084082468249525,-12664.170875322814,-157700.07856841944,158207.7621497916,244835344.38590825,293.35494003181503
169.99999999999997,59.628152571428565,0.05139575456172571,-3375.0785841243646,-133828.04984469034,133870.60200313563,170517900.5580063,293.3522064301643
175.0,59.628152571428565,0.051403830673888734,1652.8540932352794,-121986.97580466661,121998.17290689988,126574092.97641018,293.3488054530222
179.99999999999997,59.628152571428565,0.05125579667669196,7137.301166837245,-129928.85268614953,130124.73949363081,110466712.79454324,293.3446421275055
185.0,59.628152571428565,0.05094020189103535,19320.214434808662,-171233.36877668637,172319.86904712892,123583959.9152828,293.33982878085146
189.99999999999997,59.628152571428565,0.050455173754516774,45276.28583847145,-268118.17327383993,271914.13515856036,174237987.1876534,293.33474771953786
195.0,59.628152571428565,0.049877834450237565,88569.96343777396,-449458.7090690816,458102.35710091464,275536441.05791354,293.32988241520707
199.99999999999997,59.628152571428565,0.0492972895224612,143456.99595235474,-734276.5813821867,748159.0791095066,433790846.6069842,293.3255646556663
205.0,59.628152571428565,0.048770856685673436,193177.0277162797,-1104277.6370242583,1121047.039008255,634105557.323038,293.32189328466933
209.99999999999997,59.628152571428565,0.04832679285216317,215406.74943863816,-1484928.0886032125,1500470.4249089716,833604334.6990731,293.31880099968225
215.0,59.628152571428565,0.04797673130843913,195146.032636955,-1760548.5399758848,1771330.893894521,972665011.0288879,293.31614268439864
219.99999999999997,59.628152571428565,0.0477244436935022,137000.2787347161,-1829642.879641432,1834764.8741449085,1003381133.0817869,293.3137652075826
225.0,59.628152571428565,0.04757014642330009,65092.788338783124,-1666331.8796166785,1667602.7716817246,916869388.9054365,293.3115503735285
229.99999999999997,59.628152571428565,0.047510755850656686,8451.384544598312,-1336878.6928525392,1336905.4062662155,747653574.5535282,293.3094216739867
235.0,59.628152571428565,0.04753494569894136,-16387.334270924868,-956649.9552361896,956790.3017787705,552109021.0956737,293.30732052088143
239.99999999999997,59.628152571428565,0.047609162469318,-11742.296390201045,-625693.4048547607,625803.5781323552,379612823.64362204,293.305173053232
245.0,59.628152571428565,0.04764827507866958,8070.220609077023,-391441.65572189755,391524.8373921886,256682523.48327208,293.3028715786465
250.0,59.628152571428565,0.04747461121399777,28545.04512966634,-252280.99984782303,253890.76880751687,188035392.62969086,293.30028895624775
254.99999999999997,59.628152571428565,0.04681918599602074,43458.331325120096,-182396.97847676938,187502.75816376403,165065656.14667258,293.29732768739825
260.0,59.628152571428565,0.04544300687991238,54697.509855573924,-154323.53055084092,163730.17335261373,174825603.99563235,293.2939776979323
265.0,59.628152571428565,0.04326745691002573,66021.6710771123,-149066.6929667043,163032.94146841642,207220165.42922536,293.2903413316607
270.0,59.628152571428565,0.04031802324709974,80424.18559755922,-157581.94754333323,176918.39876219904,259666065.85650113,293.2866044921845
274.99999999999994,59.628152571428565,0.03662420758035637,101326.67668038953,-180593.68351952423,207077.70023409635,339095528.0923814,293.28296805126655
280.0,59.628152571428565,0.03233984238057631,134964.72355011996,-230853.02879832164,267410.9150882197,460535500.5309301,293.2795753406636
285.0,59.628152571428565,0.027969551684549315,192246.76770059014,-336137.86740374315,387230.5328793961,640185057.541371,293.27647703992596
290.0,59.628152571428565,0.024167433732984946,279416.66287224425,-527432.2498255282,596873.8976087661,864681434.5824416,293.27364582390555
294.99999999999994,59.628152571428565,0.021216999566776085,386584.57633168035,-809428.3038627717,897007.1425310437,1080036342.0181422,293.27101796365207
300.0,59.628152571428565,0.01900070366966456,493849.7458405416,-1140392.2890057925,1242731.7265969508,1230556451.7847989,293.2685264313594
305.0,59.628152571428565,0.017298982827435517,577544.8018106694,-1437351.6671143242,1549044.1611054386,1277789341.4007788,293.26611036377994
310.0,59.628152571428565,0.015938443927584874,614158.4722995112,-1609220.7473656866,1722434.9168689796,1208511999.5705533,293.26371478969764
314.99999999999994,59.628152571428565,0.014808001596772598,589287.2941820006,-1605021.8533926825,1709782.0518862705,1042952837.4207195,293.2612927011953
320.0,59.628152571428565,0.013845127305048402,505165.1364156538,-1442111.9735790882,1528031.0073391898,827637043.4049565,293.25881729885947
325.0,59.628152571428565,0.013025074279026858,380222.5542456219,-1190366.5775723998,1249616.6531214654,614104469.4893204,293.25630802314873
330.0,59.628152571428565,0.012356276406616486,240852.17849618074,-928201.5774364271,958941.0514947348,439421351.80621415,293.25386079685074
335.0,59.628152571428565,0.011879106001977297,110915.76131950419,-707288.0712975543,715932.0651492706,319907048.86909056,293.2516528567599
339.99999999999994,59.628152571428565,0.011666992516151468,5259.073039122069,-544686.6837217519,544712.0718994859,256429526.82459855,293.2498910571302
345.0,59.628152571428565,0.011833850861682864,-70671.0176151693,-433822.14674340433,439540.7236375481,243012054.0813075,293.2487153958496
350.0,59.628152571428565,0.012552099171144342,-117717.62341941023,-358691.93440588866,377514.6919940367,271818190.3873943,293.24812370708025
355.0,59.628152571428565,0.014069362674054281,-139861.89478312645,-304176.9096534811,334790.892914769,331363049.9923041,293.2479866595343
359.99999999999994,59.628152571428565,0.016669099462993366,-142968.5760748316,-261951.40474466945,298426.7953662515,401550967.7127558,293.2481390671148
365.0,59.628152571428565,0.020487815012197215,-134595.91937957084,-231047.6486382081,267393.11407528206,457976068.22808343,293.24845457370867
370.0,59.628152571428565,0.025253281565386643,-121298.59174994733,-212459.0063886987,244647.04730732704,486201181.32779956,293.2488572601083
375.0,59.628152571428565,0.030298887716713477,-105610.51438646774,-204097.923914409,229803.2708538897,487152995.1904162,293.24929856176436
379.99999999999994,59.628152571428565,0.034953573525998,-87938.76767790774,-201723.3817605191,220058.05963338213,471879465.89475095,293.24973325644675
385.0,59.628152571428565,0.03883109855424312,-69035.66422420689,-201692.1578327331,213179.8523925316,451792424.1732094,293.2501100250776
390.0,59.628152571428565,0.04178709903964104,-49640.51671525917,-201915.73506182354,207928.22070444032,432668591.43062866,293.25038301233343
395.0,59.628152571428565,0.04377750126375006,-29979.930623620712,-201736.89672464528,203952.3761574925,417201839.8954792,293.2505351458677
399.99999999999994,59.628152571428565,0.04478104517238618,-20081.609141435238,-201379.6377416263,202378.43146604832,411122867.21433854,293.25058843904145
0.0,64.59716528571428,0.05607935403227424,-7935.517632629299,-1936446.9147067887,1936463.1744284574,1877927241.4655178,293.391969683403
5.0,64.59716528571428,0.056099138766694666,-23702.41485602574,-2513773.904162582,2513885.646905761,2448329246.787838,293.3917323451221
10.0,64.59716528571428,0.05617078557792027,-69356.61186098275,-2778096.318850421,2778961.9458386065,2729623862.330129,293.39109235359354
14.999999999999998,64.59716528571428,0.05634322886285295,-142520.01454794375,-2610912.1755646695,2614799.101854401,2605286644.568431,293.3900393909046
20.0,64.59716528571428,0.056711514251135936,-236112.2250688032,-2095270.2611727077,2108531.8233741904,2154597305.579843,293.38869888927815
24.999999999999996,64.59716528571428,0.057482557330059365,-336804.92687255365,-1453860.3280624575,1492363.0296544814,1608422606.0521982,293.38733736677364
29.999999999999996,64.59716528571428,0.05913340374586536,-425316.48665455036,-900796.3549327023,996156.7079933826,1226327771.555697,293.3862998918376
35.0,64.59716528571428,0.06271600801530806,-467194.6373488956,-540758.7364879057,714626.3640921473,1164747300.701092,293.3858420644617
40.0,64.59716528571428,0.06974293449714598,-454318.61749908514,-375305.0015237033,589287.0695806815,1307525720.8912544,293.3860197446624
44.99999999999999,64.59716528571428,0.07974863494695736,-481345.26310769236,-375587.2874459725,610539.9846097201,1515572458.3213446,293.38677117380917
49.99999999999999,64.59716528571428,0.0892292561300747,-565530.1936043365,-517837.72639537527,766798.7420154585,1688565178.297178,293.3880043797987
54.99999999999999,64.59716528571428,0.09591958459899513,-614233.9779010073,-770889.5262963483,985674.4094078447,1755245605.4984057,293.38963040576584
59.99999999999999,64.59716528571428,0.10027842093015567,-599928.6648464877,-1094973.5108631398,1248551.7179502177,1896690296.7839859,293.39158275370625
65.0,64.59716528571428,0.10318746287574042,-525946.223050419,-1414404.5490917722,1509026.0627412968,2127861227.0458052,293.39375563125645
70.0,64.59716528571428,0.10517187868143021,-392146.3117510583,-1630075.3161569037,1676581.1242418268,2349208146.4827814,293.3959793703841
75.0,64.59716528571428,0.1064506739846551,-209831.2043034355,-1669733.2763006177,1682866.1112177123,2480106268.3388653,293.39801362354734
80.0,64.59716528571428,0.10700151981755998,-6284.9863716724585,-1532306.944529796,1532319.8338819253,2518442116.2604194,293.3995725062598
84.99999999999999,64.59716528571428,0.10651779556147745,182055.30531313785,-1286482.7946968572,1299300.625430349,2559576081.9126067,293.4004548632259
89.99999999999999,64.59716528571428,0.10425313987692798,317677.84406270925,-1026408.4660183523,1074445.6951016549,2758038192.9328218,293.40068431242526
94.99999999999999,64.59716528571428,0.09896090827027729,374866.40688942024,-826205.393260228,907270.7285405345,3170709502.0518694,293.40045795789274
99.99999999999999,64.59716528571428,0.08987562381463353,375575.80564552825,-731801.2200464527,822551.0388102153,3653744997.464159,293.39998710645494
104.99999999999999,64.59716528571428,0.07876632881858098,367228.36384516093,-764274.4215948784,847922.2032218403,4123576589.4301033,293.3994085185972
109.99999999999999,64.59716528571428,0.06890443982995927,345713.11995442945,-887900.2779154535,952829.714498328,4476694107.653837,293.3987253004345
114.99999999999999,64.59716528571428,0.06179298613979341,291184.4083393813,-1025233.2301991032,1065782.124059342,4592959622.711544,293.3977795776067
119.99999999999999,64.59716528571428,0.05718117533842813,208803.00187419512,-1102528.6941001061,1122126.648335989,4423394168.028095,293.3962833782361
125.0,64.59716528571428,0.05448944786853684,114876.63805673138,-1078550.8849170748,1084651.3971440883,3975814379.1530957,293.3939375897703
130.0,64.59716528571428,0.05331570682704172,29287.194650098063,-957466.5203887532,957914.3372117465,3337617617.8968897,293.3905929080246
135.0,64.59716528571428,0.05342876467249834,-30425.794854950625,-779864.9738278261,780458.2669150423,2633284328.4686065,293.38634300940083
140.0,64.59716528571428,0.05462538623581022,-56837.51707495005,-597080.8139372915,599779.9610851164,1967800559.6874928,293.3815559677787
145.0,64.59716528571428,0.05652445105397978,-55190.806308256964,-445936.9098744188,449339.2400951658,1404052256.5196316,293.376813448908
150.0,64.59716528571428,0.05844681704191542,-37506.81197165435,-337637.915874192,339714.76738603076,966952117.095849,293.37261561762216
155.0,64.59716528571428,0.059653489868085885,-14491.222539455497,-263764.8014694846,264162.5749891999,651524249.4775615,293.3690830640323
160.0,64.59716528571428,0.05979397249818475,6554.262463888976,-210657.9983997166,210759.9360557422,433353358.34008443,293.3660090087721
165.0,64.59716528571428,0.059016819611312936,21289.201458039544,-169628.5934916011,170959.3221461171,284167583.67074615,293.3630861889636
169.99999999999997,64.59716528571428,0.05773299611926391,29372.709519437507,-139970.02254493796,143018.75148295658,185961200.5934281,293.3600256203269
175.0,64.59716528571428,0.05635790084363492,34933.26037968463,-127625.67250635063,132320.2364094514,130956221.38103206,293.3565755380181
179.99999999999997,64.59716528571428,0.05513141481661374,44765.63011267263,-142167.98978577234,149049.31720444778,112710830.2914889,293.35255501747736
185.0,64.59716528571428,0.054096513007391496,65864.618010934,-197093.75616839225,207807.83581542806,126355614.7728871,293.3479606965998
189.99999999999997,64.59716528571428,0.05321253592200064,103906.99577126166,-312845.118517717,329649.40762964124,173721381.03292492,293.3430577170683
195.0,64.59716528571428,0.052442579122587554,159862.4322322448,-512229.7244667578,536596.0192421294,260651243.66108307,293.3382690881547
199.99999999999997,64.59716528571428,0.05177162873596361,224572.95027151107,-802832.6125307267,833650.5345386415,386786564.80571705,293.33392712025
205.0,64.59716528571428,0.05119810622936011,276831.3924591461,-1155234.576943953,1187940.4646773103,535484598.3593358,293.3301561688958
209.99999999999997,64.59716528571428,0.050725710699909575,290438.437972169,-1494533.6472211096,1522493.1227850409,672288842.8947898,293.32692413919654
215.0,64.59716528571428,0.05035937270981131,249631.60262269963,-1721230.7853970996,1739238.7281873336,756763567.2203493,293.3241307661949
219.99999999999997,64.59716528571428,0.05010388872130872,162638.72845452206,-1758564.028388986,1766068.7409999084,762359645.1977789,293.32167062521734
225.0,64.59716528571428,0.04996355671066583,60415.363931161904,-1596113.1549786862,1597256.1534378105,690302145.1845729,293.3194628955035
229.99999999999997,64.59716528571428,0.04994112329438466,-20955.476094186084,-1295001.456424076,1295170.9941620883,567072377.1823831,293.3174485709552
235.0,64.59716528571428,0.05003409200585002,-60450.27841801663,-950974.3319648992,952893.7066729437,428814704.02114606,293.3155664861755
239.99999999999997,64.59716528571428,0.05022537543212479,-59477.566586681976,-646172.6533528584,648904.2139392735,305357228.68294716,293.31372794877586
245.0,64.59716528571428,0.050463554152926915,-34338.95857698903,-422182.722863143,423576.9299198076,213202957.01501837,293.31180817539314
250.0,64.59716528571428,0.050631669451641284,-3284.5006214805708,-281856.63505974336,281875.7717001123,157389220.9588433,293.30966296257304
254.99999999999997,64.59716528571428,0.050528336028897586,22847.381121143564,-206565.8282323486,207825.5138750075,136135685.39207768,293.30716559398655
260.0,64.59716528571428,0.049914642690236925,42468.404026115786,-173624.5166774716,178742.93869132572,144407150.4209409,293.30425024890394
265.0,64.59716528571428,0.04861706827137091,59060.7814573757,-166632.1277850433,176789.2584874061,178053301.69942424,293.300947697952
270.0,64.59716528571428,0.04656450887563325,77651.85940366822,-178521.45772718595,194678.50969710678,239939086.17616516,293.29739654937106
274.99999999999994,64.59716528571428,0.04372219427545363,104309.55526908563,-211021.33920970085,235394.32644456418,346108144.6417025,293.2938054130804
280.0,64.59716528571428,0.04007713969380916,146321.75861530707,-274727.5596788653,311264.01830500853,526215275.3071776,293.2903627770206
285.0,64.59716528571428,0.03580922997823654,212678.73777450557,-391409.67833973566,445459.0686015633,810624852.1387357,293.287157752214
290.0,64.59716528571428,0.03142640363364958,310793.42204522924,-589960.1625737393,666817.4747339911,1195007298.3258748,293.2841769820845
294.99999999999994,64.59716528571428,0.027492490189810266,433046.3204801928,-879170.3698553164,980035.5375765553,1594436598.683955,293.2813552856385
300.0,64.59716528571428,0.024268552832192397,550155.0501063375,-1211635.1743720993,1330687.9329629522,1866194873.20729,293.2786237713501
305.0,64.59716528571428,0.021719320254813677,625705.7082534784,-1488366.6823933728,1614541.1157971919,1911484878.049749,293.2759307847483
310.0,64.59716528571428,0.019700117856522828,634040.5668258909,-1613114.1525225325,1733246.869158974,1734366986.3171458,293.27324067332046
314.99999999999994,64.59716528571428,0.018074619493447387,569974.8892928393,-1549090.7332355354,1650622.1476220998,1415836891.2571974,293.270525800656
320.0,64.59716528571428,0.016750958137127216,449768.12090932275,-1335893.4271782201,1409575.3301488622,1059183583.0593375,293.267766087288
325.0,64.59716528571428,0.015687313916291492,303105.2200527469,-1058692.0750586132,1101227.3535538139,746322384.3049569,293.264965522144
330.0,64.59716528571428,0.014893621672554428,160285.60280826042,-797737.2952697325,813680.6908928561,519012257.3258816,293.26218551604904
335.0,64.59716528571428,0.014436223227552966,41875.14731392631,-596325.7728826514,597794.2416640149,384406965.55141616,293.25957286320266
339.99999999999994,64.59716528571428,0.014445115086899999,-44354.67416071759,-460152.97363893647,462285.73011575773,331676627.4170472,293.25733789350875
345.0,64.59716528571428,0.015121645115534807,-99920.03463143767,-373969.23890402494,387087.8517432489,344861179.45748365,293.2556633735989
350.0,64.59716528571428,0.016734941096705182,-130383.18914982522,-318415.4732740672,344075.8486630925,405240915.8419433,293.2546060269585
355.0,64.59716528571428,0.019565411208848256,-142365.7817912131,-280054.89201124234,314163.58535713825,487829683.6568656,293.25408667116614
359.99999999999994,64.59716528571428,0.023741210514563734,-142478.238348443,-253352.14463615682,290667.09066321194,563554538.5742425,293.253968873558
365.0,64.59716528571428,0.02902816288925346,-135675.3523608328,-236479.18650223667,272635.66693849093,609347639.3450418,293.2541336929438
370.0,64.59716528571428,0.03481574378297142,-124043.78454355942,-227285.45986748827,258931.53680280937,617644315.1555682,293.254499309351
375.0,64.59716528571428,0.04040622345387424,-108356.29365044976,-223170.83287349695,248085.28174624307,598737363.407849,293.25500466317726
379.99999999999994,64.59716528571428,0.04531148672728743,-89876.34581205137,-221952.68077088147,239459.28680656396,569908008.874052,293.25558656721796
385.0,64.59716528571428,0.04930051743338194,-70084.7716318247,-221905.53400194025,232709.99384506737,542157212.9295032,293.2561686565061
390.0,64.59716528571428,0.05229772696620663,-49948.39169744206,-221913.10321809482,227464.8702834042,519128835.54579914,293.25667194095195
395.0,64.59716528571428,0.05429042702422264,-29871.74376284163,-221627.28908612972,223631.34025243373,502095974.43808424,293.25703701394747
399.99999999999994,64.59716528571428,0.05528384289467225,-19871.324298439384,-221278.436753619,222168.89093997635,495651117.82264024,293.25723172775196
0.0,69.56617799999998,0.0608712192870409,-15562.215309505742,-1915609.1547904683,1915672.3666802712,1853753517.5029109,293.4022277797996
5.0,69.56617799999998,0.060910355214052796,-37639.73141941921,-2468463.703708923,2468750.6568930163,2399514545.781609,293.40198444210023
10.0,69.56617799999998,0.06101876959773073,-93819.75066316652,-2706438.545506755,2708064.20644327,2653614634.3538833,293.4013338018427
14.999999999999998,69.56617799999998,0.0612483724893511,-175315.62310373058,-2520387.8998468355,2526477.9305188064,2507725104.975895,293.4002502145464
20.0,69.56617799999998,0.06170456443611611,-273734.14336372836,-1999655.3804594434,2018304.2441226435,2048990686.3469367,293.3988283292685
24.999999999999996,69.56617799999998,0.0626193185600224,-376029.43474977947,-1365925.8831327932,1416739.7975670549,1513003946.4181664,293.3973124434922
29.999999999999996,69.56617799999998,0.06452688537369855,-462900.9112507446,-826813.5563807377,947574.752012596,1161198364.6175418,293.3960852821275
35.0,69.56617799999998,0.06857994867739652,-497024.6467443033,-480562.9520652539,691356.8184150432,1130336226.216577,293.39551185375444
40.0,69.56617799999998,0.07623011573829883,-482695.1420410171,-326414.7820769768,582701.6475936532,1262169994.8302534,293.3957584849124
44.99999999999999,69.56617799999998,0.08644576933375911,-532936.0904926262,-334357.6668924124,629139.0354757063,1441096398.116356,293.3968160586276
49.99999999999999,69.56617799999998,0.09554978034013828,-646575.732956221,-479458.14287183987,804947.3828853585,1545888904.7313836,293.39857262579767
54.99999999999999,69.56617799999998,0.10180563360790643,-721207.2285414296,-744328.5701741837,1036419.2621125655,1556733192.4392142,293.4008769891003
59.99999999999999,69.56617799999998,0.10595683863531538,-740742.4633757318,-1100613.8582279356,1326668.8592001132,1691388990.9632273,293.4035696670052
65.0,69.56617799999998,0.10889341563963019,-709046.5542182702,-1472544.34576827,1634360.384463263,1957844674.422186,293.4064355662363
70.0,69.56617799999998,0.11113150094696553,-619324.0832771051,-1748006.9548503496,1854478.534341182,2249149841.0573187,293.4092091128965
75.0,69.56617799999998,0.1129263153228945,-472779.22335017787,-1834020.7445348748,1893977.8999280466,2460587537.7856054,293.4115786830055
80.0,69.56617799999998,0.11436053088331488,-287392.30303705874,-1712803.8950981977,1736747.3964018207,2546299082.7062845,293.41322445797255
84.99999999999999,69.56617799999998,0.11534197592249783,-94584.02271613714,-1450013.7929963376,1453095.364121981,2548603551.9862537,293.4139765769241
89.99999999999999,69.56617799999998,0.11549725876643932,69688.6992410733,-1150833.4177623077,1152941.4860435836,2594725319.434562,293.4139686225965
94.99999999999999,69.56617799999998,0.11398752305340988,175186.0472604017,-905753.4458516666,922539.6771016907,2845501026.0902004,293.4135587883553
99.99999999999999,69.56617799999998,0.10966532160818458,219382.68806738453,-766985.0799944488,797743.6159304332,3382222890.4377055,293.4131095384118
104.99999999999999,69.56617799999998,0.10237831522985166,234256.21928807173,-751141.5580375458,786822.4809232467,4183099434.290287,293.4128439004196
109.99999999999999,69.56617799999998,0.0939051667500531,236275.56550532053,-827179.5409396683,860262.8294910919,5059979588.246017,293.412754073239
114.99999999999999,69.56617799999998,0.08629298644088942,216287.06432177193,-923943.5235300974,948921.3502003957,5630958995.928191,293.41253621578045
119.99999999999999,69.56617799999998,0.08043797148441423,171524.48038225455,-975158.5945290996,990128.745090441,5647272768.598157,293.4116702885101
125.0,69.56617799999998,0.07645499994645126,111500.34028916944,-948189.202324439,954722.5195255722,5129469029.525426,293.4096528078546
130.0,69.56617799999998,0.07419028894004345,52571.88330403999,-849474.9892673899,851100.2057953961,4280667790.1795993,293.40618920622506
135.0,69.56617799999998,0.07336165500259295,10391.102406392556,-711717.1889196311,711793.0401548486,3336675662.189127,293.4012286105342
140.0,69.56617799999998,0.07350890353540933,-7692.531549350123,-571588.4317697759,571640.1931063539,2464861086.43125,293.3950467493944
145.0,69.56617799999998,0.07393940626443346,-4214.562205698821,-452251.76122255356,452271.39867947355,1746840636.9177911,293.3884180030855
150.0,69.56617799999998,0.07386727398289007,12833.04669147902,-359260.8763465373,359490.00592598907,1203009542.6006088,293.3823381422359
155.0,69.56617799999998,0.07274994614111908,34748.81720409645,-287323.5372328068,289417.1649108874,815568977.0575789,293.37732582991134
160.0,69.56617799999998,0.07049846150701541,54519.39651196698,-229113.6367075264,235510.98301645607,546244297.1952181,293.37325531538715
165.0,69.56617799999998,0.06740380638056248,68319.71395646516,-181335.30893884698,193778.42393579398,359389514.0060269,293.3697370114722
169.99999999999997,69.56617799999998,0.06398779748107487,77262.77031608994,-147763.1862634767,166743.8001595615,236878612.42931074,293.36638921516754
175.0,69.56617799999998,0.06084958028193631,88306.21185192102,-137611.29939088976,163507.97158452385,170114341.3184629,293.36289533611443
179.99999999999997,69.56617799999998,0.05839306914112525,109597.19929428876,-161276.2903561067,194991.25089136508,146438382.2127327,293.3590196261025
185.0,69.56617799999998,0.056646682668190736,145058.65586572216,-231852.81765743287,273491.75983429706,154794336.25648645,293.35468252988073
189.99999999999997,69.56617799999998,0.055404007259437366,196598.2453866699,-367141.4382943928,416465.73184596194,193203197.5721118,293.35004920431436
195.0,69.56617799999998,0.05446616261102362,262674.1350946758,-581808.5919609169,638356.4356433486,262593431.20635477,293.3454617339829
199.99999999999997,69.56617799999998,0.05371862130904067,330917.4751246748,-870553.6106247094,931326.9910802585,357401040.01554185,293.3412205051582
205.0,69.56617799999998,0.05310848762233076,376894.93968913093,-1193558.551225109,1251651.6331495177,460313212.59169126,293.3374540192666
209.99999999999997,69.56617799999998,0.05261598703161498,373479.39624241326,-1478666.5588431838,1525103.8166822416,544668934.6376038,293.33415507374497
215.0,69.56617799999998,0.05223767418756502,307216.48623650795,-1646672.8085932794,1675086.0598715474,585437261.3345441,293.3312631886474
219.99999999999997,69.56617799999998,0.05197775982742109,190611.25904562208,-1648554.352568335,1659537.316678043,571851964.3746015,293.328717262562
225.0,69.56617799999998,0.05184359562994694,58946.64557242754,-1489991.9577826348,1491157.5172600546,511802891.1568581,293.3264718080889
229.99999999999997,69.56617799999998,0.05184266476724968,-48093.621714480076,-1225532.3329133003,1226475.6399804815,425180599.95920265,293.32448601770074
235.0,69.56617799999998,0.05197894858834769,-106339.4291619869,-928798.0281450037,934865.6862247883,332911138.6041889,293.32270092581604
239.99999999999997,69.56617799999998,0.05224598396469107,-114720.28959009226,-661263.0443141786,671140.4909698789,249840469.15461636,293.32102366977256
245.0,69.56617799999998,0.052612527657315375,-88947.00201808817,-456289.8747537616,464878.4991487659,183837772.0632466,293.3193302791804
250.0,69.56617799999998,0.0529993600406714,-49317.97765726228,-319988.60020137875,323766.8407651408,138584971.38886103,293.3174837927254
254.99999999999997,69.56617799999998,0.05326173189124529,-10564.014212732483,-241460.68659917687,241691.66632143676,116123888.8788616,293.3153572483501
260.0,69.56617799999998,0.053208459003712835,21734.392215518426,-204559.19536649738,205710.5933440639,117500847.28405334,293.312857607739
265.0,69.56617799999998,0.05266083512457361,48947.01535380055,-196941.9513326731,202933.34498491415,144230496.7557913,293.3099564407694
270.0,69.56617799999998,0.05150158615990662,76739.18982981869,-214751.22355609108,228050.41388819087,203772655.59041357,293.30672630445713
274.99999999999994,69.56617799999998,0.049667012485693475,113555.4183682872,-262579.22828583,286081.60403629375,318259406.7939074,293.30334700978307
280.0,69.56617799999998,0.04710481432654608,168347.8083589595,-350365.26483849075,388711.7227259949,529623226.8046307,293.30003151252714
285.0,69.56617799999998,0.043791525130098145,246730.68376735647,-488719.44790424575,547469.3864246092,884287987.7462325,293.29690968320426
290.0,69.56617799999998,0.03985675245228436,347691.02721701504,-684451.881996412,767700.090644552,1384525445.1208565,293.29398303903497
294.99999999999994,69.56617799999998,0.03565880319551906,462254.48937204265,-935843.3627155451,1043782.5503826682,1945815044.048914,293.2911715048967
300.0,69.56617799999998,0.03163645916628753,568008.8077341341,-1213247.4510760817,1339628.0764474003,2398963317.3286967,293.28837788399795
305.0,69.56617799999998,0.02809857546303705,628283.5989450888,-1439220.391848082,1570380.7235873535,2555557496.3491206,293.28552816058306
310.0,69.56617799999998,0.025153755789145346,613087.1414310327,-1520356.0302420994,1639316.412923872,2344199747.19947,293.2825918502994
314.99999999999994,69.56617799999998,0.022773620600993007,521482.7613091413,-1419111.287932027,1511893.223041463,1876180871.797709,293.2795788472385
320.0,69.56617799999998,0.02089191617101707,380182.7802580465,-1183834.9520807778,1243384.1482714969,1348319545.6176417,293.27651506627484
325.0,69.56617799999998,0.01947221181663618,226462.11169177433,-907592.685482704,935419.4624731753,910989886.0191265,293.2734271628954
330.0,69.56617799999998,0.018544333001330876,91215.77390331442,-667468.1303125719,673672.0436471599,622467129.0701119,293.27036084072347
335.0,69.56617799999998,0.018226510275398594,-9821.371065420019,-495546.2714610431,495643.58816446573,475869831.0377617,293.2674201066601
339.99999999999994,69.56617799999998,0.018733761793432092,-75511.77323485537,-387091.58366344695,394388.03485925833,439469996.1466655,293.2647812806295
345.0,69.56617799999998,0.0203508360581021,-113169.91954486874,-322852.5100905105,342112.8088241293,478150347.39941955,293.26263840922576
350.0,69.56617799999998,0.02333719128971279,-132172.83755711815,-285413.5304163404,314532.25960562396,557447144.5614693,293.2611073485326
355.0,69.56617799999998,0.027766332001734496,-140047.19956237017,-264004.54713293695,298850.4960881435,643950829.711205,293.26018060577746
359.99999999999994,69.56617799999998,0.033391306475054096,-140834.320945487,-252296.3520718569,288942.47736347595,708764090.2505101,293.25976769256573
365.0,69.56617799999998,0.03967085801421748,-135642.9438757396,-246075.85656295397,280984.58215081575,735446585.3193301,293.25976090998927
370.0,69.56617799999998,0.045972100274241146,-124782.10359981598,-242953.0796119127,273124.09683458466,727155098.4239156,293.26006734378296
375.0,69.56617799999998,0.05178196951497051,-109255.89610912329,-241872.54528609334,265403.8036611021,699962458.4729178,293.2606045061382
379.99999999999994,69.56617799999998,0.0567822081644394,-90646.28207653001,-241977.23605332573,258398.39632301274,668186710.2111193,293.26128454551656
385.0,69.56617799999998,0.06081415575576444,-70466.09370363259,-242291.39113283076,252330.3164087334,638580608.5711163,293.262008541485
390.0,69.56617799999998,0.0638191140306922,-49847.40711866689,-242138.58143232838,247216.21430341993,613332536.1885909,293.26267742924904
395.0,69.56617799999998,0.06579507334106315,-29509.595164453793,-241460.2316423203,243256.77723659197,593967269.5242493,293.2632051979871
399.99999999999994,69.56617799999998,0.06676842489461779,-19474.956322928083,-240757.1065369965,241543.49147068037,585718884.3179076,293.26351468162454
0.0,74.5351907142857,0.0656544075257309,-24235.34048966292,-1886633.4188034856,1886789.0737108847,1808896305.0466318,293.41119016899154
5.0,74.5351907142857,0.0657157146265412,-52032.39693458216,-2414069.0264961924,2414629.709711001,2327356174.8065033,293.4109383555654
10.0,74.5351907142857,0.0658612121699567,-115593.62565289564,-2627357.787031895,2629899.394913942,2557512496.588182,293.41030100612693
14.999999999999998,74.5351907142857,0.06614131114100899,-199361.995848713,-2426094.948965954,2434272.356739668,2397503031.4729314,293.4092664798231
20.0,74.5351907142857,0.06666434593680391,-294435.19599807775,-1904207.9208759854,1926836.7576339387,1937336693.8751912,293.407921319217
24.999999999999996,74.5351907142857,0.0676710935574505,-389195.7928831319,-1280629.8232741174,1338464.0859795331,1409863465.4718385,293.4064801714948
29.999999999999996,74.5351907142857,0.06971404110030549,-466226.6120618273,-755596.223533247,887858.6074439748,1068179287.4926467,293.4053120082703
35.0,74.5351907142857,0.07396149374589096,-490411.4281648922,-420890.51827973616,646260.162204444,1029421718.0098909,293.4048355119223
40.0,74.5351907142857,0.0817495323249955,-476186.81836158864,-273376.2688104957,549079.6575453156,1133944409.1575253,293.40530793013886
44.99999999999999,74.5351907142857,0.09179444028551946,-538302.4821190141,-279522.3645167404,606549.5153081247,1290376000.0502837,293.40675977200004
49.99999999999999,74.5351907142857,0.10054853552590626,-666645.8957071804,-417532.69584858883,786606.8283239213,1379545763.2980635,293.4090333572062
54.99999999999999,74.5351907142857,0.10659372004091255,-765297.3319109565,-684885.779759118,1027009.5119064301,1411290410.0548918,293.41190005541165
59.99999999999999,74.5351907142857,0.11074435976737526,-827433.0534048285,-1063138.069553825,1347185.2184467702,1602365605.5142622,293.4151422160849
65.0,74.5351907142857,0.11386757345138734,-857838.5374323027,-1480322.4000976186,1710918.2810802993,1967027002.175672,293.4185277821508
70.0,74.5351907142857,0.11648396500616566,-843440.7476104259,-1817744.0521377414,2003892.6452811214,2405904033.236253,293.4217986373884
75.0,74.5351907142857,0.11889920299668078,-770965.699796576,-1965076.0433977442,2110903.116345835,2800872054.5214243,293.4246374441062
80.0,74.5351907142857,0.12130917710032738,-640115.0335474883,-1884186.4445897602,1989951.2089871208,3067438439.0598807,293.4266831051684
84.99999999999999,74.5351907142857,0.12383632328755703,-467576.83486160915,-1628557.741900641,1694351.9159854942,3189656501.5144334,293.42769174352816
89.99999999999999,74.5351907142857,0.12648184205398005,-282527.27308278665,-1305685.7730247774,1335903.0645652798,3229245048.439664,293.4277387672485
94.99999999999999,74.5351907142857,0.1289265388030886,-118815.28469941774,-1020375.3723266262,1027269.6687476492,3326557568.0720015,293.42721763877466
99.99999999999999,74.5351907142857,0.13021110588032508,-1182.4338621094184,-840895.9539291575,840896.7852740703,3691935342.571994,293.4266261558753
104.99999999999999,74.5351907142857,0.1289880097981274,74745.45657116984,-787812.5239449703,791350.4003679893,4495338600.590046,293.42632085204957
109.99999999999999,74.5351907142857,0.1248687324931921,125399.0357978326,-825197.0704762661,834670.6675699331,5591910788.354354,293.42630608357683
114.99999999999999,74.5351907142857,0.1189661387391994,151241.69020872572,-882917.4685683342,895777.4864107199,6448980596.665097,293.4261456235423
119.99999999999999,74.5351907142857,0.11276590094084872,149034.10197849813,-904953.7811997788,917143.669040088,6618603096.822643,293.4251860819219
125.0,74.5351907142857,0.10728992783934675,125015.2814659137,-869830.1614781113,878768.0754425701,6065253364.236367,293.4229286616293
130.0,74.5351907142857,0.10298929319992386,92943.69250257693,-785852.9842638894,791330.1730962079,5061628593.700498,293.4191284834686
135.0,74.5351907142857,0.09980962072671935,67236.19490447732,-676677.3526309311,680009.5186604657,3937476640.929128,293.41365699492536
140.0,74.5351907142857,0.09728875557423983,56373.53622331737,-565405.9549719089,568209.3535872302,2915020128.1761007,293.4065772949168
145.0,74.5351907142857,0.09474175894569825,60910.65990235984,-465584.2383700145,469551.69205139426,2090119053.0185425,293.398578203389
150.0,74.5351907142857,0.0915393599825118,76048.70169938401,-380916.2581836618,388433.52169812017,1475626959.297913,293.3909582483741
155.0,74.5351907142857,0.08733616896472549,95396.95175286735,-309222.3940300895,323603.25612304773,1038292169.7047329,293.38465071205195
160.0,74.5351907142857,0.08212148343196989,113579.32367856604,-247173.21873371198,272019.9676980789,729266546.7808475,293.3796805759669
165.0,74.5351907142857,0.07619043472817005,127835.7756697442,-195197.80486938125,233332.74216643962,510345927.11225355,293.37560873731536
169.99999999999997,74.5351907142857,0.07019011169923457,141346.29322862218,-160856.29710697522,214134.3571882829,363866047.74456877,293.3719720934107
175.0,74.5351907142857,0.06502236976045161,164752.95787931976,-155860.68645641647,226795.26166269495,279447528.4542614,293.36839680922174
179.99999999999997,74.5351907142857,0.06127780297147141,204812.19600234818,-190906.75931700066,279988.2611543268,237488367.2954528,293.3646066345858
185.0,74.5351907142857,0.05884443679427602,257913.0570267453,-278158.053717398,379329.7349704239,225161401.7861158,293.36047282067506
189.99999999999997,74.5351907142857,0.057259356567256496,321540.44532587985,-431042.588001462,537760.1423045066,243156023.61035448,293.3560871805884
195.0,74.5351907142857,0.05615247988327246,391968.63313428167,-654506.1066087611,762900.8146209546,289039126.018065,293.3517152359766
199.99999999999997,74.5351907142857,0.05532116600214058,454208.53303446254,-930770.1194380773,1035682.5800987922,352011537.7700806,293.3476127256416
205.0,74.5351907142857,0.05466831030051256,482967.0981775667,-1212682.2734550806,1305318.1659175062,414240593.13409805,293.34390059088406
209.99999999999997,74.5351907142857,0.05415203784773827,453981.1289331998,-1434879.2309537297,1504984.1437204012,455604137.1871294,293.34058696771245
215.0,74.5351907142857,0.053759054053383784,359184.8485839331,-1540490.689936438,1581810.7728907103,462435172.5751032,293.33763811535
219.99999999999997,74.5351907142857,0.05349106367166251,215417.17752433484,-1507173.2656992294,1522490.0043057855,434297527.26504165,293.3350225663237
225.0,74.5351907142857,0.053357186011744634,58988.40280079337,-1354661.8139962126,1355945.523228901,382597529.299524,293.3327201924694
229.99999999999997,74.5351907142857,0.053368841780950756,-71081.39688223209,-1130541.8334820783,1132774.206201637,322313627.46781987,293.3307066285344
235.0,74.5351907142857,0.05353496179538239,-149611.89319632945,-887426.5515156765,899949.7779991924,264194350.7171649,293.32893063797013
239.99999999999997,74.5351907142857,0.053854776332175516,-172137.76172506285,-666252.4295152046,688130.5899657618,212562929.53986818,293.32730485016435
245.0,74.5351907142857,0.054304351963988154,-151357.12990298972,-490042.6131482257,512884.7272766193,168089239.7616465,293.32571609976014
250.0,74.5351907142857,0.05481778001009826,-107372.35793224165,-365258.21499503904,380712.9980303951,132011628.43659523,293.3240435489281
254.99999999999997,74.5351907142857,0.055278071654822764,-57253.98501391477,-287272.3702561689,292922.2311682248,107965703.60094105,293.32217238688065
260.0,74.5351907142857,0.055535097722812975,-10039.395589859614,-247512.42387489995,247715.94505852432,100775064.11745375,293.32000463048576
265.0,74.5351907142857,0.05544223545940236,32757.65085488847,-240078.4428155263,242302.95580999154,115999687.03697789,293.3174799836645
270.0,74.5351907142857,0.05489066612637146,75883.16184878549,-265840.97696603416,276459.1819535471,163488371.62912062,293.3146162547969
274.99999999999994,74.5351907142857,0.05382603609339192,128453.65197439924,-332913.6896230945,356835.9082884207,264942681.69642645,293.3115441655756
280.0,74.5351907142857,0.05222941434795917,199942.63267938656,-453000.60783417255,495163.21254803846,461718542.2809669,293.30846794522085
285.0,74.5351907142857,0.05007707735235128,294569.4259718162,-631792.5710673518,697088.9466727041,810569950.7047879,293.30554485260575
290.0,74.5351907142857,0.04733696365151801,404666.824452328,-853597.9864245116,944661.188596373,1338960644.8834407,293.3027993311924
294.99999999999994,74.5351907142857,0.04403149765466899,508565.93293319823,-1076954.617101347,1190995.615204407,1966489993.0364304,293.30014099285796
300.0,74.5351907142857,0.04031686260922257,580074.9392304502,-1255428.7510583033,1382963.5874118384,2501492711.972483,293.2974347515692
305.0,74.5351907142857,0.036477331436488396,599564.6295633974,-1352713.2582507546,1479632.0164388395,2748116526.4019012,293.294568869665
310.0,74.5351907142857,0.032823299129203495,555873.8506510443,-1338443.0661934165,1449284.5059817806,2609729145.250936,293.2915025563222
314.99999999999994,74.5351907142857,0.029600489150992844,451462.6939000388,-1201435.1675300174,1283458.2290676082,2145918435.66582,293.28827472085686
320.0,74.5351907142857,0.026967363631392315,309456.88568831806,-976204.7833273704,1024079.7542628949,1553101375.193517,293.28496601463974
325.0,74.5351907142857,0.025037419723153202,164582.51438087388,-733766.7472704076,751998.0341993753,1040379794.3820453,293.2816514828952
330.0,74.5351907142857,0.023952505546575874,44879.54599716918,-535574.7416485873,537451.8374150962,712745923.4724123,293.27839069651577
335.0,74.5351907142857,0.023934792335212715,-38187.62092513869,-402845.4113615987,404651.35591891664,566260770.960746,293.27525711494945
339.99999999999994,74.5351907142857,0.025267432904818775,-88182.3314360997,-325387.1093598593,337124.4495955035,548597583.5014697,293.272369746506
345.0,74.5351907142857,0.028172974786400087,-115931.12119729762,-284677.123422967,307377.76344823267,604158409.8192614,293.269885966759
350.0,74.5351907142857,0.03264869542029711,-131272.2644327535,-265801.46903357474,296450.3809235352,687703692.1547841,293.2679486573958
355.0,74.5351907142857,0.03840107536333071,-139177.85220075547,-258502.49609964158,293588.17250182363,764212318.7001581,293.26662732243716
359.99999999999994,74.5351907142857,0.04493529586842324,-140857.58732522468,-256350.64248766846,292500.44753969816,811884103.4825711,293.2659014599356
365.0,74.5351907142857,0.05171008980071462,-136346.90098958253,-256338.07166154817,290344.07931387896,826785519.6200984,293.26569162182045
370.0,74.5351907142857,0.058250163920701925,-125988.15244209171,-257592.28059750466,286752.1535737706,818000010.6744113,293.2658960453285
375.0,74.5351907142857,0.06418950754161674,-110713.662033194,-259658.38578652157,282276.4465378973,796753212.7679765,293.26640509708307
379.99999999999994,74.5351907142857,0.06927317994261548,-91855.56011950351,-261711.24643953002,277362.97596795455,770215218.1384709,293.2671032453074
385.0,74.5351907142857,0.07334633963610736,-70925.4456455086,-262805.50518657186,272207.9212594359,741800452.2762144,293.26787498952405
390.0,74.5351907142857,0.07634306465003261,-49435.3471453546,-262437.26052438084,267052.7462111623,713870929.566023,293.2686144780456
395.0,74.5351907142857,0.07827339986254647,-28663.170128460428,-260891.96450920022,262461.7962052437,689725375.1092494,293.269224471929
399.99999999999994,74.5351907142857,0.07920060857353373,-18588.550771459224,-259248.08145104878,259913.6432660524,676854682.9089785,293.2695986471909
0.0,79.50420342857143,0.07035713531191025,-35409.330797226605,-1853159.005927614,1853497.2678582857,1725897482.4565127,293.41894562118785
5.0,79.50420342857143,0.07044569651359743,-69605.56372104779,-2359202.707779785,2360229.300491034,2211837507.29581,293.4186933715612
10.0,79.50420342857143,0.07063231315422472,-139934.151117322,-2553774.0877433806,2557605.062920869,2421006018.811689,293.4181001120194
14.999999999999998,79.50420342857143,0.0709613729694379,-222925.4827670368,-2343115.392610747,2353696.1388327787,2257573418.8397565,293.41718414325095
20.0,79.50420342857143,0.0715368483947922,-309674.9428878028,-1823547.2080674937,1849654.830043518,1809279461.8643296,293.4160438528411
24.999999999999996,79.50420342857143,0.07259200143807568,-390785.0910167176,-1210430.5512066528,1271949.3333680339,1297886866.6666727,293.4148785821939
29.999999999999996,79.50420342857143,0.07465832355121714,-452450.57308964216,-697278.5129821491,831209.2671257597,959029362.1920791,293.4140257976182
35.0,79.50420342857143,0.07884526849191177,-465589.6274285925,-370303.22152516356,594893.416538635,896696724.3230877,293.41390093135067
40.0,79.50420342857143,0.08640446527839252,-446987.10112776706,-223892.48822001825,499925.3092772516,971581361.5189044,293.41478644953315
44.99999999999999,79.50420342857143,0.09614696143575435,-501815.0059263883,-220711.48596745968,548207.8622300717,1104135412.669413,293.4166923591337
49.99999999999999,79.50420342857143,0.1047613992663759,-624938.056861943,-343122.08125193435,712937.8216626189,1202944484.8858538,293.4193846218867
54.99999999999999,79.50420342857143,0.1108736102726914,-735718.7475427293,-600117.1510773195,949432.8151601884,1290015980.5885572,293.42258414140724
59.99999999999999,79.50420342857143,0.11524482250382063,-833207.1520731583,-982027.4594873502,1287871.1462926106,1571996013.9047241,293.42610289504523
65.0,79.50420342857143,0.11873653803282118,-926165.2136525123,-1425846.6492742337,1700241.3564628297,2088835785.944476,293.4297998574545
70.0,79.50420342857143,0.12190822880933164,-999060.1835874508,-1816294.3205785656,2072931.814941279,2769921506.847128,293.4335071300778
75.0,79.50420342857143,0.12514883698669152,-1024307.1544652276,-2034326.2000234332,2277649.717316171,3506994577.61119,293.436943475341
80.0,79.50420342857143,0.1288029405689124,-977824.493025276,-2021451.4765972735,2245530.4075869103,4193880653.779232,293.43969729951885
84.99999999999999,79.50420342857143,0.133246576097875,-851651.4115736132,-1808406.812752399,1998911.0353501523,4746205725.376314,293.4413687262076
89.99999999999999,79.50420342857143,0.13887564709796002,-659440.1320994174,-1489703.610759803,1629134.1675055777,5080616154.554511,293.44181142966573
94.99999999999999,79.50420342857143,0.14581563428924607,-438876.3452906195,-1175520.9442417915,1254775.6519819645,5128619610.622153,293.44126766442866
99.99999999999999,79.50420342857143,0.15310991643254937,-242222.04283078448,-957563.6721793814,987724.5083072406,5065321605.313086,293.44026877338376
104.99999999999999,79.50420342857143,0.1583376345850708,-91770.37145448635,-873405.4009321369,878213.4111104893,5348085820.182347,293.4393184619314
109.99999999999999,79.50420342857143,0.15944606584983295,23409.521042715925,-881237.2085215497,881548.0834068569,6097060799.300932,293.4385171489748
114.99999999999999,79.50420342857143,0.15650892085589727,104362.22683669227,-906213.925441131,912203.4603386116,6845159442.036025,293.43747381962737
119.99999999999999,79.50420342857143,0.15089799412328367,147295.38229894653,-899100.6642716589,911086.12882665,7047592977.448992,293.43566490567423
125.0,79.50420342857143,0.14405701697930903,158370.55025567557,-848244.9619330706,862902.5128211888,6541148711.755023,293.43278805372586
130.0,79.50420342857143,0.13704544612194308,150817.43199822152,-764654.279648605,779385.6973151774,5533553526.618257,293.4286962157411
135.0,79.50420342857143,0.13037735153703553,138810.17059015148,-666279.0619615222,680585.0805502519,4364370647.5046625,293.4231832512977
140.0,79.50420342857143,0.12402269478948981,132425.47693246594,-568083.135206288,583313.7710071628,3293657860.1267657,293.4160413004394
145.0,79.50420342857143,0.11761383772386277,135407.70972890337,-478245.0857340346,497044.8771316138,2435613448.430056,293.40758274925724
150.0,79.50420342857143,0.11073085082303555,146509.2902449807,-398918.49163143605,424971.68740233517,1798322324.2014477,293.3990301455677
155.0,79.50420342857143,0.10308812710126757,162378.55965856081,-328739.36931680935,366655.6553165413,1340978515.196202,293.3916812202622
160.0,79.50420342857143,0.0946036716427467,179561.93922552667,-266192.713498394,321093.5233511723,1013704345.9235069,293.3858845061846
165.0,79.50420342857143,0.08550940960860662,196196.04989814362,-214101.07497953708,290400.0005217428,776407890.9556195,293.3812638745958
169.99999999999997,79.50420342857143,0.07661862133734527,217867.6144058601,-182878.9826657115,284448.6240215378,607247961.5920742,293.37730922048036
175.0,79.50420342857143,0.06922860921816713,258818.81380842964,-186182.67257524902,318827.7998363144,493170809.5297913,293.37359546599345
179.99999999999997,79.50420342857143,0.06411587201611786,321255.5332736076,-234557.84771128077,397771.9215604068,409313622.45605403,293.3698084676954
185.0,79.50420342857143,0.06095369974538502,391392.27748541813,-337703.30179611786,516944.32477707154,351469805.00197905,293.3657830430199
189.99999999999997,79.50420342857143,0.05899035816182875,462354.8719715383,-502994.4382436062,683209.6548935901,331678652.8729431,293.36155963527966
195.0,79.50420342857143,0.057682480507289184,528644.9857199002,-725389.4800626094,897583.0984996856,344262504.3343115,293.35734294937396
199.99999999999997,79.50420342857143,0.05674115238096197,574289.0128821107,-976998.8009175278,1133284.839443022,372088530.66101307,293.35334803199567
205.0,79.50420342857143,0.05602585892287083,576364.767661723,-1208006.4482587362,1338460.2812322965,396181462.4951572,293.34968746127504
209.99999999999997,79.50420342857143,0.05547202479964952,516937.57796601555,-1363780.687795613,1458465.7088590206,401253553.6558096,293.3463795130762
215.0,79.50420342857143,0.05505492598819646,395084.3502072427,-1409452.666750757,1463778.830148018,381275669.07570773,293.34340400289307
219.99999999999997,79.50420342857143,0.05477201732452041,230967.1112809096,-1344920.1405597758,1364608.3654209273,341637162.5303825,293.34074148814204
225.0,79.50420342857143,0.054633012050013835,58699.42467272397,-1199945.0914717338,1201379.975280101,294783374.94474256,293.3383833316226
229.99999999999997,79.50420342857143,0.054652645801106584,-87094.94601224676,-1015570.7351227402,1019298.5076309192,252082721.4744391,293.3363168033378
235.0,79.50420342857143,0.05484341796224818,-182784.1086350159,-827206.2204028929,847160.0565670792,217980630.04349586,293.334501793383
239.99999999999997,79.50420342857143,0.055205422947946614,-221187.42835639487,-657911.8062477778,694097.8484789653,189804934.33135682,293.33286255228785
245.0,79.50420342857143,0.055711081253750336,-210838.09778481873,-519313.2928871187,560481.0430753061,162479049.37762222,293.33130006453996
250.0,79.50420342857143,0.05629122156682724,-168973.67754769797,-414833.5699559879,447927.4433057467,134457627.8788693,293.32970956504306
254.99999999999997,79.50420342857143,0.0568385742199415,-112137.62178294561,-343343.8898682201,361192.29356255016,109769796.84850469,293.327990492367
260.0,79.50420342857143,0.05723068944000696,-51325.590869178435,-303369.2335161177,307680.3668130728,95581991.32819718,293.32605167103674
265.0,79.50420342857143,0.05735455692532096,9042.311964678927,-296540.17707755795,296678.00731914054,99885459.97507557,293.32382429572607
270.0,79.50420342857143,0.05712851653627127,71520.57270650775,-329153.87550348707,336834.4787566023,132734166.58730721,293.32129478030043
274.99999999999994,79.50420342857143,0.056521441235679586,143478.86754836372,-412057.7360666816,436323.00338781124,210886206.44895917,293.3185458177145
280.0,79.50420342857143,0.05554601340778267,232023.55843017568,-557474.1654423062,603831.4142227091,363252005.3369619,293.31574609900855
285.0,79.50420342857143,0.05421982252508629,338523.524189035,-769008.1030219531,840221.1845358262,631658176.9684732,293.3130523830939
290.0,79.50420342857143,0.05253017266453052,453355.99372937076,-1024214.7066141146,1120065.8115909896,1052538710.4448143,293.31050966778037
294.99999999999994,79.50420342857143,0.05043265044104148,552869.6534185222,-1262116.5537072094,1377898.0545791043,1602351194.1823895,293.3080403699292
300.0,79.50420342857143,0.04788426077027319,605374.0773351955,-1400839.5568265931,1526050.2080467618,2137398660.6304016,293.3054971534187
305.0,79.50420342857143,0.04490046931353896,588751.296652681,-1389276.070015551,1508879.083302591,2437035311.1337776,293.3027358494048
310.0,79.50420342857143,0.04160932182290666,506213.85354386247,-1241550.6312172024,1340783.5154847186,2368095227.5260425,293.29969116763755
314.99999999999994,79.50420342857143,0.03826089023417615,382158.7216116878,-1015559.7430471681,1085083.8125241338,1984068077.1436038,293.2964081219211
320.0,79.50420342857143,0.0351972488190351,245310.36077715637,-773844.9081889032,811796.2275315836,1465237027.032771,293.2930003491485
325.0,79.50420342857143,0.03283020788188529,119286.7159418089,-564604.6165759945,577068.1880498244,1002657544.6049799,293.28958572659883
330.0,79.50420342857143,0.031621103786376385,19915.688457422173,-414460.73571429326,414938.9546614855,710539362.5575818,293.28625594025004
335.0,79.50420342857143,0.032011856666872,-47995.312444172254,-324662.9296442616,328191.3586641313,598260409.0177954,293.28308192637303
339.99999999999994,79.50420342857143,0.03427546171825102,-90185.15892519035,-279458.07208797755,293649.7521631699,609959176.622818,293.28013365743254
345.0,79.50420342857143,0.0383637215285321,-116020.87485377774,-260887.8145325378,285522.84527406876,680532209.5779285,293.2775010669386
350.0,79.50420342857143,0.04391880835700038,-132009.6014970321,-255869.10879222478,287915.8483333847,761957159.6780359,293.2753031971862
355.0,79.50420342857143,0.05044546511261715,-140886.5515556418,-256718.33876867476,292836.6880522121,827938967.1174405,293.27365840701907
359.99999999999994,79.50420342857143,0.05746264079682939,-143431.78007513442,-260032.94921681625,296967.6922055951,870869645.6561788,293.27262464396756
365.0,79.50420342857143,0.06454824787970029,-139784.68456810465,-264821.38591604837,299449.7027520668,893364157.002897,293.2721716154635
370.0,79.50420342857143,0.07132908232662438,-130063.90151079364,-270632.57631191163,300264.2333636028,899887109.6096625,293.272201767109
375.0,79.50420342857143,0.07747419229700839,-114736.37716463658,-276545.5007729257,299402.48870477674,893007065.9900868,293.2725848496201
379.99999999999994,79.50420342857143,0.08270980652402017,-94854.08587062065,-281168.2709910203,296737.07927798794,873971061.232965,293.27318594297157
385.0,79.50420342857143,0.08684839073760052,-72128.01823347817,-283243.37440644734,292282.8427387414,844984429.1253288,293.27388448176566
390.0,79.50420342857143,0.08981327967387763,-48762.41801423761,-282292.69273927977,286473.27586458856,810460679.6293348,293.27457879986446
395.0,79.50420342857143,0.09164322540318019,-26997.14874526906,-278985.60614351725,280288.80547685083,776761557.6831242,293.27517146400464
399.99999999999994,79.50420342857143,0.0924710582754891,-16760.8394933521,-275235.7356233161,275745.59997329034,754343923.1000867,293.27554501723904
0.0,84.47321614285714,0.07486671798798657,-48655.88118811191,-1809130.5305932472,1809784.7030790143,1596060557.5089395,293.4256383208511
5.0,84.47321614285714,0.07498475700068481,-90358.8454957026,-2299260.297543388,2301035.1228998275,2043153464.5435984,293.4254018164032
10.0,84.47321614285714,0.07521389411085216,-168535.0783425649,-2483613.1029714565,2489324.8317331835,2234038655.131317,293.42488242010575
14.999999999999998,84.47321614285714,0.07558973910822102,-250614.76302194208,-2272225.879086345,2286004.8567389916,2079642198.2844732,293.4241281662261
20.0,84.47321614285714,0.07620693162853932,-327746.9811719355,-1760666.4764328543,1790911.646313631,1661001243.5899744,293.42325774764385
24.999999999999996,84.47321614285714,0.07727973254878666,-393058.2953144369,-1159569.5086509325,1224375.8691302503,1181455028.5303473,293.4224746114048
29.999999999999996,84.47321614285714,0.07929132187213274,-437346.464379758,-656864.0102553294,789140.2016588615,853191092.2944934,293.42209640318947
35.0,84.47321614285714,0.08324580163496342,-439223.19870044535,-334859.7382708517,552311.5629710049,772212670.0145738,293.4224991629085
40.0,84.47321614285714,0.09036211167213659,-411187.1070973273,-185994.78219491616,451296.9045393545,824418365.393905,293.42389758056424
44.99999999999999,84.47321614285714,0.09981826699265554,-442607.0008735846,-170468.15510121876,474299.8514926212,930161775.6849052,293.42619441154756
49.99999999999999,84.47321614285714,0.10858408777742777,-541928.3954117033,-271691.1531315942,606219.8185835554,1040247941.6357894,293.4290895910858
54.99999999999999,84.47321614285714,0.11509192965779262,-647392.2817151307,-505303.65774642595,821248.1677034295,1189662456.1847231,293.4323467185192
59.99999999999999,84.47321614285714,0.119954262251102,-760579.5096250696,-868965.6460271928,1154808.4189323212,1579671673.184555,293.4359031623758
65.0,84.47321614285714,0.1240624214132016,-896873.5855287914,-1312379.8941216886,1589566.9897535383,2296106749.4185934,293.4397649126374
70.0,84.47321614285714,0.1280692958202075,-1044180.7814402276,-1734036.4048390388,2024153.096392717,3328086338.0649724,293.4438767604014
75.0,84.47321614285714,0.13250758853270958,-1166189.963844829,-2018180.3891686015,2330890.626991565,4621201964.480519,293.4479947676663
80.0,84.47321614285714,0.13794584295038909,-1215683.1437696952,-2090309.2208489494,2418114.5847151065,6079264854.56643,293.4516270763821
84.99999999999999,84.47321614285714,0.14509227468579283,-1152779.1700175512,-1948801.092315351,2264227.3543608333,7483239012.514313,293.4541421030033
89.99999999999999,84.47321614285714,0.15469991404587333,-967401.7815581667,-1658910.0704153932,1920377.2620731376,8317343866.682628,293.45505068541513
94.99999999999999,84.47321614285714,0.16681644066115678,-708893.9868609379,-1339322.897346888,1515360.1908342645,8037948451.4682,293.4543287483793
99.99999999999999,84.47321614285714,0.17940688153896617,-460260.2036476074,-1119836.9627826386,1210732.9508508397,7069311770.582154,293.4525072205791
104.99999999999999,84.47321614285714,0.18891726734699812,-246971.46243558824,-1035046.1281917348,1064103.0921589667,6389416802.826032,293.4502760852197
109.99999999999999,84.47321614285714,0.1932829126570634,-63206.16504360656,-1022108.2450458565,1024060.6836951803,6356762311.589617,293.4479737053502
114.99999999999999,84.47321614285714,0.19273204043967307,76938.21789710509,-1007081.792079444,1010016.4480398955,6632717124.459234,293.44549983449247
119.99999999999999,84.47321614285714,0.18830208645147625,164297.48401891603,-953483.2716839347,967535.0188163972,6698985384.106436,293.44262539249377
125.0,84.47321614285714,0.18102542801642948,206314.29653237347,-864896.7455544552,889163.6347851481,6306345403.577489,293.4392048715534
130.0,84.47321614285714,0.1719162590977213,218426.5263267183,-761687.1530704651,792387.1948458952,5512675412.683636,293.4350861110352
135.0,84.47321614285714,0.16193051930751473,216212.69875458782,-660028.9063621454,694540.1992227318,4529292219.031955,293.42997685362127
140.0,84.47321614285714,0.1517027624458247,211448.2050747143,-567096.5844502654,605234.5657052937,3572730635.2424283,293.4234803446978
145.0,84.47321614285714,0.14139614316150906,210954.803078751,-484564.4102632696,528492.7593030815,2773503004.6966166,293.41549047772423
150.0,84.47321614285714,0.1308451469004858,217111.5993665019,-411492.0991114171,465256.0523094791,2164115228.366324,293.4068053986138
155.0,84.47321614285714,0.1197836918702003,229514.77035904746,-345998.57964571693,415201.2125823091,1721876418.0975573,293.39882526582613
160.0,84.47321614285714,0.10801965875660934,246390.91060557202,-287392.01383391285,378553.3653853244,1407066992.4171455,293.3923273038862
165.0,84.47321614285714,0.0956951829744407,266473.4856728808,-239879.14067099377,358538.86915606435,1174819096.0423856,293.3871668498542
169.99999999999997,84.47321614285714,0.0837715878221713,297056.2852471212,-215611.55885963043,367056.91781888396,990046824.9575257,293.38285853461764
175.0,84.47321614285714,0.0739605487035482,354898.64513671846,-229857.93521219434,422832.96784887975,834287293.8717453,293.3789417082366
179.99999999999997,84.47321614285714,0.06728210743622143,436950.3764044499,-292265.57773649506,525685.0762287604,680978862.6759892,293.3750639206105
185.0,84.47321614285714,0.06323945390136708,518933.60570035235,-408155.0201593464,660214.0619575179,547159326.0997185,293.3710291505145
189.99999999999997,84.47321614285714,0.06079605068400755,589277.0663575212,-577940.6433414378,825386.4841156787,466741529.684266,293.3668450516454
195.0,84.47321614285714,0.05921963987385446,641735.1813596936,-787858.2996011922,1016142.0881182124,432114092.84505886,293.36267671807514
199.99999999999997,84.47321614285714,0.05812199724539767,662082.734244012,-1003812.6846790147,1202494.6789514364,418477265.76204586,293.3587113945177
205.0,84.47321614285714,0.05731179751068435,633025.8368402123,-1178347.9797086355,1337619.4045357872,404323111.6314012,293.3550574198279
209.99999999999997,84.47321614285714,0.05669767071176684,545013.3822761462,-1270118.7168529246,1382114.7353820538,376990672.62022436,293.35174021518066
215.0,84.47321614285714,0.05624083502245656,404038.75751524157,-1263616.9075990664,1326640.4964212,334686026.04846084,293.3487432695874
219.99999999999997,84.47321614285714,0.05593264014291269,231534.26058457064,-1174694.5885956634,1197295.0723611866,285137927.59132993,293.34604517414334
225.0,84.47321614285714,0.05578227884896409,56820.73537436413,-1038442.3062043252,1039995.6823388456,240049168.52021435,293.3436361616921
229.99999999999997,84.47321614285714,0.05580707512408875,-92371.5127727824,-890106.052046768,894886.1828535604,207945003.84054992,293.34150879585104
235.0,84.47321614285714,0.056021101559937156,-196541.98967931888,-752698.7488253801,777935.8329517918,189424292.01363668,293.33963429886177
239.99999999999997,84.47321614285714,0.056419606234117264,-248093.35622802255,-635669.953032738,682368.3774861844,177391117.77187383,293.3379505020834
245.0,84.47321614285714,0.05696219750538907,-251667.47914634156,-539935.2856265553,595706.8345457388,162722228.62407735,293.336371573091
250.0,84.47321614285714,0.05756864187439157,-219064.31611985833,-463512.7857437717,512672.6803185565,141528409.04312205,293.3348049981905
254.99999999999997,84.47321614285714,0.0581367152900065,-163002.9657070577,-406006.57408445864,437505.7771379656,117625432.9281793,293.3331619518177
260.0,84.47321614285714,0.05856600622134761,-94231.20801151921,-371462.29186070483,383228.0715679864,99472216.73539083,293.3313618724161
265.0,84.47321614285714,0.058772202201134695,-19124.06282917382,-368179.3561699093,368675.69500684895,96425227.22448008,293.3293406419953
270.0,84.47321614285714,0.05870109102631727,61958.4161043438,-406985.5253045689,411674.70548188273,117999433.36559004,293.3270729921601
274.99999999999994,84.47321614285714,0.0583426691920474,152327.2869481737,-500103.8402759297,522788.1534691886,175861554.650127,293.32460628254455
280.0,84.47321614285714,0.05772515393919192,254376.23923865717,-658131.3414490691,705580.7067138059,286406695.97628397,293.3220645869407
285.0,84.47321614285714,0.05688556368991926,365238.5052365529,-880028.239241506,952811.0345550878,470643237.2003281,293.3195806087766
290.0,84.47321614285714,0.055839858114518054,473175.36034111795,-1137472.6275591422,1231965.4622107903,745406778.8044828,293.31720492555985
294.99999999999994,84.47321614285714,0.05457167173180889,556758.3906938996,-1367342.1544385697,1476348.357574448,1101216855.7309854,293.314880280013
300.0,84.47321614285714,0.053039028993728296,590429.3112931988,-1488484.044027391,1601309.3145792591,1473884930.0529726,293.31248061417176
305.0,84.47321614285714,0.051192535424460374,557187.3316790024,-1442869.4426329678,1546715.8598357805,1738785579.0193968,293.3098726256043
310.0,84.47321614285714,0.04900674726099117,461150.86058524443,-1237138.475260416,1320292.2870289662,1768372248.2296,293.30698009903944
314.99999999999994,84.47321614285714,0.04653451676049089,328575.73151837674,-946249.5920387316,1001673.7501683382,1537770644.4862058,293.30382255079314
320.0,84.47321614285714,0.04399257619460141,194041.76444100827,-665769.5338417931,693470.459745257,1163758471.8288116,293.300499822792
325.0,84.47321614285714,0.041859030108483714,82506.31244978159,-456825.9229534077,464216.7763839366,817150218.4516814,293.29714346003345
330.0,84.47321614285714,0.040877475440068305,1448.913087523992,-331210.1389263523,331213.3081214413,609745010.5372957,293.29387655001653
335.0,84.47321614285714,0.041778843893076886,-54251.52874758781,-270191.426153235,275584.17069594073,555436025.4286947,293.290790747375
339.99999999999994,84.47321614285714,0.04482806735697682,-92490.9918768729,-247746.5551971169,264448.3677211978,603252804.495657,293.28793623877607
345.0,84.47321614285714,0.049722888746387625,-118609.98011455711,-243657.8944794498,270993.53668479685,689801145.2799965,293.28534242499086
350.0,84.47321614285714,0.05592114265709838,-135774.62100432982,-246801.78712959203,281683.98932,774991575.5790732,293.28307167390506
355.0,84.47321614285714,0.06292720562010747,-145945.03344300223,-252883.41858060803,291975.98562158167,846137765.4778713,293.2812380121349
359.99999999999994,84.47321614285714,0.07034431576279934,-149953.41398117095,-260944.87334394726,300962.21239400987,903310514.7560998,293.27994681575933
365.0,84.47321614285714,0.07781718733423748,-147712.6863301764,-270850.750012175,308511.2096586359,947093957.4087526,293.2792218250709
370.0,84.47321614285714,0.08497934678968588,-138765.43109030984,-281902.21172156424,314204.8723988684,974111935.2963648,293.27899187984065
375.0,84.47321614285714,0.09145011108058682,-122960.1245130127,-292422.7660602168,317222.73930247163,978830780.8197855,293.27913041517854
379.99999999999994,84.47321614285714,0.09688814599563472,-101060.39731076644,-300225.89751018805,316778.7768150005,959196235.3684064,293.2795041025549
385.0,84.47321614285714,0.10106847033691524,-75103.28346497398,-303470.58956225734,312625.8177382097,920223025.3819927,293.28000071058176
390.0,84.47321614285714,0.10392902727349763,-48317.517241677,-301389.246923127,305237.7116826972,871467102.2422966,293.280528706247
395.0,84.47321614285714,0.1055683812089704,-24484.82222476642,-294824.08618099225,295839.0581242368,822589377.7346662,293.28099749915464
399.99999999999994,84.47321614285714,0.10622038930533309,-13739.108343391128,-286568.0851706815,286897.2473490507,784607610.3013359,293.2812980172755
0.0,89.44222885714287,0.07908062451925268,-62375.73963290957,-1750166.1276539946,1751277.3073622952,1427381429.843164,293.4314381203238
5.0,89.44222885714287,0.07922514872694493,-112496.84361859488,-2228853.9869243093,2231691.20508473,1830740891.0744467,293.43123711191515
10.0,89.44222885714287,0.07949236512405568,-200456.34744281275,-2411343.271747916,2419660.951752137,2006143668.8784382,293.43081669720954
14.999999999999998,89.44222885714287,0.07990905642942699,-283844.4554166719,-2208790.739741407,2226954.0199200744,1872175205.3964078,293.4302436993335
20.0,89.44222885714287,0.08055927831983462,-353341.0665887004,-1712572.1860710415,1748643.303204569,1500007386.0430872,293.4296532239082
24.999999999999996,89.44222885714287,0.08163493301861924,-404283.18132116826,-1126927.845311808,1197251.5438446002,1069743569.5475122,293.4292594490888
29.999999999999996,89.44222885714287,0.08356341183292318,-432098.7512568221,-635057.8910201339,768119.6884500782,767725468.3874285,293.4293683953907
35.0,89.44222885714287,0.08723322889464108,-423051.7626591368,-317273.73069355974,528805.6486812637,683169050.5412028,293.43029151486644
40.0,89.44222885714287,0.09385433186934486,-383874.7198964525,-165104.31429683723,417874.6644330195,725866506.9275624,293.43210704278823
44.99999999999999,89.44222885714287,0.10312158155799213,-385229.7435249614,-138008.72371152058,409204.5492376525,808361138.4304626,293.434584639132
49.99999999999999,89.44222885714287,0.11237126313613513,-449270.44085127884,-216600.59189166944,498758.2033716578,921540675.8860837,293.43743417626285
54.99999999999999,89.44222885714287,0.11969327664666937,-534095.0282525568,-417134.0670061645,677686.0106724963,1127767229.5341377,293.4405484646357
59.99999999999999,89.44222885714287,0.12543013460106947,-641049.6356355177,-742416.2186516668,980880.4601303205,1634616006.9797995,293.4440121319913
65.0,89.44222885714287,0.13053753664141096,-791743.7609036647,-1155488.4621311468,1400718.304673742,2592294499.530854,293.4479597397467
70.0,89.44222885714287,0.13584592093909267,-982349.6530774265,-1575240.1689029983,1856446.1830677686,4086371942.139713,293.452426964
75.0,89.44222885714287,0.14213502498155528,-1175537.7531513341,-1899692.580581843,2233992.1463160496,6166245852.564821,293.45717868285584
80.0,89.44222885714287,0.15030760322975814,-1305548.140720779,-2044049.9475338021,2425406.385691359,8715439726.783838,293.4615753379574
84.99999999999999,89.44222885714287,0.16139420726436776,-1300241.5277929015,-1973056.6719988787,2362960.1481016367,11036569359.210167,293.4646539925178
89.99999999999999,89.44222885714287,0.17589758743078643,-1142419.1773022143,-1744665.715883497,2085420.8296761455,11780068595.957876,293.46556940035515
94.99999999999999,89.44222885714287,0.19220554628811895,-912112.6167475368,-1517527.8955663603,1770548.0336472392,10580215345.517338,293.4642095359415
99.99999999999999,89.44222885714287,0.206549122276577,-667393.8993717077,-1391756.2683576518,1543502.5518059207,8577658128.698763,293.461259508219
104.99999999999999,89.44222885714287,0.21613104198483857,-401892.10516983585,-1336949.434251196,1396048.3709178688,6917661589.156865,293.4576132964652
109.99999999999999,89.44222885714287,0.2207525294648759,-144451.60763215058,-1293101.1497217878,1301144.4386997633,6085811626.707989,293.4538635465879
114.99999999999999,89.44222885714287,0.22130132775680483,59610.07866170612,-1215207.1170127818,1216668.2780103094,5829716462.507261,293.45019742938086
119.99999999999999,89.44222885714287,0.2184150519583875,192869.88706801218,-1087319.9709213313,1104293.2185348202,5701409462.086703,293.4465903325384
125.0,89.44222885714287,0.21232285373147058,261964.02723414617,-929654.0171036859,965858.0346416095,5434649039.800078,293.44293604804466
130.0,89.44222885714287,0.20321968297247478,286430.24608547584,-777983.1207270074,829035.5975521917,4969862886.745062,293.4390354146775
135.0,89.44222885714287,0.191700339686371,288383.41397990374,-654618.8373067362,715325.6710167248,4359860549.476347,293.4345584913515
140.0,89.44222885714287,0.17875385385164339,283455.0847653239,-559611.8352803877,627305.5007452116,3691121098.7648125,293.4290554966992
145.0,89.44222885714287,0.16522698143635497,279806.7324218833,-483400.8223800229,558541.1019668059,3058612462.0919824,293.4221690631384
150.0,89.44222885714287,0.15143911699046278,281648.5343975843,-418450.91038285254,504407.6340902716,2535078617.264891,293.4141776501239
155.0,89.44222885714287,0.13728479998422344,290853.9003494812,-361025.73008260154,463611.44197504595,2145830995.3388045,293.40620199647594
160.0,89.44222885714287,0.12252654034434783,307250.79128139187,-310621.28379428474,436908.0345897189,1877057081.9391258,293.3993014435473
165.0,89.44222885714287,0.10720221793844466,329958.0092771883,-271878.25843107206,427539.5599165975,1681933391.7207427,293.3936917689291
169.99999999999997,89.44222885714287,0.09229644350837882,365969.21423157543,-257294.3145842595,447363.19705878873,1502684093.3718023,293.38902560974907
175.0,89.44222885714287,0.07984219743220675,432701.772975794,-283278.199123501,517182.13661634666,1307094208.9903328,293.384847711093
179.99999999999997,89.44222885714287,0.07124251151364261,524849.6943742852,-358358.89826496167,635522.070152137,1067990829.3324873,293.38077590410364
185.0,89.44222885714287,0.06602353905475142,609808.9064895182,-482021.76003094343,777310.6712102122,829334620.4486566,293.3765929444945
189.99999999999997,89.44222885714287,0.06290840625562949,670364.6060795216,-647551.4081395244,932046.9576516158,660956117.2382442,293.3722970834749
195.0,89.44222885714287,0.06094507013463045,700898.4101619229,-835000.4631606838,1090176.2953055196,560731447.8815559,293.36803918336045
199.99999999999997,89.44222885714287,0.0596157893628471,691947.0057959592,-1008639.1736278258,1223169.5064080923,496059474.3598994,293.3639937459772
205.0,89.44222885714287,0.0586607447045734,634135.140829257,-1127450.4983504226,1293550.1548317166,440821441.8443755,293.3602691297709
209.99999999999997,89.44222885714287,0.057952366489080503,526445.964434809,-1163738.0805570628,1277275.0970751496,382211009.8736876,293.3568952116242
215.0,89.44222885714287,0.05743270393022967,379867.7857565815,-1116889.7126112718,1179721.2233373176,319490064.69623274,293.3538522473519
219.99999999999997,89.44222885714287,0.057084094641012814,214585.17607563877,-1012081.7295345827,1034580.2168266727,260057500.00135216,293.3511076896083
225.0,89.44222885714287,0.056913586700601336,53419.06178020666,-885525.9889373207,887135.769341366,213630518.7465736,293.34864181215164
229.99999999999997,89.44222885714287,0.0569397156331967,-83954.12240083692,-767473.9719803137,772052.195343899,186186937.049773,293.3464470055403
235.0,89.44222885714287,0.05717469615165539,-184184.55908651932,-673055.1450672474,697801.676773128,175785403.93544763,293.34450430873113
239.99999999999997,89.44222885714287,0.057601774635522046,-241921.09815737465,-602909.0425851649,649634.6137365452,172799309.79460806,293.342764347462
245.0,89.44222885714287,0.05816098044621608,-258836.79195888672,-549566.2141352583,607469.759404144,165977419.54659665,293.3411511009224
250.0,89.44222885714287,0.05876095328450081,-240034.70312014048,-505225.36936369183,559347.237903838,150075619.1577747,293.3395784924411
254.99999999999997,89.44222885714287,0.05930740601932361,-192541.5674043576,-468577.87478538114,506593.99909287423,128420459.16434877,293.3379639801516
260.0,89.44222885714287,0.05972027289372064,-124617.09558525626,-446959.45835378754,464006.6571979502,109612845.2421267,293.3362358136306
265.0,89.44222885714287,0.05993911250471068,-42698.393938764726,-452683.3533445776,454692.6118162045,103204475.28754462,293.3343391459464
270.0,89.44222885714287,0.05993249907393451,50010.58444916652,-498777.93571861257,501278.85225358116,117801299.70564413,293.33224897798914
274.99999999999994,89.44222885714287,0.059705671078283236,151387.07965386944,-597470.7616708734,616351.6520118208,161289357.2752907,293.32999194105
280.0,89.44222885714287,0.05929252544823159,258186.684384792,-757255.8514905066,800060.4905944451,241884856.3127393,293.32765299760985
285.0,89.44222885714287,0.05873421861471753,363642.13137970224,-972383.7579195354,1038154.984759063,367444520.10899585,293.32533216891375
290.0,89.44222885714287,0.05805809602474005,454743.9902702129,-1208222.8600837302,1290966.5279610408,539469898.0254607,293.32307440800747
294.99999999999994,89.44222885714287,0.057268573235415905,512995.1352438182,-1399561.6520780788,1490616.2573752322,742883640.112348,293.32084106069885
300.0,89.44222885714287,0.05635033531901218,520543.0674417927,-1474502.9946385068,1563689.2805988137,939263959.2074143,293.3185378802137
305.0,89.44222885714287,0.05527758776940736,469871.4517084232,-1392783.9147159758,1469906.8726358616,1072492257.5104204,293.3160650217927
310.0,89.44222885714287,0.05402803561744805,370754.9625129453,-1171524.6499046853,1228791.783648585,1090496151.368223,293.3133622074887
314.99999999999994,89.44222885714287,0.05261147082562399,247744.74049328774,-879280.3466120254,913515.9464290977,977119903.0954938,293.31043212865137
320.0,89.44222885714287,0.051139719525650974,129229.82525049796,-601073.9327820507,614809.0926493813,775608994.3893594,293.30733684966617
325.0,89.44222885714287,0.049971192486660355,35941.53755570926,-396923.36108024546,398547.29793728044,578018286.4452097,293.3041811830787
330.0,89.44222885714287,0.04983744311259436,-27197.045105338046,-281162.9011100158,282475.23116737563,469693883.5284925,293.30109180717955
335.0,89.44222885714287,0.05156523743523929,-70153.0855062798,-233035.66343895928,243366.13536087415,473563313.80066085,293.2981817509795
339.99999999999994,89.44222885714287,0.05542252081277389,-102601.63984753969,-222274.02037147098,244811.8392388353,554129920.4285414,293.29550757515983
345.0,89.44222885714287,0.06101075482339587,-126963.0713022945,-226530.4623217769,259683.7920129585,658771451.9878727,293.2930686655908
350.0,89.44222885714287,0.06777195853541007,-144122.92473344548,-235313.38103674186,275941.66906914447,757251849.1138402,293.2908726467429
355.0,89.44222885714287,0.07528205425040356,-155397.37617718294,-245950.01971123327,290929.1266248688,844672355.3857323,293.2889887517407
359.99999999999994,89.44222885714287,0.0832132008602346,-161239.5436882831,-258740.7077684456,304868.7329086437,922540933.2128303,293.28751890261924
365.0,89.44222885714287,0.09121720280159737,-160936.00273239933,-274129.72404669545,317879.69828443,986215710.272169,293.2865213682915
370.0,89.44222885714287,0.09885274986034394,-153207.85042901037,-291381.96306531725,329205.245755404,1023238974.6945873,293.2859682366732
375.0,89.44222885714287,0.10562008079862997,-137061.94488191244,-308362.3612278897,337451.21507686406,1022469922.1324854,293.28576766890336
379.99999999999994,89.44222885714287,0.11110653105985456,-112648.40656153337,-321944.77468903176,341083.71619065007,985585156.6258359,293.28581221041344
385.0,89.44222885714287,0.11512223157855418,-82132.68425035881,-328587.6219777597,338696.9192938847,926070664.0471448,293.28600781171957
390.0,89.44222885714287,0.11770833060231431,-50044.86639518986,-325642.5023527235,329465.51866782043,858397407.377518,293.2862744029309
395.0,89.44222885714287,0.11906274377910714,-22433.261946211922,-313225.0273271844,314027.3379590745,791639296.2949847,293.28653312480947
399.99999999999994,89.44222885714287,0.11950145136307062,-10496.143391700174,-295170.30898039346,295356.8694472503,732394125.9782443,293.2867007538084
0.0,94.41124157142855,0.08292670352370887,-75530.98619274217,-1678393.1213333039,1680091.7830922806,1239686723.740927,293.4364968200482
5.0,94.41124157142855,0.083091848655818,-134884.17949823747,-2148370.9412575057,2152601.087781611,1597826123.9974682,293.43635135919624
10.0,94.41124157142855,0.08338981773029985,-235275.8497119335,-2335450.4855548805,2347271.5428633727,1761194166.9747736,293.4360518644948
14.999999999999998,94.41124157142855,0.08384067756835065,-324002.91703251563,-2149938.8500811197,2174215.9389843745,1656167330.660337,293.43566879888334
20.0,94.41124157142855,0.08452006239588898,-390274.8363273919,-1676109.7186196062,1720946.9011917445,1342215803.0196795,293.4353416143146
24.999999999999996,94.41124157142855,0.08560177198176705,-430797.759930454,-1110034.4160225012,1190698.582646134,974428074.0792831,293.435286221949
29.999999999999996,94.41124157142855,0.08746817612662959,-444961.942511838,-630499.1638309766,771699.6344922478,714286369.4759592,293.4357859552684
35.0,94.41124157142855,0.09091579368294347,-425564.1581657125,-317447.1910806161,530921.4365989235,644284160.6020596,293.43706517334044
40.0,94.41124157142855,0.09715333299158252,-376066.81762820255,-162806.50160389958,409795.3248702385,694924402.3807621,293.43906141039633
44.99999999999999,94.41124157142855,0.10641085363535399,-349798.0289487636,-126346.79083295978,371916.8893855558,769299799.8570774,293.4414769627037
49.99999999999999,94.41124157142855,0.11652405721753836,-376893.8905680576,-184271.87214507625,419529.6504555766,882534460.6448544,293.44410757959315
54.99999999999999,94.41124157142855,0.12522784268637083,-433109.8144461921,-346778.0539346802,554832.524335352,1135819276.9774978,293.4469800650506
59.99999999999999,94.41124157142855,0.13243544718457542,-518663.37252006464,-618279.4008060929,807019.8953278838,1758185323.2580214,293.4502781679566
65.0,94.41124157142855,0.139169244027435,-657635.6569452918,-972848.9885517556,1174274.1638186711,2972558585.971824,293.45421047210397
70.0,94.41124157142855,0.14655111555422745,-854794.33878959,-1350006.516553884,1597870.7570904114,4968885094.562278,293.458856367294
75.0,94.41124157142855,0.1557331202376554,-1075580.2587645904,-1665861.0161450438,1982918.5102156622,7842764743.885947,293.4639290579013
80.0,94.41124157142855,0.16791238013819754,-1243053.486292834,-1838707.5569896838,2219465.5775469327,11124128855.197676,293.4685527326901
84.99999999999999,94.41124157142855,0.18368324055600438,-1287993.074908749,-1852796.4168225077,2256497.4458667613,13320607243.015045,293.47143552566723
89.99999999999999,94.41124157142855,0.20146238144017825,-1233197.9382512267,-1814721.814819386,2194081.224587741,13256843065.25865,293.4716694704523
94.99999999999999,94.41124157142855,0.21749690087479834,-1108591.4324107103,-1811509.8143275147,2123803.8448546366,11249052706.901745,293.4693763219245
99.99999999999999,94.41124157142855,0.22899093208313717,-874543.8162844568,-1802987.5861141556,2003893.9897816777,8474632962.710239,293.465462888454
104.99999999999999,94.41124157142855,0.23587403006595747,-553544.468130027,-1750236.4501084054,1835684.9156337879,6290283944.526744,293.4609431938752
109.99999999999999,94.41124157142855,0.23927941093400829,-230572.11075421216,-1648577.2346702847,1664623.199685375,5086643854.978073,293.45645189519394
114.99999999999999,94.41124157142855,0.24008838299923135,33090.710131060434,-1489279.9997497792,1489647.5800509597,4540246305.41489,293.45224813548424
119.99999999999999,94.41124157142855,0.23860528177496435,213962.93488265964,-1276322.4470292048,1294132.5767842405,4301746439.608059,293.4483840468822
125.0,94.41124157142855,0.23461632744938127,313707.45268289756,-1040279.7544487844,1086551.5787963385,4166167743.0706863,293.4447757490767
130.0,94.41124157142855,0.22758264296917918,350060.7189638161,-824486.9354308436,895723.8489945481,4026779540.0353775,293.44122257737496
135.0,94.41124157142855,0.2171227899198816,351105.62052104267,-660140.5753915834,747703.6418527043,3828222484.720978,293.4374192928946
140.0,94.41124157142855,0.20364393856531637,342619.6055438305,-550153.4948466937,648118.0926305337,3549838727.417595,293.4329614256458
145.0,94.41124157142855,0.1882932822445685,336402.3290784097,-476186.0440259036,583026.3077549918,3200952742.7280197,293.4274310823107
150.0,94.41124157142855,0.1721021268095409,335387.91010978346,-419963.88779426867,537452.0604659407,2840943597.663018,293.4207401222713
155.0,94.41124157142855,0.1554493435297018,341577.1041479812,-372970.91181693086,505749.1662273638,2546378186.67281,293.4135185632669
160.0,94.41124157142855,0.13824376128143143,356213.89930378343,-333822.20903387835,488186.03964212694,2351787563.7433066,293.406756914976
165.0,94.41124157142855,0.12044975638112071,378935.8627541435,-306633.08475786034,487458.95904101327,2226630739.800296,293.4009687198511
169.99999999999997,94.41124157142855,0.10288781391405727,414241.83993654675,-302579.26970043976,512981.98448529077,2092101390.4138842,293.396039111523
175.0,94.41124157142855,0.08765856875429222,477257.61020878097,-338056.2706169954,584856.2802994151,1888003933.1753454,293.39158692025063
179.99999999999997,94.41124157142855,0.07665879031083363,565261.618307408,-421762.00098987203,705268.6598811056,1579482207.762985,293.38723339992043
185.0,94.41124157142855,0.06978629749934687,643123.7011256751,-547626.4308818766,844690.951028842,1224264691.8388624,293.3827658073486
189.99999999999997,94.41124157142855,0.06567129156187965,687044.1024011194,-701858.7807571234,982158.5140750121,940316608.4521242,293.3782038703688
195.0,94.41124157142855,0.06311791913220526,692334.2561646604,-861144.6392168958,1104941.9948174073,750957722.9896922,293.3737097793779
199.99999999999997,94.41124157142855,0.06143118245911831,656253.4204257273,-992218.8972237643,1189607.8731365262,620923633.5549347,293.3694591561318
205.0,94.41124157142855,0.060250925071764765,577991.9588013043,-1062800.848011347,1209801.7800336578,517716689.87260807,293.36556551798355
209.99999999999997,94.41124157142855,0.0593954991939428,463574.9509300577,-1057088.5018803577,1154269.394871693,425183409.3501541,293.3620629891136
215.0,94.41124157142855,0.058777912028763396,326338.6471503692,-984024.2390011781,1036725.9114953097,340580384.77128583,293.35892499414217
219.99999999999997,94.41124157142855,0.058365860353820714,183122.27836332063,-872273.6475821015,891288.4410218488,268860026.1132737,293.3561022001033
225.0,94.41124157142855,0.058160812018526103,49626.06147424525,-756129.8599798605,757756.630542161,216865740.28878012,293.35355891092007
229.99999999999997,94.41124157142855,0.05817923701698161,-62441.59854107061,-661733.1266453533,664672.6142456897,188035643.33305073,293.351283096072
235.0,94.41124157142855,0.05842543240830776,-146599.97234373438,-599971.006659047,617621.8590065072,178520347.62134936,293.3492639904349
239.99999999999997,94.41124157142855,0.0588623632738003,-201099.53946793065,-566895.3611876587,601507.5854137667,177568701.05209926,293.34746387147436
245.0,94.41124157142855,0.05940813015327811,-225678.18328091453,-549660.768784018,594186.5053577132,173511047.78848305,293.3458128697738
250.0,94.41124157142855,0.05996668552646253,-219969.72195075158,-536203.0532998934,579569.1442297625,160841828.63201255,293.344224545077
254.99999999999997,94.41124157142855,0.06045689006553278,-185765.42157722826,-524217.8717170875,556159.3017125203,142310468.7067491,293.34261450148085
260.0,94.41124157142855,0.06081768246712226,-127321.21677114014,-522030.2557854806,537332.5601483107,125574067.25042515,293.34091329462336
265.0,94.41124157142855,0.06100825495650985,-49287.75364831649,-542283.8548396131,544519.1106650048,119140437.98555444,293.33907383988344
270.0,94.41124157142855,0.06101487780674798,42999.09664794544,-597084.4263392502,598630.7162929503,130148965.512766,293.337077582934
274.99999999999994,94.41124157142855,0.06085276342521595,142339.8902618194,-697506.1645901859,711881.6573006066,163815943.61964193,293.3349437289755
280.0,94.41124157142855,0.060556744494906056,240790.40086879037,-850755.4229427329,884174.6472371967,223937968.49540627,293.33273132338775
285.0,94.41124157142855,0.06016598685461557,329139.2175044014,-1048348.0616484529,1098802.2037025036,312009960.8595187,293.33051158618133
290.0,94.41124157142855,0.05970984137960327,394614.29527221544,-1251777.3536453121,1312504.0895678946,422671687.54303885,293.3283195481671
294.99999999999994,94.41124157142855,0.05920193737674764,422512.020838367,-1395563.0337991728,1458119.5386729003,538766007.3739035,293.32613093112184
300.0,94.41124157142855,0.05864379112100632,402438.23909105913,-1416964.144393028,1473005.0654285538,632639866.3153832,293.3238820062762
305.0,94.41124157142855,0.05803358997294154,335345.41739077854,-1293234.2546021675,1336005.758311475,676096933.3302658,293.3215074854888
310.0,94.41124157142855,0.057379027502064806,236087.14054264233,-1056727.620679926,1082779.0181922896,654145291.8842554,293.31896976630975
314.99999999999994,94.41124157142855,0.05672201967932138,128130.44452030344,-777041.20570167,787534.4095157211,574663572.3620166,293.31626871222556
320.0,94.41124157142855,0.05619693460720131,33810.414351432446,-525218.7976330152,526305.9276748513,469268741.6524619,293.3134388229868
325.0,94.41124157142855,0.056151697476173136,-33118.516120239365,-344797.1616098533,346384.0625147437,384820188.2030021,293.3105488636961
330.0,94.41124157142855,0.057254573949002845,-72986.64075836394,-243898.95685483122,254585.44908157122,362522558.0169524,293.3077019895105
335.0,94.41124157142855,0.060216467117905306,-99429.12377213876,-204873.4449923562,227726.32504199265,414307969.02812296,293.3050106600725
339.99999999999994,94.41124157142855,0.06516382036048327,-122333.49387946715,-200789.8666646244,235121.36074792367,517573543.95809454,293.3025403057939
345.0,94.41124157142855,0.07162048679691864,-141774.60249245103,-210059.32374359795,253426.43390836363,633044510.5729812,293.30028261955346
350.0,94.41124157142855,0.07907786983120367,-157058.04314383946,-222561.73310760374,272398.520480623,739933119.5621295,293.2982089101525
355.0,94.41124157142855,0.08721485709984525,-168743.5607681925,-236502.82751672578,290530.5091107211,837921418.9032038,293.296336090414
359.99999999999994,94.41124157142855,0.09575693453592588,-176550.69560339226,-253339.20427742932,308789.41131775023,926269020.9261519,293.2947329864419
365.0,94.41124157142855,0.10429165567332246,-179033.25062263277,-274726.5284747164,327913.9677968531,991968817.4626501,293.2934708955303
370.0,94.41124157142855,0.11220203638185691,-174136.87057562682,-301072.55926163495,347805.0253147923,1015556486.6928496,293.29257123452476
375.0,94.41124157142855,0.1188478484024232,-159419.91283708534,-330422.94121245894,366870.5884756585,989919749.1210749,293.29199716012596
379.99999999999994,94.41124157142855,0.12387662122950394,-133143.71985067238,-357137.5432350317,381148.88813117176,928027908.0846325,293.29168017077865
385.0,94.41124157142855,0.12731655508725567,-97015.18926569233,-372740.5839461865,385159.0449006777,849944503.0501225,293.2915454900013
390.0,94.41124157142855,0.12941107526793436,-57426.74131623382,-370102.08263747266,374530.88282649836,768633095.4932157,293.29152171162065
395.0,94.41124157142855,0.1304497157633496,-23615.912797052337,-347810.5895857391,348611.4134178877,687847015.2273598,293.29154295792625
399.99999999999994,94.41124157142855,0.13074195273716901,-9383.001571876603,-311455.7929347792,311597.09830345,607414976.115227,293.2915588062003
0.0,99.3802542857143,0.08637460189332372,-87976.02863986355,-1593713.6306001127,1596140.0057563356,1053391521.7506562,293.4409219538924
5.0,99.3802542857143,0.08655569707405687,-157369.02300202264,-2054618.140757845,2060635.997388145,1368239969.0126626,293.44084980194094
10.0,99.3802542857143,0.08687949988067925,-273173.70687435224,-2249987.1840541726,2266509.696104453,1523534976.6055682,293.44069131978097
14.999999999999998,99.3802542857143,0.08736237624800983,-372125.1802739286,-2088362.3149333808,2121257.718483969,1452777038.559772,293.4405066064323
20.0,99.3802542857143,0.0880757605841028,-440822.59349353396,-1644421.7354716142,1702482.717394171,1203078220.837914,293.4404246095578
24.999999999999996,99.3802542857143,0.08918424450471811,-476241.239201243,-1103671.7301621696,1202038.6873454168,905233001.8663768,293.4406452099293
29.999999999999996,99.3802542857143,0.0910465725848291,-480801.70431092114,-639646.1202379352,800198.3741571396,699369300.1392764,293.4414080915099
35.0,99.3802542857143,0.09441304312755058,-452335.2290803569,-332826.99004737736,561587.8958552935,663433203.094542,293.442843227285
40.0,99.3802542857143,0.10052086579899217,-393832.38145902345,-177206.9488031666,431863.690751855,744904917.6972417,293.444796756469
44.99999999999999,99.3802542857143,0.11007491120942134,-346881.52125244605,-133615.50942965545,371725.56294470455,839889926.3012093,293.4469861145958
49.99999999999999,99.3802542857143,0.12151429401258727,-343833.35975396965,-174479.73472759873,385570.4308039141,967462273.3824078,293.449309249012
54.99999999999999,99.3802542857143,0.13235409574330845,-372003.0325080535,-299426.9243243888,477538.20706363505,1257920719.1727722,293.45187778133993
59.99999999999999,99.3802542857143,0.1419461671882333,-430870.3054293871,-508866.8977688468,666779.3786146233,1962322238.238464,293.4549135015659
65.0,99.3802542857143,0.15128961646960895,-542194.1944302225,-783951.3289655729,953181.1111539747,3348656617.2010965,293.4586366818985
70.0,99.3802542857143,0.16184370352063016,-713945.3245206057,-1082390.2061607097,1296644.3169957816,5611172035.836078,293.46309690120216
75.0,99.3802542857143,0.17501435849292493,-915670.8069862335,-1348569.0905906165,1630058.7777326382,8612242363.612595,293.4678755070109
80.0,99.3802542857143,0.1913948112138812,-1094244.2954777468,-1556070.7900177645,1902295.16156986,11406537168.618822,293.4718780964888
84.99999999999999,99.3802542857143,0.2093572602262943,-1237067.4965991082,-1757437.2944679975,2149167.7075391253,12732174371.859514,293.4737827645109
89.99999999999999,99.3802542857143,0.22534795899250776,-1324724.4150509008,-1987120.2259461961,2388208.8619290423,11914124941.93537,293.4729746364563
94.99999999999999,99.3802542857143,0.23691018853675622,-1262947.7855268938,-2159436.9123380044,2501640.4392588437,9382653884.124493,293.4699210300455
99.99999999999999,99.3802542857143,0.2442011990271396,-1021534.007561544,-2210286.9546603966,2434933.2948864694,6732588723.945481,293.46566450963917
104.99999999999999,99.3802542857143,0.24846028099428946,-676764.4250157559,-2152467.7298204512,2256352.6796326223,4908652999.356429,293.46106482644865
109.99999999999999,99.3802542857143,0.25069816466750616,-319863.8765920107,-1999646.4007782296,2025067.561266487,3853683816.7510114,293.45657462701746
114.99999999999999,99.3802542857143,0.25145314459445434,-14849.62423287088,-1761023.5798679364,1761086.1876100043,3277720553.339471,293.4524007444095
119.99999999999999,99.3802542857143,0.25085442575747163,206732.43319389768,-1464899.0243451488,1479414.5634208277,2982324321.935707,293.4486271947275
125.0,99.3802542857143,0.24864830267206683,340208.1563918609,-1158464.0142665901,1207385.796680668,2878236267.677559,293.44522342652704
130.0,99.3802542857143,0.2441663109419734,397919.6995087225,-887926.4129622796,973012.5395354229,2919535438.93933,293.44204352997554
135.0,99.3802542857143,0.2364303904839514,403807.9473174593,-681969.5567000153,792554.941049739,3031925031.3216715,293.43884942615165
140.0,99.3802542857143,0.22475927333529525,389750.2074215346,-546768.5842297914,671461.9191627919,3117330280.173765,293.4353239470759
145.0,99.3802542857143,0.2095985118533264,378700.8459112926,-466590.34298297804,600933.3397797976,3107629499.0134087,293.43110110766287
150.0,99.3802542857143,0.1923105515040026,375271.8157435255,-416450.6749401637,560589.065492327,2991811411.7784324,293.42593656287545
155.0,99.3802542857143,0.17402591252673716,378540.4936340627,-380254.26953150413,536550.2910423754,2840430024.305951,293.4200304838336
160.0,99.3802542857143,0.15512277161115282,389627.84540339874,-353617.97653116327,526170.6293966712,2739741201.1154666,293.41403911719794
165.0,99.3802542857143,0.13563477276578806,409015.4317077251,-339019.910548983,531251.4688202727,2704292429.711678,293.4085287169502
169.99999999999997,99.3802542857143,0.11610003333396633,438146.2166646012,-344700.40745221777,557485.8545965346,2659310487.1384172,293.40359065340033
175.0,99.3802542857143,0.09830588154614384,486370.05919236905,-384644.2195144071,620086.2924502009,2509393948.040348,293.39897454386954
179.99999999999997,99.3802542857143,0.08449501119426067,555500.1147929531,-469255.5211595734,727173.378001235,2197351220.6556787,293.39436009411406
185.0,99.3802542857143,0.07532152377672217,617095.4609315017,-591194.5132329396,854586.3094965861,1761103967.2775056,293.38957337539887
189.99999999999997,99.3802542857143,0.06967835622524812,642408.6440835245,-730480.8183467215,972774.944149842,1351467069.974741,293.38467336852216
195.0,99.3802542857143,0.06618635080692914,625532.4706165362,-861767.7870343439,1064863.648814109,1047697114.8897814,293.3798487078533
199.99999999999997,99.3802542857143,0.06392366156493894,569967.9382129313,-956540.6075593831,1113478.057485092,831408631.5455317,293.3752913753035
205.0,99.3802542857143,0.062380722999642216,482380.4206917919,-991564.1315491499,1102674.1573291768,666599016.1577364,293.37113430264327
209.99999999999997,99.3802542857143,0.061290456813703195,373523.97565433773,-959893.6239835765,1030007.7328607519,531305001.9880465,293.3674261555583
215.0,99.3802542857143,0.06051818089078646,256821.325678105,-874971.8128903427,911884.2397342286,417895888.66640097,293.3641372296636
219.99999999999997,99.3802542857143,0.06000533455745892,144835.66101515692,-764624.6425630064,778221.1849572733,327030248.98898214,293.3611988576576
225.0,99.3802542857143,0.059739459660344545,46701.5431099961,-659562.3065780714,661213.6344536769,261990339.37246782,293.35855348800084
229.99999999999997,99.3802542857143,0.05972668549242742,-32690.77891104801,-582889.9585853706,583805.9530747063,223716218.00013125,293.3561795082592
235.0,99.3802542857143,0.05995311334229002,-92770.28319794468,-543852.4249975166,551708.0619497111,206981377.47941035,293.35407291825976
239.99999999999997,99.3802542857143,0.060354810634575776,-134894.48765178715,-536625.1091290881,553320.0073616025,200793996.8150818,293.35220850470375
245.0,99.3802542857143,0.060833993570039824,-158227.55038838967,-545640.808744073,568119.5735659848,193964152.1888966,293.3505212208633
250.0,99.3802542857143,0.06130158993616558,-160084.5129256403,-557311.9026722928,579847.9181120258,181403727.81569698,293.3489182755948
254.99999999999997,99.3802542857143,0.06169398080435737,-138868.12776134716,-569414.9798531551,586103.8953881051,165293795.72612157,293.3473036542259
260.0,99.3802542857143,0.0619669160963933,-94722.89912379588,-589464.3163393722,597026.4716541974,151665233.49851233,293.3455998485142
265.0,99.3802542857143,0.06209528945986599,-29984.80799950566,-626983.8976624028,627700.4832232533,146954362.24065882,293.34376144233494
270.0,99.3802542857143,0.06207826950387119,48830.0282742359,-690412.433526986,692137.0529237093,156218156.83751252,293.34177920707447
274.99999999999994,99.3802542857143,0.06193674211665945,131586.86628278266,-789071.9534676429,799968.53133568,182811294.3072847,293.3396775820915
280.0,99.3802542857143,0.061703991380020785,208171.86834700534,-930118.6388679428,953129.6916687873,228676696.75468025,293.3375063234772
285.0,99.3802542857143,0.06141498950070238,268841.1132956532,-1104430.0989118088,1136679.9846836373,292856362.0860517,293.3353185050069
290.0,99.3802542857143,0.061097256998704726,302331.4137775557,-1272301.404337867,1307729.0037453647,367597074.2012875,293.33313934622
294.99999999999994,99.3802542857143,0.0607679295926204,298240.5605473087,-1370652.3411426162,1402724.2324260701,436473339.687364,293.3309524694347
300.0,99.3802542857143,0.060438531443883094,252962.2577579761,-1346451.5035990158,1370007.8669095528,479233530.6880515,293.32871605773806
305.0,99.3802542857143,0.060124825184732444,174088.45899145654,-1191243.2772479497,1203896.7302648744,481857088.90677726,293.3263913524773
310.0,99.3802542857143,0.05986225025129253,79378.65811586383,-947539.6034833927,950858.7021917296,445032090.0363673,293.3239609581062
314.99999999999994,99.3802542857143,0.059735790975213046,-9991.428141401171,-683739.7609279327,683812.7589553235,385796773.6685265,293.32142955342476
320.0,99.3802542857143,0.05994433008040474,-77195.09946187377,-459325.62169798714,465767.2274099703,332553916.53635466,293.3188182885726
325.0,99.3802542857143,0.06091404417070671,-114375.14214172085,-304111.7888185819,324908.68446130614,314442074.3654441,293.3161686444676
330.0,99.3802542857143,0.0633364745673854,-127941.70621013937,-218864.14655228902,253516.45870440733,345451355.9131095,293.3135529440565
335.0,99.3802542857143,0.06776121878036447,-135960.18211418964,-187210.37536671653,231371.76959488925,422642968.8579231,293.3110643306171
339.99999999999994,99.3802542857143,0.074024299519698,-147427.92439571227,-186372.58108273175,237633.60846283354,528465409.9432314,293.30876510348526
345.0,99.3802542857143,0.08149864188773757,-159983.3321728416,-197056.96652146816,253822.99861866102,635345892.2300972,293.30664518181413
350.0,99.3802542857143,0.0897332693687419,-171989.09718136635,-210195.6166024246,271592.4277076497,732899536.1786191,293.3046557408756
355.0,99.3802542857143,0.09851375074214147,-183397.17866943992,-225059.7414811688,290321.2227507335,823086171.791972,293.3027718206254
359.99999999999994,99.3802542857143,0.10756547525143381,-193375.60488425268,-244827.81954087055,311985.23328114056,898926094.0021762,293.3010265767067
365.0,99.3802542857143,0.11629581919117034,-200511.85769421828,-273791.4118060667,339362.2581471688,940155737.8973584,293.2994986988121
370.0,99.3802542857143,0.12386359341361756,-201923.2406056456,-314663.1647925675,373879.5292256049,929693180.7776418,293.29826153064437
375.0,99.3802542857143,0.12966753879594148,-191438.25175730028,-364039.85807136487,411307.21182652627,871383441.7037364,293.29733789261246
379.99999999999994,99.3802542857143,0.13368175230803203,-163802.79800192357,-410308.1691426676,441796.50326645514,788260768.5406592,293.29669626113736
385.0,99.3802542857143,0.13625429156234017,-121038.55638208358,-438066.927670341,454480.98447524797,701655195.1023664,293.29627458534696
390.0,99.3802542857143,0.13777568528951617,-72394.49904005839,-435500.0914424389,441476.2656560754,618611657.0049809,293.2960044660174
395.0,99.3802542857143,0.1385421736002947,-30315.727501259622,-400066.6847326083,401213.65326577664,536663527.95828074,293.2958289391033
399.99999999999994,99.3802542857143,0.1387820220825393,-12343.095995604419,-339683.14968152024,339907.33177781675,450961270.9898279,293.29572307489286
0.0,104.34926699999998,0.08944723395430962,-99538.91028636643,-1492829.8941231805,1496144.7414768476,884157075.6430204,293.4447748830418
5.0,104.34926699999998,0.0896429695332264,-179429.64678878538,-1941025.4122309678,1949301.0668116782,1160406310.7359154,293.4447880700783
10.0,104.34926699999998,0.08999282988922391,-313091.8001956515,-2145847.5243833833,2168568.2081161407,1311659707.6989884,293.4447856251695
14.999999999999998,104.34926699999998,0.09051247312618825,-426999.6525375804,-2014214.2947471808,2058977.398717892,1277636354.0687518,293.4448085311898
20.0,104.34926699999998,0.09127414605703289,-504152.01515828125,-1608853.389864125,1685994.805586732,1093689151.1910727,293.44496320031175
24.999999999999996,104.34926699999998,0.09244385268071546,-540537.3997239606,-1101381.3918518408,1226874.7494417834,868992499.8837721,293.44541598785645
29.999999999999996,104.34926699999998,0.09438132312033438,-540471.5926421399,-657921.4389712128,851451.7968218063,727458063.6764957,293.44634572093065
35.0,104.34926699999998,0.09784374854288591,-505353.3151161041,-359539.74196925457,620202.2244027785,747282344.9386141,293.44779811471125
40.0,104.34926699999998,0.104156798458413,-438953.8696344561,-204165.4874680108,484111.60483933205,890319847.0169088,293.449581331442
44.99999999999999,104.34926699999998,0.11444720977519954,-377779.891330861,-155280.2364762636,408447.7911974571,1046825376.1274753,293.4514655183157
49.99999999999999,104.34926699999998,0.12775965996551134,-355005.5247917473,-183290.36861941437,399530.07629126584,1224897078.6775873,293.45342665623457
54.99999999999999,104.34926699999998,0.14157162830219494,-362246.98843971087,-277422.2083550052,456273.99917396996,1552677880.6495223,293.4556124134912
59.99999999999999,104.34926699999998,0.15466010035977537,-397002.49381324544,-429863.46385495644,585144.0657234058,2268427650.8043513,293.458234717313
65.0,104.34926699999998,0.16776052725237633,-475699.38281277014,-625401.8372007183,785759.0984407908,3602497734.8945365,293.46146568919846
70.0,104.34926699999998,0.1822965436370298,-605392.0494548439,-843740.589397375,1038459.2990289826,5586199439.520406,293.46525192517845
75.0,104.34926699999998,0.1989852703097307,-776199.7252337458,-1081238.4389438343,1331000.591773964,7828085799.717393,293.4690312830667
80.0,104.34926699999998,0.21644705783937132,-985963.11056142,-1377741.5827956179,1694194.5355690783,9541533185.830515,293.47169872576217
84.99999999999999,104.34926699999998,0.2316197701251174,-1209210.76423424,-1753594.2346985585,2130090.0009877463,9831758586.038565,293.4722403372746
89.99999999999999,104.34926699999998,0.24253633135193603,-1340100.4652529468,-2120588.5757516464,2508538.4518837975,8448045399.056972,293.4705197780541
94.99999999999999,104.34926699999998,0.24953311778432652,-1292320.6038209784,-2382304.3333950727,2710252.1063497323,6445267071.886831,293.4672447197587
99.99999999999999,104.34926699999998,0.2538269174708144,-1075962.516872784,-2509812.42084404,2730724.029545687,4786402364.153595,293.4632505685785
104.99999999999999,104.34926699999998,0.25640974378621345,-754016.4539160744,-2491272.536353764,2602879.1103635007,3651669733.4644833,293.45907513379007
109.99999999999999,104.34926699999998,0.2578735055853791,-401415.121915507,-2320147.3681460763,2354616.2978323256,2905883355.6331496,293.454989251752
114.99999999999999,104.34926699999998,0.25850461002433595,-82254.85302656192,-2018119.5185521916,2019795.1014911763,2408959963.4558625,293.4511441021243
119.99999999999999,104.34926699999998,0.25835712214837564,164557.15536054838,-1643036.2173023936,1651256.209298761,2088995530.6023464,293.44763871507297
125.0,104.34926699999998,0.2572493027740079,327531.5806875047,-1268137.9939023047,1309752.2315026675,1935816639.8138068,293.44449797076834
130.0,104.34926699999998,0.2546769868275075,413723.99931720836,-950247.6429260476,1036406.3539449836,1969742351.826237,293.4416496580686
135.0,104.34926699999998,0.2496951687470758,438960.39400453307,-713034.2807291553,837319.6002719384,2185545515.082909,293.43894033062935
140.0,104.34926699999998,0.24105227391416523,427585.88503139693,-554303.1693613438,700058.3494553248,2494497348.5198097,293.43615085053295
145.0,104.34926699999998,0.22802498418569392,409528.36431188433,-460195.31416841364,616030.2008493841,2765836280.3155303,293.4330032939511
150.0,104.34926699999998,0.21133348340808905,400735.1414144267,-409414.0991275589,572894.8927411303,2916059866.310357,293.42923008421917
155.0,104.34926699999998,0.1925739715104974,400303.123327052,-381467.40584346047,552955.6693500234,2950573619.0966773,293.42477334555247
160.0,104.34926699999998,0.17287080833950405,406437.2112691764,-366674.6808953102,547395.2213108393,2960235222.3511376,293.4199300909074
165.0,104.34926699999998,0.15259401073704307,419726.1357608983,-364219.0421692141,555720.7389682662,3014778729.3848643,293.4151196423722
169.99999999999997,104.34926699999998,0.13207336678560747,439923.7932654187,-378315.29643246403,580220.1370133735,3081628847.7854557,293.41052021874475
175.0,104.34926699999998,0.11249839654753876,469412.7858783216,-417803.4595589682,628417.1340483082,3051772667.4164467,293.40601551854616
179.99999999999997,104.34926699999998,0.09595436486822867,510715.70783977536,-492783.82048671215,709694.6019012424,2833255198.391046,293.4013818791228
185.0,104.34926699999998,0.08389309116700569,548518.1764603402,-601087.0546104979,813743.1026606004,2420007583.06328,293.39649230682926
189.99999999999997,104.34926699999998,0.07599449102528168,556748.9563813057,-722672.9485918853,912263.9919771922,1936078086.1744637,293.39141213080416
195.0,104.34926699999998,0.07099676830399625,525640.0103069284,-830469.2496879653,982841.0833460107,1516428105.6429734,293.3863344867783
199.99999999999997,104.34926699999998,0.06777834179260186,461130.1714858056,-899675.7523913964,1010968.5922399141,1194625158.2531362,293.3814778083364
205.0,104.34926699999998,0.06563010250901731,374683.1539961673,-914177.5771334443,987981.8360790294,948740203.1516405,293.37702441656495
209.99999999999997,104.34926699999998,0.06415225467551396,279492.41297853756,-872439.5311007964,916115.0278976669,754258110.5051264,293.37306963159796
215.0,104.34926699999998,0.06312909681855479,187873.5896961031,-788559.8153641626,810631.2775315678,597462092.6044375,293.3696002534834
219.99999999999997,104.34926699999998,0.06245145149818376,108538.09563946903,-687018.990015013,695539.7981756983,473314178.8532462,293.36653202522893
225.0,104.34926699999998,0.06207176226627405,45555.70834473567,-594555.3543852587,596298.0731068744,381202623.301004,293.36377885514776
229.99999999999997,104.34926699999998,0.06196516013628789,-1167.6435533453716,-532397.4354727594,532398.7158976237,320417463.3501575,293.36130105463474
235.0,104.34926699999998,0.062084904740916505,-34831.488379453105,-509428.1450255187,510617.535467466,285471670.8611372,293.35909902953244
239.99999999999997,104.34926699999998,0.06234488434162634,-58641.53369778319,-518806.37162882154,522110.0274052311,265142858.90893346,293.35716447603386
245.0,104.34926699999998,0.06265282304890425,-72832.18070882946,-544183.199077457,549035.4093362092,248228815.27001342,293.3554411451202
250.0,104.34926699999998,0.06294205640347367,-75185.2304677134,-573283.0469487403,578192.2438076411,230100087.53699315,293.3538275830981
254.99999999999997,104.34926699999998,0.06316808666705041,-62523.30235001637,-605272.5249442674,608493.2150724117,212633164.8738423,293.3522072026524
260.0,104.34926699999998,0.06329956469144264,-32353.792146115986,-645730.1715576218,646540.1938983143,200016958.30931687,293.3504817546074
265.0,104.34926699999998,0.06332223031544616,14251.926694014708,-698928.9353053179,699074.2264034033,195832226.42851886,293.34859711980937
270.0,104.34926699999998,0.06324270089619427,70519.77330879093,-768415.0665898754,771644.1880749481,202660954.08804494,293.34655322700485
274.99999999999994,104.34926699999998,0.0630832448471848,126319.89098949013,-862020.8553832858,871227.1058543394,222804415.00979704,293.34439235534285
280.0,104.34926699999998,0.062873504494577,172267.2591389244,-987830.744661919,1002739.0431565725,258029794.0235488,293.34217341633257
285.0,104.34926699999998,0.06264307384159076,199705.7024488833,-1137263.2538222207,1154664.4863703512,306763159.61840063,293.339944742818
290.0,104.34926699999998,0.06241598802350257,199561.48543318588,-1271218.5094678176,1286787.1950256107,360437047.1928508,293.33772403245723
294.99999999999994,104.34926699999998,0.06221054270882029,165690.34672193433,-1331085.9057697705,1341358.631960806,403890493.10040283,293.3354957348017
300.0,104.34926699999998,0.06204565221807411,100205.97434128138,-1273750.2405410318,1277685.7644084566,422206944.4789886,293.33322834638847
305.0,104.34926699999998,0.061952497643679494,15326.558544822112,-1101710.5856190855,1101817.188948319,409854482.9412943,293.3308980720549
310.0,104.34926699999998,0.061994131734091365,-70396.57892912395,-862206.8869589058,865075.9470961448,375442356.71729165,293.3285011461389
314.99999999999994,104.34926699999998,0.06230414797451833,-139175.13946027632,-618729.5610100632,634189.2376187827,339630084.9730609,293.32604893166763
320.0,104.34926699999998,0.06316431737917305,-179335.46901311463,-419706.0954783054,456414.74234274926,327938153.4956855,293.3235578906116
325.0,104.34926699999998,0.0651151651219013,-188112.02186472193,-284789.8965632256,341308.3912747039,356426055.92022,293.3210511573344
330.0,104.34926699999998,0.06889513710634078,-177916.95370137793,-210598.01255662035,275691.7940512134,417321790.13913393,293.3185728674837
335.0,104.34926699999998,0.07484186238816014,-170070.02499039774,-182546.66790930202,249493.68602235912,497255851.9060817,293.3161929297868
339.99999999999994,104.34926699999998,0.08242250315743355,-171060.5118940068,-181005.9735312182,249047.90941387904,582945622.2429217,293.3139679910735
345.0,104.34926699999998,0.09084984832700019,-176493.55972911368,-189016.40070527687,258606.21872149943,659185899.780313,293.31189483289756
350.0,104.34926699999998,0.09974392449366783,-184616.34329177323,-199099.7090447519,271521.43258337956,726429067.9009849,293.3099206506041
355.0,104.34926699999998,0.10896240713309571,-195175.45691984857,-212048.25943058752,288197.71565960307,785849986.6771282,293.30799133308346
359.99999999999994,104.34926699999998,0.11813082259204447,-207839.94839182368,-233667.97173213522,312726.9818242837,824456566.691755,293.3061054907345
365.0,104.34926699999998,0.12640820286265245,-222296.02322776965,-271788.3326109676,351118.81135355175,823219200.4627612,293.30434025199946
370.0,104.34926699999998,0.13291045633950568,-232703.46000050622,-329805.42938688764,403636.6206741858,773066712.9976515,293.3028123069128
375.0,104.34926699999998,0.13740239630110623,-226728.46796562124,-399993.4820069227,459783.19220482616,689494618.4042093,293.3016003519369
379.99999999999994,104.34926699999998,0.1402734670878026,-197393.31452889703,-464942.5854170554,505109.62013705494,602227483.208389,293.3007056282793
385.0,104.34926699999998,0.14204163173865564,-148739.7034810735,-503965.8060749156,525456.9754836044,524885900.47674036,293.3000730373569
390.0,104.34926699999998,0.143088880514391,-92153.04915988771,-500980.2926744766,509385.35326181975,454176339.18223053,293.2996323320298
395.0,104.34926699999998,0.14364770736488902,-41761.08811367238,-452320.8088697331,454244.54054727784,383368761.518281,293.29932938027696
399.99999999999994,104.34926699999998,0.14386144328831862,-18995.477160322895,-369068.3733691005,369556.8865193316,308670571.9799975,293.2991513630667
0.0,109.31827971428571,0.09220928556047849,-109539.30864804333,-1376620.3024520096,1380971.5121110044,741221717.7314749,293.4480786583974
5.0,109.31827971428571,0.09242124042030778,-199664.59405946327,-1806988.2060124532,1817985.7883902816,985227444.8812901,293.4481800285437
10.0,109.31827971428571,0.09280191234417776,-352461.72124187555,-2020476.2731507702,2050988.4532356616,1136093736.8554432,293.44833710141864
14.999999999999998,109.31827971428571,0.093369057161341,-485342.1443631553,-1923413.6031642633,1983702.821980238,1139262567.0109184,293.44856992514366
20.0,109.31827971428571,0.09420099474252092,-576929.7623336638,-1564828.4102752714,1667793.7235374798,1020254401.5845414,293.44895774109614
24.999999999999996,109.31827971428571,0.09547609062523922,-620747.6969985517,-1099014.2573320188,1262204.4371448131,870769585.18273,293.44962444372567
29.999999999999996,109.31827971428571,0.09757918142688506,-621467.4769298576,-681849.4215650704,922572.738904735,804488325.7893292,293.4506816974488
35.0,109.31827971428571,0.10132482098246659,-582550.727233508,-394253.58381535293,703421.0958960063,905627374.199724,293.45210342021056
40.0,109.31827971428571,0.10819557951226384,-508763.70622575545,-239513.31527600775,562322.9827839789,1148018365.7301776,293.4536790527609
44.99999999999999,109.31827971428571,0.11971635576631585,-436685.1316151191,-185998.3079505661,474646.47342436615,1411224601.85293,293.45522172826486
49.99999999999999,109.31827971428571,0.13543191717781639,-402582.98743665905,-204415.92848882038,451507.4014823807,1683943312.3302383,293.45675569121363
54.99999999999999,109.31827971428571,0.15282777685030885,-397803.5509346041,-276819.22541064705,484640.6387140174,2057381889.8769112,293.4584360938097
59.99999999999999,109.31827971428571,0.1701270531603653,-414628.15744428575,-388176.471442379,567976.6561462712,2701347702.006136,293.4604351507414
65.0,109.31827971428571,0.1873980641562379,-463961.975986507,-526616.4379655232,701844.418583492,3728294609.0780187,293.4628386780447
70.0,109.31827971428571,0.20509221911038228,-557183.2829835798,-696077.2429629943,891614.6807939645,4999970553.464433,293.4654754955518
75.0,109.31827971428571,0.22229086131197556,-709022.5079568342,-933273.6187187099,1172054.8469187417,6153191200.324725,293.4677484770744
80.0,109.31827971428571,0.23671421257525277,-918946.3028644244,-1276733.423737713,1573057.7048656596,6670867247.522391,293.46879695155957
84.99999999999999,109.31827971428571,0.2469573770148467,-1122369.622233347,-1694962.0266573383,2032882.151213537,6214198825.965489,293.46812304797106
89.99999999999999,109.31827971428571,0.25351854736484425,-1231011.784451057,-2114436.0929262056,2446677.3396846615,5195119457.486276,293.4659584558885
94.99999999999999,109.31827971428571,0.25759461882398665,-1201374.2156059954,-2473673.209781696,2749974.3916470567,4187565253.555658,293.4628864490758
99.99999999999999,109.31827971428571,0.26014234838406525,-1035959.4143792226,-2710765.96635854,2901975.8842224535,3390432130.72025,293.4593962788793
104.99999999999999,109.31827971428571,0.26174736016195194,-770130.1716919263,-2764377.1081888904,2869648.28465598,2780288486.3816066,293.4557769463894
109.99999999999999,109.31827971428571,0.2627312845341306,-458940.72629717964,-2605046.316541951,2645164.059483451,2293330130.0767107,293.45218812616815
114.99999999999999,109.31827971428571,0.26324512155448854,-158180.41401624525,-2262830.7077240744,2268352.674342635,1892209640.8622782,293.44874542183675
119.99999999999999,109.31827971428571,0.26331048044321226,92481.04753588828,-1821938.790855026,1824284.4355460608,1577088014.0894465,293.44555077040644
125.0,109.31827971428571,0.2628087582233928,275513.9499422237,-1382197.4143083254,1409389.097706303,1376677075.2351863,293.44266398895235
130.0,109.31827971428571,0.2614092334474799,390553.9855724145,-1015949.6560226134,1088432.8730881682,1335558136.780435,293.440071589835
135.0,109.31827971428571,0.25842481163455067,445215.44884950353,-748961.9035583305,871298.3007420495,1495350003.535056,293.4376935782816
140.0,109.31827971428571,0.2526774284078641,451424.4819973585,-570895.7694321467,727809.0700878261,1842879468.7172432,293.43539955171764
145.0,109.31827971428571,0.2427871505824455,431723.9172813599,-460769.7809230501,631422.4669463687,2260529365.6719527,293.4330009340314
150.0,109.31827971428571,0.22830488326804693,413484.0601787535,-401580.0128115701,576398.7983259922,2609411742.132623,293.4302601904834
155.0,109.31827971428571,0.21045162431189315,406521.44820329605,-376424.08100046054,554034.9958318034,2831429020.580272,293.42699884702085
160.0,109.31827971428571,0.1909678824135413,407108.70153391844,-371132.50079998263,550887.3097237602,2967287233.7396517,293.4232577793335
165.0,109.31827971428571,0.1708175134646692,413412.20148321136,-379471.03891527693,561166.5685967358,3106082371.103187,293.41927005904836
169.99999999999997,109.31827971428571,0.1503668234206306,424572.1228029467,-400893.3308202491,583932.3164182252,3271736986.8470984,293.4152228111632
175.0,109.31827971428571,0.13025456464316612,438572.631740381,-438367.4440052471,620090.2912281221,3384923483.5858374,293.4111197175536
179.99999999999997,109.31827971428571,0.11192489178125557,454106.3044490051,-497235.59415975504,673391.2472253684,3329169992.8032837,293.40684671029504
185.0,109.31827971428571,0.09705875609381168,465247.1275726904,-579555.0166720753,743195.0666308333,3053628877.1778846,293.40230501364164
189.99999999999997,109.31827971428571,0.08631433615026565,457215.3085730974,-674513.2854511082,814870.5483962719,2621368384.5699563,293.3974947842196
195.0,109.31827971428571,0.07908676230264619,419625.1684421287,-759590.3229528292,867791.8763814676,2160158840.7347145,293.39252694550134
199.99999999999997,109.31827971428571,0.07432926166415665,356019.5335034661,-812225.9636421995,886826.3213564003,1755730664.6962318,293.38760368428075
205.0,109.31827971428571,0.07117306828286593,278371.4165709884,-819231.8330688505,865234.9056048812,1426179901.4823248,293.38297357621923
209.99999999999997,109.31827971428571,0.06904899846631804,200147.32088128175,-780524.7432918216,805777.7764040894,1159980839.7666352,293.3788298851621
215.0,109.31827971428571,0.06761270175899058,132288.67606648136,-708239.0398544734,720487.9120355933,942874821.3031777,293.3752213236723
219.99999999999997,109.31827971428571,0.06665652024333471,80934.90592936966,-622634.8250782051,627873.0639213335,766034158.0711887,293.3720679699046
225.0,109.31827971428571,0.06604679831078286,47017.22102466301,-546881.2269936522,548898.6204309176,627197606.7292376,293.36925353486265
229.99999999999997,109.31827971428571,0.0656819755680485,27519.27185469379,-500749.28497751703,501504.8920288885,527274868.19673514,293.3667083915155
235.0,109.31827971428571,0.06547235345410056,17623.308965575114,-492233.1765188665,492548.5570832075,461617516.111654,293.36442932316464
239.99999999999997,109.31827971428571,0.06534809102414435,12980.458954119458,-513293.10477452795,513457.207295539,416323737.86897445,293.36242978064155
245.0,109.31827971428571,0.06526825608983206,11346.97998020128,-548451.1813525944,548568.5483891028,378206282.3513381,293.3606737606614
250.0,109.31827971428571,0.06520609640032768,13658.97125145364,-588744.3307508797,588902.7546946518,343681279.3823329,293.35905753974026
254.99999999999997,109.31827971428571,0.06513348045744036,23374.99324599023,-635301.7528461922,635731.6316486811,315666851.7360475,293.357440971533
260.0,109.31827971428571,0.06502431162246125,43316.77179393052,-691131.7703219512,692487.8819640109,296656934.0957317,293.3556933586959
265.0,109.31827971428571,0.06486666504433615,72124.88781142465,-754894.9354576814,758332.6203068595,286747399.3175092,293.35373626283285
270.0,109.31827971428571,0.06466622355847869,103626.65155962858,-825937.276508862,832412.6786878832,286149416.521524,293.35157110234894
274.99999999999994,109.31827971428571,0.06444056494091058,130036.1373254981,-911619.8605106858,920847.5265146006,297205546.60057354,293.3492672956693
280.0,109.31827971428571,0.06421241759206871,144526.8569427482,-1021319.9564394571,1031495.2572839316,322590540.7561175,293.346912552785
285.0,109.31827971428571,0.0640042597316671,140242.89812599382,-1147103.7282703142,1155644.856297311,360553531.1329869,293.3445664331471
290.0,109.31827971428571,0.06383543045473805,110359.80757035248,-1251423.1047251052,1256279.8550350105,401650573.92452216,293.3422441786305
294.99999999999994,109.31827971428571,0.0637246120537171,52512.39144580273,-1281490.3622815344,1282565.8267222838,431436854.9409531,293.33992632550405
300.0,109.31827971428571,0.06369829669205486,-26768.70247828133,-1203710.4776556687,1204008.0886150263,438806092.11956465,293.33758134310034
305.0,109.31827971428571,0.06380529204500636,-112555.48461914812,-1028188.3554283852,1034330.7166261566,424060814.66983455,293.3351885741548
310.0,109.31827971428571,0.06414251928605211,-187081.55991980626,-802307.736823014,823830.8167506814,400983587.90762746,293.33274846239823
314.99999999999994,109.31827971428571,0.06490583296676408,-236241.28587940565,-581993.0895936636,628112.9687315278,392436630.37606966,293.3302744501748
320.0,109.31827971428571,0.06648229644798734,-252725.05656863053,-405428.3017652924,477746.8598430622,420005416.7893935,293.32777743683624
325.0,109.31827971428571,0.06953637887390161,-238664.88708699372,-285330.9103879542,371987.4416577342,483083376.8295595,293.3252627427432
330.0,109.31827971428571,0.07477848757519308,-212190.29706086233,-217483.9802442532,303848.6528350253,552984897.6004965,293.3227512530936
335.0,109.31827971428571,0.08219099115745086,-194334.22571677208,-189658.0603005254,271543.6817933628,612743427.7113277,293.3203052083742
339.99999999999994,109.31827971428571,0.09085801327743803,-187353.69351088163,-184068.81042257414,262645.6423444922,656120350.9785166,293.3180008619276
345.0,109.31827971428571,0.09993411366147438,-186346.3758408669,-185940.87469450518,263246.99555965175,683031121.0800377,293.3158661490959
350.0,109.31827971428571,0.1091457212803389,-190308.24661117716,-189756.44517876726,268746.604099667,702558460.9632641,293.3138574564941
355.0,109.31827971428571,0.1183663821807034,-199341.3257048128,-198281.16843686573,281162.5613243004,713404968.1758213,293.3118967167271
359.99999999999994,109.31827971428571,0.12705768381760238,-214928.26716009274,-220393.5772269661,307843.2862794621,703559061.6637751,293.30994022664316
365.0,109.31827971428571,0.13425402281021437,-237167.4882074406,-266310.79217237025,356608.82699409145,661907758.7300794,293.30803503210745
370.0,109.31827971428571,0.1393488511356958,-254610.92177947258,-337951.2873218557,423128.5786754331,587777344.5904275,293.30631091856384
375.0,109.31827971428571,0.14257683004434438,-251033.3519682333,-424960.84161557734,493568.0912569477,506073686.33105075,293.3048927330716
379.99999999999994,109.31827971428571,0.14454134167335553,-221113.63346034853,-507192.9318164472,553295.4987948127,439072730.23987246,293.3038173019227
385.0,109.31827971428571,0.14573446844148832,-170096.70213527285,-558608.6053537447,583931.8984715182,384836559.4766399,293.3030400880482
390.0,109.31827971428571,0.14645283373680373,-109406.82614354599,-557183.1422656019,567822.9544776911,332556898.13291997,293.3024902424642
395.0,109.31827971428571,0.14685806182369343,-53212.64944273643,-497517.42622378934,500355.0493969849,275564159.2120029,293.302113720398
399.99999999999994,109.31827971428571,0.14703601790125162,-26162.032954643782,-395191.15368804603,396056.1827842215,214318787.75537747,293.30190017437934
0.0,114.28729242857142,0.09474164496218411,-116846.65594834056,-1250788.5249502773,1256234.482552362,627836230.6753614,293.4508281999286
5.0,114.28729242857142,0.09497307297604887,-215882.43854823062,-1657937.0404737392,1671933.1498144153,846393256.2830924,293.4510102994037
10.0,114.28729242857142,0.09539248816660131,-387319.8523368222,-1877317.1219204287,1916855.8225046087,1000027820.1374024,293.4513143670027
14.999999999999998,114.28729242857142,0.09602268216803773,-541719.7054937849,-1816643.083537121,1895693.1007638162,1040165704.746302,293.45174281721836
20.0,114.28729242857142,0.09695371421192556,-652844.5724275641,-1510796.6402330878,1645816.6738393786,985538731.1118023,293.4523508897702
24.999999999999996,114.28729242857142,0.09838775904016295,-710153.4275004347,-1094066.610761583,1304338.7747720883,915460689.6110765,293.45322297600126
29.999999999999996,114.28729242857142,0.10075854861923317,-716695.7100946088,-709072.9306907114,1008185.0831599969,939558275.3986034,293.45440898944946
35.0,114.28729242857142,0.10498409360233742,-676274.8984235359,-435045.0033599252,804121.81489262,1152605738.9303029,293.45581466709
40.0,114.28729242857142,0.11276141688646762,-594703.9530688592,-281052.2036763046,657771.3379184554,1533837583.7416656,293.4571897608253
44.99999999999999,114.28729242857142,0.12597615037587281,-512200.6810748467,-222205.3339219501,558323.1574248932,1938018704.4385545,293.4583502432599
49.99999999999999,114.28729242857142,0.14446815136736602,-470399.12720679824,-231833.02322896084,524425.294523822,2324620106.2111893,293.459346391233
54.99999999999999,114.28729242857142,0.16556527674488108,-458688.60795892833,-287865.8432558187,541536.6864624068,2719757420.7830467,293.4603349066356
59.99999999999999,114.28729242857142,0.18682435625987182,-462221.0365131409,-371170.4159209129,592803.3099183791,3179203112.1945415,293.46144462791557
65.0,114.28729242857142,0.20720150923301592,-488519.6346472389,-474331.6019490368,680912.550951597,3697667311.8370037,293.4626867420243
70.0,114.28729242857142,0.2256172218286579,-555572.6575696808,-616779.0462648785,830106.8423705776,4129299083.832573,293.4638522356661
75.0,114.28729242857142,0.24035077388622278,-677705.8912654399,-840293.0615033959,1079526.6111896613,4298197246.367833,293.4644909792
80.0,114.28729242857142,0.2505049686501177,-832117.13218596,-1166111.78423064,1432562.6042162878,4084255749.20143,293.4641501164588
84.99999999999999,114.28729242857142,0.2568397942779008,-965585.9932181907,-1579801.8825252734,1851521.076933654,3633097705.649478,293.4627364946615
89.99999999999999,114.28729242857142,0.26069405861698003,-1035690.8432875307,-2045429.153208574,2292691.8553667828,3184483882.660458,293.4605050094593
94.99999999999999,114.28729242857142,0.26308724009115536,-1018184.3794944417,-2496812.1135347867,2696436.567201337,2819870849.612659,293.4577756275457
99.99999999999999,114.28729242857142,0.26462593553531943,-906562.7509716096,-2836598.186870527,2977943.1316273273,2512987929.0715237,293.4547794520862
104.99999999999999,114.28729242857142,0.2656451200301473,-715531.4095725641,-2966934.2352489177,3051996.715983977,2218032922.3717775,293.45165758854046
109.99999999999999,114.28729242857142,0.26632243313465337,-476643.7851527563,-2838526.9325857083,2878267.6117656566,1909257775.2359753,293.44850732178406
114.99999999999999,114.28729242857142,0.26673887702567745,-226666.87628524756,-2483126.454311046,2493450.3927097204,1592441702.590964,293.44542255183217
119.99999999999999,114.28729242857142,0.26690049566530427,3253.874414564521,-2000911.2405366176,2000913.8862541015,1299691133.3207822,293.4425022830033
125.0,114.28729242857142,0.26672835961507263,192572.68742418024,-1510316.544969648,1522544.0243063008,1076244994.0428543,293.4398218391526
130.0,114.28729242857142,0.26601028908543084,331181.0682266682,-1097465.2208236302,1146346.7236701192,970449972.3685644,293.4374013125406
135.0,114.28729242857142,0.26429317804057,416379.03785930976,-795339.6000252254,897739.7075639075,1031143884.3010945,293.4352067112811
140.0,114.28729242857142,0.2607059419171925,449421.9915587778,-594114.1386351298,744950.8280570069,1291883015.301571,293.43316751495985
145.0,114.28729242857142,0.25387607460326456,439489.3256858681,-467180.0347232534,641410.9854343308,1707556649.9989693,293.4311682606452
150.0,114.28729242857142,0.2425434536343878,413326.0115082539,-395103.5410525777,571791.2205880808,2140494644.4930882,293.4290219363844
155.0,114.28729242857142,0.22693241396846686,396800.95763415337,-366658.3818654912,540267.8677948575,2494518221.3498645,293.4265152309053
160.0,114.28729242857142,0.20877852803063107,392024.88240464934,-367562.08909797674,537387.5675585063,2759720202.649537,293.4235454265427
165.0,114.28729242857142,0.18963075570574223,393149.9940236003,-385053.65393451595,550302.8568062126,2989359057.135784,293.4202023094266
169.99999999999997,114.28729242857142,0.1701367142508467,397620.36997697013,-412800.39530386456,573154.5384829902,3231611043.20586,293.41666931343195
175.0,114.28729242857142,0.15068421223377457,402061.4266659587,-449168.43477443716,602831.3807445527,3454872017.4499593,293.4130681790407
179.99999999999997,114.28729242857142,0.13207771604535434,401987.60511321644,-494514.7079277516,637290.2251106075,3560167526.5271544,293.4094050656255
185.0,114.28729242857142,0.11559826023363962,393187.55698423286,-548999.3824245182,675275.3341191516,3463316659.272414,293.405604842837
189.99999999999997,114.28729242857142,0.1023436106118491,370408.5862866647,-609015.4139964184,712812.945505421,3174290629.777941,293.40157096525655
195.0,114.28729242857142,0.09255726371878699,329223.99849686754,-663638.2936563779,740813.2193700477,2782948975.983645,293.39725085268753
199.99999999999997,114.28729242857142,0.08572081883876248,271608.9731685883,-697930.3111959886,748917.9885620483,2381719947.785027,293.39272039239177
205.0,114.28729242857142,0.08107332236708897,206455.9667973372,-701058.0332294278,730825.8562624454,2018833933.5935187,293.388230786379
209.99999999999997,114.28729242857142,0.07795074923222273,145014.5210556856,-671588.9623060654,687066.914942313,1704936215.8643582,293.3840948755384
215.0,114.28729242857142,0.07585841931350898,96486.75831649074,-617765.7433844813,625255.3144354757,1435417909.9325972,293.38048411049147
219.99999999999997,114.28729242857142,0.07442333895967798,65560.75792278205,-554904.3019658935,558763.811748457,1205990524.9068532,293.3773677445866
225.0,114.28729242857142,0.07333693656443599,51867.75913306041,-501782.6754466307,504456.2595665395,1020077549.6732388,293.37461567874993
229.99999999999997,114.28729242857142,0.07235315791960564,51438.57443832532,-475005.0647298393,477782.1035359591,884348918.527673,293.3721208300282
235.0,114.28729242857142,0.07135277286738168,59089.49412475003,-480752.95566784305,484370.69760596164,792577110.7357727,293.36985677458966
239.99999999999997,114.28729242857142,0.07036559559469076,69610.88688890616,-511294.07807539345,516010.95903907565,721934530.5889313,293.36785021104447
245.0,114.28729242857142,0.0694735347452761,79328.5887537127,-553889.4706162108,559541.3931543956,654139773.9295282,293.36609790832074
250.0,114.28729242857142,0.06871530460782442,88324.1261467661,-602972.1249974804,609406.7072026423,589260900.3784144,293.36451318318916
254.99999999999997,114.28729242857142,0.06807813963330014,99207.77762458484,-660528.2558601269,667936.9430798317,535205774.98387766,293.3629435925162
260.0,114.28729242857142,0.06753029938283854,113230.63063742874,-726481.4826640345,735252.6915069972,494460298.3252741,293.361222677273
265.0,114.28729242857142,0.06704693040876275,128004.94424981208,-794995.2133221991,805234.5341312718,464219008.24909014,293.35922806548035
270.0,114.28729242857142,0.0666178063391165,138752.32761781322,-863220.0569648714,874300.3346481097,443736739.6137512,293.3569384810929
274.99999999999994,114.28729242857142,0.06624494021381647,140929.30513760317,-939219.9241547929,949734.2443946636,437232344.57869655,293.35444472804545
280.0,114.28729242857142,0.06593761032953976,130399.13436504264,-1033377.6317932537,1041572.495860843,449069780.52008176,293.35188060201057
285.0,114.28729242857142,0.06570749498057003,101796.0521698501,-1137921.5720320197,1142465.728296998,476743302.74773943,293.3493388710584
290.0,114.28729242857142,0.0655673954608021,50150.79684332212,-1217443.4817312823,1218475.9881236919,508834901.2262071,293.3468449254082
294.99999999999994,114.28729242857142,0.0655363573707235,-23820.430457217997,-1225859.245404431,1226090.6583326894,530618779.1944868,293.3443774200977
300.0,114.28729242857142,0.06565111209068228,-110459.18300963755,-1138233.8562519369,1143581.017081567,533822245.1097751,293.3418996358259
305.0,114.28729242857142,0.06598529840366202,-193643.99360916237,-969134.646073951,988291.4339817924,523536759.5901421,293.339384497741
310.0,114.28729242857142,0.06668460102667731,-257170.23763859464,-762605.2233513283,804800.135319211,517858014.6635365,293.3368248964957
314.99999999999994,114.28729242857142,0.06803259144039533,-290076.49626536533,-565647.25022981,635689.535369378,540355007.949987,293.3342241880415
320.0,114.28729242857142,0.07054672561957383,-288604.4986810301,-407755.3736534836,499556.8049803953,602652275.043305,293.3315759683787
325.0,114.28729242857142,0.07497203776280148,-260401.85056567594,-298201.284457377,395895.352119797,679351349.544429,293.3288613806138
330.0,114.28729242857142,0.0817850712662509,-227446.35950283465,-234442.3931929807,326642.1316626881,728611098.0499538,293.32609382615186
335.0,114.28729242857142,0.09043722036757007,-205491.00880541254,-205288.58238251146,290465.0697699938,740646891.0629816,293.32337373824146
339.99999999999994,114.28729242857142,0.0997465002066925,-192786.70992147858,-193692.76965434576,273283.0118004406,721618582.583371,293.3208452827515
345.0,114.28729242857142,0.10898467049761792,-186065.9124200161,-187383.80838566672,264070.47432420263,687392458.7227215,293.31857972237947
350.0,114.28729242857142,0.11800884641814771,-185405.32050013964,-183015.81499264325,260518.5625002198,650146847.8952923,293.3165296221988
355.0,114.28729242857142,0.1266686902105893,-191684.51580861158,-185467.74081195254,266723.14575730293,608042865.8624879,293.314587010213
359.99999999999994,114.28729242857142,0.13432149584043765,-208299.0457382371,-206161.54676438525,293071.79294456844,557231535.5423185,293.31266293188844
365.0,114.28729242857142,0.1401241829749281,-233846.6838559789,-256117.7028919564,346814.86312597763,494243291.2188727,293.3107509058545
370.0,114.28729242857142,0.14388905769122906,-252527.3262873219,-336840.5428576988,420988.8381352797,423895557.4486548,293.30895349644743
375.0,114.28729242857142,0.14613800768871332,-249246.94681631622,-438515.85397638415,504400.8274040528,367272996.0580522,293.3074180704751
379.99999999999994,114.28729242857142,0.14747160510484614,-221187.6124780619,-538692.014408648,582334.1363009663,329849418.2425614,293.306221908098
385.0,114.28729242857142,0.1482801913750904,-173056.51380602265,-604715.3029841488,628990.5838992385,299402891.59188974,293.30534379970555
390.0,114.28729242857142,0.14877561334449957,-114590.12307858314,-607623.6051540031,618334.3285371698,263478514.3723443,293.30471944251536
395.0,114.28729242857142,0.14906645893546025,-58404.376047483136,-539994.5540239596,543143.8018766585,217502068.7993839,293.3042962712434
399.99999999999994,114.28729242857142,0.14920436302309315,-29970.1089506428,-422227.6291707363,423289.9458594005,165603700.39999425,293.30406341672267
0.0,119.25630514285713,0.09713323548969836,-119660.0457590894,-1121524.2843982815,1127889.7317761807,545357220.9097291,293.4530037458947
5.0,119.25630514285713,0.09738861828344125,-224448.61987734292,-1499693.8533145194,1516396.6620360897,745501458.4202856,293.4532512244814
10.0,119.25630514285713,0.09785777901482742,-410673.3323867096,-1719870.5250014982,1768221.4818010028,904959055.3176247,293.45367511246604
14.999999999999998,119.25630514285713,0.09857214152293439,-585712.8554246436,-1694149.555016962,1792540.7286234421,982104308.2426248,293.45426476816874
20.0,119.25630514285713,0.0996402767662862,-718650.5562634631,-1444365.6055087182,1613273.2640177086,992741365.079707,293.45505784372034
24.999999999999996,119.25630514285713,0.10130151328378795,-793643.1500225877,-1083125.9706896702,1342770.0167788286,1009556789.6590924,293.45610843138525
29.999999999999996,119.25630514285713,0.10406491164386886,-810011.352809319,-736709.6005308173,1094924.3933689026,1144104425.8082767,293.45741461245456
35.0,119.25630514285713,0.10899836626891501,-769998.9697578402,-480251.1290745968,907490.8045845756,1502736940.5870688,293.45880776073056
40.0,119.25630514285713,0.11805477017762939,-680895.4584582514,-327966.95711642783,755765.1422957275,2054675086.753911,293.45995685058926
44.99999999999999,119.25630514285713,0.13338627496561745,-589065.2892306929,-262885.10384579335,645063.1696201958,2608434901.216404,293.4606376234852
49.99999999999999,119.25630514285713,0.15482222989226618,-540910.2723752763,-262904.689169103,601417.3246159428,3079818892.2886767,293.4609231872493
54.99999999999999,119.25630514285713,0.17924513150943827,-523006.8110260674,-304145.6255427099,605012.963428407,3411353372.2417245,293.460994797605
59.99999999999999,119.25630514285713,0.20335436252213362,-515711.15511044743,-366515.6941113889,632686.1382512699,3553645595.111389,293.4609746556755
65.0,119.25630514285713,0.22483083724040695,-527140.4410269763,-448263.97711871396,691966.5004524438,3494966760.4036913,293.4608705635492
70.0,119.25630514285713,0.24166540133169223,-573770.4587499606,-573874.2509932074,811507.3599710326,3242276913.432622,293.4605587369348
75.0,119.25630514285713,0.25295813720723875,-650051.5310486456,-776210.5508633842,1012457.3138114647,2852768158.3421206,293.4598414340461
80.0,119.25630514285713,0.2596783786644486,-726137.6293283827,-1077891.3783125195,1299663.6796368156,2468561624.293923,293.4585929755898
84.99999999999999,119.25630514285713,0.2635245028277473,-779403.8878815738,-1487931.870110719,1679705.82857121,2218475137.858187,293.45684484630016
89.99999999999999,119.25630514285713,0.2657804229891201,-798805.0580247195,-1983871.3407598387,2138652.617283629,2100236423.409765,293.4547142822259
94.99999999999999,119.25630514285713,0.2671766912851813,-776075.374712069,-2493376.8320894456,2611363.8226097254,2043677098.603755,293.4523126569123
99.99999999999999,119.25630514285713,0.26809624990770275,-707201.2534139622,-2901368.9643745543,2986314.6987995342,1977708399.003852,293.4497186331697
104.99999999999999,119.25630514285713,0.26873825179796307,-594596.7445052018,-3090920.0025329115,3147591.4205363817,1854586483.3047233,293.44699149184896
109.99999999999999,119.25630514285713,0.26920449953546766,-445645.73990910215,-3000460.0312312418,3033374.445154326,1659498556.3408453,293.44419263526146
114.99999999999999,119.25630514285713,0.2695385268409679,-271121.8747593397,-2658240.3171590045,2672030.8109643166,1410713679.049191,293.4414009635503
119.99999999999999,119.25630514285713,0.2697378899363983,-85759.94971957577,-2166612.0793113727,2168308.7121519055,1149143412.1115518,293.4387088074336
125.0,119.25630514285713,0.26974723585306126,91694.22193783872,-1648952.9705198864,1651500.4478725228,923048590.0944891,293.43619305094154
130.0,119.25630514285713,0.2694289074782449,242100.75535439583,-1198692.172178609,1222896.4385365758,777464685.5861074,293.43388499151035
135.0,119.25630514285713,0.26849403079801254,351003.78261894966,-858028.9642023802,927047.6572555589,753924738.7770756,293.43176833424667
140.0,119.25630514285713,0.26636299077143527,410243.9930478682,-625426.1884765066,747969.2848400328,892950784.107521,293.4297973353421
145.0,119.25630514285713,0.2619743413706849,418691.50725017104,-477091.30684820417,634758.7678114792,1204437731.6239548,293.4278982438207
150.0,119.25630514285713,0.2539010475058094,393588.4386648614,-390506.05491819314,554442.8175911509,1609313591.545965,293.4259389018117
155.0,119.25630514285713,0.24145827143187504,369445.33105640684,-355177.6216110171,512485.1173767263,2011711914.6074326,293.423732819018
160.0,119.25630514285713,0.22572512545092477,361106.3798076604,-359189.2974147085,509327.7617753289,2383053278.838241,293.42113831251794
165.0,119.25630514285713,0.2084290072637044,361366.5264681744,-384253.2024366946,527481.0802621542,2720076533.239545,293.4181735193057
169.99999999999997,119.25630514285713,0.19054965183762274,363983.5180847305,-417128.52257090685,553606.5441986076,3037596786.1444526,293.41502195481075
175.0,119.25630514285713,0.17250919195164519,364800.2174742149,-452614.06807530345,581324.9463844725,3324270502.8175755,293.41189118066336
179.99999999999997,119.25630514285713,0.15481922480690702,358803.3879168724,-489460.0872534613,606886.355255077,3524851000.6419363,293.4088740869326
185.0,119.25630514285713,0.13831855159639633,341787.32787957863,-526306.7835635557,627548.7295215233,3570740087.607023,293.40591762650956
189.99999999999997,119.25630514285713,0.12396291621365063,311707.71527334687,-560433.178936105,641285.4651505507,3436080388.021364,293.402865973616
195.0,119.25630514285713,0.11238674601735402,269043.93215928745,-587584.6604502293,646251.0120906137,3165959990.9001493,293.3995298372922
199.99999999999997,119.25630514285713,0.1036556793692858,217448.1882477508,-602071.3294157037,640135.6108486872,2837518449.13332,293.3958043537102
205.0,119.25630514285713,0.09739420676474612,163731.41927088503,-599032.2998559786,621005.3735091198,2508719193.734607,293.39182766571764
209.99999999999997,119.25630514285713,0.09305049933995753,116007.26060443744,-577663.0449232424,589196.2983445652,2205068557.591913,293.3879693848536
215.0,119.25630514285713,0.09005731805845724,81095.09445984276,-542629.9750503872,548656.2714201257,1932802027.816012,293.38454770115345
219.99999999999997,119.25630514285713,0.08786601050390205,62586.99837603326,-503328.24778135616,507204.5518135379,1695501032.225369,293.38162799175586
225.0,119.25630514285713,0.08595016791053375,60079.56804201785,-471896.13355897495,475705.28204343637,1503701530.4609928,293.3791003690451
229.99999999999997,119.25630514285713,0.08389101008737741,69887.21757014582,-459651.0580078518,464933.670868689,1369058720.3475132,293.3768332693502
235.0,119.25630514285713,0.08154297044014623,86833.34310409684,-471782.9704744955,479707.4115587255,1284325603.8991122,293.3747620828667
239.99999999999997,119.25630514285713,0.07906560821845857,105724.44541708642,-504650.5109815372,515606.2418092678,1218127245.3339672,293.3728989201679
245.0,119.25630514285713,0.07671953552332265,123048.62087257896,-550932.6522511133,564506.6433755141,1142466735.4819992,293.37126574471625
250.0,119.25630514285713,0.07467315765382437,138304.55298959248,-607455.652811619,623001.2195095939,1055567860.9079119,293.36981198204535
254.99999999999997,119.25630514285713,0.0729743828639455,152180.53596599912,-674360.4052830096,691318.2130830663,969458365.3336692,293.3683981715254
260.0,119.25630514285713,0.07159948964505666,163560.02239664106,-747373.2235508622,765061.1846167578,889776111.1563866,293.3668356663238
265.0,119.25630514285713,0.07049872714709794,169356.4861585699,-817415.0380022627,834774.7982277726,816070306.1959156,293.3649459386333
270.0,119.25630514285713,0.06962472458724497,166703.6412095469,-881229.7637908569,896858.9635965127,752626945.016869,293.36264393389183
274.99999999999994,119.25630514285713,0.06894562069083174,153855.96442590392,-947996.0051136892,960399.9601733327,710228925.1666294,293.36000293576575
280.0,119.25630514285713,0.06844512908382562,128273.63005868273,-1028265.6014569331,1036235.6253806468,696611325.6311231,293.35720225472005
285.0,119.25630514285713,0.06811703856476742,85216.6166838349,-1114002.0296014913,1117256.6373556622,707576181.4788538,293.3543960757843
290.0,119.25630514285713,0.06796416096643461,21037.225168032815,-1172697.9784645445,1172886.658436185,728061626.9594047,293.3516474354979
294.99999999999994,119.25630514285713,0.06800618001642711,-61157.69421025524,-1165641.1502656513,1167244.4280242873,741945939.9809767,293.3489482010248
300.0,119.25630514285713,0.06829576853132419,-149653.31756498676,-1075442.8719267105,1085805.4550591363,743251444.0544513,293.34626060893163
305.0,119.25630514285713,0.06894556314230636,-228090.72294136346,-918425.4993175511,946324.8785108669,741363944.6716951,293.34354690109285
310.0,119.25630514285713,0.07017587848982164,-281865.46308444714,-733018.717706103,785343.6061924165,757017607.0820001,293.3407805656695
314.99999999999994,119.25630514285713,0.0723902766156888,-302403.4249101267,-557354.1972495264,634106.8778912894,807929645.5769367,293.3379366394053
320.0,119.25630514285713,0.07622594298772548,-289795.1372439678,-415043.45960693335,506203.8077027298,882363894.5622624,293.3349728932958
325.0,119.25630514285713,0.0823263019453624,-257618.7228367137,-315416.0602337845,407252.62112038257,930735190.9476223,293.33184755299703
330.0,119.25630514285713,0.09062057158619734,-226370.78112220112,-256784.58020125594,342318.6398299262,920070424.0501677,293.32861229048746
335.0,119.25630514285713,0.10002352100535707,-203473.08706389263,-226226.0202058702,304268.8110495343,857110334.6708659,293.32547394577443
339.99999999999994,119.25630514285713,0.10937714553032823,-186321.29624793926,-208104.04334801846,279325.8281887056,764939911.0460525,293.32266761319784
345.0,119.25630514285713,0.11821182944112518,-174351.41254067444,-193303.24977315826,260316.27192281402,668139961.704911,293.32027170689537
350.0,119.25630514285713,0.12649364570098526,-168263.45630574788,-180540.91739197588,246794.6789959066,575865729.4929614,293.3182007881348
355.0,119.25630514285713,0.13405215627783043,-169580.57907941582,-176508.81825154985,244771.19054633178,489626510.37607044,293.31631225135783
359.99999999999994,119.25630514285713,0.14029256644827764,-182299.12600906988,-194272.12191420267,266410.6392333414,415089406.085072,293.31448396169134
365.0,119.25630514285713,0.1446678355624213,-203122.97035033166,-245358.06669618216,318527.11340925103,352580210.6166796,293.31266139641673
370.0,119.25630514285713,0.14732084300691967,-216446.89805514808,-332572.0698354469,396804.03389120055,304872003.37458646,293.31089743804483
375.0,119.25630514285713,0.14884076879856084,-211592.04315128364,-447161.1323112233,494696.140044361,279403488.75839615,293.3093287673299
379.99999999999994,119.25630514285713,0.149726195869656,-187783.26603457294,-564032.4384137485,594470.4757896478,268784851.74895394,293.30806456515273
385.0,119.25630514285713,0.150262854530554,-148431.52745771772,-644374.753640665,661249.3791852654,257408495.690696,293.3071169540491
390.0,119.25630514285713,0.15059624376578307,-100350.72101220117,-652968.4869550233,660634.6283415675,233584314.48307088,293.3064371807328
395.0,119.25630514285713,0.1507976234855531,-52796.28113100038,-580334.5434214982,582731.1812401172,194667044.21512625,293.3059781560078
399.99999999999994,119.25630514285713,0.15089760260574359,-27819.721596505344,-450653.34773506224,451511.2144061607,147163099.89282814,293.30573002306954
0.0,124.22531785714284,0.09949917183564472,-115435.56923247178,-995120.1742407916,1001793.1582043512,497814443.5209656,293.45457999969534
5.0,124.22531785714284,0.09978423802226831,-220128.21970874973,-1338541.3268276795,1356521.0343882428,687692774.5362388,293.45487406331813
10.0,124.22531785714284,0.10031828102913354,-412077.00414071407,-1552416.884815144,1606177.3381543963,856551738.6568551,293.4553819606831
14.999999999999998,124.22531785714284,0.1011465283555229,-601123.1207902548,-1556927.310855746,1668943.2757398079,971224556.5332046,293.4560830058973
20.0,124.22531785714284,0.10240529144934807,-752986.3070731051,-1363336.7546611363,1557458.020381144,1049008335.0098561,293.45700182230144
24.999999999999996,124.22531785714284,0.10438886422705498,-846295.8262352947,-1062081.5424523964,1358025.7097423973,1162197912.1532655,293.45816833496883
29.999999999999996,124.22531785714284,0.1077154927970227,-874973.9791316774,-760336.010390821,1159176.5667293968,1429234392.9404793,293.4595317729032
35.0,124.22531785714284,0.11365554265879227,-838034.5372079604,-526211.8150607048,989545.7340936001,1962106944.047765,293.4608345682547
40.0,124.22531785714284,0.12443554129269342,-745464.7956598728,-377727.18914123974,835700.65871983,2693582511.322197,293.4616351427378
44.99999999999999,124.22531785714284,0.14228285761332213,-650763.5061164731,-306562.37178079283,719356.3989323165,3368881357.6602035,293.46166926674107
49.99999999999999,124.22531785714284,0.16661930904168834,-600349.3916911789,-296374.3099146037,669520.069662834,3849233371.6005025,293.4610710539095
54.99999999999999,124.22531785714284,0.193613393673525,-577834.1563110532,-323720.6846183538,662334.8049510024,3995537080.998989,293.46009402427586
59.99999999999999,124.22531785714284,0.21902131392496238,-565681.1879718114,-371647.7204508868,676843.5820346827,3738565528.604832,293.4589071323288
65.0,124.22531785714284,0.23957813132873912,-573984.790677071,-444882.6909744232,726208.7500555506,3188566995.1771913,293.45757460358675
70.0,124.22531785714284,0.25357526061588087,-603332.5643316903,-565287.1850715335,826776.744223706,2520190718.91127,293.45609212964973
75.0,124.22531785714284,0.2617263270499126,-627381.6989008216,-757912.6771392035,983889.9441929447,1939771698.082772,293.4544532323763
80.0,124.22531785714284,0.26609265982819463,-626616.673645792,-1050403.8968882607,1223109.4809087864,1604206685.1885834,293.45267891037156
84.99999999999999,124.22531785714284,0.2684167917870229,-602455.2634021871,-1459259.7798190184,1578730.9616899418,1502256131.2551012,293.45078625981927
89.99999999999999,124.22531785714284,0.2697082335237965,-563255.0725538401,-1963529.1248498592,2042719.4865892099,1536138098.0517793,293.4487711394822
94.99999999999999,124.22531785714284,0.27048142348492604,-518205.5120082128,-2489007.9628493004,2542380.300388382,1609079413.6894321,293.44662035879037
99.99999999999999,124.22531785714284,0.2709927011412669,-473877.06157769274,-2918823.805309411,2957041.067677353,1647610699.876803,293.4443278103826
104.99999999999999,124.22531785714284,0.2713704818261222,-428251.0299943777,-3136044.472848067,3165149.8985628085,1608103194.622002,293.4419060613533
109.99999999999999,124.22531785714284,0.2716771617326802,-368909.9823318518,-3078679.1561048133,3100703.133371257,1480580444.740739,293.4393937480827
114.99999999999999,124.22531785714284,0.27193614345824113,-280702.86489650403,-2769649.3340709014,2783837.554901595,1284948401.673317,293.43685696158775
119.99999999999999,124.22531785714284,0.27214057603961705,-158430.79339372684,-2300387.6843746197,2305836.901152766,1059225964.1218251,293.43437661572034
125.0,124.22531785714284,0.27225040824940894,-13658.576359876606,-1784022.6327979488,1784074.9174413902,845890390.852508,293.43201894676685
130.0,124.22531785714284,0.27217671852667147,130212.8392222267,-1312353.9003773066,1318797.9918599525,682860813.622455,293.42980791802734
135.0,124.22531785714284,0.27174136564994156,249323.07610715786,-936238.5962016799,968867.743965722,602347928.0271467,293.42772251187574
140.0,124.22531785714284,0.2705837559059836,327242.24845660327,-667334.811235038,743251.8008461446,636315674.7902898,293.42571449801494
145.0,124.22531785714284,0.2679882259340609,356268.928461623,-491875.4434803805,607345.8662790207,812230417.4384353,293.423721280144
150.0,124.22531785714284,0.26277270047559903,343918.5891744836,-389254.51067028556,519421.8613583093,1113739302.2717853,293.421656789814
155.0,124.22531785714284,0.2538523270391154,322016.6876585291,-346410.1449398204,472963.7783676442,1489106773.7614682,293.41940993331696
160.0,124.22531785714284,0.2414288319771577,315684.0938901709,-351506.0296712151,472454.1628882948,1920927692.150243,293.41690131109317
165.0,124.22531785714284,0.22680221676063536,321001.94105687604,-382363.4082127044,499243.44973401236,2369299857.348193,293.41416226367284
169.99999999999997,124.22531785714284,0.21104604431536506,328006.03997917345,-418664.5675942465,531853.3467241665,2776894699.62511,293.4113642156028
175.0,124.22531785714284,0.19474084187248764,330812.6305240768,-451861.7159295046,560014.2916363971,3105468161.5860434,293.4087111406432
179.99999999999997,124.22531785714284,0.1784296742836926,324780.19340482843,-481359.3789669491,580679.7962281145,3328553872.944087,293.4062950714809
185.0,124.22531785714284,0.1628183799499508,306902.27471094974,-507787.1013647489,593326.8462956729,3427407458.60682,293.4040633862023
189.99999999999997,124.22531785714284,0.1486786084630925,276803.99804238346,-529868.0775191289,597813.2090428125,3395433214.1160994,293.4018570627566
195.0,124.22531785714284,0.13663285889490276,236784.2309749066,-545028.7099320706,594241.589497567,3250734968.4976707,293.3994495492102
199.99999999999997,124.22531785714284,0.1269749505971279,191338.38672611956,-550971.8052603673,583249.7821918344,3035435184.422473,293.3966223590451
205.0,124.22531785714284,0.11963326354680448,146350.99330651877,-546610.8570697367,565863.9786276529,2794239608.8556495,293.3933581625947
209.99999999999997,124.22531785714284,0.11425867581318638,107911.13230864677,-532682.5947143129,543503.0443223913,2556513197.3668504,293.3899797040133
215.0,124.22531785714284,0.11033429006746705,81005.21761935444,-512126.6982933191,518493.5876039117,2336540619.823175,293.3869015924861
219.99999999999997,124.22531785714284,0.10724857551491844,68430.28975296853,-490000.5940540821,494755.78493740584,2144469122.511906,293.3842931186108
225.0,124.22531785714284,0.10436515924703829,70043.69721400172,-472868.48204960214,478027.94984739297,1994988860.1208928,293.3820936515717
229.99999999999997,124.22531785714284,0.10115983257176325,82712.10670985687,-467241.02625674725,474505.49966659094,1902135280.3650305,293.3801800561815
235.0,124.22531785714284,0.09740766805449264,101582.36108450686,-477015.2970629951,487711.56405769236,1861000401.9635246,293.37846578860444
239.99999999999997,124.22531785714284,0.09324642842818512,122241.80280586977,-502293.1509070433,516954.0287117946,1842012837.8764145,293.37693169762156
245.0,124.22531785714284,0.08901822301930883,142299.6376613071,-541994.641371678,560363.6124465552,1813695011.63859,293.3755958834125
250.0,124.22531785714284,0.08506266846528934,161094.33053054422,-596754.806004704,618116.2364950432,1763629162.5663636,293.3744379724364
254.99999999999997,124.22531785714284,0.08161412930326309,177464.27593243212,-665877.8863634258,689120.4022375522,1690510810.488124,293.3733505241942
260.0,124.22531785714284,0.07877248430634379,188274.95355009384,-741646.9573362757,765171.6588194087,1591235464.8701766,293.3721478535822
265.0,124.22531785714284,0.07651924965316295,190191.8853769719,-812297.2301796958,834265.990809198,1468471772.9601104,293.37060390058645
270.0,124.22531785714284,0.07477696540398861,181964.7450010294,-873766.0764458734,892512.366732756,1341480654.6431377,293.36853418670586
274.99999999999994,124.22531785714284,0.07346806940012199,163404.3172451047,-934679.6255400104,948855.6124584777,1238680091.178621,293.36592116176854
280.0,124.22531785714284,0.07253851691383417,132239.52869181943,-1004071.9315853864,1012742.6804209662,1177811689.623004,293.3629438344808
285.0,124.22531785714284,0.07195602825359086,83657.5400746157,-1073452.7103040228,1076707.622927593,1154784323.2921712,293.35983418942436
290.0,124.22531785714284,0.07170879019278306,15016.828068003178,-1114300.0332768885,1114401.2155799628,1150627357.6461475,293.3567359043469
294.99999999999994,124.22531785714284,0.07181749487295626,-68702.66059982122,-1095822.5286492065,1097974.0752261118,1147461260.0718064,293.35368794879616
300.0,124.22531785714284,0.07235989679457035,-154526.46311848907,-1007023.6633833227,1018810.6234319886,1140984590.6236818,293.3506689891195
305.0,124.22531785714284,0.07350879388993686,-226376.62366281045,-864036.6454307855,893199.6979333673,1142370854.6165287,293.3476350445697
310.0,124.22531785714284,0.07558739671462278,-271130.16569375654,-699057.4389050824,749795.2184681207,1167329866.34425,293.34453424676434
314.99999999999994,124.22531785714284,0.07911424780160584,-282910.00950406137,-543501.91265279,612725.3891710617,1213026999.0389485,293.3413004579001
320.0,124.22531785714284,0.08468887024821999,-267029.0155872703,-418685.1843232602,496590.1516716869,1240311891.4171221,293.33785063595417
325.0,124.22531785714284,0.09248690894547827,-239521.45320259855,-333341.57714444294,410471.84263653116,1204308880.7032986,293.3341498479922
330.0,124.22531785714284,0.10173556747409836,-213147.95044890308,-281860.62822684215,353380.0539433404,1098854389.8403404,293.33034827247445
335.0,124.22531785714284,0.11116196549908325,-189764.43119327477,-250067.08566462324,313917.32459185034,949196231.8469995,293.3267867685501
339.99999999999994,124.22531785714284,0.11993529693843338,-169102.09091925522,-226131.01025735275,282366.34174999513,789958080.8009408,293.32374722615447
345.0,124.22531785714284,0.12784410895948828,-152276.65239122315,-204182.26955033583,254712.7363564755,640325807.1707993,293.32126081878914
350.0,124.22531785714284,0.13489964103961288,-139899.90978745575,-184506.9395664242,231548.6892787484,504145281.79318994,293.3191875772458
355.0,124.22531785714284,0.14094235578862485,-133556.62908105156,-175004.6993499238,220145.4472980325,388664930.2257914,293.31735638740133
359.99999999999994,124.22531785714284,0.1455642778543184,-136439.2922616102,-189727.19664685108,233692.29687844223,306277583.42755705,293.31562802852216
365.0,124.22531785714284,0.14856122569704286,-144844.6080304699,-240899.1154332662,281091.34510338557,257316940.66130525,293.31392096319973
370.0,124.22531785714284,0.15026106033266196,-147627.37295102666,-332596.02773038484,363887.28873986856,236787544.82267806,293.3122447964466
375.0,124.22531785714284,0.15118977821333482,-139673.80437409272,-456353.3610541861,477249.5801714075,238376568.82319498,293.3107050532699
379.99999999999994,124.22531785714284,0.15171655996221803,-122023.41192745036,-585043.8130627044,597633.6471964784,248133501.93777344,293.3094205880051
385.0,124.22531785714284,0.15203385735908184,-96745.3379479864,-675822.2077092532,682711.7377397865,250231805.30260977,293.30843305328676
390.0,124.22531785714284,0.15223371707052924,-66824.95564750326,-689280.2342122812,692511.9608880614,233956297.24129155,293.3077141848253
395.0,124.22531785714284,0.1523584536428743,-36449.37085156185,-614177.3915377994,615258.0149105333,197871626.24201667,293.30722646262944
399.99999999999994,124.22531785714284,0.15242342421294425,-19799.114987842084,-476570.41584268946,476981.515586061,149961339.48374632,293.30696407246353
0.0,129.19433057142857,0.1020176407180053,-102167.71613714576,-880370.0632593179,886278.5625884763,495558872.96082956,293.45552034904216
5.0,129.19433057142857,0.10233853585778689,-198763.57339128188,-1184591.977597491,1201151.577235615,685624519.1329312,293.455843074844
10.0,129.19433057142857,0.10295812639745963,-382858.0069367738,-1384146.7683678248,1436120.6529601514,868634330.4225672,293.4563977723663
14.999999999999998,129.19433057142857,0.1039440626258209,-573618.7657880412,-1410947.0058734387,1523092.2302498352,1022018882.815455,293.45715467797004
20.0,129.19433057142857,0.10547438080066873,-735734.365413621,-1269111.1541915392,1466952.0026721952,1169243642.299679,293.4581266554783
24.999999999999996,129.19433057142857,0.10792439127904391,-843409.4106100933,-1027941.6152868711,1329662.8889851167,1388084559.6457632,293.4593191939278
29.999999999999996,129.19433057142857,0.1120675762922902,-884571.6754913947,-773899.5035617711,1175324.4193391071,1804860139.4610302,293.4606266537462
35.0,129.19433057142857,0.11943201747488316,-854529.7857822462,-565501.1632345648,1024701.2835010492,2517860601.136429,293.4616894842693
40.0,129.19433057142857,0.13247034045728856,-768267.243224995,-423356.72111605504,877191.8093134881,3390171602.954775,293.46196536215024
44.99999999999999,129.19433057142857,0.1531350938968824,-683901.7847161685,-348009.1914847378,767353.9264875246,4110438111.9811306,293.4612129131709
49.99999999999999,129.19433057142857,0.18000551511349963,-639604.4170086237,-328296.0781158015,718938.1928672018,4487008545.979491,293.45968618076427
54.99999999999999,129.19433057142857,0.20842042592246113,-618643.9566739382,-343817.1207594425,707764.4789451492,4339393022.040279,293.4577371084003
59.99999999999999,129.19433057142857,0.2333656499622797,-613685.4291071659,-385285.1779801807,724606.4271517786,3697166890.4294624,293.4555895825587
65.0,129.19433057142857,0.2514468433061594,-630110.601627025,-461794.9529630218,781213.1264033464,2813432353.4739804,293.4533486434807
70.0,129.19433057142857,0.26228835328307065,-642225.1648057229,-588848.120396521,871318.1228485113,1963625990.5568504,293.45107347211143
75.0,129.19433057142857,0.26798614917551183,-616775.2360946721,-789430.9683603436,1001804.8441018781,1394952889.749697,293.44883935159294
80.0,129.19433057142857,0.27082416637895945,-550595.372854011,-1091738.996676498,1222722.086768884,1156740375.062433,293.4467117421212
84.99999999999999,129.19433057142857,0.27222782642677845,-458284.5343091401,-1505764.0815129892,1573960.0323901498,1145016770.4951856,293.4446912603971
89.99999999999999,129.19433057142857,0.2729332040223859,-361099.2602277466,-2002253.391782242,2034554.3297342833,1243508356.294811,293.4427174183495
94.99999999999999,129.19433057142857,0.273307920060502,-284136.95263814373,-2506045.3880774816,2522101.761420206,1360777768.3810942,293.4407143596704
99.99999999999999,129.19433057142857,0.2735384255890887,-246312.51415734985,-2911103.325962661,2921505.1649896805,1432140908.1064162,293.43862788254654
104.99999999999999,129.19433057142857,0.27371943309238644,-246773.15489293213,-3118365.6704537277,3128114.6789464317,1423527822.0024796,293.43644057331926
109.99999999999999,129.19433057142857,0.2738958821091855,-261407.793652952,-3078355.9192083534,3089435.0939787696,1331828569.487815,293.43417355484837
114.99999999999999,129.19433057142857,0.2740826226806619,-256045.42895870446,-2810194.2536751395,2821834.687765997,1176876438.5817149,293.4318789494179
119.99999999999999,129.19433057142857,0.2742726808495319,-207339.2234351036,-2385876.056813988,2394868.2869947013,989379327.059715,293.42961997828513
125.0,129.19433057142857,0.274438750348481,-115305.49805060698,-1896487.4271665015,1899989.4524131746,801274734.5651952,293.4274408018366
130.0,129.19433057142857,0.2745275127350072,7.034522262947773,-1423476.239034018,1423476.2390513998,640714638.9551667,293.4253431523871
135.0,129.19433057142857,0.27443872820104304,111820.4725419067,-1022999.7913968989,1029092.9944750349,531040224.05669594,293.42328584056565
140.0,129.19433057142857,0.2739692171665831,198466.96620680564,-720825.9234276821,747649.0811608772,494182302.7710348,293.4212033065672
145.0,129.19433057142857,0.27269168157991797,247401.49773732643,-516705.0441195005,572880.095396242,555301712.9071535,293.4190298471168
150.0,129.19433057142857,0.269801209068502,258817.97933259286,-396949.03213394305,473872.6416853801,733260086.2922312,293.416722328873
155.0,129.19433057142857,0.26427668588349595,255126.72115061278,-347411.5554808761,431027.1832804799,1034367733.0581867,293.41428124003056
160.0,129.19433057142857,0.25565805495438,261625.60888645542,-352613.4438568603,439071.97589211236,1471336023.2095516,293.41176194847463
165.0,129.19433057142857,0.24439535903623866,278644.70442249114,-386233.08838429564,476255.04707621585,1997970683.4038932,293.4092564547165
169.99999999999997,129.19433057142857,0.23121894385824948,295300.77968093887,-422462.35845361225,515438.6430899014,2494872968.748735,293.40688216126085
175.0,129.19433057142857,0.21678425554939523,304082.14451909176,-450329.15785932133,543380.4385820448,2865167559.0065994,293.404744832049
179.99999999999997,129.19433057142857,0.20183854906452636,300798.1692340818,-470686.03498350317,558591.8743976383,3078133403.462166,293.4028714211771
185.0,129.19433057142857,0.1872382972021161,284192.3446422797,-487377.41571027035,564182.6247747248,3156500612.122232,293.401198210247
189.99999999999997,129.19433057142857,0.1737775246552475,255870.12794819917,-501960.7984779378,563412.9618537691,3140330130.699226,293.39959188960023
195.0,129.19433057142857,0.16203450404427622,219448.14396019303,-513266.77306850144,558211.6697308703,3062307958.7117815,293.39785657521344
199.99999999999997,129.19433057142857,0.15230378740494604,179572.2924558298,-519387.9700152965,549554.4300744492,2945843754.0063267,293.39575850660293
205.0,129.19433057142857,0.14459427068930897,141175.85192535055,-519367.1644632416,538212.6649284987,2809850848.1365867,293.393180993032
209.99999999999997,129.19433057142857,0.13866861791065274,108858.59017499289,-513743.4353376914,525149.9881057409,2669737894.831625,293.39034576602484
215.0,129.19433057142857,0.13410152144797055,86278.21943505087,-504456.6885452226,511781.6739263868,2538230169.4845448,293.38767681296576
219.99999999999997,129.19433057142857,0.13034355742966186,75561.26639518095,-494607.7389756804,500346.20057903737,2429302405.7450686,293.38541240918966
225.0,129.19433057142857,0.12680082522210237,76770.60281347885,-488058.97463392507,494060.0046320925,2360880169.34462,293.3835485272432
229.99999999999997,129.19433057142857,0.1229503280380088,87720.30290260147,-488475.66934518015,496289.56374635355,2348479900.7070875,293.38199847120035
235.0,129.19433057142857,0.11847281273911434,104711.05046766183,-497949.8520457804,508840.30819349975,2390521647.7961373,293.38068933131046
239.99999999999997,129.19433057142857,0.11332430568214148,124146.5071538644,-516837.22072831244,531538.3974546626,2463003170.448431,293.37958918524197
245.0,129.19433057142857,0.10769687996707653,143804.57868622095,-545865.6094932205,564490.0534805964,2535560756.481587,293.3786965020957
250.0,129.19433057142857,0.1019307617754211,162543.82361016623,-587647.7011415538,609713.3057845841,2587970587.504752,293.37799623883427
254.99999999999997,129.19433057142857,0.09643001355561984,178674.37649961107,-643488.2654625215,667833.5725354702,2603755979.5217767,293.3774099015982
260.0,129.19433057142857,0.09154470378951884,189040.5974524915,-708127.8470635499,732926.596100901,2560659361.25928,293.3767735232373
265.0,129.19433057142857,0.08745757258193569,190730.63550226536,-771629.7153931945,794852.5605399283,2448363397.4114957,293.3758370160905
270.0,129.19433057142857,0.08418521138465798,182977.0641204477,-829318.9120989498,849264.6607266336,2291076333.714683,293.3743095143708
274.99999999999994,129.19433057142857,0.08167028863261039,165522.7002843651,-886291.5331976562,901615.4646673269,2136018864.6157658,293.37200964087305
280.0,129.19433057142857,0.0798546457545056,135450.74861075808,-947225.9779911181,956861.5148914941,2018023514.1443038,293.3690201408861
285.0,129.19433057142857,0.07869770460781052,87771.63245474343,-1002493.4239866785,1006328.4377380502,1940423658.9727175,293.3656206742861
290.0,129.19433057142857,0.07818010420274805,20871.5749365211,-1028213.4643958296,1028425.2773075955,1886095076.6005218,293.3620728101322
294.99999999999994,129.19433057142857,0.07832711093479884,-58795.28076523533,-1001597.0653608036,1003321.2677799852,1838664163.162771,293.3585116945386
300.0,129.19433057142857,0.07924937948130811,-137701.3470472155,-917114.4903949854,927394.5489763629,1794581473.8360868,293.3549656466198
305.0,129.19433057142857,0.08118797335919971,-200667.93089658296,-790287.3681949177,815366.0176992693,1760026227.3520632,293.3514034753081
310.0,129.19433057142857,0.08453890333922096,-236916.42737106647,-648744.0066991416,690650.5482415298,1734715168.7564542,293.3477628861194
314.99999999999994,129.19433057142857,0.08976686755873035,-244836.72465804283,-519697.456320475,574482.7828988874,1695575012.1068013,293.3439597638658
320.0,129.19433057142857,0.0970635134793624,-233131.4095630311,-420371.27203381987,480689.3596452677,1606225650.1959505,293.3399118768877
325.0,129.19433057142857,0.10590313232992982,-213211.68010331085,-352880.03009807155,412290.5967573023,1449220234.7221181,293.33563396728687
330.0,129.19433057142857,0.1151628729063971,-190541.8972845778,-307954.9956210873,362136.01581283036,1241114729.311703,293.33136767466067
335.0,129.19433057142857,0.12385805997042436,-166864.48421156147,-275000.18571121444,321665.75545493315,1020339551.5946662,293.3275146486656
339.99999999999994,129.19433057142857,0.13154701319081777,-143979.12569829507,-246983.59236110622,285886.13735619036,814953716.3519354,293.32433342261083
345.0,129.19433057142857,0.13815262568018638,-122976.32331565623,-220462.1654786408,252441.56255214475,630478035.9736874,293.32179667443785
350.0,129.19433057142857,0.14366120454388706,-104039.38200090433,-196610.76081300783,222440.96806703543,467484356.1335911,293.31972582527237
355.0,129.19433057142857,0.14793985976674062,-88381.00134385531,-183762.90552925813,203911.76240496183,338319179.04150844,293.3179342884772
359.99999999999994,129.19433057142857,0.15082141293307322,-77897.79532627005,-196452.94759151127,211333.45010690222,258603253.52898136,293.31627655487966
365.0,129.19433057142857,0.15243090415163046,-70005.0057926666,-247513.77374265747,257223.18913418893,226360970.82254657,293.31466054233357
370.0,129.19433057142857,0.1532061202785807,-60064.05254289887,-341182.8807921252,346429.57228488685,227948667.71780694,293.3130713862404
375.0,129.19433057142857,0.15356682077819855,-48690.98740629927,-468427.03663452493,470950.8476527067,247934574.44949874,293.31158584267087
379.99999999999994,129.19433057142857,0.15374807024258597,-38644.61726253001,-601306.4344422728,602546.9562988819,270127540.18569475,293.3103151055208
385.0,129.19433057142857,0.15385310720814432,-30626.275035728137,-696002.8256401189,696676.3251479082,279397357.0822376,293.3093154834213
390.0,129.19433057142857,0.15392361143733743,-23280.89969478756,-711937.1545067584,712317.7045797604,265510625.49498877,293.30857553366934
395.0,129.19433057142857,0.1539744066689791,-14750.778077011988,-636766.8345130595,636937.6633467826,227406010.7260577,293.30806819261613
399.99999999999994,129.19433057142857,0.15400593946114308,-8970.206623174774,-496076.3130741412,496157.4074828429,173821804.3587008,293.3077937937795
0.0,134.1633432857143,0.10499514773401758,-80460.8370891976,-786837.4273430977,790940.6320154497,561388040.7876776,293.4557570307115
5.0,134.1633432857143,0.10535461108363334,-161422.8819035518,-1049324.846313792,1061668.4886976308,765526877.3210925,293.4560951546863
10.0,134.1633432857143,0.10608676995551769,-324088.05538150336,-1226753.4304478427,1268840.8279829721,969324302.3052851,293.4566647735794
14.999999999999998,134.1633432857143,0.10729747561274133,-502508.22515925165,-1265380.7006034579,1361507.5592197052,1164020662.9159853,293.45742630056816
20.0,134.1633432857143,0.10922864155978743,-662764.8732787792,-1165718.3882989907,1340953.6300971159,1383498392.8458169,293.458379779074
24.999999999999996,134.1633432857143,0.11237480458851261,-776726.0236504746,-978435.8239860325,1249255.7694383902,1713706637.586944,293.4595023624629
29.999999999999996,134.1633432857143,0.11772096037523483,-827358.4071206092,-769582.0345199626,1129946.2118565806,2278159798.9679437,293.46062722564005
35.0,134.1633432857143,0.12707377818392346,-808408.868138741,-587252.3211389715,999194.769185903,3122173325.567109,293.46129906007667
40.0,134.1633432857143,0.1428926551483391,-742255.096176421,-454577.7717419886,870392.772466419,4023171120.6457534,293.46092949303903
44.99999999999999,134.1633432857143,0.16632162389603905,-683264.0672740832,-379024.1518721213,781350.8132268781,4659909071.388047,293.45937641851435
49.99999999999999,134.1633432857143,0.19482029330132256,-654083.2720304171,-352022.9199401716,742795.4381343635,4808935112.512944,293.45703090289135
54.99999999999999,134.1633432857143,0.22308499585889557,-644524.7043557849,-359860.9631270444,738181.5544347041,4334394343.932415,293.4543198679355
59.99999999999999,134.1633432857143,0.24586683138185753,-659644.2649370173,-403031.591601032,773023.2985445905,3417120394.956369,293.4514865066662
65.0,134.1633432857143,0.26064361241479606,-687413.9144155687,-490423.3332993554,844424.6180545576,2373098934.7815213,293.44863527590843
70.0,134.1633432857143,0.26864595825682597,-680097.0518448151,-634683.6744842412,930244.7885287117,1525854865.1843371,293.4458387693726
75.0,134.1633432857143,0.2725838868914572,-613201.9239366807,-861378.3609213491,1057350.121853304,1062968705.604723,293.4431896367115
80.0,134.1633432857143,0.27445107597406615,-495238.2047790918,-1192835.5381226835,1291556.232024471,919985482.7433187,293.4407660196491
84.99999999999999,134.1633432857143,0.275303412538401,-346948.3623924345,-1622749.1607297075,1659423.997902815,963748972.0393313,293.4385767026727
89.99999999999999,134.1633432857143,0.2756601105461109,-199552.13062113125,-2105219.1879221625,2114655.736055182,1086798414.4882252,293.4365534105318
94.99999999999999,134.1633432857143,0.27578630530318327,-90658.98426185068,-2562181.9174214187,2563785.3321580356,1208850178.0342565,293.43459776509775
99.99999999999999,134.1633432857143,0.27582612453827215,-48635.30396662688,-2905789.258812681,2906196.2441347754,1276791681.437562,293.43263086751665
104.99999999999999,134.1633432857143,0.2758595112711149,-75606.27216851915,-3067502.265552718,3068433.8770066854,1269157263.1252134,293.4306160816345
109.99999999999999,134.1633432857143,0.27592760078823214,-143709.91791647396,-3020916.49028207,3024332.8159720944,1192199009.3509924,293.42855986195525
114.99999999999999,134.1633432857143,0.27604602079644336,-209759.08848254965,-2785686.493747581,2793572.6438825107,1067091820.7660035,293.4264980225027
119.99999999999999,134.1633432857143,0.27621318048119115,-237957.38895560495,-2413105.745289313,2424809.901189547,917595206.6245948,293.42447007255265
125.0,134.1633432857143,0.27641578053430843,-214821.95039701727,-1967655.9688711169,1979347.9942159015,764574222.9860545,293.42248946722475
130.0,134.1633432857143,0.2766306056958972,-149270.4073382856,-1514328.4807185312,1521667.6384881926,625575222.5198017,293.42052568022257
135.0,134.1633432857143,0.2768173293326258,-62244.8815563527,-1108544.847280521,1110290.9995636991,515254255.85173064,293.41850809118705
140.0,134.1633432857143,0.2768896513296033,24755.035461308395,-786066.6102987797,786456.3100435422,446787399.62799704,293.41634884325197
145.0,134.1633432857143,0.2766392801643244,95410.91698219755,-559292.7145744602,567372.5263488288,437414368.32103217,293.4139826963836
150.0,134.1633432857143,0.2755987911837173,142199.53081526572,-424484.0121279846,447668.831968848,516248815.2341127,293.41142441116676
155.0,134.1633432857143,0.2729920077923961,174605.2323409047,-370681.36773974245,409745.85238929203,728184128.2302898,293.408809531332
160.0,134.1633432857143,0.2680583976409283,208785.76023210166,-376607.887853341,430610.026438135,1117115879.8914878,293.4063394720729
165.0,134.1633432857143,0.26046764879954803,245014.56831097367,-408028.92406366585,475940.9013282695,1648695627.9840114,293.40414549293126
169.99999999999997,134.1633432857143,0.25030215711959153,273756.7990306152,-435993.57042213355,514813.7318146521,2186336041.1311755,293.4022492540669
175.0,134.1633432857143,0.23798195637339004,288610.3968487395,-451436.1431852028,535808.3169782994,2590085810.761707,293.400625033328
179.99999999999997,134.1633432857143,0.22437637265868995,287434.49564076785,-458558.9000768697,541197.6109740057,2797828838.411555,293.39922574200955
185.0,134.1633432857143,0.21064356409951757,271116.6830654186,-463997.3525073376,537399.105851706,2841446491.609894,293.3979797461654
189.99999999999997,134.1633432857143,0.19781646699091704,243114.02190034906,-471224.5150553216,530242.3702739027,2798845129.3957458,293.3967848151862
195.0,134.1633432857143,0.18654646840262595,208339.81526364226,-479788.18772917154,523069.9606252794,2731599034.467301,293.3954928173772
199.99999999999997,134.1633432857143,0.17710578746328948,171686.81040657754,-487477.40777835454,516827.4218362337,2666012455.194211,293.39390588001294
205.0,134.1633432857143,0.16948436018356736,137312.68910204666,-492571.8597945807,511352.92279396177,2607700714.8574367,293.3918792706346
209.99999999999997,134.1633432857143,0.16347089818159388,108560.59035203863,-494758.64225127705,506528.88946229935,2557879008.226835,293.389542401035
215.0,134.1633432857143,0.1587080908648402,87926.95347316595,-495092.0903184457,502839.26561373495,2521224260.2319856,293.387266419235
219.99999999999997,134.1633432857143,0.1547411881370419,76874.4909493686,-495623.6575819411,501550.09452060296,2508431446.8246837,293.385312739123
225.0,134.1633432857143,0.1510753496330738,75576.78372992741,-498880.83858978766,504573.0287589796,2535323119.386586,293.3837239956444
229.99999999999997,134.1633432857143,0.14724745296824437,82827.72063890062,-507093.4062358381,513813.3454418058,2617015801.057184,293.38245926130935
235.0,134.1633432857143,0.14290019497984197,96399.4946973153,-521343.73168334854,530181.2417875769,2757944921.3941746,293.3814854047289
239.99999999999997,134.1633432857143,0.13782993813977976,113789.70445974886,-541455.423990012,553282.9954094384,2945440150.2999,293.38079403708093
245.0,134.1633432857143,0.1319987715443144,132737.53534785385,-567132.8055068497,582459.3310886975,3153824218.9148426,293.38038315188555
250.0,134.1633432857143,0.12554353668433582,151062.5051185343,-599035.7162564371,617789.3409598047,3352368756.6540103,293.3802306255146
254.99999999999997,134.1633432857143,0.11878726550352661,166303.38353231686,-637655.3686529245,658984.9653415425,3506216880.399689,293.38026747982553
260.0,134.1633432857143,0.11217408698935481,175950.2981513108,-680785.9979338441,703155.8023669542,3578158681.3304853,293.38034839531315
265.0,134.1633432857143,0.10610866970904177,178366.88287600124,-724066.025073265,745711.9776242696,3547462018.977547,293.38021394200956
270.0,134.1633432857143,0.10084449103220919,173113.31877049996,-765856.5102463503,785177.9514367777,3432292304.184255,293.3794813640368
274.99999999999994,134.1633432857143,0.09651238244369048,159232.12288969383,-809241.2867228064,824758.3458788047,3280918346.9113746,293.3777752127155
280.0,134.1633432857143,0.09319738077449888,133180.03092470573,-855061.9242410297,865371.4895487821,3133647926.3469114,293.37498865775234
285.0,134.1633432857143,0.09096345777457077,90276.80774700535,-893303.8367870274,897853.911744786,2999788943.2405133,293.3713661955543
290.0,134.1633432857143,0.08985250326710106,29948.58243885064,-905078.7193307446,905574.0752558443,2869428603.081599,293.36727791453296
294.99999999999994,134.1633432857143,0.0899200635840838,-40662.2363617612,-874869.4257402755,875813.8669609309,2734112208.1293225,293.3629934976224
300.0,134.1633432857143,0.0912956438599846,-108720.21414020876,-801633.1102145766,808972.0195130289,2594289668.1466465,293.358637824876
305.0,134.1633432857143,0.09421133957207885,-161451.99945483025,-700138.0088660935,718512.3378112171,2452771784.1100745,293.35424274360184
310.0,134.1633432857143,0.09893324179298174,-191856.9330123756,-592998.7414080631,623262.8579150711,2302561398.6951365,293.34980240118546
314.99999999999994,134.1633432857143,0.10553458462793634,-201177.71791259554,-499408.02193398424,538405.8381523503,2123184041.870924,293.3453003940927
320.0,134.1633432857143,0.11360467971305281,-195699.04305051683,-427250.9235169409,469937.7268287437,1895242921.470321,293.34072393795776
325.0,134.1633432857143,0.12225694753706393,-181079.30366320748,-373825.79256229266,415373.85257136537,1623918945.49016,293.3361213538449
330.0,134.1633432857143,0.13057458966055768,-160970.16551598912,-332948.8461507683,369819.3185048246,1343072327.4359505,293.33169847045644
335.0,134.1633432857143,0.13799642413924734,-138247.12554821995,-299498.0686565889,329865.67091980355,1085320875.6957972,293.32777754219654
339.99999999999994,134.1633432857143,0.14430440535646769,-114731.4661235342,-269781.70018183935,293164.5870016697,859961762.3855094,293.3245616598297
345.0,134.1633432857143,0.14942687472363536,-90788.55527816282,-241792.90099696835,258275.76104239005,662379235.8044678,293.3220076204547
350.0,134.1633432857143,0.1532806606885525,-66214.71814365883,-217001.25180374776,226878.67282589106,492712298.305079,293.3199354081311
355.0,134.1633432857143,0.1557376871768765,-41884.972491984176,-203276.9718668092,207547.29150724618,365592416.7960447,293.31815901250894
359.99999999999994,134.1633432857143,0.1568201936063391,-18940.77643290638,-214864.85874375037,215698.0772627636,296730095.9323011,293.31653347435355
365.0,134.1633432857143,0.1569404818882757,3690.182162558236,-265061.79380758805,265087.47986445756,280671081.2486564,293.31496487326694
370.0,134.1633432857143,0.15667343900643724,24790.249120114007,-357531.06677585957,358389.4810974807,296209127.96651256,293.3134296003291
375.0,134.1633432857143,0.15637124438860237,38404.46313894067,-481972.9690350796,483500.61599700165,323951196.2730066,293.3119892069605
379.99999999999994,134.1633432857143,0.1561435414637048,40188.732270363005,-610841.2139569417,612161.8436899584,349140685.2644721,293.3107438951456
385.0,134.1633432857143,0.1559984263333305,30988.684877107975,-702510.0243475033,703193.1689792944,358078452.9785585,293.3097507393329
390.0,134.1633432857143,0.15592010362059955,16459.162613934517,-718466.7328750981,718655.2374276344,340458753.4332289,293.3090055423923
395.0,134.1633432857143,0.1558903935082068,4356.462181122263,-646110.4196664529,646125.1064339594,294502419.48508924,293.3084881384101
399.99999999999994,134.1633432857143,0.15588950412522445,201.8370967783643,-508124.3472260207,508124.3873128737,228524736.1909528,293.30820476928915
0.0,139.13235599999996,0.10900455120706842,-54248.69957129177,-718091.3524432025,720137.5645381124,741325250.1953502,293.4551584580265
5.0,139.13235599999996,0.1093906174955245,-115658.43525882007,-937019.8963415889,944130.9018279831,977006876.4496108,293.45550653559116
10.0,139.13235599999996,0.11026677159382464,-248771.89963052273,-1085617.7308840805,1113756.3987047072,1209931320.539301,293.45606912540154
14.999999999999998,139.13235599999996,0.11180666962139867,-404212.09418892063,-1124908.256790589,1195326.7349491664,1449371513.207183,293.45679313352474
20.0,139.13235599999996,0.11434940552889096,-551003.7392402134,-1054324.3567124233,1189623.877456132,1740956987.1826642,293.45766220972564
24.999999999999996,139.13235599999996,0.11855580166552375,-661121.3022850667,-909374.0521382465,1124296.465812037,2171014673.886749,293.45862013392275
29.999999999999996,139.13235599999996,0.12565535138938916,-715767.978587961,-738603.1671042074,1028522.4536334935,2827406508.8798857,293.4594402158484
35.0,139.13235599999996,0.1376041641521695,-712223.5515490341,-581898.965527788,919711.255483714,3662146869.280018,293.45960714805517
40.0,139.13235599999996,0.1563578533612676,-678402.4453867639,-464103.4157376737,821962.2001078378,4416731988.387512,293.4585664549319
44.99999999999999,139.13235599999996,0.18176216892500674,-652687.9722027164,-393073.73527987866,761911.1171422622,4824320912.859783,293.4563091788356
49.99999999999999,139.13235599999996,0.21036582419847205,-643360.1763364787,-361864.6622804471,738145.2094967812,4676607413.715023,293.45332421011716
54.99999999999999,139.13235599999996,0.23674488125610457,-654128.5621272587,-367651.6618525254,750367.8566234022,3959827993.480528,293.4500669147146
59.99999999999999,139.13235599999996,0.2561711179768515,-694367.0164466507,-418399.2388849541,810680.8722478483,2932770054.236923,293.44676499239245
65.0,139.13235599999996,0.2675974924727053,-727200.7736313295,-521449.6804364436,894835.5907077419,1901131703.0536985,293.4435052281424
70.0,139.13235599999996,0.27336225970005146,-699150.6031161378,-693731.4873498498,984923.8256729776,1183465191.5622835,293.44035709446246
75.0,139.13235599999996,0.27609018931024676,-599609.5739541241,-962484.9820065103,1133979.2686665477,855423383.70327,293.43740960137035
80.0,139.13235599999996,0.27733384714650716,-441585.0670199634,-1338096.3841617852,1409077.4658342493,793642485.3907698,293.4347446989558
84.99999999999999,139.13235599999996,0.2778476848449804,-249472.85416417083,-1792374.9091558047,1809653.1490692068,872993686.2843417,293.43238414306745
89.99999999999999,139.13235599999996,0.2779960154608419,-63013.99365016452,-2258860.091549366,2259738.851414064,1001094711.2149472,293.43026856671725
94.99999999999999,139.13235599999996,0.27797068916076073,70861.41406485754,-2655610.8744456414,2656556.1271084063,1109222740.260464,293.4282979417882
99.99999999999999,139.13235599999996,0.27788511961708096,118067.00643677842,-2915407.6787091405,2917797.414332455,1156333771.1472123,293.42638574933216
104.99999999999999,139.13235599999996,0.27781101811345954,74370.21085806184,-3004887.4925836246,3005807.6737124375,1133861258.9088154,293.4244868305274
109.99999999999999,139.13235599999996,0.2777921884835443,-33096.56231189331,-2925871.603277987,2926058.786372099,1057826325.7074093,293.4225976785848
114.99999999999999,139.13235599999996,0.2778517332453432,-160118.70119025648,-2703979.8879067027,2708716.528667184,952441502.5901573,293.42073809030603
119.99999999999999,139.13235599999996,0.27799914444315166,-264861.0664413466,-2375403.3691886114,2390123.9614022225,837705348.7257711,293.41892217826006
125.0,139.13235599999996,0.27823845022646904,-321140.10534594493,-1981280.9629824832,2007138.5656048763,726685709.8287852,293.4171305744611
130.0,139.13235599999996,0.278575925696906,-321585.9314641369,-1567956.1479039134,1600594.8872420327,628183704.4433843,293.41529753587054
135.0,139.13235599999996,0.2790235873987924,-273137.8649631924,-1182758.7277853007,1213887.3512105455,548311126.417518,293.41331969049696
140.0,139.13235599999996,0.27958791723133225,-190263.5319330085,-862916.798261833,883643.3739388735,489712071.2963674,293.41108840077305
145.0,139.13235599999996,0.2802117256996057,-91972.69893628269,-628601.1384962291,635293.9230532427,455441823.4437452,293.4085539982654
150.0,139.13235599999996,0.28062131405191326,1334.3692754748593,-487581.46443653695,487583.2903242699,469394570.3197519,293.40581488745164
155.0,139.13235599999996,0.28018549311089075,83533.0732689036,-435255.3355302461,443198.58013907843,593201736.6232715,293.4031433282922
160.0,139.13235599999996,0.2781094921935928,160246.78283276883,-442531.61824511184,470651.95692240563,888999835.8323472,293.40083793359156
165.0,139.13235599999996,0.27378201476813374,225838.58917122954,-464693.5183441014,516665.39883165306,1341577433.430575,293.39901593458376
169.99999999999997,139.13235599999996,0.26680841546436906,269041.38782455307,-471530.3099742892,542884.9800712954,1836972907.088933,293.3975974956182
175.0,139.13235599999996,0.2570853058585907,286678.04079364025,-461235.6808156391,543067.8155909685,2234404937.9276304,293.3964468096881
179.99999999999997,139.13235599999996,0.24518258162389464,283146.655654032,-446476.8359222876,528690.4516096733,2446210287.2139826,293.39545758876255
185.0,139.13235599999996,0.2324120209694279,264020.3484863909,-437490.61965422606,510984.1354683274,2481845968.7956033,293.3945518047169
189.99999999999997,139.13235599999996,0.22019512384781348,234053.1790179009,-437310.0600258833,496005.0193377354,2425770171.4139423,293.39365243392655
195.0,139.13235599999996,0.2094337823250491,198574.90058178888,-443941.6478148328,486329.28947948053,2362111438.6490984,293.3926547354439
199.99999999999997,139.13235599999996,0.20044869489116385,162652.4537507805,-453654.3043910254,481931.5808324403,2327747008.0410953,293.3914102904698
205.0,139.13235599999996,0.1932025943940204,129901.42197959576,-463581.08824436495,481437.2283176185,2324636657.6506815,293.3897896268657
209.99999999999997,139.13235599999996,0.18747647417212188,102641.41199032945,-472617.1121381443,483634.35996749427,2346170529.6269665,293.3878605944153
215.0,139.13235599999996,0.18295144459417917,82382.74150951619,-481159.7836676632,488161.5035188009,2390412946.9390435,293.38591587392995
219.99999999999997,139.13235599999996,0.1792482370391869,70000.20108597487,-490551.81175790675,495521.0471524309,2462924747.4002104,293.38420285571584
225.0,139.13235599999996,0.175960257877914,65684.76073844389,-502503.6553297364,506778.46384096984,2575093581.1986814,293.3827934235575
229.99999999999997,139.13235599999996,0.1726906204654245,68911.91740210784,-518482.2986672216,523041.820881735,2739786213.2201157,293.38168783148893
235.0,139.13235599999996,0.1690885789066853,78577.51932535727,-539159.3462042011,544855.2350328191,2965148415.5284395,293.38090195896655
239.99999999999997,139.13235599999996,0.16487601283988773,93231.29373784516,-564233.5072782685,571884.1883349881,3249144857.2953753,293.3804806855458
245.0,139.13235599999996,0.15986627798488195,111115.04027957347,-592786.1001947303,603110.1995161482,3577027863.9744277,293.3804616203267
250.0,139.13235599999996,0.1539960726590573,129905.9563316653,-623662.1405177057,637047.8969477656,3919304872.5373573,293.38083504045943
254.99999999999997,139.13235599999996,0.14737466208641758,146670.0949103279,-655205.7233801803,671421.3704456763,4228892543.3705373,293.38153028183353
260.0,139.13235599999996,0.1402966398980622,158565.32975839564,-684914.1843125419,703029.4472309842,4448612521.6921835,293.38239825519344
265.0,139.13235599999996,0.1331641258993012,163801.85661283895,-710560.7357239457,729196.5492117801,4538339122.139482,293.3831538475794
270.0,139.13235599999996,0.12637625518408918,161579.39673978294,-732482.6226998122,750092.4569731305,4501210639.64114,293.38332168633406
274.99999999999994,139.13235599999996,0.12029318176261523,150634.44619550838,-753549.485957548,768457.9130749532,4376779392.201615,293.3823407791264
280.0,139.13235599999996,0.11525987322940565,128080.16019185307,-774506.8200588202,785025.6949631626,4205374599.4544945,293.37989094018036
285.0,139.13235599999996,0.11159069266573549,90867.66568435685,-789076.5784335906,794291.3692716209,4004428330.325366,293.3761085604542
290.0,139.13235599999996,0.1095171895861611,39605.32611676034,-785770.5219783038,786768.0058739495,3776814366.896384,293.3714084815689
294.99999999999994,139.13235599999996,0.10918461005750317,-19168.673049367433,-755983.8755420859,756226.8562449402,3527296488.5949154,293.3661901135076
300.0,139.13235599999996,0.11069440111135338,-75149.59170952888,-700755.0602186983,704773.0950853761,3265049505.5109024,293.3607303406187
305.0,139.13235599999996,0.11410322070639646,-119073.08143231137,-630452.1563736594,641598.2545160039,2994977132.0371227,293.35522741992975
310.0,139.13235599999996,0.11932032135751504,-146404.4892725761,-558306.3187291825,577183.0039182506,2710083291.316727,293.34985468048967
314.99999999999994,139.13235599999996,0.12596185420159553,-157611.11929682273,-493392.507602584,517955.0477448436,2397637863.40313,293.34474571354497
320.0,139.13235599999996,0.13334558340911562,-155826.36442905708,-438502.19028648495,465366.55094368564,2059841653.051351,293.33994871377087
325.0,139.13235599999996,0.14071922970510065,-144779.1633961283,-392870.17965608294,418697.962995625,1723327576.8219533,293.33544824867215
330.0,139.13235599999996,0.14751646558088183,-127905.31112219575,-354800.60134338244,377151.4753078549,1418332700.037383,293.3312714705199
335.0,139.13235599999996,0.15341794408182494,-107661.81908426245,-322276.75005406927,339784.3005701492,1156898246.3451607,293.32755350966136
339.99999999999994,139.13235599999996,0.15825821312478472,-85085.89521646591,-293288.9040370893,305381.71326401393,934851579.6718856,293.3244326440585
345.0,139.13235599999996,0.16191050883368877,-60009.80115853795,-266684.9565550128,273353.3286569533,744933583.4795567,293.321902609334
350.0,139.13235599999996,0.164215049771646,-32015.746784310355,-243867.78577897412,245960.3727897986,588500268.2222482,293.319827260116
355.0,139.13235599999996,0.1650115297739348,-1864.5264995323653,-231391.45635900143,231398.9683101615,479787714.6241191,293.3180419089911
359.99999999999994,139.13235599999996,0.16438139851689004,29020.985425216946,-241852.58601594134,243587.5426979979,432185056.0594223,293.31641016117186
365.0,139.13235599999996,0.16290679956241358,60279.19791417048,-288570.2120054254,294798.8279454854,436776214.0026571,293.3148427806701
370.0,139.13235599999996,0.16136492426995708,87707.19673608062,-375492.6193141785,385599.8697078671,464984897.2825171,293.3133186716049
375.0,139.13235599999996,0.16017577879078837,101616.28568519583,-491346.1414836172,501743.85922230687,493995132.58310425,293.3118968985109
379.99999999999994,139.13235599999996,0.15937953103883232,95967.17435974417,-609631.1307660751,617138.4076151126,513673717.0123953,293.31066996672007
385.0,139.13235599999996,0.15888702610310906,72957.09206285633,-693135.7567186905,696964.7871480021,514464367.6662191,293.30968808754244
390.0,139.13235599999996,0.15861017773156721,41794.672501349836,-707985.6124741366,709218.1766705316,486507824.1562277,293.30894546706537
395.0,139.13235599999996,0.15848451698512514,14972.599428052641,-642188.7010983761,642363.2201115288,426113548.4171466,293.30842341025095
399.99999999999994,139.13235599999996,0.15845622553197378,4425.05046874799,-513668.25555352506,513687.31523666467,338875384.16345793,293.30813205105113
0.0,144.1013687142857,0.11515254280501516,-29525.983912921292,-665145.3526085608,665800.3633393367,1099870756.9449513,293.45346657273285
5.0,144.1013687142857,0.11551725699883696,-72480.7846532578,-837261.6357619249,840393.0692614535,1382129482.8510807,293.4538269848334
10.0,144.1013687142857,0.1165648571678543,-175370.41148927534,-952197.116540121,968211.8208187909,1649031991.6745496,293.4543699380269
14.999999999999998,144.1013687142857,0.11858888999014118,-303050.16368218145,-982979.6483785834,1028634.2356903548,1927896540.4477348,293.45501885123485
20.0,144.1013687142857,0.12206280962600277,-428238.6507753954,-929026.431854047,1022975.2944726443,2267951190.88135,293.4557329498613
24.999999999999996,144.1013687142857,0.12782978333371675,-525763.4073765475,-815180.669380322,970024.06375695,2730714324.268444,293.4564182051944
29.999999999999996,144.1013687142857,0.13725520629518898,-580372.1984277064,-678031.9257155664,892501.6420138219,3332095968.327067,293.4568048887019
35.0,144.1013687142857,0.1520027935925672,-596271.447782597,-551019.7988044292,811888.2054293116,3959096696.849082,293.45638773800334
40.0,144.1013687142857,0.17291446747742253,-597086.4430681934,-453678.53374212276,749890.9470544563,4411843642.665788,293.45472674752074
44.99999999999999,144.1013687142857,0.19864571933066857,-599978.1404897952,-388873.96996656555,714980.2330016892,4504451576.905122,293.4519267849717
49.99999999999999,144.1013687142857,0.2255542350120153,-609281.0427776744,-356121.09336656786,705723.4743359825,4106856483.0666475,293.4485026889367
54.99999999999999,144.1013687142857,0.2486702183032398,-642725.0470487854,-364840.66390094213,739056.2875312973,3310567621.631013,293.44488931992004
59.99999999999999,144.1013687142857,0.2643422306673503,-701777.2606545704,-426612.2161432738,821272.9793037807,2338296863.6864023,293.4412839916408
65.0,144.1013687142857,0.27289436863053557,-729940.7233265211,-551338.4641883379,914760.9314263482,1459709529.0843868,293.4377639480579
70.0,144.1013687142857,0.2770206030425928,-681807.7580707738,-763374.2875199661,1023524.363076967,929773806.2509867,293.4344002328176
75.0,144.1013687142857,0.27891951440472373,-556165.2796034318,-1087102.0537425333,1221110.4345994254,733224991.6179509,293.43127887870344
80.0,144.1013687142857,0.27974365501394965,-366807.00788304425,-1515827.216149797,1559576.7150905258,740460138.2279084,293.4284785152422
84.99999999999999,144.1013687142857,0.28003137542717,-141998.6909294683,-1995892.5925113058,2000937.497541386,845169160.8897692,293.426019385572
89.99999999999999,144.1013687142857,0.28004211465969175,71023.7751050313,-2440155.7546561,2441189.1535912273,968100709.5737588,293.4238432878218
94.99999999999999,144.1013687142857,0.27991649498191107,218759.07233742368,-2765542.2754078307,2774180.8897038153,1051845553.5155317,293.42185281964885
99.99999999999999,144.1013687142857,0.2797444185360895,264341.14500818204,-2927494.7774316976,2939405.0270138173,1068260870.6348792,293.41996404475435
104.99999999999999,144.1013687142857,0.2795910722361242,202988.69531653862,-2927316.3752826927,2934345.8506836775,1021332973.7259184,293.4181329351144
109.99999999999999,144.1013687142857,0.2795046781013112,60171.746088982916,-2794561.2957529863,2795209.0216561635,936009357.2902323,293.416352542438
114.99999999999999,144.1013687142857,0.2795192979455602,-122280.89074626226,-2564397.5229881136,2567311.2924126033,840570926.1465398,293.4146309561312
119.99999999999999,144.1013687142857,0.2796599527583037,-300822.6201676723,-2266018.1648946567,2285898.6356435604,755196821.584972,293.412961678966
125.0,144.1013687142857,0.27995219176854025,-439356.6198374891,-1924993.6555112193,1974496.0909440846,690691492.3741783,293.41129893795824
130.0,144.1013687142857,0.28043497364528036,-513316.31165722845,-1570519.9599319883,1652279.2077485435,651743788.7995542,293.4095481279294
135.0,144.1013687142857,0.28117236016775804,-510515.7269910839,-1235468.3402356796,1336790.3078755247,636291494.2235311,293.40757839313005
140.0,144.1013687142857,0.28224491019234577,-432621.4648927397,-948433.1045818711,1042442.65346001,627165183.6133587,293.40526937057547
145.0,144.1013687142857,0.283658412926944,-303884.8782262922,-731461.162448731,792074.1451312859,597143210.7910541,293.4026080514486
150.0,144.1013687142857,0.28512483133673455,-163631.88537505138,-603110.4335257487,624914.0652433825,560996327.3418552,293.39979504010057
155.0,144.1013687142857,0.2859989311978715,-26918.1219900801,-558416.7025264456,559065.1115496134,591919207.3205242,293.39720660760463
160.0,144.1013687142857,0.2856324143625599,103599.37213831117,-558840.6256952125,568362.2742889159,758445539.4208256,293.3951618512259
165.0,144.1013687142857,0.28357703391119393,209441.71021137436,-558369.3336514902,596357.3951404262,1065607228.8435804,293.3937275418915
169.99999999999997,144.1013687142857,0.2793839715721076,273462.1922673385,-531508.524587105,597731.44664508,1445611957.452749,293.3927512086139
175.0,144.1013687142857,0.2725600809230294,293721.1300273917,-483535.46644802776,565754.9377050807,1788653014.959068,293.39202493985175
179.99999999999997,144.1013687142857,0.26304106620779066,282927.3010807166,-436725.22114440106,520362.1589628174,1996217524.4327905,293.39139536572367
185.0,144.1013687142857,0.25179201807392343,256858.10591353066,-408141.9764423811,482240.56186490547,2051176552.7841778,293.3907727851856
189.99999999999997,144.1013687142857,0.24048343311566026,223283.5688914307,-400030.35447654815,458126.44175983453,2017716899.5037758,293.3900946515272
195.0,144.1013687142857,0.23041874858306619,186116.69361673843,-406040.7297257198,446663.74135250994,1979613323.4158275,293.389289344587
199.99999999999997,144.1013687142857,0.2220956665964388,149702.18111168707,-418939.84843620186,444883.51243594557,1982058564.4738271,293.3882572993524
205.0,144.1013687142857,0.21549160634220402,117234.91545449001,-433975.31232123246,449531.5307138451,2028131422.325366,293.38690851124215
209.99999999999997,144.1013687142857,0.2103802581980901,90263.24782379477,-449246.1177515765,458224.32085449493,2108236567.1939344,293.385283623413
215.0,144.1013687142857,0.20646761420698878,69507.21372711805,-464775.07389924885,469943.74352486007,2217614772.495526,293.38359247137237
219.99999999999997,144.1013687142857,0.20343083236995096,55369.76685671027,-481567.75171052234,484740.4569141034,2359436665.705182,293.38203605798896
225.0,144.1013687142857,0.20093172785519042,48037.84710992669,-500941.32623625913,503239.3536740732,2542712740.806605,293.3806928615221
229.99999999999997,144.1013687142857,0.19862845453890549,47466.330005406206,-523994.796093342,526140.2843511275,2778637811.5529532,293.37959527810176
235.0,144.1013687142857,0.19618778807093845,53376.74939861128,-551174.7165984641,553753.2352896543,3076004443.762351,293.37881196048465
239.99999999999997,144.1013687142857,0.19329717800515817,65219.10181156114,-582038.1427392442,585680.7413979527,3436391678.293988,293.3784593875282
245.0,144.1013687142857,0.18968229426811653,81964.98120133572,-615283.0889082106,620718.5655671693,3849823355.4882627,293.3786444738531
250.0,144.1013687142857,0.18514254616473447,101761.4810401822,-648889.4985791271,656820.3562540996,4290198469.6499777,293.37939747000036
254.99999999999997,144.1013687142857,0.17960619871692085,121817.23554699904,-680183.093167753,691005.4117787827,4711113673.943735,293.3806555522497
260.0,144.1013687142857,0.17317530320248353,138899.37066177774,-706144.3415972859,719675.5285127475,5050518423.89479,293.38225350786735
265.0,144.1013687142857,0.16612006537154494,150154.92205229917,-724550.1413274584,739945.5438842592,5253338406.095778,293.38385315082735
270.0,144.1013687142857,0.15883031765504332,153402.24712061157,-735386.1357305996,751215.6934239573,5299073401.193791,293.3848639494782
274.99999999999994,144.1013687142857,0.15177749348934294,146647.343976585,-740608.1197010884,754987.304835365,5205517921.194291,293.38455383076234
280.0,144.1013687142857,0.1454956089764288,127843.3842979661,-741512.5343560071,752452.5031627086,5006016124.939148,293.382426765306
285.0,144.1013687142857,0.14052271367351732,96000.49068697717,-736185.9991275609,742418.964954146,4729676802.85104,293.3784987283417
290.0,144.1013687142857,0.13729338762123985,53127.52688973758,-720242.4313887617,722199.2066502254,4400361947.850973,293.37316344972356
294.99999999999994,144.1013687142857,0.13605979812491084,4941.8980702452745,-690505.7656431033,690523.4498139111,4040094088.111738,293.3669188643087
300.0,144.1013687142857,0.13687646728214187,-40889.99062204745,-647983.1179497573,649271.9865210266,3665199262.3685627,293.3602601950316
305.0,144.1013687142857,0.13959965704407412,-77757.99834173503,-597455.0343802152,602493.8376551062,3281411557.95617,293.35368139157737
310.0,144.1013687142857,0.14387529398074594,-102167.39319697784,-544630.591773382,554130.542136138,2888104234.7550216,293.34760828726206
314.99999999999994,144.1013687142857,0.1491677565351528,-113885.84595615798,-493841.3930251726,506803.0262085979,2491571622.535104,293.3422666949748
320.0,144.1013687142857,0.1548752110684838,-114826.48170047237,-447646.3026220658,462138.8678210426,2111730337.414974,293.3376448878546
325.0,144.1013687142857,0.16047248688858923,-107706.96357212956,-407183.91169329616,421188.23338714254,1771042518.191439,293.33359123428727
330.0,144.1013687142857,0.1655816487377346,-94979.34055809682,-372385.7534681135,384307.46092011477,1480386771.552834,293.32995262072177
335.0,144.1013687142857,0.16995168055686505,-78202.39910144084,-342360.6462872726,351178.62598891184,1237769274.6328938,293.32667535921104
339.99999999999994,144.1013687142857,0.17339663657614007,-57886.644093220195,-316012.9594448399,321270.99791525095,1035684044.3662086,293.3238027622535
345.0,144.1013687142857,0.17573513469776098,-33721.99255892571,-292800.20751195645,294735.702454231,868902035.7847219,293.32136340962444
350.0,144.1013687142857,0.17675512017684963,-5281.609857212701,-273937.48221731384,273988.39312322147,740613427.419534,293.3192946720245
355.0,144.1013687142857,0.17625395653947723,26714.16180282049,-264221.8704950242,265568.9049732981,663774508.9714944,293.31747860888703
359.99999999999994,144.1013687142857,0.174251708007244,60063.92086727469,-273130.9245805102,279657.2483454605,648944399.0427146,293.31580153153277
365.0,144.1013687142857,0.17129153458550944,92620.30875315575,-312190.04984499625,325639.5995817326,685160908.659994,293.31418948773353
370.0,144.1013687142857,0.16829304177590912,119865.50343115393,-386801.15897252806,404947.99109922117,739171825.4804424,293.31263559764454
375.0,144.1013687142857,0.1659117386373191,131916.04167255142,-487675.46774843225,505202.1416168052,779874884.8428466,293.3112050795226
379.99999999999994,144.1013687142857,0.1642796009653662,121332.1744260061,-590542.907664945,602878.4474040439,797057392.4774109,293.30998314464097
385.0,144.1013687142857,0.16326244106955884,90422.04457854595,-663160.7078376735,669296.8478676175,787826339.5925492,293.3090081393064
390.0,144.1013687142857,0.16269619621788925,50295.56968971554,-677285.4926562102,679150.412569247,745872587.2545366,293.3082673418303
395.0,144.1013687142857,0.16245262363479063,16317.035403930395,-622288.0472152443,622501.9352189479,665808102.9789635,293.30773955093446
399.99999999999994,144.1013687142857,0.16241704880775615,3406.2516967406386,-511039.7641739393,511051.11595375376,547898430.3941056,293.3074372079079
0.0,149.0703814285714,0.12533488067767604,-12425.273494030816,-614415.3907633363,614541.0155785086,1642155806.954085,293.4501946844719
5.0,149.0703814285714,0.12560385650781097,-41823.23926039617,-734289.383461857,735479.4912212213,1956731902.8285248,293.4505693127527
10.0,149.0703814285714,0.1268412537403531,-118765.21487949586,-813076.3518263982,821704.5272874536,2241399512.432782,293.4510815246834
14.999999999999998,149.0703814285714,0.12952941863459702,-218577.10980794867,-831499.8456280273,859748.7692410088,2523910850.4731703,293.4516123586133
20.0,149.0703814285714,0.1342724759321305,-318879.0663914702,-789310.8724327636,851290.4981986267,2838424301.5748267,293.45208370619457
24.999999999999996,149.0703814285714,0.14196518164062247,-400551.6116786029,-704720.1908496739,810599.8649207432,3204169825.177203,293.4523667583445
29.999999999999996,149.0703814285714,0.15372095475077546,-455268.68559033226,-604473.0264575969,756741.1815105317,3586196031.0520287,293.45219149102854
35.0,149.0703814285714,0.1703529825199523,-489029.4964086212,-510294.91604536434,706789.0418642716,3883934878.9541116,293.4511540604266
40.0,149.0703814285714,0.191578466168335,-513030.99480725976,-431121.36982386897,670124.1953188498,3983770199.407712,293.44898603919694
44.99999999999999,149.0703814285714,0.21566902419179934,-531675.8367578904,-370102.09398434893,647807.6530605383,3792788534.440448,293.4458580427844
49.99999999999999,149.0703814285714,0.23942363446199705,-553681.2958760428,-337689.19517253165,648534.4786048358,3277316050.9176517,293.44222526812945
54.99999999999999,149.0703814285714,0.25862629885419963,-602924.3480001147,-352296.50510200346,698305.5183216365,2549095194.4413934,293.4384554003187
59.99999999999999,149.0703814285714,0.27080577848153725,-667206.1787717567,-428243.75281737716,792815.7395122275,1749247647.5096035,293.43471868245746
65.0,149.0703814285714,0.27711436616606916,-682921.7156666579,-582747.9749443119,897762.3694668806,1097658989.8446343,293.431103526019
70.0,149.0703814285714,0.2800664024261228,-616276.5982930324,-845815.3288784584,1046518.234991348,761298408.3185785,293.42769507779707
75.0,149.0703814285714,0.2813797849869886,-469402.72409247636,-1234403.8947942494,1320640.713013441,684279581.4318829,293.4245777588617
80.0,149.0703814285714,0.2819001286926005,-256457.99782792485,-1720403.5087108435,1739413.3888856005,754708756.2695465,293.4218110487266
84.99999999999999,149.0703814285714,0.2820167487140385,-10323.106547101454,-2221939.2238085163,2221963.2042019903,881892780.7066743,293.4193900113105
89.99999999999999,149.0703814285714,0.2819184888818896,215428.33099852584,-2632499.613269482,2641299.6005112296,994991363.4837995,293.41724253789823
94.99999999999999,149.0703814285714,0.281710826172147,363272.2999780321,-2872544.445483809,2895423.691830129,1047046116.9088073,293.4152724097427
99.99999999999999,149.0703814285714,0.28146673849908,396059.96649417985,-2923693.356476971,2950397.657904261,1024040477.1226914,293.413404650284
104.99999999999999,149.0703814285714,0.28124690772396327,310286.3454016805,-2821149.713504965,2838161.9619309744,943285141.008988,293.4116036988529
109.99999999999999,149.0703814285714,0.28110494897296756,131024.23527137248,-2619613.3839162886,2622888.03257436,838632549.9327216,293.4098647125878
114.99999999999999,149.0703814285714,0.28108787425662923,-102072.31378186573,-2364552.869204078,2366754.9574263114,743300890.0749433,293.40818925378545
119.99999999999999,149.0703814285714,0.2812398113170473,-345691.0885947946,-2084031.657422031,2112508.053918629,680942068.0492259,293.4065580238516
125.0,149.0703814285714,0.28161307615285647,-557797.0424416448,-1795498.6123469933,1880147.0175219344,665851485.7873962,293.40491084183026
130.0,149.0703814285714,0.2822859629631245,-699823.2118535846,-1514509.5289879602,1668379.9451097464,704447153.3802028,293.40313999578825
135.0,149.0703814285714,0.2833765601491006,-739954.0415926249,-1256124.811728256,1457868.8302822744,784170051.5489683,293.4011059716784
140.0,149.0703814285714,0.28500429672940264,-668863.6286643442,-1033819.3531445897,1231324.8997264416,847860549.5895706,293.39869972832514
145.0,149.0703814285714,0.28710083194276476,-525136.8567383005,-869065.8297466754,1015403.4344723577,826252365.6101893,293.3959688123484
150.0,149.0703814285714,0.28919447637404105,-355022.33541451173,-779474.3891762011,856516.8895151956,736587197.8598131,293.3932066729418
155.0,149.0703814285714,0.29065004984308446,-165671.25193822695,-743235.3044641027,761475.9888011091,667298049.7491742,293.3908234793535
160.0,149.0703814285714,0.2910928393939313,23306.647192348493,-719026.1536330418,719403.7874599183,698032785.9842024,293.3890886772292
165.0,149.0703814285714,0.2903370566690379,174047.18990710817,-674841.7688000702,696924.5563414796,842016049.8567646,293.38801209790694
169.99999999999997,149.0703814285714,0.2880885585161245,264384.41057980363,-600622.8852572702,656236.974615419,1065659104.4772718,293.3874111842771
175.0,149.0703814285714,0.28382291149575845,292981.5993193101,-509819.48655535537,588008.6108308848,1309342831.2988493,293.3870461408094
179.99999999999997,149.0703814285714,0.2770413886786708,276611.99978709576,-428138.40265548596,509722.16967148613,1489491504.9143534,293.38672535277664
185.0,149.0703814285714,0.2680334730851535,242012.39686717605,-377099.84953582246,448078.4493337472,1565708472.6363049,293.3863352178743
189.99999999999997,149.0703814285714,0.25824973137453866,204688.5304240502,-360294.08869132795,414378.11818805273,1578250837.755104,293.38581207790753
195.0,149.0703814285714,0.24930076388106603,166951.67172827493,-366682.5583816442,402900.68169981247,1590405961.50135,293.38510425843526
199.99999999999997,149.0703814285714,0.2419632433137648,130737.22413345118,-383865.5470501095,405518.1623382608,1642168109.4098697,293.3841567062161
205.0,149.0703814285714,0.2363014348694013,98630.6069282857,-404346.05928297655,416201.55247273453,1737802470.8825383,293.38293806432733
209.99999999999997,149.0703814285714,0.23211112980372903,71705.49701501834,-425345.21165384987,431346.99185114197,1868285066.6934185,293.3815008571603
215.0,149.0703814285714,0.2291323003721129,50142.45833963265,-446775.7753064905,449580.7597407361,2029872258.9030032,293.3799808461656
219.99999999999997,149.0703814285714,0.22709713846398188,34031.207394212644,-469678.4019352876,470909.6774554473,2227041320.4581227,293.37849964329587
225.0,149.0703814285714,0.22572935416263368,23616.13998268104,-495372.6686593292,495935.28098164895,2469863147.175424,293.3771153880226
229.99999999999997,149.0703814285714,0.22473580959567657,19311.551393051675,-524928.0773253597,525283.1830372121,2770300478.1268053,293.37589108658943
235.0,149.0703814285714,0.22379880115949244,21638.836952958954,-558717.8381638754,559136.7113212933,3137563323.8259225,293.37496224284183
239.99999999999997,149.0703814285714,0.22257351391202687,31025.8036045248,-596056.0841118806,596863.0126721674,3572428997.3806105,293.37452237499724
245.0,149.0703814285714,0.22070093968225613,47378.42822834079,-635041.931328779,636806.8545541683,4061460095.816518,293.3747335851767
250.0,149.0703814285714,0.21784883756841505,69511.9398548561,-672708.2105483265,676290.0607886506,4572642016.73604,293.37565576719226
254.99999999999997,149.0703814285714,0.21378127126449023,94795.29983216779,-705480.6320288989,711820.9543404614,5054471729.352364,293.37724372009865
260.0,149.0703814285714,0.20843328696088165,119391.48638068576,-729967.3474217381,739666.5838890641,5442919282.508866,293.379332995436
265.0,149.0703814285714,0.2019547249290205,139057.49695534218,-744057.9118298736,756940.6605646951,5680466898.042574,293.38154051760023
270.0,149.0703814285714,0.19470616620696507,149992.51004068035,-747800.2661669463,762694.5595372104,5739306379.391026,293.38316330905883
274.99999999999994,149.0703814285714,0.1872196493548141,149351.15501306346,-743063.6959735894,757924.4182487242,5628811924.8050375,293.3833254295623
280.0,149.0703814285714,0.18013486928863617,135644.25794645678,-731837.7978472674,744302.3089254679,5381335665.637776,293.3814146597969
285.0,149.0703814285714,0.17410014443973698,109374.56508770463,-714660.3856184477,722981.508933965,5034648786.786155,293.3773599191206
290.0,149.0703814285714,0.1696453443005513,73584.96817388295,-690727.5237784985,694636.0627309293,4624761341.422313,293.3715097158051
294.99999999999994,149.0703814285714,0.1670776975675399,33516.06760964738,-659362.2296194676,660213.5083719281,4182927348.0593114,293.36444504285663
300.0,149.0703814285714,0.16644284347851396,-4860.375578504186,-621262.7897670156,621281.8017613739,3731685720.5487967,293.35692643059264
305.0,149.0703814285714,0.16754556445302232,-36652.06490107635,-578600.5004971375,579760.220295469,3285024099.322448,293.3497700549012
310.0,149.0703814285714,0.1700095293610304,-59167.6741540755,-534295.5973445519,537561.7164629326,2854493563.977547,293.3435507510547
314.99999999999994,149.0703814285714,0.1733650096740593,-71954.59849703203,-491190.5926699317,496432.9386456018,2453963219.720826,293.3384228881842
320.0,149.0703814285714,0.17714348011326753,-76075.65695314771,-451429.074602807,457794.4025188596,2096878011.7925975,293.3342335205491
325.0,149.0703814285714,0.18094384731086857,-73181.6530505121,-416133.77089511807,422519.6677346466,1790403887.77936,293.33072716301297
330.0,149.0703814285714,0.1844512363267919,-64781.46535814061,-385487.8623129783,390893.24660906807,1533873953.8618014,293.3276721818514
335.0,149.0703814285714,0.18741898173006338,-51851.07876740401,-359114.4438457427,362838.41878717946,1321971976.3720894,293.3249152446543
339.99999999999994,149.0703814285714,0.18963539393616252,-34730.862130508176,-336533.7838691571,338321.1794576581,1149117974.497305,293.32239823136626
345.0,149.0703814285714,0.190890716125746,-13247.649598646629,-317664.81870724296,317940.93360904953,1013309718.4854945,293.3201231030387
350.0,149.0703814285714,0.19095764167382998,12828.402960970208,-303553.3110252464,303824.2593291704,919345869.9496104,293.3180780166393
355.0,149.0703814285714,0.18961858666714013,42805.81063545083,-297392.06018606795,300456.9434808787,879053081.6051825,293.31620640977656
359.99999999999994,149.0703814285714,0.18680735573053572,74161.88087415147,-305146.4386719508,314029.19228786114,901672974.345302,293.3144377250924
365.0,149.0703814285714,0.18286686661319576,103135.53174103535,-334377.21562622214,349921.50582302193,976501472.2523676,293.312731851782
370.0,149.0703814285714,0.17861771919385588,125107.97901163128,-390020.4841258801,409594.9028615477,1070144870.4433776,293.3111108243875
375.0,149.0703814285714,0.1749209650914974,132954.92491700326,-467372.5948742581,485915.78951417434,1145692504.2535586,293.3096506920188
379.99999999999994,149.0703814285714,0.1721941684302718,120175.05363565106,-548399.0382332323,561412.1023379045,1183512524.5023332,293.3084239645123
385.0,149.0703814285714,0.17042784191726829,87987.79174820264,-607062.7556947843,613406.0978246552,1179577796.8723395,293.3074508367807
390.0,149.0703814285714,0.1694476816550699,46867.242212831,-620530.7517607567,622298.1217016536,1131399327.3689263,293.30670828257564
395.0,149.0703814285714,0.1690644741638372,12512.382944071795,-579915.1042161504,580050.0735496614,1034431814.7785485,293.3061710048437
399.99999999999994,149.0703814285714,0.1690646491710675,-9.701660954381724,-494486.10029605037,494486.1003912221,885978919.0703479,293.3058539858879
0.0,154.03939414285713,0.14158877057584796,-6257.54211656643,-574728.3165062248,574762.3810127276,2247325683.288385,293.4445764024772
5.0,154.03939414285713,0.1418006983188073,-27726.375053657164,-642614.505930387,643212.371698315,2524048157.5059543,293.44494809922753
10.0,154.03939414285713,0.14327302088089455,-84806.55607875886,-687431.3148648224,692642.7395206841,2773983265.5182824,293.44540367355006
14.999999999999998,154.03939414285713,0.1466831659667077,-160085.35038670417,-695877.7988811025,714054.0808538537,3000739978.9340663,293.44576296100877
20.0,154.03939414285713,0.15265387596235985,-237788.83335320282,-667318.3738789792,708418.9024750557,3211632294.6961236,293.4458988452518
24.999999999999996,154.03939414285713,0.1618348768049136,-305698.8657527448,-612292.6639508446,684364.0134099225,3394236160.143624,293.4456645329254
29.999999999999996,154.03939414285713,0.17471289709375773,-359105.50324208476,-544557.1443055914,652303.0322426929,3501834664.9295583,293.444848426105
35.0,154.03939414285713,0.1912617139703624,-399836.38076044776,-473259.0879150284,619550.8822314583,3475444866.9735627,293.4432238302329
40.0,154.03939414285713,0.21075942462347885,-430538.2522300881,-403386.14854571817,589986.0773542773,3287139680.966969,293.4407192062084
44.99999999999999,154.03939414285713,0.23174456205124022,-452620.79212685017,-343852.1953827238,568418.7837633941,2927374810.553802,293.43752406829395
49.99999999999999,154.03939414285713,0.25159142647142374,-478485.5171868821,-313321.94903969864,571943.2086384395,2413378235.7758822,293.43396249596356
54.99999999999999,154.03939414285713,0.2668935687594124,-530118.7457971819,-335308.7233909925,627262.1657869014,1829537858.2853158,293.4302971597629
59.99999999999999,154.03939414285713,0.2761351843828598,-585127.6171810204,-429098.6448420357,725603.180390777,1251988283.4358149,293.4266777405519
65.0,154.03939414285713,0.2807476327296686,-583603.8294122872,-621030.863470229,852216.3827850672,837804755.441066,293.42321864218854
70.0,154.03939414285713,0.28283844151917853,-500532.514370831,-943728.9152027386,1068249.532334147,678729876.1745238,293.42002139761166
75.0,154.03939414285713,0.2837118396745472,-338036.249029822,-1403249.1356421937,1443390.6755756445,712879275.8834906,293.4171552511379
80.0,154.03939414285713,0.2839901330025516,-111257.63556304775,-1946606.4885068338,1949783.3424685898,847237086.6846787,293.4146369977754
84.99999999999999,154.03939414285713,0.2839587201558158,142477.60892842186,-2462068.2573203817,2466187.335291174,998342708.6383731,293.41241805825877
89.99999999999999,154.03939414285713,0.2837572708944505,365235.8571653166,-2825785.5829998436,2849291.384265402,1098765911.0488544,293.410406348912
94.99999999999999,154.03939414285713,0.28346653383659987,498307.18704526953,-2966350.348444342,3007913.6361233573,1111349704.5655367,293.408510578967
99.99999999999999,154.03939414285713,0.28314781561023683,506853.6912533675,-2895120.9231987502,2939153.930007809,1038043728.2643484,293.4066720545784
104.99999999999999,154.03939414285713,0.28286010718200805,390866.7803289323,-2681257.070149373,2709597.0763548417,911614034.0089235,293.4048694774932
109.99999999999999,154.03939414285713,0.2826645843552525,177221.93787473557,-2402420.205412366,2408947.9983257568,776184101.8394393,293.4031030414742
114.99999999999999,154.03939414285713,0.2826240854153898,-95103.61602245845,-2113273.5577932945,2115412.4486371153,670937057.5428135,293.40137022119177
119.99999999999999,154.03939414285713,0.2828065598467425,-384107.04455684207,-1842591.828222737,1882201.6010808726,624984376.4144855,293.39964460303827
125.0,154.03939414285713,0.28329879027565513,-646352.2282529343,-1603653.590485827,1729010.1333553884,660158399.0388265,293.3978640970496
130.0,154.03939414285713,0.28422773304580606,-834982.4006560004,-1401843.2747571317,1631674.0410961548,787622575.9473314,293.3959309032882
135.0,154.03939414285713,0.2857583272280789,-905501.3072776197,-1235726.8029163643,1531976.9413824012,973004301.1662004,293.39373232165445
140.0,154.03939414285713,0.2879656019639709,-854540.9696406635,-1107161.5789348618,1398587.5126941258,1101538733.778309,293.3912120149131
145.0,154.03939414285713,0.2905498995995161,-732255.2484550079,-1033668.8058234415,1266755.2837949265,1079200049.473984,293.3884947566318
150.0,154.03939414285713,0.29286907377982174,-554621.2215393927,-1005423.7685205628,1148251.5637646387,934177218.9413171,293.3859128191943
155.0,154.03939414285713,0.29446259776570194,-321652.93222150696,-977561.002558828,1029119.1002651318,780277040.2536622,293.38382018386176
160.0,154.03939414285713,0.29522862684001633,-83142.09861026902,-915449.9736172957,919217.7450186801,705180946.3972981,293.3823916733998
165.0,154.03939414285713,0.2951534886064857,106267.90748245466,-808422.9947082595,815377.585253464,714838891.6011019,293.3815932250218
169.99999999999997,154.03939414285713,0.29409095385040185,221653.79163288028,-670765.6754740125,706439.6610747025,789016482.2802033,293.3812520097482
175.0,154.03939414285713,0.2916642089697644,263519.44201897277,-531053.5025228728,592840.8883197933,905835386.2548895,293.38113619910536
179.99999999999997,154.03939414285713,0.28732840635343226,249852.95111579855,-416685.15474071435,485852.8741939958,1022183552.4746685,293.3810321264741
185.0,154.03939414285713,0.28089141132620354,211881.38686876014,-345738.58890438767,405498.3279361659,1097075294.1147318,293.38079099515124
189.99999999999997,154.03939414285713,0.2732525187930547,173517.174580967,-320849.78178635513,364764.0228242274,1149299252.5457268,293.38032686570943
195.0,154.03939414285713,0.26596771920870155,138077.20963328154,-327994.0595832851,355872.7566729951,1218281004.6447794,293.3795914458923
199.99999999999997,154.03939414285713,0.260027244981228,104403.03191488009,-349717.35974125966,364968.7997314525,1324511034.5530376,293.3785707735407
205.0,154.03939414285713,0.25563101959616163,73985.91809916646,-375366.00139738707,382587.96515577927,1467252672.498334,293.37731390332004
209.99999999999997,154.03939414285713,0.25264283075904553,47664.77187651575,-401227.98622426874,404049.2883394577,1639104143.0140476,293.3759297690171
215.0,154.03939414285713,0.2508660508425407,25378.205515007252,-427304.0679307804,428057.0286601482,1840121587.815683,293.37450288204536
219.99999999999997,154.03939414285713,0.25010519755692706,7100.961876286395,-454968.4604753281,455023.87155715097,2079160079.7173312,293.3730509208547
225.0,154.03939414285713,0.2501560458067373,-6747.56918743,-485886.9768586705,485933.82674063486,2370551111.2889876,293.37158950665173
229.99999999999997,154.03939414285713,0.25077967446933896,-15183.021173111714,-521436.7100840974,521657.7103381778,2729825929.8457317,293.3702229574658
235.0,154.03939414285713,0.2516725603281581,-16683.10730899366,-562137.3912039489,562384.897253709,3167510216.5421085,293.36916376969884
239.99999999999997,154.03939414285713,0.2524432876464513,-9503.61158668552,-607037.1768672735,607111.5653091943,3680826261.2214394,293.36864770755534
245.0,154.03939414285713,0.25261753826201144,7572.922907396583,-653351.6367760727,653395.5237368363,4246609187.853053,293.36882713991037
250.0,154.03939414285713,0.2516932583912695,34205.500218289024,-696730.8720649829,697570.0139295086,4820142733.005185,293.36974663194036
254.99999999999997,154.03939414285713,0.24924385023350493,67701.10303831518,-732200.0901891594,735323.3380123453,5340321351.941837,293.37137161109126
260.0,154.03939414285713,0.2450354526631956,103060.07900996802,-755489.652189184,762486.7175567553,5738727179.690457,293.3735623630047
265.0,154.03939414285713,0.23911485965896342,134053.5039556348,-764380.4024290758,776046.223842639,5954738656.0136,293.37594170392225
270.0,154.03939414285713,0.23183799192876503,154885.64416048254,-759500.8937437629,775133.0017258859,5957103093.834891,293.3777677248861
274.99999999999994,154.03939414285713,0.22382447152609464,161691.88598338424,-743898.5023013593,761268.1838347568,5758658649.838301,293.3781049490718
280.0,154.03939414285713,0.21584024263641566,153377.62403902994,-721349.8271240763,737475.605459457,5408654496.606111,293.376300870244
285.0,154.03939414285713,0.20863717019207967,131705.08255663785,-694540.201361843,706917.4775594393,4968096017.5585375,293.37224114911794
290.0,154.03939414285713,0.2028031797622466,100707.95910223198,-664488.3104232294,672076.4894828972,4488745155.380626,293.3662333211586
294.99999999999994,154.03939414285713,0.19867219962214494,65589.78128357994,-631327.2494890441,634725.2282336267,4005910364.3684783,293.3589207142342
300.0,154.03939414285713,0.19630950442098238,31425.656210797682,-595383.8677576856,596212.6481838343,3540710359.317499,293.3512660220843
305.0,154.03939414285713,0.1955554847789354,2103.9429168690667,-557691.8989690222,557695.8676119732,3105527398.728053,293.3442531167682
310.0,154.03939414285713,0.19610033454092393,-20166.992962997956,-519851.64321908634,520242.67276219645,2708714273.680221,293.338425671949
314.99999999999994,154.03939414285713,0.1975651192947518,-34748.24415202297,-483555.8497028914,484802.7436530593,2356278447.364035,293.33379703707413
320.0,154.03939414285713,0.19956893294383315,-42073.04175473297,-450131.40894192876,452093.3821220362,2051129114.4637983,293.3301129849517
325.0,154.03939414285713,0.20176914433003545,-43060.30066161314,-420326.7288210596,422526.6245510229,1792494635.0476842,293.32708502628196
330.0,154.03939414285713,0.2038737177334313,-38652.45375448746,-394377.0215976343,396266.6366797282,1576918746.8929532,293.3244784754177
335.0,154.03939414285713,0.2056340246526155,-29548.54110776161,-372229.8667328297,373400.8435576134,1400249254.640608,293.32212419974906
339.99999999999994,154.03939414285713,0.2068284319835697,-16109.717489186407,-353817.93461194093,354184.4912621685,1259709373.4960067,293.3199137201942
345.0,154.03939414285713,0.20724475887670618,1581.003928417893,-339364.14980663965,339367.83251717454,1155823430.6375737,293.3177941912976
350.0,154.03939414285713,0.20667044992214148,23432.640533051286,-329777.37588494486,330608.841817504,1094121843.6287675,293.3157500698728
355.0,154.03939414285713,0.2049092438110196,48698.01055449215,-327111.33333958423,330716.3749063025,1085041865.0120318,293.3137710107793
359.99999999999994,154.03939414285713,0.2018601628030281,75109.5438779313,-334686.0731747968,343010.5117320989,1137534850.5788546,293.311845135219
365.0,154.03939414285713,0.19767872168650583,98642.06819138807,-356182.93411720364,369589.6916492865,1244665626.9948418,293.30998745776617
370.0,154.03939414285713,0.1929106406220982,114379.49372371988,-393596.9385469871,409879.5171974994,1375795096.7940552,293.30826080917024
375.0,154.03939414285713,0.18835231868232158,117345.92865088236,-444258.7652162911,459495.28554974496,1491623816.8306525,293.3067502629161
379.99999999999994,154.03939414285713,0.18465615722676004,103884.1211505128,-497909.3805084682,508631.16481940134,1565244525.4270015,293.30550906166707
385.0,154.03939414285713,0.18209410896398123,75122.55344800117,-537935.0894979947,543155.1882747356,1585781823.1301126,293.30453515246404
390.0,154.03939414285713,0.18063555975898335,39193.00998094138,-548601.6541020654,549999.8790135215,1549536087.457271,293.3037933528383
395.0,154.03939414285713,0.18009512270941103,9260.184518627282,-523595.2255579137,523677.10590053635,1454750480.6535838,293.303253436345
399.99999999999994,154.03939414285713,0.1801464507561493,-1743.3565473330164,-469770.1587478968,469773.39360810467,1305120664.2458525,293.30293081942904
0.0,159.00840685714286,0.1640229204782127,-8595.017944715473,-560717.5498887175,560783.420837917,2755278313.267752,293.4357108417693
5.0,159.00840685714286,0.16439782149429663,-25764.635894051684,-591774.8652467064,592335.4688016839,2940157378.6839247,293.43603668846913
10.0,159.00840685714286,0.16617264985870847,-69374.01534730807,-612332.4678309045,616249.7912091283,3109952336.262439,293.4363814523587
14.999999999999998,159.00840685714286,0.1700545023550023,-126056.38965206587,-613714.3813151822,626526.5798074255,3239183008.320224,293.43650749386904
20.0,159.00840685714286,0.17652993736952946,-185874.8407370021,-593845.5236034311,622255.544228285,3309668099.88635,293.4362428354044
24.999999999999996,159.00840685714286,0.1858739817230045,-240936.3586523623,-555682.1680199046,605667.4011171159,3293433000.9902735,293.43545105105875
29.999999999999996,159.00840685714286,0.1980680408630201,-287164.01636326103,-503676.48898487823,579787.183240552,3160226815.523763,293.4340289335576
35.0,159.00840685714286,0.2127543821591294,-323634.1680039067,-441940.3776829735,547768.5388247031,2905635836.52484,293.43195488564544
40.0,159.00840685714286,0.22927317562982943,-350173.0035742895,-376233.44379917835,513977.3697987382,2556542937.1005397,293.4293334297089
44.99999999999999,159.00840685714286,0.24649650791900082,-367660.9486558905,-318693.8652371638,486559.71155280917,2135654580.0007038,293.4263493778084
49.99999999999999,159.00840685714286,0.26229726924731467,-388278.77145938406,-291558.6079652895,485558.2624615361,1680585348.6687279,293.4231841600966
54.99999999999999,159.00840685714286,0.2740544133292386,-428568.5200033788,-322043.5095304476,536081.1490516841,1253005740.0513349,293.4199783043117
59.99999999999999,159.00840685714286,0.28090258045418026,-463377.94340106164,-436714.2831785636,636740.5150944646,891832734.6190908,293.4168468122248
65.0,159.00840685714286,0.2842033018127293,-442314.96254170383,-670613.2606185052,803345.9226296304,691371190.9666001,293.4139116000062
70.0,159.00840685714286,0.2856206289942842,-345786.04272398184,-1056785.583311633,1111918.9522793556,692246490.8470392,293.411265611727
75.0,159.00840685714286,0.2861310337368763,-175158.10450827374,-1588003.8917546882,1597634.7272774733,837495835.6403568,293.40893743873994
80.0,159.00840685714286,0.28619287476472877,53005.881940334366,-2184277.422194886,2184920.474669641,1042703642.921266,293.40688649864865
84.99999999999999,159.00840685714286,0.2860157578772434,298259.96231937816,-2703987.600291988,2720387.4627809143,1221062168.317626,293.40502056863187
89.99999999999999,159.00840685714286,0.2857028749816705,501317.2097391539,-3008793.140594861,3050271.3170587528,1303694928.6713743,293.40323583821873
94.99999999999999,159.00840685714286,0.2853163406410816,605771.782121613,-3039469.0664533046,3099246.950138262,1264008551.155206,293.4014563002771
99.99999999999999,159.00840685714286,0.2849091475886605,582041.8498908014,-2839714.540846245,2898749.969990152,1123858707.6039197,293.3996484363872
104.99999999999999,159.00840685714286,0.28454122036879714,435969.0770537621,-2512537.7157555968,2550081.3338482874,935560513.1473868,293.39781018719776
109.99999999999999,159.00840685714286,0.28428463069973153,198201.1562474725,-2156461.5465845237,2165550.7614081805,755899853.8250057,293.3959477483896
114.99999999999999,159.00840685714286,0.28422312423459895,-92106.11663308396,-1832688.0358646559,1835001.0827034074,630545843.8189024,293.39405424296524
119.99999999999999,159.00840685714286,0.28445636505040195,-395769.8319946796,-1568733.8754143077,1617887.4286517864,593934746.2682928,293.3920991884707
125.0,159.00840685714286,0.2851172724235644,-672135.2313671425,-1373581.7491850215,1529213.0626368406,675543656.5369364,293.3900311607558
130.0,159.00840685714286,0.28638966288719236,-873150.9668065786,-1245060.4025317102,1520712.9961921438,885431694.2356772,293.3877918816286
135.0,159.00840685714286,0.2884459717674828,-960578.1098709437,-1173312.568023977,1516368.25588188,1150173749.2696562,293.38534379796033
140.0,159.00840685714286,0.29117388628877583,-955568.6106856065,-1160592.1009505852,1503358.0393627174,1314508001.1212015,293.38272895189584
145.0,159.00840685714286,0.2939797906763994,-883937.9519284834,-1204578.609016111,1494107.0671671126,1285855161.9806023,293.3801338050539
150.0,159.00840685714286,0.2962435024201698,-713771.9862914794,-1251109.9000252848,1440398.0110912963,1108440806.2667713,293.3778413848591
155.0,159.00840685714286,0.2977767125503483,-461199.7488568319,-1238542.3447032794,1321624.889281638,916441063.0131,293.37607367220403
160.0,159.00840685714286,0.2986528633716545,-199888.39366015297,-1137355.3905445766,1154786.8436732567,778198390.2799647,293.37489508271824
165.0,159.00840685714286,0.2989381583130149,9416.77927539482,-958764.5334395464,958810.7771158356,691579132.5797158,293.3742439437433
169.99999999999997,159.00840685714286,0.2985823286202137,140618.529384503,-746757.2148654456,759881.5096841465,648131093.3340915,293.37398136203626
175.0,159.00840685714286,0.2973665716404692,195587.46429022032,-551131.6197238001,584808.1039510804,647361157.2392155,293.3739163298763
179.99999999999997,159.00840685714286,0.2948960719458813,192742.6388926272,-404160.92451766646,447767.54879543086,679807851.0652198,293.37384096043616
185.0,159.00840685714286,0.2908595323661043,161542.5174511546,-317045.3482353353,355828.2419681181,725932081.0186033,293.37357569986693
189.99999999999997,159.00840685714286,0.2856740385872436,128404.45295110784,-285883.507193664,313396.048512139,794151205.2076513,293.3729974318287
195.0,159.00840685714286,0.2805219035520954,99103.61568064203,-293513.13966936956,309792.65614205133,904571571.7257466,293.37204842999347
199.99999999999997,159.00840685714286,0.2763733547716147,70922.5059036114,-318772.61868828867,326566.9675105504,1055328457.9390215,293.37076037442705
205.0,159.00840685714286,0.27353391962611023,44132.889373348815,-348244.93387045135,351030.2634971453,1234025932.7146769,293.36928595814413
209.99999999999997,159.00840685714286,0.2719726502411716,19401.107286327602,-377377.0111569694,377875.3915164403,1433379835.6303852,293.36782488922427
215.0,159.00840685714286,0.2715947523657851,-3336.29785429702,-406361.34383027215,406375.0393945441,1658233408.1440141,293.3664443755209
219.99999999999997,159.00840685714286,0.27230621572887204,-24034.16610534647,-437084.08852691756,437744.3792714941,1923467419.8603518,293.36506749959875
225.0,159.00840685714286,0.2739968874079871,-41965.72274982843,-471840.0296807764,473702.58126283356,2249636382.389775,293.3636602317914
229.99999999999997,159.00840685714286,0.2764953107756106,-55379.817568572995,-512678.7258047035,515661.1291213085,2657061604.102112,293.36235489709406
235.0,159.00840685714286,0.2795068548994608,-61378.485627128524,-560579.6212222754,563929.8096639239,3155498280.9215393,293.3613899968317
239.99999999999997,159.00840685714286,0.28255930382716954,-56365.42936308747,-614401.4018396023,616981.478011904,3731608409.8475738,293.3609617234765
245.0,159.00840685714286,0.28500845871080827,-37309.612587596836,-670264.1381822567,671301.7370189354,4345514100.3726425,293.3611529017024
250.0,159.00840685714286,0.28614151384138214,-3515.9793083585246,-721951.9384249641,721960.4999624701,4942682576.535183,293.36196618035547
254.99999999999997,159.00840685714286,0.2853404348269274,41941.69627055124,-762259.5799564542,763412.5838112974,5466499030.22909,293.3633629963199
260.0,159.00840685714286,0.2822244439555181,92118.69613909927,-785088.9763095918,790474.8920118908,5858332420.004442,293.3652275329814
265.0,159.00840685714286,0.27674099194394064,137896.4379104829,-787721.2276238631,799700.0437899486,6057243245.755279,293.36723508095344
270.0,159.00840685714286,0.2692197988429242,170838.04198325815,-771895.4708056926,790574.6355904768,6017197659.451268,293.3687324078377
274.99999999999994,159.00840685714286,0.260364616264228,185768.34317522755,-742892.6987297919,765767.2225631641,5738279206.589956,293.36889637660215
280.0,159.00840685714286,0.25111955107195627,181920.23809900373,-707229.4617115019,730252.3430587122,5281637877.766339,293.3671494125583
285.0,159.00840685714286,0.24242436994103567,162443.30884280853,-670140.687120555,689547.9454847281,4742057723.973837,293.36335763149174
290.0,159.00840685714286,0.23498843529215974,132795.71069145988,-634172.9304259879,647927.4700636907,4200489769.608861,293.35775734982826
294.99999999999994,159.00840685714286,0.22919449084440835,98862.62440378334,-599643.6711048998,607738.7191879129,3700688190.3774257,293.3509659990582
300.0,159.00840685714286,0.22512551554536503,65586.09385040081,-566096.2691291114,569882.9016810848,3256396658.0221148,293.3439670154185
305.0,159.00840685714286,0.22264658395428744,36379.09277181282,-533364.2799853288,534603.4919032687,2867276756.625723,293.3377047103336
310.0,159.00840685714286,0.22149153516039766,13126.056964401376,-501815.41040614137,501987.0511203619,2529213190.625038,293.3326073823152
314.99999999999994,159.00840685714286,0.22133480887432985,-3513.6538120594246,-472110.7828199457,472123.8577089416,2237941546.4554887,293.3285982553814
320.0,159.00840685714286,0.22184278852829964,-13693.229090876051,-444891.88363774604,445102.56419130747,1989463746.3434272,293.32540067253336
325.0,159.00840685714286,0.22270394425568707,-17981.25169251451,-420605.7980177842,420989.9793802777,1779905837.179374,293.32274165098556
330.0,159.00840685714286,0.22364082340979702,-17056.13715066027,-399494.78577869193,399858.71964840917,1605762219.774098,293.3204081185878
335.0,159.00840685714286,0.22440952960065663,-11519.158404436661,-381691.66159967665,381865.4416742481,1464505366.7066607,293.3182424153397
339.99999999999994,159.00840685714286,0.22479272581851184,-1820.4821943278343,-367363.72591308475,367368.23661302554,1355369408.664343,293.3161295874854
345.0,159.00840685714286,0.22459156908225145,11703.94304664659,-356882.9837669629,357074.84703525313,1280223917.3546174,293.3139955185711
350.0,159.00840685714286,0.2236226222570788,28650.13142181481,-351018.68863198056,352185.95911734266,1244346367.5745912,293.31181538108166
355.0,159.00840685714286,0.22172970825449004,48156.329997553774,-351095.3689611302,354382.54785582406,1256144937.3998258,293.30960934463155
359.99999999999994,159.00840685714286,0.21882668862667276,68345.06727274747,-358885.288217884,365335.04939952045,1323431894.402328,293.30742437065317
365.0,159.00840685714286,0.2149820857827304,85964.38397442758,-375864.867565646,385570.06364893453,1444076327.746893,293.3053353703657
370.0,159.00840685714286,0.210512367919882,96810.36739324564,-401874.03529171605,413370.2788983052,1596167631.2154238,293.30344390219165
375.0,159.00840685714286,0.20597785630762538,96999.23415856082,-433979.0968621909,444687.20235764625,1742172484.3446348,293.30183974682404
379.99999999999994,159.00840685714286,0.20200343938567436,84580.09509675484,-466073.38174192683,473685.74989641807,1848479654.0760689,293.30055912246263
385.0,159.00840685714286,0.19903997466447848,61175.62136825925,-489619.93292554055,493426.9301201582,1898006254.1513631,293.29958318358075
390.0,159.00840685714286,0.19725495500569265,32859.58314254057,-496686.4732491027,497772.24200725893,1886753230.072625,293.29886592961697
395.0,159.00840685714286,0.19654859173222913,9072.273049851694,-484431.5235941373,484516.46740851674,1818438378.683085,293.2983658757
399.99999999999994,159.00840685714286,0.19655523820811177,-163.7446506080201,-457725.2991131018,457725.32840174914,1708203137.8186855,293.2980796459052
0.0,163.97741957142856,0.19020083651573141,-13905.88376589183,-557520.7455458795,557694.1413690337,3009603336.35298,293.42285947451444
5.0,163.97741957142856,0.19087073713167865,-28301.12835602436,-569874.6570058772,570576.9698855628,3109721270.978889,293.4230828739959
10.0,163.97741957142856,0.19289250408116626,-62727.18072339775,-576817.0345379254,580217.7096010015,3193723799.9136047,293.42324431379035
14.999999999999998,163.97741957142856,0.19679583932393502,-105512.38335946207,-572129.3015294131,581777.277582004,3218251395.3281746,293.42308637299675
20.0,163.97741957142856,0.20288179294341102,-150588.37671142357,-553043.5869861032,573178.9147439367,3156396072.557151,293.4224251117101
24.999999999999996,163.97741957142856,0.21120130218102673,-192625.2868609901,-519453.4321493061,554018.3835487524,2990425837.6110168,293.42116760850695
29.999999999999996,163.97741957142856,0.22156806492765052,-228193.90437998078,-472922.29717855545,525098.0452875651,2719368294.837823,293.41933166709754
35.0,163.97741957142856,0.23360996533394462,-255581.04405881875,-416304.44876077253,488498.78622183553,2364927825.4895573,293.41705917035534
40.0,163.97741957142856,0.2467880157713785,-273590.7182221265,-355077.66281615145,448254.4229879718,1960768777.1234477,293.41457177201295
44.99999999999999,163.97741957142856,0.26019292043737763,-282518.87857144425,-301597.5924228151,413252.97882109083,1540114253.6288555,293.4120622836666
49.99999999999999,163.97741957142856,0.2721564177659421,-291890.04931686394,-279430.86583705805,404080.94445624284,1157043984.2311332,293.4096276639281
54.99999999999999,163.97741957142856,0.2807876977326751,-312470.5716050318,-319450.6553828091,446863.0431616398,865458786.623061,293.40729876094383
59.99999999999999,163.97741957142856,0.2856408081872479,-322072.8545707168,-456205.77761298284,558439.4642025189,687419512.3731635,293.4051110728021
65.0,163.97741957142856,0.28785654270200245,-281724.3476803988,-732275.3904415903,784599.1686984696,669915233.7475958,293.4031300818601
70.0,163.97741957142856,0.2886934316008757,-175649.53696654428,-1179794.768586203,1192798.5814126097,822613678.6443805,293.4013931910457
75.0,163.97741957142856,0.28886773415652434,-5114.153456818878,-1776982.3099026447,1776989.669151883,1089737099.3184144,293.39987019050017
80.0,163.97741957142856,0.2887110047813216,211682.19447000502,-2416575.938820403,2425829.4704165314,1379983706.3170214,293.3984691337381
84.99999999999999,163.97741957142856,0.28837346622421245,432943.21907725756,-2929110.59855077,2960933.7597263856,1590416573.831162,293.39707001200065
89.99999999999999,163.97741957142856,0.2879290004941722,601463.8845865767,-3165632.6862014346,3222264.59317184,1645464861.4724798,293.395572008302
94.99999999999999,163.97741957142856,0.2874243914036862,667058.8734867752,-3082575.9928368917,3153924.902769848,1531958918.9917736,293.3939259023186
99.99999999999999,163.97741957142856,0.28690610027609964,608513.8927670141,-2757121.506452747,2823474.483510473,1299209050.5572479,293.3921319478902
104.99999999999999,163.97741957142856,0.2864369610274216,439365.06243166316,-2324758.0091679893,2365912.394674894,1026208515.6885812,293.3902122144511
109.99999999999999,163.97741957142856,0.286104074183771,194760.3693068912,-1901740.955518655,1911687.8048859243,785777016.9259567,293.3881802540938
114.99999999999999,163.97741957142856,0.286020004617555,-86581.83171180604,-1551489.1411074207,1553903.1400176825,629369913.3591485,293.38602541117615
119.99999999999999,163.97741957142856,0.2863287775307642,-370316.0307877929,-1295665.2796836093,1347546.837640915,593542192.1667395,293.3837186074078
125.0,163.97741957142856,0.28722520997453144,-621635.3399135018,-1136244.8750505513,1295176.7878973193,708999445.118052,293.38123768657357
130.0,163.97741957142856,0.28894484035428036,-801133.1664062708,-1066526.6522863153,1333901.589455981,968220317.1728665,293.3786008591807
135.0,163.97741957142856,0.29156587233812553,-900992.8903889009,-1082555.5469968938,1408444.0709041627,1260452776.2887428,293.375890536709
140.0,163.97741957142856,0.2946450839326505,-954184.7819861729,-1191451.2408590433,1526441.8290647548,1434641322.6019793,293.3732586643667
145.0,163.97741957142856,0.29741565845288254,-929658.9751074419,-1354217.141346306,1642610.6890903823,1410232524.6024525,293.3708934063424
150.0,163.97741957142856,0.29948312762853885,-779906.8393672003,-1481594.4787890112,1674328.7842206554,1255263348.9130182,293.36894989847076
155.0,163.97741957142856,0.30089278721199486,-544859.5220734157,-1495452.1638853631,1591618.3817936652,1080104160.2588665,293.36748370295675
160.0,163.97741957142856,0.30179624129274435,-298866.04809694603,-1363583.6720972704,1395951.7704832652,915248948.7493976,293.36645522299517
165.0,163.97741957142856,0.3022904412208299,-97720.74913691852,-1117072.6022132707,1121338.728229525,761069713.1524599,293.3657830748393
169.99999999999997,163.97741957142856,0.3023851693783246,33523.36471774673,-830785.4259661852,831461.5084174462,628332560.7252249,293.3653647204516
175.0,163.97741957142856,0.30198706778322626,96531.89618833702,-577984.5261213566,585990.2041992213,534730484.49197745,293.365064152715
179.99999999999997,163.97741957142856,0.3008884177094945,108317.83344608982,-398136.5782071028,412608.1530325296,490691650.08750415,293.3647090336944
185.0,163.97741957142856,0.29887851887575156,92979.17793706204,-296473.35399335326,310711.4049369929,496640480.0538374,293.36411784555037
189.99999999999997,163.97741957142856,0.2961258834775398,72345.68204736384,-260068.88405379624,269943.9241099624,560009761.1790273,293.36314690355664
195.0,163.97741957142856,0.29334265017174754,52906.82460477588,-267049.5345429513,272239.9419434398,687231168.1685929,293.36174378581177
199.99999999999997,163.97741957142856,0.2912412099764775,32622.515356952208,-293584.1063079498,295391.0221805195,860054211.9083468,293.36000549774326
205.0,163.97741957142856,0.29014100373360885,11168.449451170096,-324404.5968091987,324596.7909485275,1054351925.4165907,293.3581927897858
209.99999999999997,163.97741957142856,0.29012841612587037,-11023.100438047446,-354384.1851846346,354555.5802018136,1261675051.5377216,293.3565861703372
215.0,163.97741957142856,0.29124256159093076,-33930.387891566286,-383919.47212009336,385415.92117534956,1491050787.7081337,293.3552633963876
219.99999999999997,163.97741957142856,0.29351956332551166,-57326.18904656921,-415465.4294799968,419401.73466928006,1763168897.2035635,293.3541081177545
225.0,163.97741957142856,0.2969640790231057,-80045.90340434153,-452212.2894995878,459242.09457134496,2104380507.4123197,293.3530413237604
229.99999999999997,163.97741957142856,0.30147208177370316,-99305.49135841685,-497414.0648724832,507230.0587966998,2536632233.4920287,293.3521475355163
235.0,163.97741957142856,0.3067127517198275,-110411.38867725196,-553243.6438400738,564153.5289254882,3059723027.3710084,293.35157905323524
239.99999999999997,163.97741957142856,0.3120408908259432,-107474.07256566448,-619206.366113114,628464.1597647853,3639254285.931277,293.3514230339589
245.0,163.97741957142856,0.31657281630197576,-85227.67117998154,-690809.7580993514,696047.3244112411,4222534064.8026175,293.3516817853978
250.0,163.97741957142856,0.31943695940281897,-41610.131899903914,-758775.8407497666,759915.9029670602,4766468302.647683,293.35231676328397
254.99999999999997,163.97741957142856,0.31999252740090744,19724.156733361233,-810283.075018789,810523.1051739035,5239323243.392427,293.35327009950527
260.0,163.97741957142856,0.3178706861856795,88885.25216884163,-833954.9941022409,838678.436733166,5603205618.524177,293.3544325217689
265.0,163.97741957142856,0.31294235077625804,152530.5390399266,-825946.8029728992,839912.9042233865,5805376725.418354,293.3555628264556
270.0,163.97741957142856,0.3053726036703036,198752.47162683445,-791885.044439445,816446.2435363625,5787874528.622161,293.356233588782
274.99999999999994,163.97741957142856,0.29575926578979805,221143.78157482148,-743009.7856081581,775221.3320327902,5518778538.865552,293.35593497385184
280.0,163.97741957142856,0.28515214738476446,219771.4727377616,-690410.1472367223,724545.1481010395,5034956354.863727,293.3542823691797
285.0,163.97741957142856,0.2747717610984643,199531.32600737317,-641640.8513961787,671949.2036148817,4445471984.074651,293.35111373371103
290.0,163.97741957142856,0.2655916109074261,167693.13637925638,-599862.8806679549,622861.5123701006,3868055930.433492,293.34652211903847
294.99999999999994,163.97741957142856,0.25812423427506326,131462.41628085566,-564665.0754345708,579766.3445819622,3367844020.145814,293.3409676078862
300.0,163.97741957142856,0.25247649116257176,96273.71517375358,-534133.0509787295,542740.0338847348,2956185418.236486,293.33526066913413
305.0,163.97741957142856,0.2485041169284871,65389.43386057514,-506606.81736180733,510809.4022804065,2619843749.459306,293.33016516027
310.0,163.97741957142856,0.2459393195671878,40359.288032307144,-481252.84578121325,482942.2053444811,2342155709.669363,293.32599640973643
314.99999999999994,163.97741957142856,0.2444686515922615,21630.83066823481,-457884.6806738497,458395.3246175087,2110248483.066985,293.32266192110063
320.0,163.97741957142856,0.24377634646853324,9017.137300553804,-436631.1645291775,436724.2638132243,1915494557.4470944,293.3199204860968
325.0,163.97741957142856,0.2435669566271365,2013.972200444645,-417710.2199726608,417715.07508543774,1752396468.2265055,293.3175387864219
330.0,163.97741957142856,0.24357495075382748,7.598950893317648,-401337.8788469128,401337.87891885225,1617687036.582069,293.3153286342239
335.0,163.97741957142856,0.24356619673399693,2395.712415628393,-387731.59463072073,387738.995863016,1509917119.4083507,293.3131415133822
339.99999999999994,163.97741957142856,0.24333538015810777,8631.382110906281,-377165.22891641676,377263.98007326055,1429421231.6142623,293.3108663934108
345.0,163.97741957142856,0.2427030699968492,18191.125623055694,-370046.8075019579,370493.66633429093,1378499855.0175953,293.3084456932077
350.0,163.97741957142856,0.2415163939578997,30455.4999181768,-366993.73918359145,368255.26754578814,1361568461.9130702,293.3058925910743
355.0,163.97741957142856,0.2396584579384768,44486.331866847824,-368853.6973801394,371526.6932455416,1384703311.5574129,293.3032781925655
359.99999999999994,163.97741957142856,0.23707286549447723,58731.326737916286,-376550.97742690233,381103.67007095506,1453450941.665785,293.30069827174174
365.0,163.97741957142856,0.23380640010208656,70825.77568146825,-390591.0858024843,396960.56077303865,1567718170.8443398,293.298264041151
370.0,163.97741957142856,0.23005687013006057,77808.76846726298,-410239.72916936304,417553.3975904692,1714999747.45095,293.2960993717659
375.0,163.97741957142856,0.22618572860796454,76968.37169725007,-432884.17711228546,439673.5619023579,1868353125.1612067,293.2943063873259
379.99999999999994,163.97741957142856,0.22264999128674262,67100.38961299046,-454263.7083300052,459192.7471029384,1995424905.7965236,293.29292895927887
385.0,163.97741957142856,0.21986313783245304,49596.0028788723,-469619.3015625087,472230.930691351,2072545339.4040523,293.2919509126141
390.0,163.97741957142856,0.21806047896649838,28720.441083028636,-475366.19761372596,476233.0160433395,2091255461.271341,293.29131631598574
395.0,163.97741957142856,0.21722629724569642,10674.868586419632,-470896.0589788962,471017.0391622722,2057513514.8009906,293.2909501050818
399.99999999999994,163.97741957142856,0.21707475190350278,3227.4149770763697,-459807.8185389465,459819.14509617694,1994193034.8008337,293.2907821502603
0.0,168.94643228571428,0.2174059127662502,-17256.195400128727,-548352.298883603,548623.7508262102,2998082256.388095,293.40575551098664
5.0,168.94643228571428,0.2182616374722773,-29469.59001654768,-551987.2945860039,552773.3985279313,3034712446.8307853,293.4058314806701
10.0,168.94643228571428,0.22032013087401076,-56950.56472784251,-551480.1715681916,554412.9746458882,3047977686.792707,293.4057598350066
14.999999999999998,168.94643228571428,0.22388463289902044,-88947.2297905899,-542439.1135428201,549683.364846109,2997752099.6473613,293.4053185723999
20.0,168.94643228571428,0.22910686806809077,-121880.98148369852,-522498.79925847973,536525.8324386467,2862663769.335588,293.4043575454416
24.999999999999996,168.94643228571428,0.23595303280599458,-152175.07260194566,-491099.31303309614,514135.9625458876,2636804010.2191014,293.4028438031397
29.999999999999996,168.94643228571428,0.24422123930907638,-177079.07485620206,-449010.04858135513,482666.5748515835,2328982300.585588,293.4008841957236
35.0,168.94643228571428,0.2535794346122776,-194675.42736590595,-398174.9346563929,443217.5544907048,1959852299.4752703,293.3987108668418
40.0,168.94643228571428,0.2635598493436422,-203352.36893744193,-343191.8701432432,398914.58444745565,1558568295.536449,293.3966095933878
44.99999999999999,168.94643228571428,0.27341022057269215,-202948.57305366138,-295839.42640174023,358760.4904643598,1167570411.817338,293.3948084280313
49.99999999999999,168.94643228571428,0.2818907813811101,-199779.16124610527,-280114.9064192779,344058.24225918227,853631525.9177041,293.39339645117366
54.99999999999999,168.94643228571428,0.2877545873504997,-199628.07789821865,-330337.8542283958,385972.10705121956,671732589.0481575,293.39232710468673
59.99999999999999,168.94643228571428,0.29085331679791,-185168.48786891994,-488379.58287147415,522304.49535245,641291566.5040878,293.3915057427806
65.0,168.94643228571428,0.29208869569638596,-128397.26531101053,-802863.4510996998,813065.5440067954,784508155.2610893,293.39086265904314
70.0,168.94643228571428,0.29237046080242707,-17248.691639974528,-1303865.7608287337,1303979.8463261554,1094382417.0567389,293.39033366916635
75.0,168.94643228571428,0.2921992328276385,145961.1577730364,-1954687.2094116202,1960129.2677310423,1506800076.2915368,293.3898245447079
80.0,168.94643228571428,0.291800495800847,341183.3502251597,-2622559.520956211,2644659.622603433,1905586831.1588562,293.3892069877767
84.99999999999999,168.94643228571428,0.2912736789907342,526778.7058608847,-3114656.2379625584,3158888.9321449,2156240222.035383,293.38834912253674
89.99999999999999,168.94643228571428,0.2906671007178207,650666.4864338438,-3276809.925001477,3340785.8598174695,2170043931.656307,293.3871640140708
94.99999999999999,168.94643228571428,0.2900140160014443,672519.2049702043,-3084220.632961401,3156691.1464124233,1951986227.7000039,293.3856376923823
99.99999999999999,168.94643228571428,0.2893553783078927,582183.5503213638,-2646678.483003523,2709952.8923320086,1590496747.9178436,293.38381217911603
104.99999999999999,168.94643228571428,0.2887585819173925,401546.67931381747,-2128300.4227963476,2165849.1234024283,1202128228.4297643,293.3817405608455
109.99999999999999,168.94643228571428,0.2883307765011111,169155.30646649955,-1657996.9941765054,1666603.597261239,880430841.7369732,293.37944934466384
114.99999999999999,168.94643228571428,0.28822470526731725,-78654.52754414539,-1295899.3731970133,1298284.144613807,680623433.6929148,293.37693123262636
119.99999999999999,168.94643228571428,0.2886470157722707,-314190.47462889645,-1052638.0937378788,1098527.4738192244,634423285.4703894,293.3741741742097
125.0,168.94643228571428,0.2898693608579228,-510996.01834842033,-920678.2257676437,1052979.261985057,759547567.8100752,293.3712159214773
130.0,168.94643228571428,0.29213245520342584,-650761.3381773802,-894489.9132597714,1106165.6856863208,1016542082.728246,293.36818836270277
135.0,168.94643228571428,0.2952524481715307,-759937.0336158073,-987238.4079429695,1245850.7009985433,1292433289.4316878,293.36530497451014
140.0,168.94643228571428,0.2984330046717723,-847970.5152676734,-1200372.2405642318,1469675.9883322981,1466155187.6494248,293.36277698946935
145.0,168.94643228571428,0.3009836034889783,-847438.0651151533,-1464063.4531214351,1691636.2105878366,1483774493.5538504,293.36071918640914
150.0,168.94643228571428,0.3028080907857926,-733427.5050695292,-1669074.7498540098,1823108.999975794,1412050878.945297,293.35912299462296
155.0,168.94643228571428,0.3040860689186097,-550568.1888062084,-1716346.0876025737,1802489.7289454967,1293245847.4632094,293.3578845594954
160.0,168.94643228571428,0.3049901739200459,-355259.85588325525,-1566415.9087456174,1606196.8635175296,1125045694.9388807,293.3568754138421
165.0,168.94643228571428,0.30562863377572885,-190366.94218395805,-1266009.1828824002,1280241.7052334426,919912485.953906,293.3559946071109
169.99999999999997,168.94643228571428,0.30605401997825116,-76676.87900975694,-916982.0762301789,920182.3036236279,714456820.0558786,293.35516679100465
175.0,168.94643228571428,0.3062728287649714,-13635.076044881609,-614101.5430641453,614252.8962019747,547839550.3007671,293.3543086591542
179.99999999999997,168.94643228571428,0.3062511447499913,11898.326263204153,-404354.1975653808,404529.2168145691,444221638.12978536,293.35330327180566
185.0,168.94643228571428,0.30595123288368276,16285.680063857912,-288927.7827172269,289386.39740152855,413182918.0053182,293.3520116139954
189.99999999999997,168.94643228571428,0.3054510955169956,12359.26366133813,-246948.38281158218,247257.4673725876,460298127.5513206,293.3503276709848
195.0,168.94643228571428,0.30502470678968224,4834.3871136291355,-251303.85485870988,251350.3506375353,581834309.9329858,293.3482584812445
199.99999999999997,168.94643228571428,0.30500778662481864,-6447.18816050684,-276014.2198451481,276089.50684859924,750073998.9709482,293.34598526803813
205.0,168.94643228571428,0.30565639000443995,-21682.727636748405,-304944.4267395238,305714.3177498663,934911807.3119025,293.3438318404744
209.99999999999997,168.94643228571428,0.30716740833207995,-40749.54187469154,-332748.70632096694,335234.5846139302,1127619801.2892919,293.34209381410847
215.0,168.94643228571428,0.3097274966000399,-63578.5687957418,-359976.5648670414,365548.02921584755,1339936377.2639992,293.3408636774582
219.99999999999997,168.94643228571428,0.3135153176491313,-89713.55552544912,-389656.3675231247,399850.7306437419,1596176914.0850494,293.3400535266917
225.0,168.94643228571428,0.3186455072957297,-117407.44362456202,-426290.4137970829,442162.8938680211,1924577569.908894,293.33955880934894
229.99999999999997,168.94643228571428,0.3250230869443006,-142690.4176357822,-475478.43283787044,496427.53285754734,2340072999.385229,293.33933976064475
235.0,168.94643228571428,0.3321362909138163,-159260.12610552434,-542727.3344722181,565611.8345212257,2822914199.747268,293.3393735744289
239.99999999999997,168.94643228571428,0.33901549431472916,-159134.41180046616,-630737.2168548708,650502.2657492505,3324683680.305693,293.33960715215716
245.0,168.94643228571428,0.34458549223761986,-133853.30883393157,-734407.3940327499,746505.812901525,3804667869.449743,293.33996377134383
250.0,168.94643228571428,0.34811471413762796,-78500.43905422122,-836583.6327075387,840258.5872490965,4245344575.7149158,293.3403593918598
254.99999999999997,168.94643228571428,0.3492853400489013,2753.053603477223,-911770.6295210021,911774.78587712,4633946019.946733,293.3407045850806
260.0,168.94643228571428,0.34796191701911744,95497.09089949114,-938215.6681817169,943063.2716800772,4945253668.075161,293.34090144634155
265.0,168.94643228571428,0.34399818878254973,179988.86224176048,-910053.6635577895,927681.874936682,5140236925.026966,293.3408510709845
270.0,168.94643228571428,0.33725769006731676,239212.99655007053,-840678.5202560646,874049.9025446948,5169460745.883692,293.3404653550336
274.99999999999994,168.94643228571428,0.3278812617988801,265774.90874739486,-754576.5066915541,800013.7539883392,4985779080.649726,293.33964037030427
280.0,168.94643228571428,0.3166430012094432,262779.75632165547,-673569.1300595881,723013.5360432051,4584232877.360475,293.33820205753483
285.0,168.94643228571428,0.30493613809359865,238512.97052444698,-608442.5449525639,653521.81877635,4041516451.7366853,293.335937349657
290.0,168.94643228571428,0.2941700115753141,201884.00057512597,-560315.8237413127,595576.168112126,3486499634.337772,293.33275887863266
294.99999999999994,168.94643228571428,0.28517820154505524,161065.9894729365,-525482.4429382236,549612.6370465107,3014150877.607205,293.3288957082621
300.0,168.94643228571428,0.27816779677298886,122187.47517963802,-499118.3937004429,513856.9353632244,2647531347.3130345,293.3248785429997
305.0,168.94643228571428,0.27297965635184696,88579.42448228503,-477504.3033476991,485650.77386655554,2367912473.2733026,293.32122098666406
310.0,168.94643228571428,0.2693130731195622,61429.13151557818,-458579.788006039,462675.8694447138,2149796360.359055,293.3181288181289
314.99999999999994,168.94643228571428,0.2668371914770532,40787.33322666846,-441492.7697300009,443372.8366461018,1974271577.8942585,293.3155271947819
320.0,168.94643228571428,0.2652344016771347,26214.193966531682,-426035.2819282482,426841.0071829988,1829809889.2729628,293.31323452675286
325.0,168.94643228571428,0.26421578185275524,17086.219589676468,-412287.19356871233,412641.08966586384,1710093282.8983204,293.31106662498564
330.0,168.94643228571428,0.2635257815262796,12734.921204522198,-400446.8288931931,400649.27428949584,1612144186.8910549,293.308860935958
335.0,168.94643228571428,0.26294229019164633,12507.78330437612,-390771.7362444312,390971.8589498182,1535203914.337167,293.3064781717049
339.99999999999994,168.94643228571428,0.26227500390669717,15779.347479527669,-383575.63012922544,383900.0544880295,1480165615.8271832,293.3038225012075
345.0,168.94643228571428,0.26136436036170013,21917.186000784135,-379247.14922172745,379879.93265635945,1449308752.953694,293.30088692986993
350.0,168.94643228571428,0.260083321172698,30201.600259835697,-378261.582059296,379465.36221407144,1446065866.4345682,293.2977687678256
355.0,168.94643228571428,0.25834441953246656,39702.57158508595,-381147.8065487429,383210.0528788185,1474455158.5280106,293.29460890703143
359.99999999999994,168.94643228571428,0.2561141383594183,49143.71587211156,-388352.86379320547,391449.9350186469,1537656836.1344624,293.2915292168306
365.0,168.94643228571428,0.2534342142775232,56841.56638129621,-399944.7683881114,403963.8367845559,1635273147.7197402,293.2886436778832
370.0,168.94643228571428,0.2504426630148804,60868.91017818226,-415181.56420299696,419619.77489189774,1759711166.3412433,293.2860878149672
375.0,168.94643228571428,0.24737732401054335,59555.442332655584,-432186.07146339887,436270.1583633751,1894082747.7046258,293.2839971059011
379.99999999999994,168.94643228571428,0.2445415481194898,52234.13641123106,-448112.5135869247,451146.5724571327,2015046108.224715,293.2824571414341
385.0,168.94643228571428,0.24222825437566242,39877.74790164105,-459958.08205790113,461683.5193377491,2100826492.7813542,293.28147704821055
390.0,168.94643228571428,0.2406281255271212,25180.06792502062,-465710.2321254801,466390.4545840075,2139645875.081687,293.2809904301513
395.0,168.94643228571428,0.23976207776783362,11820.148219206865,-465358.14665248827,465508.2389816133,2134640258.1638968,293.28086215906615
399.99999999999994,168.94643228571428,0.23946876754381297,5955.815986393591,-461454.3017653605,461492.734896033,2106788701.0827713,293.2809021993596
0.0,173.915445,0.2442487321004333,-17410.136744753905,-533452.5368766894,533736.5660713594,2856721095.4043345,293.38462354903635
5.0,173.915445,0.24511791424608328,-27622.347066796086,-532909.9536044258,533625.348637178,2853980376.0048823,293.3845520097529
10.0,173.915445,0.247005266012976,-49428.32371220056,-528430.791787503,530737.4688997994,2822353773.4680066,293.3842637496782
14.999999999999998,173.915445,0.250049113113259,-73091.34637090575,-517308.51250855287,522446.59251269244,2735125678.9673176,293.3836079095896
20.0,173.915445,0.2542978951685602,-96446.57769511513,-497878.6126085698,507134.15901725076,2578247240.2225814,293.38249662254407
24.999999999999996,173.915445,0.2596760990484553,-117031.6606788974,-469577.8215972242,483941.8768170979,2348986351.127996,293.3809542240755
29.999999999999996,173.915445,0.26598540891657246,-132616.33854142294,-432720.4902214443,452586.0314963558,2054239735.1645598,293.3791372777886
35.0,173.915445,0.2729186163645536,-141303.98967478986,-388597.6328812036,413491.15804196807,1708961537.4724824,293.37731534283625
40.0,173.915445,0.28004844013509783,-141448.53508261373,-341121.724590762,369285.416804933,1339114226.3652718,293.3758096391032
44.99999999999999,173.915445,0.2867484337441627,-132742.98157119178,-301377.02937890665,329315.6737746689,992490866.0710424,293.37489851606256
49.99999999999999,173.915445,0.2921443339737466,-118923.03693427306,-293321.006869183,316512.0878962157,742673693.4599769,293.3747099165726
54.99999999999999,173.915445,0.29552668713890207,-101839.45691490675,-354220.84298634605,368569.7770988294,650650451.192296,293.37515389751104
59.99999999999999,173.915445,0.2970011209195712,-68290.84469030533,-532059.4174496115,536424.1448381451,743834719.932485,293.37598584092564
65.0,173.915445,0.29728439614560126,279.048330406821,-879657.0921018365,879657.1363622474,1039849417.1249617,293.37695047124214
70.0,173.915445,0.296997387148358,111588.10223591728,-1423372.0924513729,1427739.4783818277,1524769021.288762,293.37784727018754
75.0,173.915445,0.29645330491965804,261188.68843920238,-2111266.933571573,2127361.6513797794,2116206482.3178585,293.37850906944834
80.0,173.915445,0.29578132873968244,427292.4239680388,-2787963.6272588023,2820517.6834224137,2655203861.0667176,293.3787740704675
84.99999999999999,173.915445,0.2950332992042048,569909.8383788564,-3243885.441316713,3293567.971101787,2958958633.5722485,293.3785018983169
89.99999999999999,173.915445,0.29423345166036935,644564.9261223818,-3327157.7671756055,3389017.9627237315,2918013274.2402587,293.37762237954416
94.99999999999999,173.915445,0.2934027613937165,623380.119326687,-3035371.9142986904,3098723.1937178657,2560833697.7316117,293.3761624008805
99.99999999999999,173.915445,0.2925780879098227,508606.32905989815,-2508203.3148096213,2559250.7236263035,2029027607.9539466,293.37421537994544
104.99999999999999,173.915445,0.29183395724350136,329467.52459926973,-1931363.2357702502,1959263.3305021818,1490308860.7771392,293.3718781720452
109.99999999999999,173.915445,0.2913045028421984,125118.8596843577,-1438945.725461014,1444375.1347455543,1064941673.5823332,293.36920593038303
114.99999999999999,173.915445,0.2911980214412178,-73054.78399151262,-1082020.6877008353,1084484.1031922207,808828359.1882098,293.3662163378183
119.99999999999999,173.915445,0.2918047485062247,-245203.98751918323,-856649.6571021888,891051.9796895159,737591674.2283145,293.36294714194116
125.0,173.915445,0.2934661211248067,-376560.3470076668,-746452.3510315928,836055.5049152698,837702997.5173222,293.35953505880775
130.0,173.915445,0.2962981902543997,-475771.6320281679,-754643.7221867014,892101.8962419851,1047320703.6034937,293.3562407040766
135.0,173.915445,0.2997002243625027,-578077.339111873,-907797.1928719226,1076229.1360954721,1289809449.3634336,293.3533608531292
140.0,173.915445,0.30270772773631804,-660328.5290753165,-1193536.913179174,1364024.9739033529,1479190554.8624966,293.3510742017725
145.0,173.915445,0.30492736548024885,-667287.335028218,-1530991.785671726,1670092.2834632108,1591877740.1427252,293.34936842124876
150.0,173.915445,0.3064997103354268,-599130.7564738229,-1798247.4955423374,1895429.1647479692,1641528002.1349692,293.3480747258509
155.0,173.915445,0.3076530743997296,-486444.04451214673,-1877330.926689094,1939329.5791960342,1596401619.7655642,293.34695734994614
160.0,173.915445,0.30855558431610075,-361725.21231166326,-1721416.551493821,1759011.106553565,1433359846.7871113,293.3458142071713
165.0,173.915445,0.3093215564306208,-250949.53390036267,-1386972.3216340214,1409492.067925065,1181335495.68208,293.34452613329984
169.99999999999997,173.915445,0.3100413798789945,-167760.03218282692,-994833.9980434267,1008879.632097433,907116426.9168626,293.34304318906464
175.0,173.915445,0.31081022324243424,-112417.58508209533,-655755.2872230391,665321.5088636926,675629828.1236048,293.34133803352086
179.99999999999997,173.915445,0.31174983911732246,-77163.67833851045,-422973.7825753189,429954.7115694887,523121645.5349954,293.3393685454224
185.0,173.915445,0.31298440010731277,-54897.721534247125,-295622.4733098736,300676.58132202225,458815911.24458003,293.33708484830566
189.99999999999997,173.915445,0.3145239145452212,-42900.35649302734,-247475.55935452567,251166.4648496375,481420351.8888636,293.33448578526253
195.0,173.915445,0.31624416834454777,-39012.62516166069,-246986.40781738242,250048.53642550798,578337271.9449854,293.3316856257694
199.99999999999997,173.915445,0.3181169574721059,-41613.404017222536,-266623.88160724804,269851.7549270644,717297301.9693624,293.3289294919077
205.0,173.915445,0.3203255445604665,-50685.51090247013,-290304.19549582654,294695.685305916,868829620.0937872,293.3265216508721
209.99999999999997,173.915445,0.323165843589652,-66449.59037625788,-312798.0406968364,319778.301835744,1025561262.5221328,293.3246980521706
215.0,173.915445,0.32696115092810946,-88824.66558405657,-334736.88469790336,346321.53151858307,1199849243.1158686,293.32354851306746
219.99999999999997,173.915445,0.33201345334541255,-117065.46293734289,-359795.4051649068,378361.0130424564,1415728866.624705,293.3230440428967
225.0,173.915445,0.3384882704868525,-148799.10879120236,-394576.6622469169,421701.2178865193,1696547289.7336535,293.32309042160415
229.99999999999997,173.915445,0.3461479800870787,-179584.57490701918,-449135.845179946,483708.2043650275,2042873592.8801365,293.3235351208366
235.0,173.915445,0.3541006212766757,-203045.7543495737,-535443.8077934654,572649.6744640243,2421717065.9319763,293.3241768395402
239.99999999999997,173.915445,0.36107812288166863,-208486.7305874488,-660047.3754586548,692191.631472746,2789791904.5475984,293.32481088184994
245.0,173.915445,0.3661877242611437,-181167.63622423267,-812639.6778619918,832589.3095943028,3126168815.5673766,293.32526077322973
250.0,173.915445,0.3692130949579264,-112458.22564958026,-962522.1108504746,969069.4848112313,3434654002.319054,293.32537900435614
254.99999999999997,173.915445,0.370283055810658,-8633.643989460372,-1068882.0967120633,1068916.9642587367,3715437902.4933395,293.3250537322355
260.0,173.915445,0.36949263297941615,110170.57387501642,-1099132.886924674,1104640.510966042,3953130728.5504937,293.3242590599151
265.0,173.915445,0.36672928399865756,217310.0184958267,-1045323.3674384999,1067672.5090830154,4125360147.4001994,293.3231268900057
270.0,173.915445,0.361662120622281,289554.8186663465,-928541.2451501641,972641.1655682264,4201552228.8764834,293.3219140198677
274.99999999999994,173.915445,0.35392486276587704,316678.2638536354,-788234.4265567933,849469.6192370092,4133157617.8858,293.3207978217959
280.0,173.915445,0.34360164418379974,305712.11455179803,-662664.0907289983,729783.251469518,3880747842.833046,293.319707911965
285.0,173.915445,0.33174468757279085,272676.9079868306,-571804.8093281409,633493.0434661853,3475514707.466356,293.3183950120354
290.0,173.915445,0.3200886209161336,229679.43081902797,-514844.9088349081,563753.422246444,3020769723.6026125,293.31665670302647
294.99999999999994,173.915445,0.3100083673719167,183974.3662528857,-481242.6101115214,515209.68277498503,2621583585.5070753,293.3145331890207
300.0,173.915445,0.3019969918710319,141266.45719339533,-460606.5147116795,481782.70342843776,2321346740.570942,293.3122887240724
305.0,173.915445,0.29594137202499543,104966.11742783795,-446065.5609250115,458249.24489978136,2107124347.018134,293.3101761698559
310.0,173.915445,0.2915097697804529,75989.34720163097,-434147.4498660351,440747.53443815367,1950678990.8571117,293.30826256941117
314.99999999999994,173.915445,0.28834364965653325,53942.17201768778,-423492.1659979275,426913.77652121044,1830396317.9513748,293.3064617409372
320.0,173.915445,0.28611568328439824,38035.425394251484,-413747.1981917603,415491.80208092363,1733799339.2462485,293.30463531926483
325.0,173.915445,0.2845401194037219,27442.40331314763,-404978.1570732939,405906.8775052758,1654733115.6757429,293.30264353514724
330.0,173.915445,0.28337144408270604,21389.503763963996,-397416.79129779345,397991.98092009657,1590830577.374557,293.3003545251626
335.0,173.915445,0.2824011691785355,19163.392806185766,-391364.0234268003,391832.9165047996,1541974188.7911704,293.29765728723567
339.99999999999994,173.915445,0.2814551050086514,20090.390624644457,-387156.6003235256,387677.51671914244,1509441475.8709068,293.2945091912956
345.0,173.915445,0.28039213135605423,23497.147981943304,-385155.18849139987,385871.2676335608,1495404869.196102,293.2909964821513
350.0,173.915445,0.2791053978420107,28653.986421028392,-385727.49020536203,386790.3148192107,1502519933.682974,293.2873131193603
355.0,173.915445,0.27752677399445175,34708.323929779595,-389201.7299483038,390746.27873438137,1533351375.4464507,293.28364249513004
359.99999999999994,173.915445,0.27563475190872433,40631.19567818227,-395765.0036167069,397845.2364299097,1589390108.3257756,293.28009594295077
365.0,173.915445,0.2734643386102485,45224.02883329366,-405292.28714933136,407807.614944413,1669526346.568082,293.2767742704562
370.0,173.915445,0.2711143552336139,47250.278001041996,-417138.03140193596,419805.58120760886,1768255314.8177383,293.27383275063653
375.0,173.915445,0.26874395160076475,45730.23847390605,-430007.4720418937,432432.2845518594,1874636964.998594,293.27145383331583
379.99999999999994,173.915445,0.2665496881867416,40338.68448341081,-442083.0386261435,443919.6126628969,1973518276.4349113,293.26976740092266
385.0,173.915445,0.2647216104643616,31713.91017450753,-451497.68822071905,452610.13528997597,2049694689.8178124,293.2688023480298
390.0,173.915445,0.26339021189675715,21432.752992844846,-457026.03792605776,457528.3185150868,2093646679.668638,293.2684798248274
395.0,173.915445,0.2625872386618708,11504.630047583465,-458693.1682452071,458837.42121513764,2106258311.623125,293.26860870010125
399.99999999999994,173.915445,0.2622441942323296,6881.691252002971,-457999.9029313586,458051.60054258275,2100822260.4137518,293.26887760962813
0.0,178.88445771428573,0.2703398866221443,-15467.163296846684,-517710.5098658987,517941.5074755644,2693606192.603529,293.3598907414758
5.0,178.88445771428573,0.27111306201997143,-23729.904056329015,-515365.71112958936,515911.74105134484,2672310097.2831016,293.3597141867491
10.0,178.88445771428573,0.27271211607861917,-40672.15841180076,-509204.1431921153,510825.8841463409,2619764110.5091515,293.35928413509885
14.999999999999998,178.88445771428573,0.2751787898308399,-57854.30172798329,-497734.88988910825,501085.96152891294,2520849710.5980315,293.35852340126
20.0,178.88445771428573,0.27849551063540495,-73807.61540372665,-479923.7999842408,485566.0798314664,2367251114.8404007,293.3574083819111
24.999999999999996,178.88445771428573,0.28255738197798774,-86700.9321780433,-455334.5547461772,463515.488831216,2157145699.0960965,293.3560097767702
29.999999999999996,178.88445771428573,0.2871631219274061,-94642.81898136104,-424085.60549048247,434517.96737185423,1894743132.8902225,293.35451034873273
35.0,178.88445771428573,0.29201424749709626,-95816.44042071328,-387118.4469062574,398800.05289619626,1590763183.8725338,293.35319387589533
40.0,178.88445771428573,0.29670557058931846,-88667.18132797419,-347859.4477338712,358981.9834230706,1268178043.9973524,293.3524045966495
44.99999999999999,178.88445771428573,0.30070230146058663,-72912.29182428788,-316696.20269892557,324981.0565294369,975035738.2083796,293.352470174027
49.99999999999999,178.88445771428573,0.303407963348194,-50599.03161196185,-317395.420050316,321403.3519877863,787468995.2138962,293.35357299478915
54.99999999999999,178.88445771428573,0.30454290561717856,-20793.51984247885,-389800.0690222107,390354.2804647591,776408671.9329965,293.35561359689615
59.99999999999999,178.88445771428573,0.30446289707990104,26636.178688683412,-586938.5607461053,587542.6453508248,985339170.9055988,293.35822232760125
65.0,178.88445771428573,0.30378589222664754,102006.97170023272,-964003.4576232538,969385.4179762766,1440616820.4714892,293.36095092585833
70.0,178.88445771428573,0.3029058202095276,207689.61867501563,-1541644.3256917803,1555571.3434757781,2127107268.7266057,293.36343372405986
75.0,178.88445771428573,0.30196808010483533,336541.75693341054,-2251820.370904571,2276830.107184246,2935643260.546021,293.36540096409124
80.0,178.88445771428573,0.3010082158560201,466235.3062309214,-2918801.2510312325,2955803.799949809,3648458387.441711,293.3666346123214
84.99999999999999,178.88445771428573,0.3000294808944838,560883.5841598986,-3322715.667078502,3369722.5107164225,4019042914.384371,293.3669710027004
89.99999999999999,178.88445771428573,0.299031556751543,586040.7513393261,-3322294.923045776,3373586.71415544,3910807699.908247,293.3663514316712
94.99999999999999,178.88445771428573,0.29802438473434356,527371.2822174178,-2942225.182957648,2989115.1695004674,3381882992.524124,293.3648489963754
99.99999999999999,178.88445771428573,0.297044023331931,398589.54350989463,-2349239.262575834,2382813.198096585,2641272272.5274596,293.3626238850584
104.99999999999999,178.88445771428573,0.29617816341234104,233348.70146540733,-1742044.3670067117,1757603.5369489351,1921112122.3372128,293.3598411376686
109.99999999999999,178.88445771428573,0.29559911282963125,67743.54016273073,-1251111.5251151707,1252944.2268152994,1373618720.8621306,293.35661872444894
114.99999999999999,178.88445771428573,0.2955879687283876,-74137.0988143607,-913479.2308402875,916482.7410252598,1049873041.8703818,293.3530448833121
119.99999999999999,178.88445771428573,0.296521787231668,-181292.0474793968,-710432.5880359672,733199.3375765926,933190837.8654653,293.3492582693147
125.0,178.88445771428573,0.2987214692749724,-253756.06897002482,-621752.350059098,671541.6050723373,970534979.7059497,293.34552325476756
130.0,178.88445771428573,0.30195937730930067,-316385.08780782,-661296.6157062917,733084.4001421371,1114664325.9127235,293.34219462406554
135.0,178.88445771428573,0.30525543473646866,-388224.671353871,-854475.7332856926,938534.5887190005,1336036512.423654,293.3395521914782
140.0,178.88445771428573,0.3078224540039535,-439947.88505820086,-1180817.4479023544,1260112.6881504739,1585661557.2817929,293.3376543557507
145.0,178.88445771428573,0.30962982619727836,-450154.5185261944,-1561101.8856447914,1624708.6470851547,1835082368.40597,293.3363373357743
150.0,178.88445771428573,0.3109384068377329,-427031.9579236452,-1866699.2769212392,1914921.0123517835,2019169018.9838176,293.33529297738414
155.0,178.88445771428573,0.3119711204818324,-383203.9677780727,-1968931.6821025829,2005875.681518714,2048618250.4919157,293.3341812979148
160.0,178.88445771428573,0.312881115563452,-329847.30395962216,-1815852.7329876272,1845567.7695029425,1885932805.6886187,293.33274157175333
165.0,178.88445771428573,0.3137895808567167,-276293.5833241382,-1467703.5947624245,1493483.172407589,1577898190.510794,293.3308485661921
169.99999999999997,178.88445771428573,0.3148272542790773,-227859.60659248306,-1054740.1235862223,1079072.1609879297,1225217771.378464,293.32849747324167
175.0,178.88445771428573,0.31617686622726643,-184675.7949662619,-696411.0240245421,720481.4110227495,922503217.9303279,293.32574471522037
179.99999999999997,178.88445771428573,0.31809506572198387,-144545.96497544655,-449956.86787674704,472604.18844963214,716993697.4750819,293.3226561343149
185.0,178.88445771428573,0.3207969607512101,-109934.08639321703,-314183.58201325074,332861.57266615855,611762269.438149,293.3193067861681
189.99999999999997,178.88445771428573,0.32413889823866193,-86442.73774836905,-260046.39634878177,274037.3608897535,596275876.8598846,293.3158246149463
195.0,178.88445771428573,0.32763105372117146,-73507.4131540622,-252886.53749649887,263353.2620560644,649751730.1408324,293.312414621367
199.99999999999997,178.88445771428573,0.3309957673958749,-68755.66625117077,-264692.4815355912,273476.6012351179,738932530.5424379,293.3093245271705
205.0,178.88445771428573,0.33439496053805723,-72388.88843251533,-280288.16061393206,289485.06722944544,838729763.2098197,293.30677603475874
209.99999999999997,178.88445771428573,0.3382096041975852,-84875.00086003178,-294798.6353049168,306773.5339768275,943026454.163073,293.30491265655087
215.0,178.88445771428573,0.34286318910242713,-106039.66987329419,-308884.78656058374,326579.5813510309,1062092836.1329077,293.3037992423866
219.99999999999997,178.88445771428573,0.3487238342006213,-134760.85345438533,-327069.22649340297,353743.92792350124,1215266920.1356409,293.3034449089449
225.0,178.88445771428573,0.3558943205038042,-168511.11386112604,-359084.32495586283,396657.9734780647,1416286656.6834989,293.30378181150263
229.99999999999997,178.88445771428573,0.3638271400766327,-204380.35315570154,-421287.90489084495,468246.54570361425,1655957591.6486065,293.3046146262759
235.0,178.88445771428573,0.3712639668259396,-236589.46180447936,-532047.49427681,582279.2367955132,1902387065.8058279,293.3056404802287
239.99999999999997,178.88445771428573,0.3770448542207219,-248326.95433998032,-697346.3779434365,740242.0192630251,2124255668.5987706,293.30653649719403
245.0,178.88445771428573,0.38084931434167035,-218024.3397363263,-898794.0786472255,924859.669641171,2326426843.6231036,293.30702396368383
250.0,178.88445771428573,0.38294914013144,-136710.7911132863,-1094227.4796699642,1102734.60890266,2527735476.444957,293.30689389743213
254.99999999999997,178.88445771428573,0.3836788625192663,-13833.703063077768,-1229753.4821881312,1229831.2885490723,2720712245.852981,293.3060558490721
260.0,178.88445771428573,0.3831969135241691,126030.89094874775,-1262501.6359355566,1268776.6415777411,2882655123.254416,293.3046293564499
265.0,178.88445771428573,0.381431754099964,251268.88622094647,-1183246.1227112939,1209631.1173634815,3001798405.465729,293.3029714417704
270.0,178.88445771428573,0.3780642946211932,334422.0324741887,-1021380.1509667923,1074735.0876346761,3078691935.3454375,293.30150425038164
274.99999999999994,178.88445771428573,0.3725564561204254,361954.8637391933,-828688.785497784,904287.8007549645,3095214711.333265,293.3004515152518
280.0,178.88445771428573,0.36442297024336745,340761.4823006199,-655779.1055865587,739029.5143927762,2997119477.0568175,293.299749562648
285.0,178.88445771428573,0.35393748530200986,294811.6230476828,-533605.174096504,609629.7031039165,2764017653.4697466,293.29917190458445
290.0,178.88445771428573,0.342591757657436,244298.04448210332,-464826.9886850149,525114.9054709442,2463137998.2159233,293.2985232353511
294.99999999999994,178.88445771428573,0.3322092365153194,195408.18660005022,-432750.87682340125,474823.84184215375,2183362715.2615666,293.2977712269011
300.0,178.88445771428573,0.3237497016006937,150780.40763911145,-419261.5883632143,445550.23376120225,1975372292.8319025,293.29701125543147
305.0,178.88445771428573,0.3172701101136046,113199.72360900497,-412980.7847406286,428214.0889673535,1838005544.2637002,293.2962903504113
310.0,178.88445771428573,0.312451873522077,83500.78813458676,-408690.24498315976,417133.18971701624,1746923862.0213645,293.29551765207117
314.99999999999994,178.88445771428573,0.3089229308298684,60996.18724401773,-404633.9063829998,409205.4900084718,1681650472.5953648,293.2945323321433
320.0,178.88445771428573,0.3063525706186553,44603.623103043254,-400501.1285790622,402977.2167096061,1630923084.946799,293.2931847811881
325.0,178.88445771428573,0.3044625975158955,33314.12409237522,-396476.9034761569,397874.0577796999,1589887019.973203,293.2913567467997
330.0,178.88445771428573,0.3030211605107981,26264.55521468169,-392896.80420684605,393773.6984824885,1557287144.7652543,293.2889571922453
335.0,178.88445771428573,0.3018361421656782,22704.59011813965,-390133.842543709,390793.95275560784,1533807925.3513398,293.28594347664216
339.99999999999994,178.88445771428573,0.30075070154794536,21950.85776956701,-388559.16273958737,389178.7033044189,1521154778.255158,293.28237908498687
345.0,178.88445771428573,0.29964105661553747,23342.378374962493,-388522.1470691468,389222.7195211241,1521498214.6837192,293.27846502881675
350.0,178.88445771428573,0.2984164649781013,26197.54410632386,-390327.3029026547,391205.46354628477,1537036193.4101658,293.27445467577195
355.0,178.88445771428573,0.297021308515791,29777.496078923188,-394193.46429709846,395316.56500490604,1569500440.967149,293.2705182568052
359.99999999999994,178.88445771428573,0.29543874212023213,33270.05340560693,-400185.78492348397,401566.3816960241,1619488178.3817887,293.2667326213109
365.0,178.88445771428573,0.293694396865121,35817.77482009659,-408122.39533251704,409691.10628010274,1685606362.6211066,293.26319289533023
370.0,178.88445771428573,0.2918572304236064,36615.158639998255,-417482.10068177554,419084.6862292876,1763630139.4409645,293.26008176472476
375.0,178.88445771428573,0.2900334828246489,35079.7919162666,-427373.37590081926,428810.674108926,1846177972.9740183,293.2576098942227
379.99999999999994,178.88445771428573,0.2883503247770304,31053.344925153957,-436640.98707836505,437743.8312847019,1923567026.638509,293.2559116484578
385.0,178.88445771428573,0.2869296356874555,24930.855195431548,-444144.5023091239,444843.66520407476,1986169784.9250462,293.25500449795794
390.0,178.88445771428573,0.28585881033525656,17598.79591831126,-449139.78058144584,449484.4381271989,2027691194.7998688,293.2547978669325
395.0,178.88445771428573,0.28517098278873554,10121.427669697881,-451593.3950621099,451706.8050868792,2047891723.2898169,293.25508338923345
399.99999999999994,178.88445771428573,0.2848473236216235,6476.465214693377,-452229.63629225304,452276.00924955175,2053346729.7988412,293.25549505298613
0.0,183.8534704285714,0.2956867750389194,-12638.205734156943,-503864.4901002291,504022.9643856942,2551306002.561121,293.3319431618952
5.0,183.8534704285714,0.29631866580646304,-19048.937927093117,-500946.0711344466,501308.1170509692,2523867692.4705696,293.33171751275677
10.0,183.8534704285714,0.2975915889768738,-31782.15080398319,-494478.1536483072,495498.48591611866,2465694007.0101247,293.33123632809304
14.999999999999998,183.8534704285714,0.29949672866397775,-43874.42235238144,-483722.8312484596,485708.49530122575,2369225359.447645,293.33047904995993
20.0,183.8534704285714,0.301978825692124,-54179.34937583407,-468142.67947129556,471267.40842259914,2230435819.3533397,293.32947188701394
24.999999999999996,183.8534704285714,0.304914409127361,-61199.64363208434,-447527.09223023464,451692.25658709614,2048863002.6703322,293.3283181072893
29.999999999999996,183.8534704285714,0.30809811808400245,-63226.673478673634,-422029.38510340714,426739.28121270804,1827814605.707563,293.3272143879429
35.0,183.8534704285714,0.31123316994230144,-58452.2974274994,-392490.32265543245,396819.0071716806,1575748037.9232113,293.3264495793699
40.0,183.8534704285714,0.313922208529038,-45282.37396892072,-362008.2757725483,364829.3917985153,1312735417.861734,293.3263823445556
44.99999999999999,183.8534704285714,0.315680009230229,-23326.13038674606,-340284.35704804835,341082.9107569348,1083950004.6342213,293.3273794590161
49.99999999999999,183.8534704285714,0.3160862058159911,6396.960029312188,-350735.04258314153,350793.3739303163,965713247.6787839,293.329680609679
54.99999999999999,183.8534704285714,0.3151801545695608,46336.106093583454,-435328.0972372566,437787.1480207318,1041602616.4506038,293.33321689242894
59.99999999999999,183.8534704285714,0.31357882520435226,103807.07236880717,-651271.0512549776,659492.1458793475,1376833477.6864076,293.3375573354088
65.0,183.8534704285714,0.31190815086002466,181182.71701702478,-1054845.0732867918,1070292.1589842134,2014016072.3690631,293.34209402385017
70.0,183.8534704285714,0.3104070697520483,274309.4051529797,-1660040.1912699686,1682551.362183935,2940101988.5360885,293.3462739966392
75.0,183.8534704285714,0.30907159646828924,373578.7322127668,-2383033.5580589757,2412138.0574081824,4011634316.119697,293.3496711137344
80.0,183.8534704285714,0.30784244492237933,458796.7135327673,-3029886.2795218504,3064425.7685875227,4935650608.354072,293.35195623340337
84.99999999999999,183.8534704285714,0.30667060189613904,501910.89788199123,-3374493.0306491554,3411615.1253200336,5385680575.070539,293.35290370428413
89.99999999999999,183.8534704285714,0.3055299976570453,480933.6236145863,-3290948.6552285235,3325904.418601576,5192930962.190914,293.3524508292617
94.99999999999999,183.8534704285714,0.30442256805689355,394467.04638665164,-2833504.342694924,2860830.4931882983,4454962228.093602,293.35072464175005
99.99999999999999,183.8534704285714,0.30339205927292234,264322.5838565263,-2193397.4000806273,2209266.5260255598,3465417924.370424,293.34797936548955
104.99999999999999,183.8534704285714,0.30255395944374336,124251.06533134478,-1575546.1907604998,1580437.9540038563,2534182700.5677156,293.34449249721064
109.99999999999999,183.8534704285714,0.30213687403118616,3795.781133364517,-1100263.5444888338,1100270.0919708507,1847409055.292442,293.3405061278195
114.99999999999999,183.8534704285714,0.3024962840859221,-82060.12540726418,-788713.799180204,792971.1982153747,1439961246.8669724,293.33625173463327
119.99999999999999,183.8534704285714,0.3040079560977433,-132617.30478224557,-611476.387080171,625692.1938815652,1248312894.3313003,293.33202451206193
125.0,183.8534704285714,0.3067067180756663,-160260.50172589952,-548895.6659862644,571812.802018232,1201297876.7325048,293.32820725057786
130.0,183.8534704285714,0.30987060844470127,-186654.63371717825,-615779.075061925,643446.828861728,1296104779.7203426,293.3251563261019
135.0,183.8534704285714,0.31252477868065454,-215591.71655418523,-828872.0716702457,856451.2242046859,1539438016.7236567,293.3230200597158
140.0,183.8534704285714,0.31437580446056346,-235957.04908401644,-1169295.4069953111,1192865.2387561502,1902668605.8956983,293.32167939387404
145.0,183.8534704285714,0.3156662856325012,-249818.7714791511,-1563313.0112583938,1583147.8104564776,2312525759.101838,293.3208152981521
150.0,183.8534704285714,0.3166708610617931,-262752.5840076747,-1882826.4149862076,1901071.863284638,2633972175.926385,293.32000033000054
155.0,183.8534704285714,0.31757300067576244,-273943.0558241849,-1997111.9779464595,2015812.751793061,2731535629.777855,293.3188094179783
160.0,183.8534704285714,0.31850440563472127,-279054.61842218955,-1851883.3625394865,1872790.2895181053,2553139367.3875275,293.31694100879247
165.0,183.8534704285714,0.3195956012285083,-274030.38197641145,-1506566.0228248942,1531285.0261713387,2164797636.228782,293.3142922899053
169.99999999999997,183.8534704285714,0.32102340833012566,-256522.71506186962,-1092469.3844789688,1122182.364576529,1706459512.3542075,293.31094677909056
175.0,183.8534704285714,0.3230567448459072,-225785.7705497185,-730870.6519433479,764951.7135446031,1306411088.9919846,293.3070924255933
179.99999999999997,183.8534704285714,0.3260425917349455,-184773.17172778735,-480557.9047688469,514856.3147385594,1022033983.5861672,293.30293758055495
185.0,183.8534704285714,0.33015018396352214,-144292.9608796745,-340975.587092885,370249.65841005294,850436310.8013352,293.29868687194585
189.99999999999997,183.8534704285714,0.33495555855059184,-114511.54233905069,-281737.8937557491,304120.26257188775,773652445.8381672,293.2945604415729
195.0,183.8534704285714,0.33968756504776987,-95338.86892905786,-266622.67355242604,283155.69918494596,763476788.6640172,293.2907859033113
199.99999999999997,183.8534704285714,0.3439949647277907,-85026.25342527269,-268684.1448618537,281816.6664192951,787705101.6677903,293.2875566766618
205.0,183.8534704285714,0.3480842534489608,-84266.0650682775,-274334.80148402014,286984.9351923684,824705149.5392501,293.2849988534024
209.99999999999997,183.8534704285714,0.3523964854670242,-93481.96995130749,-279145.1845306348,294382.2561782882,867191208.9726642,293.2831750614416
215.0,183.8534704285714,0.35739842314249803,-112214.51113335058,-283775.4573085948,305156.6920118236,920776829.2916446,293.2821146264004
219.99999999999997,183.8534704285714,0.363444450465519,-138995.73186114087,-293798.6539347848,325019.172556798,997959557.9025599,293.2818228641986
225.0,183.8534704285714,0.3704728038981766,-172239.47176416882,-322570.06866206456,365674.5613660444,1106292072.3339155,293.28223211904117
229.99999999999997,183.8534704285714,0.3776329891787954,-211954.15641099805,-392134.78992899955,445751.34087578295,1239751595.2690396,293.2831413749509
235.0,183.8534704285714,0.38364068751278246,-250848.89089376558,-523747.4838818333,580720.7529744254,1376619817.075162,293.28423212995074
239.99999999999997,183.8534704285714,0.38782866907435143,-265455.58973496704,-721939.3256326738,769196.3728570872,1507924340.7481747,293.28515115678346
245.0,183.8534704285714,0.39037699113433844,-232636.09356346022,-965418.8552199104,993052.4246194606,1656825692.3564396,293.28558476151727
250.0,183.8534704285714,0.3917203233115547,-145134.33129223564,-1203564.0765594086,1212283.160199772,1825982352.4404416,293.2853214272338
254.99999999999997,183.8534704285714,0.3921724822886611,-13544.65296082998,-1367176.9225669673,1367244.0145136905,1981922459.3694053,293.28434418630263
260.0,183.8534704285714,0.3918633072193224,135471.8943591602,-1400263.6628561218,1406801.677450131,2087926326.9123838,293.2828970097941
265.0,183.8534704285714,0.3907494219928588,267580.1590909636,-1292902.7697202768,1320301.7509226853,2134643029.5586405,293.281394378631
270.0,183.8534704285714,0.3886007551521922,353972.2894684485,-1086840.3537198121,1143030.330387318,2145073615.5040717,293.2801884418862
274.99999999999994,183.8534704285714,0.38496285961166354,380903.44182169373,-849381.8232944061,930879.6451392318,2145391508.1391628,293.2794099924551
280.0,183.8534704285714,0.3792108961973924,353566.9273358725,-639884.3462017693,731068.7714707803,2117671458.844335,293.2789916438971
285.0,183.8534704285714,0.3710140086320908,297197.9908294106,-492549.01089876285,575266.1765568944,2017013084.309258,293.2787856291808
290.0,183.8534704285714,0.3611748396893107,240271.70438600032,-413052.2307832931,477852.1081711457,1864702399.944675,293.27869023471135
294.99999999999994,183.8534704285714,0.3514773706619706,191222.67903938144,-382872.27434666356,427968.7972766065,1721478008.8749795,293.2787065447728
300.0,183.8534704285714,0.3432794422688307,148246.7589828198,-377287.7050640835,405367.87482659885,1622452584.3909674,293.27886804925544
305.0,183.8534704285714,0.3369032202499872,112084.98781396342,-379894.4871330622,396084.4175770472,1569929588.7737198,293.27910429134903
310.0,183.8534704285714,0.3321114066060437,83543.91841814602,-383476.46664371336,392471.3833825402,1546011085.8896887,293.27920162674616
314.99999999999994,183.8534704285714,0.328554188069912,61946.703245930126,-385943.8474860509,390883.6750944908,1534365622.4594085,293.27889852249854
320.0,183.8534704285714,0.3259173285364415,46121.75620177513,-387162.5928283886,389900.1021809774,1526781242.3909397,293.2779856018321
325.0,183.8534704285714,0.3239420676702298,34997.07101455181,-387538.92413133685,389115.93734576285,1520662400.3421462,293.2763378538161
330.0,183.8534704285714,0.3224176258469265,27692.991604567796,-387569.97742775804,388558.0898493345,1516307139.141881,293.2739136336108
335.0,183.8534704285714,0.3211727688199031,23474.164552342238,-387730.0847606049,388440.0275845633,1515385981.5177965,293.2707709492248
339.99999999999994,183.8534704285714,0.3200702094166965,21692.286937470115,-388443.06582581456,389048.28839198826,1520135596.5489383,293.267094817586
345.0,183.8534704285714,0.3190035401587473,21740.78569512043,-390069.5582114777,390674.9569731064,1532873901.956749,293.2631641840245
350.0,183.8534704285714,0.3178961310135493,23020.721471239645,-392890.36144214,393564.2129706305,1555630222.1091175,293.2592285925758
355.0,183.8534704285714,0.3167014687927999,24919.371470617752,-397078.8934191575,397860.0541314411,1589774192.5200942,293.2554128414013
359.99999999999994,183.8534704285714,0.315404197019858,26808.430879937412,-402661.215149608,403552.6559843254,1635588372.839749,293.2517656382088
365.0,183.8534704285714,0.3140206363393707,28072.13206392827,-409469.9416344127,410431.0876392089,1691808780.0995991,293.24838505789046
370.0,183.8534704285714,0.3125970131584679,28172.730335072774,-417110.58932344016,418060.93630029616,1755272054.116391,293.245460950107
375.0,183.8534704285714,0.31120342854332994,26747.32064877275,-424971.37746790826,425812.2718157142,1820928685.32838,293.2431856085345
379.99999999999994,183.8534704285714,0.3099223964273171,23705.998818291835,-432308.1012164134,432957.58309251675,1882507451.8448315,293.2416548076458
385.0,183.8534704285714,0.30883298866958525,19278.426286602935,-438410.31845827866,438833.9834729955,1933914400.9889584,293.2408563968883
390.0,183.8534704285714,0.3079947250231362,13955.107645678578,-442804.78255324345,443024.62739832833,1971007995.038091,293.2406973839288
395.0,183.8534704285714,0.3074376150073647,8306.846105943123,-445403.20589817286,445480.6612150498,1992935995.8173325,293.24099305475033
399.99999999999994,183.8534704285714,0.30716411630070284,5470.364783066241,-446488.94692105235,446522.4570091969,2002308145.3361936,293.24140773658996
0.0,188.8224831428571,0.3204125210255444,-9652.071500758433,-492808.1255823417,492902.6385851843,2440035395.979047,293.30104639259105
5.0,188.8224831428571,0.3208951229592601,-14386.1268635234,-489897.0647766269,490108.24796455726,2412444515.529425,293.3008187846267
10.0,188.8224831428571,0.3218511270661239,-23539.255509053088,-483833.1443795539,484405.41713540605,2356627728.9068837,293.3003609871897
14.999999999999998,188.8224831428571,0.32324903595470805,-31663.5554213125,-474334.54177702434,475390.1958020781,2269724803.8857327,293.29968765017975
20.0,188.8224831428571,0.3250174639777443,-37788.660532390175,-461251.30446643016,462796.660248122,2151049111.580651,293.2988552486672
24.999999999999996,188.8224831428571,0.3270278548149634,-40614.323563824844,-444660.0218469762,446510.98341194296,2002199954.2254086,293.29798406297647
29.999999999999996,188.8224831428571,0.32907859556507096,-38530.781679955384,-424928.62195865856,426671.9523199913,1827436545.5797896,293.29727344985037
35.0,188.8224831428571,0.33087897097223135,-29657.495307096207,-403030.65465460444,404120.37268518086,1635221851.5627446,293.29700783584053
40.0,188.8224831428571,0.3320353437934963,-12146.957885731901,-381936.8835128637,382129.9930303778,1444383713.9272044,293.29754773919865
44.99999999999999,188.8224831428571,0.3320753052279661,14816.243293317746,-370645.8056091561,370941.82061475236,1297407314.4126408,293.2992834279298
49.99999999999999,188.8224831428571,0.3306443425217562,50814.18977071315,-391648.26587706135,394930.9383253778,1270548294.5145845,293.3025103713392
54.99999999999999,188.8224831428571,0.32795377441366536,98358.78885640184,-487793.58111046936,497611.32334169635,1461549764.073243,293.30723357735155
59.99999999999999,188.8224831428571,0.32486376867748445,161812.01645763862,-719297.9424295098,737273.801686601,1962341735.886274,293.31305036170073
65.0,188.8224831428571,0.32213739820438025,236141.262834626,-1142873.6060335918,1167014.4709391384,2837295840.2597075,293.31926907581834
70.0,188.8224831428571,0.31996543120447885,309918.1730127659,-1766667.4829791905,1793645.2462456445,4077597830.6218886,293.3251531600648
75.0,188.8224831428571,0.31822626134081045,371840.54839372955,-2494397.0950890356,2521960.00392916,5496130966.897299,293.33005694148443
80.0,188.8224831428571,0.3167660785554952,407105.8849799925,-3118441.7438967815,3144902.8779381,6699827889.153897,293.3334534533489
84.99999999999999,188.8224831428571,0.3154803833665967,399166.58654080064,-3409423.203945994,3432710.3791925125,7254676269.882383,293.33498493581607
89.99999999999999,188.8224831428571,0.31431914276177,339873.40478885244,-3256289.5965443207,3273978.599173419,6949716277.126293,293.3345538372588
94.99999999999999,188.8224831428571,0.3132862790738726,238501.43740491045,-2739172.3081820575,2749535.937127505,5937712217.190293,293.3323535834203
99.99999999999999,188.8224831428571,0.31245398304359323,120318.70698022436,-2068724.4667298412,2072220.4299967845,4625913069.352234,293.3287799344869
104.99999999999999,188.8224831428571,0.31199570361139056,14867.671504544529,-1451676.7555412706,1451752.8888329435,3422860761.8644657,293.32429470912314
109.99999999999999,188.8224831428571,0.3122135625554398,-57516.90681407432,-996758.3914497171,998416.4889938899,2549229911.766351,293.31934974598266
114.99999999999999,188.8224831428571,0.31346025872928174,-92813.10870569543,-712576.2778768708,718595.3137479194,2012430298.8090358,293.314396400381
119.99999999999999,188.8224831428571,0.3158150846871077,-100379.92315080736,-563955.4114319218,572819.1992724319,1712540908.2240438,293.3099092606809
125.0,188.8224831428571,0.31867673653785983,-94697.86769916919,-527827.7718546868,536255.3896119391,1591805194.4971282,293.30632428164154
130.0,188.8224831428571,0.32103437507049637,-86109.94186357455,-610843.152804392,616882.7112310395,1683133103.1379004,293.3038827398692
135.0,188.8224831428571,0.3224689366126931,-77607.20644759119,-826276.7702843099,829913.3566849428,2013936226.6407053,293.30252284352275
140.0,188.8224831428571,0.32329384694171104,-76680.45763459704,-1160672.4993194318,1163202.70944469,2541021322.23384,293.3019284094472
145.0,188.8224831428571,0.3239027970361564,-93989.9767601889,-1546514.6951709846,1549368.199657907,3137052342.055854,293.3016333055335
150.0,188.8224831428571,0.32451682513677144,-131083.32199771958,-1861442.41989638,1866052.1750196721,3608306792.0499635,293.301102043099
155.0,188.8224831428571,0.3252552681943038,-179143.367263911,-1978368.0764205614,1986462.33083707,3768885785.8269386,293.29983438078324
160.0,188.8224831428571,0.3262204647287832,-224251.36885478607,-1842870.6244213376,1856464.6010059917,3546207063.7741623,293.29750930562545
165.0,188.8224831428571,0.32755274180020433,-253350.84655744964,-1510992.565160263,1532085.2402594865,3029378281.640049,293.29408764359073
169.99999999999997,188.8224831428571,0.3294760921104963,-258272.64973226385,-1109665.3291867494,1139325.1969472375,2408037370.267905,293.28979371224256
175.0,188.8224831428571,0.3323233188966497,-237457.59834811304,-757158.3269591044,793520.5372873243,1851797096.3802593,293.28498816482966
179.99999999999997,188.8224831428571,0.3364293415549594,-198533.61666381592,-511641.9942003266,548810.6478330226,1433019419.8429565,293.2800301295548
185.0,188.8224831428571,0.3417284695159086,-157675.88890631727,-372792.1598563018,404766.2046079487,1150984786.6943252,293.2752197400904
189.99999999999997,188.8224831428571,0.3474587206649017,-125652.02147474223,-309272.5400457808,333823.2084907492,982042886.654367,293.2708014073863
195.0,188.8224831428571,0.35275379863917744,-102845.65746443812,-285337.25915056025,303306.0842100707,889941030.5886091,293.2669604721885
199.99999999999997,188.8224831428571,0.3573649784993805,-89020.09930890721,-276721.07134287053,290687.33960410755,841159746.1472551,293.2638123489239
205.0,188.8224831428571,0.3615772603180218,-85070.97173790212,-271763.00189816643,284766.9212410981,812331635.2943767,293.26140748887195
209.99999999999997,188.8224831428571,0.36585014489019313,-91000.801794271,-266428.48134811973,281540.9057324807,791842016.0087574,293.25975905790403
215.0,188.8224831428571,0.37062886204742196,-105904.07929137371,-261341.27425392877,281983.9279803386,779561115.2935249,293.2588675208613
219.99999999999997,188.8224831428571,0.37618819964372885,-128204.05662475224,-263087.78805927705,292662.714333353,783237558.1444141,293.258706565039
225.0,188.8224831428571,0.3823019339938397,-157978.0391173555,-288004.2119458947,328486.6617412959,812874857.5259999,293.2591703985362
229.99999999999997,188.8224831428571,0.3880379612441447,-197236.063927424,-361454.50267403974,411766.2230160705,873515938.053532,293.2600402277037
235.0,188.8224831428571,0.3924196015553765,-236194.1734366111,-506464.3150870001,558832.5241268156,957898445.0961354,293.2610172936238
239.99999999999997,188.8224831428571,0.39525152679294406,-249951.73497406198,-730686.9004590212,772255.9266972027,1073456985.2669283,293.2617941985035
245.0,188.8224831428571,0.39689924022187434,-218363.05612962603,-1013588.6249229535,1036843.4427894474,1233609551.0517128,293.2621167052248
250.0,188.8224831428571,0.39774643860270725,-135082.4324761779,-1294809.3629228512,1301836.6064435125,1414736322.3125985,293.26185423394344
254.99999999999997,188.8224831428571,0.39802199807209976,-9701.485963882837,-1486858.6991099943,1486890.3489998756,1564174525.581664,293.26107809488826
260.0,188.8224831428571,0.3978147810089612,131816.7784431428,-1518674.730186116,1524384.6624736816,1635638289.6397846,293.2600505256193
265.0,188.8224831428571,0.3970981650036385,255728.95861383688,-1379995.1746926953,1403489.9295858308,1619501978.568967,293.25907263130364
270.0,188.8224831428571,0.3957213074790603,334815.4272551617,-1127499.8872518025,1176162.134265886,1548996745.7332258,293.2583207949837
274.99999999999994,188.8224831428571,0.39336526581278775,357718.89347542555,-847564.5349663754,919961.1120487927,1475632028.60507,293.2578155742277
280.0,188.8224831428571,0.38951110593018173,329581.8180009351,-610011.5057482163,693352.8768974768,1424174409.0427392,293.2574952462814
285.0,188.8224831428571,0.38364356029815355,272040.0261669034,-447870.4215198038,524016.8797941687,1372823724.7518544,293.2573056735905
290.0,188.8224831428571,0.37596914012649074,214906.69523102467,-363142.8983859263,421968.7811950687,1316882978.6316931,293.2572700054365
294.99999999999994,188.8224831428571,0.36781792439861594,169979.17985673694,-335984.3745228268,376534.75471497193,1286553789.3521602,293.25747904325584
300.0,188.8224831428571,0.3606110142245966,132762.46140085143,-338142.2258236233,363271.2981260243,1290814920.136727,293.257971878884
305.0,188.8224831428571,0.35488782739252256,101304.41569469735,-349233.45595473243,363629.7449292757,1320536735.0161395,293.2586260551264
310.0,188.8224831428571,0.350537413275048,76209.77302480338,-360196.64803331805,368170.551183728,1360001685.9676466,293.259165857502
314.99999999999994,188.8224831428571,0.3472744615005623,57098.36487173471,-368652.0684057152,373047.67900475924,1397459848.9303753,293.25926911313525
320.0,188.8224831428571,0.3448284268759522,42982.75844449339,-374682.74617281335,377140.13019446575,1428475230.1705735,293.25867778677355
325.0,188.8224831428571,0.3429762657889839,32904.74224998622,-378945.50471090444,380371.4205919526,1453082332.3178744,293.25725674992793
330.0,188.8224831428571,0.3415379591076328,26074.10068807143,-382116.0812791778,383004.6452705853,1473273321.8418422,293.255009031551
335.0,188.8224831428571,0.34036885617296586,21836.87511189804,-384780.3192636274,385399.45927215787,1491755039.5164187,293.25207518847407
339.99999999999994,188.8224831428571,0.3393542716252438,19625.90644608476,-387424.73686686734,387921.5164697517,1511343052.845067,293.248709216731
345.0,188.8224831428571,0.3384062655333189,18922.758874425755,-390437.33573260775,390895.61770042486,1534606087.716903,293.24519781943707
350.0,188.8224831428571,0.3374619957550583,19232.056316121474,-394102.15175380826,394571.1317457578,1563600911.6365843,293.2417499153921
355.0,188.8224831428571,0.33648305997915406,20068.387242953988,-398585.845892203,399090.7374421714,1599626347.4684923,293.23845506665094
359.99999999999994,188.8224831428571,0.33545515733212106,20958.625623968677,-403918.67590298544,404462.0634018309,1642974031.8856285,293.2353526823196
365.0,188.8224831428571,0.33438719840336495,21463.330243807693,-409976.46069219767,410537.90673560934,1692705112.2883186,293.2325316410056
370.0,188.8224831428571,0.3333088269702534,21217.789608622803,-416475.5158650241,417015.6470816338,1746541161.8032763,293.23014338411554
375.0,188.8224831428571,0.33226542527304614,19985.232519785004,-422996.1028476959,423467.9592876046,1801002049.9680195,293.22831792415303
379.99999999999994,188.8224831428571,0.33131031394493066,17703.4451730469,-429046.27587137173,429411.36315902066,1851905851.3152716,293.22709777111095
385.0,188.8224831428571,0.3304950949364908,14497.903890182133,-434162.58313561865,434404.5784889956,1895219549.6548643,293.22644866185374
390.0,188.8224831428571,0.32986053883739097,10638.84505573085,-438019.5238499415,438148.7056900309,1928027925.5472379,293.22628909893234
395.0,188.8224831428571,0.3294312228353153,6442.058270034037,-440498.9540157631,440546.0573013177,1949185834.426986,293.22648122052203
399.99999999999994,188.8224831428571,0.32921633999479183,4297.693232653191,-441670.92425502173,441691.83318169595,1959342574.7707334,293.22677872233004
0.0,193.79149585714285,0.3446620053093051,-6850.61135485778,-484610.62009662157,484659.0388988607,2359107948.357283,293.2673557028752
5.0,193.79149585714285,0.3450045357689376,-10127.885556968393,-481939.03446024907,482045.4408064993,2333732580.1853642,293.2671581212672
10.0,193.79149585714285,0.34567479342778373,-16314.037918994087,-476554.7013830401,476833.86125934985,2283543342.0177617,293.2667731661816
14.999999999999998,193.79149585714285,0.34663593867837306,-21427.34076547,-468465.2855041935,468955.06677591737,2208702917.979013,293.2662317095262
20.0,193.79149585714285,0.34781752514840775,-24656.405819235635,-457830.4311748534,458493.88442778063,2111249143.1350534,293.2656010886485
24.999999999999996,193.79149585714285,0.34910156265065717,-24887.38579063847,-445043.1258302088,445738.45001325064,1995317513.1110764,293.2650010944794
29.999999999999996,193.79149585714285,0.3503061290631125,-20641.227825459027,-430817.6104950727,431311.8057726065,1867632421.8407962,293.26461796962644
35.0,193.79149585714285,0.35116489374534265,-10015.958798539827,-416485.452067678,416605.87035551015,1739120130.9674678,293.2647147517806
40.0,193.79149585714285,0.35130542937663767,9134.517653879644,-405156.89241570677,405259.85106437776,1630594621.2610404,293.2656322644066
44.99999999999999,193.79149585714285,0.3502618908423608,38285.17542559545,-405160.94726254663,406965.78215379815,1585629821.2571146,293.2677600457962
49.99999999999999,193.79149585714285,0.34765586239454765,77440.67709614166,-437130.49887761625,443937.0805847407,1684776467.6577168,293.2714382407638
54.99999999999999,193.79149585714285,0.34367025405993695,127798.4944847408,-542456.9416175536,557307.804271245,2045894445.7931128,293.27677919919086
59.99999999999999,193.79149585714285,0.339273944659632,190775.97244518343,-782586.2143186027,805503.9754736952,2801642399.338275,293.28350684501635
65.0,193.79149585714285,0.33546814228271316,256520.53143185025,-1215237.245898381,1242016.2425929708,4052494048.633452,293.29096710061856
70.0,193.79149585714285,0.33256406627905816,307475.24966605613,-1845274.9489254623,1870716.6183815952,5792638926.119297,293.2983016983444
75.0,193.79149585714285,0.3304006243386931,331335.04639153945,-2569033.577456335,2590312.0343050137,7766090372.756942,293.3046118841399
80.0,193.79149585714285,0.3287455879410411,320456.5165674899,-3171055.7169894446,3187206.7299223016,9421738793.004948,293.30907553400425
84.99999999999999,193.79149585714285,0.3274412194814097,270836.67727807927,-3421236.4381768885,3431939.8700542985,10152145150.147348,293.3111043042163
89.99999999999999,193.79149585714285,0.3264211891659805,186823.69272353707,-3220116.962633991,3225531.9476337573,9676923349.397896,293.31051795123096
94.99999999999999,193.79149585714285,0.32571103967023524,84774.9855022495,-2666357.2805362777,2667704.621137003,8236109385.904696,293.30759645192256
99.99999999999999,193.79149585714285,0.32544431408687136,-10594.232943265932,-1983122.8590375327,1983151.1570752377,6414630956.673047,293.3029491617117
104.99999999999999,193.79149585714285,0.3258830894974899,-76655.30381559885,-1376179.2657981035,1378312.5216059198,4768368980.676557,293.2973131574658
109.99999999999999,193.79149585714285,0.3273600751523591,-104121.03415076608,-944893.8341347985,950613.2481396338,3567384493.5093093,293.29142186360156
114.99999999999999,193.79149585714285,0.32997574651820244,-100423.6373931987,-689500.6135775902,696775.432310263,2803272199.119593,293.2859608817373
119.99999999999999,193.79149585714285,0.33313358939387,-78907.28407060074,-568183.570412153,573636.5828342022,2363008533.5368705,293.28151962703186
125.0,193.79149585714285,0.3356177504966015,-48324.064053599024,-549402.8003667226,551523.9362144251,2194456559.3025436,293.2784779828561
130.0,193.79149585714285,0.33660484337438484,-14033.429788528416,-633965.1528807124,634120.4556065785,2343444088.200156,293.2768926841914
135.0,193.79149585714285,0.3364320788923627,16377.212606808249,-837301.0852717498,837461.2352163045,2838376074.7175374,293.27649424953484
140.0,193.79149585714285,0.335944902268349,28396.598022491165,-1151688.974905504,1152039.001812934,3602994540.6966887,293.2767998895138
145.0,193.79149585714285,0.3356645049268784,9708.110287945934,-1516202.3140077468,1516233.3937780848,4456187624.182079,293.27721840855116
150.0,193.79149585714285,0.3357575362890083,-39138.29033771516,-1815959.2288729078,1816380.9420656355,5130703582.070141,293.2771110714423
155.0,193.79149585714285,0.3362705285937686,-105616.9994944115,-1929578.186870045,1932466.540415873,5362971388.860102,293.2759046926511
160.0,193.79149585714285,0.337267755608775,-171274.00287938217,-1803622.820792492,1811736.753434613,5045545528.594105,293.2732778543255
165.0,193.79149585714285,0.33889193327420425,-218453.13189977096,-1490118.7488829717,1506046.3660224315,4301844984.576485,293.2692931422244
169.99999999999997,193.79149585714285,0.3413931077853355,-235734.38486791446,-1109560.09677849,1134325.4861688272,3397966842.0193267,293.26435202794414
175.0,193.79149585714285,0.3450905013298542,-221734.3505251445,-774813.2580093292,805916.6873752143,2570404256.781019,293.2589958505117
179.99999999999997,193.79149585714285,0.3501304389280048,-187585.15511062602,-541196.605262309,572784.3887234752,1927767084.7468956,293.253704466852
185.0,193.79149585714285,0.3560652697411764,-150373.51933036186,-406559.0280803921,433477.148912687,1480126845.4847295,293.2488143372129
189.99999999999997,193.79149585714285,0.36192447809658124,-119164.18146308445,-339043.19504631555,359374.9994796256,1190386308.3232763,293.2445305068729
195.0,193.79149585714285,0.3670013733722206,-95577.79748655633,-305933.1079879242,320515.49406468956,1006990642.9090513,293.2409597357457
199.99999999999997,193.79149585714285,0.37125291930355847,-80679.01689248148,-286780.5059664901,297913.0114129515,886195023.0223955,293.2381405413229
205.0,193.79149585714285,0.37502250500846623,-74971.78045596417,-271807.75712031836,281957.84205358656,796638958.8328773,293.2360742777256
209.99999999999997,193.79149585714285,0.3787331620646695,-77821.03278478143,-257243.99130225444,268757.48213734326,720500363.6536701,293.2347551160414
215.0,193.79149585714285,0.38275170864629127,-87897.20744504461,-243618.2090212572,258989.8662947301,652771029.655483,293.23417251597107
219.99999999999997,193.79149585714285,0.3872503276211122,-103751.60125249521,-238177.82648047057,259794.2874456979,600426380.9274107,293.2342688487386
225.0,193.79149585714285,0.3919418049370553,-126601.06762728296,-258920.79195628563,288214.8622670906,580517964.8129804,293.2348874456702
229.99999999999997,193.79149585714285,0.39605970004216756,-158784.7639608481,-332858.3012418707,368791.6077837539,608276206.7067893,293.23577689396416
235.0,193.79149585714285,0.3990126656118693,-190554.71108022353,-486227.7641949214,522234.1779210353,687549631.3109993,293.2366573642903
239.99999999999997,193.79149585714285,0.4008428923748546,-201377.71862521532,-732392.7547199746,759573.6519423309,826779351.6535705,293.2372911478818
245.0,193.79149585714285,0.4018859984604398,-175688.6755942616,-1051577.9014217649,1066153.1754352509,1021942571.7566425,293.2375282346131
250.0,193.79149585714285,0.4024156280321235,-107658.53036638194,-1373233.9142897718,1377447.54619414,1231559978.044871,293.2373508484557
254.99999999999997,193.79149585714285,0.4025817890607057,-4631.560317059742,-1591780.7897260312,1591787.5278729252,1389656570.652144,293.2368907940774
260.0,193.79149585714285,0.4024409203887586,111428.38543735887,-1621532.1137440149,1625356.1705005798,1441342868.9505365,293.2363533202488
265.0,193.79149585714285,0.40197646109923557,211742.95024604566,-1452176.0118941087,1467532.0257151385,1376413413.3855033,293.2358833128452
270.0,193.79149585714285,0.4010934868175173,273856.1161235456,-1155271.712436795,1187286.781655939,1235862063.4451647,293.23549926778617
274.99999999999994,193.79149585714285,0.39958586689149744,289849.2616898748,-836095.531631974,884911.4828710941,1085478630.2456472,293.235136464522
280.0,193.79149585714285,0.3970929479181099,265328.7338174139,-575355.8183076615,633587.9217990435,974821103.2006382,293.23473628892407
285.0,193.79149585714285,0.39317052050792206,217075.3079786229,-405001.8827276849,459508.66623708355,912639541.3704352,293.23432400676245
290.0,193.79149585714285,0.38775079489508757,169363.10014642973,-320082.7734146307,362128.21145004896,896165336.110027,293.2340423812855
294.99999999999994,193.79149585714285,0.38164642366405255,133878.0443093429,-296942.7358208069,325727.36929039273,934648598.6515918,293.2340797209648
300.0,193.79149585714285,0.3760079345005286,105903.71389867044,-305633.6109864968,323461.7454695017,1015147919.0963929,293.2345021702406
305.0,193.79149585714285,0.37141539384950567,81960.73595104627,-323632.032438567,333849.1495540386,1111149968.2498739,293.2351660429746
310.0,193.79149585714285,0.3678720895820432,62380.95426087337,-340627.7185820942,346292.6885178772,1202797998.2270193,293.23577964290564
314.99999999999994,193.79149585714285,0.36518546984482336,47203.10616785999,-354002.6351419628,357135.8269893233,1280729232.5156274,293.2360213582979
320.0,193.79149585714285,0.3631527009345853,35838.631106318135,-363989.3972495339,365749.48911742005,1343482925.3380032,293.235638638309
325.0,193.79149585714285,0.36160169439169665,27602.954639285417,-371436.1967885837,372460.4292936176,1393267409.23121,293.2345087449009
330.0,193.79149585714285,0.3603924125766089,21893.606022506247,-377162.8693862653,377797.7766323536,1433487842.3584082,293.23265991794403
335.0,193.79149585714285,0.3594123342881166,18198.34421720298,-381850.1843405819,382283.589777516,1467731520.5890853,293.2302563306021
339.99999999999994,193.79149585714285,0.3585725781857666,16070.327774669668,-386042.7769437086,386377.12285433675,1499333087.9036033,293.227545506493
345.0,193.79149585714285,0.357805301512628,15104.766950420335,-390160.93502064975,390453.21000193374,1531134394.0938025,293.2247731786027
350.0,193.79149585714285,0.3570621014921793,14922.759546795385,-394505.08164356183,394787.21888516715,1565314051.4557793,293.22210757448187
355.0,193.79149585714285,0.3563130255639594,15163.82669353403,-399253.7457707792,399541.60628398834,1603242930.093829,293.2196272877741
359.99999999999994,193.79149585714285,0.35554571884558983,15488.749248752096,-404458.7642932456,404755.22648498305,1645357320.2663786,293.21737255610185
365.0,193.79149585714285,0.3547641507119734,15593.769461998667,-410043.31819582335,410339.7232088007,1691073118.1028225,293.21539984282833
370.0,193.79149585714285,0.3539863420927699,15234.774344381454,-415810.2343841007,416089.23245847755,1738794079.1229415,293.2137815840938
375.0,193.79149585714285,0.35324067369605044,14255.599414589107,-421468.09904403944,421709.1185004961,1786080704.6948195,293.212562601081
379.99999999999994,193.79149585714285,0.35256078288056214,12609.529146736057,-426678.801772268,426865.08419771324,1830021681.616695,293.2117367934857
385.0,193.79149585714285,0.3519797217911146,10360.748321017718,-431121.0567733234,431245.5341207821,1867772948.4729278,293.21126238469486
390.0,193.79149585714285,0.35152470914020384,7656.8423756742695,-434552.69892685156,434620.1506830727,1897118797.635573,293.2110797850097
395.0,193.79149585714285,0.3512140384460316,4675.965717170011,-436846.83646089805,436871.8612834692,1916827328.281414,293.2111068497391
399.99999999999994,193.79149585714285,0.3510571130752972,3138.510073714524,-437981.2541275819,437992.4990369724,1926674260.07573,293.2112151824082
0.0,198.7605085714286,0.36857323247969137,-4341.872071553561,-479049.3698428476,479069.0457542786,2305003174.040229,293.23094621342324
5.0,198.7605085714286,0.3687903260778879,-6379.963956321912,-476657.0273954667,476699.7227873818,2282259904.990767,293.2307988179018
10.0,198.7605085714286,0.36921122885243796,-10148.579598615543,-471944.5182446906,472053.62192136876,2237989034.031239,293.2305170091422
14.999999999999998,198.7605085714286,0.36980518396388884,-13052.338812780612,-465108.9592345836,465292.06688784325,2174334802.626584,293.23013247772434
20.0,198.7605085714286,0.3705164621443107,-14487.827824244549,-456551.5155515712,456781.3300776439,2095512127.3231864,293.2297053695179
24.999999999999996,198.7605085714286,0.3712539606468405,-13605.238311762954,-446967.8386077885,447174.8553521742,2008235695.5793562,293.22933545300447
29.999999999999996,198.7605085714286,0.3718769377776569,-9208.094811787256,-437474.30400146876,437571.20068810787,1922486466.3396697,293.22917387919733
35.0,198.7605085714286,0.3721745380173611,376.3746866234697,-429913.0349277029,429913.19967948535,1853453965.5957763,293.22943493691787
40.0,198.7605085714286,0.37183935703706555,17293.226599889294,-427802.7134902072,428152.09605445055,1827189709.0562718,293.23040399656526
44.99999999999999,198.7605085714286,0.37045825776131297,43533.91709960268,-439015.0086946055,441168.1989866899,1893790362.023836,293.2324268409224
49.99999999999999,198.7605085714286,0.36762165464704494,79655.18399851154,-481637.22085021663,488179.63993406884,2147514182.7232733,293.2358501608998
54.99999999999999,198.7605085714286,0.36331139499347165,125179.25515025693,-592696.4179141966,605771.3180138964,2744052731.558163,293.2408913740741
59.99999999999999,198.7605085714286,0.3583013075671345,178690.0806366826,-831666.8715563384,850646.7716756768,3897684147.6859365,293.2474776465832
65.0,198.7605085714286,0.3537276940353601,229858.22857265748,-1259159.9100213519,1279968.157513123,5807053802.637622,293.2551498055634
70.0,198.7605085714286,0.35018904018540914,259763.01756004908,-1882422.5084395201,1900260.8572434569,8485697558.139592,293.2630854015671
75.0,198.7605085714286,0.34764966029012884,255921.74270432012,-2595915.087656714,2608499.775869759,11535052580.043924,293.2702039330918
80.0,198.7605085714286,0.34586917853632326,216538.29156115468,-3179932.127472615,3187296.2157673286,14084492774.092308,293.2753582506445
84.99999999999999,198.7605085714286,0.3446604549759929,146956.5547722969,-3403358.408275999,3406529.712797686,15173417560.06183,293.27765453558493
89.99999999999999,198.7605085714286,0.3439559242666095,59124.34769383243,-3173776.085253397,3174326.7518982035,14373497483.229733,293.2767845363493
94.99999999999999,198.7605085714286,0.34382070452878816,-28366.54670501851,-2602234.213819674,2602388.8188634813,12091711891.077538,293.27313405032464
99.99999999999999,198.7605085714286,0.3444602075517355,-94417.0159354488,-1920534.702641064,1922854.159042426,9262756571.281034,293.26758636416605
104.99999999999999,198.7605085714286,0.3461758758907453,-124673.38512178246,-1333465.7939425432,1339281.3283894246,6738927335.828046,293.26119502023596
109.99999999999999,198.7605085714286,0.349124068347223,-120604.7549044702,-932259.0990417213,940027.9435483018,4914922309.130642,293.25493702077847
114.99999999999999,198.7605085714286,0.35285507273355576,-95496.43388060016,-706571.4378536313,712995.6280893032,3777407712.9233136,293.249594627454
119.99999999999999,198.7605085714286,0.35618939044722453,-59325.80679622314,-605522.0464824074,608421.3179436314,3159828943.7817464,293.2456921651366
125.0,198.7605085714286,0.3578973075110381,-16740.01851433679,-593469.0034977942,593705.0499469624,2970323659.108794,293.2434473295101
130.0,198.7605085714286,0.3575939588849549,26462.393465919642,-669768.3663260284,670290.9240016473,3235319955.983029,293.2427580623955
135.0,198.7605085714286,0.3559999710006429,61776.41944718455,-851089.2587584462,853328.3379647695,3980381451.9097257,293.2432569883023
140.0,198.7605085714286,0.3542316332407463,76641.3266791017,-1135963.1936289184,1138545.6821027184,5123083619.840616,293.24440815342876
145.0,198.7605085714286,0.35298406209401323,60149.841969444125,-1471950.5478782412,1473179.0179363822,6415622494.376029,293.2455653135222
150.0,198.7605085714286,0.35246116995457144,12775.351378884403,-1751867.9247710966,1751914.505746397,7448823881.877111,293.24601485069655
155.0,198.7605085714286,0.3526753458900121,-53150.190662313944,-1859385.567103319,1860145.0561500767,7801822690.340892,293.24512189224777
160.0,198.7605085714286,0.35365442137707903,-119304.67236944617,-1741982.1900097488,1746062.8726252504,7296420860.726838,293.2425772770259
165.0,198.7605085714286,0.35551831575126897,-167934.90466207723,-1448459.3364166024,1458162.0559650718,6124496256.83753,293.2385557879951
169.99999999999997,198.7605085714286,0.35847084238898225,-187701.6020785866,-1093486.821941012,1109479.7524883104,4707223414.84393,293.23362312699504
175.0,198.7605085714286,0.3626652323061094,-178530.0567724856,-783360.1043790934,803446.3481179132,3422718344.9007936,293.2284515326252
179.99999999999997,198.7605085714286,0.3678961042721764,-151966.7062442472,-567095.9188682433,587104.4719670789,2449487821.1423264,293.2235649473139
185.0,198.7605085714286,0.37341793507102217,-121686.94052999013,-438365.9398577463,454942.2037170376,1791057163.4935064,293.2192584249714
189.99999999999997,198.7605085714286,0.3783810369869544,-94826.96544455926,-366795.18067524285,378854.6659894895,1369668159.14675,293.2156487663592
195.0,198.7605085714286,0.3824279729019784,-74246.462082207,-325028.6670407856,333400.91711036797,1100493413.9753816,293.21275307921877
199.99999999999997,198.7605085714286,0.38570008024566993,-61220.40924147488,-296678.07426589396,302928.73461890826,918400532.8626784,293.210546934141
205.0,198.7605085714286,0.3885285665266206,-55519.87294409227,-273481.36134962866,279060.0496261948,780603532.7733986,293.20900464813565
209.99999999999997,198.7605085714286,0.3912413376463747,-56019.459011622,-251785.41650907518,257942.0007571533,663263701.7976055,293.20812093845285
215.0,198.7605085714286,0.39408896217993444,-61224.7313209909,-231971.8859969709,239915.45097871288,558344161.2961345,293.207893507452
219.99999999999997,198.7605085714286,0.3971547356878172,-69899.22573522467,-221460.81540741437,232230.04654717003,474076187.9173581,293.2082603899247
225.0,198.7605085714286,0.40020694666410556,-83261.24742483944,-238712.27709351806,252816.11214064836,432820083.3879321,293.2090451321368
229.99999999999997,198.7605085714286,0.40276864643128624,-103197.68015694326,-311769.9467586285,328405.6346831656,455741147.77383083,293.2099835782021
235.0,198.7605085714286,0.40454896505862326,-123270.6910437675,-470736.13636235654,486608.85046181304,553325350.9147735,293.21081736001923
239.99999999999997,198.7605085714286,0.40563681765374837,-130314.27036225949,-734266.5621977736,745740.7011969945,730982298.6021358,293.21137119352653
245.0,198.7605085714286,0.40625444975221553,-113813.62501613832,-1082993.401551028,1088957.4137873254,972897518.2884372,293.2115852161776
250.0,198.7605085714286,0.40656656349023745,-69035.95890943988,-1437794.0443740191,1439450.4776684556,1224390589.61745,293.2115216445205
254.99999999999997,198.7605085714286,0.40666063726771984,-503.3509111199877,-1677995.6646215594,1677995.7401170267,1404505076.5866015,293.21132592248534
260.0,198.7605085714286,0.40656906347376454,76663.54518814778,-1705744.9711737076,1707466.897437607,1446662740.4556243,293.21112981804146
265.0,198.7605085714286,0.40628186664165317,142499.25477797602,-1510828.9276061726,1517534.2124986495,1339770586.7218356,293.2109643559654
270.0,198.7605085714286,0.40574361354779276,181837.85607965733,-1177366.2640644233,1191325.4490946895,1135232503.4409277,293.21075534692903
274.99999999999994,198.7605085714286,0.40483365190160825,190236.37395789052,-826375.04318046,847989.144958916,913877741.0278995,293.2103938776097
280.0,198.7605085714286,0.40333633827063275,172752.34825841233,-547584.1012385745,574187.8801908424,741439254.0540755,293.20983118834215
285.0,198.7605085714286,0.4009653872894633,140941.81960896024,-372258.1251536226,398046.11323008145,646088324.2071507,293.2091532982663
290.0,198.7605085714286,0.3976137872380155,110331.87129258612,-289090.7231229791,309429.4233241092,633023809.3325548,293.2085845176674
294.99999999999994,198.7605085714286,0.3937022793924701,88453.07408064087,-269618.07828755764,283756.6817782286,700247961.6987104,293.20836559797306
300.0,198.7605085714286,0.389954342748911,71555.58749858399,-282674.3025755594,291590.4035438177,822018793.0103225,293.2085708003923
305.0,198.7605085714286,0.3868141146255502,56555.01144028489,-305136.5161840904,310333.309246646,959385507.5450418,293.2090540749956
310.0,198.7605085714286,0.3843447395020525,43719.81580319792,-326186.9546612378,329103.8615468344,1086205850.5435412,293.2095481016629
314.99999999999994,198.7605085714286,0.3824484618838645,33445.60530249318,-343014.10577005276,344640.8061609639,1192655321.0620651,293.20978204353366
320.0,198.7605085714286,0.3810009009697767,25589.366110747418,-355856.4218980753,356775.29155485367,1278359833.039883,293.2095552454456
325.0,198.7605085714286,0.379889594448873,19804.141676511223,-365632.7603581015,366168.7035706741,1346593539.5429187,293.208776834751
330.0,198.7605085714286,0.37902049243697267,15723.708968061534,-373236.95403913874,373568.0110557199,1401569274.9912224,293.2074786640597
335.0,198.7605085714286,0.3783172239478922,13011.91545495456,-379408.73114839947,379631.7889948698,1447439607.2656925,293.2057973702101
339.99999999999994,198.7605085714286,0.37771930091584216,11366.655185599211,-384734.33675570425,384902.20930641587,1487908157.2428083,293.2039254926041
345.0,198.7605085714286,0.37718055843067927,10512.899881075737,-389661.33488344226,389803.1259072401,1526040122.9803157,293.2020478690863
350.0,198.7605085714286,0.3766680109278796,10195.602682943398,-394508.4751338468,394640.19975985907,1564148425.5033436,293.2002967932162
355.0,198.7605085714286,0.37616099816273335,10176.406450626215,-399470.8619473008,399600.4614526462,1603715323.8863065,293.1987486297624
359.99999999999994,198.7605085714286,0.37565037028410364,10235.955864417314,-404623.7827728585,404753.23393133713,1645341191.4841676,293.19744533564574
365.0,198.7605085714286,0.37513740258034833,10182.278487395777,-409929.4511241101,410055.8909394048,1688734686.0984664,293.1964051888384
370.0,198.7605085714286,0.37463214244599824,9863.919005663645,-415251.24418294197,415368.3819137316,1732775013.3110647,293.1956166742972
375.0,198.7605085714286,0.37415101070260237,9184.146777419639,-420379.0220572836,420479.3344956055,1775679623.5300136,293.1950410629598
379.99999999999994,198.7605085714286,0.3737137278078229,8110.407177400558,-425065.9374442672,425143.3051101204,1815289840.4796984,293.1946300549366
385.0,198.7605085714286,0.37333997003955777,6672.816474697083,-429071.8436893643,429123.727527033,1849440382.2009938,293.19434014767285
390.0,198.7605085714286,0.373046446219569,4948.446161727421,-432202.8292614908,432231.1566061069,1876322181.8172295,293.1941359535531
395.0,198.7605085714286,0.3728451254719607,3034.547218271993,-434334.05106460804,434344.65162013157,1894716486.304653,293.19399047007283
399.99999999999994,198.7605085714286,0.372742991525441,2042.6790761404843,-435407.390513007,435412.1820196976,1904041621.6893833,293.1938952185531
0.0,203.72952128571427,0.3922700523196313,-2095.5667979237714,-475850.6279414253,475855.2421823819,2274181030.7198987,293.19183635543953
5.0,203.72952128571427,0.3923748306593491,-3067.03927661444,-473666.15465407097,473676.0842545236,2253399697.4402623,293.19175419014516
10.0,203.72952128571427,0.39257675624619853,-4837.337961682613,-469430.8876020906,469455.8105652141,2213424666.6169987,293.1915986541309
14.999999999999998,203.72952128571427,0.3928585644448799,-6127.837367444737,-463454.3958042469,463494.9054532114,2157571242.0178847,293.191390046487
20.0,203.72952128571427,0.39318953983841914,-6612.0360825429625,-456298.22263988684,456346.1263180357,2091524864.7111576,293.19116504103846
24.999999999999996,203.72952128571427,0.3935197664968437,-5819.49214391572,-448885.1137913577,448922.83509785205,2023997913.8823235,293.19098284600346
29.999999999999996,203.72952128571427,0.39377147746094354,-3056.4140414110448,-442670.3221396462,442680.8735082313,1967864751.507791,293.1909326206632
35.0,203.72952128571427,0.39382536456112194,2717.817364640516,-439986.18856026593,439994.5825291687,1942680805.9623423,293.1911424285667
40.0,203.72952128571427,0.393499926250811,12994.48578682178,-444878.2866842464,445068.024715295,1980964102.7451797,293.1917885519166
44.99999999999999,203.72952128571427,0.39253144404657986,29505.72933691781,-465142.2601602014,466077.1505348057,2142939808.7356524,293.1930984855745
49.99999999999999,203.72952128571427,0.3906017460500708,53267.82634965537,-516647.6623494372,519386.43449281104,2545568926.687765,293.1953319338034
54.99999999999999,203.72952128571427,0.3875265681372677,83462.73411833499,-630554.2275662204,636053.977181293,3407453318.959533,293.19872191192053
59.99999999999999,203.72952128571427,0.38360237108580353,117175.78762392557,-859655.7628804769,867604.8615924775,5093673184.840949,293.2033753637351
65.0,203.72952128571427,0.3796316126282473,147110.0076451841,-1265929.3270970571,1274448.2788853277,8056591461.749741,293.20914994255304
70.0,203.72952128571427,0.37633673214626606,160563.64990000305,-1866600.6437787348,1873493.7013570124,12480272015.908188,293.21553041784387
75.0,203.72952128571427,0.3739471228357641,148081.44262788026,-2562966.401355231,2567240.714877851,17727082784.53817,293.22157916188064
80.0,203.72952128571427,0.3723709449293692,109953.66915686704,-3133289.3647471564,3135218.0231363014,22190767395.798706,293.2260982312072
84.99999999999999,203.72952128571427,0.37147556239165813,53714.06651903773,-3341868.3471578215,3342299.994117428,24053297446.046566,293.2280550402782
89.99999999999999,203.72952128571427,0.3712193586529037,-8979.97280053343,-3098186.915152029,3098199.92917351,22514403930.460526,293.22706097944274
94.99999999999999,203.72952128571427,0.37168528308167703,-63848.5149624314,-2522960.708048839,2523768.485265875,18380344148.476418,293.22354869122114
99.99999999999999,203.72952128571427,0.3730539109475261,-97484.42079667424,-1856971.6264658575,1859528.6590416708,13436719758.752232,293.2185219711679
104.99999999999999,203.72952128571427,0.3754570722199147,-104356.6807944015,-1303122.6064906355,1307294.475003001,9236166460.944368,293.21310493244454
109.99999999999999,203.72952128571427,0.3786694291577267,-90419.2137343724,-938432.6868340466,942778.6282743738,6388123824.295025,293.2081938454876
114.99999999999999,203.72952128571427,0.38192759359876516,-65276.74168045114,-737736.0922291507,740618.3867431015,4734357348.74726,293.20433751477424
119.99999999999999,203.72952128571427,0.38427933028109723,-34254.6392136855,-647529.2745006784,648434.6857186425,3915916476.138689,293.2017825146819
125.0,203.72952128571427,0.3851040655485232,-543.9719978219547,-636377.3523635649,636377.5848557169,3727899434.2567,293.2005535692202
130.0,203.72952128571427,0.3843291883744594,31605.121477074405,-702848.748800686,703558.9864355869,4147201491.769995,293.20050653318975
135.0,203.72952128571427,0.3824675140816052,56575.401431031016,-860565.4446970358,862423.1331856129,5228698662.682628,293.20136933289393
140.0,203.72952128571427,0.38036909755756976,67160.24055276965,-1111912.7919484966,1113939.2060654867,6950755388.396386,293.20276316479493
145.0,203.72952128571427,0.37872170229851787,56806.674219128596,-1415023.3622042115,1416163.1663828676,9006293074.610899,293.2041807984339
150.0,203.72952128571427,0.3778290401453722,25313.895480814153,-1672432.4566374097,1672624.0209080626,10718345258.893696,293.2049963336541
155.0,203.72952128571427,0.3777560634074995,-19291.3179804025,-1772497.090891451,1772602.068194686,11320017298.42311,293.2046286700944
160.0,203.72952128571427,0.3785210482316558,-64316.53192284969,-1663202.4723003984,1664445.5774055037,10471822778.664614,293.2028194647438
165.0,203.72952128571427,0.3801767044111224,-97362.74188154646,-1391198.8454992932,1394601.6389009655,8525663060.351994,293.1997925222386
169.99999999999997,203.72952128571427,0.3827706212991612,-111001.103738726,-1065912.4374523114,1071676.5227188393,6249375371.907179,293.1961242553905
175.0,203.72952128571427,0.38619067303491084,-106074.57251047237,-784588.1615198288,791726.214123509,4295167403.568464,293.19242686726795
179.99999999999997,203.72952128571427,0.39000774537574223,-90092.70336875822,-586715.8523639385,593592.6099737377,2911182927.294716,293.1891054176253
185.0,203.72952128571427,0.39360218520441215,-71016.54981590822,-462931.8491007049,468347.3574811255,2032476261.5840304,293.1863230917767
189.99999999999997,203.72952128571427,0.39655974079865763,-53850.3934057685,-387512.7208838239,391236.46777459333,1496217539.2995071,293.1840924466062
195.0,203.72952128571427,0.398843372092042,-41046.6650015733,-338985.8661822697,341461.9249332128,1162210838.200894,293.1823671286621
199.99999999999997,203.72952128571427,0.400633570893247,-33116.06641665072,-304097.4415295947,305895.2889466546,937965795.3719432,293.1810949618862
205.0,203.72952128571427,0.4021486261857403,-29410.208569646802,-275476.7495234961,277042.2348598515,769659230.7803535,293.18024578626284
209.99999999999997,203.72952128571427,0.4035700661622875,-28891.016813799328,-249469.20031805968,251136.56197349564,629074957.9800776,293.17982086532743
215.0,203.72952128571427,0.4050178869382619,-30405.52135886771,-226313.6837832011,228347.05865551956,506993009.63353115,293.17983262667343
219.99999999999997,203.72952128571427,0.40651373035399496,-33068.070321523235,-213234.27879022624,215783.12011363896,412853196.85234773,293.1802497006264
225.0,203.72952128571427,0.40793729128257356,-37439.36126215112,-228407.8735226643,231455.96224522556,371102573.2564314,293.1809468205594
229.99999999999997,203.72952128571427,0.4090960519901983,-44729.753276920404,-300666.5787990949,303975.5622331613,406690808.57959366,293.1817232611196
235.0,203.72952128571427,0.40989752656432643,-52795.35910751257,-463441.5052824244,466439.0407778176,536787649.1617459,293.18238551689694
239.99999999999997,203.72952128571427,0.41039303162960983,-56075.537512202776,-739185.6318472335,741309.5603300125,768335577.7869891,293.1828196031941
245.0,203.72952128571427,0.4106781648900974,-49276.233819847075,-1108705.747942023,1109800.244521125,1078757891.704569,293.18301429503856
250.0,203.72952128571427,0.4108227624904771,-29569.504303179132,-1486837.819838319,1487131.8226997568,1397478770.8555753,293.1830435937097
254.99999999999997,203.72952128571427,0.4108642086088427,1226.5005204347146,-1742360.3883643018,1742360.8200497758,1620433133.9252179,293.18301107397133
260.0,203.72952128571427,0.4108162439954141,35987.460367038664,-1768922.203730363,1769288.2354647454,1662193310.5459397,293.18297765818977
265.0,203.72952128571427,0.4106739430273158,65207.861748609765,-1556350.3564639126,1557715.79477746,1509658789.6646385,293.18292221043583
270.0,203.72952128571427,0.41041229456993744,81827.44929140036,-1197478.2987067024,1200270.8058313488,1230373349.7502015,293.18275905131213
274.99999999999994,203.72952128571427,0.40997811466623607,84210.41133187903,-824279.1472557996,828569.5540975617,928376194.9845487,293.1823985398551
280.0,203.72952128571427,0.40927844216609455,75527.45793099202,-532828.8048646724,538155.1190828094,688099591.2145469,293.18182330218286
285.0,203.72952128571427,0.4081913559945044,61765.75419723644,-354102.42745914974,359448.9359060837,549349493.6221753,293.18114057968603
290.0,203.72952128571427,0.4066635923192424,49579.5169495928,-272385.34767132485,276860.80641178426,519000549.9408444,293.1805582936247
294.99999999999994,203.72952128571427,0.4048488527869163,41340.44197013929,-255138.71189110746,258466.23463760212,586405432.7477872,293.180265774914
300.0,203.72952128571427,0.40305040771486567,34762.82019809105,-270129.25254050316,272356.8738736288,719004653.6317827,293.18030593321714
305.0,203.72952128571427,0.40149383594482585,28300.988374601828,-294531.12565127737,295887.69815656054,872635990.4785342,293.18056461878996
310.0,203.72952128571427,0.4002417062047223,22299.017340461316,-317580.1196858478,318362.02442192694,1016557664.3170455,293.18085920665044
314.99999999999994,203.72952128571427,0.3992669400659124,17252.06369305445,-336300.65572397475,336742.8763048219,1138635839.7788777,293.1810202862673
320.0,203.72952128571427,0.39851684660239156,13287.058070111363,-350807.7697377629,351059.3072695008,1237728436.7350783,293.1809305616438
325.0,203.72952128571427,0.3979382677029908,10320.626962766357,-361982.26618313324,362129.3641393657,1317048145.0634556,293.1805399883537
330.0,203.72952128571427,0.3974847866402852,8201.98133417196,-370726.6123385548,370817.33184120076,1381005044.588405,293.1798694370325
335.0,203.72952128571427,0.39711806976182085,6772.122924070311,-377803.0734828444,377863.76378528576,1433988941.22162,293.17899921981905
339.99999999999994,203.72952128571427,0.3968075743596839,5881.257091488523,-383819.5847448057,383864.64127170044,1479897160.7590363,293.1780403290338
345.0,203.72952128571427,0.3965299440533136,5391.203042655597,-389240.6057499141,389277.9395686418,1521930789.6064625,293.1770999117865
350.0,203.72952128571427,0.39626845405545214,5174.026995059961,-394398.043765141,394431.98080418847,1562498318.2101262,293.17626058776966
355.0,203.72952128571427,0.39601254135382136,5111.209472605644,-399499.7892910832,399532.4844188426,1603169748.129555,293.1755803426349
359.99999999999994,203.72952128571427,0.39575733310823746,5094.979755430462,-404637.91144665633,404669.9867776462,1644664459.8439486,293.1750953675941
365.0,203.72952128571427,0.39550304337842157,5032.177312197996,-409799.5778794022,409830.47329186933,1686878536.1397076,293.17480640149904
370.0,203.72952128571427,0.3952541153773905,4849.973745644508,-414883.6881534315,414912.0351847211,1728969696.6474495,293.1746648149457
375.0,203.72952128571427,0.3950180460046532,4501.743956172272,-419725.0100706634,419749.1510145857,1769517935.422791,293.1745919219337
379.99999999999994,203.72952128571427,0.39480394098314925,3970.590668135754,-424125.10918588494,424143.69479245204,1806763655.9330153,293.1745176493924
385.0,203.72952128571427,0.39462098693973935,3268.0898635039403,-427885.99546062195,427898.4757190464,1838894413.9134605,293.17439945422007
390.0,203.72952128571427,0.3944771319988564,2427.2399566082577,-430839.53842110967,430846.37559195247,1864318899.1130793,293.17422085896925
395.0,203.72952128571427,0.39437826294576894,1491.2482486967376,-432865.3002733746,432867.8689878679,1881854382.6584485,293.17399419460264
399.99999999999994,203.72952128571427,0.3943280071749525,1005.1154214172891,-433893.00831203884,433894.17248804047,1890788489.4298015,293.1737860188104
0.0,208.69853399999997,0.41586338880600565,-0.0,-474809.3403257745,474809.3403257745,2264194988.2226915,293.15
5.0,208.69853399999997,0.41586338880600565,-0.0,-472700.70566158055,472700.70566158055,2244129001.816834,293.15
10.0,208.69853399999997,0.41586338880600565,-0.0,-468637.01339728426,468637.01339728426,2205710377.7965617,293.15
14.999999999999998,208.69853399999997,0.41586338880600565,-0.0,-462965.7489387034,462965.7489387034,2152647868.9876475,293.15
20.0,208.69853399999997,0.41586338880600565,-0.0,-456305.4217622892,456305.4217622892,2091154341.5183527,293.15
24.999999999999996,208.69853399999997,0.41586338880600565,-0.0,-449663.4648776989,449663.4648776989,2030702921.386067,293.15
29.999999999999996,208.69853399999997,0.41586338880600565,-0.0,-444623.6712326125,444623.6712326125,1985322577.330345,293.15
35.0,208.69853399999997,0.41586338880600565,-0.0,-443688.800855174,443688.800855174,1976315754.8631346,293.15
40.0,208.69853399999997,0.41586338880600565,-0.0,-450975.96574536624,450975.96574536624,2038438688.0812566,293.15
44.99999999999999,208.69853399999997,0.41586338880600565,-0.0,-473598.2081585441,473598.2081585441,2233398394.1802716,293.15
49.99999999999999,208.69853399999997,0.41586338880600565,-0.0,-523975.91483385407,523975.91483385407,2675334704.0046115,293.15
54.99999999999999,208.69853399999997,0.41586338880600565,-0.0,-622570.3413735646,622570.3413735646,3565699652.00687,293.15
59.99999999999999,208.69853399999997,0.41586338880600565,-0.0,-798945.1749801146,798945.1749801146,5209550489.374032,293.15
65.0,208.69853399999997,0.41586338880600565,-0.0,-1084598.7819356343,1084598.7819356343,7942622955.337572,293.15
70.0,208.69853399999997,0.41586338880600565,-0.0,-1484891.2025760591,1484891.2025760591,11862874201.508099,293.15
75.0,208.69853399999997,0.41586338880600565,-0.0,-1936862.7018300449,1936862.7018300449,16409170699.765532,293.15
80.0,208.69853399999997,0.41586338880600565,-0.0,-2302409.93393181,2302409.93393181,20239588179.6422,293.15
84.99999999999999,208.69853399999997,0.41586338880600565,-0.0,-2435183.0853663413,2435183.0853663413,21847447627.955887,293.15
89.99999999999999,208.69853399999997,0.41586338880600565,-0.0,-2280429.38702549,2280429.38702549,20577150366.83749,293.15
94.99999999999999,208.69853399999997,0.41586338880600565,-0.0,-1915538.001822473,1915538.001822473,17104212042.071234,293.15
99.99999999999999,208.69853399999997,0.41586338880600565,-0.0,-1490886.5651522297,1490886.5651522297,12900000925.83304,293.15
104.99999999999999,208.69853399999997,0.41586338880600565,-0.0,-1130519.583308368,1130519.583308368,9232781577.259272,293.15
109.99999999999999,208.69853399999997,0.41586338880600565,-0.0,-880975.5103922567,880975.5103922567,6622797267.755948,293.15
114.99999999999999,208.69853399999997,0.41586338880600565,-0.0,-731159.3610969614,731159.3610969614,5015050198.16732,293.15
119.99999999999999,208.69853399999997,0.41586338880600565,-0.0,-656580.7203952159,656580.7203952159,4191420867.7850385,293.15
125.0,208.69853399999997,0.41586338880600565,-0.0,-643632.4030433539,643632.4030433539,4001472953.386413,293.15
130.0,208.69853399999997,0.41586338880600565,-0.0,-691280.2740487359,691280.2740487359,4405966567.591239,293.15
135.0,208.69853399999997,0.41586338880600565,-0.0,-802490.1416868871,802490.1416868871,5416736861.927129,293.15
140.0,208.69853399999997,0.41586338880600565,-0.0,-971333.2765756015,971333.2765756015,6968382563.20694,293.15
145.0,208.69853399999997,0.41586338880600565,-0.0,-1167412.9334435975,1167412.9334435975,8763777237.64533,293.15
150.0,208.69853399999997,0.41586338880600565,-0.0,-1330026.196674882,1330026.196674882,10224483722.314045,293.15
155.0,208.69853399999997,0.41586338880600565,-0.0,-1391246.7665646733,1391246.7665646733,10715633366.095291,293.15
160.0,208.69853399999997,0.41586338880600565,-0.0,-1319167.9827231818,1319167.9827231818,9956503415.449585,293.15
165.0,208.69853399999997,0.41586338880600565,-0.0,-1141321.0075311356,1141321.0075311356,8232262697.286499,293.15
169.99999999999997,208.69853399999997,0.41586338880600565,-0.0,-923261.4941581035,923261.4941581035,6175370527.215816,293.15
175.0,208.69853399999997,0.41586338880600565,-0.0,-724311.060285105,724311.060285105,4343978058.732718,293.15
179.99999999999997,208.69853399999997,0.41586338880600565,-0.0,-571677.4895743448,571677.4895743448,2987525707.406575,293.15
185.0,208.69853399999997,0.41586338880600565,-0.0,-465218.4686527086,465218.4686527086,2093200349.4580228,293.15
189.99999999999997,208.69853399999997,0.41586338880600565,-0.0,-393370.1636902324,393370.1636902324,1534779592.0620337,293.15
195.0,208.69853399999997,0.41586338880600565,-0.0,-343715.54987158714,343715.54987158714,1182399866.351453,293.15
199.99999999999997,208.69853399999997,0.41586338880600565,-0.0,-306784.1110966155,306784.1110966155,944349562.284371,293.15
205.0,208.69853399999997,0.41586338880600565,-0.0,-276309.0575034394,276309.0575034394,765929198.7199788,293.15
209.99999999999997,208.69853399999997,0.41586338880600565,-0.0,-248737.1513273825,248737.1513273825,618037953.3866601,293.15
215.0,208.69853399999997,0.41586338880600565,-0.0,-223897.09186817025,223897.09186817025,490798600.42415744,293.15
219.99999999999997,208.69853399999997,0.41586338880600565,-0.0,-207744.0918017387,207744.0918017387,392581325.4593862,293.15
225.0,208.69853399999997,0.41586338880600565,-0.0,-215792.25691449997,215792.25691449997,345700874.6023586,293.15
229.99999999999997,208.69853399999997,0.41586338880600565,-0.0,-273125.5170663414,273125.5170663414,373581428.2573551,293.15
235.0,208.69853399999997,0.41586338880600565,-0.0,-409234.8170928495,409234.8170928495,493458922.37424505,293.15
239.99999999999997,208.69853399999997,0.41586338880600565,-0.0,-644028.8658240987,644028.8658240987,712075799.7266494,293.15
245.0,208.69853399999997,0.41586338880600565,-0.0,-961066.5435093216,961066.5435093216,1007224274.3547062,293.15
250.0,208.69853399999997,0.41586338880600565,-0.0,-1286521.8331600996,1286521.8331600996,1310710784.2741134,293.15
254.99999999999997,208.69853399999997,0.41586338880600565,-0.0,-1506519.3244078287,1506519.3244078287,1522224500.0476236,293.15
260.0,208.69853399999997,0.41586338880600565,-0.0,-1528831.5666292883,1528831.5666292883,1559590626.1059594,293.15
265.0,208.69853399999997,0.41586338880600565,-0.0,-1344880.7689804598,1344880.7689804598,1410619787.225588,293.15
270.0,208.69853399999997,0.41586338880600565,-0.0,-1035552.675083284,1035552.675083284,1140935502.5571916,293.15
274.99999999999994,208.69853399999997,0.41586338880600565,-0.0,-715511.4910214355,715511.4910214355,851115539.1287726,293.15
280.0,208.69853399999997,0.41586338880600565,-0.0,-467961.52222747426,467961.52222747426,622827262.7912946,293.15
285.0,208.69853399999997,0.41586338880600565,-0.0,-319358.2906489188,319358.2906489188,495215074.24849826,293.15
290.0,208.69853399999997,0.41586338880600565,-0.0,-255330.23877654353,255330.23877654353,474772637.11069214,293.15
294.99999999999994,208.69853399999997,0.41586338880600565,-0.0,-246728.64071090086,246728.64071090086,549276454.7983056,293.15
300.0,208.69853399999997,0.41586338880600565,-0.0,-265168.2007851195,265168.2007851195,686715478.612058,293.15
305.0,208.69853399999997,0.41586338880600565,-0.0,-290911.2977134689,290911.2977134689,844907278.6436887,293.15
310.0,208.69853399999997,0.41586338880600565,-0.0,-314714.87410713756,314714.87410713756,993688555.8971258,293.15
314.99999999999994,208.69853399999997,0.41586338880600565,-0.0,-334051.5878570491,334051.5878570491,1120556911.8893533,293.15
320.0,208.69853399999997,0.41586338880600565,-0.0,-349101.23369796365,349101.23369796365,1223966440.1860483,293.15
325.0,208.69853399999997,0.41586338880600565,-0.0,-360738.83047285595,360738.83047285595,1306953694.7828927,293.15
330.0,208.69853399999997,0.41586338880600565,-0.0,-369864.32922224165,369864.32922224165,1373915854.0721757,293.15
335.0,208.69853399999997,0.41586338880600565,-0.0,-377244.3416498701,377244.3416498701,1429291399.2808502,293.15
339.99999999999994,208.69853399999997,0.41586338880600565,-0.0,-383492.9705015447,383492.9705015447,1477032775.1895156,293.15
345.0,208.69853399999997,0.41586338880600565,-0.0,-389080.20295428287,389080.20295428287,1520385030.27534,293.15
350.0,208.69853399999997,0.41586338880600565,-0.0,-394342.61647763394,394342.61647763394,1561790384.8182106,293.15
355.0,208.69853399999997,0.41586338880600565,-0.0,-399492.78848133713,399492.78848133713,1602851195.1200707,293.15
359.99999999999994,208.69853399999997,0.41586338880600565,-0.0,-404628.78350667143,404628.78350667143,1644329559.704415,293.15
365.0,208.69853399999997,0.41586338880600565,-0.0,-409746.29366414296,409746.29366414296,1686185635.0883317,293.15
370.0,208.69853399999997,0.41586338880600565,-0.0,-414755.90053102624,414755.90053102624,1727668694.428794,293.15
375.0,208.69853399999997,0.41586338880600565,-0.0,-419506.73109028145,419506.73109028145,1767474612.8083928,293.15
379.99999999999994,208.69853399999997,0.41586338880600565,-0.0,-423815.5351934096,423815.5351934096,1803968962.7316358,293.15
385.0,208.69853399999997,0.41586338880600565,-0.0,-427497.4345142768,427497.4345142768,1835449089.584766,293.15
390.0,208.69853399999997,0.41586338880600565,-0.0,-430392.47524093615,430392.47524093615,1860392828.5740519,293.15
395.0,208.69853399999997,0.41586338880600565,-0.0,-432382.1874470899,432382.1874470899,1877633848.9610932,293.15
399.99999999999994,208.69853399999997,0.41586338880600565,-0.0,-433393.57083259826,433393.57083259826,1886428053.4823203,293.15
