% Model,Untitled.mph
% Version,COMSOL 6.4.0.293
% Date,"Jul 13 2026, 16:44"
% Dimension,2
% Nodes,809
% Expressions,6
% Description,"温度, 温度, 电流密度模, 体积损耗密度，电磁, 插值, 插值"
% Length unit,µm
% x,y,V (V),T (K),ec.normJ (A/m^2),ec.Qh (W/m^3),sigma_map(x;y) (S/m),k_map(x;y) (W/(m*K))
7.576708135433149,7.876504314349015,0.002885603007046263,293.21481015755205,6760519.157412445,1.8532076430866504E9,24662.934135318006,39.12156293763251
0,11.594362999999994,0.003912895374994913,293.2392557152124,3856226.095684305,8.998847587305602E8,16545.694438790517,32.562177324292335
0,0,0,293.15,3480700.5026585436,1.6122268999886165E9,7517.71117749,25.2668373151
11.764705882352851,0,0,293.15,7970530.428477131,3.5719072841485524E9,17787.706164005805,33.56582316279994
8.491698311397045,17.58807552711097,0.005206981368706252,293.2747990351208,7704679.063376021,1.627537247148508E9,36479.2739672613,48.67012037757065
0,23.18872599999999,0.0064520523768698615,293.3051322808959,4524264.273973801,9.337190068461798E8,21924.778858273654,36.90891220873898
17.672165169218754,10.283991116625396,0.003384761317184869,293.23085017582326,9902477.11416221,2.332397092585988E9,42084.93798753368,53.19994988889914
23.52941176470584,0,0,293.15,1.072257153144803E7,4.48708506298434E9,25623.218909141156,39.89755063372351
9.188586926142062,28.94248706816555,0.007612586462206818,293.33440837564746,8937213.720652891,1.9321123617427387E9,41341.14939103823,52.598908598801934
0,34.783088999999975,0.008957335696253739,293.3637034001023,5009331.516291619,1.123499879537636E9,22335.0877116,37.2404749185
18.18134927664001,23.104984279296836,0.0061945429890734385,293.30290497836194,1.1087494913416978E7,2.325253576429402E9,52883.64698164761,61.926179379116185
26.37561510013547,18.0277090309971,0.004927249575150909,293.27384423445125,1.1727801172936678E7,2.3789159823018446E9,57819.85241605644,65.9150322554371
29.91708694596767,9.442703115342978,0.002993645154197203,293.2241384659585,1.1688755856126258E7,2.686631686758275E9,50870.26841790293,60.2992068023166
35.29411764705874,0,0,293.15,1.209628146195419E7,4.860188986968819E9,30105.830379323506,43.51986293281175
9.504691541561177,40.42576763777785,0.01021372254339141,293.3908679760895,9744196.532093016,2.3041713110373616E9,41208.76178019877,52.49192871125934
0,46.37745199999998,0.011692415760066362,293.41856230866046,5371632.455578073,1.329780776305725E9,21699.34413320157,36.72674273386794
18.953782427254133,34.5642799648077,0.008719199714970918,293.36152704473733,1.218793850247757E7,2.8609755094109297E9,51922.30260724387,61.1493354401723
29.443139013111598,28.568952115394342,0.007047208358301042,293.32758324302677,1.2036802111762038E7,2.7234557623924727E9,53208.32479461457,62.18854528859937
35.967301946306065,18.768875741954986,0.004852428786776593,293.2751111172316,1.2000676195600426E7,2.2551070237550445E9,63863.77934260111,70.79901361017288
41.40485274589948,9.483185662862482,0.002897736417363125,293.2236887816876,1.2651123157993115E7,2.7344746724428782E9,58546.57487597009,66.50228272801338
47.05882352941172,0,0,293.15,1.2977360486559326E7,5.151369453283877E9,32692.69320275882,45.610257133558825
9.511478968629538,52.04791259092923,0.013095608167495219,293.4441192785079,9948833.697264438,2.5776804181479573E9,38400.29125422467,50.22245757922022
0,57.97181499999998,0.014634981777536771,293.46832115746355,5650626.000765104,1.4504436904731436E9,22014.509194503727,36.98142157133635
9.532796946634432,63.67847958131762,0.01607024650050434,293.490578512386,9876241.669714045,2.450571214786186E9,39804.44923022454,51.35713069102814
0,69.56617799999997,0.017446768314860923,293.50917030052983,5520813.424618709,1.2486505222686994E9,24410.38546899999,38.917483207299995
18.960697442290453,46.19922497467949,0.01158076393281312,293.41860530966255,1.2180279047575632E7,3.1277424119446793E9,47435.86623709532,57.523932312812235
28.347189247081282,40.29702462448424,0.010013722250656007,293.39040007067774,1.1998095235360576E7,3.291483881457331E9,43742.120948461925,54.53908763511239
36.824053479895255,36.92761314043732,0.00897081037643231,293.37199267759416,1.102477971246393E7,3.2325116843781395E9,37612.59888908127,49.58593849625572
41.71152448790222,28.777689972927554,0.006768288234902162,293.32547536958265,1.1210687820471084E7,2.5066831177136197E9,50152.81744695077,59.71944844199572
47.29595744134465,19.152029817904793,0.004807828280691223,293.27629456518736,1.2405646291010464E7,2.217542056080384E9,69401.70858861355,75.27410795040669
52.95174847652919,9.595181025045258,0.002928234019798134,293.2252570337723,1.302625890155638E7,2.778410898904896E9,61094.440512860405,68.56116405080773
58.82352941176471,0,0,293.15,1.2620327068404028E7,5.1371524012596035E9,31004.368113217646,44.24595403085294
9.551756689634239,75.28968424848873,0.018700296630592212,293.52632658250485,9744065.588141883,1.994260673304767E9,47611.70908451435,57.66602754305429
0,81.16054099999997,0.01984569071797961,293.5395433823766,5287467.37723114,9.974683591671606E8,28028.821231990663,41.841471702625796
9.58044265131518,86.9263938998776,0.02091471997064999,293.55216787649493,9536340.10923249,1.6924078323665743E9,53736.4573550871,62.61531907479809
0,92.75490399999997,0.02195505091021534,293.5615383496626,5320811.657378372,9.41080999123013E8,30083.796999635666,43.50205818150189
19.030057584147954,57.79873538129495,0.014598779621852324,293.46981204621466,1.1546230257183434E7,3.0175599071450896E9,44179.977819329004,54.89291136920031
19.102339530384725,69.44328114876393,0.017449965928013216,293.5114790431731,1.1202660912072496E7,2.5451510048061376E9,49310.89673964225,59.03910847648928
28.41698488506862,52.06162964878294,0.013238581664335251,293.4486895320526,1.1383330595008587E7,3.067461850622832E9,42246.07097634176,53.33015836470785
37.483625342749555,46.61101460657237,0.011942677783293972,293.4269682893218,1.0872772842068752E7,3.3633396785249157E9,35157.55850830614,47.60206748150649
47.19953908591626,39.71550661641944,0.009798613694554278,293.3905349626198,1.0967328345949406E7,3.768115855763996E9,31935.24709359646,44.99817946960582
53.060898763938425,29.01148501635433,0.00681590737109873,293.3283498919743,1.2192960345506756E7,2.768038387655865E9,53726.01167663717,62.60687812257546
58.89406513943031,19.2410804767845,0.0049101504021294776,293.27940620974704,1.2892762794006363E7,2.361910607049846E9,70377.56826557504,76.06268142671773
64.7198345132195,9.61323657187378,0.0030270023412189823,293.227504576849,1.2319974708263705E7,2.695076729265592E9,56342.527639621,64.72123445627595
70.58823529411755,0,0,293.15,1.1575927272061115E7,4.926597325957498E9,27200.170431576484,41.17185489415884
9.59112855579359,98.53255886836824,0.022992233722780964,293.57105458447063,9214507.66058836,1.67106456883204E9,50811.515351826616,60.25172957727485
0,104.34926699999995,0.024060766998759864,293.5773481983401,5482360.310727027,1.0214333452391338E9,29427.176818500007,42.971456015
9.597281034243005,110.12208240031504,0.025206284924071457,293.5842219136955,8695311.677294524,1.7341697507301896E9,43603.01142740139,54.42667590089979
0,115.94362999999996,0.026268367461042264,293.58679609298764,5079386.304601255,9.700283291148505E8,26602.458933940954,40.6888557042203
19.16050752318653,81.0956875862592,0.019871768234879045,293.5423012291326,1.1041237093069628E7,2.090208366441467E9,58325.66705856647,66.32377136045129
19.18502990264818,92.71512265789336,0.022006856160702946,293.5648430336217,1.014315963140017E7,1.8090890573495035E9,56873.65173685405,65.15042564593658
28.619306771942526,63.67841200704026,0.016142534950512866,293.4949838144651,1.03757250692623E7,2.4189670784769726E9,44509.14397462761,55.158904221891056
28.749617974563733,75.28366161899733,0.018739184051529637,293.5310241923815,9561103.72142767,2.0465632361612508E9,44668.875498053145,55.28798020041224
38.05145092604194,57.96218496829638,0.015021352876942435,293.478953557411,1.0665838026476564E7,2.517072329732015E9,45201.42965027522,55.718326990113844
47.44325978828024,52.20108751358764,0.0138097445131379,293.46021360670903,1.1307983129845805E7,3.1699416520020747E9,40365.70706038492,51.81067237201628
55.613987845706184,47.03586665840967,0.012290819904466203,293.43677804619824,1.250582652908891E7,4.1329776541879525E9,37847.281907640965,49.77558133950342
59.07881204321188,38.38984030512898,0.009451096630225047,293.38590051240436,1.3361167166751394E7,4.247459270521643E9,42039.18317242403,53.162976300931405
64.74057361372363,28.806261666775363,0.006937743077944931,293.3314431665988,1.34259618484962E7,3.03131203501152E9,59468.348237603415,67.24715009097066
70.599371602204,19.204320471388563,0.005042311969941934,293.28255378666523,1.2587044076650085E7,2.327795934850336E9,68062.86910196998,74.19221745614222
76.4690769335569,9.602351007157433,0.0031191398958896883,293.229404264654,1.190539983913187E7,2.640384731420422E9,53703.48583021812,62.588675418410524
82.35294117647055,0,0,293.15,1.1833752885296663E7,5.179810784418431E9,27035.309486570583,41.038633928558816
9.606781054657214,121.69609447298387,0.027516865120745974,293.590344021878,7658346.797636145,1.5167113367911043E9,38674.865080676864,50.44433541872624
0,127.53799299999993,0.028414848206703276,293.58849397711117,3828698.190951207,6.748091938884506E8,21725.360681925842,36.747766207559266
9.623907666905055,133.25197314417744,0.029647655283947253,293.5880559450695,5907555.817432822,1.0431295247819835E9,33459.860808187565,46.23019055209182
0,139.1323559999999,0.03035116318006768,293.5812143984532,2315783.2160259564,3.6117924863685846E8,14849.190598400053,31.191265130000044
19.19260110076311,104.30589699249913,0.02418994861880472,293.58166833542924,8869094.983803133,1.7830281906689703E9,44119.16116724486,54.8437665997832
19.202300797243314,115.87025064400568,0.026669493821379255,293.5925424344236,8069629.033947588,1.8513053255429199E9,35177.46289058019,47.61815183077891
28.799172593002737,86.90933877084669,0.021151132954701352,293.559112691105,8516819.115352795,1.70947585354363E9,42436.765199937014,53.484254707016795
28.80095994001306,98.49929888229472,0.02344408627991815,293.58035010427596,7114718.3905603895,1.4976306418585665E9,33805.49976819625,46.50949476219868
38.39100772820157,69.55175664528092,0.017637765582973062,293.51917001607825,9628841.72322078,2.1307528530925353E9,43516.8210030171,54.357027073126154
38.46462385217579,81.14148007891886,0.020355951225186967,293.5535333587768,8086109.975286637,2.0802298994505348E9,31451.617863264863,44.60736797029989
48.18247666519485,63.78636015611869,0.01672991362076043,293.50750816106296,1.1523945269242195E7,2.6989619673261085E9,49207.10948492962,58.9552399878072
58.69655767780143,57.52110431305742,0.01549277600513481,293.4902182618534,1.2758375408443961E7,3.573278117751835E9,45559.4450220554,56.00763234102232
65.2382793331707,47.58464289109347,0.012500873673027586,293.4428674202342,1.3939732420689126E7,4.665916194746116E9,41647.751357191846,52.84666776344381
70.61590952607575,38.28408943468318,0.00951042747363509,293.38855665620326,1.405425698696854E7,4.331727211522249E9,45604.81981836912,56.044298843152426
76.46194511949729,28.756361857584576,0.007012462727435507,293.33377965189896,1.2828343110120913E7,2.839626269179319E9,57956.3417392755,66.02532665802106
82.33320509144816,19.19120184764068,0.005110558202924025,293.28429858415575,1.234215371764712E7,2.2463884836651134E9,67811.39683909314,73.98900754677318
88.22326888419568,9.60107500481904,0.0031716154707138312,293.230614129031,1.2466474926849538E7,2.7982779530321374E9,55560.358128226704,64.08917828543271
94.1176470588235,0,0,293.15,1.261977328900662E7,5.59735775887073E9,28452.490840917646,42.18383098255295
9.644652898550957,144.7860554250046,0.0315054409459341,293.57621535156926,3780226.050565546,6.012167032475377E8,23780.93363395913,38.408835259708475
0,150.72671899999995,0.032219411666546786,293.56227324864636,1301029.056163368,2.1756038784738722E8,7798.282036387693,25.493561241548974
9.643593073806782,156.27744986857172,0.03355466326503256,293.5507922386699,2207863.633337241,4.6552491204060525E8,10507.311960437017,27.68267633163768
0,162.32108199999993,0.035222333725759024,293.5258623388457,1074859.9233476513,4.0799612442215127E8,2839.3493090500574,21.486342875988598
19.22731576279479,127.40459390312681,0.02916571362197212,293.59531429798204,7456173.348158109,1.615740585971916E9,34413.84660273316,47.00108816380669
19.276183098893785,138.9070892088359,0.03126571866451886,293.589243692287,6157902.124330939,1.1448306063007019E9,33130.415343556735,45.96397199482069
28.796392028774786,110.0596291693251,0.025939956420057458,293.5957320714042,5692710.214762014,1.451981564293742E9,22327.74934271936,37.23454492342096
28.808355968582593,121.58428976763237,0.028851057002924754,293.6038987753058,5505134.946775398,1.612731361920799E9,18798.834888966943,34.382896879992025
38.44209313684923,92.71079963221754,0.023187630694515553,293.5815029811883,7339969.908175244,1.9973422052450094E9,26983.850210770004,40.997050675361805
38.40910059936105,104.26779385613484,0.02584879563977187,293.6013708512198,6302916.392480147,1.772192000631379E9,22418.958517298193,37.308249306913865
48.278570179290575,75.45844104231396,0.0196198359270088,293.5472190316912,1.1065972711530702E7,3.1279400572348595E9,39166.759011633774,50.841825463969066
48.12762550701697,86.93446178576227,0.022865396158598603,293.5813460553272,1.0253048798110655E7,3.167567119317407E9,33200.12772723135,46.02030523413354
58.26558968181007,70.00303501301386,0.01890173937312045,293.5394616458415,1.3440782124306986E7,3.867484407916862E9,46717.85055575575,56.94371762083015
66.91848246380103,65.21557388802394,0.01802682643079869,293.5287900049003,1.355015898330896E7,4.135610315452011E9,44396.61408704365,55.06797097944332
70.43755781112594,56.74902342969869,0.015554110862952539,293.4933292690659,1.3115410873227688E7,4.1681214906067986E9,41269.31538544327,52.54086091747673
76.51273650582019,47.585275415136344,0.012682212359107109,293.4474654113797,1.2863405080187635E7,4.514706923329665E9,36651.947833915736,48.80965481528341
82.32932770251217,38.23233497602337,0.00960279200387784,293.3915346415001,1.219183345512192E7,3.995655147720754E9,37225.6286675098,49.27323528684793
88.1927957989356,28.751750067317264,0.007087882782741565,293.3359155375615,1.174086128586959E7,2.6378303658515334E9,52265.53381745689,61.426693993897175
94.08459050204193,19.195259352202893,0.005231200270060334,293.28673665788165,1.239879213974565E7,2.3286386418357215E9,66017.32154401286,72.53924973259213
99.98342068466799,9.606354011032161,0.003276423137493502,293.2325187497608,1.2694937340431618E7,2.9947151991634974E9,53835.68721366404,62.69550481914535
105.88235294117639,0,0,293.15,1.2437566140577303E7,5.748713066434466E9,26909.42807138825,40.93691157282355
9.595614730572185,167.70201730649686,0.037957070111778124,293.5052744976106,1801018.3302236192,1.1404920600073211E9,2853.8938711514224,21.498096057475518
0,173.91544499999992,0.044005650889124275,293.46798510376595,1422962.660859071,1.6920149795586138E9,1197.471618160006,20.159573024800004
9.566415687188222,178.92973362224757,0.050205997423942515,293.4387450405639,1729191.9075632768,2.61802589070828E9,1142.1921834837888,20.11490277450969
0,185.50980799999994,0.06087898148618884,293.38655778708716,1667279.4680716463,2.750779353270375E9,1010.8120888741099,20.00873704150063
19.33217064392475,150.39304979898262,0.03311732360005893,293.57283302645686,3933378.968671469,7.384668260814246E8,20967.17878373701,36.135093966634315
19.321113234947727,161.6742846819428,0.0356985563207717,293.5402414485787,2312112.579378674,7.400385449870601E8,7236.309236288456,25.039441807116848
28.85850160479031,133.06312280862986,0.031502436905557825,293.603152105477,5973492.466184187,1.6248980245328095E9,21973.09334159479,36.94795421545387
28.98135814176676,144.49443775333214,0.033559806508020755,293.5934566358937,5294508.3115159795,1.388548633029246E9,20207.087904014348,35.5208791143223
38.38635031549828,115.78843340192853,0.02885557554839296,293.6143022886106,5074064.8682186,1.828658427774927E9,14090.492474576551,30.578175737042546
38.39462163874998,127.27135882872889,0.03239637799897705,293.61904461078615,5376580.818410158,2.1498991626978245E9,13448.476180739528,30.059374691495908
48.05635714551253,98.50464462517681,0.02585009387713826,293.6059295224872,9680307.710137423,2.535889772782217E9,36970.92060539656,49.06741059023965
47.98603673140382,110.02182696016135,0.028703752475128238,293.6223549979449,8762433.52175284,2.680114727481449E9,28658.386208636064,42.35021107772817
58.344067466276265,81.3158913147876,0.022212097827158137,293.577718972858,1.389474071937832E7,4.367617112910541E9,44208.21290462737,54.915727599708475
57.75688966386348,92.79407202874889,0.02540327492792757,293.60636376037513,1.324457547315034E7,3.600121138100641E9,48739.412789277856,58.577303264025765
69.46039137498545,75.65275035334344,0.021376936694106455,293.57066896428574,1.4539265853002923E7,4.635434465936385E9,45604.04579883046,56.04367337285124
76.73892828476076,66.02149162714358,0.018721180863513653,293.53926104591886,1.2780717905480372E7,4.129737537505165E9,39555.27125267265,51.15577474965838
82.29792626159264,56.9524226546846,0.01601871884696868,293.5012359157201,1.1770607115121173E7,3.777141983328469E9,36683.15891110802,48.83487588775108
88.16639558311097,47.6734359728615,0.013120289377274727,293.454510859105,1.1614942965042084E7,4.232860315982123E9,31886.577299603377,44.95885034311174
94.04563627155942,38.26478417107893,0.0099062738475249,293.39694634152073,1.1793654293661574E7,4.119197220137713E9,33795.79829590745,46.50165518859142
99.9404020524879,28.767299311338917,0.0073886446575388495,293.3412044785805,1.2366010104034683E7,2.939823643481275E9,52030.757492637735,61.23697575159931
105.84394303294458,19.20779787069125,0.005516048361110615,293.29172669859094,1.2887078291767022E7,2.6117510092260203E9,63590.31433607703,70.578031786708
111.74738088059347,9.613788750260333,0.0034752239957902592,293.2356817583763,1.2588922309808873E7,3.169850795561205E9,50018.05715794181,59.61055123873734
117.64705882352933,0,0,293.15,1.2321509856008409E7,6.088897637674483E9,24934.571367017652,39.34106777132354
10.61848590304013,190.8558019862211,0.06950244914619734,293.34296404149467,1711136.1434375842,2.9127343525919137E9,1005.3410090648383,20.00431596690324
0,197.10417099999995,0.08022208658363336,293.27997532587494,1699115.784502567,2.8863201340456433E9,1000.238912273302,20.000193060399972
8.073621510822578,201.12750727519244,0.08701616829893574,293.2380570144083,1710844.4207247049,2.9266639412283897E9,1000.1121978375279,20.00009066492383
0,208.69853399999997,0.1,293.15,1710414.3298844337,2.9255183850898495E9,1000.0011461199999,20.000000926199995
19.16160405109933,172.83591944671468,0.04251904854068908,293.485789579702,1889429.6305169195,1.9148413943696125E9,1869.3886247349371,20.702536262401352
18.25832014051077,182.35932253879483,0.05526870206453044,293.4203866692542,1749367.6612316072,2.81224149729709E9,1088.2571138611272,20.071318879909068
29.27665140730457,155.89818671563378,0.03575612508091152,293.5715740624309,3173368.1464007,1.0278521316404454E9,9822.067993181847,27.128943832901758
29.002720938308983,166.94268363301546,0.03972745080716549,293.53027887641537,1911179.534566175,1.2100845482754042E9,3027.148701140228,21.638099960528653
38.47020328149826,138.68299402674114,0.03508011057527683,293.6148010215414,6279365.607711875,2.342294021138187E9,16835.700835672968,32.796525927825876
38.678079052447735,150.00425194723726,0.037323046709352624,293.6013278786134,4928430.556176524,1.9941583681760352E9,12183.01325317745,29.036778386436083
47.939427362914216,121.4893693351313,0.03257497858510453,293.6323548558264,8135508.878125572,3.448875787138022E9,19191.491109933748,34.70019483629165
47.93132752109,132.87682491741074,0.03622211176743006,293.6324584970998,8051068.423876956,2.562153855676335E9,25309.94675924598,39.64440142162875
57.61639723458062,104.29891348803585,0.02828534656011455,293.6259946374248,1.2673198823563332E7,3.4455605130909495E9,46616.75918791347,56.86202762661858
57.51180451132264,115.77655312895617,0.031803605799991,293.63987338792026,1.2143023028439948E7,4.9277542962495985E9,29967.75316875221,43.40828538887553
67.6108582411264,87.51988223791325,0.02480403342594582,293.6042262956716,1.4933721016260887E7,4.443070932461778E9,50200.166167370444,59.75771003424095
67.3153027147727,98.58130961689946,0.027816096863618998,293.62693727130903,1.449511872977739E7,4.1389390802657676E9,50766.71606600994,60.21552813414428
76.63628042614273,83.78988627990827,0.024440498657361354,293.6026168841444,1.4925346000099082E7,4.833967639130636E9,46084.09877121187,56.43159496661683
81.66881038378932,75.73637580474325,0.022122595927650715,293.58049716058855,1.379836073204442E7,4.732980797500068E9,40231.17217982701,51.70195731703607
87.98584946647617,66.47311385939567,0.019149443730336058,293.54667047770494,1.2774334003451603E7,4.098176398368166E9,39827.209076667474,51.37552248621029
93.94481838230934,57.15691320730963,0.01632657000252449,293.50696410760014,1.2787748414821073E7,3.772181735302643E9,43352.43115106228,54.2241867887356
99.86946828665674,47.77618083866222,0.013366016236498727,293.4591230014992,1.3310937349520452E7,4.549030826024083E9,38968.185430081445,50.68136196366689
105.78270260787336,38.31467294233186,0.010204925756653572,293.4016322370228,1.3713148634073595E7,4.361599581038275E9,43128.65747594857,54.04335957648244
111.69593105825082,28.79291241785725,0.0077691507039468225,293.34724339356353,1.372176688089353E7,3.2053081472658615E9,58748.3999577445,66.6653737032275
117.60736046188775,19.222258975596024,0.005833371020733175,293.2967419972951,1.3329675801751634E7,2.789057171513061E9,63708.99295918544,70.67393370437638
123.51295148148206,9.620297755746153,0.0036824843390238205,293.23843441886726,1.2543070457794035E7,3.286360997313644E9,47897.44085636225,57.89692190410491
129.41176470588226,0,0,293.15,1.1583546318515211E7,6.101385933900659E9,21992.119168158857,36.963328620700025
23.049855508376105,190.29255865758861,0.06806361631872672,293.3579304466079,1682678.802793295,2.8029867574654574E9,1010.4232385725663,20.00842281902968
17.98491576871981,200.28049538974136,0.08531655628432898,293.2506238943536,1733500.1640407143,3.0036373217849827E9,1000.4930114167131,20.00039839302818
11.764705882352942,208.69853399999997,0.10000000000000002,293.15,1725719.1284261781,2.978062062891619E9,1000.0149255664704,20.0000120610647
29.308703564208784,179.59285590222555,0.051974992222561744,293.4559869989194,1549009.2984517824,2.0794176931499503E9,1154.3401188124806,20.124719287938223
37.44503199665593,171.96759341247116,0.04581496341488028,293.52200505723,1641353.0182266128,1.3204735235384343E9,2040.8524548540754,20.841092892784417
40.347135627527344,161.86905838829665,0.041266882666084644,293.57411933142333,2759305.3723677695,1.4915251132646182E9,5110.761417992903,23.321827408479844
48.05177742262096,143.9914753366255,0.038707794327756284,293.6252512487726,7946403.29662878,2.3192318553553085E9,27233.744296504155,41.19898529010964
47.46524392916287,153.43893740004506,0.04073279198181254,293.61120138940703,6040135.697386077,2.107168236670559E9,17319.083393714915,33.187138095897694
57.43157166885039,127.1853629452345,0.03608985332048034,293.6443342590582,1.1619054597418949E7,4.1770403756220174E9,32369.4488123601,45.349049545343604
57.313316014879184,138.46225873409458,0.039055219948418034,293.63989292007074,1.1813121276233746E7,3.0042545914882317E9,46462.64555819231,56.73749136011491
67.13650279938328,110.03596100809183,0.03111514755171198,293.643496045665,1.3756391662178589E7,5.001389141041652E9,37873.81154982866,49.797019434182566
67.01964051215508,121.50581812450592,0.035313913254338365,293.65204787357766,1.2890522538845913E7,5.186842409230472E9,32058.420517860966,45.09771354976058
77.42706206845176,93.15233573256265,0.02741693939617926,293.6264887246393,1.5481740867035044E7,5.05354813239932E9,47432.04713947372,57.5208461732933
76.85085639041466,104.2039708948074,0.030730711442650886,293.6451857498594,1.5623177491154516E7,5.517970085438243E9,44241.9114801796,54.94295877189129
87.50329294252076,86.4850560005143,0.026278952658856658,293.619040925623,1.5367187514984248E7,5.805851988156352E9,40681.35422937595,52.065740791414335
93.5970661918135,76.20305161320466,0.02265013833261968,293.58805894266123,1.4271156722279487E7,5.679804888812965E9,35863.728685055365,48.17271004854485
99.67984983531476,66.71124807566501,0.01922679552785141,293.5499930293857,1.4191865406615665E7,4.546470475783555E9,44306.800107690826,54.99539402642625
105.667848717185,57.30056758260585,0.01629163424229693,293.5083722986967,1.4337743714981804E7,4.2428198455526137E9,48459.79867120111,58.351352461571786
111.61007716350606,47.86028574262419,0.013235261228255133,293.45860624838684,1.4438133773914149E7,4.625318112063212E9,45074.48283075242,55.61574370164191
117.53612184984507,38.36498143764562,0.010321072259548177,293.40331191104514,1.4276454955056185E7,3.948500058438118E9,51622.90216682846,60.90739569039482
123.45812297364004,28.8197378242375,0.008034924415895752,293.35098781996925,1.3740731954990348E7,3.061478459466025E9,61674.007310666384,69.02950085711785
129.37331623322072,19.235436603610317,0.006073126763880717,293.29967623001806,1.2702238632931978E7,2.6657918651532555E9,60526.90564578167,68.10255001680444
135.27890510502144,9.625458684702833,0.003851450496378712,293.23931484040764,1.0852136604653811E7,2.899040274499164E9,40647.1310872016,52.03808572707846
141.17647058823513,0,0,293.15,8736212.004257536,4.81839139876983E9,15839.660871158927,31.991645148423615
35.042696238664185,189.68107978685498,0.06552635616471596,293.384615136887,1658590.3522561777,2.477438464361796E9,1110.6684990289489,20.089429090168295
29.114469208492828,199.3794803865268,0.08281358507819779,293.2696984134991,1808359.894606881,3.23470690654736E9,1011.2541708318705,20.009094279478706
23.529411764705884,208.69853399999997,0.10000000000000002,293.15,1799145.851952905,3.2345496046356926E9,1000.7454711517645,20.000602400917643
41.362831091030564,180.41429030906772,0.0534785385921425,293.4804601604456,1781003.5289520638,1.615584788646972E9,1964.2752688064757,20.779212338447447
47.208282593816676,171.03084444247256,0.04740551379967888,293.5546209021467,3153057.941629486,1.7061829993891532E9,5833.303709871982,23.905699967531152
52.7009763543718,161.25905899379953,0.0441600050785786,293.60324887520034,6747704.3030688735,2.5420093429514155E9,17923.158465653312,33.67527956816173
58.45396586486042,150.45726912794942,0.04192024596289234,293.63054577364454,1.1796241056542514E7,3.249176707768414E9,42846.747408308125,53.815553461280885
66.88370290504024,132.88261221037314,0.03882296435650869,293.65004245625596,1.3249190623531574E7,3.534302603065416E9,49671.13462303316,59.33020979641194
65.95196709563163,142.1925090339108,0.04089665738959445,293.6440234364567,1.4659845666969866E7,3.5643570054487586E9,60297.33145933987,67.91703552271002
76.66856860948553,115.83000171218379,0.03451528863864042,293.6563459061961,1.4554346493527686E7,5.312192328245652E9,39893.365355057664,51.42898210510077
76.48569257884834,127.32441774219595,0.03811011374190074,293.65735767193377,1.4003185038741231E7,4.036432089173657E9,48594.02187081043,58.45981565317004
86.64962315967475,98.72028620927186,0.030405068523067524,293.6448939265642,1.6992228474110506E7,6.047991435483453E9,47744.38099371395,57.77323716659932
86.22335217388748,109.41115146080126,0.033660651552460015,293.657066548464,1.7505359125898328E7,5.515162712482648E9,55569.667290344754,64.09670084066772
95.27838266065984,94.01674502343596,0.029847547261662145,293.6419076252523,1.636057744420148E7,6.061541318142195E9,44167.332004245996,54.882692528670574
99.3133180489745,85.56660959181052,0.026909202198473623,293.62355556527496,1.4698222088700486E7,6.650387007943855E9,32494.559038606207,45.45014871810783
105.42540950290196,76.22826216643935,0.022953363751731407,293.59187800703313,1.3845858146051347E7,6.411567668575531E9,29924.30404636748,43.3731749869248
111.46351922079158,66.83108561761308,0.01933351670869297,293.55210744332254,1.3481529352710664E7,4.786883456977233E9,37974.6074602426,49.878470674931044
117.43668029846351,57.40203358151711,0.016163230945347305,293.50768977918545,1.3086710774521207E7,4.230109432907039E9,40492.45250248871,51.913092931278925
123.37730600136827,47.93157752946116,0.013088051938296602,293.45696966328904,1.2977860801767364E7,3.938363789827103E9,42767.48899426701,53.75150625796643
129.30423158951447,38.40921514295672,0.010442247257404795,293.4046855218689,1.2888128553440211E7,3.3236804129899464E9,49976.66861339667,59.57710595022929
135.22723960491734,28.843851779263478,0.00825120632258189,293.35351681070057,1.1894810649759986E7,2.6373155252999506E9,53648.35419649096,62.54412460316235
141.14182034062907,19.247307670491836,0.006258776061265248,293.30065900796086,9668580.851378607,2.050995914706234E9,45580.23223214695,56.024430086622196
147.04512131962738,9.630057699723944,0.003968036175223865,293.2373393059767,6971010.981350149,1.8985081180761597E9,25611.043358567695,39.887711804885065
152.94117647058812,0,0,293.15,4596831.0939649455,2.5791734033143845E9,8193.073245382428,25.812584440753
46.88413712530312,189.6836028314132,0.06211854742415434,293.4245323441448,3067844.2371479706,3.646088744670071E9,2582.6870978353404,21.278939068944677
41.02034092110266,199.12557628622676,0.07908556487228535,293.2945885787695,2429620.3156391187,4.772721964758784E9,1237.6432476841094,20.192034947605816
35.294117647058826,208.69853399999997,0.10000000000000002,293.15,2134292.26782073,4.46754754411505E9,1019.9859026135294,20.01615022432353
52.84494638913595,180.18272626189722,0.0530623540547796,293.52494281912806,4966147.36687009,3.062938529289142E9,8053.7692246195575,25.700015535043978
58.654270423220595,170.46817485791422,0.04834956981124644,293.5879349433867,8997404.341068676,3.6633122237409816E9,22105.647023762485,37.05506830205013
64.38215075395968,160.38593323347627,0.04531868681082945,293.621764861857,1.3944791106531357E7,4.316278169067685E9,45060.910721592554,55.60477634063847
70.64230155221469,150.57249256140832,0.04326057119383853,293.6395136218103,1.665838540321893E7,4.1952967085017567E9,66153.78118274327,72.64952014766367
76.54924063795914,139.8203025360617,0.04122295316970279,293.65113144482893,1.5831668419096457E7,3.684153069280425E9,68039.64450516959,74.17345010521497
84.82103483336654,132.441288648164,0.03985274290787425,293.6583057888901,1.701960464921083E7,4.2744152114810953E9,67768.95794990851,73.95471349487013
87.55434529038273,121.97951079270982,0.037262019628222794,293.6617898098336,1.757874726373086E7,4.704168846683416E9,65692.98796574077,72.27716199253562
95.16465183463697,114.32309340101267,0.035733472454945375,293.6620067097183,1.9504523249714077E7,4.966125610255354E9,76605.04253796971,81.09498386906944
97.44921121217207,104.13980264993059,0.033226185588248074,293.65643065978384,1.809167329315677E7,5.183857107398501E9,63143.69819358865,70.21712985338439
105.30388503261278,95.0151977467577,0.03101833004627588,293.6468484332668,1.4931043104445212E7,5.007866119498743E9,44526.78474298685,55.173159388282905
111.19153411931525,85.66496707888047,0.02776409104177577,293.6274366776989,1.3167677938512996E7,5.998013724279494E9,28954.763520774664,42.58970789556697
117.24772604204841,76.31314372669685,0.023715190896983276,293.59602060740536,1.3053366807964003E7,6.648474051674783E9,25632.51061816912,39.90505908533539
123.26614715739089,66.92538371416019,0.019761489813303553,293.5550045266173,1.1594548394381443E7,5.041699360884064E9,26688.937417877965,40.75873730736597
129.2265410884583,57.480918306435775,0.016265324991486307,293.5083130621108,1.0250341850276878E7,3.6819543122808995E9,28540.873944698742,42.25525167249997
135.1614192752235,47.98790480206211,0.013327400043016344,293.459416755934,1.0357826597186502E7,3.2345879259069843E9,33168.29502024683,45.99458183453091
141.0844958626723,38.444459143652224,0.010813745513123705,293.40933883774954,9721241.374358607,2.7075509089172807E9,34904.7497644017,47.397777587423256
147.00271136494598,28.863850464587703,0.008557974794650211,293.3570847959893,7471713.1117073195,1.795265397425437E9,31100.975461970087,44.32402057534983
152.91253056601127,19.25794394964875,0.006476711811879311,293.300869618108,4892089.956296264,1.1006543834024763E9,21745.705084044104,36.764206128530454
158.81223111194677,9.634609884947956,0.00409602884275207,293.2335306010213,2814541.1858315566,8.184990894764625E8,9681.577094154027,27.015415833649453
164.70588235294102,0,0,293.15,1544189.0310511824,8.685668010079385E8,2745.790864845936,21.410740092847096
58.61373034551255,189.56454621686177,0.05995709354948319,293.4803105336047,8410363.605317662,7.648748230721732E9,9249.317909776853,26.66611548264953
52.755566301820686,199.11527540410785,0.0743952295074964,293.33664838932947,5442418.14574059,1.0400546075759172E10,2852.6071775716337,21.497056305119653
47.05882352941177,208.69853399999997,0.10000000000000002,293.15,3731293.9665064644,1.1146870888556892E10,1251.4149173176484,20.20316356954706
64.4594636383136,179.89411726657528,0.052861243640426235,293.5651941044188,1.2856460196469152E7,6.499803605443452E9,25434.1294335651,39.74475105741643
70.32980280972592,170.05636894926468,0.04879008239227129,293.60827341181135,1.7128257549317706E7,5.866800034748584E9,50010.06050071191,59.604089293493395
76.31457594807807,160.2902839922027,0.04608301420462458,293.6305684608528,1.9082988379263032E7,5.073659039774301E9,71779.08537721058,77.19522050685623
82.19901219446157,150.41124133227248,0.04393842008928683,293.6441481714791,1.8948487829083428E7,4.395714238159848E9,81686.57470372612,85.20127248790017
88.47207174721802,141.03596418286924,0.042029474962412224,293.6536141945103,1.8698633989014104E7,4.369380821397644E9,80023.19941657619,83.85713084164534
94.44647622347635,131.83717589392003,0.03999312404938798,293.6602213161209,1.9319603421963852E7,4.725776829108931E9,78985.24498402717,83.01837978509248
99.08675445345871,122.7041228030305,0.03795005354871458,293.66316135421727,1.991027040334162E7,4.744190607727134E9,83560.27918922792,86.71537712258758
105.01024707497798,113.6273574915711,0.03607849999546364,293.6625802093095,1.908800095193175E7,4.5439827640595255E9,80185.67583129373,83.98842491417469
110.10142746189061,104.39698584377116,0.03397759481308877,293.6579458181364,1.6263705266686842E7,4.312731667093797E9,61333.7580137367,68.75455193026913
116.81937846554102,95.07646243658047,0.03139504820971747,293.6470232536763,1.3626862642970055E7,4.2243105376323705E9,43963.77856131126,54.71820489803741
123.00750005095391,85.74054146069528,0.02826523622411695,293.6276858019315,1.271971698765424E7,4.793606231966291E9,33774.30989963003,46.48429082798963
129.07073279605788,76.38833346237395,0.024568207622042117,293.59775864755255,1.0590396419261804E7,5.061331786680701E9,22189.631144913295,37.12293425849824
135.06666729767807,66.99154572615667,0.02052617093677257,293.55765686796434,7709535.977948683,3.6569361577945952E9,16262.567238208516,32.33338766720996
141.0207884129898,57.53842135351194,0.017291676917467174,293.5152257929573,7960902.24404567,3.5218127054137807E9,18036.812558224625,33.76712125917327
146.95102609750074,48.02926869580722,0.014588206416446354,293.4709149040196,8122494.670916052,3.621311381948826E9,18280.974985225588,33.96442423050893
152.86902563164534,38.471714608645904,0.011847916868471031,293.4204408396053,5767302.032176972,2.311002569223905E9,14424.848029853647,30.84836204435882
158.78057560278964,28.880746269528327,0.009268362372758576,293.36457029833156,3144247.051593173,9.81638336743451E8,10074.347486703993,27.332806049830236
164.68426518056538,19.267421633904007,0.007070716436994466,293.30371480423133,1575556.7934174116,4.3811104534262896E8,5666.773343281961,23.7711299743609
170.57990727499438,9.638542408901483,0.004607049703426943,293.2330867081309,949661.4405489247,3.518953021416524E8,2564.310193436216,21.26408904521021
176.470588235294,0,0,293.15,1033638.034627026,7.041817799057398E8,1518.1776438682307,20.418729409199997
70.40694918715681,189.4460511946604,0.05904386723553574,293.52720744844095,1.728224941171527E7,1.386985507913915E10,21544.044108339862,36.60124776428577
64.54066875721972,199.10353128914065,0.07177614364288641,293.39268823353717,1.255468175217474E7,2.157014918300632E10,7312.505305253217,25.101014388056456
58.823529411764724,208.69853399999997,0.10000000000000002,293.15,8622714.138247766,3.3912069191823242E10,2194.136576740597,20.964958849876478
76.26979755435839,179.7129006594726,0.05271235051002937,293.58863459932576,2.0652532366020206E7,9.386510876166826E9,45447.471380939125,55.91714859062204
82.20214144242611,169.97446310245456,0.04897441461945217,293.6177100171683,2.1606429827992775E7,6.556024637475753E9,71209.50514578518,76.73495365314183
88.13204693568055,160.34120477433973,0.04642835590682953,293.6339654447193,2.118000597299271E7,5.007623768705624E9,89585.89748437404,91.58456362372293
94.0717713734909,150.80675165893518,0.044369947280109095,293.6452001687372,2.0434291791377008E7,4.4650771714187975E9,93521.57437631149,94.76490858691396
100.01774114545866,141.39164470827012,0.042376333135517974,293.6539925587329,1.9929196479516458E7,4.569380275376215E9,86922.9519595905,89.43268845218034
105.61877859338892,132.11192532239124,0.04035196891154688,293.66009346096445,1.9617554925331954E7,4.551010703272266E9,84565.12394546795,87.52737288524649
111.14953509134712,122.89960432423493,0.03845455704368488,293.6628369744749,1.875770354667231E7,4.2162982912190137E9,83453.7096500279,86.62926032321509
116.77049413981453,113.69377221403373,0.03653530370815034,293.66226708866134,1.6765834268485012E7,4.0916383510860977E9,68703.25620141866,74.70970198094939
122.50706055213978,104.49037981065142,0.034167623931956825,293.65704033100275,1.4839579117019756E7,4.2698418301348767E9,51579.804041447765,60.87256892235887
128.7884761654987,95.12803938517833,0.03128553302869822,293.6445736162878,1.3024050691325052E7,3.8549022569510236E9,44024.718474165136,54.76744927207684
134.88163404886657,85.79718428290053,0.02820556397428726,293.6241703685674,9579196.865947656,3.092433880572927E9,29692.165714545696,43.185588456203305
140.89147943981882,76.4425053839321,0.02473910282669339,293.59449676931166,6063027.950932745,2.164543522503447E9,16995.649234256878,32.925777158962205
146.85989853744573,67.03941503714695,0.02192779642361772,293.5621965084288,6209323.036050015,2.1291225232421741E9,18180.858505010085,33.883522024256
152.80560459322433,57.57796046306826,0.019914655993091477,293.53006072104955,7623607.0832402995,3.3259802666008058E9,17571.360335661273,33.39099825106129
158.7349266126502,48.05950273102562,0.01758496339143727,293.4891504019253,5577477.514437211,3.201199041058029E9,9733.664886932434,27.0575069793618
164.6505217157105,38.493977034541864,0.01437512614934944,293.43584137150015,2688209.309085573,1.7340559631502514E9,4180.520343152356,22.57011744900875
170.5569560253695,28.89563103283526,0.01129334517000108,293.37619121946597,1313868.8197435809,6.739840693602892E8,2569.248169346071,21.26807932875968
176.45561198931156,19.275591818712286,0.008986638199568296,293.3124308872473,1082948.380422704,4.4471555436548585E8,2639.5378567799967,21.324879076199064
182.3475449903358,9.6415160275689,0.005965325628301808,293.240614711369,1578998.034182607,7.365393185381099E8,3388.033540910857,21.92972407347185
188.23529411764693,0,0,293.15,2703543.537245667,2.40173948781906E9,3044.739263647618,21.652314556464678
82.24001458114974,189.39837141504117,0.05846578771648068,293.551981231856,2.305884438359302E7,1.7521831964595966E10,30364.973612236146,43.72927160585629
76.37681308524378,199.05534647954875,0.07055027877019503,293.4377117021211,2.018725194843587E7,3.299472097846092E10,12365.338898835982,29.184112241501918
70.58823529411765,208.69853399999997,0.10000000000000002,293.15,1.6535827734058475E7,7.296128651171661E10,3748.0998373053094,22.220686737176482
88.13014749545675,179.7203152189396,0.052423301552688116,293.59756099240855,2.3483663895762965E7,9.91631258473564E9,55621.5947942585,64.13866246003097
94.0459960766563,170.0751774640069,0.04890106045980718,293.61959647624576,2.2413644058778618E7,6.110411448429103E9,82219.27452221612,85.63173698762186
99.95770089658579,160.4892277659451,0.04651163618852636,293.63336407526873,2.118947754749066E7,4.548492918255288E9,98717.01123399276,98.96324140121293
105.83845334300959,150.98663185508863,0.04452251623407868,293.64398379403514,2.0033442371815726E7,4.130938441951925E9,97157.40972609329,97.70295735442575
111.6438600729696,141.5823727668641,0.04257674950889575,293.6526204533848,1.8981661125052214E7,4.074986261703157E9,88420.52021906817,90.64284462149733
117.35059502872402,132.2654013894698,0.040686261012181396,293.65855092992507,1.787911508865581E7,3.7888500517684703E9,84372.87611279835,87.37202110125202
123.04679202557962,122.99938273502181,0.03889226840552453,293.6614361289569,1.6409556129954048E7,3.5892817704388084E9,75031.78240443826,79.82366254903366
128.80790263295205,113.74892307895198,0.036822875088054145,293.6609905007385,1.4513212366531929E7,3.9451399244035354E9,53398.658071257385,62.342349956560405
134.72729484560344,104.46782644118939,0.03399667476723495,293.6546081416797,1.2067097688252157E7,3.955627585888962E9,36819.78021819595,48.945276943977156
140.75028757329247,95.15982974779003,0.030661917706771204,293.63978236914176,8668632.914892588,2.823777913274236E9,26630.166933297132,40.71124600670675
146.7365647522797,85.83918213577226,0.027047781386797965,293.616304071892,6554146.71542156,2.100282177746005E9,20464.107162171906,35.72857144420343
152.69276508049177,76.48374057057173,0.024399970086455402,293.5903068861024,5623626.526841379,9.863736328969587E8,32072.80037424885,45.109333635724276
158.63744442280296,67.07599481625907,0.022973902807264388,293.5677802331542,6618521.180421776,1.0552129594972515E9,41538.178840668166,52.75812431567885
164.57791970246336,57.608266269119305,0.021764010030283054,293.54158055663237,5363164.509234991,1.0850559757088797E9,26525.150169790515,40.62638397560175
170.50943819189,48.08352511865811,0.02006134415584596,293.5018986800064,2814371.67789475,8.844062114866499E8,8975.059077763623,26.444492184061527
176.42689569911403,38.512910567148964,0.017002411391085454,293.44828649895635,1681019.2213864608,7.834739657536322E8,3617.099352639427,22.11482775971046
182.33122772747151,28.908700773110336,0.01334343526619221,293.3889632886306,1862990.6904633127,7.295582982004924E8,4760.944883162308,23.039147380332054
188.22603182560053,19.282166902763155,0.010189852940409997,293.32612119207494,2986110.342678306,1.0199781390280439E9,8744.856816565922,26.258470154790245
194.11458787913938,9.643487558433295,0.006580649370414702,293.2535733627414,4639168.691035792,2.0572135691034539E9,10466.442505308254,27.649650509316633
199.9999999999999,0,0,293.15,6412070.740521416,6.122148324597926E9,6715.805463289961,24.618832697599967
94.05954222654488,189.39833573692502,0.05771991738015852,293.5560259120223,2.2874132211491514E7,1.6866721573410463E10,31041.180499943905,44.27570141410133
88.1866828299159,199.04832490964057,0.06980673953398477,293.4556146238708,2.319200198839709E7,3.7883204130684654E10,14217.2596589375,30.68061386583827
82.35294117647061,208.69853399999997,0.10000000000000002,293.15,2.217091379052716E7,1.0242879939368848E11,4799.007454805316,23.069905014000017
99.96339309160514,179.76264293573706,0.05188500768013928,293.5954797622403,2.1039261091838345E7,8.106697069644153E9,54612.704853302705,63.32339786129507
105.84556699226829,170.1454401141264,0.04866698758211819,293.61607399843365,1.933872102897579E7,4.705244181183171E9,79493.58046511128,83.42915593137899
111.72722875068767,160.58514185727077,0.04648138350587988,293.63002469800455,1.8520498429149456E7,3.7379815568409505E9,91766.56109260958,93.34671603445314
117.58349521073126,151.0945354773926,0.04456799908964267,293.64130381502747,1.7504971713169973E7,3.4951901412646966E9,87672.64723665656,90.03850281754602
123.39717954667836,141.68506103026544,0.04271327958107757,293.650283073871,1.6122041074773503E7,3.18884444963652E9,81511.31645176584,85.05964965802626
129.1790019336282,132.34797690590668,0.041003879433679724,293.65632197562906,1.4733404983354049E7,2.860200249923485E9,75901.00601574064,80.52606546724958
134.96405654669425,123.0567792023188,0.039299204622892416,293.6595336632238,1.2549979918827266E7,2.793855894615555E9,56388.08138386376,64.75804556271665
140.7979705246618,113.7794971686573,0.03701390581068769,293.65898391271725,9242137.599637916,2.928790301259596E9,29171.39280167237,42.76476185992163
146.6925206904343,104.48873270280401,0.03340856659458668,293.65077647159177,6268239.821749013,2.6739499290041256E9,14704.656382549654,31.07446980408685
152.62712162865574,95.19232364355922,0.028800448333814146,293.6322247454154,5423778.241638488,2.17642532445084E9,13534.444438520788,30.128843990707512
158.55286551928074,85.87714082794693,0.025737172112542683,293.60897870944996,5512197.854855092,9.321106455251006E8,32605.709755856067,45.53996747945444
164.4761630549453,76.52239430718593,0.024345645033666905,293.5899909402367,6554686.294158902,6.997877572406902E8,61406.47393885734,68.81331227384317
170.40754756075162,67.11144263340636,0.02340017650092321,293.5719478079123,5971981.596336879,6.313886879455761E8,56524.05669041744,64.86792459829422
176.3464725960798,57.637432833525985,0.02229314994234852,293.5471555636072,3866026.7626739386,5.359983320256285E8,27918.587682886802,41.75239408716812
182.2807369522418,48.105415762591896,0.02024648012549136,293.50837790244935,3286925.168824824,8.651042960374289E8,12496.388044153367,29.29001054072641
188.19955558777747,38.52786685272117,0.01689646075150678,293.4574720206196,4027066.3609910584,1.4221654767952793E9,11406.273993189192,28.409110297565462
194.10321058031698,28.918500804509364,0.013478566392463658,293.40034516090776,5692949.2958601,1.844358773364219E9,17574.461197348777,33.39350399781814
199.99527719930214,19.287037440192677,0.010331046265332447,293.3384874168516,7663182.121948965,2.452272927305945E9,23949.530276021364,38.54507497053398
205.88083908996245,9.644605250791129,0.006593417657448961,293.2633365033943,8798284.256155534,3.821583820997776E9,20268.87743815173,35.570810051050266
211.76470588235287,0,0,293.15,9531428.627726547,8.794249412371735E9,10331.01583097763,27.54021481293528
105.8575278954314,189.41200165966893,0.05672795739031677,293.5423779802474,1.5810166200328737E7,1.1084752717720413E10,22563.371673756516,37.42494680711585
99.97960616312632,199.0529216110641,0.06895874162178016,293.44444183397087,1.9042613178423803E7,3.212733686623953E10,11296.69456434592,28.320561264100387
94.11764705882355,208.69853399999997,0.10000000000000002,293.15,2.1956745757382233E7,1.0416515917274669E11,4628.216628938253,22.931892225370603
111.74282268068127,179.7869122696905,0.05137905910714873,293.5850864804392,1.4154296882999608E7,4.812528734834938E9,41651.10591140124,52.84937851425787
117.62151276277474,170.18862836002907,0.04860554585472831,293.60833315143776,1.4370521524964394E7,3.3461179461345744E9,61726.09205905874,69.07158954266562
123.48984679343941,160.63767275384976,0.04658086287785116,293.6244738114453,1.4152473797567619E7,3.018035304745912E9,66368.27503366374,72.8228485120632
129.34667164922757,151.15213241240534,0.04469412276682495,293.63746515251313,1.2749344954262272E7,2.647606414787214E9,61395.918116468565,68.80478231630703
135.1860514728574,141.7384514761201,0.042977589576866766,293.6472528536304,1.1364689078313993E7,2.1865988795785613E9,59068.15522125859,66.92376179495558
141.01313622513825,132.3919112408507,0.04149315611459197,293.65380400356435,9649605.880538786,1.8971719465079622E9,49084.56725503542,58.85621596364144
146.84155807321386,123.09023794795023,0.03988164847221375,293.65758219197056,6570893.458826293,1.64492248308523E9,26261.756388164747,40.4135405157032
152.68683349007185,113.80574471691207,0.037156804575150464,293.6568867231952,3957511.825575938,1.723333040706302E9,9101.283622963821,26.546491816536417
158.5553030729291,104.5164401441097,0.03162644223284556,293.6469936643202,3237855.994939977,1.9863139413782263E9,5286.858315865641,23.464127932001436
164.44840135119088,95.22687286749319,0.027187913995137702,293.62744119941675,3814584.3326590494,8.935308370773963E8,16296.522956455401,32.36082663144031
170.3447476604579,85.91672918270757,0.025431066109459662,293.6087719136656,5253457.405685989,6.202859770529529E8,44520.700414041516,55.168242758856856
176.25334082561116,76.56240041656152,0.024446839364901742,293.5933011633668,5937425.393690403,5.809545639848242E8,60683.20680908004,68.22885398712326
182.1803482689285,67.14681620812581,0.02348447880015843,293.5759080630797,5324710.409759895,5.977571919346806E8,47438.38395775221,57.52596683454153
188.11938419414204,57.66492198114107,0.021959790180084617,293.5499443076282,5685399.050102676,1.0538840721245017E9,30679.67563507266,43.98357627075913
194.05385742791674,48.1239629441931,0.01943837919005335,293.51151168656924,7138843.942746627,1.9660690856981132E9,25924.555876380207,40.141055253640786
199.97131578446312,38.53852970941159,0.016338336526139377,293.4626259265314,9290043.027861241,2.85069067927468E9,30276.949879158205,43.65814131647011
205.87215732755075,28.92317245948861,0.013225544769277989,293.40671216304617,1.1053807665044704E7,3.3202303559845815E9,36801.55295567019,48.930547842954574
211.76303673272844,19.29011441189719,0.010085699039622508,293.3438642868809,1.1403661007681882E7,3.6039440946285877E9,36086.613439938985,48.35281894138191
217.6463966684996,9.645142070188873,0.006238117192731033,293.2650528162437,1.0760877802873014E7,4.610312143577794E9,25133.15193042862,39.501536913505284
223.52941176470574,0,0,293.15,1.0246890246000012E7,8.533216150038131E9,12306.117573335285,29.136256624894106
117.63504027830818,189.4196789482407,0.056092430608889625,293.5195406092768,9458328.02207984,6.067780517658715E9,14757.342288664733,31.117044273660166
111.756528670553,199.05566342458496,0.06794066513219589,293.4129264922548,1.0801786344186163E7,1.9039590292134747E10,6128.611846435379,24.144332805213228
105.88235294117648,208.69853399999994,0.10000000000000002,293.15,1.4668097744937925E7,7.118962630901567E10,3022.258875464728,21.63414858625296
123.51072330831948,179.79953845395096,0.05156961320806939,293.56958593629435,1.0780072768964445E7,3.6561220800058465E9,31802.815637415737,44.89116415149942
129.38077486816977,170.20799930761402,0.049090029363129034,293.59691663309013,1.1376071447459692E7,3.0319014229268703E9,42689.03219536814,53.68810682449351
135.24788467353434,160.6615744481335,0.04706900998106492,293.6164419838308,9887698.99096599,2.4912432548832917E9,39248.14910774539,50.907595238571304
141.11243264409018,151.176753114249,0.04521634753623299,293.6320195119179,8605720.44835925,2.0248738196654675E9,36584.147888012834,48.754866980223426
146.96915814855313,141.76195916465815,0.04372768926086631,293.6435034152462,7611187.422052846,1.6560560668997085E9,34990.646436364805,47.46718903950199
152.81673541624966,132.41225334164426,0.04250477325449071,293.65174872788253,5515511.53727935,1.2824220405857608E9,23724.25687376807,38.36303585757406
158.66093392408868,123.10912282467098,0.04100354336094936,293.6574711050176,3101075.81625936,9.747187760759567E8,9874.635880811336,27.171422934021106
164.50845869601292,113.82815415978651,0.03731994775197322,293.6585487074583,2555356.88497743,1.8303810360076153E9,3592.0361460738845,22.094574663533027
170.36708137899876,104.54547914971195,0.03044509661377987,293.64895438235453,3347029.5717892866,2.063036311703941E9,5501.656923949437,23.6377025648413
176.24216154828048,95.26247474754594,0.027064911515839906,293.6311289362622,4236603.465531352,9.085220273372363E8,19762.492402586617,35.161610022303584
182.12761231960428,85.95555309778568,0.025647777176455822,293.61512473954554,5529946.9524977645,7.405535790558357E8,41296.94129060789,52.56318488128124
188.03269278535075,76.59859821011308,0.024622543096151975,293.60010679780754,6145525.780550613,7.494073571963769E8,50401.482352042076,59.92038977945861
229.41150323994938,9.64536400377716,0.005643453770278257,293.2602982693426,9934196.619649237,4.0153214142141685E9,24592.00984682505,39.06425038130022
235.29411764705875,0,0,293.15,8783679.05396903,6.448399948450698E9,11965.082575511764,28.860672788299997
193.95922812982474,67.17530129482432,0.02334114588889881,293.5807796429595,7135982.026204512,1.1107297803084018E9,45850.54341117682,56.24286336259515
199.89700671755404,57.68370370369718,0.021396565499103074,293.5523052353438,9235015.499517543,2.0449726268819191E9,41706.573615643254,52.89420090155033
205.8284854918446,48.134584090558484,0.018814874794249422,293.5132983575683,1.1728708063854126E7,3.181958802546759E9,43234.848759695604,54.12917071494008
211.7422286049038,38.54343174872346,0.015879720624913257,293.4646342686987,1.3314704901812552E7,3.924633182107065E9,45173.199440486445,55.69551469937699
217.63978181622835,28.924789077336282,0.012791967999760548,293.40765775285803,1.3106896828116143E7,3.922554694779795E9,43796.797544264875,54.58327074283792
223.52784737355753,19.2891648062685,0.009506829268036386,293.341535386254,1.1675260959323922E7,3.746484303159762E9,36386.96397476777,48.59552644421896
129.40256461354818,189.42340497057714,0.056600294838083355,293.5023213054873,9900514.776701793,6.025506036210538E9,16298.126397313734,32.36212234124262
123.52608616663207,199.0570465769748,0.06733344334136175,293.3912425169113,8390401.729523346,1.4318122064963202E10,4917.855548283726,23.16594387739875
117.64705882352945,208.69853399999997,0.10000000000000002,293.15,8957072.242186345,4.470284063602012E10,1794.768730325887,20.64223735785294
135.27335426254572,179.8049070923906,0.05237916880157207,293.55469280633,1.0869156555693453E7,3.7355179905548377E9,31639.975135641816,44.759575867190364
141.13971013177164,170.21403870046902,0.04982592689840903,293.5854398647169,9462041.641578607,2.4827266046666675E9,36072.51646232581,48.34142744429007
147.00623390047204,160.6668510322772,0.04776630960923206,293.60867014157844,7978453.734231704,1.8584177540786889E9,34268.4384879276,46.883586656891225
152.8734778606909,151.18078829082748,0.04606483649332661,293.6273388299967,6931167.592604202,1.4086462960241175E9,34118.33856847503,46.76229379270412
158.73759467630813,141.76596618002154,0.04477696098030231,293.6418718728996,5366644.419388838,9.38166967631567E8,30721.86555208673,44.01766913299241
164.5938482056992,132.41861037618602,0.043664464232104565,293.65354749293346,3715342.665438173,6.298723843276277E8,21943.19031251235,36.92379015155354
170.44486150531026,123.1209139808701,0.041960683035639997,293.6628558121592,3327341.8959011803,8.992549234544502E8,12317.870374695145,29.145753838118548
176.2960312164177,113.84960635596303,0.03749293909053863,293.6670316931314,4475180.465256178,3.547422298155577E9,5692.081619833619,23.791581106952837
182.15555198576558,104.57390104910831,0.03057456952861266,293.65752583551836,5030012.898752585,2.8147573196512117E9,9064.656061342082,26.516893786909492
188.02478047019375,95.29449187698259,0.027520133090422245,293.64075407037103,5704029.838647923,1.254876331218545E9,25948.766514548417,40.16061940573301
193.90886486021654,85.98602481975723,0.02606778283178327,293.62533997779286,7104763.6050617,1.0960723122451503E9,46059.86154314445,56.41200932779582
199.81499842947377,76.62228348674091,0.024811239477839,293.6088000547859,8321227.625632863,1.2849149301544087E9,53892.98592321622,62.741806806638486
241.1763755767872,9.645445613116117,0.0049136959644904945,293.25270241559207,8732796.796439167,3.0390127943190503E9,25107.901873667823,39.48113282720732
247.05882352941163,0,0,293.15,8419520.131078342,5.388265969401485E9,13156.319523682318,29.82328850398821
235.29302557056315,19.288902062831898,0.008526291764584389,293.3321592200618,1.0440970964835234E7,3.2672563181882243E9,33370.05632990818,46.157621276727575
205.7419959781511,67.18952035801358,0.023212696893850995,293.58664973477227,1.0073413208184937E7,1.9485410967248576E9,52077.59934087672,61.274827750166246
211.67725608804213,57.68962801669121,0.02108452837872092,293.5559585435626,1.243208051473412E7,3.012609208898098E9,51303.80945452811,60.64954299353128
217.60357278285244,48.135662547192226,0.018454396112153593,293.51535528924757,1.412120173621506E7,4.0463791499322677E9,49282.16095517483,59.015887640529535
223.51232254558676,38.54313299657145,0.015376059950303956,293.4638496701487,1.4000408253585687E7,4.334964526945155E9,45220.275154513474,55.73355568040541
229.4064883356442,28.924277520298485,0.01201631525772206,293.4023568872762,1.2488358327388912E7,3.9403739484966063E9,39584.27783680061,51.17921441355731
252.9411442239293,9.645473074801,0.004207168669770897,293.2451059860037,9050461.392479243,2.5547511602476726E9,32084.14404506487,45.11850023842982
258.82352941176464,0,0,293.15,9179508.796908287,5.217426327675561E9,16150.493925388224,32.242823374041166
141.1660095224698,189.42484487128232,0.057235220457878426,293.4913732178648,1.0972361415596278E7,6.532397867934143E9,18466.86298811523,34.1146367580555
135.2912037351325,199.05731610450178,0.06749352861831992,293.38661613745677,1.0513873447056012E7,1.659056681854465E10,6666.71305610605,24.579162065558194
129.41176470588238,208.69853399999994,0.10000000000000002,293.15,9554837.579294436,4.941161898700422E10,1847.7519941376631,20.685052116482368
147.034151443643,179.8065764156962,0.05279734070212527,293.5447901367946,1.0034750513928762E7,3.3179163762900453E9,30364.02265655406,43.72850315684008
152.89778570462013,170.2133386332782,0.05004177578661687,293.5797460890139,8808186.50348929,2.0518238883755856E9,37815.72721737665,49.750082599883974
158.76249974162087,160.6627097848799,0.047998023480552716,293.60679295275105,7859331.500000718,1.4514193013976123E9,42559.22795366881,53.58321450802915
164.62940573424433,151.17424324877635,0.04639990594635742,293.6289770780176,6658192.305754016,9.818537399673477E8,45152.97405266668,55.67917095167416
170.49586434913428,141.76072446783195,0.045132574108705574,293.64699449158076,5749868.400337947,6.965657522642822E8,47474.607011430846,57.555237989025265
176.35774767101324,132.42011670830206,0.04390084675345598,293.661456006615,5630562.811506615,7.725063924068398E8,41080.33282147667,52.38814773453611
182.2157229036549,123.13389927345631,0.041865333037202586,293.6735928688128,5900103.8816153,1.6651845858946154E9,20908.603966938095,36.08776078139392
188.07626392194948,113.87409904376689,0.03667968922603577,293.67945020888516,6610626.985399713,5.12334178014924E9,8541.926954353798,26.094486427746613
193.93380890748006,104.59616167366492,0.030563362279096323,293.66856882165166,6601744.915098235,2.7529366827104864E9,15865.953771630186,32.012891936669384
199.80377382124695,95.31591830535704,0.027973236046323183,293.65215523787765,7933659.444046404,1.6636201194683378E9,37861.309621513,49.78691686586074
205.69046628710302,86.00134115443984,0.02645217216160627,293.6359805536881,9593110.757296028,1.614444652820112E9,57007.192417842096,65.25833730739589
211.59859109403223,76.62833467596674,0.0249985352584314,293.6174195350662,1.0885003195492558E7,1.9277134862022855E9,61464.74029894843,68.8603962011123
247.05812175630479,19.288774555670827,0.007214561069409957,293.31735221177223,9858964.848400084,2.640253639770679E9,36818.26835888906,48.94405523952063
241.17277649536234,28.923502645931535,0.010621168653498563,293.38828355738093,1.1352113440179652E7,3.817337515443443E9,33763.4998519872,46.475555435977135
217.5259410061007,67.18794459648053,0.023251342016767398,293.59324921120015,1.2639349723450353E7,2.687359497216192E9,59447.34916172304,67.23018114078758
223.45843845663143,57.68513809083204,0.021046903779524142,293.5608265183162,1.4147333021837125E7,3.7750679611170897E9,53019.86579516844,62.03625518802982
229.37877885991693,48.13159834065456,0.018138527807794656,293.5161346551249,1.4169119890882215E7,4.671013130773665E9,42983.00558555353,53.925661079260685
235.28169907913298,38.5407842494174,0.014510728797010224,293.4574005774626,1.2837802959363474E7,4.586062550852146E9,35945.73595436066,48.23897854898008
264.70595064457467,9.645436839146745,0.003780935720384484,293.24011622914355,8874891.896453343,2.1359129013747032E9,36912.327478346175,49.020062608797055
270.5882352941175,0,0,293.15,8255638.186157181,4.454241807611266E9,15301.29838358239,31.556604754411794
258.823056382419,19.28876080461197,0.006130619694586648,293.30373738195107,8813382.197547771,1.747863050266832E9,44442.40863462971,55.10497667444532
276.4711399802105,9.644938288331948,0.003670933246096015,293.2390591892569,7474563.990514826,1.6962164657255485E9,32976.93195555329,45.83994501453805
282.35294117647044,0,0,293.15,7122055.6584356725,3.9017569948496804E9,13000.349295123537,29.697251955629422
152.92951954324934,189.42410835305046,0.05755932536839815,293.4800955686994,9188779.144003704,5.867038114300723E9,14410.261385881675,30.836574857286678
147.055288404974,199.05739266178088,0.06812984934873806,293.37752995681154,1.008162397212649E7,1.621018704662354E10,6273.75264499383,24.261618299003114
141.1764705882353,208.69853399999994,0.10000000000000002,293.15,1.0730543285321778E7,5.53554843586788E10,2080.1382418206076,20.872838983270604
158.7966602198752,179.8043400561074,0.052718344444454356,293.5389765503191,8491308.912492804,2.8950378476988754E9,24922.35637928805,39.33119707419308
164.65717078741756,170.20718653780366,0.04985094191606566,293.5795896433245,8183294.006858468,1.8211391255799255E9,36780.689028347755,48.91368810367328
170.51799900046313,160.65225603016899,0.047821799656155,293.61140625180883,7872473.88416665,1.3455655444118776E9,46062.183526112545,56.41388567769757
176.3829605657672,151.16300204645842,0.04625224210821514,293.63750395483174,7597718.293038577,9.92036351425284E8,58194.76216854844,66.21798963113703
182.25085191752586,141.7542620833316,0.04502480782495266,293.6576025130885,7662489.796991244,8.618059825470129E8,68145.24971519063,74.25878764862642
188.11725150994997,132.42266343593994,0.043685181459403366,293.67421505860244,7305373.807778212,1.1027507304562542E9,48461.58787956142,58.35279828650698
193.98010561445687,123.14667830579265,0.04108193510759078,293.68939227688674,7265344.406805453,2.826047926774424E9,18759.87463536643,34.35141384674274
199.84156825343695,113.88694208681493,0.035178384539546186,293.6939417955848,7608394.1159204915,5.0602495424519E9,11481.720434898089,28.470077119094913
205.7093612159591,104.60897607259722,0.030639687708750887,293.68076923087614,8842256.664645648,2.8756061956939807E9,27196.031807783234,41.16851055173016
211.58266125531298,95.32435242071735,0.028383211408127048,293.663489365064,1.0626741310616428E7,2.2062305919628005E9,51193.063867147954,60.56005160982988
217.47109885310093,86.00209138600803,0.026785704875246823,293.6457423039473,1.1623187504687509E7,2.0814155520179784E9,64909.03925438808,71.64366808433198
223.37973701630375,76.62137970902228,0.025242325164174097,293.6255063202164,1.260180572691062E7,2.3614034191236515E9,67251.0214013951,73.5361789102245
252.93826834623485,28.923737329207118,0.00881068815334552,293.36792834592694,9027276.376532217,2.6067938465436893E9,31273.96454487536,44.463809733195255
247.04861352134407,38.54045526954413,0.012901677615812296,293.44228567697655,9568195.024922902,4.161588945545452E9,22010.64975035118,36.97830282857641
229.3058914712767,67.17792605002006,0.023497202939420137,293.600265751535,1.349761952509089E7,3.025086541229591E9,60230.189403089105,67.86277931561044
235.23685160741647,57.68061980821464,0.02117170005627826,293.56516622777076,1.2906507817789957E7,3.98156582665457E9,41845.19098390673,53.00621493647457
241.15175688458243,48.13143055242334,0.01761301888794833,293.51266448561836,1.1011935288724216E7,4.664032430268071E9,26007.42024560115,40.208016360105454
270.5881102109333,19.288580262848512,0.005621236905189723,293.29740297886366,7244058.08182511,1.1630294832725875E9,45120.92646506926,55.65327391115731
264.703211211444,28.925656152220707,0.00751755434350141,293.3523530802732,6153619.319763486,1.1843357583726373E9,31983.67916464247,45.03731649670994
288.23711627255557,9.64400138458334,0.0037508915557273453,293.2415292515489,7654097.614415862,1.7745841922037582E9,33052.703012820384,45.90117415178309
294.1176470588234,0,0,293.15,7945996.2141660275,4.435727676827706E9,14234.181678729388,30.694288225182337
282.3541651312412,19.28936629746348,0.005614254407066699,293.2988452187504,7322482.478050657,1.1786825898200293E9,45496.37531326693,55.95666691980978
300.006331156623,9.639994825025001,0.003763882744267016,293.2438399328441,9390682.352812951,2.2367367152931466E9,39468.81621392758,51.08591209209512
305.8823529411764,0,0,293.15,1.004037629037849E7,5.424634011273151E9,18584.45071915291,34.20965714681762
164.69470020318334,189.42210984562283,0.05799874138464376,293.4670973860571,7166029.0453938795,5.383561020880982E9,9541.441081153274,26.902174611015198
158.82013866710568,199.0566938743968,0.06945787259174142,293.3605442535414,8014201.150104042,1.4252412432624596E10,4509.950304842495,22.83632347866168
152.94117647058826,208.69853399999997,0.10000000000000002,293.15,9164161.450119512,4.436972926679354E10,1893.3145197347121,20.72187031899412
170.5618876500524,179.8003859433369,0.0526493500528722,293.5344258186515,6757672.88599404,2.5429742666348767E9,17970.619968467752,33.71363229772914
176.42014498052848,170.2000032190544,0.04963616967751575,293.5828178084334,6600177.925547986,1.5533264562857716E9,28064.71675771591,41.87047818806149
182.27679105852815,160.6419878376204,0.047555573572581604,293.62117225395923,6565976.828273109,1.119552513671582E9,38517.854935994605,50.31745853414003
188.14047666176202,151.1537506134423,0.046077835427413165,293.65088863193154,6660118.406912905,8.198643601653643E8,54111.57976380968,62.91844829393897
194.0104730235803,141.75092714406435,0.04487908090911447,293.6739323916044,6548122.439187932,8.062806531956491E8,53197.809127551525,62.18004777987549
199.88133385637056,132.4271576546341,0.04323816538914788,293.69516698338015,6210697.501435506,1.2760469344452949E9,30237.726988977953,43.62644605170713
205.74835070046663,123.15491468318585,0.03979402498316075,293.7116906624028,7904326.6861688765,3.804049263065417E9,16463.621229111366,32.49585553865961
211.6147618589356,113.89547751187642,0.03454206034085059,293.70985064773225,1.0852969997301046E7,5.746286171177255E9,20537.700581952173,35.78804087430013
217.48807528897564,104.61494962760104,0.03084652477555033,293.6923894220003,1.2001330051844878E7,3.5298538946664195E9,40805.903229134965,52.166386447834505
223.3625855002192,95.32564670775304,0.02868966693954444,293.6731485185068,1.2425520462533878E7,2.4714937915046935E9,62475.6052611158,69.67725677663996
229.24998383165982,85.99834999988748,0.027079502143741215,293.6539973441664,1.2883231661737658E7,2.264883053875302E9,73283.5995040905,78.41098949824273
235.15528937986548,76.61464003326404,0.02557554784231639,293.6328898878478,1.2993299041839106E7,2.3572176646973987E9,71621.83935598993,77.06815301496287
258.81362230070226,38.547189776578854,0.010685269105930283,293.4219836657819,5803988.059332476,2.3658889988769097E9,14292.499656870628,30.741413864126823
252.91500325896183,48.1387680244971,0.01649267359111055,293.50216297583574,6461444.592729717,3.927086159348417E9,10644.293073675277,27.793368140376995
241.07566999341057,67.17261356796881,0.023892126941323363,293.6064821779668,1.143480617598491E7,2.570519379212765E9,50878.21831045421,60.305630957919334
246.99848938680768,57.6787863761433,0.021347494925703914,293.5663063059765,8538767.056062797,3.1107805124129157E9,23455.964858097384,38.14623422878707
276.46888413566893,28.929175440669894,0.007147179156228562,293.34812051457226,5660909.577936037,9.376920339350864E8,34181.01305159134,46.8129398397061
270.58242128386524,38.56453523887523,0.00930955500782791,293.40828159436137,3866390.1681764224,1.0641474695304788E9,14060.785955916579,30.55417046938798
294.12224744010604,19.28590849614639,0.005757802947044661,293.30299427856426,9350485.469281526,1.5853892559906394E9,55154.75510369148,63.76141826561476
288.2354732733696,28.931781338702358,0.00734270328705543,293.35172248462953,8489757.001231037,1.5077715936157305E9,47805.87109966216,57.82292614114315
311.7823798138686,9.627372684252762,0.0036186569244888588,293.24330099279524,1.1913310183303604E7,2.8445324463374248E9,49938.630992157494,59.54636847851327
317.64705882352933,0,0,293.15,1.270002687390245E7,6.377701363222401E9,25291.211449264654,39.629261777182315
305.89693458251,19.27352099526541,0.00572489457497707,293.3039553492615,1.1859037043551242E7,2.0751285014492433E9,67778.97681725818,73.96280954929769
323.5761617885672,9.58721634392786,0.0034007874733951895,293.24030730889126,1.3933943513648242E7,3.2367850091791167E9,60026.48883250612,67.69817279395978
329.41176470588226,0,0,293.15,1.4185268629964797E7,6.675497411700473E9,30143.520798582333,43.55031983720587
176.46087905713384,189.42054624963703,0.059205682461148594,293.45283291551056,5545074.036831901,5.191866011290069E9,5923.549926082777,23.97862620287454
170.58531957492207,199.05608763401474,0.07167652997312611,293.3421064825404,6396612.370684368,1.2447667342854456E10,3289.662350560658,21.85023220250798
164.70588235294122,208.69853399999997,0.10000000000000002,293.15,7291306.014079069,3.1183816645286266E10,1705.627313400004,20.570203889588235
182.32889744377812,179.79783916408067,0.053157332258884436,293.53001156015125,4750759.340566125,2.256084936707104E9,10005.445262930654,27.27712748521873
188.1871495653107,170.1969222718209,0.04980819664006623,293.589383002176,4191902.5804389943,1.2189646475396245E9,14435.831413234655,30.857237505650485
194.0429532032223,160.63879773656896,0.04766227960422401,293.63657068224046,4036532.5815041675,7.730821297998315E8,21130.55422510792,36.267114525298894
199.90710159990508,151.1521697563279,0.04627212597512797,293.6727666728275,4320637.26766478,6.633907685739083E8,28180.441896473614,41.96399345174813
205.7803778709579,141.75311289528463,0.044945014589823196,293.7025888860716,5368809.445964657,9.595832995271869E8,30050.68594661122,43.475301775020846
211.65529871544436,132.43248696999368,0.042844143437270554,293.72519285087657,8745642.664586922,2.446232159842592E9,31277.119986891423,44.46635958534075
217.5269788040109,123.16014021417591,0.039232703264403555,293.7340541863957,1.3373631310040118E7,6.492955860383427E9,27583.37021434485,41.48151128429697
223.39694511530593,113.89950112095157,0.03434665837997066,293.72295111702806,1.4646978609399242E7,7.137680790428716E9,30107.2446573432,43.52100578367753
229.27017149239782,104.62133031805509,0.030865958085159465,293.7006718033122,1.3805786634878358E7,3.6245761808810844E9,52590.2726980036,61.689109250948555
235.14103238943778,95.33344152743209,0.028824707469238122,293.6798272575011,1.3778196997649848E7,2.4888705204318085E9,76281.17718305987,80.83327449139199
241.02329404552495,86.00812030608527,0.02728020211600596,293.6598555187423,1.3182883423851693E7,2.1011082735372095E9,82713.02596065654,86.03072804902583
246.92097786935156,76.62581230791491,0.0258462432789951,293.63802631394765,1.0879590770381503E7,1.7625002633437824E9,67160.71913436567,73.46320738133157
264.65632677990965,48.14961542385883,0.014275968830467875,293.4863022156473,3630392.371766159,2.6038467384221725E9,5097.080947121787,23.31077248248749
258.7385508122104,57.69379795914331,0.021059293074151917,293.5601064548057,4609242.733041582,2.088210248662303E9,10215.747918179462,27.447069024794505
252.82688516563962,67.18570359352361,0.02414749955049468,293.60879679771296,7207398.738149267,1.5187200318926337E9,34214.411499993905,46.83992848481706
282.3256654282664,38.564647748346744,0.00924405604877812,293.4054935059531,6252059.021484458,1.5994709903900979E9,24458.026595047588,38.955981086921675
276.3897796463927,48.17277390505138,0.012647493882417704,293.47393570455637,4239067.481423686,2.056956102496466E9,8766.252510429716,26.275759604409927
300.00238626371424,28.924272670549204,0.007470032070372272,293.35452093740554,1.2011996538529506E7,2.1552459749367285E9,66951.62953434448,73.29424608837508
294.09485523700357,38.56817827256811,0.00942159043846461,293.4067665497705,1.1330713823142165E7,2.656260699569706E9,48342.10309723636,58.25624492704407
317.6857448222958,19.255551135318335,0.005502298908943728,293.30069730416034,1.396914208032473E7,2.4404920945406313E9,79963.46939321609,83.8088641561154
311.7814426823969,28.904671103371328,0.007321653826695681,293.35223467484326,1.4346692396653302E7,2.543198661078392E9,80935.86027000575,84.59463456164109
335.35042997280976,9.530115975522488,0.0032329689723958753,293.23704774168954,1.3974902750841571E7,3.0934923383617854E9,63173.2670665608,70.24102389217636
341.1764705882352,0,0,293.15,1.2953953574765036E7,5.950896024292197E9,28198.434571070637,41.978532986735324
329.48323900925004,19.142990156150482,0.005210089353344765,293.29502486060204,1.4485567018286377E7,2.428227333132627E9,86417.06929976179,89.02389438365645
347.13081890063444,9.449401494781329,0.0031313621485971415,293.2341945557578,1.2061324096362287E7,2.5452937702057023E9,57195.77541537415,65.41072760840342
352.9411764705882,0,0,293.15,1.0596197026832802E7,4.820091821361153E9,23294.039232288254,38.01538523822943
188.22727009367074,189.4202337989263,0.06230920460445399,293.4394638263448,3627320.27489938,4.521854508078374E9,2914.0895505995754,21.546739030766137
182.3506053203573,199.05590207041618,0.07496958914667928,293.323644488077,4527793.350382538,9.19361979894107E9,2232.0289512414597,20.995578950505422
176.47058823529412,208.69853399999997,0.10000000000000002,293.15,5520928.171607469,1.9938026360780266E10,1529.6385297900026,20.42799073114706
194.09666510526176,179.79786583942314,0.055649937991500885,293.52988667300457,3091919.468718978,2.609233695559665E9,3677.600568866715,22.163717631412183
199.9569980279648,170.1988150558714,0.051724541784338836,293.6044053232295,2904472.0196829126,1.7714101491584342E9,4784.821832441291,23.058441884838974
205.8159903357056,160.64344358926962,0.049274376949055454,293.66463737396856,3596554.727631466,1.500939551898735E9,8654.022942309673,26.185069044296615
211.68378241599885,151.15831985833955,0.0475627411384582,293.7094797388397,6271689.011740268,1.9681299194617872E9,20017.173774394872,35.367413151047735
217.5607428143338,141.75917014287057,0.04559255758361636,293.73724291612774,1.1359421213542245E7,3.247480629535972E9,39758.45339643754,51.319962340551136
223.44004817600867,132.43741686833414,0.04291725963967042,293.75066543337203,1.5556152404491851E7,5.342072877352175E9,45317.99703219411,55.81252285430719
229.3155209910851,123.16331226566203,0.03880347114959564,293.7499185423917,1.684387323510958E7,8.792265361300049E9,32305.943410944496,45.29773204928293
235.18652541452545,113.90573325852881,0.03381206158211376,293.7301286969611,1.5629534814107403E7,6.731028275395947E9,36364.72492107929,48.57755549179132
241.05361674410346,104.639672531785,0.03069214269060908,293.7050411343916,1.4635604246229768E7,3.351318462020027E9,63923.6582168292,70.84740057926608
246.91402558670825,95.36431008098936,0.028798669192070508,293.6835136119036,1.338157391025495E7,2.1987654035308843E9,81441.51717643441,85.00324620321328
252.78869236923788,86.05027427726525,0.027300510123084102,293.66306776462375,1.0855134738991573E7,1.5677670820534804E9,75163.35182526307,79.92998127290424
258.66769054321594,76.67064798897037,0.02580502259142051,293.639665137239,7348901.209377762,1.1293419222351873E9,47831.74697733636,57.84383594129938
270.4504423853865,57.73429973672503,0.01898720488296003,293.54764309143724,3747776.2640431337,2.2973956169064007E9,6128.086535689304,24.1439083116568
264.5451740250953,67.23177522660983,0.02365133591190184,293.60479475429844,4617036.903072746,1.17400286279861E9,18169.338978078722,33.874213315657784
288.15265786815974,48.205573484102885,0.012171565165694715,293.4675016585276,9106693.397753337,3.0514604188428836E9,27181.974280782186,41.157150933971145
282.1565809097373,57.804249709479656,0.016374079324767084,293.5345347244385,7148136.145171847,3.302561127765311E9,15489.212902757528,31.70845487094272
305.8549254460259,38.553597439554856,0.009324499322438977,293.4047785986895,1.5152780520015912E7,3.2781588822609E9,70045.116912761,75.79403386889983
299.87993256579153,48.19364615052704,0.011810691554662378,293.4618066929552,1.5096895336584354E7,4.096620913135242E9,55637.510624291026,64.15152373682348
323.57654010180806,28.855004496279623,0.0069886551691609585,293.3458942925716,1.4862760480413578E7,2.5291396173682637E9,87343.85598408639,89.77281291641278
317.6546373232318,38.524969794539864,0.008960775973062706,293.39802207437725,1.5741891488427727E7,3.211610545729285E9,77162.06887895365,81.54510616476153
341.2969164092605,18.987092899778283,0.004968553586583353,293.2896392524868,1.3300042733218053E7,2.0908862177055695E9,84604.28448581717,87.55901776630373
335.38069628110685,28.60791558036585,0.006610343972019137,293.33793554477865,1.3786689356044995E7,2.209895578778005E9,86010.15133853767,88.69507178869493
352.9998236336973,18.780773908245624,0.004785760646341514,293.28504614184254,1.1475771129042452E7,1.7302552210802119E9,76115.00647108511,80.69899512817153
358.8604087840375,9.370440872681131,0.0030238888479814465,293.2309009200149,1.0135012850633092E7,2.0760790743780317E9,49513.09097174262,59.20249775500039
364.7058823529411,0,0,293.15,9222525.230117312,4.0165569251972194E9,21176.78701078824,36.3044743521353
370.5079023147844,8.989451306562504,0.0027891478256098223,293.2244528779343,8984606.665074274,1.8430954692107878E9,43816.97880008968,54.599578828335304
376.47058823529403,0,0,293.15,8152825.254572548,3.316295357564888E9,20043.33565382356,35.388554063711794
199.9931703783335,189.4211855750776,0.07027684483817709,293.43537813239897,2478587.582193032,4.088573239958961E9,1503.591049072458,20.406942261850613
194.11565908188865,199.05616139334134,0.08034627060519828,293.3092890943013,2642657.9378747814,5.053112007792833E9,1382.8056768396425,20.30933792068677
188.2352941176471,208.69853399999997,0.10000000000000002,293.15,3445368.8825947517,9.599762434654968E9,1237.6569129611764,20.192045990247056
205.8640893853732,179.80025970921542,0.06451350445011818,293.54303069061734,3077244.8337807623,4.992593016121797E9,1897.2147624600063,20.725022030268647
211.7278753375624,170.20372444158158,0.05863693491691189,293.634951265122,4227261.088972607,5.590204866535367E9,3200.7537937747443,21.778386904070402
217.5923422280805,160.65090460655742,0.05343952610934977,293.70583008810985,8066190.152406548,6.444146274169739E9,10120.451281913354,27.370061641940087
223.46660833151063,151.1664789252222,0.04982422176636552,293.74646756108456,1.4918075147769704E7,7.779156873971816E9,28634.623363508766,42.33100877856156
229.34993413185987,141.76525091542803,0.046648428467045006,293.7643233395084,1.838293017117803E7,7.664612613487217E9,44100.78763658844,54.82891930230618
235.23530411786658,132.44041913454956,0.04290796924213731,293.76911807388706,1.6795163310520213E7,7.561238168434054E9,37332.27805205668,49.35941660771127
241.1161322961901,123.16631882650246,0.037806134982756985,293.75828409312544,1.6199273804581733E7,8.852001991271463E9,29654.578753072605,43.15521515401236
246.98664586418673,113.92066149031444,0.033160095261940976,293.7321354156966,1.4984881230534209E7,5.367567875542072E9,41857.603259391304,53.01624505809102
252.829478251634,104.68604336392436,0.030403108361462882,293.7064611307001,1.2884584286312392E7,2.665359705201715E9,62292.35589958737,69.52917648455423
258.6693085102832,95.44109435382298,0.028585350566781072,293.68495862773824,1.0508127123572454E7,1.6239275260454264E9,67999.03735392498,74.1406362455976
264.5613004243983,86.1500967004877,0.026994245818966672,293.66389620053224,8092534.31651216,1.2172331504494822E9,53813.6325011063,62.6776828291999
270.376067926499,76.75286362063332,0.02499860632019889,293.6369608810049,6602431.216402195,1.4682140953825703E9,29717.51346147381,43.20607148401558
276.2014741967966,67.33874458477989,0.02150670903955559,293.5951080787799,6558037.467260848,2.783414008607562E9,15464.622035370538,31.688583462912195
293.8056996132153,57.80889539712084,0.015008648420352126,293.5221388313077,1.3340875758257285E7,4.479856951235465E9,39734.746937457334,51.30080560599759
287.69583472816373,67.41498758234862,0.019140031858620902,293.58189076850675,1.1627473015345693E7,4.648814156007236E9,29093.44040523446,42.70177002444532
311.7037591836478,48.20562324733808,0.011356123008011636,293.454204373666,1.696290320961252E7,4.1819369262679195E9,68806.09627453143,74.79280507033643
305.66769804669707,57.820009062477446,0.014153100595123909,293.5110083253628,1.723570681186304E7,4.831617596882758E9,61484.89197454992,68.87668038348197
323.5561805787081,48.18573321711605,0.010781505765216123,293.4442677241584,1.4788466741587548E7,3.496221098756429E9,62555.959244012345,69.74218928809184
329.47150270845634,38.351330974414864,0.008474835247646889,293.38859128766717,1.4057996974575901E7,2.6828990608671947E9,73662.71453684695,78.7173450802653
341.1635901024122,37.94222937815589,0.008061641450014013,293.38012604954355,1.208945977662609E7,2.2363577445889344E9,65355.88492006402,72.00475549096745
347.0795519654785,28.28725711367701,0.00631974477708135,293.33144026742735,1.2157621153477771E7,1.8732076798342943E9,78910.95992938183,82.95835145808984
358.88245214091245,27.94439109945095,0.006114046522101241,293.32664338435546,1.0889971010258516E7,1.7058508662943707E9,69528.62256045704,75.37666469535195
364.74885955690905,18.646059070324682,0.004603230717874804,293.28048317550514,9911310.761078002,1.4812623613401947E9,66319.6335103512,72.78354223060343
376.2479789271881,17.42800342518784,0.004222634117012749,293.2698665480504,8035674.382801668,1.2156961589904034E9,53118.49761687175,62.11595767021513
382.0136960323362,8.492204471181385,0.0025474063873955253,293.217179076882,6914735.30362087,1.4151491279211197E9,33794.538019876745,46.500636783739175
388.235294117647,0,0,293.15,5175613.328387658,2.0306057276484928E9,13191.621336052973,29.851815221058853
391.9552649632789,7.549578316163894,0.0022847859316848258,293.20788290939464,4039576.5156186717,8.716331019856894E8,18722.106853117828,34.32089442676456
399.9999999999999,0,0,293.15,1843535.3898045847,6.985866304957306E8,4867.10802234007,23.124935775600058
211.7580568722212,189.42238329263864,0.0792444487074488,293.44662466311524,3411007.173715078,3.3633374612464256E9,3465.617032093581,21.992417803706005
205.88029375432595,199.056541854394,0.08642669314717556,293.3076622187129,2093820.7500802919,2.571911096643372E9,1706.7102846506234,20.571079017929637
200.00000000000003,208.69853399999997,0.10000000000000002,293.15,2081595.1899367562,3.895707604591414E9,1112.2961143400012,20.090744334799997
217.63028314526403,179.80304338801875,0.07268144694494727,293.568061726472,5856967.209019333,6.321742699043788E9,5441.698860584022,23.589251604517926
223.497921355078,170.2087232979334,0.06449038076270495,293.6711377799422,1.0328052219944395E7,1.1465047284471535E10,9314.453302783737,26.71875014369394
229.3692960611476,160.6571377759961,0.057698178944307975,293.73892782382035,1.7770527182577487E7,1.5309087349002996E10,20638.33012978424,35.86935768060824
235.25210850477922,151.17164138280665,0.0526360112047345,293.77150693782716,2.228435388384385E7,1.5665426797127142E10,31713.309128003402,44.81883565904355
241.14546023454736,141.76699486617426,0.047776933952831106,293.78329077559516,1.8506698665051132E7,1.1101181040999483E10,30865.929993749156,44.13408484344206
247.04292160417307,132.438440058929,0.04222863073072814,293.7793597153928,1.5851607302165309E7,9.190934953465105E9,27350.20495809468,41.29309491562589
252.93750906061294,123.16860581141513,0.036578551984698275,293.7585466415463,1.4566571307992429E7,7.297052502525355E9,29085.417624712067,42.69528696947906
258.8143972635819,113.94837441670725,0.03242068567790896,293.72996072979936,1.1710665116175419E7,3.582749479093311E9,38292.560212472694,50.135402191881575
264.54166087993576,104.79831144434371,0.02993400584426317,293.70554278131425,9556383.681390697,1.8003586109897754E9,50745.5115589675,60.19839317897759
270.3928521652305,95.58234103672045,0.028105083998451002,293.68470631047575,8468518.201963035,1.3765123568012016E9,52117.541405800584,61.30710416629523
276.4837245316258,86.38685888347942,0.026112897374587846,293.66202492765115,8625135.868197134,1.810913288623128E9,41096.83661582743,52.40148413401351
281.98401779451865,77.09356874587733,0.023272779886064635,293.6303288541535,9982234.564681038,3.241007418826553E9,30752.674020641716,44.04256486518198
299.2231202716626,67.42255793173615,0.017562327552674364,293.56779258295234,1.6212180193396196E7,5.593958589479288E9,47002.763215802705,57.17395007333277
292.8041155830518,77.02190912509784,0.021600201626968085,293.62012840535857,1.4280401781183196E7,5.083960896139104E9,40122.60284272978,51.61422451937721
317.5963234960797,57.963240323475574,0.013499785878092219,293.5013982166932,1.5987609083980918E7,4.202525369200049E9,60824.40009403922,68.34294957095518
310.9944995262615,67.51298471719085,0.01652066833890149,293.5557016327851,1.6844406563404303E7,5.067994430368024E9,55989.40635968,64.43588392703406
329.41343872170637,58.07711293870896,0.012841443335410188,293.4915026890488,1.1902976197732123E7,2.997074029945357E9,47276.97647233688,57.395536543302626
335.49743207425735,47.99211975305634,0.010231917479537512,293.4345272073865,1.1622382025829947E7,2.580316607771731E9,52353.90891350334,61.498108212967146
347.2476108266588,47.06239769789183,0.009890496857049428,293.4270727542683,1.0401860421517903E7,2.359024386131231E9,45868.086812112655,56.257039848174394
352.75383322548197,37.461139816065426,0.007846897888725541,293.3753168511869,1.1207493781714037E7,2.2138540900040183E9,56752.16503396007,65.0522545728751
362.41415822197166,36.7259664900759,0.007707160958907301,293.3715875730614,1.0761531592972657E7,2.3540834553671374E9,49219.53156917785,58.965278035694936
370.8087725735474,29.15971581778477,0.00616244471749748,293.3297204507771,8876349.182542428,1.5084895638042216E9,52247.63749612345,61.412232320086005
381.68779208473836,26.201116031582206,0.005497675117610424,293.3119680796532,6419385.406686017,1.0224400651144817E9,40306.68450776773,51.76297737998834
389.52733466641155,17.661324109638052,0.004110620969497453,293.2671473384526,4505545.298721754,6.536475622942508E8,31066.482703005957,44.296147638760786
399.9999999999999,11.594363000000026,0.0030855073867466476,293.23189427338883,1817848.6218626292,3.098754011870071E8,10680.167711661212,27.82235774679559
223.52196351140208,189.4231796077473,0.08203378360759862,293.46906892268845,9417815.704395989,6.762505892100911E9,13118.662898261538,29.792858907723687
217.64470812783577,199.05686022946213,0.08885827500983373,293.32291496526767,5256205.485036257,4.380652712768396E9,6307.6197315107665,24.28898564162783
211.764705882353,208.69853399999997,0.10000000000000002,293.15,3015274.335849567,4.544371227167852E9,2001.2484567588401,20.809089662005896
229.39468532896527,179.8044327801839,0.07493978140704295,293.59411569572836,1.5022508736048268E7,1.3459659957205793E10,16775.093355956775,32.74755018660974
235.26571250771607,170.2106723895706,0.06701583442895753,293.69310255664874,2.1204203687399644E7,1.8408670983329693E10,24428.593183890534,38.932196512232174
241.14453720821103,160.6590827680227,0.06069315981484747,293.7510016885204,2.5062521789583992E7,1.856070180611217E10,33856.91828400178,46.55104507799121
247.03874924158976,151.171090015503,0.05488373034318311,293.78102745104485,2.1720622706523445E7,1.646495744343448E10,28667.132533261243,42.35727881477239
252.94744606959338,141.75926438822697,0.04786322118191615,293.7900887313408,1.642022886894501E7,1.2676881740250532E10,21272.748904004136,36.382019316370105
258.8681360953847,132.41949552608273,0.040673234053443835,293.77724739154655,1.3015872085778007E7,8.157506448248955E9,20772.661739638756,35.97790847646302
264.7985857883894,123.1504707812221,0.03496242063508307,293.75075923619687,1.0194882587693213E7,4.401428262200497E9,23621.468747720268,38.27997474560241
270.62607972606685,114.00994067822576,0.03146570967333203,293.72424415443817,8636446.228080845,2.0807858705317729E9,35870.59316111537,48.1782570998515
275.91784936281795,105.12207481666134,0.029377397224904758,293.7036156667334,8766736.228695579,1.5745963836420848E9,48826.61662387598,58.64777100918092
282.18605462131734,95.5917741559443,0.027332150554063295,293.68241418275807,9984721.09501051,1.9589423172387638E9,50902.30799956134,60.32509737335079
287.8599598609763,87.16668702814096,0.025075268585351317,293.6591352321032,1.2016662361224564E7,3.144507363073782E9,45924.90428460236,56.302952957215325
304.2955079375038,77.07140565191605,0.020208104608116742,293.60867147478297,1.6588836999840274E7,6.010791203867623E9,45789.79575070791,56.19377434402701
298.2351749101309,86.61643358410699,0.023927466254127398,293.65155575600284,1.5006501083835915E7,4.585846446534305E9,49118.45779075818,58.88360225517795
314.9925775282137,78.3634301850448,0.019558126470750337,293.60362874513174,1.5939111368760675E7,5.581245938425536E9,45530.85393670521,55.98452843367762
323.6222078305949,69.12735708839826,0.016054700100407323,293.55158346414913,1.335607342373028E7,3.7222901463374624E9,47926.07778185629,57.920062853976944
334.26737469722235,66.62946152071743,0.014621127411322743,293.52965252055947,8918585.076453222,2.2417259483124437E9,35484.02176029045,47.865876169920185
341.94111365337636,58.56476572949008,0.012450751442378104,293.4864255103361,8362652.346254914,1.827097135787029E9,38290.50443588019,50.13374095827948
352.53438718698374,55.289975553869134,0.011898512154112095,293.4721172462395,9393391.775775922,2.1307535174481864E9,41413.837526618234,52.65764648619715
359.8006587408735,46.948669188658954,0.010184292927235257,293.4311230801483,1.1121061795138257E7,2.9990442066485696E9,41246.4305397704,52.522368112945294
370.8561940832555,41.383843757513084,0.008968455593730761,293.4014325339244,9647494.338283516,2.877460085491453E9,32371.979816558338,45.351094801290365
380.8199198126783,35.7917220306266,0.007441737766759071,293.36626558479094,6602922.933414816,1.7154868954751759E9,25463.02490490049,39.76810093324281
390.46760262259613,29.716233215847165,0.006026562542070884,293.3301509378202,3934036.6910596243,7.134795114506947E8,21704.279275854788,36.73073072798303
399.9999999999999,23.188726000000027,0.004907481805518644,293.29508105864335,1755087.1010449554,2.5440967606970367E8,12117.69093372678,28.983992673761367
235.28567041102337,189.42352939541237,0.08297349305547008,293.4861155313281,1.9215483258455757E7,1.3525382992007307E10,27305.144402899376,41.256682345799625
229.40917956196253,199.05708691040832,0.08963604112489341,293.3430143257129,1.3655141181759045E7,1.0319792102350739E10,18075.7989458456,33.79862541078014
223.52941176470594,208.69853399999997,0.10000000000000002,293.15,8630478.382473573,1.245787995466867E10,5979.020741925927,24.02345110460003
241.15775778536025,179.80403083582803,0.07589472683124548,293.6062557468758,2.361569120483173E7,2.0238339413272736E10,27558.378500836905,41.461315960314145
247.03105559021725,170.2086318882327,0.06868229454628526,293.6947823222685,2.542716308642508E7,1.994047888036513E10,32438.65940637168,45.40497729808147
252.9168525751962,160.65482123333285,0.06256937281171542,293.74716286044077,2.1473422961544972E7,1.5617544390093878E10,29528.06027032471,43.05297799622776
258.8242869805174,151.1607173752353,0.05552023412210486,293.77695919288226,1.4830637142918603E7,1.3224286220653875E10,16646.210440909304,32.64340237650171
264.7533414373324,141.73017334292598,0.046080864720957355,293.7816196535517,1.0199616097087761E7,9.316154511908895E9,11173.654193189097,28.221134701552526
270.71903249324725,132.34900516741516,0.03786663513037037,293.76321787826146,8127598.965582074,4.777015345349224E9,13836.1523816426,30.3726483892185
276.82344685160473,123.02852702364227,0.033156756895873524,293.73826981650296,7961465.178086237,2.294692863719133E9,27645.107594963225,41.531400076743985
282.7670798567967,113.95315434030712,0.030672988979520813,293.71802286011354,9530691.206310173,1.8776360708782654E9,48391.91451633,58.296496578859426
285.3859649322789,104.90068939089406,0.02885677443963295,293.70070801055994,1.0696063853527533E7,2.0077347429138885E9,56983.7012192184,65.23935452055171
294.08576667201146,97.89740750585861,0.027038159612872176,293.6840329340899,1.3186717302368445E7,2.887871421250737E9,60217.53727730358,67.85255537562051
308.7507013957851,86.83366748115043,0.023043124579799637,293.644992602171,1.5980030535957105E7,5.478099256700549E9,46624.120592489664,56.867976236378915
303.80199106702077,94.51229819187817,0.025672785581420287,293.6721616397586,1.5025467262549708E7,4.0110781705455236E9,56285.89564809124,64.67547123073473
317.46440402434916,87.35402583672379,0.022449375604811944,293.6400599352961,1.4191225717559299E7,5.2370914458721485E9,38455.702180745975,50.267234085464466
324.82714508231516,82.28182371370029,0.01995160467491885,293.6117440694174,1.161243796065242E7,4.2283704094362893E9,31900.514400663375,44.97011264704066
333.4042778959399,75.97909391471124,0.01713685238448699,293.5745809900614,7900060.509046846,2.366084557683109E9,26379.024676090758,40.5083027685509
342.7007957031973,70.22050008278191,0.014999111534012803,293.541087434807,5684951.348250558,1.2913317378510623E9,25033.28696320447,39.42083795006089
352.0045948072486,64.83333988475668,0.013896546943475004,293.5167227621243,7268731.643763167,1.492174417217408E9,35410.32332629343,47.8063218797694
361.2433424823584,58.9005178703594,0.013163669630372797,293.4956123948307,1.0475571942670243E7,2.3667657650428524E9,46375.95962722315,56.66744212300704
370.6796618270558,52.7723575736772,0.012288220331985024,293.4716212570909,1.0392672491237251E7,2.8224348084558234E9,38304.8532368562,50.14533594898119
380.61399332340653,46.904631444255074,0.010994196639608829,293.44058111374176,7165843.918036257,2.5087221093810916E9,20497.54330098326,35.75559054626928
390.4186918360989,40.96024409986394,0.009010721526475028,293.4011246115227,4125042.553493258,1.5197228929335463E9,11218.11197761239,28.257060183941487
399.99999999999983,34.783089000000054,0.007116949005414568,293.36102311810646,1810484.2764804747,4.683397180320637E8,7017.021436630116,24.862239544800094
247.05033826279816,189.42333903205923,0.08384556300647912,293.48721146925703,2.214941401868883E7,1.543991029723887E10,31786.020248882265,44.87759212032828
241.17394871722297,199.05713048797733,0.09028352478456596,293.35112661375774,2.0426728793031503E7,1.4993004353247831E10,27842.234768577062,41.69069476247318
235.2941176470589,208.69853399999997,0.10000000000000002,293.15,1.6974909585520428E7,2.307354850529939E10,12488.812029294188,29.28388850853535
252.92169433177435,179.80203889943311,0.07734357066519419,293.5968478166123,2.2476719692451913E7,1.8392276877159977E10,27474.070466548834,41.39318825578536
258.7958929364851,170.20370158950283,0.07087158552268352,293.6769738597464,1.9116617929386344E7,1.5955155049216011E10,22915.770565128707,37.709713587973305
264.6868251974515,160.6459509834415,0.0641896976177898,293.72947655335287,1.1390598550738582E7,1.0185774381150385E10,12743.700634194794,29.489859098362285
270.6041508227926,151.13946143048625,0.054352356508665385,293.75951996729947,6765992.443902005,8.363164214875731E9,5482.234959678874,23.622008048232956
276.54715352933755,141.66541763947006,0.0420268381967323,293.7620143340025,5695269.07185259,5.230069977283775E9,6227.228833415986,24.224023299716354
282.5157208259085,132.1518592919007,0.0353878101483096,293.7468087054223,6540250.4636203535,2.3614163366649003E9,18126.88348562361,33.83990584694388
288.4662334867326,122.40682626431395,0.03224646926455033,293.7291476322761,9484202.096486157,2.1300502756058323E9,42243.94478246599,53.3284402282384
294.29354345531783,111.30392721015697,0.029748641417694458,293.70978316523923,1.2165910913741363E7,2.397091310261886E9,61747.52462294519,69.08890878616707
304.1390032839999,104.08156006379258,0.027954136662090043,293.6941823222268,1.3796274915055921E7,3.0759068519818E9,61881.34737012902,69.19704837989944
313.7145529074922,97.08441143723269,0.02586608893488998,293.67486812693465,1.3497819916409533E7,3.8852687831627016E9,46906.93128885119,57.09651013240789
324.36697146903555,92.80982426503111,0.02394349189887004,293.65603736371827,1.0000628941777196E7,3.8854403215363336E9,25750.01277048669,40.0000103195865
333.5657653831177,87.35649411136393,0.02107948577567353,293.6277608646581,6122004.847958162,2.652691432641232E9,14137.103787871629,30.615841444699637
342.77951372112614,81.60316926375253,0.01814381361180289,293.59582224566975,3734311.6124081737,1.2844311565763445E9,10859.77808602042,27.967497443264648
352.1224582918305,75.91160315030804,0.016418881575871222,293.5679196002807,4784394.158681813,1.2475333922887828E9,18354.84176426979,34.02411455698958
361.4965859131158,70.1289235623649,0.01563808169719091,293.5467413422211,9088232.343798691,2.1954521286129284E9,37633.89602622548,49.603148304023875
370.9618957728632,64.20006896466589,0.015018904272255005,293.5280149709735,1.1140433663551388E7,2.6111985402394857E9,47541.71125405556,57.60946363959432
380.5978333724003,58.29950539687866,0.014269887292663727,293.5061823189835,8074187.358390953,1.9969320212247818E9,32653.52053422038,45.57860245190131
390.32831074848895,52.340268052474485,0.013055612098962903,293.4755327540939,4384089.196255106,1.3521016721025743E9,14238.53652817688,30.697807295496364
399.9999999999999,46.377452000000034,0.01111426432536911,293.43768733304125,1985790.0574983929,7.851595506257578E8,5030.949833895013,23.25733319909597
258.8168094233737,189.423184268179,0.08470914308131673,293.47471493187817,2.0441315002651375E7,1.246991797837406E10,33517.921073349724,46.27710793809416
252.93923805255133,199.05714277221975,0.09088314033715657,293.3474618020172,2.1881480180727147E7,1.535639274280577E10,31192.504232033883,44.39798321781155
247.0588235294118,208.69853399999997,0.10000000000000002,293.15,2.142414793279376E7,2.6533171612048206E10,17299.884949611816,33.17162420167651
264.6890691690225,179.80086980426964,0.07913888694794337,293.57115696071236,1.711244126089982E7,1.1184749137601562E10,26202.977922548467,40.366042765739216
270.56338462559404,170.19992793477658,0.07329806349327472,293.6470908211829,1.0411315341865418E7,8.014741178902417E9,13541.320359590027,30.13440029057418
276.45518341060887,160.63897602616746,0.06496239028957827,293.70505242048256,5225320.845001514,6.04859592469414E9,4528.910046692551,22.85164448216926
282.3725352899542,151.1188125788931,0.050280075988341943,293.73848789971606,4132671.115652013,6.254470284687726E9,2736.8813149511693,21.403540456516907
288.31087899570576,141.58995023161884,0.039559971179091595,293.7457053823719,5389853.592016565,3.480513211122195E9,8356.87565336398,25.944950022953595
294.22431512117896,131.89822587951772,0.034908532978044034,293.7383459387667,8678061.906122547,2.943940853350511E9,25603.842700771693,39.88189309152521
300.1509287735095,122.13837649761365,0.03209741613214084,293.7251114228061,1.1240293942451976E7,2.775229478812482E9,45552.7428704479,56.002216460939486
305.0523188673918,113.74886325636322,0.0300995744663344,293.71151483765186,1.2293625846854914E7,2.767607217529906E9,54610.61216874743,63.32170680302463
313.7902922755803,109.88567920487134,0.029225841370427896,293.703518984089,1.0947021274601204E7,2.6691111482482376E9,44903.71213383425,55.47774717886502
323.62294942654415,103.9802756919917,0.027874480023571454,293.6902058888292,8529894.196530933,2.693171771066128E9,27027.537621402356,41.032353633461526
333.28391588651573,98.53376888813604,0.026291120839486568,293.6733319517957,5145133.033422302,2.4920177490403485E9,10631.254609385294,27.782832007594333
342.7365002230901,92.93365073276777,0.023639711099416847,293.6505648879534,2977156.81698278,1.9855040123378422E9,4479.49691829396,22.811714681454976
352.15975005173215,87.22916437751051,0.02073113182793362,293.62563117491055,3528256.7980152234,1.9931632660851488E9,6267.333724142024,24.25643129224858
361.6144044505545,81.4795746014017,0.019048082588923945,293.60216171000843,7482040.889060815,3.0359712177248936E9,18448.730753310436,34.09998444711757
371.1116469510348,75.65444450614376,0.01797997192835127,293.5811815699688,1.144356134001044E7,3.6032326772013664E9,36353.994336801996,48.56888431259125
380.6835803927974,69.77960362440213,0.017080803984187546,293.56058881276385,1.0053396988792116E7,2.6515091131498866E9,38127.21670804263,50.001791279208845
390.32714201713327,63.87202221270004,0.016088669663729932,293.53636859106524,5337226.936327389,1.2868202254353724E9,22142.87288113902,37.0851498028783
399.9999999999999,57.971815000000014,0.014780235203802191,293.5066791659597,2047211.835248682,5.236404797812476E8,8006.677075666867,25.66196127327491
270.5841457441929,189.4247294413908,0.08475632069963933,293.46143469539555,1.7057138218729056E7,8.828360052851261E9,32963.3316127807,45.828954838582256
264.704821807879,199.05772982920277,0.09085469242949729,293.3421933059242,2.0817435504735738E7,1.4033325651865858E10,30897.456722714775,44.159560988093894
258.82352941176475,208.69853399999997,0.10000000000000002,293.15,2.253041909072383E7,2.6891069184722134E10,18877.40479860592,34.44638771611179
276.45894299598837,179.80506622414953,0.07941094667458244,293.5514511213134,1.0895767366696553E7,5.596653204844111E9,21217.47486100405,36.33735342298843
282.33387170642476,170.2060856775463,0.0726268269309087,293.6296334704941,6081865.754901747,4.774015913901392E9,7760.226246020874,25.46280908768352
288.22146076009125,160.65178701439228,0.06077124260931738,293.6896019866753,4205293.558961793,5.548759652407523E9,3190.8985827816246,21.77042309719945
294.13128000973813,151.13856298122042,0.04864409689238929,293.72351996180663,5147484.113550686,5.638173361202846E9,4706.703438390957,22.995315909834293
300.0776498410782,141.62068383716007,0.040814106345940036,293.73820508369914,9162852.998824764,7.820135260048469E9,10815.462953630818,27.93168723522103
306.1487935309478,131.97955533594487,0.03585165056162645,293.7355722955926,1.0378001162249928E7,5.1884398444640045E9,20810.268969869838,36.00829815748903
312.7203681794877,121.49286103938515,0.03236733191573412,293.7225907379831,9196748.39910837,2.833655933534057E9,29860.670308102268,43.32175378430576
323.0703662410942,115.16343275780906,0.031406939476849575,293.7132154489096,7897261.638327081,2.8871813968411083E9,21624.62413872642,36.6663629404172
332.85590243252597,109.8233261165471,0.03142340481705664,293.7051253771721,6276501.493626376,3.4999759001895204E9,11322.083073877819,28.34107723142638
342.5567951356093,104.29915998138766,0.03138028193568087,293.6932795715608,3588642.3502635546,2.584980281764273E9,4985.953472947053,23.220972503403544
352.08504684978186,98.58864652110577,0.02898244472792928,293.6778034762597,3323977.4031079127,2.7773324526802926E9,3985.4477972790987,22.41248306848614
361.63816072850636,92.87585376127913,0.02531883124459525,293.66050327357544,6697870.881714731,4.847682962305005E9,9261.20050286341,26.675717578051948
371.18105604611173,87.11148744538635,0.022651071447665167,293.63941713005084,1.1636096364174156E7,6.358506696011973E9,21323.50316703822,36.423032862316326
380.748847479281,81.28447167197226,0.02074291218128428,293.6157183402161,1.183336229030285E7,4.728452991281635E9,29623.114198572537,43.12978925139129
390.3572377944664,75.43050907593738,0.019200243420781037,293.590913415142,6872636.65341305,2.1119061497379062E9,22367.449917959384,37.26662619634744
399.9999999999999,69.56617800000004,0.01771534570838232,293.56413885219774,2508956.920009952,6.479953179123485E8,9716.854907660141,27.043923157700117
282.3492037210638,189.42990531059502,0.08349712110489503,293.4537140405178,1.0472213310427397E7,5.574880425412729E9,19675.798616899334,35.091554437895184
276.469723779668,199.05950112203334,0.09009011757172293,293.33631872677637,1.4305011876213962E7,9.72485506454163E9,21061.225430452047,36.21109125695094
270.5882352941177,208.69853399999997,0.10000000000000002,293.15,1.8011075377010483E7,2.3369628171923E10,13884.083131852954,30.411380308600013
288.2250889828062,179.81763867276632,0.07652522770581888,293.5490231305746,8070255.333173067,6.152171862641374E9,10621.249898832759,27.77474739301822
294.1018859391581,170.22929629410814,0.06592162945706803,293.62836282546726,6814444.001098517,7.506901570804019E9,6191.04784705019,24.19478613907012
299.97799868640607,160.70787183782127,0.05639398040353278,293.67861786920577,6036906.5681021465,3.8812894934367194E9,9396.245437371153,26.784844797879853
305.86688573702685,151.23956053617343,0.050224240407976316,293.710791563961,9304585.859192824,6.685452066772529E9,13038.196463516097,29.72783552611001
311.80110879147054,141.91658080044888,0.044248869288907984,293.7299063501718,1.0740850222993867E7,9.889792697690088E9,11688.084921453272,28.63683630015913
317.9161907455236,132.81314489716573,0.038516371206161935,293.73238399687074,8235320.077047683,6.362122729212864E9,10724.845141573433,27.858460720490203
323.33347530709796,124.70708847115914,0.03524440521500266,293.72609790721555,7153751.431059269,4.0437445678561296E9,12718.117769734567,29.469186076566636
332.5462503316482,121.17745914123772,0.03652716095821762,293.72259490698565,7111732.0750187235,4.1338277175242276E9,12261.098095650917,29.099877249011673
342.31344522768603,115.80772830951076,0.037102051158376614,293.71723200015134,5921061.777938124,2.6398788154950285E9,13365.409690635439,29.992250255031525
352.0710809242002,110.11032300044695,0.036060558928721904,293.7103603059332,4385560.623137112,1.8552816761586134E9,10372.876732751434,27.574041804229655
361.6236243295916,104.36720044566904,0.03288317775796649,293.702004023896,6315659.842354272,3.542215462340345E9,11268.128412628083,28.29747750515264
371.2022721134085,98.60896221142852,0.02951107717645493,293.69017931450986,1.1108987105361613E7,6.636769739389103E9,18621.547807019368,34.239634591570514
380.78339204458507,92.81428360294316,0.02649603908140145,293.6714022259852,1.3124670428063253E7,7.823704041395394E9,22025.665867502725,36.9904370646944
390.38206799403696,86.99536066272542,0.023779859771175013,293.64635181082616,8459576.570931809,4.298047090225747E9,16672.84686573022,32.664926760208594
399.9999999999999,81.16054100000002,0.02139811522361516,293.6190379572956,3064543.526208995,1.194610491263034E9,7863.764091824385,25.546476033806233
294.1072183789205,189.43893686127376,0.07950273727520295,293.45429103887005,6908320.1611643275,5.8285043224711685E9,8197.800913915953,25.81640477891815
288.23259834547406,199.06165577459456,0.08841908279450067,293.3278286888679,6948560.512263126,5.475602746057925E9,8822.196159770116,26.320966593736163
282.3529411764706,208.69853399999994,0.10000000000000002,293.15,9629051.465109808,1.443078110436986E10,6425.9106054423855,24.38457422662944
299.98037537507713,179.83506704756311,0.0690673470833376,293.55631466096514,8257597.233228825,8.267058910089001E9,8258.132403553003,25.86515749780028
305.8635969671214,170.25556825999757,0.060275856655805475,293.62637856783107,9180936.283983102,5.206313128432954E9,16210.514758179104,32.29132505712318
311.69929927067864,160.81644674745797,0.055200110884358326,293.66876887191734,1.059904394361777E7,4.1026266371429234E9,27402.603353572984,41.33543705339914
317.5706196095434,151.48802986446515,0.05118132278227023,293.6983795069836,1.0680394002498008E7,4.729541273320239E9,24128.57235638691,38.689755439474936
323.24092498794437,142.38735974445,0.04644321409563773,293.71897196347703,8087808.515466436,5.19779909543771E9,12620.091258339422,29.389972734058734
330.4142010377364,132.88854452019797,0.04134882705664638,293.72585433810644,5919233.825661325,3.115202022946778E9,11316.661109713792,28.336695846229624
341.41978228803,127.31284667659868,0.04059876707951932,293.72419601289363,7061976.383348151,1.9505040613596137E9,25587.577534254608,39.86874952263815
351.5651928158859,121.67006530660463,0.03977819408368924,293.72327545668674,6847787.795514383,1.6121019213840866E9,29109.26513489595,42.71455768477768
361.5587713261105,115.87778425742637,0.037912279085354356,293.72188771356144,7154622.784410202,2.4372474561219606E9,21014.388014013235,36.173242839606
371.18641403554244,110.14163292232756,0.03512421696688183,293.7178540199207,9894144.93327468,3.952732369398104E9,24769.14396488993,39.20738906251817
380.7937366291703,104.3648951481216,0.032646321876278694,293.7092989554416,1.249573371350556E7,5.589085273541104E9,27949.012605471944,41.77697988325071
390.39411475782066,98.56832443973093,0.030118587735077588,293.69392099148087,9222925.930260714,4.974611980493373E9,17120.576144716542,33.02672819781845
399.9999999999999,92.754904,0.02709801990344862,293.67170878589684,3709074.3893936067,2.1657331503827252E9,6353.872033820469,24.326361239467037
305.85288924074956,189.44603414403366,0.0732185849482684,293.4605793183596,6912731.55255648,6.639685078553337E9,7200.895048284162,25.010824281407462
299.9895871571911,199.06583753192393,0.08486163400460099,293.3255359102755,4648064.549994336,5.171420355587872E9,4178.4951739444505,22.568480948645416
294.1176470588235,208.69853399999997,0.10000000000000002,293.15,4672720.162388106,8.608010771229399E9,2536.9232955541347,21.241958218617658
311.7180746667835,179.84391645859253,0.0639750631017159,293.5595974878034,9410118.148725053,6.13230229601358E9,14451.181624953546,30.869641717173604
317.5664805050303,170.3023105577124,0.058338852409011765,293.622302549906,1.1349909976472521E7,4.350412017647958E9,29614.446318218008,43.12278490362234
323.34139903606865,160.94357160649437,0.0546256020929558,293.66205686975354,1.1516014582807982E7,3.7821971130661006E9,35069.41223934141,47.53083817317981
329.182694722167,151.99211481380786,0.05089780206915059,293.6920081926083,9422467.36682468,4.0127003369936194E9,22157.645421587455,37.097087209380156
332.9285164061238,143.28052419741908,0.04633509881502747,293.71366633591157,7564758.173187236,3.8296586201308837E9,14953.069187964848,31.275207424615182
341.6173695150254,138.48644638487832,0.043698438389182304,293.71988291641856,7548848.776915702,2.1717479620364504E9,26268.345419463727,40.41886498541276
351.51920567689575,133.0978087875138,0.04232208749647337,293.7243695429924,8464214.328290308,1.6983788376780984E9,42221.86185488152,53.31059543831757
361.3943425931994,127.41983939552074,0.04111425823717701,293.72803904465786,7934924.360575774,1.7916297053947992E9,35154.724061510635,47.599777019351
371.14872175786945,121.69965413775019,0.03919821343869829,293.73010603488245,8862014.287671039,2.795764279036663E9,28096.67767071522,41.89630518849583
380.7902699546494,115.93665583754346,0.03706607192159115,293.7279496390369,1.1204729897532107E7,3.7308063471490655E9,33657.18594988537,46.389645212011345
390.3978034527174,110.14971754944294,0.03519415030188732,293.72111521275724,9357350.730609423,3.3379735523580685E9,26232.258037621184,40.38970346472383
399.9999999999999,104.349267,0.03309486290421747,293.70925817376764,4216356.451634808,1.8096436821209288E9,9829.121990530131,27.1346440328001
317.57749579664295,189.44047224393225,0.06976367504085583,293.46293018936916,7411874.82819635,6.595472996483005E9,8330.809080465857,25.923886125630784
311.73800483524303,199.06419738892976,0.08143681240386093,293.32993460226567,5679577.274379148,7.513505264066167E9,4293.858754228069,22.66170404380904
305.88235294117646,208.69853399999997,0.10000000000000002,293.15,4660030.319843281,1.1140557973572739E10,1949.517131727064,20.767286571058825
323.40717563303497,179.84307077098447,0.06220085604620871,293.556152989519,8797323.949669955,4.780508924604864E9,16191.00659496616,32.275560884791126
329.18527824313094,170.3214489700025,0.05760892649868712,293.6168513205917,8875467.94787523,3.2451716721512127E9,24274.6635216772,38.80780890637649
334.73902738454404,160.87301926193376,0.05376677440199532,293.6606798281755,7863157.178893571,3.091082728575205E9,20020.890066058662,35.370416214960564
341.2593356844822,151.02448884793134,0.04836789242630734,293.6982035878187,7574057.9387791725,3.8069083185911574E9,15088.946367480023,31.385007165676562
351.67598577155036,144.73643758914244,0.0450520683058511,293.71593388848515,7057926.462642719,1.8368134186717856E9,27133.314295582673,41.11782973382972
361.45278824712256,138.99827519626706,0.04374761172149682,293.7263224144386,7850096.822823003,1.7973254673432376E9,34295.416673853935,46.905387211195915
371.14960969573485,133.29199163884692,0.042557169596740864,293.73357561900906,8252983.980550704,2.236404686131828E9,30473.603374370145,43.817053231797566
380.8026928546438,127.53684513667108,0.040820654375920834,293.73669709081474,1.0308235566785432E7,3.255936976614162E9,32644.203993686486,45.57107393434881
390.4054521680746,121.74081139200949,0.03900602399187542,293.73476185174883,9541806.068402162,2.9262046016346784E9,31116.245714198594,44.33636017310153
399.99999999999983,115.94362999999997,0.03728868411901032,293.72915494091836,5049203.33491492,1.5587892779032915E9,16355.765147953958,32.40869910948199
329.256977145564,189.40458283618182,0.06924913269656817,293.454521191314,6011761.11740258,5.62881373134273E9,6421.463090595177,24.380980275258768
323.46791141356357,199.0481678071626,0.08035912486654288,293.32833281900366,5839119.249569607,8.310733201506218E9,4103.027656173013,22.507497095895232
317.6470588235294,208.69853399999997,0.10000000000000002,293.15,5568107.235477623,1.4977905688742064E10,2069.9714906229465,20.864623426800005
335.017230617366,179.75439560250956,0.06232503666613226,293.5461267573864,5461137.6715634735,3.354282728593474E9,8897.773291119056,26.382039023148028
340.7574811036919,170.08456083658615,0.05753660714448599,293.61339775140345,4410554.417038926,2.151845216000443E9,9042.044997120624,26.49862221993651
344.1834623699931,161.46023542697512,0.052974603457484296,293.6612753355106,4677177.009359421,2.5403889798279533E9,8612.67698881206,26.15165817277033
352.4928809630541,156.3169744500523,0.04938876761199868,293.689846932806,4561093.405117507,2.314914600786275E9,8994.250659201016,26.460000532666296
361.71433454272153,150.4946318682119,0.04720304733691488,293.7149348397899,6281739.488351465,2.4033392778513646E9,16440.217113897877,32.47694312231991
371.23500371672475,144.83034504455404,0.04602308940063746,293.7305983993278,8614248.641700225,2.966346287669443E9,25055.0746799842,39.4384441858401
380.82010762186826,139.13235376288054,0.04454630604432091,293.73869955516216,1.0475447320366384E7,3.46138147668483E9,31733.252172747143,44.83495125066631
390.3969638385406,133.34069107893893,0.04266027286944518,293.74086270936664,9575202.822717933,3.0874565096300073E9,29701.64047869186,43.193244831311574
399.99999999999983,127.53799299999999,0.04081220127279437,293.7389608880086,5531215.931737522,1.6583833218012497E9,18448.42762677124,34.099739496410095
340.8846277190616,189.34295026360815,0.07212389121587008,293.4390855264939,3536750.552341251,4.147728627316747E9,3018.917239033199,21.63144827398392
335.1617314032361,199.00281018994917,0.08178991721257084,293.31648793598464,4016143.9616248026,5.918445888925796E9,2727.141088976567,21.395669566896597
329.4117647058824,208.69853399999997,0.10000000000000002,293.15,4776395.453522603,1.2316138755468996E10,1852.8841057076504,20.689199277358824
346.59159105576407,179.5312102781984,0.06598924557690435,293.53794037057975,3549698.1026830417,4.236317079042992E9,2997.450474528879,21.614101393519505
352.4027996602159,168.69500152786728,0.05883238150368843,293.6262723526651,3360758.073107832,3.9027697112095137E9,2932.7174452182667,21.561791874950963
362.0563940060742,161.82047817531674,0.05466568528905356,293.68055974235386,5572350.554505199,6.139670840411473E9,5083.8175156354255,23.300054558054594
371.3788594364003,156.28633551805868,0.051819081241447025,293.7152917504161,9073873.618436547,6.744690651091716E9,12220.039243522782,29.066698378592445
380.8832727715104,150.72905918119994,0.04931081617931806,293.7333009043335,1.133551647963489E7,5.755470780547268E9,22369.82225232339,37.26854323420094
390.42735114819175,144.9517367640066,0.046872753973615705,293.7401868343097,9632976.68753916,3.897608412741752E9,23842.47296380453,38.45856401116066
399.99999999999994,139.13235599999996,0.04459828415076069,293.74195784395914,5208847.332350577,1.8342551556797802E9,14798.988283500095,31.150697602800076
352.40003521394095,189.4027127274564,0.0808245221712115,293.4266176556371,3143511.6545243463,3.9129547514918876E9,2541.592297444294,21.245731149440697
346.8328030382969,199.00559471182933,0.08657066303725279,293.30285007730885,2291292.9495305223,2.981649336698663E9,1761.9884652649496,20.615748254777667
341.1764705882352,208.69853399999997,0.10000000000000002,293.15,2753899.5964860893,5.550913319318393E9,1367.5607666382393,20.29701880132941
357.91150589358153,179.87563939951278,0.07620858895406803,293.53140900397074,4403245.718748242,6.017519072977951E9,3258.5349433119936,21.825078742046255
362.88022159765984,171.50230996979127,0.06869878661919479,293.61570509376054,5864912.447599377,1.0001214330694824E10,3445.316228823887,21.976013114201653
371.4692678363932,167.62761571791913,0.06583068114194413,293.6601808089315,1.0233033722443705E7,1.8079118857092373E10,5793.3900049346785,23.873446468656066
380.9148797687585,162.2158712631222,0.059181871921422345,293.70518026572387,1.399592009054269E7,2.0197782958948315E10,9822.485316314645,27.12928106368346
390.43046635893273,156.51934767130598,0.05374362765252134,293.72612646223075,1.0716144240528041E7,9.185149911865274E9,12524.595605674289,29.312804529788078
399.99999999999994,150.726719,0.0497895480123224,293.7353978562012,4948185.695048698,2.746782833879324E9,8929.214444382602,26.40744601570883
363.71455519953076,189.61221498985842,0.08630459996080776,293.4196723337388,5497625.540507154,3.222043442053744E9,9382.539041122363,26.773768922130483
358.45460066059013,199.05253729211205,0.09108182649085211,293.29880952168475,3159166.0183910704,2.215665096059359E9,4504.966911486557,22.83229649413582
352.94117647058823,208.69853399999997,0.10000000000000002,293.15,2128878.067345546,2.7418114518580875E9,1652.9907487105902,20.527669291864704
370.46682724808386,179.77764330455759,0.08118623110912092,293.5313944864629,9141709.04594663,7.335979034550194E9,11401.662515604648,28.405383851056687
380.95877707798195,173.84349426375746,0.0768771918540102,293.6020689479381,1.4099719869551957E7,1.7744978802964603E10,11325.157575681347,28.343561677274185
390.418459717355,168.09645841715366,0.06930780630059084,293.66272252785205,1.2050856169901313E7,2.0581278672234653E10,7067.0696364028945,24.90268253449082
399.99999999999994,162.321082,0.06050387283496838,293.70053900656364,6099175.531303902,9.07158738349273E9,4140.87305548136,22.538079236731065
373.2965802712986,190.4325040652296,0.0880827409901091,293.41002986663005,1.1306981575495634E7,5.459861065023811E9,23422.99929309072,38.119595388402416
369.75778190968975,199.1322531502818,0.09239825335971925,293.3033096198915,8854920.925532885,4.864361705079556E9,16127.086619148542,32.22390837912506
364.7058823529412,208.69853399999994,0.10000000000000002,293.15,5496683.839728161,5.905038796315196E9,5116.906790946516,23.32679336638239
381.7897544818653,185.44536214897767,0.08607122419323597,293.46496669288877,1.3946021884344632E7,6.980035551574158E9,27899.24821821329,41.73676623697687
390.74163653137316,179.62359741301535,0.08284479676455463,293.53094107660644,1.1518664548504584E7,7.954918790000594E9,16686.804753262168,32.67620586122586
399.9999999999999,173.91544499999998,0.07778045130588533,293.5973816411566,6097431.9395457925,7.195614282373855E9,5212.50010077005,23.404040485500037
381.90420020559685,198.2992991645008,0.09239369254823891,293.31776928036624,1.4754698471287727E7,7.132499260010058E9,30564.767690324865,43.890721365921316
376.4705882352941,208.69853399999997,0.10000000000000002,293.15,1.2898566544190384E7,1.3051997489664917E10,12746.96818770002,29.49249954561178
391.46870168546616,190.83529088937414,0.08900911446551535,293.4041470551538,1.1919082493600361E7,5.189903160594736E9,27388.373105735936,41.32393786322212
399.9999999999999,185.509808,0.08652901415019658,293.462944546388,5829637.0452185245,2.8250211913648496E9,12048.859554295734,28.92837135702854
392.32163920174196,200.72716581077492,0.09388217009111643,293.28375203545215,1.194395724670598E7,6.559321040150314E9,21749.58897356802,36.767344625093976
388.2352941176471,208.69853399999997,0.10000000000000002,293.15,1.3873119467847677E7,1.371548196376348E10,14032.955317094156,30.531681064352966
399.9999999999999,197.10417099999995,0.09201059904733273,293.32938535375894,6210260.736834549,2.8697724711123767E9,13458.927340666889,30.067820073286033
399.9999999999999,208.69853399999997,0.1,293.15,6382466.2400442595,6.122765662250969E9,6655.835405070097,24.57037204450008
