% Model,Untitled.mph
% Version,COMSOL 6.4.0.293
% Date,"Jul 13 2026, 18:20"
% Dimension,2
% Nodes,1735
% Expressions,6
% Description,"温度, 温度, 电流密度模, 体积损耗密度，电磁, 插值, 插值"
% Length unit,µm
% x,y,V (V),T (K),ec.normJ (A/m^2),ec.Qh (W/m^3),sigma_map(x;y) (S/m),k_map(x;y) (W/(m*K))
5.186259706787365,5.426382487173998,0.005359813317306988,293.18287520582265,1489168.5735140294,1.2082048682812285E9,1835.5031058099605,30.62073373640326
0,8.02686669230769,0.007525388248131906,293.19660498555334,1026277.1048221868,7.418826767146367E8,1420.2763304814755,27.97275093199961
0,0,0,293.15,932691.4813021894,1.1089474340839221E9,784.63190441,24.0499215021
8.000000000000005,0,0,293.15,1655026.5119395133,1.875371354467097E9,1460.6875960960006,28.298467513660004
5.938915658854948,12.072654868809938,0.010143363279965255,293.2164010303306,1709441.6500123607,1.1190620664523966E9,2611.62001097493,36.09307883248402
0,16.05373338461538,0.012970698640806709,293.23424955997774,1245738.6083930389,8.012397877949429E8,1937.0237677776743,31.505693120554714
16.00000000000001,0,0,293.15,2035179.3915398198,2.0402396148676949E9,2030.2407703340004,32.488520792
11.992382875081873,7.0323908747523625,0.006205434502614487,293.19151350321755,1979835.8051792176,1.4060576254685204E9,2788.5519054560245,37.64947431821452
6.232368637569322,19.99334721429732,0.015324983371737112,293.25055684534476,2046637.4611749973,1.3845004913863142E9,3025.530539022227,40.26749490671539
0,24.08060007692307,0.018468754799011933,293.26723560860285,1524839.1738954037,1.1167946021804323E9,2082.0051176447228,33.207702411281105
20.293026314858164,6.458845537494772,0.0050774630109275696,293.1877281820386,2072951.4132344776,1.372111347876393E9,3131.968706470299,42.41725535059093
24.000000000000018,0,0,293.15,1892454.9800348077,1.6111478076766675E9,2223.057059102,35.31048362008001
12.227913066815365,15.895463929317732,0.012029946297180237,293.2326818082284,2271742.285737734,1.4540912606287324E9,3549.834642033998,44.98766353667349
17.909591394349174,12.354629053811198,0.009085761506485856,293.2161903247026,2227272.794403837,1.3816726208459916E9,3590.499963345005,46.978645219710025
6.403027924054784,27.957076102359533,0.021215370177014335,293.28196436879017,2352989.559124203,1.9236415916093428E9,2878.2440781045843,41.53928571170997
0,32.10746676923076,0.024991748144005274,293.29795040600766,1771939.5933716751,1.580369222708441E9,1986.7693418621993,33.45630500706148
28.18673843817782,6.499489998111091,0.004318619365128599,293.1868075272392,1708027.6243228356,9.790885703630582E8,2979.903337510658,45.656853579541064
31.99999999999998,0,0,293.15,1528980.7333196017,1.0641581834163738E9,2196.9861024500005,37.233029956479996
12.824355175690831,23.900554923758232,0.017396097957211917,293.2650736673445,2560981.8025649777,1.9215049469471827E9,3413.4485429138645,48.01192999302796
24.508192909026207,12.959739535262415,0.008446947028798543,293.2171341348149,1968528.8085481736,1.1421960858378294E9,3392.7959353116053,50.975534109039764
20.024894971644326,19.71192060314356,0.013314261228501462,293.2462784270612,2335324.4147163616,1.5697631757686443E9,3474.4062058509917,52.244382785034986
6.43752006579382,36.02918676995293,0.02844403353266235,293.3118925522522,2589235.5742097325,2.5125640598047633E9,2668.316653846607,41.6539591221524
0,40.13433346153845,0.0326503939145375,293.326568968669,1925933.0942227226,1.9417162073728473E9,1910.3092719654069,33.30829469338518
36.079036183708666,6.518038130995055,0.003576631452627301,293.1859571606067,1346379.929228592,6.423462336569319E8,2822.1851143714844,48.49974944490719
39.999999999999986,0,0,293.15,1258557.5910141228,7.212721115489465E8,2196.11832155,38.80463948079999
12.826180457785403,31.964821123238274,0.02408834207794674,293.29596235267354,2782615.1308826394,2.5879851050428276E9,2991.9316449977528,48.34679566031354
32.24754597945243,13.062228920793599,0.007179044550983179,293.2154739286256,1503565.3325028792,7.655166413120624E8,2953.213583964482,54.34308087290213
19.22500064229744,27.88531255792267,0.01951747859927977,293.27852451824947,2463382.1073963665,2.1276443503842754E9,2852.188793906717,51.893779018001446
28.396483729661323,19.67812201097979,0.011511318305664457,293.2429116291756,1720847.571114042,1.0978941633283594E9,2697.2819020259108,55.03048031287528
25.094538290625593,25.343325225123557,0.01617522895615288,293.2662526530595,1946128.5468946535,1.565069399199775E9,2419.998566429113,53.18991092900917
6.4253962786353656,44.079793981717316,0.036584752051659654,293.3393961243784,2713662.15187925,2.8358260700756316E9,2596.827206581053,41.12362355399801
0,48.16120015384614,0.040929391114062824,293.35262689865436,2010008.5589740945,2.108316173703664E9,1916.303179491398,33.02501977380897
44.06386554488637,6.509263783674769,0.003022287070125054,293.1855174239661,1141626.5896835641,4.548864670553057E8,2865.2189534917147,50.59669215396446
47.999999999999986,0,0,293.15,1127136.9928353128,5.657315198624438E8,2245.656790992,39.2707331475
12.850945117364668,40.01229514733019,0.03204576648985496,293.32483706976035,2896321.8374881037,3.0381760184688187E9,2761.1269533668806,47.99351568452795
40.16879030761144,13.050955492788795,0.005965970439087171,293.213988181169,1158221.9483876035,4.8171245016016865E8,2784.823445524539,57.58893906428293
19.216233821510862,36.004501238106116,0.027214720659007017,293.3090703393913,2510718.4137981744,2.644140741577181E9,2384.1041811589785,51.08882157327826
36.256775150526806,19.695754646533068,0.0096357428276999,293.2402319486112,1214904.288256423,6.701397353173754E8,2202.6189996188095,57.44894905471323
25.5806020865615,32.14599617307708,0.022025910043694665,293.29231042989704,1855163.433368121,1.9202504352537105E9,1792.3585884096603,50.81126413446594
32.246955076692615,27.295763135022547,0.01562464935276681,293.2705815318638,1309026.6582395765,1.1246210114784791E9,1523.977909249932,51.67086815075499
6.444906228122773,52.13248823476659,0.04505402562270727,293.3641255608274,2760382.3361279764,2.902817286061975E9,2624.9771798643756,40.42560085939015
0,56.18806684615383,0.049306219051314853,293.3757189699489,2038604.344132723,2.108511032009712E9,1971.023599189514,33.089060169302336
6.4583788802537825,60.17647280047237,0.053420539129952475,293.3856073040629,2742701.3495678366,2.813732736177263E9,2673.4746492636464,40.66970604850888
0,64.21493353846152,0.05753377551395313,293.3953853857573,2040631.932453828,2.0771417225547466E9,2004.7645526823355,33.812313902494026
6.470479800168133,68.21560090842215,0.06165083644585357,293.40348540293166,2689660.685314341,2.7504434784479694E9,2630.2390560472973,42.46801031028269
0,72.24180023076921,0.0657201637184275,293.4114359633803,2025490.8877754956,2.070011349669855E9,1981.9403663954029,35.12882709616009
52.037271645583644,6.492378778725289,0.0027135220348029226,293.1856106097793,1063031.5343079034,3.7556609397000283E8,3008.977848700905,50.84247830608705
56,0,0,293.15,1065663.776621173,5.00212715373334E8,2270.31288614,38.52552406652
12.87858786397839,48.06107223682411,0.04062230455980959,293.3510743862419,2939126.7531908103,3.174424735211331E9,2721.2962097234163,46.83153231053382
48.11081517669027,12.997528096895753,0.005160098534244337,293.2134945940197,1024592.3620692278,3.5526332771434313E8,2954.976525120892,59.58034987501831
19.252158638937544,44.03363313692529,0.0359412219875217,293.3370622707562,2496074.886053565,2.79914678639492E9,2225.9303278961665,50.27083202781254
44.2581510856549,19.523785878047153,0.008034085211639333,293.2382294120999,955044.21157305,4.167144152928285E8,2189.0061511095296,60.2582031151204
25.557406753037373,40.08507006598159,0.030767759877003493,293.3221182285279,1749840.046084621,2.0852672512272425E9,1468.4794787701233,49.33009344544826
40.776934365215574,26.155198879171078,0.012163744465400791,293.2633924476206,876754.5326370392,5.974709860608994E8,1286.8067436866206,53.20324152503971
31.75043650966827,36.03017301822449,0.02453320562341617,293.3051402348349,1168519.5816458282,1.456804030143816E9,937.4069225947552,46.70524401884316
38.419014444662075,33.60467859855845,0.019343206588082387,293.2934670400262,795078.1170751196,9.367911981650089E8,675.0417095740199,45.55718736903245
12.897190514396021,56.1270329150384,0.049253592679219006,293.37423100213124,2899222.6262637377,3.0635059677869086E9,2743.7641900768176,46.12320472471257
6.477787861496221,76.25006395436502,0.06986104446498496,293.41779186657476,2619803.6043881574,2.662152758562709E9,2578.158277231218,45.1374664987572
0,80.2686669230769,0.07379515620918609,293.4240706137868,1977166.323984096,1.9461771180476835E9,2008.6621757603862,36.62808671028781
6.482153072474435,84.28017854271422,0.07775581842102375,293.4289753186154,2506918.1205150443,2.36789902087471E9,2654.126376421859,47.29436524156575
0,88.2955336153846,0.08129674759228511,293.4338969820776,1882186.1308942223,1.6588553816954129E9,2135.593166136604,37.49234479459382
12.923008420131586,64.17636849554465,0.057651633407643905,293.3938273921289,2813343.3251656145,2.9058622818176055E9,2723.773749421131,47.238114558726664
12.944990347361674,72.21903542603549,0.06596030263649512,293.40988195079916,2704934.9304179843,2.803212436074641E9,2610.1157645981275,50.256406450696936
56.04670083431437,12.96723161455231,0.004756146238750577,293.2140143992529,999842.2597474451,3.1469989522214025E8,3176.67597389928,59.7935053923747
60.013840491325446,6.482322919563852,0.0025692078728143278,293.1860024546431,1023947.2007546764,3.401481172485289E8,3082.4797098327094,49.46092460652596
64,0,0,293.15,997858.2909601321,4.5396236140147644E8,2193.400277572,37.030543245880004
19.29045254286355,52.102623025638216,0.044971900656102744,293.3618936510127,2437594.244682441,2.704655282635549E9,2196.974564945569,49.78145804195259
52.095556213111635,19.44205291202712,0.007183821739133754,293.23824119859404,913220.4489240403,3.440296677252056E8,2424.443213455437,62.758338442200035
25.642618289392146,48.104008076020236,0.04039893077760282,293.3491359266381,1662056.6970369406,2.0032667777971249E9,1379.122551636848,50.723139387943725
48.622991344972945,25.93347408709214,0.010519032964510441,293.26202742795573,781407.5658040546,4.401457924368358E8,1387.5511213261925,56.75630773818548
31.90239117215392,44.192108753536274,0.03518768839372799,293.3357656424633,1020807.2080929411,1.407301658179924E9,740.8049959231847,47.9538925544583
45.59364258527431,32.43489661127506,0.01597212669866301,293.28753747171976,659382.8028443219,6.593216195329176E8,659.724821091543,47.982518809043825
38.34262905821226,41.16818909177545,0.029865322753639695,293.3240253702511,655731.9366261329,1.0736298250200592E9,400.64031553087904,44.77259061861227
43.43099383632767,38.10592361167183,0.02381929518068989,293.31111044793244,586676.2698735219,9.444266100171006E8,364.4518948958414,44.30811922830364
19.34456982817795,60.1443096081517,0.053742860148643455,293.38287406734077,2330924.919722739,2.4893009096516194E9,2182.650041707766,50.36629502616382
6.484495926326883,92.3082691285676,0.08483716506964754,293.4377660949933,2370196.9698771522,1.9368730865382357E9,2900.4928221752634,47.196545125821046
0,96.32240030769228,0.08781626482829563,293.441630180303,1735943.9729110321,1.2870018267882802E9,2341.496085825275,37.36176806935988
6.485336376836145,100.33562275109601,0.0908215441393405,293.4447700851178,2185280.315690424,1.477378403182978E9,3232.393376109092,45.382562363120606
0,104.34926699999997,0.09324209325082822,293.44772909002955,1557175.6676992644,9.536355972156553E8,2542.6882234999994,36.5778688528
12.957845343977032,80.2580422995454,0.07416269870020133,293.42271058017826,2583405.3471366125,2.590791063831533E9,2576.0442583329545,53.44533153510729
12.965183675959238,88.29155461548113,0.08178711010919983,293.4328808323687,2459442.748404886,2.2091542598646774E9,2738.0948700591866,54.26522880048259
19.388911270298482,68.1824910192721,0.06224514359725492,293.400368107965,2197661.962306472,2.3149923290962954E9,2086.2892900844636,52.11661800772357
19.421472055808877,76.22264449575609,0.07065571168747614,293.414910167228,2071707.5275988171,2.1667673591901813E9,1980.8280660727498,54.257236444758426
60.018206440099824,19.432149997863025,0.006825888435434882,293.23934656486205,946973.4000481294,3.430568895589249E8,2614.4116699050096,64.33249229259974
64.01495747449415,12.958112756527731,0.004574297743257416,293.2147624387023,970046.432363578,2.941525777033816E8,3199.0141404232218,58.51179342640514
68.00305925506682,6.478814993787581,0.002497778696203473,293.18626537187333,942071.1358641428,3.035214083309404E8,2924.089497906511,47.65024673608462
72.00000000000001,0,0,293.15,899094.0062829038,4.004985014097109E8,2018.41141528,35.980413151659995
25.711251755097987,56.159134608935226,0.049953631110397155,293.3717286334515,1562924.0827876348,1.8096732079127352E9,1349.917797711727,53.766138489508556
56.21182807512122,25.867823314905866,0.009884990099170335,293.26274890013616,844459.0757037657,4.5794876869491595E8,1557.7315905563398,61.66071331451429
32.05584586936905,52.22416101268298,0.04624182147264014,293.36087267995725,935746.0745326063,1.2702674620434954E9,689.6707974267052,55.490057233020586
52.823157100631285,32.28645225890656,0.01496123113120476,293.28713713399225,725818.0740155849,7.155330956027133E8,736.6160333730859,54.029158819831025
38.39961445113531,48.452138168787044,0.04245864279242257,293.3497789974453,590906.8049357458,1.0667370267651774E9,327.53361993021514,52.70593052564802
49.488838238324504,38.523717528849176,0.024030574179473244,293.312360477827,612922.0902050128,1.166721187700815E9,322.4280355902096,47.55866029276624
45.31084485516523,44.79813622790103,0.03758512386246893,293.337140973226,495887.56453618064,1.2693710301343405E9,193.90749631253064,48.171380183915126
25.786820075985457,64.1746557734864,0.0589921511344798,293.3901423242451,1452919.4519181347,1.6207173658179443E9,1302.5272816061708,55.54990852231743
6.48530776293111,108.36257499631503,0.09579627112427604,293.45025786867177,1964684.1261106587,1.1171008495444038E9,3455.3646038505726,42.955535594139455
0,112.37613369230766,0.09780439427757565,293.45233364413497,1338596.9423909858,7.034081020130118E8,2547.3760994203058,35.37362433478652
6.485477123680083,116.38968735173701,0.10009246684704519,293.4542169825872,1692500.6003713042,8.589556886029209E8,3334.969442122074,40.92400862832597
0,120.40300038461534,0.10186576578711558,293.45538998134765,1103804.8434729315,5.368882271347882E8,2269.363950656465,33.852236773418184
12.968796824140824,96.32116676131095,0.0883931458127787,293.4410411413091,2320931.6986184814,1.7532981660722513E9,3072.3594973414674,51.705601345490756
12.969599616512312,104.34884167646857,0.09389416366048325,293.4476198386338,2168969.0103605315,1.3669987613436024E9,3441.441796767294,47.41709836549682
19.439071680620433,84.2651761518203,0.07873406039692434,293.42682189677726,1951245.0636637195,1.9007145455018253E9,2003.124679304263,55.37905001901998
19.44817779757805,92.30290545828284,0.08595892891100154,293.43646406411693,1867452.3650929993,1.5747832243809726E9,2214.5259891769037,53.03728485571535
25.853972424870058,72.1927672078776,0.06768713945822392,293.4058434365924,1333826.5456016539,1.4708095270687854E9,1209.6084555907373,54.198102095691304
25.898493016988407,80.22811210851764,0.0760929974660544,293.419542692122,1226231.231393045,1.2963592728587456E9,1159.9036060263509,51.748581942788554
64.05168622067558,25.901854614360353,0.009734390720080642,293.2640031942474,906963.3723344794,5.101113469060332E8,1612.9721575515587,65.54663478614121
68.00793782615838,19.432416972784427,0.006675478082541861,293.2400274238881,917267.1015956681,3.318114500225368E8,2536.025585058598,64.21832751807732
72.00477087658568,12.956001964406362,0.004476997418781711,293.21485795909217,886635.8318323655,2.644816617073135E8,2972.317247314211,57.36885599670156
75.99999999999999,6.477870020307598,0.002450022339894014,293.1860844617732,844473.9898745009,2.6738182127339152E8,2667.1853274627574,47.046005611478314
80,0,0,293.15,813203.1254227523,3.553026032400371E8,1861.23239706,36.0031097524
32.13576769271395,60.214252322404135,0.05666064436931543,293.3804819847819,887209.3866744038,1.1776748672529666E9,668.5547617025778,61.99368291557597
60.34924213369777,32.32917773199791,0.015010819724222269,293.2881710166625,864038.1024395721,9.322039473726077E8,801.1104263139886,61.66196406479754
38.43968194296219,56.322793804404284,0.055999373605824944,293.3714359697021,614682.5288981212,1.1945182020462544E9,316.48179146683015,64.56373466084712
56.772685529148184,38.71683154123612,0.025389663695344237,293.31308090291526,796224.5975450282,1.8636432986211393E9,340.7710278628205,55.19299097777671
44.628114718317654,52.61043685392432,0.05659616625722052,293.3620777774309,534521.1576855483,1.5356563326711104E9,186.17518662826714,60.54613889286811
53.36303231079701,45.12317643097839,0.043508956418138976,293.3376974724701,702792.006671053,2.669943825655497E9,185.14654034856218,52.62208364577257
50.098560720624945,50.29449204046791,0.05798639705213802,293.35523628989193,600149.4545886872,2.1164869526593018E9,170.18814031933195,56.46790287791473
32.233984312920875,68.19690537009119,0.06625187715983878,293.39678262843864,829140.4857195994,1.096884543587757E9,626.7965826783894,59.89246832183557
6.486248633356059,124.41746306004198,0.10412030103468028,293.45653608275035,1396866.8528745451,7.057770418573098E8,2764.7666739922765,39.07614639153664
0,128.42986707692305,0.10592158263023473,293.4568016223493,869114.9928749442,4.5548944837686014E8,1658.5017431711178,31.725262643872668
6.488124468953515,132.4455533292683,0.10856470809132683,293.4570994616493,1084392.877338166,6.671703533320125E8,1762.9272399418303,36.6750466270293
0,136.45673376923074,0.11096562745509157,293.4563908674928,683392.7139177948,5.040188520417513E8,926.9043168685935,29.069265854676534
12.96922589493014,112.37549629417417,0.09856145614026988,293.4526909032799,1970129.4013532826,1.0891941569925175E9,3563.5796437504578,43.96316855707958
12.971173254102652,120.40333562550165,0.10278733432698027,293.45609616655616,1726711.285996192,9.13685109417502E8,3263.2543051719585,42.14897798637029
19.451925635471785,100.33472471733097,0.09206457139742476,293.44429900664977,1791579.7030976412,1.2673510877305253E9,2532.660357148619,47.869317504308505
19.450933943074002,108.36271380985345,0.09721274379994747,293.4505995921781,1724751.128515984,1.0648500459810878E9,2793.61619038291,42.440080572125105
25.92050404199084,88.27355557377587,0.08381994743453704,293.4311079067959,1157913.9571777058,1.0947767157709818E9,1224.7155739356456,49.02740775077671
25.929931897079907,96.31583320513799,0.0905122541171638,293.4405084501794,1131460.6014833448,9.175113471369328E8,1395.3254563054127,44.779217223242064
32.31823647533152,76.20629482081385,0.07510766600007955,293.41158804441244,743727.8126457898,9.511907218461832E8,581.5424678513999,51.92294673240509
32.37373570293937,84.23882932736869,0.08309811967119317,293.42515204613306,659390.0137281684,7.586431901268076E8,573.1475414401352,45.024199087757886
68.10787299453534,32.368532084085494,0.01528234429284443,293.288835928633,920922.6883195828,1.077116778738929E9,787.4224482126373,64.80745811275959
72.02084621404984,25.907031611876132,0.009655673226514757,293.26405239164,871017.834830652,5.012591894380813E8,1513.7608427210178,65.10796345571303
76.0026707037948,19.433057002415634,0.00656945883790619,293.23943053704426,827612.827115523,2.967002340014152E8,2308.7842691664996,63.07616985986815
80,12.955740040615195,0.004411306962970253,293.21403335941017,790613.8138297688,2.3231581510275885E8,2690.626305367532,57.20736622823164
84,6.477870020307598,0.0024258846829046704,293.1854906233312,784537.4987080828,2.4685845373150954E8,2493.4038608985506,47.709324933894045
88.00000000000001,0,0,293.15,808043.3820826653,3.5192680229250133E8,1855.312296378,36.766964396860004
38.54578428430111,64.25356190392952,0.06815127302480996,293.3887351786786,664462.04569303,1.394448007304657E9,317.03742038155315,68.47443023064977
64.43983995442447,38.794926153319174,0.027143348838835877,293.3136697022694,974398.2990670282,2.670781915764831E9,356.3229490022775,62.0390350730217
44.77820574700872,60.324496758403825,0.07338840866020423,293.38100522685266,622897.8684592665,1.7704875839530306E9,219.17805920509474,69.99573086973466
60.855086937908595,45.30007348845647,0.049488109071132484,293.3380434612207,965926.8275095591,4.336324795221412E9,215.17551651522538,57.60915384686255
50.664987825363866,56.66314972262159,0.07671429844181644,293.3729530635194,695496.8733774675,2.0250666643760016E9,239.0040089830255,63.62363586877077
57.07280160918036,52.393348084547064,0.0735292933437512,293.3614626310703,891245.4301720399,3.036146493943858E9,262.03701135348507,57.59064787223468
38.68351825937224,72.21662350486282,0.0784275928775231,293.4041555847293,643913.9833347426,1.3513275404401228E9,307.20379329633084,58.83553109007212
6.492393191362233,140.48024251452082,0.11501026047539602,293.45562173941727,847610.8879129841,8.594130396693736E8,836.294123666096,33.37544735713564
0,144.48360046153843,0.11962768878280323,293.45361989396974,569074.7846427113,8.277625231719046E8,391.41259028285185,26.228200992463808
6.508349427567222,148.52633858141687,0.12776603004140583,293.45116322921837,702658.217112223,1.5827770012839966E9,312.02941324309313,28.933061030414198
0,152.51046715384612,0.13861382575608114,293.44687043057155,589299.0094851888,2.0053008883375041E9,173.27691554094804,23.466196781813945
12.971078054822584,128.42898116047746,0.10710569561605386,293.4576829278924,1429981.085522188,8.460182624054648E8,2417.240072058461,41.168891161887906
12.97926888139524,136.45953105002033,0.11258561752075273,293.4573037097062,1125850.0320535812,9.459887029227705E8,1340.1544038532802,39.41881379284991
19.447114374400375,116.3871305918978,0.10179518242249143,293.45527192215786,1629843.8574905898,9.54755211876823E8,2782.353651922643,39.57649321681216
19.44538567224691,124.40659312639669,0.10629364019547127,293.45804997975284,1496874.7930870631,9.469196265368274E8,2366.4445423197726,39.20997151791059
25.930935737647985,104.35034320956989,0.0962056851848992,293.4480751637318,1148311.791332102,8.230588690134548E8,1602.1156477053644,39.22365162579005
25.923277504710384,112.37810271869266,0.10127348986087865,293.4540170474197,1185429.2127517278,8.210234282124063E8,1711.667121744298,34.88262983341132
32.399014937051184,92.28583184293207,0.09008684815570638,293.43660958597684,627370.5325332737,6.28737503408213E8,626.0217484179813,41.80408055287706
32.40591850421078,100.331616425289,0.09620079515441993,293.4456015067967,654379.3513751472,5.959764938188132E8,718.5224570560582,38.77375521844255
38.78417793856925,80.22320315067516,0.0866962211232135,293.4191113742847,554992.2722224072,1.0603406325499126E9,290.8042835846375,46.84477511337698
38.845958934505255,88.25450231737878,0.09332844430923114,293.4327877657452,464533.4777804773,7.68425444890482E8,281.13066330269,42.20035932378088
72.16057395782893,38.82265332761541,0.027984712567522625,293.31411645687257,997726.7315492827,2.912700407095876E9,342.6010064266111,60.459504476876354
76.04952243290931,32.37557807962853,0.015182457386457784,293.28844593440317,853381.1669209931,1.0079137535800799E9,722.581794227326,60.48011189074065
80.00385207770414,25.910329077707257,0.009474102334346422,293.26276174983735,760230.3890134968,4.25252393474442E8,1359.3875003948008,60.917839590706194
84,19.4336100609228,0.006480752656495538,293.23787954391605,730512.1935871323,2.535572215650518E8,2104.9929398389827,61.37323214821766
88,12.955740040615195,0.004414776896009751,293.21280411734364,754619.7696923934,2.2021708898178425E8,2585.9146414830902,57.267829104256684
92,6.477870020307598,0.002472802776162707,293.1848194018748,820228.6712748125,2.636623309871032E8,2551.7481745441005,48.229772760740275
95.99999999999997,0,0,293.15,905502.8513114572,4.11771252272072E8,1991.2631863919994,37.19456744232
44.98968412524456,68.25975404869995,0.08627753551007787,293.39752757159255,676627.8929258802,1.7078238275613115E9,268.2726603133793,65.96934446101284
68.52842937491836,45.225080078067755,0.05259991247192414,293.3382093052268,1113374.3853112564,5.265791193348423E9,235.45574523517897,58.77063034118618
51.256095695446135,64.2669991829965,0.09186561895364269,293.39077408113457,803435.2947461996,1.6361663815211391E9,394.7293686780588,65.46334206122002
64.95373284898322,51.54707864259032,0.0768088026461111,293.3593445406879,1154908.8858994213,3.9305008978107E9,339.638573558931,56.3882174749125
57.37953744607491,60.57296429221907,0.09310970852774124,293.3836914480568,975545.5677922835,1.8372509306736128E9,518.0542376035411,59.53225052512594
62.6569051716447,57.197931283551554,0.0906806274925562,293.3758873164657,1153156.1207094623,2.4916399877076173E9,533.7737919311573,55.63852946925213
45.15932955799518,76.23237982304008,0.09538165542816213,293.41341663067493,634772.1796291939,1.405373229796041E9,286.99939309613507,53.63986709201776
6.53943731254968,156.60104342805158,0.15542651250241798,293.4410178044564,661108.8922657808,3.050055151466198E9,143.33745909538936,24.438470463755962
0,160.5373338461538,0.1741989075604845,293.4324639377329,590915.9590638067,3.1376676549773526E9,111.2951586152659,21.410563309367706
12.999922094339192,144.50342873938058,0.12194382500974178,293.45447315455425,857796.0826537795,1.3680498407546885E9,537.9307958621093,35.503532291303145
13.023321442674174,152.5786866208132,0.14195686919196118,293.44749911873896,749008.3429523408,2.689115986265682E9,208.77765307396865,29.282189306512226
19.47974422433612,140.449490552966,0.1194841509872095,293.45717816331984,1019125.3490996215,1.4064181064014559E9,738.5417852262782,38.523756049157335
19.453996225507016,132.4233873000755,0.11154833828924561,293.45876068572903,1266393.6841395935,1.0464211251949296E9,1532.864630140157,39.79979294873121
25.91136258949537,120.39609348541808,0.10620370248758526,293.45812400502547,1218489.0185467536,9.185851201072019E8,1616.5413490866629,33.420047871714026
25.906789320414898,128.39713189787147,0.11174148479079825,293.4600307358099,1183547.279125534,1.1362984307044945E9,1233.0372396086548,34.60501497822178
32.399669317450794,108.36877767907879,0.10181648634682773,293.45258998210625,740856.9088386713,6.803032676755219E8,806.9161405568216,34.32548663319364
32.378723020289335,116.39516048276505,0.10743681080895433,293.4578583210376,860920.8438809501,8.960093270183148E8,827.4383500266568,30.71940337311238
38.87193590906068,96.30240486117404,0.09918790191067355,293.44351740064855,434764.17477427557,6.456746610124209E8,292.92580968310637,42.762186204657276
38.87363435168017,104.35142138206868,0.10512158716328514,293.4513832503342,487132.9314069327,7.388455243044791E8,321.2828473357085,41.45863221605302
45.248338269542266,84.25043707479904,0.10202642037948519,293.4288779386075,519846.1642519476,1.0821420692951486E9,249.90893183155308,46.20873455485623
45.31263171404792,92.27568838339697,0.10761028668221784,293.4415359428936,416409.8378657349,8.904685904249004E8,194.780427118445,49.832780773633765
76.21041427325578,45.2558061001982,0.05260486807735043,293.33959906363265,1068866.712388214,5.056961751844153E9,225.98082912213155,53.70099980058216
80.05670803445426,38.84415523439256,0.02696949426570332,293.31451635245963,864827.4237763165,2.3902253995723815E9,313.6155093084263,52.155474780420555
84.007077627184,32.385998331394575,0.014510437910359443,293.2873938719379,711234.4347780873,7.656571161357981E8,661.1030370402867,52.415528399395775
88,25.911480081230387,0.009243307377252132,293.2610160557893,665283.1190045724,3.412493436021218E8,1297.694409338751,56.28974179703173
92,19.4336100609228,0.006522271787060195,293.2364139348725,719460.2042331985,2.4172646706830955E8,2141.7065720253845,59.696528591278316
96,12.955740040615195,0.004579626773356806,293.21190241283415,835943.1501747404,2.506264383785683E8,2788.2529899053498,56.68868870671589
99.99999999999999,6.4778700203076,0.0026386290324347233,293.18442433064683,967502.1239761454,3.304927478671513E8,2832.4650687828002,47.82134632453918
103.99999999999999,0,0,293.15,1094780.384671083,5.480708535669578E8,2186.9463493679996,36.78595936096
51.49420128201639,72.28805395856676,0.10180413331499553,293.4080343468072,830057.5131556154,1.3175217106487212E9,523.0117750728123,58.015995647140926
72.56218811989643,51.63033064234766,0.07912923812966222,293.3611283653658,1225502.3828674012,4.1117753602894516E9,365.56595058125794,53.30648526751787
57.87954639357584,68.4054590815187,0.10417674980775517,293.4025637966966,1123631.5795351376,1.4807580875776644E9,852.6466917731533,56.90235114037341
69.03708544877638,57.938209296421135,0.09497661715025574,293.3796309406371,1342991.7354657457,2.612037348441141E9,690.5124615988535,52.06059746972243
64.74688798123863,64.51089839807906,0.1038089535747776,293.39619483436405,1418089.6820962722,1.903933498910025E9,1056.2805618620298,52.656008724313956
51.60859978294493,80.29640404375284,0.10911858694335776,293.42480462495945,737942.1932608307,1.0907079377663848E9,499.3023904458219,51.381521504718535
6.52866264293838,164.63976312505696,0.197169338410378,293.42100811210315,587662.485878514,3.2954148171182036E9,104.80574875442186,21.468248810804653
0,168.5642005384615,0.21787723782146898,293.407035498912,557609.8860729132,3.0769318983187027E9,101.05585966936837,20.374010895183698
6.503573374402482,172.79458359286716,0.24172552533183822,293.38912433646965,537925.4196765035,2.8812417183118024E9,100.43108493704392,20.32895724777406
0,176.5910672307692,0.2608457100623823,293.37098809966636,521699.0897464167,2.7194478585289693E9,100.08306996068832,20.073582636482037
12.977507133659682,160.5988601413699,0.17855932932022298,293.4326345160755,641536.7741373989,3.522391937269581E9,116.84818193110391,23.907195601857936
19.521581730054766,148.47661904580877,0.13486993213418105,293.4523575276644,814158.151628899,2.3238264191832905E9,285.3365766628054,33.595269550303094
19.481235944783474,156.42915270176914,0.16476598835554157,293.44163343519546,701914.9051358005,3.547083972602035E9,138.9186563688279,27.109976698899768
25.98006891997703,144.339157042509,0.13297852715371142,293.45619669905506,864824.936163121,2.3438490717895675E9,319.1581801482669,34.1237877623766
25.92437963949723,136.37563555414985,0.11944655873867437,293.4595400547282,1054425.2665222615,1.5562425338485527E9,714.4794138749115,35.793922538531156
32.35156290840749,124.40202801254128,0.11377816889688865,293.460999471511,974666.2881418313,1.299631864135788E9,731.1824515233037,30.155724660922733
32.340231361040395,132.3691874625551,0.12229705956138003,293.46149272896236,986284.7089291805,1.9234806170178492E9,505.7741807918178,32.22720060442233
38.851131751898656,112.3923882585053,0.1116988624812102,293.4573132174521,607074.6344465496,1.0703902308800086E9,344.4183149728676,35.74600238019719
38.80492629035831,120.4218085368544,0.11954043129375576,293.4613850237263,757608.8860747189,1.6991554923735034E9,337.90440577572434,31.71884768031833
45.33702479037714,100.32285572432647,0.1136858541164677,293.45041579347156,392034.2056965884,9.415548823372445E8,163.28279074854638,54.04720242287883
45.32936905623772,108.37602550483892,0.12168179441326331,293.4566993422747,466004.51342373947,1.3763822269677603E9,157.84677620164982,49.519306892012736
51.70598742171321,88.2893553163048,0.11582131712887626,293.43930314742175,563461.6955776162,9.24008752810503E8,343.64346262501766,54.88182008495064
51.772984153287204,96.30526490176544,0.12363697557741438,293.44959119350784,438681.7863592531,9.51622325406795E8,202.3024662900095,63.77561985942514
80.25036104480466,51.72595268586708,0.07726380688754377,293.3639079339671,1116231.9314413203,4.037528650954254E9,308.9451597184621,50.2011307963248
84.0659217466715,45.31534475804425,0.04783280539527519,293.34169397540137,886627.0179521437,3.9600287373312793E9,198.55601828976987,47.78359841762943
88.01168590855127,38.86160498204611,0.023934987158994045,293.3149027073398,699229.5083874617,1.5500056082417383E9,315.96020074409574,45.37720478474363
92.00299972360438,32.38782610179688,0.013584719286915506,293.28638788255677,633297.634807535,5.549078830454274E8,723.8338568044375,47.83706486002547
96,25.91148008123039,0.009224164620565216,293.2598735225235,701742.7270739987,3.2653885595110685E8,1508.7768858233937,54.288516554374326
99.99999999999999,19.433610060922803,0.006804970409179747,293.2357268711405,866311.6048947229,2.917890418608158E8,2572.2350738077544,58.74319789216353
104,12.955740040615202,0.004916907674563026,293.2116203175833,1059943.5080189223,3.340598650217558E8,3363.1460075829964,55.7657430577541
108,6.477870020307603,0.002895432474897744,293.184381079821,1209211.203630408,4.4524083948287743E8,3284.287664472767,46.93728923462161
112,0,0,293.15,1329239.0550317762,7.443078267061158E8,2373.978204088,36.19691624224
57.93023377164444,76.42616583194122,0.11212252412258983,293.4206904543075,1126751.1289107357,1.3331521811879156E9,952.3096802748368,53.43948394613057
76.52487868350985,58.10501931750182,0.09614520859435789,293.3826187058619,1327013.6953853595,2.7158619648520675E9,648.4184309660095,50.00603706922623
64.21157243842973,72.7145517442003,0.11276547382672464,293.4163285610648,1570443.6879302522,1.768509961085639E9,1394.5695253285303,51.930690797673925
72.8944212647525,64.63349221715173,0.10687370718647494,293.39996570997124,1606104.228217935,2.200529272352382E9,1172.3234913402002,48.93968508554588
69.80313483753402,70.10901997675474,0.1126718032375428,293.4131459269062,1831053.2209860135,2.170887090561361E9,1544.4549249702693,49.450216903150576
58.0487075564984,84.36274790140585,0.11954508668010157,293.4368212893631,971012.617947551,1.268681138209932E9,743.2047422032314,55.175667386104486
6.5781593289771125,180.70602075544025,0.28268734205983476,293.3488383376132,503715.84503618366,2.536731287313873E9,100.02282832959027,20.0503593714691
0,184.6179339230769,0.3015461609922175,293.32632275723427,494683.57784818305,2.447063621429558E9,100.00266609976944,20.007732037600537
6.470926793548354,188.33241256858207,0.3202003415021016,293.3029172880888,482863.0923956676,2.3315570151690063E9,100.00086613899248,20.004988303187805
0,192.64480061538455,0.3405067917265418,293.27434142812325,477532.6396955655,2.2803803406404114E9,100.00010276284615,20.000683194438437
13.119151407941741,168.70881909142628,0.22298103941441583,293.4061201034274,558489.4296044916,3.0742737687822514E9,101.46237577149208,21.025409624802624
13.82543176555079,177.17179890396906,0.2675926963665032,293.36702997525634,506695.4824407949,2.5648096363939624E9,100.10206703066956,20.187733833329958
19.465519781545872,164.41206333332127,0.20619208514948764,293.42087746459225,583372.2431568732,3.2620329215428033E9,104.33416156882595,22.417923264516173
26.006498894681993,152.2351315093856,0.15822851051178952,293.44825230477505,746379.0249417848,3.5357122337580223E9,157.59228798135015,28.99010326760602
25.891346628463797,160.27059850391922,0.19581956375441034,293.4318491598098,608620.3836065439,3.4013974481166244E9,108.90838137328215,23.90969685040349
32.48030755119802,148.0685777611804,0.15944214593938255,293.4529782106476,776890.490425306,3.8502199857622066E9,156.8016785277199,30.070833114090522
32.37350543018233,140.26807683931466,0.13603064228277564,293.45912914410457,909127.8255204055,2.90930943463233E9,284.1915395250882,32.937446149738754
38.75377011927798,128.4242340895232,0.1300143231037956,293.4626580990321,871475.6158135763,2.689767282884752E9,282.48560152108297,32.927835673995475
38.72788040638035,136.34234775171487,0.14566555746870893,293.4607447743051,888507.1379029314,3.927105792824608E9,201.16036733015994,35.59953210794402
45.28989945917353,116.43020844130102,0.13214116142057195,293.46113289731653,597332.4267498832,2.2520335269944186E9,158.5042996211063,40.93944146105316
45.19110168182721,124.48201283686168,0.14567624941695093,293.46285564190833,734453.8153016606,3.5429417869142623E9,152.3236385473198,38.574831833959756
51.79774554276813,104.35011201985714,0.13465393522318625,293.45638404208313,422662.972582269,1.3513843058967464E9,132.23788422839837,65.23876204968234
51.79375081437657,112.4086146375607,0.1498121181659624,293.46083399328444,527242.4096958712,2.3847298761184697E9,116.5769394779311,54.28704224491213
58.16503845187787,92.32717198403661,0.12855210570337108,293.44895985446107,732386.1925807336,1.293726166234664E9,414.6211181719654,64.68250046830622
58.23993247738827,100.33943762849215,0.14221010337965942,293.45680595175924,566972.8685103009,1.617011760866595E9,198.8159257547451,70.88965279998332
84.27639486514391,58.250839901227096,0.09382296331343903,293.3853597690172,1127357.8532372813,2.8682585697801366E9,443.24163503596793,53.46427941220794
88.09699022712613,51.79116577797881,0.06870265263746832,293.3663251811568,953651.3313921526,4.0962016212291207E9,222.24624904627126,53.23840186256399
92.04143835697896,45.32894643985308,0.038087913941944405,293.34289794622435,768730.2984791258,2.70851068844481E9,218.52617019494292,48.03461079552984
96.00680099274673,38.863667349358806,0.020389415993502743,293.31463304663515,668819.1369683117,9.868679240310221E8,453.87207419163866,44.81500876562843
100.00134726347743,32.388547301493965,0.013043213670785264,293.28556695607267,739431.2126775292,5.1236655149831253E8,1068.1627494145887,48.51752185928529
104,25.911480081230405,0.009494011284156409,293.2593721464106,956883.5448374227,4.157720237985515E8,2202.5953206581685,55.6398659742297
108,19.433610060922806,0.007229006283062125,293.23558025050846,1192902.6254083158,4.041686715308339E8,3520.9373232994512,59.317481442846606
112,12.955740040615202,0.005304497998854524,293.2116366551449,1359901.0521301692,4.433754339995861E8,4171.093725628387,55.62479619772318
116,6.477870020307602,0.0031536711930208535,293.18443972564023,1445347.9740035378,5.645318278820474E8,3700.7570059355144,46.57086439130469
119.99999999999999,0,0,293.15,1486491.8998635337,9.106452783661628E8,2426.5350316,35.72330493039999
64.32465653875333,80.50582104845115,0.12065798759677933,293.4339307494508,1568930.1770314202,1.908320698421997E9,1289.911786733757,53.27649996432282
80.53963638878,64.8200045793028,0.10816134666437076,293.40295476534806,1449109.6334482965,2.2881987453919425E9,917.7484744944387,49.935161411163854
70.45299035912181,76.7013601074084,0.12032959250352014,293.42984365661374,1988320.5077628195,2.4436813360967536E9,1617.8620410474152,50.19649769389584
76.66803166392707,71.99397573731731,0.11761062889530007,293.4212894774992,1874674.4962793512,2.4517521203621354E9,1433.5179252082037,48.1211169355705
64.50730238740806,88.38869497796739,0.13009362247073317,293.4483363497174,1328194.7729443582,2.1651767329320316E9,814.8001635982391,59.30703087086527
7.254091339081503,196.6301452217652,0.3597199836086778,293.245805325597,469322.8164444585,2.202643309476471E9,100.00002361897985,20.00035817820326
0,200.67166730769225,0.37842416994582684,293.21554906450086,468298.82055871026,2.1930425780670953E9,100.00000159092309,20.000032972061536
5.50341009778837,203.5331613729263,0.39186700571595956,293.1929117186143,465321.4560968155,2.165241435907748E9,100.00000067745233,20.000015239747178
0,208.69853399999997,0.415863388806006,293.15,465492.04189907707,2.166830411891918E9,100.00000001299999,20.000000688699995
12.669024040361046,184.72832831337698,0.30422660903117843,293.32477424605185,483098.7250124123,2.333759105761088E9,100.0039992598354,20.021388946402556
12.4143941973273,190.63033810931805,0.3322479294903222,293.2873140000892,471365.7656777658,2.221850790573217E9,100.00038571803495,20.003674980005517
19.774344628938426,172.36905454893017,0.24794161363426667,293.3892115112032,514988.2329708357,2.640544522442535E9,100.43976349490129,20.590804791405215
17.899110531511663,182.50578327115323,0.29581389826117954,293.3370093679226,476396.61768018734,2.2692676782583637E9,100.01205400140738,20.05051537598053
20.25448366812825,178.36276341189298,0.2776154768958929,293.3594347806107,481976.62751069135,2.321968057160937E9,100.04528663596768,20.139800853879418
26.62582881914723,169.0059637558752,0.2402529014297419,293.40163021532175,504805.4717103053,2.5330603779472814E9,100.60517272870798,20.901871631773087
32.68243206026096,155.82414448297118,0.19272630426338586,293.44051863408725,633166.1306204852,3.5747304715303874E9,112.15195536504855,25.505155774345965
32.84832123915862,163.05526907752645,0.22561638383628058,293.42097967782746,519685.14510552195,2.642597358225316E9,102.20233459233687,22.229090802391884
39.06994285176202,151.64739469743898,0.19908231934637485,293.4457655445007,664683.1324503744,3.961756775331654E9,111.52407290757708,29.79507077217747
38.76868957776299,144.09681239427752,0.1690552025046297,293.4555436510405,793753.73572917,4.576524864256491E9,137.69836985821894,34.739037478233286
45.10826371214489,132.48628340301357,0.1641177215848418,293.4609723124062,813467.2139501959,4.8931693706802225E9,135.28839793431266,43.84997660372153
44.916078108511044,140.35246873687103,0.18721786026160567,293.4560507350756,801293.1008195548,5.367302335515276E9,119.63581633665342,45.664350052794816
51.71871269035275,120.48224178794077,0.16812489987732296,293.462613022708,660019.3437892903,3.804793172835234E9,114.50125308354994,46.8370228548067
51.59961394257406,128.6117173475711,0.1895907670590402,293.4605289106972,772253.9846496455,5.157127914912759E9,115.6585497637062,52.36025369672199
58.271802980974805,108.37597532573523,0.16319001723456375,293.46140468429707,550232.1717263326,2.4545700177808647E9,123.35168853561127,63.91897944019342
58.22936708184387,116.42999079120494,0.18823028353407356,293.46293969136406,624782.3689689189,3.531206051260984E9,110.55920724863999,52.88893744875782
64.63959918686275,96.37052887350437,0.14437446718934413,293.4581381123926,1032141.8705522771,2.772576420598398E9,384.25847708556716,65.81005569683283
64.73490940132376,104.38100454002068,0.16858143385617763,293.46350242076954,791760.9562190236,3.6719262824869876E9,170.7895676999324,64.43009790460509
88.33224757387373,64.73165836533607,0.10628543324764554,293.40374578420125,1108906.742884055,2.4384122367385116E9,504.3400495265277,58.12629562647772
92.14048521787572,58.26955191496548,0.08430020431590605,293.38637464042523,996231.9571834239,3.8634936228878455E9,257.2849837111202,63.46831857385907
96.07021254871317,51.797411099530024,0.05228610755175076,293.3665259334175,906076.9716337108,3.818818859846615E9,215.19608450211425,60.30432216255702
100.02432023477421,45.33297314206641,0.0290678022616373,293.34172735504745,787328.3810599662,1.6189298911102934E9,383.1211854026205,52.04791775773854
104.00395765161936,38.86385107906831,0.01821169033549096,293.31277492063873,888871.4609676003,8.766883240375875E8,901.8281968079351,48.564856782056175
108.00053004812837,32.3887322716624,0.01293746269012719,293.28422614342634,1111260.6070380332,6.506294964422469E8,1898.5272932373648,52.68079614353081
112,25.911480081230412,0.00984169328330761,293.2587413268208,1351424.6130134945,5.557219885485467E8,3286.6402517899855,58.591118173670914
116,19.433610060922806,0.007619796716885498,293.2352796560695,1520533.6466226578,5.108071328211608E8,4526.292291413808,60.649770319379606
119.99999999999999,12.955740040615202,0.005629407021297384,293.21143581462326,1564586.8600539807,5.2019052497343796E8,4705.913307377603,55.87130339524822
124,6.477870020307602,0.0033573611593587407,293.1842695723752,1462195.636467603,5.95998355810412E8,3587.5318971427223,45.75933668526332
128,0,0,293.15,1302828.823223287,8.481451489073162E8,2001.27947899,34.24802415408
70.78569936110598,84.45499813903186,0.1302460409438436,293.4468397501876,1977123.4623950107,3.181437926261049E9,1228.8475908745675,52.976336778256375
84.54205680675702,71.20498199016686,0.11901860180190028,293.4210756499078,1484966.5152735151,2.479250696999601E9,889.5854141380405,50.236972309391696
76.9248473149808,80.42979399869505,0.12931511925214634,293.4427270001211,2183583.9814802646,3.5955015647647834E9,1326.3292541311287,48.80280490268698
82.36324616311856,76.86660191292236,0.12752502393399215,293.43613248241144,1903442.7458899107,3.367479641717386E9,1075.993085230217,47.71151429579997
71.02483764445265,92.38460608867598,0.14479087036082375,293.45974490312796,1702846.2776545407,4.484085048208953E9,646.6712115395268,56.87633871644443
15.718290738932405,196.20411520801312,0.3587850788706608,293.2482730379893,459660.1568279455,2.112873206183431E9,100.00014636827717,20.000709759836937
12.262959149860352,202.96692633517438,0.389518354083032,293.19723404051206,460394.8789828346,2.1196343036344593E9,100.00001380319613,20.000053614446475
7.999999999999998,208.69853399999997,0.415863388806006,293.15,462870.4857223267,2.1424909553189812E9,100.00000059719999,20.00000289968
18.95673000245559,188.83589330972126,0.32574668307777194,293.29816587066676,460524.11107859015,2.1208126581546423E9,100.00110957041649,20.00636755909318
25.35565233131667,176.55291879709603,0.27359757084438424,293.3673591089775,466087.6367167931,2.170641258475453E9,100.0802657215866,20.214126555347494
23.675293410772632,183.06989326951464,0.3017247656131763,293.33246919775996,454327.44738486555,2.0638858410493212E9,100.01239465123662,20.041404226054706
30.869950202282443,174.71835323331476,0.2717864811895757,293.37454570242375,439066.3156781729,1.924116680583908E9,100.1918688258275,20.283923138227166
34.31836277230489,169.8667868953766,0.25721511942433084,293.39494005441014,439993.04375706735,1.9244350751979663E9,100.60080687682593,20.75156734925358
38.49995532222258,166.02993833051698,0.25147304793692216,293.4080625535458,439682.8024859509,1.8906225632599888E9,102.25374937187887,21.900749787776064
39.92466201175729,159.49469851368343,0.2322228382836678,293.42811427130033,515581.6906997127,2.5637808575736475E9,103.6918112718489,24.6748020536132
45.33209368358486,154.55187205009904,0.23637201384780396,293.43648218684126,581964.7922193324,3.0078254786561112E9,112.60767124407671,33.09578478714434
45.22945169265417,147.8457234642665,0.21448606380260063,293.4478005576812,709352.9924767883,4.471824961047064E9,112.53042046587952,40.84185731529957
51.5058765428273,136.70681536381892,0.21354803983863888,293.45521088244044,819992.9038412903,5.523819717179373E9,121.74022809228957,60.64482648406179
51.041271645934735,144.241806761345,0.23333480443515645,293.4481282266643,764365.2492545253,4.452632520667303E9,131.2543133743982,57.89105984288644
58.14546390653523,124.52135568879042,0.2132220002256793,293.4604926746562,717961.6812697453,4.325900935856347E9,119.17965372837614,53.52611212823796
57.952454198993635,132.88326763739246,0.23632533425382865,293.4545552976651,794675.2725876685,4.232032887984537E9,149.3046090119578,67.25909405739985
64.76333150279667,112.38805476118294,0.20084911323793955,293.4647362795127,728495.3999610151,4.1520002690436845E9,127.84802274782949,54.18880828582858
64.68314059602716,120.40370254601976,0.22935449720928489,293.46158302822727,715329.3312942098,3.595979086412163E9,142.35770633565986,50.138652035919044
71.15177732205795,100.424979418792,0.1700303999546726,293.46705832126116,1379438.0838843563,6.76339299972074E9,281.66503421210535,57.42228070673364
71.29461979221735,108.47757494099302,0.20747171639424855,293.46831887028407,1102651.475346496,6.725559525391692E9,180.81595856103806,51.72614164661581
92.33626098314858,71.11816203327639,0.11983002464156796,293.4208336518439,1037312.6131857083,2.539055262671537E9,423.8660919385804,55.84629346047382
96.15994264117884,64.72586759702287,0.0982788415698997,293.40355177029454,917483.0619509293,3.4509308750432754E9,244.1961955791384,67.24164254779778
100.09512131850919,58.25482682290278,0.06553953583632964,293.3855349940789,945265.0850625067,4.356054522051946E9,205.23151948520032,70.74935153183475
104.04362477539989,51.79327127682121,0.0383615960214612,293.36415813665513,976898.2615540061,2.5043789700080113E9,381.26542833869786,62.756760713613865
108.01336538786974,45.33132040487951,0.024406601180186494,293.3380515002673,1070415.6373360222,1.3521779110967667E9,847.588102669345,53.71979948809092
112.00208485241869,38.86291246307393,0.017250071378221047,293.3093139195376,1284404.205174227,9.817951289329253E8,1680.5820313270217,52.1305423879503
116.00019824788903,32.388608913263546,0.013006908739098167,293.28205554207284,1505887.0608439508,7.919025602162538E8,2863.799934399238,56.39091555324446
119.99999999999999,25.911480081230412,0.010137115710538847,293.2575079072903,1638873.8230433462,6.494299874347137E8,4135.872486850537,60.78270076010542
124,19.433610060922806,0.007924031544052308,293.2344456415122,1576372.5246105278,5.26717544337151E8,4717.854102024656,60.75420052592886
128,12.955740040615197,0.005879110403196246,293.21073619219663,1377972.2755613716,4.65409521697089E8,4079.9254048935513,53.99813657465261
131.99999999999997,6.4778700203075985,0.0035126685155482495,293.1836455414322,1116565.684781729,4.71344832751489E8,2645.182307259136,42.828688168986844
136,0,0,293.15,850608.4399043111,5.780750721950694E8,1251.629150677,31.603897387860002
77.47591163678213,88.32394621263563,0.14479169463231248,293.4597343491544,2219499.947047588,6.00810088481036E9,819.9296625380565,50.18749755486812
88.77503201819361,77.40707492187289,0.1334499808874742,293.4385724103313,1515390.2543041415,3.7107069446325E9,618.9842217358723,47.94999752792185
84.53497918051197,84.20861681104373,0.14517813090021234,293.4557336943967,2148218.419446894,6.3865860042015085E9,722.7093064499824,46.213433203949975
77.54260734566985,96.41153110421543,0.1707981382318614,293.47058321206435,2102252.7760203932,1.0812804618835867E10,409.4969827331433,50.98615841819959
23.533425325033317,195.73852462252634,0.35811395339406293,293.25086841677444,444735.32379966736,1.9778381737417545E9,100.00347519832042,20.002399406598936
19.888144419836355,202.4228636495735,0.387569706582209,293.2011759795491,451025.79840386246,2.034238981092316E9,100.0002784847325,20.000288920398432
16,208.69853399999997,0.415863388806006,293.15,455463.4995119935,2.07446937573051E9,100.00003137859999,20.000038387459995
27.241807450452303,189.06755114580307,0.3298957407452068,293.2953949719358,433716.56476634863,1.8806294632206008E9,100.02659553973837,20.013959925261318
30.977640122565962,181.7889717491604,0.30119393287105195,293.3380379429248,418936.63309699774,1.7528589837146163E9,100.13013525015006,20.082285095910205
36.760313039350656,176.5955260305629,0.28632918715111705,293.3637151760019,386138.0353595363,1.4756574086882467E9,101.04643986770905,20.383341882348706
40.80836859967809,170.7967619734506,0.27229889147658737,293.3886272065817,378154.8261615671,1.3787700702618282E9,103.72316905422322,21.32716152982768
44.40552007337844,165.2151376099928,0.26337202709434376,293.40818118025777,405284.7660952312,1.490483854210849E9,110.2077660505664,23.96010690264166
46.27665751241079,160.08507105828136,0.25512526036225014,293.422769379203,483616.0232385504,1.9667705211329613E9,118.93173630151196,28.570247515217886
50.2851062811849,157.66386241251683,0.26198474808078825,293.4262348039015,519560.302824844,1.867706489768935E9,144.5588994385491,35.56685298951344
52.24711498072552,152.18213768442334,0.2572417203600961,293.4358330999249,656731.4210256215,2.5915691366885877E9,166.5221333462678,47.49708300394627
55.479965627779166,147.07343911203202,0.25821665375567593,293.441162248334,721190.4138970892,2.654721809901229E9,195.97832206241372,62.711922927701316
58.83318841956126,141.66972345134488,0.2588641853993292,293.4453031663229,790967.064454669,2.67757950205236E9,233.8987003846351,73.7051323711571
64.7038988167997,128.2832259785522,0.25029723487626293,293.4551237584385,740617.3626914369,2.687921701566395E9,204.2662509801597,60.29191272166903
64.72304951673222,135.73973228166543,0.26365996115915463,293.4477166066372,773751.8951763309,1.803802828547907E9,331.98592298259035,73.2704547464657
71.2519030593053,116.38873753515347,0.2383982053432514,293.4640851384657,903362.5457464145,3.804342988895264E9,214.73055594777585,46.87408130754536
71.07335235198228,123.97226410938863,0.2564437600828939,293.4568555990667,806274.2960972199,2.0496294931943257E9,317.2534605349672,50.373078077941415
77.66573490483867,104.53768314762902,0.21069573935346894,293.472750741852,1694917.2915812694,1.0701204979207136E10,268.5553307747193,49.543474563326406
78.40468826768675,112.86966711821901,0.24498487367133095,293.4670357244219,1332836.1616930712,4.4398400047892065E9,400.47689816550024,47.32805097465075
96.39676034142923,77.64967712823369,0.14160353708605714,293.4387588635091,1086694.8507688877,4.235779485813025E9,278.88183840207904,47.938255468181275
100.1902566072979,71.17979586390395,0.11674725082045824,293.4204378598642,793057.0181108299,3.3403633943863926E9,188.38726943545942,58.367350644507205
104.1123819269655,64.69187646642713,0.08140123971845827,293.4026438731021,903258.0223364444,4.620290269052768E9,176.63531698661225,67.24963595313774
108.05993741768854,58.23444180812474,0.04939666991467342,293.3831000574383,1040818.2527449704,3.3531671921410823E9,323.2829461464109,65.3039967432644
112.02511265935767,51.783363321158646,0.03164049196955971,293.3597761511174,1182995.4842858664,1.907942651075162E9,733.5230321527484,57.36961111891373
116.00709810301817,45.326871603133846,0.022407579453088158,293.332769596158,1384634.9351171486,1.3221367837254834E9,1450.271592145689,52.377411359797954
120.00109739670624,38.86134453202712,0.01688560653337318,293.3050906113518,1586710.582933586,1.0563124114062629E9,2383.555774559909,53.71077855590506
124.00010051720503,32.38835194322285,0.013138672973517493,293.279372762661,1603296.9989251315,7.943962288986441E8,3235.9261372911296,57.43923354907589
128,25.911480081230412,0.010387644511089018,293.2557522525449,1465580.96831421,5.694769585940089E8,3771.7833891696796,59.629813752828845
131.99999999999997,19.433610060922803,0.008177416769987999,293.2330644760669,1214742.6060612986,4.07914567080873E8,3617.443310820657,57.34012084645166
136,12.955740040615195,0.006091287485387008,293.2094214162646,905710.565920767,3.126923949511419E8,2623.4118537231593,49.0954461479265
140,6.4778700203075985,0.003640465623999438,293.18242853656335,612034.676539262,2.6735009700278533E8,1401.1620632357842,38.00971463592916
143.99999999999997,0,0,293.15,404753.0878052676,2.820503130805977E8,580.843453699402,28.279273164420015
83.8656324406549,92.24308697770401,0.17116430452482678,293.47088414454987,2493447.959901403,1.3472589788733908E10,462.68343194138487,46.92606797396423
92.75266153553217,84.30321490968913,0.16160824057533618,293.4572027162039,1789378.4919778367,8.92427962448174E9,359.7353672388586,43.575264367585696
89.5395265058796,89.83555307074116,0.17769128262159312,293.46881990556477,2263876.3887485014,1.3419212319881813E10,382.08390704442047,44.53671091929161
84.07135717895804,100.55557243689695,0.2132114852048594,293.47577420681483,2352940.9508756525,1.481391385796522E10,374.2237443498747,48.14557502710124
31.58218332133633,195.66941923261444,0.35919809266352254,293.25101564421203,425966.6099563023,1.812957879046954E9,100.0861004827167,20.021767920448365
27.81311361408339,202.23159267179537,0.3873142854354921,293.2024112155297,439993.1817499555,1.935738190573488E9,100.01092581966027,20.004146433059034
23.999999999999993,208.69853399999994,0.415863388806006,293.15,446006.5309597838,1.9892029467035081E9,100.00078305460003,20.00051913762
35.355295515120346,189.09047659947964,0.33275851063268164,293.29477044906054,399174.48092524963,1.5873473511921318E9,100.38667171459123,20.082025125194097
39.2332745549794,182.91472983139784,0.3109978636312818,293.3309564126566,363863.7094958085,1.3026589912478776E9,101.64296298208063,20.316200264749714
43.91536479260309,176.6324685683286,0.29414186422095007,293.3625576560498,328331.85192553204,1.0011456055683937E9,107.68706825359267,21.282743740898933
48.04676203820436,170.33933218001425,0.2830449299195114,293.38849237229346,337700.7485061007,8.955391515534729E8,127.3614499219726,24.043620940065747
51.46528475122049,163.56260009833076,0.27564417777208067,293.41001363377103,425849.6537961838,1.0798220539009764E9,168.02150380578635,30.389859691241014
56.11999902162337,157.99224287060537,0.2758581856092231,293.42146702751955,554059.4529626375,1.1078914232131221E9,277.17696541915166,43.35242179369033
60.09792279209222,149.9423795221553,0.27300666129133827,293.4334408877723,681060.7485745162,1.223905759157222E9,379.29255124093055,64.57983828871163
65.70733806835543,143.4755212087295,0.2738337161387588,293.4382501534565,802827.7248045327,1.0197919713641052E9,632.3648503351368,76.14535831754803
70.4371589792983,138.84946195083967,0.27398894232681814,293.4407050371988,875858.1104505036,8.84312724030102E8,867.8248543770748,73.09108028553527
72.06807574097434,131.84724298251052,0.2689056903890188,293.4477464139481,851016.914947067,1.1030531991136167E9,657.0126646469226,62.49183548269786
77.21892189268684,120.34955501613318,0.25899862796936507,293.4589957811539,1050696.3498538889,2.01768192341424E9,547.2229535511933,48.18352122921001
76.7171244121347,126.4073426275647,0.2667579364442747,293.4519465986902,1001423.7553776756,1.3041149468454754E9,769.0635514813825,53.472775368852794
84.28583609782204,108.23026503278743,0.24342446300263795,293.4706902838254,1920888.0616089646,6.309425556237119E9,585.1499524582922,50.07044855726151
84.74807412270856,113.96650661569092,0.2563771760817581,293.4641741189036,1695075.6502457268,3.165289568001851E9,907.7647122448732,52.246924116531865
82.39774595714474,118.0682997817596,0.2605401066979564,293.4600835575088,1428689.3455996534,2.2443418016631675E9,909.674163315284,51.284350287289065
100.15763427829711,84.30225865729935,0.18004380155716063,293.4550534540886,1296351.613121759,8.132282223908134E9,206.77073438097577,41.70857242429731
104.16882691235354,77.58422186898538,0.14738179496333023,293.43766358888007,898080.6564336534,5.333974960873317E9,151.2591028143031,46.167687328191796
108.11078593885438,71.0935540485091,0.10600190859275811,293.4200401825746,885897.2113031666,5.513324809426788E9,142.37419507735072,53.34538708984348
112.06658071391246,64.64661586627483,0.06585038963611119,293.4011661942049,990505.6884217566,4.433223183653565E9,221.46331737934904,56.91098980646603
116.0338154125787,58.211477933504874,0.04138491415919645,293.37934296279855,1163145.4715187324,2.638874863713908E9,512.6851412154741,53.64638534148259
120.01335916619648,51.77251990478167,0.02879028278039655,293.354114244466,1360828.2927412486,1.7130029136565783E9,1081.1346671021392,49.613087591255926
124.00359532121568,45.322358617851535,0.021611288536135916,293.3271437552118,1458144.8569853317,1.21231630880956E9,1753.937357114559,49.53108788852916
128.0005643040569,38.859956370659454,0.016836823220953128,293.30100086249826,1427168.5430634173,8.887278469278828E8,2291.869984138566,52.12817335788866
132.0000569114047,32.38814047091886,0.01333762010152169,293.2766544972854,1246810.3879887224,6.042778015548606E8,2572.5619942181324,54.38514405923981
136,25.91148008123041,0.010653635579134575,293.25372735833025,974205.0933233207,3.79547389811454E8,2500.554914134836,54.22601549392419
140,19.433610060922803,0.008444704400719693,293.23120965683944,674961.6549705345,2.3143396239475688E8,1968.4938860592526,49.98041338094376
144,12.955740040615195,0.006313769649442742,293.2074643089249,432433.073954602,1.554812876529473E8,1202.719409822059,41.28420866755252
148,6.477870020307602,0.003746985054621743,293.18063036508414,265493.5770427329,1.2239135350067335E8,575.9313775410869,31.87986594763717
151.99999999999994,0,0,293.15,165430.40952946348,1.1387156579130743E8,240.37563336140133,24.85971645486002
89.97315885758272,96.73809646997408,0.2143263271506566,293.47504750154394,2533645.684277514,1.5350610233035322E10,418.82727938545804,46.96864704382946
96.56891496042853,91.68231943895937,0.21007386902226363,293.4686746495824,2106508.52863272,1.2628595085596622E10,352.11113790951873,44.29345190047671
91.09517342718014,105.17277188907192,0.24667956020048715,293.4704461506448,2362512.754586399,6.119155138880319E9,912.195122987404,53.17858061184774
39.63597208725383,195.72473388995212,0.35958812465271667,293.2517639575012,411919.0647524132,1.6810247796059434E9,100.944088767802,20.139230640194594
35.81653494864016,202.20741220842936,0.38735813768919686,293.2029725995238,434860.38232538075,1.8877834617340477E9,100.17437189572219,20.03404023753838
31.999999999999993,208.69853399999997,0.415863388806006,293.15,440289.7613823808,1.938159648051184E9,100.0202673774,20.006184772439997
43.46089555413423,189.37745374795014,0.3347011429730928,293.29472702817196,373471.9226983549,1.330474480482826E9,104.84438802453279,20.524261686579255
47.52063674189188,182.8799990063499,0.3138720347929201,293.3329182463399,334153.5553812582,9.428259678468186E8,118.43641799706624,21.68620143211993
51.796373983939404,176.452016760051,0.2994997791243102,293.36417568568214,328989.3994527478,6.824257834230081E8,158.61071556133678,24.6701235479311
55.70088934396522,170.06395672849084,0.2907602699408209,293.3882056762922,377015.7908926893,5.739761090199751E8,247.6581941047932,30.42471585210228
59.39250384768713,163.70829637760892,0.2857099862040568,293.4057961987437,494251.17371312063,5.703363428941813E8,428.4563578012376,40.30812573127142
63.81385253187761,157.38510956351206,0.283026984023002,293.4176910941553,692546.9489809511,5.96797558358735E8,804.0929066987492,55.312427904591125
68.47483749637276,150.4289689489969,0.2807005895745798,293.4267002714855,891114.2602399673,6.17795406011562E8,1286.4747898136213,69.33373698182227
72.97250215190874,144.2560913079677,0.2788065020443164,293.43244416003586,1049444.110749801,6.531243441957804E8,1686.624886832334,73.18810580269793
76.68818038299078,138.07869353216535,0.2763566235306874,293.43800757792354,1116679.4059876876,7.187724822168666E8,1735.1445831426702,68.14737080378842
80.13376572688236,131.59998039739796,0.27306808087886164,293.4442012747051,1182517.1861062015,8.868291407292479E8,1576.9096185609535,60.16614364914853
83.46725761475773,124.39319564133802,0.2682951393950524,293.4517940950339,1379328.3044983048,1.30499715568895E9,1458.2053159713762,55.75048692517464
89.72642829432931,112.29451783518792,0.25807618261987314,293.46382138295303,2130301.2553064507,3.1903353362959266E9,1423.045783232012,57.12414316962171
88.14978788788376,118.76257451741682,0.2647675313581462,293.45688783849937,1890143.727802194,1.9794142702114694E9,1805.2320918823118,58.4933258647901
94.87977593051819,110.51824612670958,0.2590756012561162,293.4626876927214,2543113.1617989237,3.261444773827836E9,1983.697716180126,60.87620815363882
104.20269746702976,90.32562797543608,0.22048332869181184,293.4613342073022,1534743.7913653695,7.234766471006264E9,326.01426968958646,44.07184406107148
108.08236107399469,83.85237530166064,0.18996938619718548,293.45068750800243,1091786.5041574745,7.18765304875294E9,165.91342994810455,42.52164792588167
112.06250774400301,77.42108251461819,0.14423367249138752,293.4366631901898,973978.7833270804,7.568120009017273E9,125.35447152471852,44.34142599004247
116.05483888232118,71.01876342839495,0.09356877863928291,293.4194900708066,1005235.3747821623,6.632600858719533E9,152.40183900990164,45.86763285355997
120.03334882753313,64.6100851337463,0.057245878491275444,293.3986285496365,1058378.9102034993,3.9217768528664155E9,285.6781187558559,44.91051431309371
124.01655977642304,58.19448984462602,0.03797656267377943,293.374376406711,1167719.689721283,2.2083961592490106E9,617.4693819370441,43.23483342374419
128.00620308324727,51.76546267641507,0.027759621892718547,293.3482272150702,1210087.083298791,1.36993869475506E9,1068.9370736783003,43.30709723770638
132.00156935990168,45.32003292341201,0.021495859616930624,293.32231694123857,1141696.752847979,9.080590408121036E8,1435.5085604962571,45.22061292933024
136.00024391739595,38.85942563113849,0.01706494959901854,293.29770752323793,959315.5325042295,5.931380105342922E8,1551.5713211721916,46.90094568547604
140.0000275714248,32.38808896105283,0.013690992755208574,293.27431017879235,703114.5357533287,3.465605791174531E8,1426.5100395067177,46.822136106003846
144,25.911480081230412,0.01105136535899961,293.2516909555647,475137.07545966236,1.9298682817700827E8,1169.8085864887482,44.318066435262274
156,6.477870020307607,0.003842701144355715,293.178530090101,107987.27966802707,5.510814360588918E7,211.64328964441447,26.044127474467842
160,0,0,293.15,81449.34067055397,5.351490538968555E7,124.00132254700002,22.0652663178
148,19.433610060922803,0.008840638699112694,293.2290509169456,295645.4198170554,1.0857587247087245E8,805.0312786459014,39.36117623036424
151.99999999999997,12.955740040615202,0.00662983141267534,293.2050474447096,172442.93916520607,6.79941957067376E7,437.3400641466995,32.39814908432215
97.09572516466903,100.0213426207884,0.2425527142044401,293.4693757130054,2329123.653497662,6.521442512062192E9,832.173099831829,51.40329138641499
102.25904712721196,96.24695571802928,0.2390469417353958,293.46539498299165,1986231.2276658434,5.8835045328767805E9,670.7642644768839,49.083849207365425
97.55896429975856,106.37634272070196,0.255269070358969,293.4647010529829,2606834.199577196,4.0283092198005323E9,1687.0123459490765,58.415017722692156
47.74133946118252,195.77915669438437,0.3569966878967277,293.2554689459758,441694.4721427229,1.7709680130914805E9,110.17367056230701,20.7426168546047
43.8585423255759,202.22456097266974,0.38618814203400126,293.20470941025866,454499.34506405966,2.0284299359663212E9,101.84502067530012,20.19685320089937
39.99999999999999,208.69853399999997,0.415863388806006,293.15,450829.6587307386,2.0283535270172646E9,100.20386163799999,20.036805646299996
51.68655535243076,189.33105725246708,0.3317797616860316,293.3004340242837,429467.01602155453,1.3356723712812407E9,138.09313013192227,22.205652979665356
55.73887510892478,182.87469750090634,0.31330060472275006,293.337849402505,449757.7194335065,9.751146300032316E8,207.44641098824425,25.55137609173565
59.78122048789711,176.4287098668958,0.30117364331089375,293.3666611013095,533204.7035875827,7.839227642409986E8,362.68600393976266,31.882759967024388
63.69161567510073,170.00777460544302,0.2935169249506329,293.38763188651666,721707.4547658836,7.246128606851679E8,718.8796281162023,41.38643983417246
67.57037488755282,163.50181892190403,0.28857714297309595,293.40291756515325,943549.7979371751,6.621263471776668E8,1344.9017614543927,52.924609273302345
71.94789412276155,156.97175049242034,0.28523634830604344,293.4137603079666,1195467.3650459459,6.379267915768353E8,2241.007060356138,64.63141296600172
76.3095153112409,150.54296159919633,0.2826233215575933,293.42167417217905,1405647.4317293195,6.451143640743232E8,3063.260761032608,71.24530222464544
80.34216838653937,144.17286118147692,0.2801471492320333,293.4283127929512,1538381.0027720246,6.941676372969708E8,3409.457942733479,71.2851827826887
84.1755019724923,137.7465578507027,0.2774243988971113,293.43474558166275,1661914.905251351,8.320236953368917E8,3319.6571682547287,67.33182072507385
87.90946597927078,131.11348351563188,0.2741179637724099,293.4416050503439,1849950.276794615,1.0887148899342127E9,3143.794824995046,64.24813529652543
91.74576175021453,124.45889169929093,0.2703623638878379,293.44836068122163,2182225.5176520064,1.4818402566863105E9,3213.863074364881,64.83916459231521
95.30306501031372,117.12002139500798,0.26571358412354223,293.4552874911164,2529927.496375856,2.0723236628758314E9,3089.313705728939,65.80866722305319
100.99319427491984,111.471686042321,0.2625854014117081,293.45763510952014,2781310.9337245324,2.5269516090482597E9,3061.4933030259185,65.03111862614132
108.42872656324269,96.2498853760962,0.24402708825839278,293.4595198207174,1704692.4154993317,3.9527457231618056E9,735.1816067161179,52.13024855206762
111.92263147983597,89.90098880416735,0.225006736877728,293.45479393728164,1252432.2069483832,5.34782596603181E9,293.6031518402801,49.4997035207894
115.91020990356485,83.61542649446501,0.1880698354051582,293.446679350787,1068309.1015232548,7.784830154861522E9,146.63259980771636,47.85139721083007
120.02788611501573,77.34850020860293,0.13476697660468176,293.4345933452723,1018286.9320834478,8.47607587523178E9,122.33477715827316,44.782384592217625
124.00476355697246,70.96416526119643,0.08484566813370141,293.4168842268296,992346.9037973131,6.019663487134186E9,163.6302654246377,40.10887223942681
128.0087231656527,64.58690193628871,0.05361278522941748,293.394096343744,944548.2554186849,3.131552105508499E9,284.94245573715176,36.653499818544276
132.00509239826258,58.18594124330082,0.037121843757466966,293.3686880724003,937998.8454475299,1.6887384552109067E9,521.0169810695846,36.310991655280695
136.0017229172608,51.7630863884782,0.02793336163623848,293.3433609268564,845965.0883854772,9.626474604606248E8,743.4406444870673,37.695678945342614
140.00046959492968,45.319951434508596,0.02203668068726569,293.3191255387366,669632.7065062987,5.54706697061874E8,808.3945870918698,38.749286074399926
144.00014443245263,38.85963665055171,0.017746057901240956,293.2956796523877,486068.0825158108,3.2158055569897133E8,734.6933900153422,38.08082618457042
148.00003495536367,32.38815241622083,0.014451413030922981,293.2726800571063,324126.8713181223,1.7607682148835045E8,596.6632106756161,36.17483466016557
151.99999999999997,25.91148008123041,0.011867912984291238,293.24993717894625,201895.0724206377,9.441161281849147E7,431.74513331541624,33.3227536962301
164,6.477870020307602,0.004075794412602917,293.17669074269094,70690.71600621035,4.2089492041665204E7,118.73743366762044,22.200805452966762
168,0,0,293.15,70756.46484319388,4.8250350082916565E7,103.76314012940001,20.68239181656
160,12.955740040615204,0.007248167014563174,293.2026184795954,78153.60666910141,3.797669424060909E7,160.84093479921788,25.13593367240352
156,19.433610060922806,0.009647832603649169,293.2269012580246,121067.75412763345,5.4051755446363665E7,271.18277906985895,29.43602878964577
105.11909231585237,103.91156948799379,0.2559582754542345,293.4601964017167,2283873.6886892132,2.9124361714644074E9,1792.1657518602256,58.381927427857036
55.85541164525687,195.7787037653383,0.35040825403942294,293.2636039864006,615974.9979722338,2.4169818880609183E9,156.9995337340794,22.38716109267102
51.92994621441291,202.24093090028484,0.3822348653428915,293.2090898483926,559918.9516525107,2.749535855539132E9,114.04272646174105,20.7778035350122
47.999999999999986,208.69853399999997,0.415863388806006,293.15,511400.6880491972,2.559578499835177E9,102.18518233660001,20.187224506360003
59.8353000266891,189.31851772995313,0.32672834313334476,293.30932123128065,709216.7173350054,1.8617129557573946E9,270.180750160137,26.008485026241782
63.851525790665775,182.8631709415178,0.31106794907996677,293.34433529287713,941946.9780796063,1.6824956909448087E9,527.3612378779163,32.81949643448516
67.84255819024804,176.41042963129084,0.3006321064292115,293.36945716265706,1238630.150150602,1.5210214841145773E9,1008.6845001233033,42.45919890754874
71.86111014663064,169.94877880466154,0.2936826718134307,293.3872578634827,1552178.7539922546,1.285506915449579E9,1874.2362542906892,53.536113990823594
75.88137997944217,163.44305479288911,0.2890221416393375,293.40021431607505,1824081.689529933,1.0491976311530689E9,3171.476970524293,63.949483386975196
80.03044116966748,156.95511581737944,0.28568089258763485,293.40991985670144,2036507.4243155979,9.076260589490517E8,4569.684202217203,71.33578017935723
84.09306488010877,150.47457957864705,0.2829488871682868,293.41780026801393,2158919.208740748,8.517452162341105E8,5472.359754495959,74.26478711473531
88.0860891972625,144.0379645104124,0.2803751280970226,293.42482719862807,2251922.6487655523,9.017285497383789E8,5623.881347409974,73.17042217750112
92.01269788968467,137.549582899582,0.2776108575617406,293.431755492999,2390077.037425769,1.0727163542995567E9,5325.315339229433,70.46464615785341
95.9210729775329,130.93389027302655,0.27449163542059746,293.43868222532365,2630018.4261002345,1.3318300271370578E9,5193.789326035104,69.85789239041027
99.72392103152818,124.43018485332435,0.27125268391327073,293.44483729307944,2918797.9488893296,1.6120364701145828E9,5285.591653290506,71.24535701366443
103.67739069872503,118.08260002388296,0.2679943031959038,293.44960589321494,3016452.6409124774,1.8634141084589436E9,4883.081778331964,70.2265978789245
108.62443352942212,112.04167656822727,0.264686338805281,293.4519778369134,2679309.2416752353,1.9194943809104087E9,3740.9541039842443,65.6555973133589
112.41803714861874,100.87383757617307,0.2539068663042429,293.45531229136736,1817254.64012014,2.6374909269356E9,1252.1063960226184,58.82306774111237
115.33414084336968,95.7069673684972,0.24429205629566145,293.4535783819967,1415690.153054485,3.329272060681496E9,602.0215407961186,58.79486697008202
119.55606972458645,89.63414067932463,0.2214711945876011,293.4490413619715,1092181.196182085,5.296879809074975E9,225.39287780468206,60.24882098254266
123.7476537785539,83.47637087569694,0.17758797476749866,293.4416987176132,984366.7730810032,7.64985256948941E9,126.67585727084084,55.05189258727733
127.89780299693798,77.24429992080294,0.12412692985470684,293.4294188944946,901703.1689777396,6.876493725907611E9,118.24414948607993,44.59226156082581
131.96827230677528,70.93413030980128,0.08057979920576615,293.41068846172175,821897.5156481391,4.453498876412602E9,151.70848809358233,35.68058098863451
135.98957852894137,64.57419033251354,0.05345488739828002,293.3873377333134,718648.3574859668,2.313347884199967E9,223.32087788440506,31.94998918232798
139.99596426585984,58.183007668060384,0.03832131019781337,293.36342193174727,615550.2536809373,1.175415921686149E9,322.3889152537484,32.226825335415356
143.99823942143982,51.76354561518669,0.029452222922499747,293.34056244007564,480892.5496487615,6.152267347213548E8,375.9010179822313,32.791870412668175
147.9995961295147,45.320641155972105,0.023635624587849378,293.31803927740617,344774.2977227941,3.340669846288583E8,355.83424972628194,31.564022339507982
152.00007827551977,38.85993253317463,0.019421591029144643,293.295106629087,232670.8540621431,1.8705589700844947E8,289.42476762934876,29.400945416364692
156.0000424485162,32.38820185968394,0.016236079030492265,293.2718836598114,153306.570573077,1.0767781418462701E8,218.29550899386393,27.22232001993716
160,25.911480081230412,0.01369222643598979,293.24863179802384,101528.62356378463,6.426322758041731E7,160.4179803851405,25.097704653693935
171.99999999999997,6.477870020307605,0.004628239352099674,293.17564198805286,72371.88829799912,5.103203991977624E7,102.63600519192505,20.712578246036784
175.99999999999994,0,0,293.15,79502.86241438087,6.253455109931985E7,101.07617831599998,20.31350836002
168,12.955740040615202,0.008370881656033611,293.2007795197494,69351.14940333774,4.374994259900937E7,109.93545991099462,21.675303286008376
164,19.433610060922806,0.01127665130131907,293.22509665930517,78512.86087888187,4.7601179660868846E7,129.50265867736496,23.292974683249522
113.05730649209558,107.08828254878213,0.2612472360207208,293.45222423046795,2139267.213553265,1.9249997528697827E9,2377.5985407025582,62.071949552289645
63.932398262202184,195.77178437050253,0.3433764894562024,293.2749563482264,1123570.4249412485,4.003009768267128E9,315.3942390934822,25.440683964068427
59.95987022591095,202.23750490033603,0.37542300459340355,293.2169590381214,860782.0821768496,4.645974668364511E9,159.54913852650677,22.005781606979323
56,208.69853399999997,0.415863388806006,293.15,704041.4805070373,4.429662532913613E9,111.94837816960006,20.567473948980002
67.91755098072005,189.3057132847481,0.3226108765829346,293.31913601566384,1485789.805928139,3.4037827004198937E9,648.580452454441,31.747125893119946
71.92347078476236,182.84319397281251,0.30889999906791327,293.3502035467311,1916824.0899464071,3.056445653652798E9,1202.1351362819405,41.0917885070832
75.9366591295724,176.37323872196234,0.29943648270585416,293.37156517497743,2316875.3687156313,2.5528280565792212E9,2102.733943833747,52.13436268727008
79.92490544567517,169.89012233542363,0.2930142939764048,293.3866530449462,2621976.7303809007,1.9412155153276546E9,3541.507743593807,62.972663466893984
83.95936975872662,163.39784491389335,0.2886362536467775,293.39787125863745,2763004.341372618,1.4313024779618037E9,5333.937257823564,71.76747773005788
88.00160692680993,156.90850276499214,0.28541050160234743,293.40679735035843,2774716.1537295445,1.1313656221248705E9,6805.241282053071,77.02960159280507
92.02179294783137,150.4459049879938,0.2827335157579944,293.4144960100247,2762141.8643404674,1.0140782962260208E9,7523.630728909659,78.15251746552987
96.0103404521333,143.98533938076918,0.28019237075026765,293.42172853977314,2813430.426034428,1.0576990818722639E9,7483.628151913564,75.95118918742486
99.9795938421286,137.52386093734412,0.27755087386116156,293.4287397639752,2955601.3426198293,1.2222737728165808E9,7147.028991949314,73.48005643270358
103.91693647886557,131.13991631144154,0.2748060610759544,293.4351434287107,3109459.6731810016,1.395561264964547E9,6928.336033630686,72.86290700323877
107.89853557248064,125.00010349945242,0.27211018317802876,293.44026459725393,3127938.023544012,1.5020850411686556E9,6513.850531342338,72.47964500321346
112.32901906015506,118.6827992961473,0.26920194090870636,293.4441077605249,2794307.178045886,1.5000660266941633E9,5205.317964862842,68.93914797924789
116.5705983347848,113.0131220102365,0.2661024575250553,293.4461885241744,2186631.350404685,1.4174210284218476E9,3373.4604302722896,64.14130342038135
118.65860958869058,101.40582010195853,0.25482113486548746,293.45042247027317,1476036.9512342962,2.0802306092922833E9,1047.5070597370393,63.958809842328385
123.01533002834753,95.53774423666904,0.24110139637499586,293.4478871518482,1122009.4313287304,3.2406498666669974E9,388.61405089933675,68.77559936291856
127.35548962626534,89.5172499002859,0.2106681184450934,293.44324496980084,923579.6444900163,5.403652428836028E9,157.94441119317614,67.30264516598781
131.6451231522068,83.41150664737894,0.16295930734729572,293.43480646513825,812344.218351975,5.928486393115051E9,111.32688193658372,54.957335587840156
135.91252279232958,77.26148611028947,0.11592826683442614,293.42051727059817,704419.9997249324,4.475454701189683E9,110.87939583590658,41.1524705298579
139.94926197334735,70.92622421038472,0.07951211082698717,293.4006695763355,599210.6220289882,2.820671996862736E9,127.31080586102148,33.82452348690348
143.97566018533016,64.57077683740658,0.05585500965332097,293.37953741064433,481788.30255540396,1.519803830756787E9,152.7690383107224,33.57875436060456
147.98790232958845,58.18313872848148,0.04158894592522447,293.35967017167405,376370.4749895377,7.903759972639354E8,179.2632686535087,33.83564120126508
151.99481244035374,51.76494024891955,0.032805263265779726,293.339877169236,272405.9084849668,4.1352194680868894E8,179.46718689398492,31.11924750627958
155.99827737618784,45.32116316358059,0.02698249542225001,293.3185041391716,190249.76894190282,2.30154952278415E8,157.27359046560335,26.923700052674352
159.9997003568478,38.859969068972546,0.022776938642808723,293.2952875299464,135273.92974131412,1.3815811481451866E8,132.45324379148428,23.877695405753162
163.9999761522747,32.38818714684897,0.019476526106254482,293.27135784279704,106323.73705381714,9.425389637257993E7,119.94363006401134,22.447439890516804
168,25.91148008123041,0.01651129178916504,293.24752208512047,85346.93126778095,6.622276270720398E7,109.9955878801123,21.612096719005876
179.99999999999997,6.477870020307607,0.005465253552925645,293.175548510076,86580.2717292231,7.164722766142021E7,104.63105167704613,20.80750782289404
183.99999999999997,0,0,293.15,103619.58630467889,1.0068409999962945E8,106.66153187599997,20.751464037779996
176,12.955740040615206,0.009799158551686305,293.1999210801255,77516.56635620474,5.7967407886424266E7,103.65935270201562,20.84949052943125
171.99999999999997,19.433610060922806,0.013398147247592999,293.22380064435214,75899.69741300415,5.508776519351864E7,104.57441996250746,21.083308420822863
121.51379781847446,107.36601702823249,0.26159797760897746,293.4465025714491,1509339.0901347671,1.3992799043075259E9,1628.4611930099054,63.13640211233521
71.96638060076806,195.76119089933408,0.3386087415785632,293.28657345786706,2045837.0596090704,6.714879576927597E9,623.3299830990554,28.943807765682255
67.98353250572238,202.23282553597448,0.3690402229356465,293.22738459039266,1574530.819323685,8.669614303866331E9,286.0723474170054,23.806778095368717
63.999999999999986,208.69853399999997,0.415863388806006,293.15,1174561.3796425513,9.612006766283052E9,143.60953111840018,21.225245506500002
75.95956581691546,189.29048874254053,0.3197169009038536,293.3270723083638,2554743.162847741,5.466156880790845E9,1194.0783272881856,37.02481620169564
79.95812494298539,182.8186400059573,0.3069472371742456,293.3539340796088,3012781.673367009,4.516654042956101E9,2009.6580428471514,47.36272724067578
83.95621641158893,176.33926422121564,0.2980569568503322,293.3721830852066,3211751.1801670715,3.270528270259365E9,3154.0356206392785,58.13619072794611
87.96108220949549,169.8531574300497,0.29204790869814296,293.3853026671654,3218854.613759475,2.180620626059644E9,4751.445737483594,68.51407042234182
91.97353681347495,163.36209227895074,0.2879351208493854,293.39543587353677,3115536.022195341,1.4873123231148818E9,6526.472840648821,76.74423805901081
95.99214088517483,156.90027861888225,0.28488468250941607,293.40387872466977,2985226.264326084,1.1332140244468288E9,7864.160045326783,80.75348267897952
99.99539194560441,150.4477675205646,0.28233831629565675,293.4115101841017,2930449.0186259225,1.011834216104246E9,8487.21505268898,80.40460734941267
103.98441206938926,144.00965175207452,0.27994898656875544,293.4187700647563,2960816.7486323775,1.0451704001180466E9,8387.583845584959,76.97761885294818
107.97178322443044,137.62242820404884,0.2775467168438019,293.4255684435324,3032286.6357761123,1.1590387747204483E9,7933.1118538374385,74.12742249069582
112.00108401285267,131.34352925349054,0.27511211337511293,293.4314196000983,3001323.637071897,1.240185260985276E9,7263.422647008933,72.84045583665339
116.16925882262083,125.16130336325432,0.2726056396170002,293.4360027063894,2685540.090938175,1.209986979530572E9,5960.588617696842,70.56061681775543
120.42441187648437,119.1727020085355,0.2698506023568814,293.43928296280507,2083744.6614722183,1.086785734580169E9,3995.3983495770294,65.60099346113094
124.80479018091393,113.20160261912109,0.2661203500198775,293.44146282428716,1423216.602704263,9.924690823779029E8,2041.3180969429675,61.11308128702518
126.31499663368818,101.43545011940064,0.2524633498746662,293.44545267176824,1080674.6052582173,1.9436381873443966E9,600.9341278613941,67.7757225596588
130.83320031180457,95.48824254003533,0.23182633370128972,293.4425362579131,882088.8910298897,3.604204487713472E9,216.10353011508474,69.89078012803071
135.24753798163866,89.47215254963747,0.19297025691488068,293.4363532806551,741863.747071524,4.684528953147174E9,117.5055685010757,61.56343156456558
139.58175168058034,83.38408636940211,0.14745700210738463,293.4248294801883,633133.0593706073,3.8749483318120227E9,103.45657637985484,47.14270077170369
143.8079525301993,77.20157290289241,0.10829428461881109,293.4076946831967,524319.7306108589,2.628694796610063E9,104.58427861433354,40.67487259962058
147.9444726936782,70.94418865712944,0.07895517038735213,293.38925777099206,416128.84984736535,1.5786612122829983E9,109.70464176567612,43.50009642446162
151.96352755629516,64.57153868161167,0.05876976704471847,293.37274441744927,314897.7627515451,8.614991019885894E8,115.12590639389514,46.17654722196482
155.9810400669951,58.184043835982536,0.04578133679696344,293.35699672966933,233276.35748278664,4.6373144377497476E8,117.36876061182845,41.804633276982365
159.99145046883106,51.765892782880805,0.03731219965045391,293.33944735279596,172185.00715697557,2.6258738094114557E8,112.91702453679169,33.07181865484265
163.9966115182355,45.32143539308216,0.03141063749663935,293.31841898782795,136172.9629633593,1.6995940396175382E8,109.10644833057906,25.49030621309343
167.99902055608513,38.859884168509375,0.02684127794345253,293.2945422004704,110792.00311951806,1.1661413587786765E8,105.26211937118747,22.0347339769245
171.99983925719536,32.388144424245574,0.02289839610104594,293.2700943248877,93923.29318344044,8.528282506705487E7,103.43959555667858,21.02347118154775
176,25.911480081230412,0.01916337687904732,293.24624061170516,85107.44229503174,6.909943244364142E7,104.82402915445904,20.981179178446585
188,6.4778700203076065,0.0065180386162982515,293.1763232433195,127944.56792647515,1.1916102831628925E8,137.39865643199093,22.530996339834214
191.99999999999994,0,0,293.15,174581.51008118136,2.1448431296696022E8,142.1644507689995,21.97010278245999
184,12.955740040615215,0.01131937968498834,293.20010745709993,98804.61154280034,7.936506526712869E7,123.0088382117667,22.239527802781737
179.99999999999997,19.43361006092281,0.015383003760516252,293.22306343370377,84695.73538341484,6.522845877909132E7,109.97340712120366,21.446039043149298
129.61183820739382,107.36361664031561,0.25958612801438147,293.4420525733712,979779.9259917155,1.2113958747629752E9,792.6146936247495,60.52802966930073
79.98362452935937,195.75190677315203,0.3356204264365626,293.2948243793033,3004526.57833579,9.595345058456131E9,940.8295390699192,31.582511362142622
75.99107379747261,202.22631592252887,0.3649950313081447,293.2373874173541,2508543.424833601,1.3757767543914545E10,457.4536648562892,25.436938630663317
71.99999999999999,208.69853399999997,0.415863388806006,293.15,1988667.2121344141,1.940529273800001E10,203.8450950214005,21.94347936618001
83.97924297988301,189.27638076215132,0.3174579989997559,293.3310685661532,3261234.957380732,6.819887427821275E9,1559.598233100149,39.91545212959338
87.97696108143407,182.79885680874446,0.30507631900489346,293.354662946548,3327025.6930437717,4.79557163282078E9,2308.2219278961925,49.79674087758202
91.97607699255745,176.3190776301809,0.29658241794315976,293.37094407894784,3201574.9160105027,3.046110974578443E9,3364.984142096084,60.39516464189836
95.98040139263028,169.83401211487518,0.2909507623137089,293.38301784454,2979347.5093735536,1.8544629839407613E9,4786.643387816967,70.66805857552377
99.98422435481335,163.36299936477388,0.28714135971591653,293.392659583792,2777180.697158246,1.2184708764456668E9,6330.129347433948,78.30125990180464
103.9868893672767,156.90040382159813,0.2843300316679814,293.4010086574039,2639819.7540861783,9.247881172274982E8,7535.598983818455,80.75870956291965
107.9802446871127,150.4563966761166,0.2820052459515279,293.4086996998574,2645050.6620952445,8.53335261420785E8,8198.832170242114,78.9581928351969
111.96979802236906,144.0482282753762,0.2798469920006705,293.41593354326073,2727347.7524699243,9.092362222790809E8,8180.972220760871,75.32729906626857
115.9858076732067,137.7041394452277,0.2776868890387965,293.42244222785354,2702113.8736483185,9.803293862148151E8,7447.944495402976,72.76095560735462
120.07893655483579,131.45185013120286,0.27543615025897056,293.42783051631864,2431946.1079823673,9.727095649092771E8,6080.310791894627,70.96223897898595
124.28356585891657,125.31683599069744,0.2729437550284061,293.4320222205783,1871453.3197790424,8.49095759253774E8,4124.853793054269,66.94517374223652
128.6143913332696,119.28304495910935,0.2697450294429251,293.43524236922,1281415.4292168391,7.388860959380606E8,2222.5318954771033,59.749314489224
133.10697088639435,113.32260949284661,0.2644642148816276,293.4374911257701,893676.9201614369,8.543523681402575E8,935.0103055063108,52.930062215318706
134.24022015189686,101.4349938084294,0.2447763854685698,293.440824583798,809937.392384416,2.34469840052604E9,279.908282769095,60.99418264132965
138.7612278449998,95.47168404077972,0.21371352032793509,293.4364171440845,716186.959071326,3.8508071532764053E9,133.22414640628634,56.159234197055774
143.19259686584527,89.45563541071067,0.17149090479357806,293.42676934878205,604229.4730108322,3.50655822813701E9,104.13178778311989,47.612447046677744
147.5306116250184,83.36641723348184,0.1318065320513516,293.41133485512984,498443.8044114259,2.4618526497712398E9,100.92064358405698,45.242659845010564
151.76963203238765,77.19211902267891,0.09976846961382517,293.39453086984264,391866.98380507086,1.5136671618597224E9,101.44963255486056,54.54853584339418
155.91398408134273,70.93446014571362,0.07605453254658899,293.3802011595569,291786.8519570657,8.306081575963906E8,102.51354443454115,66.14639521931338
159.95426367028023,64.57294508888279,0.05959547753989094,293.3674371160527,212421.93690476075,4.382100708564032E8,103.00028249270399,65.87337066072224
163.975973333381,58.18443986350268,0.04858125006994434,293.3539409560679,163128.23082809328,2.5701585954239476E8,103.56931950407771,50.97493980775058
167.98865791791158,51.76612423391014,0.04091863974210003,293.33718854930333,133956.6527933446,1.742224114392254E8,103.01604463707467,34.836884262824526
171.9951763960836,45.32167816328774,0.03504738123426459,293.31590769803717,115879.03205813812,1.3092567164218247E8,102.56842006386721,25.19774952566787
175.9983979668234,38.85991179778006,0.03003957685537657,293.29182953593687,103868.54372034081,1.0357586579725677E8,104.16332560931833,21.99053053765958
179.99970959071948,32.388116336908354,0.025431467362633575,293.2678027781451,96694.44108715375,8.498871959203E7,110.01244853839081,21.702425175125295
184,25.91148008123042,0.021046526886965677,293.2448794940197,103341.2082763239,8.112434896500178E7,131.64368756959448,22.94608780842279
196,6.477870020307607,0.007330676933511029,293.1776157977442,254733.88444385317,2.399357087699008E8,270.50149716282937,25.60594524476362
199.99999999999994,0,0,293.15,362819.5560132764,5.06449664508179E8,259.953884745999,23.74086496069999
192,12.955740040615217,0.012469059262270267,293.20111819138765,178287.50594177993,1.358891724799016E8,233.92663315755385,26.049732391387362
188,19.43361006092281,0.016817361850621226,293.2229570667069,129333.32626993988,9.451914491453266E7,176.97349597064704,24.83705999382342
137.66215150197124,107.39314342772055,0.2530738780894503,293.4381560336056,748200.238112168,1.6506662112097092E9,339.2566149206629,48.77322525296896
87.9920564264053,195.74595011426803,0.33366163689357337,293.2969560771858,3103919.2567008026,1.000570508947721E10,962.9297924631754,32.146905794471195
83.99576387528298,202.2225084609345,0.36284628848618444,293.2427827945384,3062760.9590171245,1.698648175441877E10,552.2454531786165,26.269800332323587
79.99999999999999,208.69853399999997,0.415863388806006,293.15,2804166.8127237745,2.9893888902355804E10,263.0503879630009,22.470749110700012
91.98943404743844,189.26832034916046,0.3155358553022171,293.3302817758801,2954889.285431564,6.230646927201585E9,1401.4578610460755,39.674202414771024
95.98827089625593,182.789556090513,0.3032493261944185,293.35238891866356,2712799.523883476,3.8124964243968544E9,1930.3470061608775,48.74390066052343
99.98830786830256,176.31118893352854,0.295095725132934,293.36805370778524,2419439.1597761093,2.1513052780224814E9,2721.012537841103,58.873021948109916
103.98913161148202,169.83539530729607,0.2898943013168846,293.37992393339397,2168112.0851206216,1.2294166415785005E9,3823.6601636192577,68.35774245512472
107.98914875948296,163.36541104510385,0.2864747187093999,293.38961145278114,2060764.2258071287,8.191090641662222E8,5184.9170827174175,74.70878826874257
111.98463403206614,156.90689639539502,0.2840004098606243,293.39814988622487,2095875.3127325645,6.824741038180918E8,6436.5747655595915,75.86150416747851
115.97172555118095,150.47056077243906,0.2819534296252522,293.4060343796281,2225587.2557711485,6.946398229065894E8,7130.690411029581,73.496814334705
119.96152332050443,144.0757084269534,0.28001754018530867,293.4132530816715,2305321.8671611934,7.640534449590651E8,6955.716047283553,70.68378837513531
123.98603776406532,137.7400353247917,0.2780006508624692,293.4194724907873,2091536.1719552812,7.661240632172165E8,5709.971436441078,68.7799878418556
128.10390339847592,131.49868224662845,0.2757330067545522,293.42449071212906,1643497.924993938,6.83353800722746E8,3952.71710629215,66.00501639023092
132.35206318749525,125.36886766241105,0.272847459446689,293.4285106685007,1135570.5749024858,5.825523808669987E8,2213.6866920070174,59.26121318359038
136.73202677659424,119.33069024695776,0.2682461516658068,293.43182593274474,787266.8782475996,6.380320549863244E8,971.6150353879217,49.14492829504356
141.216092611751,113.35752308354306,0.25862363717146025,293.434185814779,667003.3635963558,1.2286440503713844E9,362.1843649244328,40.25002768841329
142.23736060799783,101.44012928730055,0.22753972648744666,293.4357348570075,683776.1102528438,3.1531182555540023E9,148.31830834243894,44.86274900535633
146.73784047811577,95.46806672961937,0.18864435451038808,293.4279801099645,597882.8074129993,3.3500940109688773E9,106.72081493586505,40.54184984077484
151.1638868703031,89.45035865701765,0.14895228584870443,293.41408141844994,504574.666006654,2.527053994111179E9,100.75229953328515,42.1983312633329
155.50218139791082,83.36142804671458,0.11512586807659377,293.3982881850472,406065.9246918646,1.6366287867446244E9,100.75001641677353,57.22232905219213
159.74479634906055,77.18692231522364,0.08898213528055211,293.3849011798698,302107.9527716628,8.950047101729888E8,101.97946924623653,79.59682996001835
163.90234706926339,70.9344517588652,0.07052285416161148,293.37363415071053,212111.3435503488,4.295730668795402E8,104.7560070213094,89.12223637570717
167.9479158856357,64.57236681236772,0.05816795653117824,293.36254591085975,153353.14749967578,2.1883534428106442E8,107.50939927430066,75.87561334162292
171.9728092710656,58.184233240817264,0.04971772773775517,293.349500438505,128592.82393701689,1.5173943965011993E8,109.01219954871944,51.88245725896602
204,6.4778700203076065,0.007490584226868363,293.1787950773803,578998.169077695,5.230725779304464E8,640.9156375700642,29.26973079174471
207.99999999999997,0,0,293.15,795425.4340679399,1.1194616521460717E9,565.1838484645987,25.6173869727
175.9867493402967,51.76618793639795,0.04321606659157095,293.3323111202058,120551.8652074684,1.3277526471910827E8,109.46895989113045,33.958293625317246
179.99425739150055,45.32208014781224,0.03749111383912585,293.310800384038,115906.65693186474,1.200954358874796E8,111.86932706346168,25.65104670813805
183.9980566800998,38.86011999735634,0.032019979213256604,293.28761125618485,122972.65353341347,1.1716711210471238E8,129.06808021370807,24.131887728743948
187.99964298405402,32.38812497822497,0.02674104878132369,293.2650861717512,149517.64582789876,1.2660190207961471E8,176.58367804200785,25.570317059366943
192,25.91148008123042,0.021824770060775777,293.2437889620904,204902.61984069855,1.5133242735981625E8,277.4385412624744,28.396639321946257
199.99999999999997,12.955740040615213,0.012773739961021659,293.20231420717977,404188.3640674373,2.877068253588314E8,567.8301475400176,31.609160082009968
196,19.43361006092281,0.017298788648057385,293.2232959655774,292576.269692557,1.991367591108822E8,429.8601618256843,31.11134290407369
145.74567172154602,107.40899598094764,0.23681918953165024,293.43411331190106,636390.590789135,2.5961711024352393E9,156.07888787644194,34.48266715400775
95.99709741052608,195.74348910354254,0.33259235488012456,293.29278578081403,2381997.4906912115,8.051687768401638E9,704.7039327217994,30.66901955434957
91.99852167604348,202.22101525544315,0.3621776306871576,293.2411560367755,2704786.7492732466,1.5485531705140394E10,472.451696471797,25.929873483058987
87.99999999999999,208.69853399999997,0.415863388806006,293.15,2863459.610546755,3.1375288728289867E10,261.3341368008011,22.562137653180017
99.99604629618271,189.2657457787058,0.3139965112822097,293.3254836924397,1982933.917680379,4.348408929303571E9,904.3190942972578,36.56668358428016
103.99557733902654,182.7877428813083,0.3016220519128059,293.34787572026374,1688851.5256486752,2.348781163683594E9,1214.4086753153827,44.15479493022946
107.99541186756346,176.31027548554468,0.2938647678584483,293.36396034013893,1485583.9004974868,1.232030940186525E9,1791.3608024918615,53.265211995750626
111.99459902861099,169.8354809132264,0.2892250244753925,293.3762074950409,1396506.350846501,7.239176102520189E8,2694.2263371275317,61.776399692345514
115.99134004945684,163.3672592363329,0.2863049677848832,293.38630020913547,1472771.1912294526,5.590686582024316E8,3880.0309504002585,66.37216836200746
119.982063328868,156.9123801140751,0.28420140233445806,293.39526770725894,1679171.6957417848,5.680222843153831E8,4964.023810962375,65.95696265481716
123.96448440778828,150.48078872749525,0.2823927580086338,293.4034338596457,1837061.6827033125,6.293860224636012E8,5362.1268972924145,63.410879175329775
127.9494206909661,144.0869154361913,0.2805671735633551,293.41059640668306,1770667.066789366,6.523421243206387E8,4806.222583259208,61.939916428822265
131.9371317253151,137.7154396666833,0.27847377442707016,293.41655509572496,1415197.3061948149,5.795381539184322E8,3455.8794764331874,60.79769024327344
136.09987315174195,131.49966679602053,0.27581302180072,293.4212759511952,974389.4862951067,4.788239911707851E8,1982.8973197858002,56.31094554657779
140.3860947363914,125.37594789072324,0.2715883544102767,293.42530136525016,664983.2104832601,4.9211327373114973E8,898.6982922317555,47.00025519154761
144.79042474015088,119.34007499172778,0.2629213873363773,293.42883628262865,573892.7698817626,9.400788844429668E8,350.38004918145424,36.18806645873999
149.27592150688983,113.36667166178519,0.24327936750103277,293.4309730839528,598925.7069519624,2.2365355063869634E9,160.44564561570448,28.87953728978499
150.25461563986605,101.44453471534213,0.20070972622684782,293.4288948131153,591516.8353641207,3.230225199343183E9,108.32899181590427,31.45596413971246
154.73167815289816,95.46806688172325,0.16098643943623878,293.41706648056453,527534.282807198,2.7508335840689826E9,101.17142112827594,34.31284787123736
159.1489620035601,89.44867463078323,0.12525227567025365,293.40210688934945,450518.0804867493,1.9923721634694164E9,101.8736635297248,48.963968795386
163.4856921918678,83.35825664446378,0.09666946192789959,293.38886475062696,358837.4763009611,1.1983468682161512E9,107.45469938466768,74.16315984251445
167.73243667896142,77.18326748075664,0.07661689500607959,293.3779655810895,260142.09329307455,5.624487285517052E8,120.33895765185083,93.2347171781458
171.87790717278824,70.91440214484173,0.0640301557027359,293.36793234130874,175716.51253440414,2.252618784564582E8,137.11338307455307,90.70314289888061
175.9428570108037,64.56988384884274,0.05604436076207409,293.3569535103771,132029.86614958334,1.1929785444420224E8,146.16749426792592,69.29923563768023
179.97060494256627,58.182867204876544,0.05006406853448787,293.3430983184407,127298.81178138788,1.1073089869463451E8,146.37896237546207,46.06458711345997
212,6.4778700203076065,0.007212535411716744,293.17925487446354,1099087.3485171432,9.485787724086455E8,1273.529427459989,32.23779942133297
215.99999999999997,0,0,293.15,1304918.7601394264,1.7303395278627834E9,984.1154325535986,27.257404597699992
208,12.955740040615213,0.012481301006923145,293.20291260512334,901642.2492726602,6.231772629844917E8,1304.5467003444048,36.73762167357882
183.98583862556833,51.76603460055306,0.04448919889543884,293.3251573252855,146091.21343593232,1.379175884216353E8,154.7615577367612,33.3361172572341
187.99391321104977,45.322411147513684,0.03867840720018075,293.3043929476035,178654.85056151857,1.7415785473299757E8,183.27527333765053,29.233706939408524
191.99798640768432,38.860365847199226,0.032679135832679,293.28315760628084,243477.1529115905,2.2734646329372594E8,260.759339871309,29.952675592914314
195.9996414612898,32.38816457425099,0.0269230933218931,293.2626556040182,352727.2647612261,2.958693008652788E8,420.5196750284203,32.99758397012699
199.99999999999997,25.91148008123042,0.021745930391993375,293.24297380560307,500355.70274261566,3.6113970200758386E8,693.2450380744705,36.74801165056638
204,19.43361006092281,0.017084575266251373,293.2235035475573,705159.6088638017,4.6643774056421167E8,1066.0599781647509,38.637045939943825
153.78490634768363,107.41491989400592,0.2094295528046404,293.42893792973024,591858.4373771851,3.163951000950081E9,110.72129349302132,25.783652062340902
103.99946978070413,195.74288009126437,0.33298646424410117,293.2845727717144,1438132.1085389715,5.376809963570814E9,384.6744738253165,27.581814066375873
99.99974838347043,202.22070494752543,0.36336805285387275,293.2340531460033,1817012.023518787,1.094580865789514E10,301.7121985320023,24.52779933394373
95.99999999999997,208.69853399999997,0.415863388806006,293.15,2205396.4347993652,2.350223594161288E10,206.9731468778009,22.178872388900015
107.99920458430408,189.2650403778252,0.3133979828665276,293.3183544555923,1126667.0585425904,2.713285193790596E9,467.86415289786527,31.813323223428267
111.9990180380543,182.78719381929756,0.3008121013357316,293.3419908152534,952120.4745382955,1.3639235994389067E9,664.7252814406439,38.43763927045532
115.99862441501199,176.31000368753666,0.29359348195766494,293.3589447542328,892231.1954625311,7.351360047752317E8,1082.933843402372,46.52543280544314
119.99693378798672,169.83582953963136,0.28962121656334533,293.3718724970808,981062.2989101034,5.462265499243599E8,1762.2738700489147,52.886519015939946
123.99197287460964,163.3690788985185,0.2871856876058508,293.3826354385988,1252688.2223943511,5.904855762240024E8,2657.593216907251,54.61615742734835
127.98040129748489,156.9166770783881,0.2853523594119061,293.3921720466056,1523074.9448614921,6.937812864226823E8,3343.683024380905,52.87423574195514
131.96025993099337,150.48745650797562,0.2836245085176265,293.4005664880287,1548086.4904666245,7.160824224406563E8,3346.855697621028,51.27915623006618
135.93922167785882,144.09029639529348,0.28167866960056426,293.40755132459526,1265210.7682073412,6.115945342817489E8,2617.396242205253,51.07212950404778
139.91129655175226,137.70393849011361,0.279108941792435,293.4132424439415,828286.1661557546,4.3986246760978836E8,1559.7393145068288,49.52061273479101
144.09556098027676,131.48878609593444,0.27510030955777753,293.4178838671265,562290.9277308403,4.117256372155762E8,767.989519481287,43.48572273971826
148.40166320883372,125.36424678376845,0.2669265380616092,293.422157498736,511239.9208047932,7.887967110660452E8,331.4186582233161,34.7137249218244
152.82983510138263,119.33954674514568,0.24856909391921225,293.42584510468305,550509.444797855,1.9182561192057693E9,158.03808516024483,27.23810952545431
157.31268835762128,113.36871284041152,0.21653695580635549,293.42690269595204,571985.922208228,2.9552533784722843E9,110.71081407048864,23.439479385141848
158.26756112154726,101.44634006648198,0.1697089729952048,293.4202654009561,556068.8266259982,3.032522017649534E9,101.96945346347582,27.30191834032701
162.72988063317723,95.4675147563823,0.13178704248576587,293.4067230584221,515660.0346745951,2.546502115862983E9,104.42333245185428,36.54837375418524
167.14086815975344,89.44636392763488,0.10026119723516358,293.39319295226124,461092.1732108569,1.7765073746612537E9,119.68335197534999,55.55283548199344
171.47747041203942,83.35453042636844,0.07858060424299029,293.3818379743786,376114.6334950407,8.906442025718945E8,158.88656824312088,77.05224668048801
219.99999999999997,6.477870020307605,0.006727109710429227,293.17867307738857,1537560.8369162164,1.259418095001481E9,1877.277029241807,33.98054937194564
224,0,0,293.15,1538748.7314651886,1.8556889327918942E9,1275.9975854079998,28.216592531779998
175.72574347930433,77.17704090243483,0.0661830130971034,293.37188288633155,273344.49220154923,3.3880891898775864E8,220.5907206981619,84.73880949908369
179.87343407186145,70.90847950595739,0.05916203782864022,293.36179748470255,197281.52153913234,1.4052487882661787E8,276.97506820057464,73.86318020041467
183.93776980989318,64.56524848023979,0.05429151121735699,293.34994304610296,186880.55273220956,1.1201062067227614E8,311.80358341351763,56.00635020148095
187.9694060198918,58.18125313790821,0.04976245789547807,293.3350721732295,222514.81428626543,1.5353440035878006E8,322.5101003226314,42.540323525880986
216,12.955740040615211,0.011883760301179882,293.2023390933662,1444706.898631123,9.75161037332178E8,2140.377357418243,39.66289461510831
212,19.43361006092281,0.016523865766202645,293.22293433426466,1305601.7826429305,8.573018633796638E8,1988.3341176339,43.69801847011572
191.98603698386452,51.7657454831966,0.04461212448852402,293.31738999915774,293841.23681193945,2.4819732314937302E8,347.8977868928483,36.809056916271025
195.99422758921386,45.322555547836366,0.03871008166373242,293.29843969829034,409239.2191424498,3.855947544705443E8,434.3484901822397,36.36645965426897
199.99815172390828,38.860596452856356,0.03251074181981404,293.27940073467613,584804.4721676045,5.426354677199795E8,630.2581347964639,38.841253805153194
203.99968603757193,32.38823985588444,0.026589615741414444,293.2606290818883,843692.6894143159,7.089318736719126E8,1004.0881313669876,42.171634721251515
208,25.91148008123042,0.021283543580841748,293.2419966109546,1094697.7107434617,7.92859661786119E8,1511.4600757168535,44.37057920442609
161.80699871549214,107.41622666094236,0.17706445831151738,293.42240441877954,573800.4003427471,3.21910077342858E9,102.28178267608563,23.143817935867265
111.99999588620838,195.74279504530443,0.3360180919202073,293.27545027042294,858435.4038273607,3.708676120731673E9,198.73191946005434,24.73174983497766
107.99999995927134,202.22066404320626,0.3672855950278953,293.22530555116015,1107787.146693608,6.994531910243606E9,175.51396298387422,22.715122844902226
103.99999999999999,208.69853399999997,0.415863388806006,293.15,1395134.7804597737,1.3352838922531485E10,145.83179770740037,21.413517493620006
115.9999767948286,189.2649290386164,0.3150051476803786,293.31069732166173,673858.1988226922,1.9103968755681324E9,237.74703536625802,28.3546401928166
119.99993943588672,182.7870687337393,0.30220336014248556,293.3355607017759,617076.6828491822,1.0252041916721066E9,371.5434346948169,34.5762186605617
123.99949923796514,176.30994190919776,0.29557157182045163,293.35337644021917,740173.5764360836,7.88518150253034E8,695.0628393620009,41.51665238591023
127.99753765175022,169.83617726315836,0.29212021350700607,293.3670931395313,1039240.7349782096,8.864941719581903E8,1219.0148762697188,45.13954112789008
131.99190233055228,163.37039753787352,0.28991556797544943,293.37859078462407,1405105.871007096,1.0865486652692657E9,1817.9944870300458,44.400950327723145
135.97952031938414,156.91949263147634,0.2880749122453647,293.3885697815264,1543453.5085120369,1.136176076616925E9,2097.5980978544508,42.31916837427255
139.95925349512765,150.49168898154036,0.2861237954457991,293.39695420225826,1286153.6997222668,9.196679330916473E8,1799.2514272922435,41.549335589016785
143.94058175636135,144.093483456742,0.28361475530953956,293.403695089421,864060.3088483731,6.222953884220098E8,1200.0737664657047,41.897520108601434
147.94856753388905,137.73204026174287,0.2796456001828558,293.4092451034865,518061.9120368224,4.2752699368219113E8,627.9391450469867,39.752024555135336
152.059612738674,131.4452812513823,0.271706845549643,293.4142183331178,427860.23997830617,6.388399190926362E8,286.6558904964401,34.32249707034028
156.43492535445884,125.36441574536067,0.2542632916071734,293.4187277144977,478560.2125573656,1.5596963455130558E9,146.86966714814662,28.285863371101616
160.86318614114634,119.34020473034637,0.2238047001184111,293.42199403173066,532490.3473885398,2.6181519684748273E9,108.30191470965458,24.098888902036922
165.33559741804112,113.36783927478828,0.18493361387595844,293.42160601620003,572356.0065792983,3.2176638802973866E9,101.8116842242295,22.42901826583424
166.27556514441127,101.4458417722751,0.13704222119607037,293.411787416275,576456.9496979592,3.117203568533798E9,106.60804718343748,27.412067340221842
170.7293777096066,95.46596142459958,0.10227627748982938,293.3984081567898,562802.9358728772,2.400662889260831E9,131.950185959092,38.22919146530767
227.99999999999997,6.477870020307602,0.006111708156589439,293.1771301200528,1487579.8574876788,1.1349726514340615E9,1949.9273126758173,34.04081917247675
232,0,0,293.15,1305975.240858199,1.3855006066807644E9,1231.114645268,28.2236774247
175.1387085127948,89.44532226188828,0.07900908864531031,293.3860437674875,505679.8951927403,1.2163285255956922E9,210.3404363558562,53.7591111951337
179.48456382574122,83.36026056794442,0.06684572677493437,293.3754287776899,440017.59683520143,5.04684354650626E8,383.66063315702286,65.42152950612648
224,12.955740040615204,0.011086915529973639,293.2003893839287,1642329.982550522,1.0771632128028424E9,2504.0909345495825,39.94228477359823
183.783351607435,77.22266554798381,0.06051923955154125,293.3654344791003,389528.84509780287,2.4333282442282507E8,623.623090423102,65.88735399776554
187.87812186430605,70.91034785709373,0.05646932097554828,293.354658137508,363982.9131423906,1.6803031042847916E8,788.5055042779674,58.38437297620208
191.93613591039158,64.56356064331827,0.05294394508186961,293.341995420612,395363.23834969435,1.9230506925695765E8,812.841595335788,49.49974297471112
195.97035391016811,58.18197783660053,0.0489849566035045,293.32714517390946,498647.7530617844,3.12023438105492E8,796.9146519715558,44.19252751462012
219.99999999999997,19.43361006092281,0.015737721205674546,293.2211056762365,1740139.777450565,1.1412845546455014E9,2653.242255308962,44.99006123292303
216,25.91148008123042,0.020602901982830737,293.24027369846885,1668261.001910804,1.2217921379522707E9,2277.9107294731116,47.783247946630446
199.9873488206106,51.7664261432893,0.044069887904778955,293.3107842031811,668492.2145868029,5.3335503129189897E8,837.8782482469302,43.325684254601015
203.99506744806706,45.32304801455541,0.03828273684521329,293.29375056672234,936245.9707993512,8.590237518743528E8,1020.426691492096,44.813056406402175
207.99846600979447,38.86097046933338,0.03208361838472753,293.27634794906976,1235081.6356241677,1.1501214490481272E9,1326.32610590501,46.80410441642425
211.99974587763583,32.38837369735162,0.026052628735105773,293.25856726013825,1500120.7293855806,1.2774448078525217E9,1761.647604929107,48.161349439757295
169.8191032139661,107.41467563466047,0.14333030510152847,293.4154960495989,609409.1195977093,3.4890618814033794E9,106.44576574414602,23.306803905223507
119.99999999999999,195.74279395938473,0.3411281104322455,293.2682172439525,601628.8742211792,2.7601096745350327E9,131.13941026356494,23.51967314100384
116,202.2206639796923,0.372897211173038,293.2182367818329,737797.0039945352,4.543534952188914E9,119.8194574663416,21.548274235972187
112,208.69853399999994,0.415863388806006,293.15,894814.8139470512,7.061128247247855E9,113.44126423900019,20.724871578180007
124,189.26492393907714,0.3192115955003269,293.30438679856246,546227.1626624162,1.6605014556029313E9,179.69222840060232,27.944925592173615
128,182.78705391876952,0.3067443636830272,293.32986499132306,639258.8546257921,1.2038873996070683E9,339.4701263864435,34.48702738135268
131.9995555586178,176.30995063532382,0.30049020679718746,293.348230081846,922598.3791855894,1.230435013515848E9,691.782794895338,39.72767453653814
135.99758484127202,169.8363738424095,0.29699455899388455,293.36252677465706,1313160.1901760672,1.425955864991731E9,1209.3520385663014,41.041564621749906
139.99178444508377,163.37098098823026,0.29450918054874226,293.37443171898576,1569663.0303157682,1.4998908304830635E9,1642.7998857523078,39.41203854855061
143.97914789624613,156.9203980375646,0.2922600612455856,293.3844628563084,1476548.1337484298,1.3124474217723567E9,1661.3353998707687,38.597581529037306
147.95975575182055,150.4922648500638,0.28967847495708127,293.3926925063383,1038590.219933137,8.973477588028154E8,1202.2110051300997,38.97076620750294
151.94277571461708,144.08894197788456,0.2858418573858608,293.3994018396957,594091.8356993169,5.577510232639858E8,633.052435870689,39.039668046973844
155.98336101576672,137.7390260570985,0.27841798905475706,293.4051268194066,423521.9096228033,6.209546829456154E8,289.0133967635733,36.92970160124755
160.15534280769302,131.49242265443914,0.2621354390288079,293.410304717359,445561.7868894755,1.3496817543099487E9,147.12536811988392,33.23848413850407
164.4787655331283,125.37289924387926,0.2330673779721035,293.41470089542526,511247.738641629,2.4003064291232524E9,108.89321159607381,29.843391574194552
168.88700922534267,119.3384282139226,0.19492822163351878,293.4171792383686,563941.7570699723,3.128165259896255E9,101.66718686340944,26.32947695232642
173.34845817898278,113.36426789504353,0.1525386406316089,293.41572568492967,624561.9425451532,3.691423065368904E9,105.67843557097653,24.035597355230735
174.27990963690993,101.44403729211012,0.10538338068810364,293.40401987766904,644123.1805817343,2.9711288921182437E9,139.66676070600286,28.005575022638283
178.72941710858169,95.4646987069887,0.08009743667693735,293.3909311691413,661209.9432953593,1.6269735925627038E9,268.83792202070504,37.075844412474375
236,6.477870020307602,0.005364738332215557,293.17503150207455,1105396.0139699788,7.653136480405351E8,1596.7665080623274,33.64096797715744
239.99999999999997,0,0,293.15,896647.2112711947,7.99782112999622E8,1005.3589295900009,28.1263184716
232,12.955740040615202,0.01008409362432565,293.19725159926514,1344044.9691519302,8.458626928381966E8,2135.691167177128,38.95055784256983
183.139109146785,89.44647797590072,0.06758690780541472,293.3791689333056,664261.3799612314,7.346491832084155E8,600.6381138739017,47.85015212889022
187.48599960721162,83.36383904831759,0.06147497399063236,293.3687030039712,653563.2562792735,3.810109009255137E8,1121.2152208510051,54.974732121142544
227.99999999999997,19.433610060922806,0.014717209368475889,293.21778650295204,1577872.6737968454,1.0275945938270241E9,2422.8600234942096,43.36258333633424
191.73445012463313,77.1879477652846,0.057803744612965315,293.35840919379604,650966.4570860465,2.6180650347685435E8,1618.7256193632809,55.78110778028724
195.89789214781385,70.93645105407053,0.05488940563778758,293.3472748520066,696100.5971865115,2.616254461486515E8,1852.143554067763,52.78454518203623
199.94414500280516,64.57396545318494,0.0518583543311451,293.33468159268006,806042.1570046478,3.6206867170945305E8,1794.431602995304,49.58922280542101
203.97400626285105,58.18648309690162,0.048154120674614796,293.3207036021076,1028439.6414526589,6.15069087473502E8,1719.648691979425,48.60028747461143
224,25.911480081230412,0.01970338343671388,293.2372544162767,1764850.8052834235,1.3142014367572753E9,2370.0802386939145,46.778781824592556
219.99978321394448,32.38850496712457,0.025353954619957875,293.2557976778074,1892607.8060156566,1.6544182775885353E9,2165.139654108185,49.31714126337741
207.9892614592878,51.768541218495386,0.04344804624024246,293.30576050391505,1312248.0555477708,1.0133028885541126E9,1699.4007300333744,49.28272325464162
211.9960274883397,45.32411967224232,0.03779692541839302,293.29002347677675,1594744.2579237204,1.4468682581747758E9,1757.7520270701996,50.15760648075037
215.99876520851834,38.861426297433475,0.03156413697192,293.2733912632188,1807589.8251428737,1.7075336041840162E9,1913.5142324498368,50.33429604827401
177.8248318887637,107.41145227780498,0.11159685716807255,293.4083028497666,700147.2726250716,3.536730402169786E9,138.61720055104595,24.40595022849718
244,6.477870020307602,0.004517821245161763,293.1728779620641,717457.4170035037,4.32237145922394E8,1190.9824131094758,34.44023276335519
247.99999999999994,0,0,293.15,590475.9774787502,4.277203563806842E8,815.2289559960012,28.934964784499993
128,195.74279395938473,0.3439035443780241,293.2645445535113,621881.6362486199,2.6097538027609153E9,148.19511669319954,24.32211859909593
124,202.22066397969232,0.37606289462443293,293.21458950121365,643225.7675849274,3.6976664058899465E9,111.89560954266732,21.458616393264062
119.99999999999996,208.69853399999994,0.415863388806006,293.15,687487.5517884973,4.575610111450774E9,103.29761594800009,20.40393501420001
131.99999999999997,189.26492393907714,0.3228777029115024,293.3006952925614,684894.0185238334,1.7549658069723463E9,267.31361494436175,29.613601031184178
136,182.78705391876952,0.31150823269701483,293.32603431178273,910539.535690751,1.440834803026111E9,575.5053746019531,35.86642249714316
139.99953132617603,176.30994843203763,0.3053525234266134,293.34448918604613,1271155.949730895,1.4186260673379502E9,1139.1336262923696,39.829640327996884
143.99757724156274,169.83632675817026,0.30150443121208254,293.35894551157503,1614929.4540355045,1.4393395086274898E9,1812.1217250601333,40.92366193296411
147.99185666048416,163.37085662542466,0.2985779590065345,293.37084831927245,1617145.3655519288,1.2582472752543395E9,2078.631767430968,40.903539426524986
151.9794429008692,156.91967843766608,0.2957665290743859,293.3807930558955,1244092.4022674612,9.190470676666665E8,1684.350695277935,41.39379693819532
155.96178188154957,150.48947395830325,0.29220063746992125,293.3890729237028,790623.5268165804,6.339356402663642E8,986.4063022326363,42.679536791488545
159.9512769432398,144.08430451722754,0.285971604944618,293.3959956866288,525197.6912302644,6.446758616563271E8,428.1503303991399,44.0454972286987
163.9658446394961,137.700220139535,0.27228279474372347,293.40192486491395,502718.2419727792,1.3227223897483213E9,191.1454002068912,45.08708635050238
168.19210035041854,131.49659926501735,0.24545711491627212,293.40679934007545,531165.720585437,2.3930835525879574E9,117.89781676007101,44.15283959400649
172.50085831905696,125.36827086623862,0.20800264097242274,293.41053968652,562668.4728228439,3.0846165419354534E9,102.63779624111235,38.95740140409446
176.89908775693655,119.33171989858437,0.16549816366785397,293.41221129786135,613904.7526389236,3.6536954057038E9,103.153359710018,31.123992429201845
181.3540850378308,113.35882575655846,0.12225070693894126,293.4094771266373,696025.0526234509,3.8794077016544876E9,124.88465459193391,26.087680167675952
182.28155817705795,101.44212004169958,0.08297375089283789,293.3960727372419,761058.8242548635,2.0667222399731464E9,280.37829882316373,28.856078753969623
186.7285839701844,95.46439285264171,0.06900610149316598,293.3833549068998,811240.0982485843,9.513790034847544E8,691.7813476083592,37.0183051877679
239.99999999999997,12.9557400406152,0.008835886681788481,293.1934262797429,877340.3191259905,5.15166750464782E8,1494.155329678437,38.84623725878574
236,19.433610060922806,0.013378042064448486,293.21310485458383,1088882.4862327725,6.981330042501391E8,1698.3453828732484,41.91704829339965
191.1364614348753,89.44781537335372,0.06252295738528062,293.37210359293454,889567.9192062118,5.264530467467053E8,1503.4424286208416,46.25755635728091
195.4774541194829,83.36385368260842,0.058888133043376,293.3618554658969,950452.0698362176,3.625384378444004E8,2492.0046916918945,52.65880786172753
232,25.911480081230412,0.01849183137441145,293.2325946635162,1323594.4839568732,1.0043013182880975E9,1744.449196665924,44.165818753156714
199.74878233727662,77.21020076186564,0.05625472848122392,293.3516651634582,1036155.147270497,3.329315450548242E8,3224.7970158951953,54.84858980209449
203.87456343228828,70.92296790433751,0.05379543513701104,293.3407608047874,1163741.6753800714,3.999121397996761E8,3386.5020583649534,54.071452193384424
207.94753113991038,64.58233541960904,0.051005144749473486,293.3287936311362,1353153.4396050062,5.857938480415878E8,3125.716990590945,52.805157332892286
211.97761916383146,58.192017256576484,0.04748354032615332,293.3157914276546,1600866.372795231,9.316840532051511E8,2750.711245545124,52.50979161444008
227.9997797704904,32.38851013782692,0.02442172680735125,293.2516604665813,1587765.4998511449,1.437244055119007E9,1754.1119781664163,46.70194733187768
223.99892122868104,38.86157414727274,0.03093829835750309,293.2697350234442,1813508.876301911,1.7696347038563502E9,1858.4792831317188,49.206306400155654
215.99068037231368,51.770659253984746,0.0429406962050439,293.3017596852582,1825608.006972865,1.3882070767547724E9,2400.846506332848,52.21779288593269
219.99666925969146,45.324965467856096,0.03733284142242463,293.28646590463785,1936017.3498478339,1.7758386612369168E9,2110.671991607071,51.18720721589708
185.82641114880892,107.40795687722607,0.08880925400672977,293.40037843666454,776792.6413600383,2.57070845634625E9,234.84343120907587,25.927625252636116
252,6.4778700203075985,0.0037276700107905236,293.17104198778776,459878.5545166935,2.3258963779138228E8,909.3313956229664,36.533492628716196
255.99999999999994,0,0,293.15,373187.2737256131,2.2068680951315573E8,631.0940919026015,29.89070573503999
248,12.955740040615197,0.007452800041424574,293.1896238681507,548024.69364983,2.839332754126013E8,1057.758394727508,41.09927258824177
260,6.4778700203076,0.0031051190185345623,293.16966304781613,269300.5694080987,1.1425232573492618E8,634.7852604620757,38.113963855948974
263.99999999999994,0,0,293.15,204549.1661410801,1.0112581863186555E8,413.75073171300147,29.784051165520008
136,195.74279395938473,0.3431176489174543,293.26406325706284,889725.2224266533,3.255472433006567E9,243.18169408750182,25.495731646908848
131.99999999999997,202.22066397969235,0.3747188800039373,293.2143521541379,776671.3858127178,4.384255025313862E9,137.60378843340652,21.986665661007127
127.99999999999994,208.69853399999997,0.415863388806006,293.15,709413.4533744202,4.706299743522468E9,106.94745979139998,20.479821326200003
140,189.26492393907714,0.3245143426559966,293.29929256604834,1101454.634974792,2.332771871585988E9,520.1067564466347,30.93279367700129
144,182.78705391876952,0.31432743705043537,293.32397444662814,1447722.2976527836,1.9175057156117504E9,1093.1062037728846,36.26492067637923
147.99950882809807,176.30989138618747,0.30833191348862643,293.3421964451229,1732818.984901535,1.619799819890792E9,1853.790589252976,39.97306574073212
151.9975037854387,169.8359568698516,0.30427134294091807,293.35657961906105,1772867.8841793844,1.3104388367519026E9,2398.514629375303,42.50414656901244
155.99193549958528,163.36990158519305,0.3009592981318294,293.36848143587986,1472741.3855715443,9.601359281919951E8,2259.063345888208,44.663356132830124
159.98022090223165,156.91765115818038,0.2974526226199227,293.37859069090405,1012342.7712481646,6.815108941820217E8,1503.9434813859973,47.308281420339426
163.96419893679686,150.48428646626783,0.2922872434829451,293.387118346951,679329.3169662175,6.406625060271804E8,720.6493407184836,52.3183008742056
167.96489470192887,144.08071025786066,0.2818582247043189,293.3940825281779,563531.0281826017,1.121840601897543E9,283.1746638697657,60.512459781919574
172.03136822392514,137.73714202243357,0.25939107282674234,293.39960173824664,566915.6638568622,2.287190470900142E9,140.53724395133312,65.78614682224946
176.21194919959063,131.49235246057566,0.22375200919016416,293.40386486621793,570046.4501571886,3.0598265374170938E9,106.20302885642275,62.12182096836077
180.51033783312766,125.35904950063475,0.18192266551037653,293.4068500445131,597474.9850324254,3.5047797100898037E9,101.85474923320463,49.11064647280069
184.90320520083515,119.32419404245893,0.13795962334907316,293.40739966394653,655218.0432483964,3.8835554227341E9,110.5518182518927,34.429994209182695
189.35488622869386,113.3539796786798,0.09923037259600666,293.40263322432935,745652.8308254603,3.2049388042235065E9,173.59738956113515,27.190995508574932
190.28085548822182,101.4408442505744,0.07160839612102791,293.3878215034215,856917.9324181791,1.2076201744739654E9,608.0955586850786,30.99658479880193
194.72579368314155,95.46496659393847,0.06394901007661045,293.3758511771219,989181.3677917117,6.583817960397907E8,1486.5752122746544,39.888649150473334
244,19.433610060922806,0.011669266464128981,293.2076981356375,643944.5251491991,3.920093470512925E8,1057.794716771504,42.44699289024941
239.99999999999997,25.91148008123041,0.01679687584604091,293.2264722932428,761718.0874207114,5.831397455163871E8,995.0138740670245,41.975669127649105
199.13102160535126,89.44966818887414,0.05998549627810599,293.36533532783966,1138172.2902801528,4.5118020313840175E8,2871.5765594867516,49.60020963549786
203.46988740858953,83.36707798943777,0.057387513762685506,293.3556005561573,1247685.8839556912,3.7413173551549596E8,4161.040372023039,55.94814219143482
235.99974147318116,32.38837231552406,0.023074874756495483,293.2458629557365,983534.315230413,9.342117737950102E8,1035.520048273421,42.724571884142584
207.7190788073208,77.19592720609627,0.05522637104163231,293.34582168256424,1368831.9886480733,3.906480406078798E8,4796.419486048566,57.929122896519175
211.8995872675059,70.9579357258062,0.05302621693441584,293.33544627408816,1527602.651724409,4.98998252700283E8,4676.522313707578,57.33812048973976
215.9476462796334,64.58832782376832,0.05040420163333496,293.32415544100564,1703249.9077760198,7.196789367144283E8,4031.0498445003445,56.04129691262289
219.9779515513812,58.195003558310844,0.04703267380878434,293.31181486649774,1840942.0170130313,1.0618188774359231E9,3191.781398646896,54.267470793931615
231.99889545383368,38.86121647147117,0.030093486631590168,293.2647925436666,1266851.4742714819,1.306110040677986E9,1228.7870367278626,44.929167804510904
227.99687779292083,45.324870779473834,0.036853426429912996,293.2823244590957,1557803.3357509796,1.477416252938811E9,1642.5937978828076,47.82309192955996
223.991033256883,51.77148320961309,0.042568643642277575,293.2979991854677,1774759.8837699462,1.3618459234950528E9,2312.8906128557896,51.17227995246495
193.82518429161698,107.40550236559895,0.07639557676461455,293.3920536679471,837312.0521986905,1.634546927662508E9,428.96729519939544,27.992838412810936
256,12.955740040615197,0.006218297410788859,293.18647230324586,330278.6410674259,1.439986293239931E8,757.5379427065837,43.97839402790719
252,19.433610060922806,0.009841852465643177,293.2025898540922,378314.6047868668,2.013987735464269E8,710.6494827527605,44.733321292944765
268,6.477870020307598,0.002631356406669193,293.1687315762046,143086.39750047718,5.081583607581296E7,402.90988889914564,37.24728739408774
272,0,0,293.15,122305.00241293847,5.321057577069359E7,281.1292019858,28.53629388566
263.99999999999994,12.955740040615195,0.005210080251339248,293.18423708314145,177887.41385029527,6.4397524704269625E7,491.39490806736393,44.97562172949264
275.99999999999994,6.477870020307595,0.0023471507820122316,293.1682401999913,116728.91922199195,3.454917421160733E7,394.4081173421495,35.444785197959
279.99999999999994,0,0,293.15,143451.61132438405,6.129098083796501E7,335.7910776029992,27.441340131700013
144,195.74279395938473,0.34198637270943294,293.26485895129434,1373958.2164362872,4.459079658488713E9,423.3586515136053,25.803427699500684
140,202.22066397969235,0.37141718740385143,293.21613668406957,1122426.3776983274,6.237915396411824E9,202.016375390964,22.43137233021164
135.99999999999997,208.69853399999997,0.415863388806006,293.15,932179.6600030329,7.083242020851171E9,122.71908783040004,20.655511268500003
148,189.26492393907714,0.32552406737213707,293.2985764756827,1643786.4415851478,3.132078226217787E9,862.7464259823158,30.301007555415854
151.99999999999997,182.78705391876952,0.31609585863718265,293.3224438422815,1861992.7299779141,2.2766061924693856E9,1522.9361491570135,34.90133492449602
155.9994962560533,176.30979921485863,0.3101768348719233,293.34046451613125,1866868.4213391899,1.628110727476002E9,2140.659723070983,39.12918198110182
159.99739563719217,169.8354040303177,0.3058920525533537,293.35498955263665,1593283.2324021303,1.113895173844437E9,2278.997019865021,43.382988841860474
163.99197764043896,163.3683450862895,0.30206047731788305,293.3672865984026,1111623.8642793244,7.210485427567278E8,1713.831766617515,47.83713756702409
167.98120787526656,156.91460837500915,0.29737151997079797,293.3778470887407,747754.3934659403,5.955187132891567E8,939.1117308437202,54.8701745964126
171.96631484245873,150.4784012901704,0.2891705588230336,293.3864693369389,599784.3587682449,8.909570926275476E8,403.8546403397923,67.87025724212369
175.96175120934916,144.06465764710904,0.2715864324916128,293.39303482299255,559531.5442507511,1.8310524238811777E9,171.0463142759976,84.16852628311428
180.03496633245626,137.72341356912708,0.24012912004800788,293.39788354806706,558082.1198628257,2.7813962233231983E9,111.97934611205868,88.91592009869412
184.21351267581392,131.47933765765774,0.20041045935007598,293.4014461449297,571606.5816545949,3.206087930308227E9,101.9113785589762,74.09036324477371
188.50965233104992,125.34955910860451,0.15771846600638725,293.4035220481641,615618.0077760735,3.63880711473821E9,104.15615366086963,50.4897341729064
192.9017007756895,119.31878566219626,0.11596194056661562,293.4022804117153,672263.0174478642,3.556635803381611E9,127.08453050069868,33.04792975197798
197.35261435246383,113.3510893338108,0.08531287004923092,293.3951718955362,754876.3883007973,2.279328367556683E9,250.23518271538606,27.85787353914162
198.27799509556505,101.44028143148249,0.06616486785921437,293.37992863375035,953188.196490852,8.122393615232764E8,1118.8686244224357,34.881402046879316
202.7209204190929,95.46585509507584,0.06132652934857998,293.36903084237355,1093540.658613038,4.992746806513073E8,2395.5620493780875,44.93623124853767
248,25.911480081230412,0.014585733911431248,293.219796617911,424117.8032905374,3.103372232018959E8,579.6343357392456,41.30169824415245
243.99969243254475,32.38821655575007,0.02102348533023879,293.23876300751084,504203.80825138954,5.0097089661734706E8,507.50381082798185,38.45470582207576
207.12333268656803,89.45111736606401,0.05849568743549477,293.35937633385606,1235142.1713054935,3.8028831067964655E8,4011.9298555322566,54.354923392235385
211.4563412528974,83.3655733626436,0.056418105189535,293.3502220850635,1345150.095655699,3.4759486839781725E8,5205.719255844997,59.52616831054268
239.99876140245377,38.86071099092494,0.02875401308479403,293.2584615639336,645248.1211183479,7.208196260177685E8,577.6282219619225,38.584397188496524
215.70558651667906,77.19458251002538,0.054542293624985326,293.34091983214876,1464647.1884240492,3.880039069796633E8,5528.814498940949,60.81149258899291
219.86076306878033,70.92899348615607,0.05253155526779645,293.3310716872623,1579653.2672599244,5.0101027264686316E8,4980.5571439085315,59.899035315636034
223.94275833121338,64.58902809440174,0.05007610709730387,293.3203535923656,1591183.9535324003,6.672184344253217E8,3794.6651458358424,56.92362770075727
227.975353704956,58.19477483832921,0.046806110834834824,293.3082140041352,1470169.6944102114,8.583610008454915E8,2518.0743370060104,51.73789861882175
235.99684664701908,45.324322867951004,0.036222633114176894,293.277233180481,911328.5615885956,9.251407329004778E8,897.7572652419236,41.269620127933216
231.9906442460633,51.7712562926533,0.04228996460269228,293.2939486005643,1218629.6155361962,9.727556712043818E8,1526.6685826911073,45.9113177189571
201.821971439276,107.40416638365757,0.07010545692801058,293.38409686349587,831835.9677068224,1.0657631294715452E9,649.3231955106153,31.352194368799157
260,19.4336100609228,0.008232292574840929,293.1985981065189,213940.48693689136,9.519717253305109E7,480.8065587244342,46.90910465144261
256,25.91148008123041,0.012297701530329446,293.21383969213406,240720.94303600516,1.531723631342442E8,378.31566202556627,41.76699329927632
271.99999999999994,12.955740040615186,0.004373987235152899,293.1829116299361,110932.95848683345,3.117354134119472E7,394.791413461762,43.50402637199542
267.99999999999994,19.433610060922792,0.0067822499597027805,293.19597498399975,125074.72978281773,4.5187781611014925E7,346.2458710385135,46.72150491449022
283.9999999999999,6.477870020307597,0.0022502122474041476,293.168167101041,203445.52929940584,5.362752877991416E7,771.8491776480511,35.03174678675967
287.99999999999994,0,0,293.15,283823.47638438555,1.2329325196101536E8,653.3855469507971,27.656856417079993
279.99999999999994,12.955740040615188,0.003873402390614733,293.18239619996257,140594.2295096833,3.0047038794476528E7,657.8614674242591,42.421318700899754
291.9999998598201,6.477864601944932,0.0022163278793744016,293.168321531839,388965.4449027574,9.741422502218874E7,1553.23647043784,36.580689199078726
295.99999999999994,0,0,293.15,497544.03742222005,2.171038075176604E8,1140.242444561996,28.800897687739987
151.99999999999997,195.74279395938473,0.3419715556014569,293.2645060162068,1746822.8307560936,5.328247262114066E9,572.6835067273006,25.129528159657255
147.99999999999997,202.22066397969235,0.3693180886531215,293.21780017137866,1554337.2164010208,8.375682687207213E9,288.48063618052146,22.39200741595927
143.99999999999997,208.69853399999994,0.415863388806006,293.15,1316746.6382033257,1.1397969007958136E10,152.1424802856006,20.756390858420012
156,189.26492393907714,0.32671375562016225,293.2965880555102,1850443.9948392522,3.405209412777023E9,1005.6085854897764,28.544717110943214
160,182.78705391876952,0.3175993349100746,293.3200088393853,1792486.9655230648,2.181502322591938E9,1472.8674155370616,32.44397135514151
163.9995153572974,176.30973810591647,0.31156721076882826,293.3383823282789,1461748.870172716,1.297418857469711E9,1646.903611286504,36.91197467764771
167.99745101176205,169.83501205244445,0.3068637944835679,293.3536822155354,1046160.4900164792,7.727902463406897E8,1416.2534966013284,42.17405934531922
171.9923480592134,163.36703112331728,0.3020717944113847,293.36686245304924,692674.4813211343,5.3283257355379623E8,900.5587686449904,49.309594665595846
175.98262395937078,156.91176150041272,0.29497933175805185,293.37786219363073,525694.6307524844,6.40678763611503E8,431.42246465673367,62.419622648810154
179.96979554450164,150.47461290635263,0.28098761245128906,293.38620309591414,493396.23852516105,1.2692020589538956E9,191.8824334475894,83.20490164971305
183.96065827753773,144.0550210424682,0.2547853136930099,293.39214557030033,511932.91792237776,2.2132203509856296E9,118.41407980364083,98.94808034359478
188.02031228077354,137.7032393103894,0.21903855022635302,293.3963616323326,528518.3895667217,2.7176053750480056E9,102.78769964604943,91.4175266244776
192.20017420519275,131.46365909105856,0.17931229072492982,293.39917720213043,562300.4265353914,3.1202214427473025E9,101.33412074714334,67.25790786450246
196.50340325955722,125.3439523520866,0.13823291830027104,293.3998585562577,614709.8203614423,3.4860884578241105E9,108.40165110825022,43.610177093190195
200.89748569943967,119.31637475361138,0.10131295017258203,293.3962659669549,651000.8521390076,2.8977546594388423E9,146.30852608379237,31.253114833270548
205.3487350691814,113.34956415166965,0.07777387860981476,293.3877348763831,712392.5578513878,1.6061058121397896E9,316.213172614278,30.38536665430961
206.2731222757127,101.43960981698575,0.06328762229297237,293.3730276198948,930675.9917271151,5.641398255140256E8,1535.6980077963644,40.049338789764846
210.71385743693907,95.46563069966787,0.059789274732678775,293.3632286037442,1035255.3318475407,3.6870339730753905E8,2907.164880168529,50.190299275318836
251.99968237462835,32.38817406076903,0.01826511340340997,293.2314185357214,270161.65163211344,2.5943581978647807E8,281.3736981601842,35.51719823940522
247.99873571903993,38.860587798776905,0.02645081876552245,293.2511652176625,322545.46961187175,3.946711056878085E8,263.6166038685398,32.34577559451953
215.11331365372718,89.45015320268867,0.05756454666022307,293.35431188688653,1135891.44124926,2.954309269003418E8,4367.596439424203,58.04899024584984
219.44368723724529,83.3626079907595,0.055824389892554165,293.34566517394666,1209140.2716270166,2.828785534473243E8,5168.483987571985,61.69240612243385
243.99690983641662,45.324165128273755,0.03506564544715241,293.271171614877,426679.423955644,4.8555392377411073E8,374.98004750836253,33.137378479077874
223.6877307795177,77.1847711600988,0.05418089444180751,293.33684566121013,1271571.7303763777,3.222043494465156E8,5018.241067368318,62.40350809753726
227.84545845614173,70.91841843538548,0.052354557162151184,293.32750468021277,1267227.5247356447,3.98921221055691E8,4025.5353026185944,60.149405160517354
231.93177481875634,64.58008868387367,0.05003106049599524,293.31707900286614,1129750.4869780624,4.8292987538973624E8,2642.9150427267055,53.98619572400003
235.97275265503995,58.19239699498268,0.046770179194694915,293.304664530176,884663.8856777513,5.40761965200179E8,1447.288825177017,45.403595649238916
239.99043645790957,51.770800664678156,0.04195459151873255,293.28937252404995,609158.3865459658,5.261345859638193E8,705.2955799683027,37.71895280176961
209.81727450654898,107.40277457040034,0.06675528475880095,293.3772791582032,754009.3144911841,7.343612497704581E8,774.2703114037381,36.33931109538242
263.99999999999994,25.91148008123039,0.010171850694107197,293.2094505760867,143511.95935508903,7.710297957093996E7,267.1425869203904,42.17628657542656
259.99976517666755,32.38823939840804,0.015359434227120562,293.2251536163803,163107.35532485784,1.3757696169555816E8,193.38805598467528,34.28245739467622
275.99999999999994,19.433610060922785,0.005584433691242574,293.1946155882988,118273.82705764087,2.9969239216217216E7,466.8438303303856,46.02864651445534
271.99999999999994,25.91148008123038,0.008076701898158801,293.20676171976356,116586.01054538478,4.809001995594845E7,282.75605715752755,42.22106465148227
288.00000185739583,12.955698710530674,0.0036756023221592043,293.1824150748257,288452.2991612144,5.444498369450146E7,1528.2673470546015,44.32608148137775
283.9999999999999,19.43361006092279,0.004993174622762581,293.19421169220544,205259.43196601115,3.848917172744623E7,1094.6488908292013,48.079159878273906
299.99999980682634,6.477832370902846,0.0021922937396252474,293.16843764247983,632080.0032679191,1.547030964356607E8,2582.8282781534904,39.26435969405541
303.9999999999999,0,0,293.15,743390.7218897984,3.2125202538833237E8,1720.2381881539916,30.714733589739968
296.0000104297879,12.955474418555923,0.003594142847485116,293.18252827844594,517962.2616100824,9.307291088351506E7,2882.597689421091,47.9244096466353
308.00027855394205,6.4769727160517085,0.002149596976069687,293.16835181004177,890150.723201142,2.140461202628088E8,3702.3098898376415,43.12094745187955
311.99999999999994,0,0,293.15,984689.9561544886,4.1259361496068484E8,2350.067806389995,33.50416690343998
160,195.74279395938476,0.34329628665606493,293.2610611698547,1705454.6123606993,5.17925942995266E9,561.587290747587,24.008500979652073
156,202.22066397969235,0.36924932715167863,293.21698856540894,1718256.8298776438,9.056999689993288E9,325.9909525681466,22.058657812158938
151.99999999999994,208.69853399999997,0.415863388806006,293.15,1617582.6365455706,1.4797974511750084E10,176.8218490550004,20.742627299580008
164,189.26492393907714,0.328542608072681,293.29210167200443,1509334.8367388707,2.8680963165821724E9,794.311462654834,26.353556111675
168,182.78705391876952,0.31937384472657965,293.31597636027385,1219102.0283117522,1.588205249357928E9,935.7878105844856,29.459617719440114
171.99957051611835,176.3097182099809,0.31295692668542946,293.33557110896777,863143.634137513,8.547434615815159E8,871.6345961422993,33.61928469146735
175.99778586634326,169.8348532461085,0.3073934085469329,293.3523107472824,553080.9535619003,4.91704750960237E8,622.1367977901796,39.07907064652479
179.99334012887024,163.36635465465238,0.3005542069390988,293.36659075023664,383260.40563116287,4.290249350821238E8,342.4113369313736,48.10696481117191
183.98457806470336,156.91009991242333,0.2886737354523226,293.3777898114277,392853.6905598485,8.302809785320706E8,185.94584356421112,63.89856000830371
187.97352773406658,150.47344458582762,0.26718101598604,293.3857015459125,431070.756777857,1.5377581269570034E9,120.8427333153661,81.51331097446217
191.96905894928943,144.059754756098,0.23657759191760727,293.39108672621705,465115.7378140621,2.0968456448729546E9,103.17293981058965,87.81855364674526
195.97556799113454,137.66119579525022,0.20084930669446924,293.39469441563364,505866.84375039977,2.545648241402886E9,100.52544299936814,73.43013240671326
200.19052803964482,131.46057295340464,0.16281013381074916,293.3963417012683,551033.7046726798,2.979555960626676E9,101.91059493261196,52.534346934841004
204.49760869207296,125.343744603957,0.1246734048760819,293.39509519503184,595175.8660698,3.1551268562956023E9,112.27916168569614,39.32606808200396
208.8925417607494,119.31512667518223,0.09279166159829412,293.389869967998,600131.045315063,2.2980220537416515E9,156.7988496870366,34.42994653562109
213.34415334113132,113.34760881362455,0.07376779467674123,293.3813896535058,617337.3863886979,1.1620945229133713E9,328.16876401804575,35.71846477785391
214.26657654751324,101.43756692407482,0.061637371555130306,293.3673324527338,792847.4015180912,3.857675225653188E8,1629.747881147954,45.49681452118899
218.7053848287271,95.46303819369018,0.058883240324846396,293.358368417395,836679.8321199496,2.5166960123017728E8,2781.8479333051887,54.34779769353279
255.99909957132078,38.86083249147571,0.023117459561909633,293.24388693029664,186226.64892522132,2.2732645817331043E8,152.57561090438594,28.432872027622462
251.997692562835,45.324389818512124,0.03263670392870233,293.2644194164659,221064.22209277962,2.881514233802516E8,169.60777358765583,26.895831877726675
223.10353857868685,89.44656770427362,0.05706901871863123,293.35002137148064,900192.378133766,2.0975517044214413E8,3863.4815003167364,60.67999338100242
227.43356584373367,83.35713915135325,0.05560936980714932,293.3418595466822,958825.8264960094,2.1479698775760064E8,4280.132597552175,63.76609886442534
247.99181161359374,51.77066541722405,0.04106869463520912,293.2841137218747,294525.6164175963,2.9697928017288345E8,292.12237842544465,29.789179890683446
231.68026840596315,77.1789071510953,0.05418275696702183,293.33352618847624,964678.7485645007,2.4619846003290176E8,3779.9025848814867,63.486686729787586
235.84531666748728,70.91655510827101,0.052519806607806925,293.3245482425052,851017.6174680507,2.768009779298692E8,2616.438913329095,58.279834678749374
239.93451194247803,64.57936129654573,0.050254945041214465,293.3140617054559,628078.3569804538,2.831127485686665E8,1393.3910998184276,48.03686100129341
243.97354067059132,58.190300602562466,0.04676684049831011,293.3008696092166,430381.86222498614,2.899759069621106E8,638.785088463096,37.119856613199666
217.81130445310794,107.39969976862331,0.06491734744617673,293.3717845999731,610624.1652393703,5.062697934160466E8,736.5385939796396,41.53182571923471
267.9999088939616,32.38826431226831,0.012314013813786521,293.220699803893,125127.13652200399,8.974596987553112E7,174.4889328013219,34.22031340096353
263.99973091619,38.86078661138101,0.019218552169823072,293.23776787478755,140403.72857929496,1.5576812746724433E8,126.5630492291274,27.106228811835106
279.99999951149795,25.911468167770312,0.006649562160709965,293.2055017387175,148287.93149001943,3.852276332662345E7,570.8606393202364,44.2778598405909
275.99994347627535,32.38805204104795,0.009463720999636216,293.21803166700283,136679.03506736425,6.78734177565476E7,275.36878368339416,35.99601821395299
292.0000363995839,19.433027773938036,0.004763357998880061,293.19421906618146,399444.4037832084,6.643516961138108E7,2401.689355793162,52.969947238400984
287.99999999999994,25.91148008123039,0.00604223885969049,293.20512229164024,287637.03892303054,5.668767766791407E7,1459.5420395416006,50.52180622441117
304.000416713094,12.95402377931004,0.0035332932538703434,293.18239473877975,795605.1451911827,1.39498087488479E8,4537.729215250073,52.555155272541434
300.0004992966471,19.430810561828807,0.004653456409320903,293.19409777073975,678131.5479027927,1.0734210594787274E8,4284.092340219672,58.74682079520529
316.00112417187796,6.474469471102386,0.002074811484136091,293.1680310859993,1118412.5250264013,2.626026226647826E8,4763.838013042055,47.75106478020657
320,0,0,293.15,1186060.550027378,4.729619165124484E8,2974.36104897,36.7491587071
312.0018384840284,12.950149592117704,0.0034458259589632743,293.1818949571918,1060472.2998122016,1.8247128402184245E8,6163.32389416291,58.12091212379962
324.00253418934363,6.4703476859828974,0.0019790263358998605,293.16756625937893,1260376.1165530146,2.8562713858316624E8,5562.236461738601,51.82553666636502
328,0,0,293.15,1262001.3992917258,4.768693322944765E8,3339.820126764,38.797835250359995
168,195.74279395938476,0.3464109207010722,293.2544062009406,1225844.1981285245,3.914959722647063E9,383.86265725264224,22.814851043311283
163.99999999999997,202.22066397969235,0.3713214078180123,293.2126946055624,1437759.8346305257,7.523281040741123E9,274.8226532724696,21.579578110447855
159.99999999999997,208.69853399999997,0.415863388806006,293.15,1568794.666703454,1.4021124918023226E10,175.53700109900055,20.650877488100008
171.99999999999997,189.26492393907714,0.33172737434323746,293.2854155086579,957465.3291413024,2.038569401592511E9,449.70417689026016,24.284316356499236
176,182.78705391876952,0.3221688018484312,293.31057631928473,674833.9794239947,1.0492831950350045E9,434.01595856923115,26.472426570396703
179.99964691882064,176.30969354183256,0.31491214385809946,293.33196947468304,420323.51335203013,5.2790355161498135E8,334.67015806809553,29.582711005826308
183.9982608666967,169.8347086226357,0.30750345139563057,293.35044201616273,298629.838767336,3.786232298745555E8,235.55102648765066,33.961882450994146
187.99453262800682,163.36599577203577,0.2966533918463228,293.3657479959458,286495.31632028887,5.292752922225268E8,155.10677937942364,41.893822434083695
191.9862326381598,156.90949819886512,0.27873268024982245,293.3770678077561,336866.0293712584,9.883878245024595E8,114.81434409296264,54.18681726205437
195.97451594827908,150.4738821266088,0.2531233505514788,293.3847018036895,395752.9474491536,1.5267467794909678E9,102.58631520473068,63.715686594343616
199.9736520584872,144.06809210175314,0.22204830388078564,293.38958232196745,450434.2900058254,2.02301101140015E9,100.29292239521676,63.368750494682835
203.98705113220748,137.68528265295436,0.18742937483691957,293.3922281769738,498116.4399729849,2.4735890855760026E9,100.30921113708415,56.534731600808364
208.18969238895417,131.46832132470288,0.15124991942350294,293.3924120088487,536993.0425668679,2.8182496335518165E9,102.32431250532477,50.899822353009284
212.48990422771575,125.34146223332056,0.11618780768868274,293.389913107246,559151.2206716575,2.76493281122804E9,113.08152283414826,46.363158449775646
216.8886695001866,119.31305102591604,0.08809189715857013,293.38444493999094,533393.8057885267,1.842939634637948E9,154.44199422584973,41.56559974227971
221.33881449522121,113.34339470618596,0.07161325023722209,293.37635395822525,516371.7041148621,8.74881393834217E8,304.9967523972443,40.74896990301073
222.25923294907668,101.4332693229963,0.06075147843500971,293.3626144467476,615101.8737004949,2.6094758350833598E8,1450.0712866424603,50.03616748569947
226.69756680259067,95.45796455528864,0.05851286703211806,293.35425640162657,649096.8473755204,1.784407229671509E8,2361.3567176115243,58.3936937642838
259.9990730212028,45.32385914469409,0.02863959270363411,293.2576849719699,156502.26583763887,2.140361848788078E8,114.44483402463716,23.66497190820075
255.99435863848626,51.7695673785646,0.03860627836290326,293.2781385485492,179480.8867084514,2.261946191415818E8,142.43165768715133,24.55849920632315
231.0970953263537,89.4409399226501,0.057038953811945715,293.3464263558799,719048.0848392217,1.6570001638325188E8,3120.3693357393063,64.47546625643918
235.4304127630299,83.35152908592516,0.05582733151336718,293.33873420906144,750050.4226922644,1.7702807715489247E8,3177.926622561075,66.70960311308512
251.9770432751972,58.18830227631072,0.04623103264284834,293.29640208548227,223719.76857509546,1.8507793015044895E8,270.46995704709747,29.973094018415768
239.68100203407312,77.17407657347735,0.05458056379803405,293.330759870393,673155.6147664513,1.8466772243107668E8,2453.8087778871973,63.6133292507547
243.845725919102,70.91021445583759,0.0530031823278928,293.32183817065714,503652.6882716001,1.7688419276226264E8,1434.0906588493456,53.83509841648708
247.93915898171443,64.57731974901215,0.050581940602934715,293.3108381601958,325375.25686232455,1.6398627793224707E8,645.6044692477316,40.51567532609216
225.80419898366418,107.39382751930059,0.06401361650981573,293.3672428441668,490658.5885680763,3.675513806425969E8,655.07070935521,45.717254943835364
271.99983861553847,38.85974710421835,0.01484460779169657,293.23332179779476,139685.88502621278,1.313115538867151E8,148.62074088839412,27.92158156313843
267.9993869204942,45.321192158190634,0.023520140686598176,293.2517858372189,149118.60161421492,1.9954537871580327E8,111.43802622624162,23.23885996830293
283.9997775058363,32.38739364947883,0.007892914549266413,293.21673040915863,208602.01700872576,6.408291224696833E7,679.0850830346691,41.83031474016564
279.99893134821815,38.85764717098619,0.011291461965505456,293.23046005848227,167569.9722073539,1.0145165473277855E8,276.84085577743576,31.841366680583064
296.00050414170505,25.90808984002899,0.005793877172478183,293.2049249862684,538031.3665637271,9.489546611495595E7,3050.537641232144,58.311173471080245
292.0000480430335,32.383487602829895,0.00725077700867502,293.2161043900973,404931.17124472716,9.672616064813294E7,1695.2681513453117,51.194342008381426
308.00222587095567,19.425784485367164,0.004552340146652693,293.1935594080135,990875.5846623923,1.5198804915023008E8,6459.971652268409,64.95921607320048
304.0022971768024,25.901066690432188,0.005640519754664835,293.2043938286294,880564.4929672166,1.45473217462224E8,5330.234596457106,65.76901144066515
320.00474310960874,12.94292075498307,0.003319112114981704,293.18110754433474,1255011.044436956,2.1080801391566947E8,7471.669847820859,63.583588052748105
316.00585476102157,19.416182482796447,0.0044139345203044284,293.1926000091755,1241189.9876657187,1.8473522947354624E8,8339.284536008201,71.00335544751916
332.0059367097534,6.461755957424486,0.0018809949826558761,293.1670874922517,1253225.7659800018,2.709074478309788E8,5798.053255218104,53.22761393240801
335.99999999999994,0,0,293.15,1179838.6447079107,4.24893158501981E8,3276.168894612003,38.53389106252001
328.0102587775037,12.928582893003863,0.0031663370824202186,293.18021879940267,1307911.3429791313,2.111850644483925E8,8100.334877355929,66.73225368512685
340.0111878648943,6.448285191952673,0.0017827980450470175,293.16664209150935,1103372.3921812472,2.2534584011052194E8,5403.043871116909,51.56184993481451
343.9999999999999,0,0,293.15,965326.0398654626,3.3018570610261613E8,2822.2278282360076,36.31827961052004
176,195.74279395938476,0.3523022738932318,293.24628204884124,756330.5487468565,2.6653747300390425E9,214.66344894760923,21.771737960837655
171.99999999999997,202.22066397969235,0.3759035030236754,293.2063110143806,973910.969868454,5.025732152960144E9,188.79756031463015,21.094701205433044
167.99999999999997,208.69853399999997,0.415863388806006,293.15,1171664.7157577418,9.357588231565092E9,146.74586484960042,20.509779135900004
179.99999999999997,189.26492393907716,0.33753103335185347,293.2778019662424,536737.7501581828,1.3884599276977043E9,207.51390510181508,22.521150549118314
184,182.78705391876952,0.3271858911257479,293.30442054670385,386668.1357256737,7.983536619636954E8,187.29244769842785,23.713322182705657
187.9997126884706,176.30963783515213,0.31817216294523704,293.32758861862584,276232.1120039236,4.9692748382056E8,153.56160875524242,25.452022930281405
191.9985755211029,169.83448245768662,0.3073236581820529,293.34763910302013,241304.57510627515,4.7174996194784707E8,123.4383283717586,28.1981662677901
195.99505152645247,163.36576160506587,0.2916805341586625,293.3638660706941,278396.34519282967,7.253611385930725E8,106.85143034216317,33.26918725435723
199.98631887242422,156.90969859050224,0.2699995770604653,293.3755183259563,342904.2686510565,1.1607867479486449E9,101.29714891930024,39.90849707507913
203.97184918466257,150.4745465353499,0.24299546774966138,293.383059673505,406824.3652072202,1.6509747851173546E9,100.24908761530101,46.41545856270256
207.97143383929077,144.07270517454003,0.21196623836783327,293.3873058065454,458909.92047246563,2.1050943283997328E9,100.04386217193218,53.78490758930963
212.02245738006172,137.7230965393138,0.17820402334411292,293.3889504976374,498162.2677921592,2.4743641521886554E9,100.29723338681902,60.588044222601866
216.1619689071781,131.44844454446778,0.1433381705018877,293.38844663110325,521946.3802414033,2.6632650708059363E9,102.29626655498504,62.83535447972836
220.48990134638984,125.3407251655497,0.11066863264885927,293.38568282115017,520363.47701741476,2.413951883768655E9,112.17702032866397,56.71198167394976
224.88522254436884,119.30834084049489,0.08497074845741394,293.3801849329254,472993.88281857874,1.4841331682058818E9,150.79356764790796,46.65941958737182
229.3317508944028,113.33584821583327,0.07026707411658333,293.3721407969103,447941.04666762514,6.681809145296012E8,300.4813130270023,43.83884686447385
230.2523121242754,101.42637216446633,0.06053106927526177,293.35862645366745,501386.1179125912,1.9876881828674865E8,1264.895814662852,54.68982270346921
234.6925440203978,95.4504903903875,0.05870947296321121,293.3508118434327,564718.1941720053,1.5810472808132115E8,2017.1546209178143,63.63518007514727
263.995528316282,51.76515489259884,0.034147321473630345,293.27185813594105,161078.6979564505,2.348645682308152E8,110.4870171592017,22.34149780706809
259.97979291664797,58.182772886099016,0.044077447695726614,293.29099110699,167098.3860508389,1.917835512499694E8,145.62966626791808,25.121906257192023
239.0962511337259,89.43336247993842,0.05750614125521219,293.34343419913665,633602.8905360865,1.597683369048291E8,2512.7516984713625,68.84816276108143
243.43400023574907,83.34385401193028,0.05647161385954192,293.3360559876018,597976.9365883112,1.5649318486859968E8,2284.949204863237,67.87004745047402
255.93914015532866,64.56658362451601,0.05046458044232089,293.3068545732758,192454.00075074643,1.2351047918865101E8,299.9240328682145,33.26081847424981
247.68615466751484,77.16555011078403,0.055309856384166585,293.32815936646733,456624.4888445973,1.369042595439557E8,1523.0080767651154,59.99544497870006
251.8500678280713,70.90130896228028,0.05361785664388204,293.31887302364936,293534.04983280547,1.1447739931962143E8,752.7086692674399,46.69546429628854
233.79629416570984,107.38487025870684,0.06376875438693218,293.3633868942473,445957.17552508856,2.9714509173853123E8,669.4885283207412,50.022066075214276
275.99749734002467,45.316765419817955,0.017905055413537947,293.2471366678796,170785.3969329641,1.9650137333878997E8,148.45441689571427,25.32134890837222
271.99366058081733,51.75773749790723,0.028162964555309058,293.2659736560509,176886.94091506593,2.740437093683198E8,114.18304809580918,22.712286411950426
287.9981564044468,38.853120817406754,0.009544026363016246,293.2287699264535,302233.6901921417,1.1842263813495053E8,771.4023813381363,40.815692211308914
283.99487013460134,45.31123793846041,0.01377530114108611,293.2437772982503,244120.27213642016,1.8233271914980316E8,326.89401557262914,31.699265345093057
300.00162351502644,32.374782692113335,0.006936526732572169,293.21543569710167,732453.7823156781,1.5360839425842723E8,3492.7066676921054,61.017621114280075
295.99872690086505,38.844125318275914,0.008765385765655026,293.22754157247715,590401.232304905,1.81898097253518E8,1916.4273671626631,52.24386029945732
312.00525016170604,25.888666461904887,0.005474901090039989,293.20335071621713,1202693.4376503367,1.8793521062816843E8,7696.784198568234,72.29307741599449
308.0031374675573,32.35999487229602,0.00668461384090121,293.21429429359017,1129501.6605983803,2.1456696838325033E8,5946.022810875117,68.74333525307226
324.01045017965413,19.396496389088878,0.004231965572747267,293.19139922443486,1356106.8515612108,1.9449308954546902E8,9455.508771408522,75.24717341001309
320.0052687591845,25.863608106779534,0.005263819009808269,293.2019156384791,1396067.9335082173,2.0681791517520037E8,9423.92050759115,77.07911636172771
336.0194857000616,12.904552990549583,0.0030024033488818772,293.1793818084953,1219717.5042287644,1.8652618522612897E8,7976.07363898452,66.65035677435934
332.01513712855507,19.361631273932183,0.004020955098761092,293.19017718751047,1317847.628951381,1.7978036587474063E8,9660.25116195486,76.45195710061942
344.0345015396066,12.87610444096043,0.002824925211844028,293.17861872145795,1009464.1886181511,1.4552059390407094E8,7002.77872675797,63.34914111492149
348.01031114075454,6.433615976023826,0.001667512522248858,293.16617708463497,857061.2086939807,1.6388896905600306E8,4482.522865042519,47.9967987587225
351.99999999999994,0,0,293.15,716828.6055240451,2.2656467747723016E8,2268.0718136820037,34.03949365146001
183.99999999999997,195.74279395938476,0.3611505581791516,293.23855114103685,479440.37892417866,1.76473779223537E9,130.26595551420954,20.947584887292223
179.99999999999994,202.22066397969235,0.38269412061853597,293.2000236630108,606123.3483447838,2.880751919346607E9,127.5613363010516,20.660686783826723
175.99999999999997,208.69853399999997,0.415863388806006,293.15,765603.0298469616,4.927429729254666E9,119.00821778760019,20.355962301799998
188,189.26492393907714,0.34626883715536744,293.27049466284535,369678.40425746905,1.09557336694226E9,124.7460731766353,21.221367641316814
192,182.78705391876952,0.3343666304573402,293.298244177375,290699.15740115783,7.335915136360903E8,115.20331813193427,21.665374772206757
195.9997375694281,176.3095452920381,0.3223789551162455,293.32278666609676,255480.84603832677,6.118005696404313E8,106.69480090154728,22.393046640629382
199.99849298600992,169.83423140804277,0.3076739882450465,293.34407708723614,271119.24510227866,7.203334696984396E8,102.0470660618143,23.722150038300782
203.99441585882582,163.36566924877704,0.28863105709879494,293.3612321212452,321738.26704082504,1.0284309255117627E9,100.6539274539018,26.836990589768508
207.98457819080133,156.91036456519848,0.26486486632814793,293.37341792618145,380412.9785816768,1.4453571503069532E9,100.12403262709148,33.166774182311855
211.96826143364913,150.4748765599536,0.23681335428944458,293.38086535038855,434684.82202909235,1.8892250543743732E9,100.01626651625737,44.708970197492086
215.95891646603417,144.06537687344738,0.2053040358061402,293.38467145015335,477508.29670778214,2.2797355764429526E9,100.01959759274011,61.89646469507702
220.0197385282155,137.71900342861974,0.1715694683566672,293.3860176240292,505040.33684574766,2.5432376191782837E9,100.29454459070553,75.03895971474732
224.19210803115823,131.46835351777113,0.137307532261953,293.38538214464285,514276.21587063425,2.582128268005524E9,102.43272965125301,72.66515977825907
228.49114120403377,125.33680018624716,0.10554092171342756,293.3824430277917,501504.4683851172,2.18998439605423E9,114.84978113837691,58.89555599071999
232.87886469109964,119.29972626759951,0.08164595418745586,293.3765904136983,460042.00989207305,1.241915239123982E9,170.47583377055116,47.34609429966212
237.32255186991597,113.32557390399316,0.06911654205168248,293.3685181393925,451923.39247856283,5.390622203150284E8,379.03134623433925,47.098792107291075
238.2465252905697,101.41606041740958,0.060886623140794176,293.355303028253,493362.37269036093,1.8738059562164333E8,1299.175438292673,60.02152358614047
242.6908528446033,95.43886538646076,0.059367558486632784,293.34791428909966,562275.4459970854,1.6177839147090262E8,1954.2537993061558,67.58751729761705
267.9803663240421,58.17299461312699,0.039784128029781186,293.2849606940676,179819.1204318999,2.692849428894988E8,120.09463156079418,23.282792529767406
263.94239181245223,64.55393235450774,0.04898424932999181,293.3018330754456,176029.07802531277,1.6707298331865877E8,185.55282787166618,27.90922921103878
247.10015565409756,89.4204626587193,0.05831997982831894,293.3407862114448,571506.0280164338,1.502424990885018E8,2173.9493310011962,69.44273213583593
251.4418904949931,83.32961493940343,0.05733981493440161,293.3334585763127,459494.2969367686,1.2352102948530073E8,1709.3135689694675,64.05524443078967
259.85562532978196,70.8862556028557,0.05383676519739298,293.31516403588034,203791.99734473162,9.604006066348547E7,432.54910681403084,38.4118323357926
255.6943379344862,77.15038590445667,0.056074844299525854,293.3252767006946,305423.6545767817,9.524624901677705E7,979.485372419572,52.40296105409897
241.78785912829304,107.372559619138,0.06386729294457906,293.360194385003,472941.9998103141,2.623623752985718E8,852.9585745371893,54.59145832373344
279.98969420649934,51.749949910167736,0.021644806071605172,293.26098689286874,224310.03480242065,3.027498474384702E8,166.2367559635209,26.309702940577605
275.97868212294003,58.16277357331371,0.03356036014449585,293.27906628512943,231445.3662475065,4.088666283673416E8,131.03065164851884,24.63346708297455
291.99332247161493,45.30308355067553,0.011729103516935721,293.2413624673349,472819.0573784923,2.3903112297550514E8,935.3156900754403,42.739486498523895
287.98560510079096,51.742277181306854,0.016990939837662936,293.2570150284478,400201.8775846585,3.651054342096192E8,438.7023861279686,35.33432753276336
303.99948624288845,38.828873485026314,0.008278508762550235,293.22611252386645,1019940.2442044182,2.6667058204640314E8,3901.196982082932,62.4035969588058
299.99275966200446,45.288964322169626,0.01063631430438465,293.239234096296,873535.3136251209,3.4314211503558165E8,2223.922655119935,55.001889463359
316.00260572656407,32.339217347129114,0.006410036585160053,293.2126499985638,1407677.166752071,2.443872891838708E8,8108.493457160684,73.89230973878756
311.9930994597266,38.80188810707998,0.007846539603479601,293.2241845826939,1396153.268744012,3.183117638186117E8,6123.953177953456,68.46301491247176
327.9974777116547,25.815739638281812,0.005010295479931123,293.20033626804144,1395199.9356518018,1.951112890442736E8,9976.853360086343,78.69759471428021
323.9777631874182,32.27424225272813,0.006092698766142812,293.2107027591159,1468063.1464306281,2.3433422142089126E8,9197.35987647822,75.82674425362718
340.0233582698107,19.31102549323389,0.0037939657373619357,293.18906963687783,1154559.435984045,1.4890306560578763E8,8952.197759266246,74.54125660555589
335.98089583624375,25.73932689503327,0.004733188830934216,293.19884291365605,1256371.6229867015,1.6530726686855885E8,9548.713768375977,77.53429828743414
348.050690596001,19.23179678804029,0.003547101681772208,293.18805219563643,887245.175659013,1.0918038335965383E8,7210.167691897836,69.91132583378129
352.0499523270381,12.847646753000168,0.0026178102772973773,293.1778438529016,749777.1628212928,1.0253461733301394E8,5482.8805924847575,58.94565907410571
356.0069025963892,6.447258923282582,0.0015202417368859083,293.1656740998198,617011.5560130436,1.0932597472635417E8,3482.8177834913004,45.00432460046168
359.9999999999999,0,0,293.15,507951.21225704596,1.410163016716253E8,1829.9325427400054,32.84890746230001
364.0105247110611,6.456829761444561,0.0013337270042865729,293.1650402470968,438326.46872841433,7.091885698576859E7,2709.659046125718,43.51292500910066
367.99999999999994,0,0,293.15,379023.6862352399,8.816195955447562E7,1629.778031738001,32.90258452706
191.99999999999994,195.74279395938476,0.3700864364175301,293.23224859324733,354280.11890321964,1.1918137858599355E9,105.3262280524218,20.405210906219963
187.99999999999997,202.22066397969235,0.38940827149331403,293.1950364920695,424794.2538359493,1.6963211174697587E9,106.38974783530385,20.325798464813165
183.99999999999997,208.69853399999997,0.415863388806006,293.15,508752.1196046287,2.46435581041457E9,105.04795547480006,20.20464093548
196,189.26492393907714,0.3549549153911475,293.26439244161844,302817.43747271283,8.892562826932355E8,103.13077376484542,20.46347621600197
199.99999999999997,182.78705391876952,0.3413262382836844,293.29295156444283,278494.3170968281,7.653898857599047E8,101.3451718475586,20.593379487843716
203.99974897785202,176.30941918591742,0.3268348544832262,293.3185276089758,286444.1162763737,8.152022711892514E8,100.6575254894308,21.033408675005717
207.99810364008522,169.83399555388033,0.30960484128395244,293.34085488433766,320693.94540807436,1.0261953592225708E9,100.2212351640956,22.22219576226549
211.99304902943175,163.36559454989606,0.288475500039107,293.35882424687674,371063.7260477922,1.376057579701348E9,100.06005455911674,25.926754642638542
215.98241561915518,156.91067272073812,0.26304471190389395,293.37124724247946,424553.655654595,1.8021310666779125E9,100.01857634307352,35.59277123451209
219.9673201882464,150.47460727374263,0.23356076053256328,293.378577862957,471223.8667829462,2.2203829912656426E9,100.00729711496719,53.02926125337583
223.9581417676319,144.0617582387498,0.20076440895820205,293.38241367744854,504866.75969213946,2.5482259639898386E9,100.02833248165518,71.74914055736996
227.96667733829813,137.66618490635165,0.16571359191018373,293.38390758771044,523059.6539728989,2.7223984870637765E9,100.49909401317291,77.43808864253286
232.1820165786511,131.45193688856705,0.1307175287213247,293.383183546241,528541.8917094655,2.672558957083211E9,104.53561270599268,68.47541884841247
236.4856935604865,125.32735343792108,0.09913080045292465,293.37978388307823,519671.9087635765,2.1024631640851748E9,128.45679001951376,55.515198048413076
240.8697009089721,119.29024781648694,0.07789191293518533,293.37347501424875,486317.37199478125,1.0319766419276623E9,229.24946131841736,48.90006626580156
245.31102154936457,113.31351966018687,0.06808773914770995,293.3655246018531,493451.84298482817,4.403133917497816E8,553.3235599985369,51.01638957727434
246.24194575889157,101.39992236416862,0.061493651886001525,293.35248864549163,525012.1726808706,1.7902209010063764E8,1539.8980630280528,62.89385859077125
250.69204151891267,95.41877424356973,0.0601538469891027,293.3452695756559,550571.008143329,1.467694558381867E8,2065.3530515427938,66.85320002985304
271.9519281026914,64.54627509852835,0.04554607564655349,293.29609522194454,217658.31532396283,2.979108188358095E8,159.10860625517913,26.191880793356038
267.8702309770254,70.8748602098721,0.052950209482363,293.31047984748164,219637.20282999976,1.4786203894484735E8,326.3768228107333,32.482911468301886
255.10735319047438,89.39705518344654,0.05913556176123957,293.33813849211,486605.3397202865,1.1822105309862097E8,2002.9147680548424,64.69504353346991
259.452042452113,83.30502757593128,0.05804076667959184,293.33056605485194,351051.2543844798,8.893065411639537E7,1385.8946553656153,55.747165316202675
263.70513788761724,77.12890453201395,0.05636467694202451,293.32171842934434,250612.94981086403,8.577290247970228E7,732.5484898661445,43.373171549372394
249.77859105874072,107.35512978360819,0.06401440313362768,293.35745895667355,525037.1160507874,2.3380132794609416E8,1179.614212461827,56.54207148652302
283.97349837020033,58.15351506369764,0.026498419745616144,293.2738596956738,368311.14309012523,6.042956460577146E8,224.6195874561483,30.63042225841735
279.9495301703641,64.53309785720165,0.03995720507489287,293.2904246766827,335730.3541040214,6.119035582075921E8,184.29630373415182,28.926422699489162
295.9809699217199,51.72939120042827,0.014436914512979805,293.2537361375885,754662.3311648857,4.840715015675754E8,1176.6053701909095,47.476808894640506
291.96290868920966,58.13961652346933,0.021121725748104222,293.26937523189866,679667.6648015698,7.978352132579402E8,579.1226931862476,40.96555793239482
307.98020809036507,45.25658568582771,0.009846877067131271,293.2368654235865,1344817.7423657451,4.37773194442935E8,4131.46201944272,62.88306026935708
303.96291477921926,51.695072884732035,0.01285238184214338,293.25064765783094,1251913.4000733749,6.199998246414498E8,2528.1954858750073,57.76946974359708
319.96140837871604,38.73808957046064,0.007404123728783882,293.2218388830228,1549058.5032033625,3.1235437157903177E8,7682.542421314784,70.6046655392305
315.94224611694773,45.19235614383831,0.009150931220467397,293.2340919175477,1590288.4803324093,4.406424928744553E8,5739.625824959873,65.27315417326237
327.8937868183706,38.61073979738197,0.006948717986041505,293.21940275325164,1421398.6553402748,2.5593783559515193E8,7894.21164803585,69.33742128355546
331.93234827772966,32.166998583565764,0.005749283085959425,293.2087810547546,1338659.8014593024,1.9757769127683517E8,9069.987454107524,74.72947492924544
343.9704168233507,25.64401963848933,0.004448906132451553,293.1975755478609,1004359.5785459513,1.2558940098610394E8,8032.053941724341,73.6340188326268
339.8806104621454,32.03827104373804,0.005408989049288048,293.20716950232367,1094841.2338226188,1.513869056360376E8,7917.985932897078,71.2153376853448
352.0045719442189,25.53962792160675,0.004158555959150076,293.1965262813608,705666.4750588889,8.614569640400884E7,5780.562754460854,68.4813897002973
356.1909164277114,19.125762852977953,0.0032670753474311463,293.18701146364884,612034.1787005868,7.341640867161493E7,5102.267885661902,64.86560182918923
360.0218626336315,12.89410894429623,0.002380223773728493,293.1770798986977,519075.0897296045,6.785974642840879E7,3970.692565081635,55.43950390775506
368.0319957182689,12.897344379381485,0.0021120818687666563,293.17611271560213,362445.7776946313,4.517433610682634E7,2908.0979131057325,52.771161374056284
372.051494910238,6.457967942315908,0.0011461680676433923,293.1643328983457,323871.7859642045,4.693696800825894E7,2235.1344507158096,42.443372945779394
375.99999999999994,0,0,293.15,288745.4010330473,5.6489154894219436E7,1476.046167006002,32.49710073998001
379.9967422314135,6.1900077081472995,9.752977949632905E-4,293.1631724459368,236973.37194888052,3.1504484228560627E7,1782.6688897262995,39.34038063286338
383.9999999999999,0,0,293.15,196963.922060987,3.4125659200745545E7,1136.8481611820057,29.99741517702005
199.99999999999994,195.74279395938473,0.37690654951560276,293.227761726414,300114.53318761394,8.963577833770756E8,100.49216730229426,20.20536395810346
195.99999999999997,202.22066397969232,0.39425286819970506,293.19154950542685,334010.2472504237,1.1066090905846105E9,100.82029239096846,20.141718251087024
191.99999999999994,208.69853399999997,0.415863388806006,293.15,378116.2171861003,1.4170798604237869E9,100.89444429160001,20.093468116559997
204,189.26492393907714,0.36210396350266216,293.26004623920454,284879.283467943,8.086086895137029E8,100.37705911927368,20.407271407107064
208,182.78705391876952,0.3479405623750767,293.28925820644844,292212.64115706296,8.51209174310007E8,100.32507306540333,20.786150880494315
211.99981120837353,176.309295616749,0.3324933319938677,293.31576368167583,322824.0602236356,1.0385234401374232E9,100.35572832519097,21.592119882236886
215.99785571477923,169.83382417334775,0.31403506461169856,293.3388942237589,370963.9935091156,1.3718742040001163E9,100.31288247812215,23.931084493438814
219.99208346291542,163.36549348430947,0.2913306269796237,293.3569237903217,425948.28204173787,1.8111252559843013E9,100.1765072364708,30.414990561850114
223.981772242209,156.91035043376792,0.263919276060573,293.36902847182336,477536.39941216627,2.2780663935230236E9,100.10346672742378,43.85669363994544
227.97008477928694,150.47384827206236,0.23214458704557853,293.3764887212554,517675.98852732405,2.6788105077012925E9,100.04134906241177,59.66102099444013
231.96964020538948,144.0637605506889,0.1969322435568216,293.3807910433179,543406.3185644167,2.950468577021663E9,100.08401593523371,69.67583028602134
235.9743442347967,137.65974421265756,0.1593960271875489,293.3825830856253,557876.93014379,3.073061423009157E9,101.27924699971676,68.17024219692168
240.18861491000658,131.45090082023887,0.1224878523456036,293.3816252320851,567750.735689304,2.9152669430574017E9,110.57984318483928,60.457509141181724
244.4817511465859,125.3234338213337,0.0918428731795816,293.3775681555028,562087.6329336561,1.9650218832136803E9,160.82012811605952,54.70934868243685
248.8571631723514,119.28205452292607,0.07453737638765164,293.3708833113929,539638.2351009679,8.366072232239019E8,348.17971195851766,51.646579038640986
253.29511788323225,113.29857829918342,0.06725199318158996,293.3628741910425,567139.2474264145,3.777012047735512E8,852.2057702412459,51.52723764545616
254.24034780873535,101.37409495753813,0.0620190578141634,293.3498216885914,553911.3494092367,1.6038259694618562E8,1913.255473259437,60.71707011359356
258.7008157231648,95.38549125207864,0.06074566924710651,293.3425331853775,525521.394216889,1.2118840135273524E8,2278.9346464473715,61.07705143606622
275.86844768312557,70.85028665932718,0.05047752753690065,293.3051454283174,323675.57559019205,3.253562208695168E8,322.175869693704,31.2364859081727
271.71598047356787,77.09979828934436,0.055700971115937505,293.3173225898482,312588.3065915049,1.4356810381200948E8,680.9852116982624,37.60965317931366
263.1244806101564,89.3596185073713,0.05961581555379274,293.3351786102257,432515.80959794647,9.410961990328206E7,1987.9668561926162,56.39478990703808
267.46951825416085,83.26897540838436,0.0581819021344041,293.3270762997426,342136.12565589003,9.050025200376122E7,1293.9262438527855,47.14333431768177
257.7684632886709,107.32926074411604,0.06405177045076672,293.3547091629898,596458.6721479628,2.1427516352708676E8,1660.889094620023,53.529014750283125
287.930379019532,64.5097649379011,0.03289437087052855,293.28531494346186,629407.5153807894,1.2341992123054144E9,321.113855886448,36.541433481734096
283.8615780444447,70.82498494507125,0.04623773126431304,293.29998505992904,581424.7396282422,8.603884652428702E8,393.5745059878099,35.42695924776722
299.94114546168186,58.10868989875863,0.017754637840426368,293.26534660184325,1128390.165763336,9.40394911529018E8,1354.079203875501,51.94437413781554
295.9082821299841,64.48359329394837,0.026570537008192282,293.280644882016,1068347.6216195733,1.7000530289225318E9,672.15906723295,45.64243313089167
311.91811768896247,51.62576471871045,0.011654586163189457,293.24740163108135,1592370.2089703176,6.439168925370005E8,3938.144015265249,61.594976401425406
307.89962514432165,58.05048611792774,0.015498810298415733,293.2614835064341,1546229.96532732,9.832036312267084E8,2432.0763980691736,57.95899568697183
323.8863169335975,45.10326480496849,0.008499251227148645,293.2311386533516,1506408.5506654137,3.61102639707908E8,6284.46326260671,63.46260542071803
319.8462183431748,51.528346010772516,0.010640959797781709,293.24393502040743,1591299.7597226913,5.43161171809796E8,4662.241770171254,59.81349934607829
331.7475996451981,44.867253520759846,0.007886514739061726,293.2282910285093,1213518.775166427,2.5509792860599363E8,5772.937888413436,60.202284959417504
335.8003949927765,38.42498793986635,0.006510396850269086,293.2172821699547,1159082.5424110012,1.896393568787097E8,7084.450380436706,66.09447524150151
343.71607123670196,38.246839486714485,0.006132676670337577,293.21585069019847,836403.7417459023,1.2924403306379332E8,5412.861773708318,61.519594726743144
347.82954118452494,31.924564327608305,0.005094699121361107,293.2060367910024,781177.5549320503,1.044817352113017E8,5840.704413463133,66.13237513683843
355.70853355875505,31.804451986108095,0.004812912523804687,293.20527424395846,498050.29729414004,6.801031926634787E7,3647.4894845129916,61.065906492068564
360.25293305183004,25.46985352146146,0.003858885012065504,293.19559026098324,438099.1002777039,5.41529372348763E7,3544.372518424858,62.9610929565338
364.0955599434329,19.369439423320514,0.003010166832680123,293.18641098175425,401040.21230222314,4.762374116128243E7,3377.2842203493688,60.60809021987239
371.9670045679753,19.376191843208513,0.0027420295832521844,293.1854033611625,268780.3128711182,3.1764780385072064E7,2274.4235018444047,55.61179036601688
376.0519865468488,12.811557401815486,0.0018719670382393138,293.17501390479174,256497.08518416758,3.0067361567089748E7,2188.230235245825,49.08349592430281
383.9558952854721,11.941803046037492,0.001632793795800537,293.17285051705085,176324.03308898886,2.0139774777053967E7,1543.7854107666265,42.09777570296841
387.9225959381623,5.926675886269012,8.680848828309471E-4,293.1621212668188,146048.2017376548,1.8472958628027603E7,1154.7522207098502,33.26863997506711
391.99999999999994,0,0,293.15,107691.04277997378,1.7421277911200553E7,665.7047261182032,25.97641728468003
394.58425614117454,5.2302979160724075,7.490802635014646E-4,293.16042893653207,81710.98828015005,1.0420789155512212E7,640.7242335836174,27.445519034042498
399.9999999999999,0,0,293.15,46114.78921091157,7120725.821019514,298.6597666720045,22.45291149300004
207.99999999999997,195.74279395938473,0.3824747695195652,293.22514021473404,269394.47238674155,7.220917199351424E8,100.51086748960891,20.73756007093607
203.99999999999997,202.22066397969232,0.3976804583714908,293.189438089817,282302.9004201756,7.955289723355321E8,100.18101026898633,20.243751340774622
199.99999999999994,208.69853399999997,0.415863388806006,293.15,307679.8518725226,9.457824286720954E8,100.09404953600001,20.0659561959
212,189.26492393907714,0.36911795362163824,293.2576219180108,278978.2650300904,7.681231468298435E8,101.33273795266336,21.61831246673358
216,182.78705391876952,0.3559511618481959,293.2874791242279,315181.1946437568,9.71413407999856E8,102.27112690265643,22.765489202742035
219.99991044376418,176.30922352597128,0.3408802275917239,293.31485052791936,370906.9732267813,1.3428850700198987E9,102.45159644994551,24.913322975352603
223.9980589791862,169.83380017201492,0.32177159394587534,293.3380867068591,438006.0020222808,1.8765866099101973E9,102.23691888736097,30.90246145569859
227.9924569455968,163.36542299017947,0.2971368631973883,293.35528363794856,498334.16321401816,2.4525982842202263E9,101.25588279035838,42.20785167696993
231.98332638319891,156.90966368896758,0.2667063485781778,293.3670282699682,545148.3887225542,2.9561214651660614E9,100.53359869791659,55.04270452606551
235.97547321084414,150.47339694535833,0.23133171846220849,293.37502005993866,576046.7213555779,3.31306201274917E9,100.15930352539773,62.40703633848681
239.98021968409014,144.06494183243626,0.1923879117928252,293.38011542446543,594243.9118053472,3.522214027882893E9,100.2579759715807,62.006999197840436
244.00492367707534,137.6771318140484,0.15139580252722393,293.382149676388,611247.5929589338,3.610145531755163E9,103.49978592267466,59.465454802009525
248.19734781084807,131.45853467953853,0.11271339608514346,293.38063290063116,631602.4612189851,3.1649649767359576E9,126.05269740685777,57.45504600625342
252.4729830686309,125.32196927147494,0.08511140320512765,293.3757428084992,629463.4868762135,1.728369571103856E9,229.30844559132137,54.27877830714275
256.83632230402793,119.27344647410911,0.07198878277902648,293.3684389369573,619003.0458063147,6.907102210800134E8,555.0822043432885,49.75035487141088
261.2698668940302,113.27878615042196,0.06654835860674425,293.3599684684509,662539.9472346391,3.414274178153226E8,1286.511307155426,47.89430502313214
262.24982200862235,101.33485208889113,0.062277510207749236,293.34693029484885,596026.9272260531,1.4679132755386293E8,2420.3656026809463,55.455445658426925
266.73691348928276,95.33908638393329,0.06094797180264965,293.3394511575136,550684.737452582,1.1506587654069586E8,2635.773643236753,54.460970512168025
279.72874647162257,77.06788016964731,0.05390611165496734,293.31251797360534,515704.73471768067,3.4502549883882505E8,771.160250665156,37.48881450951649
275.5072426115347,83.2290163184892,0.057553063143017245,293.3229612090381,486004.99128178257,1.671713842776033E8,1413.6714819196188,42.56810203901747
271.17394354629334,89.31213940463212,0.05955234468984697,293.33171151214634,499350.77044945146,1.1463690848685722E8,2175.7569283434755,49.47986521847963
265.75864379696617,107.29219123005697,0.06390413160843789,293.35154006584054,690898.3847401697,2.0942492981852555E8,2279.885604568976,49.55335545699563
291.8497494535026,70.80231621925681,0.04030641435695421,293.2953323380638,1025959.2013577361,1.9873193493927565E9,530.2192545655779,41.8993108270414
287.7469483202461,77.04707634280817,0.0510026517624766,293.30801505461574,892478.504549178,8.81315877178106E8,904.1473482195255,41.783610590750875
303.8780955528766,64.45015129626687,0.022052676649901435,293.27616262566204,1491740.2197299486,1.7253005696091814E9,1290.0249364493245,52.64796784384462
299.8348346145391,70.79011882383148,0.033707734343149186,293.2908387851316,1492333.4830201033,2.970243908798822E9,750.3362002393501,47.41336902543043
315.82335639180843,57.948689543386884,0.01380264345061912,293.25754981414644,1615150.1616317015,8.285081845872332E8,3149.106867819481,58.06681072027266
311.8170467452148,64.37214465950747,0.01888746227806939,293.27167214718935,1595396.487746138,1.379532656683449E9,1845.225917928505,55.27442475231556
327.7703690379643,51.445543956007576,0.00977439490874476,293.2405598417677,1262616.5774701724,3.712565845631766E8,4294.142184309068,55.48101691047818
323.71467951661,57.82328874827418,0.012447736443516834,293.2535130670471,1311456.7307396908,5.662423548072025E8,3037.613729279114,53.65284136081346
335.5023409470996,51.000501171204476,0.009009769604704787,293.2372757996017,894278.8608885043,2.3065696110593668E8,3467.2883332101514,52.28064618678173
339.595367716703,44.562471980249896,0.007373021742453627,293.2261498687157,872201.5707079289,1.6655697868088177E8,4567.545133434214,56.670864668176684
347.4986732447134,44.2664494609904,0.007020585547324585,293.2250854731158,574351.7785623422,1.0878790688627987E8,3032.440014736114,54.2970392993588
351.6825662465326,38.25002217842007,0.005868876099892068,293.2154407527061,537022.9088276841,8.467683516159599E7,3406.2692375413717,57.158205168669504
363.2090711485889,31.834920150243807,0.004610094434850721,293.2048776378399,306100.3706101833,4.561182338057881E7,2054.8404292225164,55.45671280286331
359.1867170285701,37.607960516721306,0.005624232811655105,293.21442875431575,337508.2345320267,5.905098297754555E7,1929.4601590518575,53.91013990248428
368.1086472611802,26.453374998597475,0.0037254589421042987,293.19617958843475,266729.16555547225,3.5445045706710406E7,2007.5923795602123,55.92286615656196
368.02052026819183,31.966159500547473,0.004550476864738259,293.20476881273436,231707.3839995432,3.9093032193479955E7,1373.351360262914,51.017094837300434
374.9092605442885,25.22863071702579,0.003405356941682906,293.1935961161966,195278.3356743164,2.7235288443600185E7,1400.205455175665,50.995933292588
380.308786567725,20.006029491802217,0.0026316308628094756,293.18537384182326,177755.41404482815,2.156633265988304E7,1465.373340501306,48.791118120408655
387.5982234594443,17.981711087492503,0.002320892647553898,293.18183953499613,128056.80432147734,1.602799977910176E7,1023.1825663262059,40.50832825522435
392.9986847677105,12.197947001785291,0.0016011288245431914,293.1726244940825,89578.62010634322,1.0333507555142656E7,776.7424648295599,32.61242751777876
399.9999999999999,8.026866692307731,0.0010907796292026993,293.1653527409145,43474.65893728694,5185368.962460122,364.5611885233111,24.87634658649216
215.99999999999997,195.74279395938473,0.3882811385400668,293.2243533334818,248536.35955300715,5.863403918138152E8,105.3510511143143,22.816387229047788
211.99999999999994,202.22066397969232,0.40068011706446244,293.1886495387353,241996.79375587308,5.75437098543868E8,101.77128229970175,21.129895355089246
207.99999999999997,208.69853399999997,0.415863388806006,293.15,258747.71188892194,6.670472236090672E8,100.36831301119999,20.30410256622
219.99999999999997,189.26492393907714,0.3776544411938258,293.25709128702584,288855.2870764295,7.578515587181927E8,110.10189972127891,25.111179625154364
224,182.78705391876952,0.36669799827962063,293.2876207556911,370778.33526612894,1.1794306056574147E9,116.56648293145383,28.009769315667267
227.99995631993937,176.3092330470439,0.3526543512673936,293.3155008724971,465175.7221370559,1.8412613048578503E9,117.52757425937772,33.52979301990417
231.99845327652588,169.83398220061684,0.33272902741013444,293.33804938269867,544632.6910957998,2.6589971151420455E9,111.56245966282971,44.737292073045985
235.99395204160658,163.3653629217135,0.30507877498033514,293.3543302173419,596824.3184177633,3.396164743356255E9,104.88851266654025,58.88257571200757
239.98627718681163,156.90866431313935,0.27006113386933633,293.36611468357927,628562.6372718982,3.886661639195627E9,101.65471504778118,66.17291675080959
243.98040217831527,150.47211552443568,0.22964280509783755,293.3749291746324,644125.3376435421,4.1311752829144874E9,100.43180177182892,62.11879941230183
247.98773445057986,144.06576087177055,0.1859535595597865,293.38078392313224,654916.7968218293,4.254432910341837E9,100.81747734399461,55.500804083891914
252.04496828052058,137.71587480829402,0.1413992561883758,293.38259639881375,680198.3883979461,4.244562115567411E9,109.01290094544902,53.76238190466524
256.19601508125993,131.46216020576873,0.10269115515071749,293.37999419178635,705004.6861360269,3.1689452021374836E9,156.88654537518536,52.57076698353517
260.4538669251037,125.32001381928963,0.07989604038236119,293.37382652824704,698527.196148635,1.4225959835997734E9,343.04800671985686,48.15309734234426
264.7980093303501,119.2637511026516,0.07015689754446446,293.36543009232986,709804.0168872607,5.938912648989469E8,849.0812940388267,43.80819943046796
269.22158592168216,113.25588641836912,0.06591800387728396,293.3563997175492,771982.9283313378,3.2726500605866456E8,1821.9080611502343,44.86513247809746
270.2937479449142,101.28898796562379,0.06221020697591042,293.34364042403837,695611.6685572491,1.583222019871734E8,3056.664991813834,51.5597891567303
274.8407379671025,95.28947184581914,0.06071995198606223,293.3359515838818,701140.3463102762,1.55216146778846E8,3167.7935403120414,50.8053513024472
283.5737726320855,83.20656500908278,0.05621945337225435,293.3187077182436,796267.8167309858,3.774902907637637E8,1680.570057109993,44.12660569757938
279.2839701045147,89.27872897990692,0.05894779172331178,293.3278494976396,737593.6726426636,2.1042861964330748E8,2586.3893638418776,47.65780754109733
273.74807277700125,107.24688053214923,0.0635939613212886,293.34791803440885,824656.4434885839,2.2787657581377134E8,2984.82332619228,49.27384508723626
295.75990942721455,77.04903106292693,0.04691549935180112,293.3038922222582,1375511.994742836,1.9825746263145883E9,955.8777790873424,45.67675259697089
291.64912251142715,83.21995248433409,0.05429749029562365,293.314772931893,1198752.940085398,7.914390851977745E8,1816.420923786398,47.45890137737044
307.8132996769945,70.79043524021536,0.028005952374916404,293.2861272011019,1665230.6338055218,2.761076477702126E9,1005.9047504330428,50.54790963321245
303.7665432409925,77.09095951552898,0.04169585249226826,293.2996479486001,1660321.7130168106,3.1112271152729096E9,887.0996914903004,47.473409402359465
319.6991506275303,64.21652241961583,0.016562783347659312,293.2670468927436,1344602.5751499883,9.228891036080621E8,1959.3421216147478,53.366816399428785
315.7695424614888,70.7402111868805,0.023711163829811182,293.28108350368456,1402858.4328783823,1.7820836827702875E9,1104.818454731381,51.11086931894217
331.5144246873792,57.65958361650202,0.011399040585884965,293.24963518358567,897676.7391025877,3.390559838237096E8,2376.8391141612647,48.990174140957265
327.5749446806308,64.06260106415245,0.014888545435805136,293.26239820527894,903525.9272029744,5.2846145842221624E8,1544.8549809470678,47.97006177853263
339.0819152701992,56.90326545365909,0.01055355914475833,293.24573485134346,591615.9265430045,2.0528990070855436E8,1705.198378659242,47.665171148149284
343.30218629726943,50.56204532883137,0.008508335642580675,293.235187434269,586046.8911087211,1.437050712163711E8,2390.686851272087,51.54718398287457
349.84523399285536,50.01911330713515,0.00832020238691986,293.2341775659358,419090.71234406246,1.131671023665121E8,1552.0605477325441,53.47348016653871
355.44211140324654,45.07618367877834,0.0071578180421589125,293.2267374582206,345515.58498084574,7.994842948311572E7,1494.1508076920713,53.80819591706417
362.51130202543686,43.09683862938821,0.006922247503494452,293.22398340410564,258859.86222559022,7.423651126722151E7,902.7956993399636,51.949451156185646
367.8719289287105,37.22844716696889,0.005610739856444826,293.21376617398033,206451.76859338232,4.794301028234487E7,889.3710447981174,47.444217735665795
373.5789539933649,32.107786407349124,0.0045761731065453075,293.2045575979969,172179.74410735368,3.394750529513995E7,873.9668008944299,45.47717054728229
380.5829103311969,28.199770844171624,0.0038839108705320427,293.19761281081765,145913.80193142281,2.737231933731313E7,778.0984657763837,42.666295381816205
387.0989396010791,24.508392914341982,0.0032948143103261065,293.19155127633303,120811.33573029401,2.096030127388275E7,696.6931094423734,39.29094310796717
393.53483517114427,20.486721675570138,0.0026961294101105725,293.18532290985394,83219.05831392847,1.2719339059819847E7,544.9132927194755,33.487944700812925
399.9999999999999,16.053733384615416,0.0020799051689406674,293.17850350806526,43023.16113250912,5570297.269838534,332.5812178387369,26.724265423244688
223.99999999999997,195.74279395938473,0.3947902721239384,293.22508453501536,262084.19553796903,4.93832422157842E8,139.10031115625387,27.53286209533675
219.99999999999994,202.22066397969232,0.403825069824663,293.1891399506132,213048.53645447525,3.99680769551657E8,113.5681480626604,23.528631890189754
215.99999999999997,208.69853399999997,0.415863388806006,293.15,220032.7293363974,4.6486883235080343E8,104.14690104279994,21.175815589819997
227.99999999999997,189.26492393907714,0.38709113578237103,293.25802187824866,370751.8506960734,7.981512271331514E8,172.24494672127307,31.695508826553034
232,182.78705391876952,0.37818569325728796,293.28904748309645,501787.5400543054,1.3567390740539358E9,185.63273361775464,36.08431885503757
235.99983819559162,176.30945303362122,0.3651280463795799,293.3167941355105,615629.2361566507,2.2538256814599504E9,168.2084921711543,45.059543243537156
239.99868812087368,169.83423942973457,0.34428677920757345,293.33847664234645,685607.2981150673,3.4619208327858214E9,135.80160754588928,60.054172203098766
243.99538587508107,163.36526364632098,0.3127501120099672,293.3544694824807,714371.6051284806,4.527314813830012E9,112.72821063196845,70.33299992704384
247.9890151698755,156.907697133171,0.27184265270488206,293.36687261594585,718232.8782382632,4.983341124247392E9,103.51936558482622,66.41768809843857
251.9833319671865,150.47033653872163,0.22553248462681627,293.37665751947094,712319.861198485,5.032975806006687E9,100.81565369235797,54.867670030911654
255.98939584011663,144.0641312648659,0.17699519191039567,293.38277545001034,716399.2839052984,5.028072788614505E9,102.0744964646754,46.82577278215177
260.0229132483984,137.69366330520603,0.12983712077446583,293.3835204327172,747453.0495500482,4.675391910892888E9,119.5012099047734,44.84530392398876
264.18578640308834,131.46385254532325,0.09414024112319556,293.379060528533,768254.3317077266,2.8522687590475097E9,207.0240470691965,42.249481761772635
268.41825083819015,125.31774810337228,0.07627576725369223,293.3709745015178,765479.3664804561,1.1697400689411757E9,501.10219781549955,39.71223126562467
272.7205554252361,119.25632278392416,0.06887106775217385,293.3614550784369,802411.7757656248,5.374162241491966E8,1199.0194930065845,41.22624519618706
277.0999062799441,113.24055919629927,0.06538050350769202,293.35238322457394,899719.1999168862,3.379372733115317E8,2396.0926506855362,47.15339421603034
278.4451998450069,101.21450408927744,0.06187201621317518,293.3399855911685,891541.5320516856,2.0852410236816728E8,3812.223589577951,52.54153767499428
283.09037515452843,95.26444750162456,0.060165636949180444,293.3322124164824,990392.1034334822,2.5611361772276053E8,3830.6608035121167,52.735956300365935
287.45709273983704,89.30894506027668,0.05796267837008351,293.32403860812855,1094898.1038644142,4.004163195205826E8,2995.2129909640903,50.53044778928932
281.6829075038632,107.19354695781402,0.06321385954363277,293.3441427129739,1008431.2477444588,2.739057530772612E8,3713.040517273131,53.49922005855144
299.6790729589565,83.27845026145616,0.05175557288537901,293.31098017083326,1502590.5073421178,1.4083998089278467E9,1603.4741069703944,48.79911827378518
295.6355863281477,89.38323912624314,0.0567049450557174,293.32040672790987,1401617.983063397,6.679678609968327E8,2942.567386987587,53.021602547144106
311.80603973743683,77.28090518953852,0.0361991069573454,293.2949984036482,1491149.0056270063,2.9905678762416005E9,743.7026167864268,47.81650982124
307.6972445276998,83.34103700715755,0.04840191026838612,293.306745504493,1449696.54352051,1.9194474514874382E9,1095.940167626377,47.80268343544247
323.49533396942957,70.35219931549346,0.020496212954857335,293.27552593821724,940887.5829334914,9.29872315472644E8,952.0681287445941,47.71424437938154
319.66885047758655,77.00427965954451,0.03070185121045141,293.2892258835389,1033043.9845523356,1.8639041070432396E9,573.486699490387,45.87638149648342
329.97132785014287,69.76761170029269,0.0185717970417919,293.27051531389054,623570.2257299898,5.397867149789307E8,720.3714601328514,42.93430110896734
335.4422986717708,64.72230130571437,0.014384935981265822,293.2593195249656,523893.1836934975,3.056242654024351E8,898.1293797377822,42.93356872073092
342.6088438659643,62.617679058554394,0.013174661292045425,293.25327608537424,415445.245012581,2.4294626853915554E8,710.5219212379411,45.26386239324624
347.7669785367049,56.9962422164991,0.010660650267138192,293.2444013163079,380987.34291349846,1.5928941902243444E8,911.8303450067607,52.40362355012497
355.2162204823424,53.19464585057655,0.009801448655076232,293.23915110220213,310286.8106083834,1.3724978591120115E8,701.5489867660159,59.753068424236695
361.94743836871703,49.19812159212681,0.009087969881564448,293.2339115986977,252913.49777311846,1.1952215247119093E8,535.2286106830064,58.668965999461086
368.14208441417827,45.14520652996336,0.008346502967829371,293.2278606679631,200933.96810394165,9.948597294071512E7,405.85295200924287,49.86362252824438
374.15885617101713,40.485880878405595,0.007198604406575813,293.2195729151694,160874.18993626008,7.336283559855196E7,352.86883308411547,40.596162254719836
380.5018664931585,36.15190138553523,0.006161875843211853,293.21117772045363,142020.96203720022,5.8581086114679806E7,344.41107441167355,35.688179070739416
387.04667760391385,32.21587631486896,0.0052767925051886546,293.2038650893687,125430.7643697168,4.55108031691278E7,345.80974859785323,33.27286029156273
393.5222044730508,28.160248072146437,0.004357343002042688,293.19709225389755,91917.22978497704,2.7102841586097654E7,312.13340317909916,30.527750960829234
399.99999999999983,24.080600076923076,0.0034395346020953143,293.19072903286263,50108.53164185024,1.0883014711599004E7,231.22367285866756,26.434783198811516
231.99999999999997,195.74279395938476,0.40000670006835676,293.22644325200025,391300.4458785002,5.068476798913576E8,302.1127316596921,33.628884287116314
227.99999999999997,202.2206639796923,0.40668934879372926,293.1903971722965,266812.1015622777,3.6132483015410274E8,197.03743185734945,27.898129045846613
224,208.69853399999997,0.415863388806006,293.15,216699.9635451606,3.6037835912520367E8,130.30895649080003,23.16289742614001
236,189.26492393907714,0.3937728524450094,293.25942284039326,558535.4632538914,8.185415281970345E8,381.1375537473153,38.16979957791111
239.99999999999997,182.78705391876952,0.3859395233602368,293.2905122298396,706498.2893677112,1.3672188916164737E9,365.0948056007287,43.141307762305296
243.99976531232087,176.30961184017553,0.37368457111493564,293.3177103159873,819464.3868408599,2.4206143472078757E9,277.4921225141066,52.48715609125742
247.9987841543999,169.83439029842538,0.3522531143539371,293.33905405756394,844828.1459128576,4.057779922722225E9,175.98968479157045,62.99210687345245
251.99601975841,163.36496981224096,0.3167257559373186,293.3556887719378,820220.6007586435,5.547290500070213E9,121.27988408047104,64.28044142979628
255.99006279935733,156.90706400365858,0.2696625128213594,293.3693341031287,790576.8347309396,5.9636429715312395E9,104.80643223365688,53.54280960877899
259.9844876621332,150.4698034861274,0.21798731527031048,293.37997147660553,765038.161056105,5.784853701210511E9,101.17549504304533,41.36959392939725
263.99340429628296,144.06679156292586,0.16592006981558646,293.38540233546934,764534.3756796886,5.597836841011781E9,104.42021081092734,35.368709214446916
268.0473770881317,137.72308427245585,0.11887744733931495,293.3839486810272,799975.4466182571,4.693881252233354E9,136.35222838016406,33.874351778494436
272.1732503883333,131.467024393609,0.08784052179902606,293.37667605866596,813043.724988418,2.4030303760764475E9,275.181251472721,33.74962204135277
276.35491767490976,125.31066139173056,0.07393152629971128,293.3666892418865,830396.7146748941,1.001355138141785E9,688.998541885445,36.87617166307905
280.5542896432936,119.25968859353532,0.06804574099466455,293.35697093315326,911671.2004163183,5.2886249844386977E8,1572.439399548143,44.312990872382336
284.73448064624944,113.27439909788104,0.06500866816175087,293.3484994420019,1054862.693940563,3.7990922031035924E8,2929.3824961214464,52.82930973157892
287.0412190525855,101.0173392685696,0.06134174534122585,293.33595254174105,1165493.4220210651,3.0129138606127024E8,4508.778368844931,57.19665549371039
291.4729955561401,95.47057232800668,0.05948944846362051,293.32868649699634,1294023.0279662583,4.009172534822739E8,4177.532534090103,56.68365179341726
289.04335716391284,107.17452798123412,0.06289440877952347,293.3407064709631,1187076.5456121126,3.363923344724644E8,4189.173263227217,58.651397551979905
303.5556206492677,89.57526254615902,0.05526183629712495,293.3168505860236,1384459.2993849348,8.667476806365895E8,2212.4633100809856,52.17621484352666
299.9879351209645,95.44299465734164,0.05863258461984238,293.32483496428455,1372817.146278796,5.313915641386978E8,3547.3217216398393,57.67766040275888
310.18703456218054,89.23118933399988,0.05340693281931776,293.31291588150697,1138232.1761553264,9.569059998825543E8,1353.9855237819022,48.92220756433315
315.83350599253805,84.3952739027012,0.045742016743959044,293.3031691190936,1003339.4569847137,1.6423226563930147E9,614.561020238598,44.473452563001445
323.14242071782945,82.40562017029387,0.038534841805019746,293.29532718924025,670858.7753062013,1.3073043173804803E9,344.28488757770856,39.93065191252802
327.9714390782422,76.76964515109448,0.027041759186283328,293.28319333784515,577589.56004769,8.76949050075801E8,380.8935086534838,39.64636586258649
335.3726228506408,72.93131166500872,0.021465928638302784,293.2723110949101,414056.11001514154,4.8184327604793644E8,355.95014098651444,36.634231599493745
341.99461141564535,69.08149959217212,0.01824801209104253,293.2628948195157,349849.9636714044,3.6413059805924004E8,336.2437899196196,39.17246910708915
348.3453860576676,65.02054314049579,0.016065112358342362,293.25517343424605,322961.04473783495,3.1728499801468444E8,328.7775419134325,48.71881515241903
354.77989952691814,60.862737128645264,0.014635812976222606,293.24921442552886,301762.33821828716,2.9104129686609596E8,312.96717699086145,61.88688735686785
361.4589040879711,56.790434460687294,0.0139642217730076,293.2443920294566,276708.8867692367,2.818333985344756E8,271.8039631535152,69.2734936643585
367.9686178643708,52.68330674472842,0.013474827416608192,293.2395198772811,233289.35942855745,2.4822900129211608E8,219.31840912997913,62.96495475532725
374.25069666888567,48.31559733966414,0.012496072475932473,293.2333599787218,188767.72231346075,1.972404500575454E8,180.7314379882434,47.92604888526566
380.6285071033314,44.17653660314878,0.01133128998906103,293.2261594512576,158924.22362019308,1.5605900300240424E8,161.91840182297904,35.10708263462033
387.0485315236627,40.16943986183443,0.009828437666891154,293.2183329270863,139828.98030900795,1.2030253695084833E8,162.61543793472663,28.913995169771976
393.52313170341034,36.14975837304659,0.008097623430057025,293.2107187632137,114417.2196751007,7.939546186678556E7,164.99133014717447,26.43326323246663
399.9999999999999,32.10746676923077,0.006185073503606587,293.20365857409877,73734.7832591782,3.644716438792444E7,149.29674739856148,24.31599017112859
239.99999999999997,195.74279395938473,0.4026844794502497,293.22744655516175,699128.6516793417,6.735631335839746E8,725.6840662421536,38.15115412101904
236,202.22066397969232,0.40840209445697767,293.19154276371734,494359.6158414381,5.1169662928950554E8,477.61633029813584,32.26519254716998
231.99999999999991,208.69853399999997,0.415863388806006,293.15,347042.45381234365,4.692485017855082E8,256.66969823439786,25.90023814995999
244,189.26492393907714,0.3969694403461736,293.26019541765794,913448.5519658598,1.0035279378622907E9,831.5537048882289,41.19312432446815
248,182.78705391876952,0.38953376983124505,293.29079717711244,1009037.7942556281,1.53666604082783E9,662.6198076956181,44.3930306717331
251.99982828619466,176.3095719242717,0.3773713614898036,293.31750406453006,1009948.7894210811,2.5714951946254554E9,396.66869680633357,49.90595008273024
255.99899224198592,169.8341881867143,0.3545103032935231,293.3394580343176,957821.7979238647,4.515967377964589E9,203.28041770075183,52.4946883947915
259.99584432029343,163.36448083780982,0.31442809468636007,293.35774498909905,883185.1943911883,6.303839144489301E9,123.73714539374866,46.52061258036195
263.9889088040123,156.90650225553904,0.2621439038411442,293.37293757851097,822039.9135276604,6.479640510338683E9,104.29064316113683,36.3945990485468
267.9829351892448,150.46998036524232,0.2072291247381041,293.38353257155063,789017.4012683317,6.130953803237798E9,101.54219091872027,29.354726200293154
271.9943527364767,144.06966693343068,0.1540727023771087,293.38678111835935,789955.2790611782,5.762333802652417E9,108.29602722547713,26.78098087917877
276.04901663226053,137.72443887201632,0.109661695195739,293.3819846333859,831578.0916107871,4.329866554194363E9,159.75486954341343,27.495789360302798
280.1567629472225,131.4470858414839,0.08370940064781658,293.3720715143629,856734.6052787626,2.042110270411195E9,359.495193197369,31.617975927148905
284.2485536969008,125.26430284054297,0.07259293584170433,293.3615706963804,912517.6645280052,9.372102946554217E8,888.9903496547267,40.096084808472824
288.26210739056694,119.30027854352255,0.06766216383964689,293.3526285346589,1015583.79997264,5.586807054774327E8,1846.8603587611567,49.85044938422589
291.80511684007473,113.50954545027177,0.06490521644313786,293.34519454052656,1142119.0087653326,4.267668288667088E8,3056.929614999924,57.007250448349645
295.6111202898815,102.39078066779435,0.06124372879536867,293.3333925264764,1296844.4679647584,3.802849079190068E8,4422.769446308226,61.00312565371075
295.1756517736109,108.91337432890109,0.0632491457157124,293.3394285988872,1237643.367209269,3.96459305510443E8,3863.629830953855,60.689573877466536
302.9770031037122,101.31140539720616,0.06054475443065823,293.329036381782,1177674.4745648026,4.113712137273736E8,3371.570327229599,59.19821681568173
308.1698290372682,96.10015216361985,0.058061775152961806,293.32155625805814,1051269.276619665,5.0028581532544196E8,2209.43787511924,53.851331014075654
315.6911403429736,92.70762170698778,0.05496214689176777,293.31388344968894,735666.6968561577,5.731451884360199E8,944.3192662482121,45.448474039163386
322.64181158205986,88.7962642513863,0.04921760733754698,293.30479032741164,518539.64821232244,7.243187234560612E8,371.3399572399589,37.68656468316356
328.79714377387705,84.52161852663336,0.04055552619741664,293.2947084115095,390992.3800881012,7.611088240446469E8,200.89291711827192,33.32481792472898
335.1437266965795,80.59566778574562,0.03338502953051716,293.28458913485844,331341.4204107949,6.450871760631474E8,170.26077950251775,30.682228059092257
341.74258808761374,76.61911391357246,0.028936356152939876,293.27444775051293,323649.69245137536,6.280578107329718E8,166.86322955772926,31.422428426321233
348.2703115989478,72.70033508637711,0.0264874185473139,293.2656611560279,320101.1455023536,6.339788896405472E8,161.66965769234616,38.58253324763547
354.72470127037394,68.65353963474105,0.024840212289545856,293.2588104982395,306893.73604664713,6.129962963377284E8,153.69318123502657,53.6198556058413
361.1672067264492,64.52101746887188,0.023758483780497993,293.25359353712,286187.89278278896,5.650683646779352E8,144.98848535836635,70.11439181534223
367.7021334344173,60.46355757543477,0.023297110142141125,293.24926793845407,260429.21108010007,5.0282749849864656E8,134.8974634145126,73.28709317083543
374.20193722614727,56.348807069049585,0.022582811148931795,293.2448083079259,222189.9559142183,4.050812102274303E8,121.87971461386029,60.970379957428804
380.62286296619783,52.19651123011389,0.02105721505931184,293.2394324606837,189349.7317765183,3.138291312895155E8,114.24887510344637,43.445731451652044
387.06495067524895,48.16639932273368,0.0187479182313639,293.2329002533158,166816.31858718718,2.4634779554394564E8,112.96450479584017,31.129444964708522
393.527341421525,44.158686182580134,0.01570224387981389,293.22548687144655,141428.63501554655,1.772576954044529E8,112.84640230278535,25.051733875042533
399.9999999999999,40.13433346153845,0.012063647767369243,293.2179963160015,109982.41365418228,1.0890499826474786E8,111.08404131394768,22.55043754274674
248,195.74279395938473,0.40378152085475477,293.2275890727968,1201615.5858999253,1.0111923668709292E9,1427.9107759790265,39.728052289103495
244,202.22066397969232,0.4091735553473537,293.1920583926224,975195.1039820075,8.784530885209026E8,1082.6030778019679,35.04945917714329
239.99999999999991,208.69853399999997,0.415863388806006,293.15,701085.1025599317,8.402040051985863E8,585.0052417889965,28.441616740499995
252,189.26492393907714,0.3981224563118864,293.25966947760395,1287946.5091758855,1.2542119713069935E9,1322.7428239202372,41.408800467198766
256,182.78705391876952,0.39042487284145594,293.28931568431295,1224311.6777780745,1.733796362673125E9,864.6538851209644,42.14917390196266
259.999828055778,176.3095588952854,0.3770714353879146,293.31589671884353,1111468.596133899,2.8671799903700943E9,430.87087788776313,41.91024221464102
263.99879985196446,169.8340130786407,0.35057149553608186,293.33937027899816,975555.3526099104,4.988466816660794E9,190.89716355450037,38.22158746721715
267.99421483607483,163.36375795455248,0.30501922887569194,293.3597379891616,870218.0482729204,6.495197258844512E9,116.59290715352766,31.643849801430758
271.98443185366716,156.90514761755767,0.24997454103101077,293.37552203208367,805543.6809510468,6.323679067272178E9,102.61614660086958,25.82840864248971
275.97518570850616,150.46836221756757,0.19494295245345586,293.38422323110996,782904.9719710805,5.996539000864165E9,102.21679288069798,23.070818516437253
279.9810667556529,144.0650365266841,0.14341595361092205,293.38420165679594,793566.6301199329,5.532767982152821E9,113.82196009529447,23.157706545094836
284.03463760094485,137.69531142444308,0.10332811596651979,293.3766365318886,851207.1805513111,3.8691203206860785E9,187.33940819740727,26.83552215960277
288.1776339636162,131.34226050405093,0.08150266510598804,293.3659881058225,888476.1110071264,1.823017945807584E9,433.03974066080247,34.35676079170929
292.3148035652962,125.39261138813757,0.07237324065197227,293.3565027481555,946149.7455693666,9.425364755402552E8,949.9866997248619,43.717116642317556
295.9641002917858,119.15081530312366,0.06760342619244032,293.3482734383114,1026880.7487344985,5.80591934574634E8,1816.5522987696424,52.471328459658444
297.7098379292916,113.30375588564216,0.06482601991937531,293.3420990114521,1119904.999217663,4.451036157050912E8,2817.930877373983,57.70027099136804
301.99857609343417,108.31176433248916,0.06300337683837476,293.3356811927601,1078931.8289674798,3.744905569144865E8,3108.9200349131524,59.13721888411528
309.05909422867177,104.34943687599662,0.061586592294523824,293.32886565587046,866080.7771144052,3.4331722310808927E8,2184.9722294489616,55.148610424106515
315.5284321508194,100.36000762492901,0.05985414760647725,293.32202440270225,598492.7647262047,3.1079246348615146E8,1152.5888142108388,47.38968084257552
322.264141995089,96.5103655473938,0.05749686829822651,293.3144852340284,388458.9382721954,3.110217121977214E8,485.1842920738864,37.81623118904174
328.8204922814215,92.45371175872006,0.05369002374575196,293.30583663910653,280648.69930740993,3.844466443901238E8,204.92621592476644,30.397290363776253
335.2187747698161,88.47523502817484,0.049082729001995624,293.2965875082562,255600.55627285087,5.141317478307328E8,127.1118258362866,26.2385158449715
341.6837828007208,84.49318121761445,0.0453291996095927,293.2868998217052,275447.91284954106,6.7028645474075E8,113.20066881145,25.254846661568223
348.1871970460102,80.4992874964409,0.04296475376040353,293.2773473480144,296515.7516109918,7.887337094146222E8,111.47538569756769,28.733017601191502
354.66838318074565,76.47577039069542,0.0413586075699634,293.2691251774466,303952.2951666213,8.367994830543078E8,110.40716344095517,39.166297249475065
361.1315746033085,72.40947631294956,0.040036531842417324,293.26289249692167,299785.037561128,8.19193375934547E8,109.70959910587224,55.43691812699229
367.5961628990126,68.33170827204829,0.03874633191581867,293.258179523438,280614.2935548277,7.300808109479517E8,107.85977806800908,67.75767595423461
374.087564536812,64.2673470332609,0.03722614341826685,293.25415728167235,249920.38966440977,5.961507851543156E8,104.77623081603652,66.4875623047527
380.5797478861998,60.166522491095435,0.03487616366419582,293.2499898179319,218639.4805771423,4.657996794580739E8,102.62794467172166,52.227429435623485
387.05929720629325,56.1780833634933,0.0316442173911232,293.2451697085484,193663.96366535957,3.6787542669032145E8,101.95406654836576,37.110339276787535
393.52875684364545,52.173812297288606,0.027275820601263805,293.23919529014034,171380.24288660756,2.8804881987501866E8,101.9674377006845,27.476030816241746
399.9999999999999,48.16120015384615,0.021924356941471063,293.2324402902918,149161.769454024,2.1829987479333696E8,101.92103223855992,22.782014724626396
256,195.74279395938476,0.4040246505083411,293.22709392597227,1548791.0326570552,1.2593512650140345E9,1904.7571730883385,40.46600831678446
252,202.22066397969232,0.4094449356558923,293.19206166938596,1490866.7076311877,1.275696873009698E9,1742.3549687696375,36.55141988961589
247.99999999999994,208.69853399999997,0.415863388806006,293.15,1281461.9380304737,1.4540717225195563E9,1129.3432767963975,30.295563851560015
260,189.26492393907716,0.3980023602868234,293.25823025067433,1438793.618828319,1.4144845080181255E9,1463.7041511288155,41.43890357873597
263.99999999999994,182.78705391876954,0.38918866479752934,293.286863113081,1194845.365548958,1.8472291217353299E9,772.970667899186,39.757631178012446
267.99967039788675,176.30947002690826,0.37268446902609526,293.31365127354,1020338.8047737638,3.1446408925299926E9,331.11010474608264,35.43042387501297
271.9974927703157,169.83336757293208,0.3397641423880107,293.33859020625874,897555.9680622161,5.292135188581704E9,152.2735567917632,29.401757649110696
275.98918162191814,163.3613971689771,0.2898749298376791,293.3596202686095,800613.0114914011,5.952084919317071E9,107.695397635807,24.28185323099032
279.97258427269776,156.9000584363831,0.2359058541556552,293.3737224741238,754481.6021743179,5.623181026341937E9,101.23237586629601,21.74333991104676
283.9525570939278,150.4577307650972,0.18373576960250737,293.37940228126655,752861.208689556,5.490805307182582E9,103.229149316365,21.604648450414473
287.9399768447616,144.0368806618876,0.13603031780483918,293.3770617342141,773003.743497155,5.030478762091516E9,118.7860666368148,23.416719082972147
291.95025933960244,137.61936084981588,0.1005166896415941,293.3691968334406,832837.777892161,3.456033770217237E9,200.77492553139405,28.44057187232383
295.9634622122772,131.1684956431891,0.08122596665323639,293.3597890415186,858950.0995315798,1.7031972948329942E9,433.2124476736688,36.269999537869474
300.05622883838345,124.27102969249856,0.0718887044844057,293.3506328340422,865008.5745745566,8.250947889264864E8,907.3027725947805,44.97412168308125
303.6057446475521,116.6332800134251,0.06670951949797989,293.3419999383713,895721.5968476983,4.7277815738069874E8,1698.2339581647232,51.75028103681535
309.685797274565,111.95058327149094,0.06497684283321309,293.3349976424252,748588.6704407291,3.7113019565242934E8,1510.026695857524,50.54521608508818
315.81117720211677,108.170426700021,0.064000673465777,293.32884729253595,541750.1582590623,3.0178247767747283E8,972.6394346066328,45.615251391038704
322.2130256207894,104.3313769355804,0.06327180974913388,293.3223696895977,370954.8565960732,2.747435254724147E8,500.93542195632,38.03898866097802
328.693408825466,100.40928828029382,0.06285449494424412,293.31528565585387,256827.23270153464,2.9312969183008045E8,225.04992445371542,30.039857458490427
335.1984757751985,96.39160520929666,0.06259199400179234,293.3073783482235,219180.0974258408,3.8266919613745064E8,125.55450612804964,24.68883990087963
341.6690272910996,92.395625671039,0.062153573340358086,293.29886461970955,244897.26042013857,5.660017808235711E8,105.9661308276601,22.660124590137865
348.14139560736885,88.3743093635468,0.06150510984729508,293.28982242714505,275030.79599272023,7.398537632146448E8,102.24161238936462,23.242680846805197
354.6167971656455,84.33392672383668,0.06074462032046957,293.2809060042554,294352.43073838623,8.544776362917405E8,101.40062693586036,27.7295980819373
361.09061060375296,80.29902198642105,0.05970969927210724,293.27335983713516,301620.2554225803,8.972945653339372E8,101.38860594871899,38.41167395877563
367.56928241804195,76.26462006964434,0.058078815156816795,293.26763984906916,294956.4928235602,8.585799138683869E8,101.3298244006448,51.36801652880632
374.05117870329514,72.23820280079741,0.05563566131326341,293.2632371277044,275937.37339989055,7.542165148281585E8,100.95474234086079,57.81851149372688
380.5398819865628,68.2019037445371,0.05216479536730614,293.2593832227174,250522.23218475262,6.244319782733685E8,100.50968866061584,52.80490026453281
387.04204249666776,64.19885014261767,0.04765211562653252,293.25541975016205,225555.71893757526,5.0738124450455767E8,100.27060642565529,41.37280368419752
393.5244885313366,60.19499988155695,0.04196631737432516,293.250731094249,203358.54950448548,4.127883015972596E8,100.1838700952877,30.790807327203485
399.9999999999999,56.18806684615384,0.035161923246175994,293.2451793919316,184044.92814226277,3.380725277236116E8,100.1931651988446,24.246278380876806
263.99999999999994,195.74279395938478,0.4036165210008434,293.22655398507186,1439444.8278728772,1.227236701794213E9,1688.3639151753011,40.26877117275159
260,202.22066397969235,0.4093973536364773,293.1919613615264,1666547.1015423147,1.437818927971152E9,1931.6903969653597,36.89918887282034
255.99999999999994,208.69853399999994,0.415863388806006,293.15,1680338.2014272343,1.8836441624745338E9,1498.9755155020046,31.239898822280054
268,189.2649239390772,0.39662593750825464,293.2569060872683,1177656.9763162707,1.3178829504561615E9,1052.5247470676486,40.589778152742404
272,182.78705391876952,0.38525702846479376,293.28498938589286,969997.8320616371,1.9321525402176962E9,486.99530507304775,36.91400754931019
275.9989311989029,176.30909407798518,0.3626883298601142,293.3119889074057,851273.8340992142,3.5041072558468146E9,206.8880556563477,30.705963547650356
279.99377288018775,169.8316399959905,0.3226091578671353,293.33673468686794,758627.2225723597,4.848691296540803E9,118.70022669304059,24.98581125872133
283.978097883997,163.35607456275386,0.27294878698572295,293.35560303837616,705801.3861109085,4.8674613835341425E9,102.34611017642773,22.174725196879788
287.9476658140282,156.88787245131002,0.2233503006667825,293.36631564488215,690492.3404794344,4.732880397355689E9,100.7385527322134,21.898175700588187
291.90350237015923,150.4311410647415,0.17602150611485742,293.36955461985104,702510.6639663222,4.758126676367014E9,103.72406170390057,23.045728376546432
295.8481386426817,143.97901957359633,0.13335674681788864,293.3671605260361,724587.9931593767,4.409117754837581E9,119.0824354203399,25.262634802738418
299.7624974293794,137.49962238682596,0.10151426847198274,293.36119318979496,769966.4748565657,3.17840326341655E9,186.59412756411191,29.558720894413785
303.5193501373858,130.88608903780573,0.08292359279352844,293.35381228404896,757367.0191789932,1.656652796692708E9,346.3228149837269,34.8524519838557
307.0219104734516,124.26979847059069,0.07362025019496092,293.3464062527045,717126.3480618017,8.419253165152055E8,610.8933364829846,40.035181270161864
310.35378429247305,118.56946659734558,0.06923221048014876,293.33998476566114,688055.9517885351,5.5422449111742E8,854.4267010010662,43.38981681694621
316.04147638344654,115.85032666136887,0.06912936697578748,293.3348056578406,541385.9621924019,4.8007217013817793E8,610.5530175233117,39.82833735602309
322.34709476440037,112.1811328828631,0.0694484863250885,293.32876386102083,405664.5614719302,4.450817509795806E8,369.77884796733224,35.302254042728464
328.7459963396548,108.32987864313048,0.071069559668844,293.32259985936867,304924.6740658115,4.603692971153612E8,202.06935685309486,29.961789431730093
335.1764414143755,104.3855674008424,0.07398316737337372,293.3161478298528,245704.86290445915,4.8296702754646176E8,125.02267106421391,25.22480488409805
341.6521429018329,100.37284824599611,0.07696579876306374,293.3091528148656,243374.59053689227,5.617365434925346E8,105.45088687172846,22.737616977321892
348.1285315436552,96.35450891083214,0.07908525047071589,293.30151094087665,264828.22109520953,6.927728718935765E8,101.23769464670032,21.919570937204895
354.6046874616617,92.32763554408542,0.0803345224551434,293.29333622968255,291118.59865608014,8.396259486688226E8,100.93803456035836,23.251402901326585
361.08655385364506,88.30070417931368,0.08061870781424857,293.28534855265804,310307.07717359165,9.498632097208128E8,101.37398651754769,28.094430626367437
367.569266859929,84.28247600238674,0.07954555701054905,293.2785472133942,314645.98649368255,9.768870081696573E8,101.34553905298289,36.20123892296147
374.0530808559466,80.26255369983207,0.0767853218219071,293.27319738315333,304967.9712173142,9.19814795254433E8,101.11457274971978,44.416643046699086
380.5390075559391,76.24360701653926,0.07237620535409083,293.26888886303965,284320.54020677024,8.033465926338359E8,100.62727600358907,46.07947309957024
387.0303985794385,72.22992510660194,0.06654386042291183,293.26499047612623,260021.21203564052,6.745774727433888E8,100.22728877064036,40.2595392459828
393.5185047414381,68.2215350415864,0.05948691462378686,293.260870744286,237583.80110926603,5.641225023780341E8,100.05995101974537,32.03268829516366
399.99999999999983,64.21493353846154,0.05129541309731381,293.25608662049666,218504.116608702,4.773541733537286E8,100.01808265161527,25.46676822371738
271.99999999999994,195.74279395938478,0.4023823748111713,293.2261105390152,996789.2553120716,9.804960431578846E8,1013.3969775208187,37.174421254486454
268,202.22066397969235,0.40903176480896514,293.1918157887583,1265175.6395421673,1.1604244346300795E9,1379.405383180783,34.6155943912459
263.9999999999999,208.69853399999997,0.415863388806006,293.15,1533948.2798599123,1.7675283610118353E9,1331.2361242620068,30.246086564520052
276,189.26492393907714,0.3932592442484349,293.2561733622877,806299.2084859972,1.2028982215852625E9,540.5242091016313,36.53088092152151
279.9993983692583,182.78684773947842,0.3767587140099891,293.28423765152934,700453.6278865486,2.0588632073398783E9,238.3667768425687,31.966836423847838
283.9963540127984,176.30815837531347,0.34612761498895267,293.3107475358745,672548.9176915606,3.4251943445150375E9,132.06518222326085,26.589752209506795
287.9859102978243,169.82854240772133,0.30361846050348423,293.3329621082873,635371.519527903,3.8505982138605056E9,104.8446593429576,23.63930484182937
291.96021751222935,163.3481182038962,0.25849863735888107,293.3476593027358,620443.7663386761,3.829970673267212E9,100.51035039057594,23.925781316062356
295.90829476602,156.87039129362472,0.21460070012530028,293.3549660597618,624554.450957583,3.8795204056132054E9,100.54618234357109,26.04737816591319
299.82393957498647,150.3952359265432,0.1729779149903519,293.35736363893824,637314.6783330493,3.9400107709266396E9,103.09097394251451,27.990479200180065
303.71128083182646,143.91915927995248,0.1357773201323169,293.35660333696086,648917.9353285708,3.7160132422729535E9,113.32404865330226,28.80862000818126
307.58377299571333,137.43489024854043,0.10711110092845257,293.35321943648233,662975.5788571689,2.9166830562236633E9,150.73046636545234,29.52869885536322
311.05007945629166,130.9534679268974,0.08852256093241839,293.34809758749117,634237.1329604734,1.7889664899420226E9,225.03105945633305,30.99230565001883
315.5854230828433,124.09467579911802,0.07842136057939976,293.34089256665067,543025.5550551509,9.75351924336951E8,302.49530346734224,32.75154701556798
322.4655816842812,120.13567471737468,0.0791686815271584,293.3340398185607,444163.75137791416,8.794129931415828E8,224.48353740153263,31.030952812396865
328.8509840880977,116.27875187183153,0.0818066393144094,293.3279752910289,352717.00739678444,7.99148055653838E8,155.74958698929228,29.62055798879999
335.2333022357842,112.36013780709126,0.08607997479692366,293.32229432550645,284439.9979844596,6.955650277628838E8,116.33372149493631,28.16067797354398
341.67225740759244,108.38063224762966,0.09080975914928757,293.3167013380435,261150.68260759875,6.525924031433244E8,104.51531911600567,26.442034256635285
348.1395068297175,104.37190810156069,0.09504991447919743,293.3107225963608,266599.01270088984,6.973947628299654E8,101.91837933609044,24.2195262088001
354.60947046548426,100.35383362068075,0.09854507803398205,293.30403513311416,291583.4670516379,8.229337646864766E8,103.31772249420987,23.51521408353756
361.08830710915794,96.32978923532418,0.1009336505345007,293.29690511711215,324070.6788347469,9.780011697413588E8,107.38874516611394,25.254682247052212
367.56972849160525,92.30883147001474,0.10147950886825492,293.29005930391173,344942.29220291117,1.078866970032054E9,110.2896793349445,29.571478264687034
374.05504946821975,88.29321130412512,0.09954778404413513,293.2840574193845,344014.9031641031,1.0857530637817261E9,109.0037056541179,34.79979399746315
380.54066180460967,84.2769427550018,0.09498629860486046,293.2790408747797,324407.8208147437,1.0015480336790805E9,105.08428119492352,37.72328967103163
387.0278336588488,80.26243053307583,0.08816455122263596,293.27473240998285,299651.06240470806,8.767513282416052E8,102.41992876563222,35.970871900925715
393.51512881769895,76.25086321467475,0.0797727200765434,293.2706112484657,273744.61275400076,7.436962706489424E8,100.76342503236008,30.762033441125272
399.99999999999983,72.24180023076924,0.07020540267764981,293.2660784144478,253279.086106515,6.40559020326588E8,100.14764460238432,25.39054658456997
279.99999999999994,195.74279395938476,0.3996168071009157,293.2255214751637,557363.6180874849,7.283284315834714E8,426.54500482366524,31.40390386172596
276,202.22066397969235,0.4081780886910786,293.19129242751256,730671.5623650411,7.718481360759608E8,691.7001591849299,30.23973804436642
271.99999999999994,208.69853399999997,0.415863388806006,293.15,1000446.2533657259,1.238686528777331E9,808.028773363605,27.364829148520055
283.99999999999994,189.26492393907714,0.38611660272152615,293.25591614184356,536436.4332988267,1.2401995346597698E9,232.0825126476145,30.000814460817164
287.99777011139605,182.78635485944812,0.3622023610333367,293.2840843952999,542387.8440897627,2.166341025188489E9,135.80566269397195,26.87526610362744
291.98976190233924,176.306358827707,0.32743224176208713,293.3089316143642,541484.5104517055,2.7550358745204153E9,106.43078152582335,24.98230249528487
295.97146421045636,169.82439076597302,0.2881047505952618,293.3272914840458,545502.6279541533,2.9546767527393184E9,100.71438996098789,26.622140650750236
299.94294440396675,163.3388806495444,0.24848690996790437,293.3380348299895,553940.9653936522,3.0658156793705716E9,100.08843747461499,31.85274823752685
303.85418669660316,156.85364275780444,0.21018389342533017,293.3435481455967,561579.9545447155,3.142859238921263E9,100.3465055743178,37.65109641775416
307.71147139134064,150.36704059440788,0.17424489680424335,293.3462926445972,565449.2088946445,3.1431854424011846E9,101.72429579409857,38.318827513324464
311.5397866483319,143.86275091509114,0.14230278926388315,293.3471103542716,562473.9695287822,2.9718701722473564E9,106.46468095987903,33.70333089138554
315.31234931967083,137.37419220837884,0.11683344493064472,293.34560066362525,548806.2007631466,2.5015649483132415E9,120.41415734960113,29.39770147944398
317.60380230596957,131.596281194222,0.09885181784552119,293.34300587478907,533755.4359965917,1.9189476519825108E9,148.49201213492248,28.17462491716418
322.9488471146776,128.13788445391964,0.09731684321892818,293.33746413364815,457578.348480571,1.535172366073842E9,136.40632356736037,27.99277699592717
329.13303447060434,124.18169547952039,0.09823890854926666,293.33127698626146,372053.09011814184,1.1646931600485327E9,118.86668294201682,30.15090556104033
335.39386615896416,120.29590674900065,0.10127019497756516,293.32582825443046,308145.6219933664,8.860788862411971E8,107.17536675459066,34.010559720585086
341.74947914322274,116.36197440620433,0.10525679044553692,293.32110836322096,271789.4180265803,7.185461062825826E8,102.81135543096319,36.3315317227624
348.17657569599805,112.37957482772968,0.10974609249550556,293.3165746137965,264662.25739437947,6.776174063319747E8,103.37691399239993,34.00487957206701
354.62126941844275,108.37919935336453,0.11442092188022047,293.3115594204212,285486.7456993697,7.42582665461111E8,109.76356832281435,29.477770804504505
361.0924767842904,104.35900197910769,0.11848333909011764,293.3057906746992,328106.9511591232,8.544009958675252E8,126.01047753148204,27.52404651585562
367.572833168866,100.33800007262307,0.12075545624365085,293.29981544989187,370721.1431841587,9.414775838226012E8,146.00245074896654,29.421899030614338
374.0564810657313,96.3218030018081,0.12050964201100388,293.29421183793556,392026.52522463794,9.990508816948152E8,153.8631588728825,32.25154392850612
380.54151593156803,92.30683016572624,0.11741157643153079,293.28913027755783,382479.89572384424,1.028692475630918E9,142.23954425279314,33.43267737828338
387.0276345174303,88.2926893957053,0.11120253174048278,293.28455107933513,348283.53607557196,1.0010675953268281E9,121.17913964736148,31.733582142585224
393.514100011963,84.27988740453702,0.102307289960628,293.28028252492146,311142.87574714003,9.065626339135152E8,106.80081135321109,28.248229992409083
399.9999999999999,80.26866692307692,0.0916797757388013,293.2758109503412,288119.6994238685,8.149870306203781E8,101.86811224751291,24.421782804412413
288,195.74279395938473,0.3939519612655014,293.2248864401219,369081.8902428903,7.385467528991847E8,184.47588495887524,25.909351458141945
283.99999999999994,202.22066397969235,0.4063765170146822,293.19029065943,382685.072661848,5.2794217030822945E8,277.4096453143063,25.513250064425804
279.99999999999994,208.69853399999997,0.415863388806006,293.15,497546.62699580216,7.010470644740912E8,353.12461602200324,24.067295683300035
291.99999999999994,189.26492393907714,0.37424567468335873,293.25606961429656,404803.5077176697,1.2957861670606368E9,126.46401326418099,25.31938635846559
295.9929314948655,182.78507201840037,0.3460391528673021,293.2840394031894,440690.1873689687,1.8451157055021565E9,105.2596766573209,25.110477415047423
299.97776498606197,176.30392171764345,0.31269414509949184,293.3065730713972,470436.6822969723,2.198325396369539E9,100.67604566529907,28.121078708567428
303.9510540652212,169.82112382822595,0.2776467976171563,293.321470030508,491515.4366502241,2.41397757710848E9,100.08041023604352,37.26909189120477
307.89569856817707,163.33434610665847,0.24278732715674237,293.3299695169075,502337.9459050808,2.5228030333094463E9,100.02635554347307,49.381663921553525
311.74149628725223,156.85471946572216,0.2093694911618811,293.33494769445366,504529.49101993797,2.541566496660956E9,100.15606863203728,54.70976452574724
315.58542363369673,150.34652095807564,0.17831908330544197,293.3379910262535,496777.03567444,2.4521628058317113E9,100.64177724815335,49.168486552288364
319.2990743099561,143.76295733406525,0.15065816967970455,293.3394455361865,479825.23542933614,2.2535442225650907E9,102.16826419126363,37.29875905115051
323.14696193133597,136.50929469306223,0.12580654631838273,293.33833881773154,451912.64366386743,1.9055935957388623E9,107.18174354277016,29.758892757431063
329.6537087649928,131.91951171654873,0.1208768514750455,293.3324533071456,377644.86990327766,1.3642437686657438E9,104.54414028791656,32.033350439133805
335.6648371065517,128.15723812427743,0.12031073907875767,293.3273933226191,317542.8537257541,9.871250726676344E8,102.1521867708682,40.88973046399667
341.9103304691872,124.2898188892232,0.12134547747039288,293.3231532253927,270791.28951773414,7.223893056463848E8,101.51071392543575,50.67986069488084
348.2552430979156,120.36362121911758,0.1238169790106617,293.31951663195156,247849.39704780688,5.863120798565937E8,104.77892630694032,51.99422648184393
354.6541381198856,116.39655050131489,0.1275716407160733,293.3158444002715,257848.1041579879,5.59697054921573E8,118.79995971732195,44.673610314858486
361.1039270195345,112.38986281356917,0.13145152051513923,293.3115335519546,311365.47388007795,5.897770699763695E8,164.4424484604401,36.01709462152484
367.5776366588274,108.36898742198144,0.13389607693424874,293.3066304844808,376269.33018971584,5.951516359044567E8,237.97095580837458,33.46973721243439
374.0587104551618,104.35055738454277,0.13448665495742276,293.3018437354287,414384.0914596401,5.925536961464869E8,289.8472856944987,34.8308413597593
380.54241379483614,100.33519121285252,0.1332779512945871,293.2974491960163,431693.856021341,6.452081551545852E8,288.92225491140493,34.570965157055184
387.02781222661105,96.32123778059065,0.1298991431690084,293.2933084866159,407130.1693412687,7.312283456266793E8,226.79146707096606,31.18072251848474
393.51392730588736,92.30802055513425,0.1235813924843319,293.28928599975467,357959.8265915148,8.189951967123928E8,156.53226332954497,26.911084189881
399.9999999999999,88.29553361538461,0.11410790843329723,293.2851229300424,314844.2965212755,8.521762689770738E8,116.33363083237403,23.389507489636117
295.99852511767705,195.74207785827193,0.38567491473497767,293.2248476767166,306684.91054764,8.367789978554306E8,112.40412523983082,23.090419443087935
291.99999999999994,202.22066397969235,0.40308924464485857,293.1894333303225,268888.1249236476,5.334512192087705E8,135.5457439999116,22.543049935874237
287.99999999999994,208.69853399999994,0.415863388806006,293.15,290171.93394965865,5.0883243935252815E8,165.482324415601,21.832006694380027
299.99436308784686,189.26297619663058,0.3621517978597068,293.25682484222665,360595.314829397,1.265395683518977E9,102.76038717851854,24.101678914296414
303.98260787290246,182.7825903188713,0.33386286952367045,293.2841544314778,407906.2577414967,1.6544275361733615E9,100.57521092273468,27.692719394525877
307.9622549328729,176.30193270384817,0.30302791479531305,293.3042878255903,438539.2229756803,1.9218341526496866E9,100.07212682648577,37.16560520467771
311.914858739892,169.82265007045234,0.27141578828922513,293.3168040528229,455561.8211119594,2.0752767634700327E9,100.00608739743564,53.12041778449156
315.76986272029785,163.3505071418263,0.2403422073241783,293.32425084213514,460868.4968276648,2.1238656910123386E9,100.00770855726888,67.09471934649319
319.59584055046264,156.88537392512626,0.21081109877242343,293.3289623769578,454964.4709243322,2.069012616842406E9,100.04551815334308,66.29136092893187
323.3129074633825,150.45792385924258,0.18391807921257278,293.3319506113496,438189.92893141863,1.9168069709015048E9,100.17291067338773,52.04020231484565
326.89701686331864,144.02706137054108,0.16030914462864157,293.3331045885922,411568.20044072275,1.6860644607557201E9,100.46500058612743,38.482926894666896
330.20086847824535,138.55004363664165,0.14377529140104717,293.33192318145194,377898.03557710187,1.4156264645379772E9,100.87949866258677,34.81668337606197
335.85670811092683,136.02447349833943,0.14273876413175557,293.3277892842553,328318.374736945,1.0727723382365546E9,100.48096562826619,43.237647350315676
342.0713110136247,132.20448820567063,0.13966061479536188,293.3239422386859,274029.3023007338,7.447170377946101E8,100.83361712235704,58.82373947271077
348.3698826010543,128.3215371815892,0.13830421629350756,293.3207878616168,229658.45271604994,5.032273843258546E8,104.81455776562167,69.98081089746375
354.71605125583756,124.39642569392402,0.13886560136685303,293.31790569335743,214486.97017021067,3.706708057021416E8,124.12737550393526,65.90089451808738
361.13204924119236,120.41415600742842,0.1405507525974994,293.3147523605059,259743.2808454346,3.363684750766796E8,200.62835206471985,50.62369805430205
367.58765131403237,116.40185597048969,0.14177760777605516,293.3109873266619,346559.40519465227,3.280355091426251E8,366.15071365388434,40.33407736155825
374.0629638565465,112.38080974947177,0.14205444134365378,293.3069891220568,441538.3334910457,3.422415501209828E8,569.659618974832,38.52040401644576
380.54400464308884,108.36369739528921,0.14149023260855734,293.3033163864953,492222.7037072256,3.636564257019493E8,666.2820350502916,38.59582273966095
387.0282170925672,104.3490117769748,0.13999940356085938,293.2999335859752,455154.57056811725,3.789703970017588E8,546.7382750478572,34.51053781655156
393.5139461089061,100.33547753569155,0.137094332427142,293.29661069980665,393682.4393747712,4.3939457645918053E8,352.793306208135,28.360575313554364
399.9999999999999,96.32240030769229,0.13183956241784472,293.2931672511714,325136.0799192456,5.3479655721080333E8,197.75783066875738,23.56872626628807
303.9951228477717,195.74053761749602,0.37829440521351754,293.2256799969063,320985.8217921488,1.0165953112588791E9,101.35094819741107,22.787363770604983
299.9991723395159,202.22018177351313,0.3991681741161452,293.18941402570687,273597.5121291633,7.218710269291339E8,103.69752162217777,21.473574664614244
295.99999999999994,208.69853399999997,0.415863388806006,293.15,251192.00404482972,5.756470047705909E8,109.6128223076001,20.793197238580007
307.98400873958974,189.25958976239494,0.3535216716967638,293.25789518997414,365243.79755831184,1.3301434298986256E9,100.29505177110708,25.453796808867363
311.9636258907257,182.77787159643174,0.3260257907738025,293.28398708478676,398924.8721206352,1.5908385080608485E9,100.03849410608603,32.27203153832105
315.9367783731006,176.2974004878279,0.2971244660251053,293.3019819806705,419926.57717462815,1.763359991428539E9,100.00313219427646,46.15562943355365
319.80735411137636,169.8342788641254,0.268078235590767,293.31307711106933,429081.5723011457,1.8411284683307674E9,100.00041457074803,63.31447752908945
323.61505721789297,163.3905146592034,0.23982328921275034,293.31998910204476,427067.81370016857,1.8238581824567125E9,100.00186185818005,69.87739958237574
327.30546012356,156.9915877144831,0.21330693342963647,293.3245430712603,414226.84504352434,1.7156837891619723E9,100.01015851470915,60.83907482455239
330.919513304105,150.70795261524947,0.18954913735615445,293.3272006496605,390666.27338097425,1.5257470062969863E9,100.03053956696823,46.85476374409887
335.25273711796,144.12734239957382,0.16832110307474538,293.3273175895038,351420.8949430375,1.2341346722646956E9,100.06810577215084,40.990966824045294
342.1642980292104,140.13226156925532,0.16079611811858063,293.3238883721763,294588.0297019438,8.644714237184442E8,100.38755825227481,54.25205658061332
348.4790339337992,136.28644782568995,0.15481801135218057,293.3211400771417,239968.2893294683,5.578858310966207E8,103.22119571683622,70.95724933934706
354.8197668710877,132.36208633903806,0.15047524084442487,293.3187222226754,195307.1090277815,3.1882389449981636E8,119.65098104244395,76.72958578050385
361.1790719001103,128.42698395438825,0.14825913771310598,293.3163019235799,210042.57294815546,2.1736125149072418E8,202.97876207046522,64.95241751009928
367.61092056583584,124.42948459292545,0.14732672746120087,293.31350676753885,300607.23228913214,2.0559312244802526E8,439.6322031583582,49.02935013282269
374.07184564104773,120.41302397044632,0.14669983031587375,293.3103407413768,432795.7780087511,2.2578993907203797E8,829.675753279413,41.516310150460235
380.54756216627953,116.39343134760179,0.14599214930871465,293.30727391464643,546026.4586789649,2.503426704292693E8,1191.0620574969037,40.91808337101136
387.02927956282224,112.37716560806945,0.145026273936551,293.3045302385988,557412.2180379311,2.5795995264570507E8,1204.6633120573645,38.45357118198465
393.51408895205594,108.36271868403185,0.14356779186533056,293.3019523457021,461311.35884812946,2.4822187136633787E8,857.5389870824503,32.095574557923385
399.99999999999983,104.34926699999998,0.14116302852900459,293.29935816983226,326540.6450738148,2.400560375801011E8,444.3679110070027,25.423893161200112
311.98784059292103,195.7375452371517,0.3732127852965606,293.22657374735803,345293.25204775314,1.191209810198373E9,100.0903613957888,23.26455108696662
307.9972540701771,202.219171134081,0.3960181879976579,293.18998541035995,312611.7383176048,9.734201989777817E8,100.39474532831288,21.514335805029834
303.9999999999999,208.69853399999997,0.415863388806006,293.15,285914.64090479637,8.090175852096382E8,101.04506646040004,20.5914628373
315.967745089836,189.25414636752302,0.347977685332808,293.25818330240924,374455.37270113843,1.4020099919451306E9,100.01270440302352,26.816418031877458
319.9366007396199,182.76974671579555,0.32113413330499435,293.28268722301647,395520.43507442996,1.5643662923681843E9,100.00117339827968,34.979889140787115
323.8652836397331,176.29089984593296,0.29359587942484583,293.2991869904506,407020.5271943356,1.656673088638898E9,100.00015093191949,46.994455075854425
327.6813891908224,169.8502913526975,0.26633051278910735,293.30960740241903,408732.21810596954,1.670635911875972E9,100.0000601328954,56.46674694036859
331.34597871818,163.42079349771652,0.2399419825962866,293.3164362637346,400620.62880031136,1.6049779549996302E9,100.00040228027882,55.897187479211105
335.0034338030392,157.08134538637478,0.2154028890485364,293.3208835876819,381789.49871461716,1.4576099767583225E9,100.00255374602239,46.109400542996944
337.3135878971692,151.37432151023432,0.19483622331672942,293.32354833017615,359556.9092453513,1.292567559481326E9,100.01928839397802,41.63500871430517
342.5842800442295,147.9719924527727,0.18486639503839777,293.32236563571456,324392.4196250309,1.0507595649120995E9,100.14757967268105,43.33590631578327
348.7424830316601,144.17733641601683,0.17466139042695186,293.32050278067544,279560.1313979568,7.704587719830079E8,101.4382534510264,55.637812062115735
354.9614578110747,140.29294672579786,0.16508909232253885,293.3186358660469,236271.31460465843,5.0397710434555835E8,110.76903678736197,67.30294520309575
361.24800575040825,136.41966823123653,0.1574834825985133,293.3167422765608,230020.334786793,3.1420049903237134E8,168.40540842635224,64.95073336996052
367.64714967105607,132.44998250675437,0.15294207908106314,293.31463826052055,285348.7160446946,2.184583980583991E8,372.7513776353126,53.6590662729546
374.08949543600664,128.4426836469378,0.15066289071898709,293.3122615834182,420309.71119915537,2.1042774105529794E8,839.5988415986925,44.12124591066554
380.55534076007274,124.42429973159841,0.14930294706732775,293.309832812404,581764.692528966,2.273275976764121E8,1488.88169935089,41.40812450627808
387.031966289152,120.40639230962834,0.14822252226024615,293.3076231607431,633464.767006832,2.210916531811571E8,1815.0740245623495,40.227253667513416
393.5146596625494,116.39038001416861,0.1471123908458393,293.30563990296656,547739.9461638741,1.924475081236205E8,1559.1292188606976,35.407746453230125
399.9999999999999,112.37613369230768,0.14569526376151967,293.303777328388,385761.2391941771,1.5644411325852647E8,951.41381916335,28.37713738996628
319.97492305482257,195.73280593257186,0.36990176903263955,293.22639091280695,363777.9906951403,1.3233160287171116E9,100.00263576526699,23.44369676417079
315.99309904371825,202.21729753811155,0.3938595053394594,293.1903322821676,342780.43759652454,1.174786755023506E9,100.01698506731215,21.64943940422398
311.99999999999994,208.69853399999997,0.415863388806006,293.15,323522.5541580449,1.0459380622195231E9,100.06983288739998,20.640740816520005
323.9495250202194,189.24634321128553,0.34442465991458365,293.2566760899328,381589.06015556486,1.4561037472109213E9,100.00056123385458,26.537162722039223
327.8808671863377,182.76197189486066,0.3180267971164188,293.279701034678,393397.54375718156,1.5476260374761028E9,100.00005398529801,32.25356294199502
331.7438796820028,176.2869358024103,0.29135047619620763,293.29545334008685,397837.2855221915,1.5827551589787686E9,100.00000675698446,38.671527511195706
335.4338102145072,169.8622199524998,0.26515976289865084,293.30587102241947,394225.5814015308,1.554146944955941E9,100.00006719545115,41.057111816190236
339.03672175925857,163.34880192104058,0.2394414413430467,293.3130865386966,381560.98219169397,1.455877234824343E9,100.00150149845119,38.013758647725574
342.8254598792923,156.21724395907313,0.21293086626255756,293.3181647765895,355571.2483701949,1.2638909223787549E9,100.0344467837588,35.30594103483936
349.207114310085,151.80344886248253,0.19743479371166184,293.3181328866612,323322.7733840034,1.0402629876332916E9,100.4924546014347,38.45583015875979
355.19077645640533,148.0851025678805,0.18433022431785673,293.31726569062107,298093.8036682168,8.531095513039454E8,104.16101569335994,46.34419378754154
361.37998378371867,144.32788105329772,0.17139900111296044,293.3160581283618,296738.46931630274,6.78460068804274E8,129.79122501101145,50.99555009356621
367.6843608334677,140.46811588669578,0.16126002596345623,293.3145926453922,337838.55443640193,4.654359588083074E8,245.24545813886292,49.02599528971417
374.1192887244793,136.46348616339552,0.15561138149503265,293.3128997534823,433281.3132097579,3.218780653479243E8,583.2749266216555,44.140681549476874
380.5687154231685,132.45403944451263,0.15277723150977565,293.31115267488167,575678.4186565224,2.739245700539764E8,1209.99815916294,41.473082623065686
387.0378037787188,128.4362706844878,0.15107944760343348,293.3095131587383,670275.6579321591,2.4473009692625466E8,1835.9030711972562,40.08016792518277
393.5161829878661,124.41888680610657,0.14979793593252902,293.3080498580491,623503.8189490482,1.9865637632696047E8,1956.9497241088786,36.72454907835192
399.99999999999983,120.40300038461534,0.14857549424897634,293.30676631438473,444797.96993616456,1.391548115247265E8,1421.835533816423,30.616927717990905
327.9543531651041,195.7259226857307,0.3677138086232772,293.22454797699834,376324.3702216794,1.4162019027451804E9,100.00012364935718,22.753292653688103
323.98554283281936,202.21423291169492,0.3924280577126138,293.18985761889184,363290.4645682581,1.319791107830087E9,100.00073816362715,21.52903818436957
319.99999999999994,208.69853399999997,0.415863388806006,293.15,350697.03970314766,1.229859923501671E9,100.001974368,20.673133836300003
331.91267730531155,189.23809409900116,0.342043941100975,293.253113259338,386746.6650689913,1.4957343987081795E9,100.00001151843344,24.465063036902123
335.80932472035323,182.75606825729648,0.31584420165070476,293.2749210511899,392575.2945590459,1.5411586977000504E9,100.00000165336884,26.90325572517845
339.48963776672224,176.31464805887126,0.2897011517864909,293.29049478951043,392689.1617365901,1.5420521579479878E9,100.00003381656921,28.621689131748905
343.05516126912744,169.9315983029491,0.2640557758122934,293.30141774865405,386291.04832511494,1.4921983665790184E9,100.00094298505337,28.62572371097153
346.55576829401616,163.57949417905616,0.23917734912512226,293.30920917234994,372217.58714691823,1.3852233760333424E9,100.01733531985907,27.548733683243814
349.8405902500153,158.22265372557115,0.21890831555452955,293.31358930653545,353117.163010578,1.245160520562325E9,100.14161257971716,28.93952471299329
355.36002648325206,155.7242125785815,0.20801329775342062,293.3133894414193,346169.13534682605,1.1852723055033307E9,101.10410155957636,30.748299514404724
361.49501699118406,152.1793808029051,0.19222280254745175,293.3133900139205,353915.9508618407,1.1481361129509506E9,109.09816524127591,34.754955816435455
367.7881146278054,148.3780741359239,0.1759537173635802,293.31296822442863,390115.177259518,1.0120390530108296E9,150.4040466613577,37.906793325626786
374.1570231453057,144.46732893393116,0.16420626452139686,293.3121550131311,454912.96804394695,6.84061145860077E8,302.5712247065139,39.722669833235386
380.5914952711975,140.47611203321716,0.15793479724305626,293.3111797105152,566753.3129283722,4.66723806795778E8,688.3207635371464,40.15870005738981
387.0472881727717,136.46605614929615,0.1546624310130474,293.31021688243464,650915.7281182047,3.443475317798106E8,1230.752349940691,38.98904251511601
393.51943098040323,132.44786703796908,0.15266341787545998,293.309331965509,624080.9110580124,2.460664908039736E8,1583.149895150949,35.77867496214258
399.9999999999999,128.42986707692307,0.15117441870542184,293.30859074380885,479892.8327063925,1.601714391491647E8,1437.951938059857,30.838702757609116
335.922905905296,195.7140591858932,0.3661541594092936,293.2213215713409,385401.0751682993,1.4853413644308445E9,100.00000146171054,21.617791783197422
331.9739579766953,202.2088478914479,0.39144622463651935,293.1884889808468,377252.3016439143,1.4231933844259024E9,100.00001521065202,21.082506166539673
327.99999999999994,208.69853399999997,0.415863388806006,293.15,368978.0056479811,1.3614464442652767E9,100.00009415139999,20.560694136540004
339.8516688406657,189.22474850144715,0.3402321651797557,293.2481092506427,391450.1814509939,1.5323343909091454E9,100.00000027532009,22.079882696558375
343.6149065544944,182.74982946329132,0.3140002768931964,293.26897135366045,394053.10168877296,1.5527801985804074E9,100.000013983426,22.70249606521642
347.0896590357606,176.31337040808197,0.2878515205572794,293.2847772025552,392449.67650495,1.5401618975549412E9,100.00047320063995,23.001895123004974
350.3774610687173,170.01655770868774,0.26241409569011337,293.29655711912125,386169.40665587346,1.491160907663586E9,100.00724271302904,22.766318632412652
354.764550532431,163.68407782826077,0.2366979567783449,293.3049044027839,375918.5758511434,1.4113647384841664E9,100.1277855443842,23.388987312789347
361.5354414798955,159.91880980960852,0.2186682372926678,293.30680195430836,383567.83930566465,1.4469896777716691E9,101.67894519015937,25.094860951233922
367.8834290965126,156.25073959149037,0.19972385979082008,293.3082485002919,417924.7971349947,1.5565216280445473E9,112.21533973552256,28.232395514375586
374.22181074802916,152.43165716210083,0.18122313747831098,293.30914191663595,478723.91200852586,1.4455229683912551E9,158.58370261705454,32.05193224530459
380.6100556126441,148.50201505264303,0.16810826054419473,293.309470755992,538112.1285836467,9.76655030116293E8,296.5501753867148,35.5467572966875
387.05997600427145,144.49558440339658,0.1608728620177471,293.3094830845841,592995.6088011278,6.161163147866883E8,570.9067055829302,36.233171282800576
393.52414931350773,140.47792723676125,0.15691966676541813,293.3093682501412,592263.54274196,3.9672798261199903E8,884.5610187397987,33.55069090185315
399.99999999999983,136.45673376923074,0.15445535815528813,293.30927428142087,471983.3645798832,2.292958223963982E8,971.9387618969295,29.23679450857182
343.8682358307085,195.68644517330912,0.3648462905888193,293.21759297809217,393094.28685984825,1.5452316889366286E9,100.00000007757353,20.731424968424168
339.9636409231147,202.19835618683024,0.39069697524343455,293.186623436294,387635.9581429675,1.502616604086789E9,100.00000012423244,20.55225428388584
335.99999999999994,208.69853399999997,0.415863388806006,293.15,381797.67111487384,1.457694618367361E9,100.00000111059997,20.349746364759998
347.74017275720144,189.17272603518984,0.3384702717987036,293.242851361311,397062.2831203761,1.5765850422931821E9,100.0000024531429,20.924794879198533
351.3772447024592,182.66678273159576,0.3117904969192868,293.2630147758636,398772.01231303206,1.5901892670054035E9,100.00014602526797,21.102889901459733
354.28932206314164,176.12765160432562,0.2849602027544544,293.2796780078383,397389.7137390876,1.5791383506084454E9,100.00302893759205,21.18029937340185
356.5103052178268,170.46315392945274,0.26181590854809234,293.2916133483225,393448.5716796472,1.5474997304429693E9,100.03362909706334,21.447081313213406
361.724112019315,167.51066575410073,0.24761290694030902,293.29460455143084,400262.1435998814,1.5980066036521728E9,100.25708172302934,21.839287903831153
367.98551375667876,164.16378230231265,0.2299963113996575,293.29784857898744,420518.9787168013,1.7407110726324053E9,101.59066188123997,23.023181755696005
374.2812807520983,160.4189741212425,0.2094371833862236,293.30149795263065,464042.9794323997,1.9506721389372041E9,110.39386748309711,25.696872457660152
380.6355745072933,156.53038402686076,0.18939408453066256,293.3044455175528,526863.4795354692,1.9061549831384475E9,145.65864497428194,28.94487954522762
387.07783773730375,152.52480720583793,0.17437263529291672,293.3064145657372,569264.2400358579,1.3906376299368002E9,233.16941474910757,30.853799142714024
393.52722471920754,148.51404208417495,0.16546824993694445,293.30763728141847,543577.8635927662,8.182000801732196E8,361.21396737159745,29.968058402314977
399.99999999999983,144.48360046153843,0.1602153701474799,293.3085262352775,447633.9956852777,4.328252812534266E8,463.2395988047203,26.88501511522428
351.7901693337467,195.63029746639324,0.3635249080855952,293.21415755383504,400797.12541211775,1.6063834206360958E9,100.00000052628467,20.797707259814473
347.92975405865633,202.17682286692886,0.3900192972041325,293.18482142465655,396455.25876037445,1.5717677840012836E9,100.00000001095316,20.38384099182505
343.9999999999999,208.69853399999997,0.415863388806006,293.15,391794.3846929928,1.5350284043311412E9,100.000000021,20.18338402132
355.60720779672926,189.05202175412165,0.3364020730419417,293.2381011804551,404435.00652774033,1.635676481279379E9,100.00001812383783,21.396555696538936
358.9817553277202,182.32920217073942,0.3083344705625215,293.25825126003355,406937.32187241595,1.6559636632281399E9,100.00098091821827,21.820502593110422
361.3921816212299,174.9754628535345,0.27766199324476487,293.27752847541046,407175.5571201512,1.65758657498516E9,100.0201554379132,21.557184347293017
368.1344075992547,172.44898209454308,0.26408951992031643,293.27983398058564,422298.3877653838,1.7803142184056003E9,100.17137294994815,22.67877935822976
374.3544924194195,168.4343585739904,0.2433726586302705,293.2867252913583,446080.4875182728,1.9671529240865457E9,101.15716590740874,23.416085013077588
380.68756020427503,164.55411211505708,0.2221669321893642,293.2931127164233,481848.37412912,2.1940499975554986E9,105.82694166077995,24.51016903664203
387.09824732633194,160.55935634757958,0.20142294719383616,293.29863180428293,524519.4131314332,2.2305562991004696E9,123.34541897884651,25.673214938599298
393.5387883353205,156.54468493000343,0.18473810788952516,293.30261987359,538952.9092020026,1.8100752712433722E9,160.54809831797107,25.715498228313976
399.99999999999994,152.51046715384615,0.17309194697500538,293.30543341293657,475204.74424472795,1.113793415206864E9,202.8569194702171,24.25797390436743
359.7099543556224,195.54853260791648,0.3620906796327353,293.21131579388924,409168.9384676588,1.674192190237456E9,100.00000305627269,22.615549451066716
355.8826303996479,202.1446490819189,0.3893317653685022,293.1834503581959,404900.2271379905,1.6394419417693253E9,100.00000006380338,21.08526179073908
351.99999999999994,208.69853399999997,0.415863388806006,293.15,400646.83600988827,1.6051788727791278E9,100.0000000004,20.326142202659998
363.5115694019066,188.80936684351238,0.33370816977546797,293.23422822731914,413714.6954611075,1.7115972203941555E9,100.00010311798407,24.679004885567398
367.6280071226074,181.2820851845651,0.3012763474898535,293.2555322134021,420232.6871647517,1.7658311403593478E9,100.00711968033035,25.18187722631765
374.29831596567226,176.44500193755613,0.27818787654353283,293.26598849749445,435786.16873974726,1.8972259880794628E9,100.09860946500368,26.082026297774522
380.7403611970749,172.57431565983066,0.2583296086895092,293.2744619550037,457356.2112286589,2.0787301889985635E9,100.62693710043386,25.50618416942362
387.14178208460265,168.5827718947469,0.23750041119860257,293.2834750299942,481939.00085395464,2.2670431853521914E9,102.457953581121,23.986137989459152
393.559062551629,164.56940288632128,0.21736763197524286,293.2914761495742,498073.51289832446,2.303517043203544E9,107.70289066927144,23.007871856012386
399.9999999999999,160.53733384615384,0.19950959630069223,293.29776164217816,492240.1784473884,2.0527295680801888E9,118.04368662553236,22.17218856470183
367.60544530027056,195.54278397956966,0.3609583310546245,293.20885516166885,418062.0142566222,1.7477584583658845E9,100.00001371671016,27.790096118711947
363.85290084617725,202.1129721392602,0.3886475809768238,293.18261894119536,413394.89062435087,1.7089533749426184E9,100.00000033408195,23.790059040811613
359.9999999999999,208.69853399999997,0.415863388806006,293.15,409179.0743637479,1.6742751492227104E9,100.00000000199998,21.178702930099984
371.4521434289382,189.03823491244538,0.33293245481912564,293.22974462668896,424146.3078366704,1.7989959890977354E9,100.00033017585707,31.03182781421773
374.8796434476078,183.17162243750965,0.3070399878197595,293.24628515342863,431723.43986510055,1.8637060967260184E9,100.00783278862708,30.83822294335775
380.96647420990683,180.58192972800464,0.29401445067602716,293.2519503674874,443484.2606777693,1.966078829120733E9,100.03592296111191,31.28840453261651
387.19771909105816,176.61292824649252,0.27454726127157064,293.2623811244966,458416.02083866234,2.0969221898245916E9,100.21626560894354,27.83211129769876
393.5831585336988,172.6042337629614,0.25481393260140606,293.2732014523795,472943.40114321094,2.218628865074264E9,100.81834537056791,23.979864231275158
399.9999999999999,168.5642005384615,0.23549978387262574,293.2831159345844,480654.9936548239,2.267161350545484E9,101.90881129899942,21.606049106362548
375.3326681700973,195.63481740145414,0.36032718220869603,293.20689363192554,426490.7588984557,1.81894330021783E9,100.00003504705101,34.6548804581744
371.76110998241774,202.11840384832576,0.38814075047843083,293.18209544937355,421585.2835619389,1.777341558742878E9,100.00000112261831,28.794051835661406
367.99999999999994,208.69853399999997,0.415863388806006,293.15,417487.24537817016,1.74295600337113E9,100.00000000760001,23.552841192479992
379.94031311447634,188.80611706923642,0.3302643868840995,293.2280410405128,434619.6643254703,1.88892859275429E9,100.00081707909887,37.619919982361345
387.19601358917856,184.65361471307693,0.31076416661688944,293.23939105982146,445616.34376688773,1.985583040801706E9,100.00797727642644,34.49146650765031
393.61210887291315,180.6215579372872,0.29177010777204004,293.2510306772098,455381.5008402923,2.0727650132684948E9,100.04632997861948,28.285395115611397
399.99999999999983,176.5910672307692,0.272948675817559,293.26263779632114,463752.2778371438,2.1470750080946388E9,100.16724120622297,23.28252048038709
381.79592879795894,196.16289393825434,0.3618825701963519,293.20428493300153,432412.1559080213,1.8698020320259132E9,100.00005019467963,37.924708261762746
379.4390141271112,202.14140797347588,0.3877859801862958,293.1817118708885,428644.15936184366,1.837358214223336E9,100.00000238015308,33.451488534801825
375.99999999999994,208.69853399999997,0.415863388806006,293.15,425116.6876788284,1.8072419905892239E9,100.00000002019999,26.627346396080004
387.7097118713745,192.67001931173718,0.34610920242076965,293.2153538413914,438701.4168694913,1.9245839855353782E9,100.00033786840737,37.90521581879363
393.74975437534226,188.6291359857036,0.32777124694229093,293.22771920280985,445194.86472225207,1.9819579710444012E9,100.00142387202436,32.83506993550436
399.99999999999983,184.6179339230769,0.309583166984368,293.2397639784545,450912.8813718988,2.033100379210798E9,100.00617337084664,26.10450808106333
387.686625573735,201.554814867332,0.38487188360308827,293.1838296082785,434487.1791202482,1.88779156090395E9,100.00000447948209,33.847171184856535
383.9999999999999,208.69853399999997,0.415863388806006,293.15,431330.95193941105,1.8604639225324621E9,100.00000003619999,28.101425871680018
393.98068017333065,196.56690713334163,0.3628391714759455,293.20235385500865,439246.2949168838,1.9293729109657955E9,100.00005376012486,32.60956861259664
399.99999999999994,192.64480061538458,0.34542469155736194,293.21542774399165,442746.55714777554,1.9602412726595724E9,100.00026074592307,27.65924514665248
394.73538177250265,203.23493848174712,0.39201987211644873,293.1764314072914,436837.39654176915,1.9082693184498634E9,100.000001497955,28.786250731272407
391.99999999999994,208.69853399999997,0.415863388806006,293.15,435402.93214990577,1.8957571439171355E9,100.00000004079999,26.398452066880044
399.9999999999999,200.67166730769227,0.38076322268329726,293.1869819563948,438192.88242766244,1.9201307312871673E9,100.00000458538462,26.22879126265425
399.9999999999999,208.69853399999997,0.415863388806006,293.15,436785.2310851213,1.9078138179836001E9,100.00000002999998,23.259495854000054
